lr,beta,step,next_step,next_lr,kind,layer,tensor,radius,next_radius,delta_norm,relative_delta,radial,tangent,radial_cosine,radial_cross,step_square,radius_square_change,chord,cosine,adaptive_plus_rounding_norm,adaptive_plus_rounding_radial,adaptive_plus_rounding_radial_cosine,decay_radial,identity_error,chord_identity_error
0.028,0.9,9,10,0.028,k,0,blocks.0.attn.k.weight,10.16247388557033,10.167595794581128,0.6336269546106029,0.062349676047904846,-0.014630017940143332,0.6334580334830769,-0.02308932382640547,-0.29735435052426407,0.40148311760910704,0.10412876708491581,0.062331933233081414,0.9980573650496609,0.633567640603328,-0.0117845252521838,-0.01860026380286995,-0.002845492687959693,1.3746231507147499e-16,1.048484216115142e-13
0.028,0.9,9,10,0.028,o,0,blocks.0.attn.o.weight,3.645585394832183,3.8633919558852226,0.6332939786658097,0.17371530497229296,0.16930659094151174,0.6102430185410685,0.26734280862451576,1.234443270370404,0.40106126341437104,1.6355045337849212,0.1584533216458961,0.9874462724296446,0.6335676360808044,0.17032735485206502,0.26883847146248757,-0.0010207639105530113,1.1068164841304297e-14,9.308526172091547e-14
0.028,0.9,9,10,0.028,q,0,blocks.0.attn.q.weight,10.1765734480605,10.178488168225131,0.6336413793277532,0.06226470850544646,-0.017811847598717886,0.6333909816863222,-0.028110297369807104,-0.36252715066802527,0.40150139759637765,0.03897424692901552,0.06225856753910474,0.9980619353839391,0.633567683287109,-0.014962407033261092,-0.02361611462824674,-0.0028494405654569403,5.898235419011943e-15,1.0061656369186878e-13
0.028,0.9,9,10,0.028,v,0,blocks.0.attn.v.weight,10.045040520944207,10.031123143664502,0.6337118727113724,0.06308703995668952,-0.03389723915222559,0.6328046418866395,-0.053489985925613666,-0.680998281664485,0.4015907376153547,-0.27940754404947654,0.06311556257511858,0.9980082128803568,0.6335676513831329,-0.031084627806361356,-0.04906283920667498,-0.0028126113458643784,4.236842602183377e-15,1.1270498423421316e-13
0.028,0.9,9,10,0.028,down,0,blocks.0.mlp.down.weight,5.5339786933752855,5.691032704228362,0.6332647750123399,0.11443209489953762,0.12304969553137587,0.6211948548571006,0.1943100270009146,1.3619087865939004,0.4010242752714295,1.7629330618651444,0.10931669032966729,0.9940249306075666,0.6335676844073485,0.12459920956552047,0.19666282329736087,-0.00154951403414508,1.5356989280432637e-15,2.3446349028954927e-13
0.028,0.9,9,10,0.028,up,0,blocks.0.mlp.up.weight,20.71808729153213,20.845690033694293,1.2667133149028003,0.06114045650442499,0.0892719797709956,1.2635636651075177,0.07047528333421346,3.6990893391667545,1.6045626221520408,5.303651961316461,0.060642987575973646,0.9981612140288114,1.267135359587046,0.09507304421262422,0.07502990386410503,-0.005801064441628996,5.624916695195073e-15,2.3747280183950004e-13
0.028,0.9,9,10,0.028,k,1,blocks.1.attn.k.weight,10.4431556766232,10.501866420763532,0.633377812656845,0.060650040301002975,0.03966858320715436,0.6321343663117628,0.06263020651253257,0.8285303798067876,0.40116745356596945,1.2296978333732937,0.06021987760361019,0.9981867831706468,0.6335676698958217,0.04259266679660864,0.06722670492894975,-0.002924083589454496,4.252077381529872e-15,1.1261521229433136e-13
0.028,0.9,9,10,0.028,o,1,blocks.1.attn.o.weight,3.766234161424786,4.022088156485956,0.6332148930786814,0.1681294539687179,0.21131350452766573,0.5969151561326497,0.333715310295787,1.5917122790449716,0.40096110081664593,1.992673379861536,0.14882185140808007,0.9889260282716961,0.6335675909649342,0.2123680500928647,0.3351939921191748,-0.0010545455651989402,4.1726373246034195e-15,7.92005350191971e-14
0.028,0.9,9,10,0.028,q,1,blocks.1.attn.q.weight,10.493672581816865,10.548821552535735,0.6333930455864178,0.06035952052515372,0.036178236777943684,0.6323589845814979,0.05711814651272115,0.7592851426703723,0.401186750197238,1.160471892867406,0.059972905779937136,0.9982016252861021,0.6335676627029914,0.03911646510085233,0.061739996220718796,-0.0029382283229087225,2.554125915543033e-15,1.0653630755363963e-13
0.028,0.9,9,10,0.028,v,1,blocks.1.attn.v.weight,10.241668121021698,10.267677685103713,0.6335320045033004,0.061858282949330705,0.006447989806588055,0.6334991903368882,0.010177843835440304,0.1320763432936115,0.4013628007299698,0.5334391440246264,0.06172779813757854,0.9980948394684854,0.6335676803788276,0.009315656880473984,0.014703491306412434,-0.0028676670738860756,9.166101410185938e-15,1.154983227114048e-13
0.028,0.9,9,10,0.028,down,1,blocks.1.mlp.down.weight,5.647620924683551,5.817144002451777,0.6332247348344837,0.11212238627187336,0.1365680073169001,0.6183225244025677,0.21567067709791393,1.5425686715305227,0.4009735648062022,1.9435422363371977,0.10644400645335678,0.9943348367449589,0.633567663829901,0.13814934117581168,0.2180498612266641,-0.0015813338589113944,1.784799764065901e-14,2.3988623587545277e-13
0.028,0.9,9,10,0.028,up,1,blocks.1.mlp.up.weight,20.91791385685954,21.06745921379311,1.2666052701724957,0.06055122316880286,0.11173266902717346,1.2616674368077132,0.0882142776904417,4.674428691414825,1.6042889104287408,6.278717601839958,0.059913914044314925,0.9982051614518284,1.2671353736272624,0.11758968490709348,0.09279962295621573,-0.005857015879920671,8.580857105822687e-15,2.3372276336530717e-13
0.028,0.9,9,10,0.028,k,2,blocks.2.attn.k.weight,10.474928577017915,10.550754624609871,0.6332971429275716,0.060458373369440536,0.056956435315347345,0.6307307156912986,0.08993635286597415,1.1932291838596085,0.401065271240225,1.5942944551000267,0.059807372716716926,0.9982115390843019,0.6335676584102637,0.05988941531691214,0.09452726085669454,-0.0029329800015650163,1.0212760341540694e-15,1.1983296299700186e-13
0.028,0.9,9,10,0.028,o,2,blocks.2.attn.o.weight,3.800649598813357,4.061343674539539,0.6332023415844388,0.16660371473922192,0.21688790580548312,0.594899018072234,0.34252543233300836,1.6486298643741573,0.4009452053880163,2.0495750697621933,0.14687496253188617,0.9892138726905821,0.6335676398247579,0.21795208769315066,0.3440076070700758,-0.00106418188766774,2.584651367759358e-15,9.275219481352792e-14
0.028,0.9,9,10,0.028,q,2,blocks.2.attn.q.weight,10.454174656344371,10.518262839030614,0.6333525000755301,0.06058369224692116,0.04509920903488373,0.6317447670510773,0.07120712246261829,0.9429500162273171,0.4011353893519244,1.3440854055794063,0.060088828109630364,0.9981946663681477,0.6335676630592265,0.04802637793866001,0.07580307635456209,-0.0029271689037764243,7.706965441661783e-16,1.1592116155867416e-13
0.028,0.9,9,10,0.028,v,2,blocks.2.attn.v.weight,10.324208325915839,10.364947384396885,0.6334634840264239,0.0613571001309905,0.021385694906133557,0.6331023911251222,0.03375994898743285,0.4415807388108,0.40127598559489547,0.8428567244059053,0.06110963287238138,0.9981328063850489,0.6335676639485232,0.024276473237389837,0.038317096371512864,-0.002890778331256435,1.3227750533178694e-15,1.0503447070431271e-13
0.028,0.9,9,10,0.028,down,2,blocks.2.mlp.down.weight,5.657454871272596,5.8239514171158735,0.6332317640840931,0.11192873447378522,0.13350809292928906,0.6189976221014976,0.21083606430008334,1.5106320213942415,0.4009824670450525,1.911614488439966,0.10643564599260345,0.9943357266309469,0.6335676391228459,0.1350921802932453,0.21322455875473076,-0.001584087363956327,2.346241647222394e-14,2.433227230813628e-13
0.028,0.9,9,10,0.028,up,2,blocks.2.mlp.up.weight,21.012418085774378,21.18361779046627,1.2665005958241655,0.060273909963822744,0.13372866223720548,1.259420662098,0.10558910329622276,5.619925121958939,1.6040237592229662,7.2239488811808314,0.0594788851352508,0.9982311311114085,1.267135333561347,0.1396121393012214,0.11017934359768386,-0.005883477064016826,2.913451298791268e-15,2.5066710859777963e-13
0.028,0.9,9,10,0.028,k,3,blocks.3.attn.k.weight,10.439164269376944,10.518502335726417,0.6332820733459243,0.06066405863577061,0.06043082217442472,0.6303921796411367,0.09542481102479425,1.261694559224653,0.4010461844213127,1.662740743645827,0.05995869341799031,0.9982024775417517,0.6335676780172543,0.06335378816985023,0.0999952970582645,-0.0029229659954255445,1.7982100463885925e-15,1.0398236091613278e-13
0.028,0.9,9,10,0.028,o,3,blocks.3.attn.o.weight,3.8098902225600253,4.0708762418023605,0.6332007629312633,0.16619921466025578,0.21730634811085664,0.5947446151479111,0.34318712299853343,1.655826661935556,0.40094320617673385,2.0567698681124327,0.1464909272345993,0.9892702041189279,0.6335676567176681,0.21837311737317366,0.34467213573448807,-0.0010667692623168071,9.647103159764867e-15,9.1624624554143e-14
0.028,0.9,9,10,0.028,q,3,blocks.3.attn.q.weight,10.308516322300893,10.371516472626986,0.633361825159215,0.06144063853195187,0.04373558449476059,0.6318499823676369,0.06905307954701295,0.9016979732592187,0.40114720156901207,1.3028451748289882,0.06094996772066945,0.9981425507173739,0.6335676824282315,0.04662196906500481,0.07358640656404693,-0.0028863845702442503,6.605499756400457e-15,1.0155288068802726e-13
0.028,0.9,9,10,0.028,v,3,blocks.3.attn.v.weight,10.342463615573168,10.390798145701462,0.633428275091599,0.06124539554945248,0.029050190936472986,0.6327617767312934,0.04586184747163692,0.6009010855718505,0.4012313796855185,1.0021324652581285,0.06092463339680314,0.9981440945226794,0.6335676902804891,0.03194608074883332,0.050422521916624816,-0.0028958898123604875,6.317767224361184e-15,1.0637671299384976e-13
0.028,0.9,9,10,0.028,down,3,blocks.3.mlp.down.weight,5.670613295069036,5.834865332737655,0.633236574506153,0.11166985677841813,0.1312741384580402,0.6194801529219994,0.2073066271644495,1.4888097496777926,0.40098855929228666,1.8897983089699935,0.10631904635076236,0.994348130191421,0.6335676341489623,0.1328619101806594,0.2097043835882269,-0.0015877717226193302,1.043514610137988e-15,2.2246961217664563e-13
0.028,0.9,9,10,0.028,up,3,blocks.3.mlp.up.weight,21.229535121130738,21.428712836720273,1.2663595683240907,0.05965083837674921,0.16234236368533467,1.2559106310718064,0.12819610460256536,6.892905823010383,1.6036665562859773,8.496572379296708,0.05863397897613991,0.9982810282545963,1.2671353141083495,0.16828663351925072,0.13280873135294924,-0.005944269833916607,6.189535030065082e-16,2.3297683227063715e-13
0.028,0.9,9,10,0.028,k,4,blocks.4.attn.k.weight,10.389566333132688,10.461618343050493,0.6333175759906116,0.06095707517367109,0.0529992579919246,0.6310960550589719,0.08368512102166935,1.1012786130278267,0.40109115205862406,1.5023697650863284,0.06035238235326686,0.9981787949720912,0.6335676544841032,0.05590833656520156,0.08824367243104635,-0.002909078573277153,1.6879742117511822e-15,1.0275114092905824e-13
0.028,0.9,9,10,0.028,o,4,blocks.4.attn.o.weight,3.7878071508203224,4.043258428963647,0.6332132182332072,0.1671714511907167,0.2111375616744853,0.5969756358473817,0.333438335768798,1.5994967318347646,0.4009589797452553,2.000455711580006,0.14805338281043504,0.9890400979191472,0.6335676472743994,0.21219814767671513,0.33492579456919724,-0.0010605860022296905,4.3463750860753803e-16,9.247116961041968e-14
0.028,0.9,9,10,0.028,q,4,blocks.4.attn.q.weight,10.280427899249661,10.34214160507641,0.6333685029665053,0.061609157631729805,0.042388290437559976,0.6319484895020174,0.06692516321703104,0.8715395272315783,0.401155660550032,1.2726951877816646,0.06113278436687917,0.9981313913377263,0.6335676581818507,0.0452668102493497,0.07144747631097818,-0.0028785198117899052,1.3286152705792237e-16,1.0000247158137299e-13
0.028,0.9,9,10,0.028,v,4,blocks.4.attn.v.weight,10.374029060423092,10.426947630678168,0.633406395867114,0.06105693286358321,0.03371661482740912,0.6325083811381585,0.05323061946864636,0.6995542840772687,0.40120366232536714,1.1007579464022257,0.06068888105556449,0.9981584298580548,0.6335676561903419,0.036621342964327425,0.057801787396365004,-0.0029047281369184662,4.313400205919378e-15,1.1393013268912178e-13
0.028,0.9,9,10,0.028,down,4,blocks.4.mlp.down.weight,5.671255193340202,5.830714840934139,0.6332489269267723,0.1116593955550442,0.12634732841243762,0.6205163624408456,0.19952237270359907,1.4330958848473938,0.4010042034539086,1.8341000883014047,0.1065734184930096,0.9943210532352378,0.6335676695439572,0.1279352798665731,0.2019283590633043,-0.0015879514541352567,6.6880048251795894e-15,2.3827294304279434e-13
0.028,0.9,9,10,0.028,up,4,blocks.4.mlp.up.weight,21.187510333479104,21.389241507543968,1.2663495072957105,0.05976867915881125,0.16484751988762703,1.2555741196023116,0.13017537333722262,6.985417062134999,1.6036410746280887,8.589058136757956,0.05872652137332991,0.9982755978435662,1.2671354252786917,0.17078002278100135,0.13477645670228205,-0.00593250289337415,1.1430816415419703e-14,2.5536213768551086e-13
0.028,0.9,9,10,0.028,k,5,blocks.5.attn.k.weight,10.330954458208897,10.399328245904465,0.6333364839218566,0.06130474066881713,0.049186783792572034,0.631423599627627,0.07766295648718838,1.0162928466136583,0.4011151018665001,1.417407948480161,0.0607457553202459,0.9981549766052332,0.63356770071353,0.05207945104087039,0.08220029364220748,-0.0028926672482984914,7.884258894646239e-16,1.0636934041907686e-13
0.028,0.9,9,10,0.028,o,5,blocks.5.attn.o.weight,3.782635921928453,4.044068832479503,0.6332031045434915,0.16739731700656868,0.21746899071460313,0.5946876572462787,0.34344271080507044,1.645212032365166,0.4009461716035158,2.0461582039686164,0.1474531083473546,0.9891287904193066,0.6335676386511431,0.2185281287727428,0.344916809889448,-0.001059138058139967,3.041243305383002e-15,9.017092628127443e-14
0.028,0.9,9,10,0.028,q,5,blocks.5.attn.q.weight,10.2884379876892,10.351431991231863,0.6333624828992682,0.06156060654271606,0.043691763944347047,0.6318536733357074,0.06898382067776489,0.8990400078283389,0.4011480347443258,1.3001880425722447,0.06106869399639658,0.9981353073067339,0.6335677270347311,0.046572526580899894,0.07350836318458322,-0.0028807626365529764,4.376563892402747e-15,1.065905176622639e-13
0.028,0.9,9,10,0.028,v,5,blocks.5.attn.v.weight,10.365557215512949,10.420338929091113,0.6333980219918758,0.06110602728080466,0.03557425517324743,0.6323982342101833,0.05616413998480046,0.7374939547951075,0.40119305426322077,1.1386870090591543,0.06071682117801324,0.998156733812964,0.6335676571930599,0.03847661119359097,0.060730074770635634,-0.002902356020343626,6.805497099386354e-15,1.091787250884213e-13
0.028,0.9,9,10,0.028,down,5,blocks.5.mlp.down.weight,5.647308845967098,5.799830062907967,0.6332684329601694,0.11213632018946586,0.11907465001227471,0.621972777465502,0.18803187371217686,1.3449026486895104,0.40102890818382864,1.7459315568727938,0.10739477115150686,0.994233181564546,0.6335676611584287,0.12065589648914549,0.190438849527982,-0.0015812464768707876,1.2251454735895025e-14,2.2349483375094792e-13
0.028,0.9,9,10,0.028,up,5,blocks.5.mlp.up.weight,21.24609295646627,21.459340807529998,1.2662920909031714,0.05960117436640387,0.17658179164522556,1.2539196666228198,0.13944791483241453,7.503346319427642,1.6034956594839258,9.10684197891652,0.05845732365662041,0.9982913706553397,1.267135346336963,0.18253069767303515,0.14404988243812722,-0.005948906027810556,1.0245320032610744e-14,2.257625510149186e-13
0.028,0.9,9,10,0.028,k,6,blocks.6.attn.k.weight,10.333717464259808,10.401081388187162,0.6333410201878422,0.06128878812279466,0.04817513968888569,0.631506139137699,0.0760650868225738,0.9956565646923877,0.4011208478525768,1.3967774125452337,0.060743453593389674,0.9981551164227194,0.6335676788559705,0.05106858057887827,0.0806047755957067,-0.0028934408899927463,1.9704003185759114e-15,1.0897836452694598e-13
0.028,0.9,9,10,0.028,o,6,blocks.6.attn.o.weight,3.7842501318104356,4.043366210272594,0.633207098654103,0.1673269674568706,0.2150108956595732,0.5955850439136275,0.3395585679891841,1.6273100204808395,0.4009512297859469,2.02826125026686,0.1477026449230688,0.9890919643413179,0.6335676754086422,0.21607048569648,0.341037736114169,-0.001059590036906922,5.649986384036713e-15,9.415038193516523e-14
0.028,0.9,9,10,0.028,q,6,blocks.6.attn.q.weight,10.15924358558727,10.214827090923045,0.6333996889432856,0.06234713082791695,0.03599023362544545,0.632376366602283,0.05682073144918769,0.7312671002061879,0.40119516595345095,1.1324622661592798,0.061937399705655934,0.9980818792587979,0.6335676857476477,0.03883482182940978,0.061295458564276956,-0.0028445882039644355,4.085821740381647e-15,1.0605795755513903e-13
0.028,0.9,9,10,0.028,v,6,blocks.6.attn.v.weight,10.385537667504758,10.441401720375062,0.6333925416456797,0.060987939375300476,0.03669964693614072,0.632328433432503,0.057941394195750624,0.7622911312788302,0.4011861118123741,1.1634772430911227,0.06058753393722546,0.9981645753656443,0.6335676834447787,0.03960759748304183,0.06251517954276152,-0.0029079505469013327,1.3034746498628094e-15,1.1697066926164013e-13
0.028,0.9,9,10,0.028,down,6,blocks.6.mlp.down.weight,5.630610040725798,5.778481611952689,0.6332814676037535,0.11247119992741002,0.11420031599067239,0.6228994341287106,0.18033105630390553,1.2860348917422777,0.40104541721036385,1.6870803089531776,0.10795376252088448,0.9941729925786716,0.6335676700680455,0.11577688680207532,0.1827379966999276,-0.0015765708114032235,2.00027904896615e-14,2.4118901320591135e-13
0.028,0.9,9,10,0.028,up,6,blocks.6.mlp.up.weight,21.211982328778806,21.424881354654527,1.2662953172252986,0.059697170099339815,0.17617030785563245,1.2539808025073265,0.13912260865155543,7.4738429141783955,1.6035038304267197,9.077346744598856,0.05855428335605836,0.9982856979502128,1.2671352660159396,0.1821096629076896,0.14371761862509697,-0.0059393550520580665,1.3869517800021796e-14,2.327773390708998e-13
0.028,0.9,9,10,0.028,k,7,blocks.7.attn.k.weight,10.242216770232815,10.288077752125744,0.6334417813944289,0.06184616041669953,0.026375685413142884,0.632892418689937,0.041638689123222494,0.5402909749297542,0.4012484904161474,0.9415394653463949,0.06154622044532072,0.9981060313744,0.6335676730111289,0.02924350610880788,0.046156878506479926,-0.0028678206956651887,4.027847123849387e-15,9.595406066931211e-14
0.028,0.9,9,10,0.028,o,7,blocks.7.attn.o.weight,3.815258747916204,4.089379658413669,0.6331764479130659,0.16595897939003235,0.23142785058405457,0.5893670877864093,0.36550293578801785,1.7659142629045168,0.4009124141918075,2.1668266770963704,0.14449902711137977,0.9895600155818843,0.6335676849330536,0.23249612303347114,0.36696335460675844,-0.0010682724494165373,4.0364441181255346e-15,9.606898609959558e-14
0.028,0.9,9,10,0.028,q,7,blocks.7.attn.q.weight,10.156933043334677,10.200588314761323,0.6334536138156706,0.0623666229867848,0.023995906910352527,0.6329989552185304,0.037881079824946935,0.487449639605085,0.40126348085613267,0.8887131204614178,0.0620850628849354,0.9980727224832323,0.6335677191564754,0.026839848162486135,0.04236302979296419,-0.0028439412521337097,1.2291708955016477e-15,1.0899527808083675e-13
0.028,0.9,9,10,0.028,v,7,blocks.7.attn.v.weight,10.347354671530619,10.402029165612007,0.6333989942183711,0.06121361587818042,0.03543262027813783,0.6324071594290656,0.0559404429144421,0.73326777791912,0.4011942858768441,1.1344620637962919,0.06082465374023918,0.998150180748637,0.6335676719705883,0.038329879586166155,0.06049847756112392,-0.0028972593080285737,2.364049524234822e-15,1.0592915433704775e-13
0.028,0.9,9,10,0.028,down,7,blocks.7.mlp.down.weight,5.577270927573796,5.718766514025826,0.6333011281372254,0.11355036116431262,0.10733467488232376,0.624139076222326,0.16948442078105094,1.1972691234835393,0.40107031889988237,1.5983394423832245,0.10930210870706192,0.9940265245159825,0.6335676703880042,0.10889631074204426,0.1718779474264444,-0.001561635859720663,2.1726285027386882e-15,2.2461719983990491e-13
0.028,0.9,9,10,0.028,up,7,blocks.7.mlp.up.weight,21.23740279662168,21.454994324068927,1.2662718621754,0.05962461014191581,0.1809557304285588,1.2532754894923916,0.14290432871001707,7.686059470936387,1.6034444289371554,9.28950389987557,0.05843911332350532,0.9982924350168659,1.267135306953343,0.18690220321161177,0.14749979910274386,-0.005946472783054071,4.075091106856404e-15,2.306405934293654e-13
0.028,0.8,9,10,0.028,k,0,blocks.0.attn.k.weight,10.094435390678395,10.085321780318726,0.6336907322674533,0.06277624332041677,-0.02899985811552012,0.6330268180661934,-0.04576342470995858,-0.5854743881719168,0.4015639441616612,-0.1839104440092143,0.06279810535755222,0.9980281989816966,0.6335676760275153,-0.026173416206130284,-0.0413111609011341,-0.0028264419093899508,9.779996984961117e-15,1.0859108751093416e-13
0.028,0.8,9,10,0.028,o,0,blocks.0.attn.o.weight,3.433098642686706,3.5925082489795592,0.6334080899930847,0.18450040500362275,0.10467852731689314,0.6246984987875576,0.16526237818976386,0.7187434201001383,0.40120580846868775,1.119949228568876,0.17455533055833822,0.9847652182867865,0.6335676606817371,0.10563979493684558,0.16673798473737456,-0.0009612676199522777,5.9183837291587294e-15,9.620429453072177e-14
0.028,0.8,9,10,0.028,q,0,blocks.0.attn.q.weight,10.09915699290541,10.087191376004332,0.6337034702059932,0.06274815518277076,-0.031840390233421674,0.6329030555313887,-0.0502449358894493,-0.6431221993653953,0.40158008815111806,-0.24154211121407343,0.06277416719583281,0.9980297019663784,0.6335676839804615,-0.029012626275408356,-0.04579246544447029,-0.002827763958013515,1.2569621146125358e-15,1.1280126138712987e-13
0.028,0.8,9,10,0.028,v,0,blocks.0.attn.v.weight,10.013663383052261,9.993974295706312,0.6337372952436237,0.06328725771990694,-0.03972347855090662,0.6324911103206017,-0.06268130161983913,-0.795555085225351,0.4016229593827038,-0.39393212584317894,0.0633189870661142,0.997995352938406,0.6335677275538332,-0.0369196528036521,-0.05827262216495252,-0.0028038257472546334,6.118038404187643e-15,1.0921819004749977e-13
0.028,0.8,9,10,0.028,down,0,blocks.0.mlp.down.weight,5.449324582935021,5.576924798747875,0.633343534465024,0.11622422647540358,0.09228921426429765,0.6265833811864082,0.1457174649177606,1.005827768060389,0.40112403264864904,1.4069518007090842,0.11253111488867083,0.9936683740908363,0.6335676700419808,0.09381502514751891,0.14807419883230885,-0.001525810883221806,5.825601957626322e-15,2.4015858746118113e-13
0.028,0.8,9,10,0.028,up,0,blocks.0.mlp.up.weight,20.613888414297836,20.70307165464012,1.2668924365385654,0.06145819803991207,0.05044569691278141,1.265887703321937,0.039818452978226296,2.07976393428313,1.6050164457586231,3.6847803800405927,0.061173544258658445,0.998128898741296,1.2671353891199266,0.05621758566878419,0.04436588714314847,-0.005771888756003395,2.917650726906736e-15,2.420450992413059e-13
0.028,0.8,9,10,0.028,k,1,blocks.1.attn.k.weight,10.394077422890222,10.43296424917444,0.6334706889591039,0.06094535023994061,0.01965602242125851,0.6331656612237929,0.031029095369126826,0.40861243774525413,0.4012851137703217,0.8098975515157321,0.060716937417097536,0.9981567267552885,0.6335676722668566,0.02256636409966763,0.035617922263815806,-0.0029103416784092622,6.52791912753721e-16,1.1116498346841475e-13
0.028,0.8,9,10,0.028,o,1,blocks.1.attn.o.weight,3.6176064614615613,3.8212315640762506,0.6333207429178199,0.175066234999467,0.1539193116688971,0.6143321649607263,0.24303532355463964,1.113638992874236,0.40109516340997936,1.5147341562841898,0.16129348070727645,0.9869922065406203,0.6335676825365685,0.15493224147810603,0.24453936927119635,-0.0010129298092092372,4.866127578275918e-16,9.093073516375227e-14
0.028,0.8,9,10,0.028,q,1,blocks.1.attn.q.weight,10.438495816111034,10.479592439024845,0.6334595943785667,0.06068494977991651,0.02195679030123929,0.6330789501081151,0.03466170612314939,0.45839172738942735,0.4012710577102582,0.8596627850991325,0.06043824837040045,0.9981736090668983,0.6335676365077983,0.024879569129750125,0.039269002543888445,-0.00292277882851109,5.564163324293184e-15,1.2111188787966576e-13
0.028,0.8,9,10,0.028,v,1,blocks.1.attn.v.weight,10.217094034292167,10.22859055622518,0.6335980200648544,0.06201352536624174,-0.008142833429029465,0.6335456931381678,-0.012851734334958896,-0.16639218969994354,0.4014464510301037,0.23505426133036167,0.06196846162448064,0.9980799548818924,0.6335677117052906,-0.005282047099427834,-0.008336989088681374,-0.002860786329601807,1.2224500426529254e-15,1.1050188541972261e-13
0.028,0.8,9,10,0.028,down,1,blocks.1.mlp.down.weight,5.571227607889631,5.712450472126874,0.6333021644500114,0.11367371951437916,0.10701785943953242,0.6241945283787107,0.16898388391341063,1.1924417060935497,0.4010716314970693,1.5935133375909345,0.10943307475596349,0.9940122010746038,0.6335676353784856,0.10857780316974133,0.17137523621274983,-0.0015599437302090968,1.3500100386412207e-14,2.482025002192856e-13
0.028,0.8,9,10,0.028,up,1,blocks.1.mlp.up.weight,20.810572489045526,20.919238843543607,1.2667981313113796,0.060872815102910274,0.07039328128654163,1.2648408166421012,0.05556787584906764,2.929848965910693,1.6047775054940034,4.534626471405147,0.060490716222345746,0.998170436625332,1.2671352795462987,0.07622024158347385,0.06015162138865293,-0.005826960296932748,6.494690175188618e-16,2.436319375409557e-13
0.028,0.8,9,10,0.028,k,2,blocks.2.attn.k.weight,10.430832170161155,10.484340285287725,0.63340222128519,0.06072403533604203,0.03441398874018489,0.632466640470525,0.05433196724564368,0.7179330817093686,0.40119837392901275,1.1191314556382395,0.06035237151978447,0.9981787956259132,0.633567616982692,0.037334621747829866,0.05892760416896399,-0.002920633007645124,2.0685116238467393e-15,1.1158435286873214e-13
0.028,0.8,9,10,0.028,o,2,blocks.2.attn.o.weight,3.6567024617646924,3.8696743507575326,0.6333012109326348,0.17318915540834273,0.16433334073972075,0.611608516037867,0.2594868569692363,1.2018362632659059,0.4010704237687416,1.6029066870347695,0.1585506731734694,0.9874308420180724,0.6335676650886707,0.16535721742901505,0.2609937762620391,-0.001023876689294114,9.60873892731049e-15,9.487202690117158e-14
0.028,0.8,9,10,0.028,q,2,blocks.2.attn.q.weight,10.423948227527015,10.465606227688296,0.6334573003080634,0.06076942119064469,0.022493823900240045,0.6330578008365385,0.03550961349612805,0.46894891155042406,0.40126815131357996,0.870217062864441,0.06051706832788194,0.9981688422204464,0.6335676568849621,0.02541252940394747,0.040110206270459386,-0.0029187055037075645,3.3733761257170544e-15,1.0559001589749428e-13
0.028,0.8,9,10,0.028,v,2,blocks.2.attn.v.weight,10.296173904926642,10.323088506844803,0.6335271700312808,0.06153034864029859,0.007459206007442999,0.6334832558273719,0.011774090142139754,0.1536025644906133,0.40135667516784335,0.5549592396589418,0.06139460490670456,0.9981153512441159,0.6335676721265198,0.010342134700822295,0.01632364647979866,-0.00288292869337946,3.867220147292942e-15,1.178922411082528e-13
0.028,0.8,9,10,0.028,down,2,blocks.2.mlp.down.weight,5.5881290764172835,5.731061338765594,0.6332967679567689,0.11332894414149688,0.1088747844805214,0.6238678366518694,0.17191748006513366,1.2168126976885336,0.4010647963044896,1.6178774939933973,0.10901938080020593,0.9940573873048493,0.6335676381185696,0.11043946062191837,0.17431360754137834,-0.0015646761413968396,1.5143216466006182e-14,2.411473798424879e-13
0.028,0.8,9,10,0.028,up,2,blocks.2.mlp.up.weight,20.912732311789775,21.04574873763525,1.2666823592616354,0.06056991216530466,0.09507803486738856,1.2631090081819971,0.07506067655573154,3.9766829838254227,1.6044841992646228,5.581167183099637,0.06004436568045214,0.9981973370748913,1.2671353353696142,0.100933599914689,0.07965494852627356,-0.005855565047301138,2.1432256572556543e-14,2.494744862080456e-13
0.028,0.8,9,10,0.028,k,3,blocks.3.attn.k.weight,10.382384240350676,10.437387723890494,0.633396601736356,0.06100685421318624,0.03582841437108429,0.6323824632411015,0.056565529832124754,0.7439687294461985,0.40119125509116405,1.1451599845378837,0.06061603975314097,0.9981628478622667,0.6335676896570991,0.03873548195838235,0.06113866377773597,-0.00290706758729819,4.4352232269494864e-15,1.1218933768097905e-13
0.028,0.8,9,10,0.028,o,3,blocks.3.attn.o.weight,3.692017712057503,3.9065872873642706,0.633295119905788,0.17153089971306304,0.16648982137034066,0.6110186971579,0.2628945275862989,1.229366738753175,0.40106270889648643,1.6304294476498118,0.15689075385282514,0.987692645677702,0.6335676761430545,0.16752358632971698,0.264413088984501,-0.0010337649593761009,1.1290336392081586e-14,8.826273045769994e-14
0.028,0.8,9,10,0.028,q,3,blocks.3.attn.q.weight,10.258147644971043,10.296399809081413,0.6334761049878928,0.06175345948529492,0.01876381390476988,0.6331981481956894,0.02962039729206282,0.3849639468357801,0.40129197559063173,0.786255922426804,0.0615261636837033,0.9981072655911296,0.6335676881722376,0.021636095245361663,0.03414961913190215,-0.0028722813405918923,3.083026372424076e-15,1.069274876974724e-13
0.028,0.8,9,10,0.028,v,3,blocks.3.attn.v.weight,10.308400939223331,10.343842932569682,0.6334880200707507,0.06145356819216616,0.01603787145391941,0.6332849739670574,0.02531677150284268,0.3306496183174518,0.4013070715731598,0.7319566898913052,0.06125210752378656,0.9981240896618959,0.6335676637074711,0.01892422371690184,0.029869301735133177,-0.002886352262982533,5.843984310481324e-15,1.0265139432918957e-13
0.028,0.8,9,10,0.028,down,3,blocks.3.mlp.down.weight,5.601213744092239,5.741174542226318,0.633303537133195,0.11306541154605257,0.10590707669440025,0.6243853467621824,0.16722956763168387,1.186416347154611,0.40107337014541605,1.5874897172997748,0.10891731136788832,0.99406850964208,0.6335676967873032,0.10747541654274591,0.16963525300884585,-0.0015683398483458272,3.8802634062098356e-15,2.303764817801479e-13
0.028,0.8,9,10,0.028,up,3,blocks.3.mlp.up.weight,21.128239938494882,21.28147472186872,1.2665805275751174,0.05994728057150912,0.1158264299427833,1.2612733529886893,0.09144813726493514,4.894417206100788,1.6042262328324628,6.498643438927047,0.059292318712644204,0.998242210470719,1.2671352207274988,0.12174233712556103,0.09607683152841828,-0.005915907182778568,1.3931559383195028e-14,2.401460107159803e-13
0.028,0.8,9,10,0.028,k,4,blocks.4.attn.k.weight,10.347701312842252,10.39624302351265,0.6334271871547245,0.06121428982189456,0.029268169055069713,0.6327506425970487,0.046206051221986004,0.6057165427112677,0.4012300014267463,1.0069465441381595,0.06089162291563995,0.9981461051292966,0.633567673364646,0.03216552542266538,0.05076888669500142,-0.002897356367595831,6.574115920721431e-16,1.0635329422692408e-13
0.028,0.8,9,10,0.028,o,4,blocks.4.attn.o.weight,3.6502007621072683,3.8637841078026804,0.6333008207133711,0.17349753122832764,0.1648939574776816,0.6114572039836922,0.2603722466235549,1.2037920985038337,0.40106992951622944,1.604862028020074,0.158754385307092,0.9873985225728359,0.6335677042768909,0.16591601369107134,0.26187574361991206,-0.0010220562133900352,2.2607789962634923e-15,9.559367186717793e-14
0.028,0.8,9,10,0.028,q,4,blocks.4.attn.q.weight,10.236206665746877,10.274624066939435,0.6334757680597346,0.06188579312095332,0.01888791800317163,0.6331941213186073,0.02981632282640141,0.3866812643322918,0.4012915487188707,0.7879728130502457,0.06165629200908006,0.9980992508277888,0.6335677029483265,0.02175405586958061,0.03433580305363965,-0.002866137866409126,9.288325125139125e-15,1.1338889896461701e-13
0.028,0.8,9,10,0.028,v,4,blocks.4.attn.v.weight,10.34944825192029,10.391216589319383,0.6334582232040114,0.06120695594438827,0.022466597015885843,0.6330596911535122,0.03546658041985865,0.4650337664253147,0.40126932054478304,0.8663030869704045,0.06095088756769273,0.9981424946523066,0.6335676187338285,0.025364442526423343,0.04003431011375494,-0.0028978455105376816,2.368971905479994e-15,9.719135218855257e-14
0.028,0.8,9,10,0.028,down,4,blocks.4.mlp.down.weight,5.60428010700793,5.7398639851540825,0.6333144425629702,0.11300549409923955,0.1014399570859507,0.625137679447593,0.16017313086281712,1.1369958671050633,0.4010871831588457,1.5380830502640954,0.10907391310506258,0.9940514407398622,0.633567679403886,0.10300915551591289,0.16258587498155302,-0.0015691984299622205,9.27375155424495e-15,2.2489822504301316e-13
0.028,0.8,9,10,0.028,up,4,blocks.4.mlp.up.weight,21.09494337044906,21.255079916338616,1.2665493430641073,0.06004042394531186,0.12272228273261204,1.2605897349007598,0.09689498747495728,5.177639209073379,1.6041472384161217,6.781786447488457,0.0593338084219227,0.998239749588963,1.2671352986682538,0.12862886687633723,0.10151154893366546,-0.005906584143725737,2.7680720312178195e-15,2.2457686751908845e-13
0.028,0.8,9,10,0.028,k,5,blocks.5.attn.k.weight,10.290326632451924,10.341903986654817,0.6334146329762295,0.06155437583280122,0.032211891470856485,0.6325950452827988,0.0508543532054229,0.662941769368411,0.40121409726841145,1.064155866637435,0.0611967962136439,0.9981274760665363,0.6335676939399318,0.035093182927942855,0.05538979222521724,-0.002881291457086539,5.181837665698584e-15,1.1315991546578807e-13
0.028,0.8,9,10,0.028,o,5,blocks.5.attn.o.weight,3.664807737568642,3.881504511512551,0.6332940867339729,0.1728041774857531,0.16838538439615827,0.6104979628253893,0.2658881362126025,1.2342001192570218,0.4010614002922168,1.6352615195493012,0.15777555432204507,0.9875534372291365,0.6335676990673865,0.16941153056267788,0.2673929412942802,-0.0010261461665192198,5.77731572419465e-15,9.847331283729943e-14
0.028,0.8,9,10,0.028,q,5,blocks.5.attn.q.weight,10.246054745208184,10.285665660036397,0.6334701172802084,0.06182575957604229,0.020105096498450027,0.6331509887711272,0.03173803459707124,0.4119958387616247,0.401284389487001,0.8132802282488143,0.061585842034413286,0.9981035920304058,0.6335676592774663,0.022973991827108117,0.03626130767676515,-0.0028688953286582918,1.343245495572132e-15,1.0074753531430503e-13
0.028,0.8,9,10,0.028,v,5,blocks.5.attn.v.weight,10.342586754764442,10.385281411507302,0.6334541792058854,0.06124717096659371,0.023384141254279962,0.6330224159469144,0.036915284517650394,0.4837050192161134,0.401264197153402,0.8849692163702372,0.06098215912909949,0.9981405881339178,0.6335676924657292,0.026280065545613844,0.041479491233741186,-0.002895924291334044,6.192721068736971e-15,1.1755483739217532e-13
0.028,0.8,9,10,0.028,down,5,blocks.5.mlp.down.weight,5.578637924321251,5.707225189070458,0.6333336155203564,0.11352836016820604,0.09411856565909674,0.6263011768679916,0.14860819535335656,1.0501067995371136,0.4011114685480866,1.451218268085011,0.10990436460119865,0.9939605153206832,0.6335676272932456,0.09568058427790653,0.15101873920969916,-0.0015620186188099504,1.7451395990798583e-15,2.4041012236519776e-13
0.028,0.8,9,10,0.028,up,5,blocks.5.mlp.up.weight,21.154997157560345,21.326230871094076,1.2664947243153837,0.059867402244616494,0.13401584273134876,1.2593842307317762,0.10581634503356684,5.670209544099475,1.6040088867186997,7.274218430819701,0.059079077671272816,0.9982548312906352,1.267135206696332,0.13993924193546525,0.11043749806329987,-0.005923399204116897,3.124582431870399e-15,2.4133039316920346e-13
0.028,0.8,9,10,0.028,k,6,blocks.6.attn.k.weight,10.308418640312563,10.356919758645654,0.6334282880175527,0.06144766817486823,0.029153871606952993,0.6327570211631321,0.0460255283170194,0.6010606270207869,0.4012313960608477,1.0022920230812389,0.061123649556497,0.9981319497323909,0.6335676949580658,0.0320402288262404,0.05057112141483328,-0.0028863572192875183,4.2394445058741455e-15,1.1265554461514782e-13
0.028,0.8,9,10,0.028,o,6,blocks.6.attn.o.weight,3.671379736270399,3.8913944280250936,0.6332877334481639,0.17249311674076365,0.17198821205496254,0.6094861838056944,0.2715798885263584,1.2628680732319315,0.4010533533359127,1.6639214265678426,0.1571096093188342,0.9876582853297942,0.6335676863226898,0.17301619838111842,0.27308242215654527,-0.0010279863261557119,1.0557527382045423e-15,9.496570196887433e-14
0.028,0.8,9,10,0.028,q,6,blocks.6.attn.q.weight,10.136103862883878,10.176606118835068,0.6334681975559275,0.06249622203217006,0.02078849166940347,0.6331269982625379,0.03281694605918729,0.4214286214275397,0.40128195731475563,0.822710578741848,0.06224411475057911,0.9980628350894032,0.6335676855648342,0.0236266007510108,0.03729136016453769,-0.002838109081607486,4.939884205939662e-15,1.1036310754164447e-13
0.028,0.8,9,10,0.028,v,6,blocks.6.attn.v.weight,10.366902794403929,10.408872186178721,0.6334570004099102,0.06110378509113168,0.02270103605437649,0.6330501041232411,0.035836743519586406,0.47067886821595994,0.4012677713683209,0.8719466395849906,0.0608464839968163,0.9981488526925584,0.6335676659277181,0.02560376883680941,0.040412051014816895,-0.0029027327824331004,5.902355475271753e-15,1.0842802350419234e-13
0.028,0.8,9,10,0.028,down,6,blocks.6.mlp.down.weight,5.5721508845006404,5.698541070682829,0.6333396436902816,0.11366161053749707,0.09183040548976706,0.6266468550126022,0.14499393240994457,1.023385750347716,0.40111910426973285,1.4245048546177337,0.1101332982132857,0.9939353283122068,0.6335677442158463,0.09339060773742666,0.1474042966834025,-0.0015602022476601796,1.2690853536261437e-14,2.4994589731264227e-13
0.028,0.8,9,10,0.028,up,6,blocks.6.mlp.up.weight,21.145125295793214,21.321697636406707,1.2664701093159338,0.05989418797948177,0.13938247476218923,1.2587768124334189,0.11005587398937881,5.894519785768454,1.6039465377907134,7.498466323557295,0.059063123917331324,0.9982557736964436,1.2671353744768887,0.14530310984501113,0.11467054962852456,-0.0059206350828221,4.5013121516490445e-15,2.387998652986223e-13
0.028,0.8,9,10,0.028,k,7,blocks.7.attn.k.weight,10.211948378722674,10.244381794828756,0.6335032772517796,0.062035495456648514,0.012835075957684051,0.6333732415519102,0.020260472863477985,0.26214226623370807,0.4013264022887451,0.6634686685221993,0.06185599047726429,0.9980869182209856,0.6335676585656107,0.015694421503726238,0.02477150039390933,-0.002859345546042349,2.9790059380752395e-15,1.0537274178212819e-13
0.028,0.8,9,10,0.028,o,7,blocks.7.attn.o.weight,3.7037710939265693,3.9438267798857036,0.633249679965473,0.1709743026516605,0.1937004420594684,0.6028974174122154,0.3058832056101941,1.4348441963613148,0.40100515717637397,1.835849353537622,0.15332236768193847,0.9882461257841579,0.6335676672907837,0.19473749796576773,0.3073665340254659,-0.0010370559062994396,2.8551870014761653e-15,8.859926681203945e-14
0.028,0.8,9,10,0.028,q,7,blocks.7.attn.q.weight,10.110135136834668,10.141319170608991,0.6335105234006272,0.06266093527202544,0.011383945354240211,0.6334082325385246,0.01796962312975043,0.2301864518434195,0.4013355832593366,0.6315220351024919,0.06248867802522547,0.9980475825592777,0.6335677146988989,0.014214783192553749,0.02243609145915726,-0.002830837838313707,3.1780383463720364e-15,1.0425514618273013e-13
0.028,0.8,9,10,0.028,v,7,blocks.7.attn.v.weight,10.330311817557147,10.37113657589822,0.6334629704596941,0.061320798601943054,0.021483199194181787,0.6330985761286051,0.03391389899016791,0.4438562930291806,0.40127533494361933,0.8451316279730037,0.061072761984867364,0.998135058871712,0.6335676610975077,0.02437568650309764,0.03847369113011934,-0.0028924873089160017,1.3211967373436439e-15,1.1562886065297207e-13
0.028,0.8,9,10,0.028,down,7,blocks.7.mlp.down.weight,5.527698967888881,5.6529524922433465,0.6333449065083142,0.11457659148725297,0.09038934963404918,0.6268616562469177,0.14271741780063182,0.9992902293605618,0.40112577060002524,1.4004159999604617,0.11106239247597548,0.993832572488631,0.633567650225185,0.09193710534505785,0.145110163551408,-0.0015477557110088868,2.2235122810546133e-16,2.5039692541639624e-13
0.028,0.8,9,10,0.028,up,7,blocks.7.mlp.up.weight,21.16899342752048,21.351823489126257,1.266439549961956,0.05982521343294186,0.14573707681988246,1.25802616751323,0.11507622043567765,6.170214442692278,1.603869133707842,7.774083576398539,0.05894451562456408,0.9982627720387762,1.2671353230229698,0.15166439497958747,0.11969076405964747,-0.005927318159705735,3.740515893031053e-15,2.330718083809469e-13
0.04,0.9,9,10,0.04,k,0,blocks.0.attn.k.weight,10.637624100406056,10.737764788563664,0.9047944971057685,0.0850560697168488,0.06213290949689315,0.9026586196068053,0.06867074202555627,1.3218930709849979,0.8186530819928806,2.140546152977933,0.08413840961832983,0.9964603640133978,0.9050966493523472,0.06638795913705545,0.07334902762545872,-0.0042550496401624225,7.39509362766783e-16,1.0260195471012423e-13
0.04,0.9,9,10,0.04,o,0,blocks.0.attn.o.weight,4.565359171947799,4.884635766683993,0.9046087830460121,0.1981462463248128,0.24081841878152577,0.8719653316156151,0.2662127798169706,2.1988451539164093,0.818317050363987,3.017162204280627,0.1792330143457877,0.9839377632842147,0.9050966375068635,0.24264456245030502,0.2680869118226782,-0.0018261436687791197,1.0571927751852829e-14,9.331424521974441e-14
0.04,0.9,9,10,0.04,q,0,blocks.0.attn.q.weight,10.661530720931447,10.756840563484953,0.9048164267469978,0.08486740323043859,0.05734114831930255,0.9029976516142025,0.0633732397249416,1.2226888287594615,0.8186927661112052,2.0413815948702734,0.08402053893195825,0.9964702745187344,0.9050966956965557,0.06160576060767495,0.06806539113510254,-0.004264612288372579,4.6669627319915266e-15,1.1453164805441673e-13
0.04,0.9,9,10,0.04,v,0,blocks.0.attn.v.weight,10.240365282443467,10.243778380773932,0.9052530026452358,0.08840046010831679,-0.03659872385344553,0.9045128701188493,-0.04042927639731717,-0.7495686022611183,0.8194829987982153,0.06991439653793918,0.08838510370032743,0.9960940367218889,0.9050966521705938,-0.03250257774046833,-0.035910615360824696,-0.004096146112977387,6.906691013064056e-15,1.0457086585535791e-13
0.04,0.9,9,10,0.04,down,0,blocks.0.mlp.down.weight,6.123930653907224,6.443242693240711,0.904387049103925,0.1476808115922905,0.2608564658965914,0.8659502519121005,0.2884345437664663,3.194933815548081,0.8179159345869053,4.012849750135246,0.13470251842995576,0.9909276157641984,0.9050966293811813,0.26330603815815495,0.2909148367265255,-0.0024495722615628895,1.1638315780037515e-14,2.3060720000245283e-13
0.04,0.9,9,10,0.04,up,0,blocks.0.mlp.up.weight,21.620954453604284,21.958039315033304,1.8089105169471336,0.08366469301014517,0.264041576931503,1.7895360583049102,0.14596718547312185,11.417661817387755,3.272157258321946,14.68981907571731,0.08156584983991672,0.996673506069826,1.8101931160946148,0.2726899587129435,0.15064136322717658,-0.008648381781441714,1.5679951502155656e-14,2.402279764002202e-13
0.04,0.9,9,10,0.04,k,1,blocks.1.attn.k.weight,10.920669639033113,11.105753690025706,0.9043656871286206,0.08281229237959906,0.1492061599829087,0.891972431120446,0.16498432227856993,3.258862362564137,0.8178772960556222,4.076739658619957,0.08038119017516565,0.996769432132955,0.9050966372519815,0.15357442783852177,0.16967738196972906,-0.0043682678556132455,5.760950310917383e-16,1.1387071841006957e-13
0.04,0.9,9,10,0.04,o,1,blocks.1.attn.o.weight,4.673785685373659,5.072706480138333,0.9044160450505585,0.19350824062833605,0.3284393235976186,0.8426719369123491,0.3631507041422051,3.0701100182887138,0.8179683825448939,3.888078400833713,0.16669885288247038,0.9861057462237803,0.9050966366282761,0.33030883787176873,0.36494317236914764,-0.0018695142741494636,5.1083714015787374e-15,1.0783041126671833e-13
0.04,0.9,9,10,0.04,q,1,blocks.1.attn.q.weight,11.195899685992018,11.416329864836484,0.9041643995237083,0.08075852989777788,0.18609065191105795,0.8848070584243368,0.20581506196117205,4.166904542594127,0.8175132613660681,4.98441780396125,0.07756198181858683,0.9969920694881337,0.9050967234999892,0.1905690117854545,0.21055099067039854,-0.004478359874396807,6.9782601469139516e-15,1.0584502024846287e-13
0.04,0.9,9,10,0.04,v,1,blocks.1.attn.v.weight,10.403191845802258,10.475251416890826,0.9049356199825808,0.08698634355644676,0.032950617481430966,0.9043355202141364,0.036412112368905576,0.685583190193944,0.8189084763132578,1.5044916665066665,0.08641136554759005,0.9962665379520455,0.9050966941788889,0.03711189421975154,0.0410032369562677,-0.004161276738320904,6.086801610166518e-15,1.0986784398925309e-13
0.04,0.9,9,10,0.04,down,1,blocks.1.mlp.down.weight,6.255344898801198,6.58003503443704,0.904352722562441,0.14457279929293032,0.26774442167820633,0.8638094532164374,0.2960619402124042,3.3496674046544896,0.8178538468060994,4.167521251460691,0.13156228748730975,0.9913456822554424,0.9050966658109534,0.27024655963772637,0.2985830904543101,-0.0025021379595204793,7.549038209463637e-15,2.2166990465422032e-13
0.04,0.9,9,10,0.04,up,1,blocks.1.mlp.up.weight,21.75401818190138,22.102357142938832,1.808845468067225,0.08314994742314431,0.27592516903767056,1.787676488752641,0.15254214575471733,12.004962288179394,3.2719219273473383,15.27688421552341,0.08094804171739522,0.9967237072709426,1.81019325770257,0.28462677631042965,0.15723557421248346,-0.008701607272760552,6.981588646900519e-15,2.336100063393687e-13
0.04,0.9,9,10,0.04,k,2,blocks.2.attn.k.weight,10.926044175674486,11.122823977359065,0.9043077826783266,0.0827662572234202,0.16112873424719254,0.8898371181360285,0.178179086073959,3.52099933671068,0.8177725658125915,4.338771902523376,0.08006518924058184,0.9967947827358765,0.905096716433131,0.16549915191746234,0.18285244981295817,-0.004370417670269794,2.2973124505531834e-16,1.1678418648797262e-13
0.04,0.9,9,10,0.04,o,2,blocks.2.attn.o.weight,4.700028185228549,5.1150011788851755,0.9043751217909305,0.1924190847691594,0.3462827911723334,0.8354535232149317,0.3828972987299683,3.255077757139157,0.8178943609143604,4.072972118053972,0.16388512135661604,0.9865708334989077,0.9050966392930608,0.348162802446424,0.3846692025266625,-0.0018800112740914195,1.8060109236365478e-14,1.1177517245108959e-13
0.04,0.9,9,10,0.04,q,2,blocks.2.attn.q.weight,11.103757240309676,11.32669953148213,0.9041609259172617,0.08142837657103222,0.18836824122945894,0.8843214266610422,0.20833486144998065,4.183190444792009,0.81750697995556,5.000697424747955,0.07813370803753772,0.9969475618340986,0.9050966705725912,0.19280974412558233,0.2130266858716927,-0.00444150289612387,1.9938199843823686e-15,1.0760229512962738e-13
0.04,0.9,9,10,0.04,v,2,blocks.2.attn.v.weight,10.5074539344438,10.600884604548447,0.9048319650932949,0.08611334113273855,0.054887003865817546,0.903165711185578,0.06065988601558554,1.1534453294394333,0.8187208850545936,1.9721662144937966,0.08527475008696182,0.9963641084987513,0.9050966402769413,0.05908998543959495,0.06528583005403114,-0.00420298157377752,3.0349198564175204e-15,1.0351615398196401e-13
0.04,0.9,9,10,0.04,down,2,blocks.2.mlp.down.weight,6.266344532302909,6.58735017927241,0.904361826236983,0.14432047608857312,0.2639687506031947,0.8649802376120943,0.29188400366428463,3.308238274082319,0.8178703127546911,4.126108586837681,0.13159444754658933,0.9913414506873461,0.9050966195914848,0.26647528841611534,0.29441640002631864,-0.002506537812921164,2.014066535253515e-14,2.1567470032124447e-13
0.04,0.9,9,10,0.04,up,2,blocks.2.mlp.up.weight,21.783056896257165,22.162105783383463,1.8086925810863983,0.08303208267326216,0.307257062660492,1.782403419633807,0.16987799135878406,13.3859961554207,3.2713688528769773,16.657365008301895,0.08049093666079542,0.996760604557619,1.8101931310194592,0.3159702854189932,0.174550593527579,-0.008713222758502866,8.332793898363353e-15,2.299289231233459e-13
0.04,0.9,9,10,0.04,k,3,blocks.3.attn.k.weight,10.822321003619843,11.00943667226827,0.9043640750791214,0.08356470620088152,0.1509468049370607,0.89167788038795,0.1669093334162512,3.2671895549993186,0.8178743802937147,4.085063935294244,0.08105874613552404,0.9967147398374178,0.9050966775637598,0.15527573333850841,0.1715570691922797,-0.0043289284014479375,8.910531223817089e-15,1.0114218490508975e-13
0.04,0.9,9,10,0.04,o,3,blocks.3.attn.o.weight,4.731998278985105,5.150917510934268,0.9043602671075571,0.19111593322504752,0.3510436610007253,0.8334481632315468,0.38816793900452845,3.322275999408126,0.8178674927228521,4.140143492131276,0.16234146030252983,0.986822625133368,0.9050966720808548,0.3529364603123194,0.38994338527497163,-0.0018927993115940421,1.218519295017512e-14,1.0603670719255831e-13
0.04,0.9,9,10,0.04,q,3,blocks.3.attn.q.weight,10.788165863584098,10.985455787820312,0.9043175198752498,0.08382495516942423,0.16119171846163666,0.8898356065323778,0.17824681587930863,3.4779259892005743,0.8177901767533228,4.2957161659535785,0.08106787061496636,0.996714000176919,0.9050966626127676,0.16550698480706988,0.18286111488832174,-0.004315266345433639,4.003713158479459e-15,1.1702704777460937e-13
0.04,0.9,9,10,0.04,v,3,blocks.3.attn.v.weight,10.549731937119827,10.65839235112215,0.9047584122538622,0.08576127030018826,0.07042339036126333,0.9020134869470052,0.07783667928085927,1.4858957808289526,0.8185877845441297,2.30448356537309,0.08470541723375818,0.9964124961455725,0.9050966524916688,0.07464328313611106,0.08246995824216478,-0.004219892774847931,1.1258468121778124e-15,1.0998320310040555e-13
0.04,0.9,9,10,0.04,down,3,blocks.3.mlp.down.weight,6.2843135312691425,6.602719543219782,0.904366880187759,0.14390861876764421,0.26139922338348087,0.8657654994251152,0.2890411282301833,3.2854293531441083,0.8178794539805405,4.103308807124002,0.13140650378350285,0.9913661653815876,0.9050966492795174,0.2639129487959875,0.29158537820913344,-0.002513725412507657,9.453061779015733e-15,2.2101764862725304e-13
0.04,0.9,9,10,0.04,up,3,blocks.3.mlp.up.weight,22.064184856752398,22.482615921089053,1.8084728919627064,0.08196418329994419,0.34828368147486916,1.7746190233913073,0.1925844081062683,15.369191061303567,3.2705742009639547,18.639765262265087,0.07899458346639757,0.9968799278913568,1.8101932962833334,0.3571093554175698,0.1972769185206808,-0.00882567394270096,4.835651160517919e-15,2.567069820602619e-13
0.04,0.9,9,10,0.04,k,4,blocks.4.attn.k.weight,10.763524483884359,10.941245912698006,0.9044144462860566,0.08402586417118178,0.1411915456155794,0.8933254939257764,0.1561137664213316,3.039437316301528,0.8179654906509144,3.8574028069527913,0.08171574603408836,0.9966612684249883,0.9050965706105994,0.1454969554091327,0.16075296287000296,-0.004305409793553744,1.899357096027443e-15,1.1586044623701497e-13
0.04,0.9,9,10,0.04,o,4,blocks.4.attn.o.weight,4.704078936050874,5.124825464860198,0.9043613038416543,0.19225045245539088,0.35263099173041756,0.8327789331853778,0.3899226893416043,3.3176080407955744,0.8178693678861769,4.135477408682018,0.1630416458854269,0.986708710853435,0.905096653203326,0.3545126233048377,0.391684823991055,-0.0018816315744203498,1.1227424464273572e-14,1.0098519243051385e-13
0.04,0.9,9,10,0.04,q,4,blocks.4.attn.q.weight,10.782142638400845,10.967002789519892,0.9043783413773852,0.08387742322721842,0.1485164050212317,0.8921003653133546,0.1642193297055726,3.2026501261628635,0.8179001843525102,4.020550310515546,0.08141152045123416,0.9966860821688557,0.9050965943694027,0.1528292620765912,0.16885409030079285,-0.0043128570553603385,3.5445862324770894e-16,1.0692054880356849e-13
0.04,0.9,9,10,0.04,v,4,blocks.4.attn.v.weight,10.589456307104042,10.706988741806489,0.9047144179734349,0.08543539835624027,0.07953736292797339,0.9012113991664823,0.08791433113903226,1.684514859016102,0.818508178089011,2.5030230371053364,0.08424515999976792,0.9964513765082517,0.9050966389763748,0.0837731454508149,0.09255712798310545,-0.004235782522841617,6.198056227420802e-16,1.1017749212971495e-13
0.04,0.9,9,10,0.04,down,4,blocks.4.mlp.down.weight,6.28351182577812,6.597875817871542,0.904378802844443,0.14392887734120705,0.25714469184797695,0.8670511095019336,0.2843329488033201,3.2315434243256678,0.817901019034348,4.049444443360578,0.13169952251873318,0.9913276178840497,0.9050966542901394,0.25965809657828826,0.2868843844991739,-0.0025134047303112484,1.8281000143682367e-14,2.3836835283397306e-13
0.04,0.9,9,10,0.04,up,4,blocks.4.mlp.up.weight,22.056438455006255,22.48907013200762,1.8084028386893165,0.08198979370029955,0.36273937173803245,1.7716492246409206,0.2005854912287887,16.001477255895097,3.270320826979578,19.27179808287849,0.07883951264448985,0.9968921656228722,1.8101931542568777,0.37156194712003354,0.20526093927947017,-0.008822575382002502,7.193117708647496e-15,2.3493446771327697e-13
0.04,0.9,9,10,0.04,k,5,blocks.5.attn.k.weight,10.6493865279065,10.813491813128538,0.9044888780515018,0.08493342557163336,0.12695903347278908,0.8955342172908064,0.14036549984593621,2.704071641322301,0.8181001305188645,3.5221717718414425,0.08288759120746557,0.9965648236118598,0.9050966272641128,0.1312187880839517,0.14497765667362414,-0.004259754611162601,1.3368447444961397e-15,1.0441821018947195e-13
0.04,0.9,9,10,0.04,o,5,blocks.5.attn.o.weight,4.74276998619446,5.173330485668304,0.9043315701660256,0.1906758229470137,0.36388709480389037,0.8278899510406649,0.40238238585111497,3.451665583198779,0.8178155887989493,4.2694811719980486,0.16054848165825014,0.9871120925185588,0.9050965992925621,0.3657842027983679,0.40413830201579654,-0.0018971079944777843,1.2743566655564484e-14,1.1290968160437842e-13
0.04,0.9,9,10,0.04,q,5,blocks.5.attn.q.weight,10.680355899829296,10.854715685034183,0.9044373201622645,0.08468232038753691,0.13748809577840093,0.8939261097102263,0.15201506252941252,2.9368435898062795,0.8180068661022986,3.7548504559086524,0.0824237349128287,0.9966031639614563,0.9050965996724861,0.14176023813833244,0.15662442902738682,-0.004272142359931719,6.030499678659885e-16,1.0710789893897399e-13
0.04,0.9,9,10,0.04,v,5,blocks.5.attn.v.weight,10.586843133099011,10.711388390851711,0.9046813816264166,0.08545336605564645,0.08662380794289672,0.9005246904772162,0.09575062525014752,1.8341453325662873,0.8184484022614821,2.6525937348271356,0.08414621406089084,0.9964597073295589,0.9050966762695823,0.09085854519613591,0.10038545889994381,-0.004234737253239604,6.564543570027196e-15,1.0092014030016472e-13
0.04,0.9,9,10,0.04,down,5,blocks.5.mlp.down.weight,6.249249729954131,6.5524943701382385,0.9044158925703174,0.1447239159342982,0.2451568035392837,0.8705551380653265,0.27106644802819296,3.064092176628573,0.8179681067337639,3.8820602833615396,0.13315401638872462,0.9911350039596581,0.9050966755566761,0.2476565034312656,0.2736243653518509,-0.0024996998919816524,1.3239356534610789e-14,2.3496482537410657e-13
0.04,0.9,9,10,0.04,up,5,blocks.5.mlp.up.weight,22.12058428239797,22.568337118331048,1.8083210742724352,0.08174834132710372,0.37837079641749394,1.7682931454021908,0.20923872524669254,16.739566184302436,3.2700251076578137,20.009591291966785,0.07841312254395266,0.9969256911063309,1.8101931458746385,0.38721903013045056,0.21391033935406728,-0.008848233712959189,1.2611290019167969e-14,2.4528035852400265e-13
0.04,0.9,9,10,0.04,k,6,blocks.6.attn.k.weight,10.673003010304942,10.836875983205069,0.9044882032876458,0.08474542754408942,0.1268054035442489,0.8955553023228785,0.14019575167850165,2.7067889075014033,0.8180989098865137,3.5248878173884606,0.08271037703718334,0.9965794967651277,0.9050965978991208,0.1310746047483709,0.1448183597779693,-0.004269201204121977,3.388207692288808e-15,1.1158955703916007e-13
0.04,0.9,9,10,0.04,o,6,blocks.6.attn.o.weight,4.795558609218336,5.234271816786621,0.9043026485498846,0.18857086780496748,0.3735180913540976,0.8235578398664603,0.41304544662460196,3.5824557973838873,0.8177632801743362,4.400219077558614,0.15783175795973756,0.9875445680896184,0.9050966479191366,0.375436314797785,0.4148024585671953,-0.0019182234436873344,1.5042002398011857e-14,1.0194969868315695e-13
0.04,0.9,9,10,0.04,q,6,blocks.6.attn.q.weight,10.511667256916642,10.670353715911595,0.9045247343256031,0.08604959729204031,0.12096724741047235,0.8963994199355898,0.13373569878181749,2.5431349075279934,0.8181649950068028,3.3612999025349524,0.08408274722813976,0.9964650458092277,0.9050966402510293,0.12517191431323857,0.13829673953769406,-0.004204666902766657,2.496275777450419e-16,1.1339887362460388e-13
0.04,0.9,9,10,0.04,v,6,blocks.6.attn.v.weight,10.620415108234459,10.744314105557965,0.9046825301500466,0.08518334932582888,0.08608976337937277,0.9005770555594386,0.09516019212296971,1.8286180473172404,0.8184504803586901,2.6470685276771064,0.08389278052228771,0.9964810006880657,0.905096665827739,0.09033792942266629,0.09981025544939938,-0.004248166043293784,8.863297021368129e-15,1.0793189259006297e-13
0.04,0.9,9,10,0.04,down,6,blocks.6.mlp.down.weight,6.222168665510706,6.519507158845177,0.9044365804604766,0.14535713013916537,0.23870979105413836,0.8723664159799529,0.263932039251004,2.9705851640953354,0.8180055280750401,3.7885906921702315,0.13411049183757043,0.9910071879894287,0.9050966559444024,0.24119865852034228,0.26648939307887404,-0.0024888674662042827,1.6717089619510282e-15,2.276338839646286e-13
0.04,0.9,9,10,0.04,up,6,blocks.6.mlp.up.weight,22.093825523697085,22.54632772966139,1.8083002443245297,0.08184640737680346,0.38313460088520834,1.7672457812168683,0.21187554560571548,16.929818048098223,3.269949773624154,20.199767821729324,0.07844322501915695,0.9969233302241762,1.8101933053637598,0.39197213109468665,0.21653606271398707,-0.008837530209478835,1.3530502629414499e-14,2.4145095645078385e-13
0.04,0.9,9,10,0.04,k,7,blocks.7.attn.k.weight,10.514937090407152,10.646189393524613,0.9046538292501713,0.08603511570939337,0.0931554806250691,0.8998447683943328,0.10297362108363779,1.959048036798488,0.8183985507769982,2.7774465875759518,0.08459842565596842,0.9964215531882115,0.9050966026983965,0.09736145546123165,0.10757023633826986,-0.004205974836162861,2.7583825990114583e-15,1.0865960908823524e-13
0.04,0.9,9,10,0.04,o,7,blocks.7.attn.o.weight,4.85338897901257,5.3112159978680396,0.9042464192448223,0.18631237330348754,0.3951846044360925,0.8133207947260093,0.43703198157658096,3.835969207691147,0.8176615867170829,4.653630794408713,0.153586222921066,0.9882056360643672,0.9050965380895433,0.397125960027696,0.43876641144373424,-0.0019413555916050283,1.7883833790906263e-14,1.062691601383392e-13
0.04,0.9,9,10,0.04,q,7,blocks.7.attn.q.weight,10.44921332821674,10.586705430442294,0.9046285349472654,0.08657384116222738,0.09923808812156272,0.8991688318146666,0.10970037345477691,2.073919906133161,0.8183527862408357,2.892272692373993,0.08501060168911242,0.9963865988001741,0.9050965826766201,0.10341777345284925,0.11426158868815346,-0.004179685331286696,1.2679395274694093e-15,1.0686417029059925e-13
0.04,0.9,9,10,0.04,v,7,blocks.7.attn.v.weight,10.600463131914802,10.730366495368868,0.9046551460756603,0.08534109640474255,0.09209718274712148,0.8999550223490899,0.10180363550313457,1.9525455805281624,0.8184009333211744,2.770946513849779,0.0839438962308947,0.9964767111427294,0.9050966416491122,0.09633736799988721,0.10643876417921266,-0.004240185252765921,2.715274676134138e-15,1.1798548249508656e-13
0.04,0.9,9,10,0.04,down,7,blocks.7.mlp.down.weight,6.138129289666306,6.425544045166619,0.9044759158538093,0.1473536762049827,0.22750485413031712,0.8753960382058485,0.2515322410940667,2.79290841735712,0.8180766823595871,3.6109850997168067,0.13655554745690018,0.9906762912292637,0.9050966103059332,0.22996010584618307,0.25407244180094085,-0.0024552517158665226,7.91640903320112e-15,2.1887006096399375e-13
0.04,0.9,9,10,0.04,up,7,blocks.7.mlp.up.weight,22.145172252632683,22.613079082646923,1.8082178664998265,0.08165291495011334,0.3990269175812026,1.7636409418515409,0.2206741372120166,17.673039646545593,3.2696518527291842,20.94269149927129,0.07805153350581287,0.9969539790585689,1.8101932311144697,0.40788498648225446,0.2253267659337863,-0.008858068901053074,7.225603800125515e-15,2.5324707608742614e-13
0.04,0.8,9,10,0.04,k,0,blocks.0.attn.k.weight,10.576072859563384,10.63212011809091,0.9050051256547149,0.0855709995261962,0.01747467146676401,0.904836401411085,0.01930891988498095,0.36962679725885905,0.8190342774613063,1.188661074720244,0.08518133545470165,0.9963720700450217,0.9050966935698506,0.021705100610589174,0.023980974369689365,-0.0042304291438253535,6.285653763669225e-16,1.10174022682763e-13
0.04,0.8,9,10,0.04,o,0,blocks.0.attn.o.weight,4.247907990465158,4.466842196010535,0.9048542598766457,0.21301173704978518,0.12820377459095075,0.8957259758416719,0.1416844460769054,1.0891956769853874,0.8187612316169123,1.9079569086024755,0.20155388776675742,0.9796880151630007,0.905096567799948,0.12990293778713705,0.14352384309985505,-0.0016991631961860636,1.0505361455747531e-14,1.038613639536834e-13
0.04,0.8,9,10,0.04,q,0,blocks.0.attn.q.weight,10.615724968210088,10.66929807243927,0.9050157088281903,0.08525236962509443,0.015130917841842995,0.9048892134129918,0.01671895602943117,0.3212513246511764,0.8190534332257917,1.1403047578772458,0.08488894059852922,0.9963969338819756,0.9050966604371234,0.019377207829126813,0.021408992736497823,-0.004246289987284035,1.3732233766668207e-15,1.0820077472883938e-13
0.04,0.8,9,10,0.04,v,0,blocks.0.attn.v.weight,10.17264534855253,10.149887221913948,0.9053708365771508,0.08900053089002817,-0.0630219120812516,0.903174728567044,-0.06960894865965922,-1.2821991215804611,0.8196963517244099,-0.4625027698553765,0.08907209989746434,0.9960330805098736,0.9050966961104452,-0.058952853941830766,-0.06513431569817264,-0.0040690581394210125,5.517695850168675e-15,1.0892675650353567e-13
0.04,0.8,9,10,0.04,down,0,blocks.0.mlp.down.weight,5.967847553417362,6.2229719126918575,0.9045868107598165,0.15157672890652577,0.19202046354294108,0.8839714021285721,0.21227422427445258,2.2918977071216173,0.8182772982006161,3.110175005322162,0.14241120562121728,0.9898595242566423,0.9050965449696294,0.19440760256430792,0.21479211653695052,-0.0023871390213669446,3.85313137587633e-15,2.2686366674129488e-13
0.04,0.8,9,10,0.04,up,0,blocks.0.mlp.up.weight,21.415914659474556,21.62664997592515,1.8095324814404767,0.08449475589593491,0.13532414491886305,1.8044653438595504,0.07478403748306213,5.7961806778974765,3.2744078013881293,9.070588479286187,0.08350994853402319,0.9965130442478,1.8101932648983816,0.14389051078265164,0.07948903223365444,-0.008566365863789822,1.2153509034549867e-15,2.4487530059236207e-13
0.04,0.8,9,10,0.04,k,1,blocks.1.attn.k.weight,10.882273772160172,11.028874568060369,0.9045570047500217,0.08312205920274911,0.10999394340939772,0.8978444783233416,0.12159979175640238,2.393968410921118,0.8182233748423307,3.2121917857636078,0.08147616775545014,0.9966808170438916,0.9050966302158179,0.11434685291826158,0.12633662429059744,-0.004352909508864069,1.1683092211111004e-16,1.0264011862659572e-13
0.04,0.8,9,10,0.04,o,1,blocks.1.attn.o.weight,4.448773847851753,4.765937794967458,0.9046298109616124,0.20334362723302843,0.23649428957881868,0.8731698264810897,0.26142659319111716,2.104219221289056,0.8183550948804427,2.922574316169584,0.18399072031081615,0.9830737074197022,0.9050966518682587,0.23827379911795926,0.2632578505578664,-0.0017795095391407013,5.161517554590977e-15,1.0255685189974884e-13
0.04,0.8,9,10,0.04,q,1,blocks.1.attn.q.weight,11.187417767648743,11.369430944592146,0.9043588289287563,0.08083713755143206,0.1469409149085846,0.8923414475341558,0.16248076560787392,3.287778804485723,0.8178648914613915,4.105643695946682,0.07854662380171037,0.9969152139446235,0.9050966955601659,0.15141588201564385,0.16729249234738647,-0.004474967107059497,4.397468471421982e-15,1.056706805391272e-13
0.04,0.8,9,10,0.04,v,1,blocks.1.attn.v.weight,10.345327382186872,10.38645532887856,0.9050798126426427,0.08748682175114697,0.0016184208422693953,0.9050783656498189,0.0017881526244010976,0.03348618691086303,0.8191694672532412,0.8526556541643657,0.0872232426028735,0.9961960529748655,0.9050966721052061,0.005756551795143936,0.006360151321465482,-0.004138130952874749,1.0538419229361478e-15,1.0934482486124608e-13
0.04,0.8,9,10,0.04,down,1,blocks.1.mlp.down.weight,6.11976858233852,6.394537470596631,0.9045141597150984,0.14780202021453898,0.2140927439579775,0.8788117899240112,0.23669363454234027,2.6203960963613517,0.8181458651251106,3.4385419614867345,0.13775882101545497,0.9905112536161016,0.9050966886550074,0.2165406513909116,0.2392458773799024,-0.002447907432935408,1.1642513048090991e-14,2.28650431921551e-13
0.04,0.8,9,10,0.04,up,1,blocks.1.mlp.up.weight,21.53912376842607,21.774384358509664,1.80940848739229,0.08400566832921398,0.16054511967715326,1.802271993566771,0.08872795767003948,6.916002406285959,3.2739590742472546,10.189961480533498,0.0828413796367579,0.9965686529098201,1.8101932782513057,0.16916076918452316,0.09344900968140646,-0.008615649507370428,4.795660303009004e-16,2.3833799517314347e-13
0.04,0.8,9,10,0.04,k,2,blocks.2.attn.k.weight,10.87473778786971,11.041705284118917,0.9044581301083415,0.08317056905199356,0.13063713225655638,0.8949739933623744,0.14443690416150923,2.841289117298613,0.8180445091190777,3.659333626418203,0.08112072002603882,0.9967097143911701,0.9050966502830753,0.13498702737170404,0.1491410086751353,-0.004349895115147885,3.263667663720196e-15,1.1689434142869715e-13
0.04,0.8,9,10,0.04,o,2,blocks.2.attn.o.weight,4.508283073974504,4.860123612640319,0.9045470659789272,0.20064114234545571,0.2748252294529041,0.8617867995201723,0.30382634557050964,2.477979860487374,0.8182053945710857,3.296185255058976,0.1780245398553432,0.9841536316045927,0.9050965906763005,0.2766285426824945,0.30563427763637235,-0.0018033132295898018,2.30121400479488e-14,1.0795531135698866e-13
0.04,0.8,9,10,0.04,q,2,blocks.2.attn.q.weight,11.052160831964887,11.249413307077221,0.9042941125739481,0.08182057122789625,0.1620177678483078,0.889661781205362,0.17916490397924478,3.5812928557908945,0.8177478420359043,4.399040697827289,0.07914717078322255,0.9968678626784544,0.9050966264547766,0.16643863218109317,0.18389045690406108,-0.004420864332785955,2.582785199810998e-15,1.0260889360402814e-13
0.04,0.8,9,10,0.04,v,2,blocks.2.attn.v.weight,10.45332001681202,10.519189913295358,0.904962711977825,0.08657179829206206,0.026905306023195387,0.904562664815535,0.029730844892374604,0.5624995480214426,0.8189575100702597,1.3814570580919678,0.08607140807798824,0.9962958563556845,0.9050966762691672,0.031086634029920027,0.03434620283665162,-0.004181328006724808,1.2842678408890615e-15,1.0338604972126575e-13
0.04,0.8,9,10,0.04,down,2,blocks.2.mlp.down.weight,6.132809966542831,6.409310132916252,0.9045075682820685,0.14748664530884767,0.2160318326795928,0.8783303412432072,0.23883916537028224,2.64976435309584,0.8181339410795407,3.4678982941758676,0.13736413478933823,0.9905655472366763,0.9050966051410494,0.21848495666620948,0.24139407376537558,-0.0024531239866171324,1.729687434429111e-14,2.2384524789309523e-13
0.04,0.8,9,10,0.04,up,2,blocks.2.mlp.up.weight,21.599758633967202,21.882264565073367,1.8091767861282348,0.08375912049698425,0.2085858680057853,1.797112288960706,0.11529324807012016,9.010808806763007,3.2731206434652886,12.283929450224832,0.08219587632946163,0.9966219189570954,1.8101932534731544,0.21722577145937016,0.12000142583814556,-0.00863990345358688,7.122737055513215e-15,2.4105283741304717e-13
0.04,0.8,9,10,0.04,k,3,blocks.3.attn.k.weight,10.76357688810832,10.914721688871946,0.904542991538608,0.08403739769239292,0.11419828748964031,0.8973052851043409,0.12624970682199582,2.458364095770084,0.8181980235416142,3.2765621193120893,0.08228021055161497,0.9966149834757384,0.9050966279431456,0.11850371824488343,0.1309293555917737,-0.004305430755243328,2.027887173758035e-15,1.051025586007448e-13
0.04,0.8,9,10,0.04,o,3,blocks.3.attn.o.weight,4.556682023318323,4.910952121312254,0.9045342975456299,0.19850722365896378,0.2782635882617195,0.8606693156399037,0.30763188197148744,2.535917380752457,0.818182295436366,3.3540996761889588,0.17593714602539362,0.9845230603241636,0.9050966713698668,0.28008626107104656,0.3094545256112091,-0.0018226728093273291,6.481588936018008e-15,1.1214293382799667e-13
0.04,0.8,9,10,0.04,q,3,blocks.3.attn.q.weight,10.73180549426647,10.89294394584011,0.9044970401736884,0.08428190770480525,0.12423183341269217,0.8959248558054517,0.13734907677402264,2.666463744762253,0.8181148956829628,3.4845786404467134,0.08231793915322448,0.9966118784467297,0.9050966294517245,0.12852455561039855,0.14200092170076267,-0.004292722197706588,1.161719812645839e-14,1.0660135968398876e-13
0.04,0.8,9,10,0.04,v,3,blocks.3.attn.v.weight,10.481686376752597,10.560989725076645,0.9048991038942973,0.08633144241954034,0.04054272632262633,0.90399041785362,0.044803587657616016,0.8499122843445627,0.8188423882287023,1.6687546725734848,0.08567577795698575,0.9963298305356783,0.9050966421672658,0.04473540087332718,0.04942610411879076,-0.004192674550701039,8.918852862818067e-16,1.0877236611417374e-13
0.04,0.8,9,10,0.04,down,3,blocks.3.mlp.down.weight,6.1450843163438025,6.417163502850929,0.9045186383152292,0.14719385312737238,0.2115326711932254,0.8794361239324173,0.2338621474812609,2.5997722002876,0.8181539670596364,3.4179261673474315,0.13736877388010446,0.9905649099812246,0.9050966345475625,0.21399070491976233,0.23642857210128893,-0.002458033726537521,1.000764722228806e-14,2.2754020889692583e-13
0.04,0.8,9,10,0.04,up,3,blocks.3.mlp.up.weight,21.880415659938894,22.207549052853512,1.8089397709664559,0.08267392169694768,0.2548028008587513,1.7909044161146042,0.1408575370768805,11.150382388212225,3.272263094984174,14.422645483195765,0.08070969252283623,0.9967429727663085,1.8101933179508372,0.2635549671227255,0.14559492873450292,-0.008752166263975557,1.3831210044838208e-15,2.5219062949055626e-13
0.04,0.8,9,10,0.04,k,4,blocks.4.attn.k.weight,10.707311513339839,10.847090532007403,0.904601429628656,0.08448445984798769,0.10247901243206925,0.8987779472691203,0.11328637019083362,2.1945494193791832,0.8183037464862082,3.012853165864769,0.0829302200195198,0.9965612893037047,0.9050966300330993,0.10676193703740473,0.11795639658220854,-0.0042829246053359355,6.280540396305129e-15,1.0465846939089474e-13
0.04,0.8,9,10,0.04,o,4,blocks.4.attn.o.weight,4.51818527243458,4.875937276102328,0.904532776213874,0.20019824811798287,0.2813725498051547,0.859656344978212,0.3110694904643511,2.5425866211940304,0.8181795432451782,3.360766164439454,0.1770003874679589,0.9843354314180461,0.9050965938137994,0.2831798239141281,0.31287248880353774,-0.001807274108973832,1.1506274029894035e-14,1.0014211682118912e-13
0.04,0.8,9,10,0.04,q,4,blocks.4.attn.q.weight,10.731189487093024,10.879472143937502,0.9045590356288487,0.08429252290408348,0.1111833537534678,0.8977000115773983,0.12291442501171107,2.3862592738779167,0.8182270489377926,3.2044863228162086,0.08258362861953247,0.99658997214196,0.9050966677631384,0.11547582954830501,0.12758397380214945,-0.0042924757948372095,3.121604645414701e-15,1.1115674353190386e-13
0.04,0.8,9,10,0.04,v,4,blocks.4.attn.v.weight,10.539194806646575,10.62977569091,0.9048440682767289,0.08585514215052617,0.052127382540958105,0.9033413108483092,0.05760924381173703,1.09876127871949,0.8187427878955816,1.9175040666150238,0.08505912189546296,0.9963824728911306,0.9050967154661144,0.05634306046361637,0.062250872752974626,-0.00421567792265863,1.5092224096705246e-15,1.1161991469998966e-13
0.04,0.8,9,10,0.04,down,4,blocks.4.mlp.down.weight,6.1385464759865735,6.407134767202475,0.9045293545733327,0.14735236722761128,0.20782197739671718,0.8803314029361654,0.22975702927269506,2.551449733962359,0.8181733532848499,3.3696230872475326,0.13772554969068554,0.9905158364810913,0.9050966590694491,0.21027739598711212,0.23232590009038723,-0.0024554185903946295,1.2808380050936406e-14,2.1587592824445778e-13
0.04,0.8,9,10,0.04,up,4,blocks.4.mlp.up.weight,21.863669501929188,22.208205332672375,1.8088555295556936,0.08273339154692608,0.27242411619625284,1.7882235396389883,0.15060579009489383,11.912381681740053,3.2719583268042087,15.184340008549157,0.08058629262979242,0.9967529247199756,1.8101932942876828,0.28116958399702385,0.15532572398997038,-0.008745467800771676,9.911781362139656e-15,2.3433685547580296e-13
0.04,0.8,9,10,0.04,k,5,blocks.5.attn.k.weight,10.602872103086915,10.733605668631233,0.9046509892153174,0.08532131486825516,0.09294653296779962,0.8998635198171134,0.1027429738936341,1.9710004029658614,0.8183934122882524,2.7893938152538027,0.08390997153783443,0.9964795583382077,0.9050965693190196,0.09718768180903388,0.10737824570714742,-0.004241148841234766,3.700412862878859e-15,1.0447285397896522e-13
0.04,0.8,9,10,0.04,o,5,blocks.5.attn.o.weight,4.565614675265785,4.940567887034533,0.9044877005385477,0.19810863703382797,0.3007564017444213,0.8530202736367016,0.33251574517303634,2.746275682968924,0.8180980004255095,3.564373683394571,0.1733082269437998,0.9849821292367471,0.9050965947746408,0.30258264761452747,0.3343097845704162,-0.001826245870106314,6.549663372656277e-15,1.0217521273503394e-13
0.04,0.8,9,10,0.04,q,5,blocks.5.attn.q.weight,10.632708575233728,10.775350039019143,0.9045925242788001,0.08507639590403383,0.10511852021255161,0.8984640959379232,0.11620538241387626,2.235389182559755,0.8182876349810916,3.053676817540989,0.08345411469296328,0.9965177053703527,0.9050966132810977,0.10937160364264475,0.12083970046706714,-0.004253083430093492,0.0,1.0839246167293481e-13
0.04,0.8,9,10,0.04,v,5,blocks.5.attn.v.weight,10.540080282846343,10.640113042242557,0.9047995047188313,0.08584370141766043,0.061671780680342486,0.9026952615402881,0.0681607144551954,1.3000510391138038,0.8186621437394425,2.1187131828539236,0.08491545016784509,0.99639468316134,0.9050966462660193,0.06588781279348066,0.07279643899389215,-0.004216032113138537,4.769922381872038e-15,1.1232854923992619e-13
0.04,0.8,9,10,0.04,down,5,blocks.5.mlp.down.weight,6.123119632096062,6.384625284546844,0.9045512122052735,0.1477271826380482,0.20027643153961475,0.8821010409650101,0.22140972101661968,2.452633099612716,0.8182128955020297,3.270845995114655,0.13849262845044416,0.9904098959323334,0.9050966509476753,0.202725679392453,0.22398235501168903,-0.0024492478528384248,3.660485337387996e-15,2.2038967872894943e-13
0.04,0.8,9,10,0.04,up,5,blocks.5.mlp.up.weight,21.943543207251047,22.31146333969008,1.8087339146291064,0.08242670281394786,0.2964605436101152,1.7842728266753456,0.16390500626561566,13.010789495907392,3.2715183739295313,16.282307869840793,0.08003523541387847,0.9967971805460152,1.810193286028369,0.30523796089301447,0.16862175064339005,-0.00877741728290042,7.42228176333371e-15,2.1468851002515166e-13
0.04,0.8,9,10,0.04,k,6,blocks.6.attn.k.weight,10.604823385083979,10.740757546491025,0.9046263012970677,0.0853032878010447,0.0982215744211003,0.899278192394758,0.1085769607629898,2.0832448986813015,0.818348744998413,2.901593643679888,0.08379936035515408,0.9964888336019797,0.9050967003158642,0.10246350377513397,0.1132072448605501,-0.004241929354033592,4.927315418941913e-16,1.0761790764091117e-13
0.04,0.8,9,10,0.04,o,6,blocks.6.attn.o.weight,4.611742694220315,4.993502249974684,0.9044650124935713,0.1961221760327383,0.308867739689044,0.8500927468249277,0.341492191983755,2.8488370839825814,0.818056958824996,3.6668940428077867,0.1708644677951796,0.985402666822484,0.9050966227789587,0.3107124367667315,0.34329200766735507,-0.0018446970776881259,9.688546344930768e-15,1.0201561817524407e-13
0.04,0.8,9,10,0.04,q,6,blocks.6.attn.q.weight,10.45901329494972,10.591550843167964,0.9046511911079766,0.08649488872385314,0.09425345997296083,0.8997277715266594,0.10418762601475534,1.9715963819044173,0.8183937775730808,2.789990159477,0.08502455634492267,0.9963854124091189,0.9050966349950844,0.0984370652909403,0.1087586247533391,-0.004183605317979888,5.700508565696906e-15,1.1120705051270718e-13
0.04,0.8,9,10,0.04,v,6,blocks.6.attn.v.weight,10.583002853651314,10.683415216646239,0.9047958188620057,0.08549518802688746,0.06221087886183091,0.9026545742317722,0.0687568151454057,1.3167558170458253,0.8186554738301673,2.1354112908765615,0.08456683203368671,0.9964242254598391,0.9050967330341121,0.06644408000329113,0.07341102622319037,-0.004233201141460525,3.610754670987654e-15,1.0800214889084003e-13
0.04,0.8,9,10,0.04,down,6,blocks.6.mlp.down.weight,6.10146253445033,6.3603336874839504,0.9045611935778083,0.14825317511505437,0.1973107751068362,0.8827793670863749,0.21812871976788376,2.407768603915432,0.8182309529269092,3.2259995568421402,0.1391315700482369,0.9903212031078377,0.9050966892125181,0.19975136012061628,0.22069615600341055,-0.0024405850137801323,7.025712809274564e-16,2.3721649644592446e-13
0.04,0.8,9,10,0.04,up,6,blocks.6.mlp.up.weight,21.913620045389777,22.29329774798293,1.8086785118188522,0.08253672866794845,0.30832566685492124,1.7822046016868502,0.17047013321613538,13.513063027400346,3.2713179591152577,16.784380986512133,0.08000755961943785,0.9967993952017432,1.8101933646451338,0.31709111487307706,0.1751697476447434,-0.008765448018155911,6.976882241379516e-15,2.5567655631553166e-13
0.04,0.8,9,10,0.04,k,7,blocks.7.attn.k.weight,10.474946678064448,10.581843613004647,0.9047703447526553,0.08637469693734402,0.0683677449189172,0.902183588965501,0.07556364475850219,1.4322969650503385,0.8186093767438387,2.250906341793822,0.08533540774884109,0.9963589340921162,0.9050965978564167,0.07255772359014281,0.08016572348408416,-0.004189978671225779,4.568777647963678e-15,1.0667768751693174e-13
0.04,0.8,9,10,0.04,o,7,blocks.7.attn.o.weight,4.69803118039664,5.106065487288054,0.9043911322588204,0.1925042847805164,0.33870405986940716,0.8385719288983806,0.3745105936890989,3.1824844683868103,0.8179233201083912,4.000407788495149,0.16479088320596702,0.9864219824060477,0.905096594477764,0.3405832723415657,0.3762949440087999,-0.0018792124721586563,1.2263938290262055e-15,1.0188377919106983e-13
0.04,0.8,9,10,0.04,q,7,blocks.7.attn.q.weight,10.38765614078321,10.499650412937903,0.9047510127552205,0.08709866792789349,0.07319669996121272,0.9017852505982326,0.08090258969515629,1.520684299674315,0.8185743950815972,2.339258694755941,0.08596662028074371,0.9963048700987011,0.905096643097086,0.07735176241752581,0.0854624343239649,-0.004155062456313284,9.023365736523027e-16,1.0431065733396139e-13
0.04,0.8,9,10,0.04,v,7,blocks.7.attn.v.weight,10.565487893731788,10.674822700527416,0.9047544228377732,0.08563299981390722,0.07116210366158349,0.9019515068156972,0.07865350184018188,1.5037246894578937,0.8185805656445121,2.3223052551024637,0.08456898535063825,0.9964240433583301,0.905096633650761,0.07538829881907598,0.0832930938158424,-0.004226195157492715,7.482558291721812e-16,1.0328283367444513e-13
0.04,0.8,9,10,0.04,down,7,blocks.7.mlp.down.weight,6.040920424371093,6.29603670669417,0.9045785726392781,0.14974184546280492,0.19277660362664073,0.8837983792540411,0.2131120606407675,2.329096244378129,0.8182623940781137,3.147358638456538,0.1407225356352858,0.9900985839820706,0.9050966088825986,0.19519297179638925,0.21565982004657805,-0.0024163681697484374,1.308514565310124e-14,2.344686944599772e-13
0.04,0.8,9,10,0.04,up,7,blocks.7.mlp.up.weight,22.00213033988811,22.404303114060056,1.8085593452990625,0.08219928331304757,0.33151725315716174,1.7779154131532142,0.18330460320191605,14.588171627771112,3.2708869054685734,17.85905853325619,0.07941861875877179,0.9968463414971074,1.8101932573949353,0.34031810529311646,0.18800097939977478,-0.008800852135955245,3.272767502314093e-14,2.341018004448081e-13
0.028,0.9,46,47,0.028,k,0,blocks.0.attn.k.weight,14.397381686027487,14.5069881175044,0.632942959548022,0.043962365751703786,0.09611081023495902,0.6256033105710539,0.1518475066119556,2.7674880382121243,0.40061679004140904,3.168104828254201,0.04313430558378808,0.9990697158408572,0.6335676268598144,0.10014207710704662,0.158060596630207,-0.004031266872087697,2.8360571568318773e-15,8.990464622771199e-14
0.028,0.9,46,47,0.028,o,0,blocks.0.attn.o.weight,7.981465342890499,8.031585667386322,0.6334750516620808,0.07936826440352204,0.025138784326258837,0.6329760521543651,0.03968393744994522,0.4012886717248676,0.401290641078276,0.8025793128032319,0.07887220000062418,0.9968895880334855,0.6335676730101293,0.027373594622268037,0.04320547873317772,-0.00223481029600934,8.812063107901114e-16,9.056731059553513e-14
0.028,0.9,46,47,0.028,q,0,blocks.0.attn.q.weight,14.960708609928453,15.058567024021398,0.6329929413227215,0.04231035827424946,0.08478738234055241,0.6272887401829385,0.1339468054152043,2.5369586419911965,0.4006800637643904,2.9376387057573368,0.04166564502454984,0.9991319870123004,0.6335676442905706,0.08897638075133209,0.14043706548645216,-0.0041889984107799675,7.39494441954944e-15,8.732966606805892e-14
0.028,0.9,46,47,0.028,v,0,blocks.0.attn.v.weight,9.723654082207,9.73650947454008,0.6335952324085045,0.06516019873309765,-0.007778705405626785,0.6335474806777033,-0.012277089548255217,-0.15127488114341708,0.4014429185307868,0.25016803738787985,0.06510376338692737,0.9978807499963733,0.6335676556145463,-0.0050560822626089606,-0.007980335198305972,-0.0027226231430179603,4.946836513582276e-15,1.1231727353733234e-13
0.028,0.9,46,47,0.028,down,0,blocks.0.mlp.down.weight,11.248007368117857,11.271831845426624,0.6335299991006011,0.05632375392074539,0.0060083148133441774,0.633501507427985,0.009483867886088989,0.13516313858093396,0.4013602597604077,0.536523398340151,0.05622440002456662,0.9984194084208232,0.6335676952185411,0.009157756876416775,0.014454267390097792,-0.0031494420630730005,9.618993873341789e-15,2.3107731006444254e-13
0.028,0.9,46,47,0.028,up,0,blocks.0.mlp.up.weight,28.140754277025337,28.215710311995444,1.26682147641392,0.045017324835822825,0.04654140488986845,1.2659662518152026,0.03673872424520024,2.619420477426667,1.6048366531035443,4.2242571305263255,0.04487872469077749,0.9989929500349644,1.2671354213179606,0.05442081608743471,0.04294790846493034,-0.007879411197567096,5.712000044244453e-15,2.0068799053141184e-13
0.028,0.9,46,47,0.028,k,1,blocks.1.attn.k.weight,15.164585745413998,15.21395380861038,0.6333105750852533,0.041762471175763975,0.0362241143425948,0.6322737524640571,0.05719802537280935,1.0986473759999198,0.4010822845148143,1.4997296605168629,0.04156778483641952,0.9991360596318499,0.6335676246538912,0.04047019835131065,0.06387668305087234,-0.00424608400871592,8.963732105930032e-15,9.327824970761789e-14
0.028,0.9,46,47,0.028,o,1,blocks.1.attn.o.weight,10.206132043139476,10.296551015561658,0.6332400733744129,0.06204505984224205,0.07117478675549987,0.6292274153734954,0.11239779310905469,1.452838543537853,0.40099299052723186,1.8538315340654208,0.061139077163916915,0.9981310066217193,0.6335676379565061,0.07403250372757876,0.11685019766218084,-0.0028577169720790537,2.6808137596774904e-15,1.0606446276817394e-13
0.028,0.9,46,47,0.028,q,1,blocks.1.attn.q.weight,15.129436681209933,15.159108746400618,0.6334435193493466,0.04186828185982988,0.016440565922407467,0.6332301319409139,0.02595427282813581,0.4974730022526431,0.40125069220568604,0.8987236944590791,0.041781371528220874,0.9991271584965631,0.6335676210121247,0.02067680819314605,0.03263551909441779,-0.0042362422707387815,2.968343112957072e-15,9.460683104978163e-14
0.028,0.9,46,47,0.028,v,1,blocks.1.attn.v.weight,12.064280980840932,12.11772854845848,0.6333616904386697,0.052498917378043505,0.03694055866014209,0.6322835013198412,0.05832458643742229,0.891322558530382,0.40114703091532933,1.2924695894454317,0.05219616334157194,0.9986377802661583,0.6335676854976391,0.04031855733477735,0.06363733229719398,-0.0033779986746354613,2.3226779768079884e-15,1.0324553711971163e-13
0.028,0.9,46,47,0.028,down,1,blocks.1.mlp.down.weight,12.5722772824879,12.646997327061836,0.6332300312458083,0.05036717032385559,0.05899508168440554,0.630475893915614,0.09316532503731606,1.4834050504787395,0.4009802724715674,1.8843853229479066,0.049867328074420854,0.9987566247952598,0.6335676901159096,0.06251531932350166,0.09867188668043447,-0.0035202376390966123,1.5637164818500002e-14,1.9839815554312246e-13
0.028,0.9,46,47,0.028,up,1,blocks.1.mlp.up.weight,30.16595066116182,30.31521044193572,1.2662866282462362,0.041977348649467894,0.12305136850664923,1.2602936902105708,0.0971749726813993,7.423923022320044,1.6034818248752216,9.02740484719925,0.04158196992980333,0.99913546988828,1.2671352990557867,0.13149783469177354,0.10377568582436297,-0.00844646618512531,3.711165023429326e-15,1.9703596393361167e-13
0.028,0.9,46,47,0.028,k,2,blocks.2.attn.k.weight,15.110715226138488,15.163642666848984,0.6332879733508215,0.04190986090819587,0.03974962823602449,0.6320392584689348,0.06276706634061475,1.201290625238879,0.40105365719079084,1.602344282429442,0.04169028735235283,0.9991309599701956,0.6335676127527016,0.04398062849934309,0.06941741909479503,-0.004231000263318777,1.2360701302320823e-15,8.69874918624225e-14
0.028,0.9,46,47,0.028,o,2,blocks.2.attn.o.weight,11.034432696477102,11.151166813145846,0.6330761918632906,0.05737279018117615,0.09919091252952714,0.6252572491189173,0.15668084474569355,2.189030896818429,0.4007854647041259,2.589816361522338,0.05609308165627385,0.9984267830950931,0.6335676279907076,0.10228055368454045,0.16143588966013359,-0.003089641155013589,2.3999316269488206e-15,1.163140764259829e-13
0.028,0.9,46,47,0.028,q,2,blocks.2.attn.q.weight,15.017211517193084,15.068316078586909,0.6333025375859924,0.0421717798181726,0.03783776990396952,0.6321711851086098,0.05974675239451689,1.136435587973586,0.4010721041128573,1.537507692084148,0.041962909154750955,0.9991195571275887,0.6335676653541232,0.04204258912878341,0.06635848296532673,-0.004204819224814064,1.0514776312161841e-14,9.270080363055211e-14
0.028,0.9,46,47,0.028,v,2,blocks.2.attn.v.weight,13.217047736589985,13.297685154627397,0.6331728503233386,0.04790577010405033,0.06571708661924625,0.6297532238209934,0.10379012079511447,1.737171741912393,0.40090785838658094,2.1380796002994202,0.047371398896008,0.9988779752832709,0.6335676461104208,0.06941785998549123,0.10956661125557664,-0.003700773366245196,2.0894955726850626e-15,9.342049703264799e-14
0.028,0.9,46,47,0.028,down,2,blocks.2.mlp.down.weight,13.227554698764457,13.333443595697327,0.6330236455482738,0.04785643756267381,0.09116559825076169,0.6264245920451355,0.14401610254511335,2.411795875015071,0.40071893582322665,2.8125148108364044,0.04699443093536942,0.9988957617304253,0.6335676413576363,0.09486931356641531,0.1497382558287308,-0.0037037153156540487,1.1190862997804871e-14,2.1025585786316192e-13
0.028,0.9,46,47,0.028,up,2,blocks.2.mlp.up.weight,31.88784261511314,32.09370910567345,1.265824837486359,0.03969615796104141,0.18140683165371047,1.2527585883272017,0.14331116461100835,11.569344994159687,1.602312519197367,13.171657513361083,0.039041836655634474,0.9992378674951731,1.2671352159978289,0.19033542758594071,0.15020924774477015,-0.00892859593223168,2.8697476613392805e-15,2.0861437577401887e-13
0.028,0.9,46,47,0.028,k,3,blocks.3.attn.k.weight,15.631011301886463,15.708814254206153,0.6331020988148063,0.04050295189399543,0.06517533147966786,0.629738393057226,0.10294600444648473,2.03751268592577,0.40081826752371275,2.4383309534480873,0.04009627816177048,0.9991961442387413,0.6335676178841255,0.06955201464419575,0.10977836095296818,-0.004376683164528211,6.104347600440436e-15,9.141320513050832e-14
0.028,0.9,46,47,0.028,o,3,blocks.3.attn.o.weight,11.400223716978847,11.53208437655356,0.6329796787897083,0.055523443618653225,0.11505063681841884,0.6224360406728312,0.18176039559184892,2.6232059970217163,0.4006632737607223,3.023869270783706,0.05399396775622299,0.9985423257229156,0.6335676449313533,0.1182426994591729,0.1866299524685867,-0.0031920626407540773,8.976021059994986e-15,1.0881356579672818e-13
0.028,0.9,46,47,0.028,q,3,blocks.3.attn.q.weight,15.610748765091115,15.693063665591875,0.6330715486612465,0.04055356717269874,0.06969526742581925,0.62922345428541,0.11009066443311741,2.1759906198006056,0.40077958572434896,2.576770205526145,0.04010370466382236,0.9991958464360722,0.6335676513391111,0.07406627708004447,0.11690350181783697,-0.004371009654225513,4.500899635800723e-15,9.255855630552201e-14
0.028,0.9,46,47,0.028,v,3,blocks.3.attn.v.weight,13.832281083212898,13.930062194018523,0.6330442859602983,0.045765718766991516,0.08364085729266871,0.627494442189255,0.13212481203552684,2.313887696226182,0.4007450679869839,2.714632764214798,0.04505749757413494,0.9989849109561337,0.6335676419852879,0.08751389599596818,0.13812873353465918,-0.0038730387032996118,8.055764723593667e-15,8.936081041799326e-14
0.028,0.9,46,47,0.028,down,3,blocks.3.mlp.down.weight,13.689151153964213,13.820054881534618,0.6328483999319484,0.04622992271866931,0.11690135053865278,0.6219575319415221,0.18472251893379749,3.2005605152523473,0.40049709729642735,3.6010576125490843,0.04501538798836102,0.9989868074220176,0.6335676332018483,0.12073431286176223,0.19056262746821456,-0.00383296232310998,1.0416665054687213e-15,2.220827688415028e-13
0.028,0.9,46,47,0.028,up,3,blocks.3.mlp.up.weight,33.08169304081249,33.329153660317274,1.2654614142426752,0.03825261943762946,0.22418255101498485,1.2454456129266902,0.1771547899381417,14.832676675568031,1.6013925909370716,16.43406926649891,0.03737458042364206,0.9993015703689765,1.267135170864881,0.23344542506641128,0.18423087799470791,-0.009262874051427498,6.345316726046557e-15,2.037345986360961e-13
0.028,0.9,46,47,0.028,k,4,blocks.4.attn.k.weight,15.435983330226234,15.533675821143937,0.6329725971573159,0.04100630219766108,0.08502370015770683,0.6272362227770687,0.13432445660293799,2.6248488366170326,0.40065430875207775,3.0255031453695835,0.040387359553241034,0.9991844305941143,0.6335676339283604,0.08934577549017009,0.14102010693979472,-0.004322075332463346,1.6490345537835667e-15,8.857888381119672e-14
0.028,0.9,46,47,0.028,o,4,blocks.4.attn.o.weight,11.651310066703571,11.789591124789373,0.6329312010117095,0.0543227497498726,0.121910355907022,0.6210795201395873,0.19261233402959796,2.840830714029801,0.40060190521412503,3.241432619244364,0.05269862452258229,0.9986114274866571,0.6335676608314103,0.1251727227256988,0.19756804279031334,-0.0032623668186770004,2.6582514551060228e-15,1.13689873487699e-13
0.028,0.9,46,47,0.028,q,4,blocks.4.attn.q.weight,15.281380691749032,15.383596864387322,0.6329487644536358,0.04141960580796129,0.08944978718050978,0.6265962607587251,0.14132231896798667,2.7338325014026044,0.4006241384233841,3.134456639827306,0.04073990661041197,0.9991701300046396,0.6335676124444528,0.09372857377419935,0.14793776060075495,-0.004278786593689729,5.28429544098503e-15,9.568756377531518e-14
0.028,0.9,46,47,0.028,v,4,blocks.4.attn.v.weight,14.204942112008014,14.311573151670732,0.6329715144684613,0.04455995029598782,0.09292866916241299,0.6261127698556188,0.1468133510564847,2.6400927319960417,0.40065293812849756,3.0407456701238402,0.04375917883263052,0.9990425671339006,0.6335676630600348,0.09690605295377522,0.15295296556919244,-0.003977383791362244,3.885379791132922e-15,9.265027980931428e-14
0.028,0.9,46,47,0.028,down,4,blocks.4.mlp.down.weight,13.990719465205528,14.138836452897621,0.6327227773742562,0.0452244631841713,0.13459375638489043,0.6182415658547467,0.21272152860284668,3.7661269746984347,0.40033811300819255,4.166465087705745,0.043736940574184265,0.9990435400144924,0.6335676558942719,0.13851115783514822,0.2186209421307053,-0.003917401450257548,4.976120604089125e-15,2.2555525155953937e-13
0.028,0.9,46,47,0.028,up,4,blocks.4.mlp.up.weight,33.723475176707666,33.99990375949625,1.2652070223156304,0.0375171009418831,0.2538280643077033,1.2394838131607273,0.2006217637356592,17.11992885166518,1.600748809316784,18.720677660989168,0.03646156917508882,0.9993352769865411,1.2671351749446162,0.26327063735717976,0.20776839169403277,-0.009442573049478148,5.310660892529659e-15,2.0797057652399698e-13
0.028,0.9,46,47,0.028,k,5,blocks.5.attn.k.weight,15.332505209332368,15.430406904896625,0.6329757592416899,0.041283257406390404,0.08514860777933617,0.6272224696077974,0.1345211195470501,2.6110829446881407,0.4006583117875938,3.0117412564772508,0.040656873926882366,0.9991735093012,0.6335675541979016,0.08944170923794903,0.14117154302698234,-0.004293101458613063,5.9685033512306996e-15,9.365468470190486e-14
0.028,0.9,46,47,0.028,o,5,blocks.5.attn.o.weight,11.889392409513414,12.031491070666362,0.6328958816840685,0.05323197854733524,0.1261026726932143,0.6202058633972708,0.19924710579198038,2.9985683190761128,0.40055719705265447,3.3991255161292315,0.05156568750042753,0.998670489936252,0.6335675801538269,0.12943170256787795,0.2042902866596372,-0.003329029874663756,2.7487758377725795e-15,1.0433320873914909e-13
0.028,0.9,46,47,0.028,q,5,blocks.5.attn.q.weight,15.321065929295909,15.42338849681866,0.6329462043472728,0.041312151991787706,0.08959006602532973,0.6265736330769656,0.14154451896543038,2.745230616368101,0.4006208975976196,3.1458515139662495,0.0406332880356386,0.9991744679516575,0.6335676486367305,0.09387996448553218,0.1481767017106018,-0.0042898984602028544,1.792180955481131e-15,9.774668054129965e-14
0.028,0.9,46,47,0.028,v,5,blocks.5.attn.v.weight,14.516977832045479,14.62567694871492,0.6329428342080938,0.04360017915098728,0.09530786065496774,0.6257260127826058,0.15057893936695269,2.7671642006956922,0.40061663137537457,3.167780832071145,0.042792500662375235,0.9990844009434829,0.6335676440405068,0.09937261444794038,0.15684610062187304,-0.004064753792972734,0.0,9.473108061874846e-14
0.028,0.9,46,47,0.028,down,5,blocks.5.mlp.down.weight,14.198040875226535,14.362961573823721,0.6326019696679258,0.044555581662799826,0.1517855619090257,0.614122459468665,0.23993849084710103,4.3101152245071495,0.4001852520277393,4.710300476533291,0.042767148714784396,0.9990854854952992,0.6335675879532795,0.15576101335408835,0.24584750911464628,-0.00397545144506343,8.404115898083894e-15,2.091434664341918e-13
0.028,0.9,46,47,0.028,up,5,blocks.5.mlp.up.weight,34.36727760357593,34.654028152436574,1.2650870955165658,0.036810803291120534,0.26466239425793453,1.237093034621536,0.20920488019828107,18.19145194937899,1.6004453592425405,19.791897308615034,0.03570408046655355,0.9993626093189084,1.2671351801584771,0.2742852319869347,0.21646090826128797,-0.00962283772900126,6.058745535102228e-15,2.2104410316026168e-13
0.028,0.9,46,47,0.028,k,6,blocks.6.attn.k.weight,15.572342550073454,15.693570333782816,0.6328030799126145,0.04063634471678313,0.1088422495109945,0.6233723627723214,0.1720001892627084,3.3898575866115426,0.4004397379468908,3.790297324559873,0.03972935278358987,0.9992107892636499,0.6335676048401224,0.11320250542501516,0.17867470584071488,-0.004360255914020568,5.539211097443225e-15,9.721325307243678e-14
0.028,0.9,46,47,0.028,o,6,blocks.6.attn.o.weight,11.963070980155916,12.107236722203998,0.6328801543714085,0.052902816962401754,0.1282938338546608,0.6197402536483494,0.20271426267440043,3.0695764814392748,0.4005372897971779,3.4701137712363845,0.051204372967563194,0.9986890560944456,0.6335676691824847,0.1316434937291045,0.2077812680987476,-0.003349659874443657,7.755684231463217e-16,1.0751989576451848e-13
0.028,0.9,46,47,0.028,q,6,blocks.6.attn.q.weight,15.426921397643037,15.556176261767316,0.6327558916425147,0.041016342491975666,0.11681968057018544,0.6218787507544082,0.18462045492289866,3.6043360597080363,0.4003800184083138,4.00471607811636,0.03998431592621631,0.9992006272399134,0.6335675898541235,0.12113921856152558,0.191201728910119,-0.004319537991340051,1.1744769137287136e-16,8.566389785025219e-14
0.028,0.9,46,47,0.028,v,6,blocks.6.attn.v.weight,14.744724164776612,14.858147887970228,0.6329004221537692,0.04292385636251459,0.1002767155233508,0.6249060126821782,0.15843995676619665,2.957105021083161,0.40056294436241924,3.3576679654467796,0.04206744326015003,0.9991151651087309,0.6335676589509798,0.10440523828948806,0.16478940617384966,-0.004128522766137452,5.278429172306767e-15,9.228793944326963e-14
0.028,0.9,46,47,0.028,down,6,blocks.6.mlp.down.weight,14.4335486552734,14.611474467895112,0.6325003009107941,0.04382153800269386,0.16516391169718375,0.6105550859056674,0.26112858991426463,4.767802711153163,0.4000566306522451,5.167859341806206,0.0417951280775904,0.9991265836343867,0.6335676351218865,0.16920530532066008,0.26706746989705077,-0.004041393623476552,3.0618925361326154e-15,2.0448074657120063e-13
0.028,0.9,46,47,0.028,up,6,blocks.6.mlp.up.weight,34.81389584575051,35.119602575593234,1.2649104226409729,0.036333492472241415,0.2840696545306898,1.2326000197474811,0.22457689449470128,19.779142731539526,1.5999983773057647,21.37914110885049,0.035102615731607355,0.9993839031842934,1.2671351777325477,0.2938175453674988,0.23187545459298617,-0.009747890836810144,3.502632699258561e-15,2.123594269182183e-13
0.028,0.9,46,47,0.028,k,7,blocks.7.attn.k.weight,15.41149668874757,15.529574745316992,0.632833641722865,0.041062438937868845,0.10553754871162122,0.6239713486276727,0.16676981398191684,3.2529831650153715,0.40047841809622353,3.6534615831100155,0.040187665471647455,0.9991924757719215,0.6335675768993753,0.10985276778447026,0.1733876097670278,-0.00431521907284932,6.9531737194315944e-15,9.596381848886448e-14
0.028,0.9,46,47,0.028,o,7,blocks.7.attn.o.weight,12.018238052201632,12.15201004099532,0.6329323668217255,0.05266432267962757,0.11785000279527698,0.6218639383432499,0.18619683393197542,2.832698776092533,0.40060338097055126,3.233302157063804,0.05119052184131665,0.9986897652367508,0.6335675659081106,0.12121510944989307,0.19132151955435403,-0.003365106654616457,4.234251368210881e-15,1.1209739733675228e-13
0.028,0.9,46,47,0.028,q,7,blocks.7.attn.q.weight,15.396928806916891,15.523858210348537,0.6327736959864172,0.04109739701479628,0.11444991866891058,0.6223373413584132,0.18087022168406838,3.5243544994052893,0.40040255033231076,3.9247570497384743,0.040097148752353935,0.9991961093309213,0.6335676408410426,0.11876105873484695,0.18744811300210204,-0.00431114006593673,3.4201791745585618e-15,8.902253934017779e-14
0.028,0.9,46,47,0.028,v,7,blocks.7.attn.v.weight,14.951810707274321,15.067404694102187,0.6328751953917482,0.04232766236692946,0.1026467575347427,0.6244955212888369,0.1621911528246965,3.0695097767499138,0.40053101294214344,3.470040789689591,0.041455694094650886,0.9991407127135229,0.6335676779323165,0.10683326453277919,0.16862170886216216,-0.00418650699803681,1.1142003628529086e-14,8.494008447990087e-14
0.028,0.9,46,47,0.028,down,7,blocks.7.mlp.down.weight,14.690887546334634,14.884999497615164,0.6323728844158126,0.04304524709084641,0.1817840366404554,0.6056814583320438,0.28746336397454464,5.34113768000741,0.3998954649443747,5.741033144953633,0.04069915523648027,0.9991717893814216,0.6335676001450856,0.1858974851534282,0.2934138126868515,-0.004113448512973698,7.696686491794184e-15,1.9369401915714235e-13
0.028,0.9,46,47,0.028,up,7,blocks.7.mlp.up.weight,35.70209360271024,36.03209698299593,1.26465459328124,0.03542242108695936,0.30912996840801255,1.2262911167175425,0.2444382600991089,22.07317413501145,1.5993512403073387,23.672525375340683,0.03403822857302805,0.9994206994976961,1.267135218041837,0.319126554616771,0.25184885564930637,-0.00999658620875887,1.611198073456157e-14,2.181477654766839e-13
0.028,0.8,46,47,0.028,k,0,blocks.0.attn.k.weight,13.47056703502559,13.56300595399764,0.6330926068394074,0.04699821508576938,0.0778789789905178,0.6282842616731567,0.12301356570773044,2.098148014222239,0.40080624883471644,2.4989542630573283,0.0463358158300255,0.9989264960856306,0.6335676415687509,0.08165073776032487,0.12887453904393353,-0.0037717587698071656,1.6995383758570931e-15,1.0484755424977621e-13
0.028,0.8,46,47,0.028,o,0,blocks.0.attn.o.weight,5.8614150871948905,5.898869554660647,0.6335569772286938,0.10808942342486384,0.0033337303816660816,0.6335482062455272,0.005261926711388283,0.0390807551114751,0.40139444339515956,0.44047519850641237,0.1075572782384041,0.9942157159489214,0.633567738708074,0.004974926606080544,0.007852241050380909,-0.0016411962244145695,7.146948674339898e-15,1.0364278879571032e-13
0.028,0.8,46,47,0.028,q,0,blocks.0.attn.q.weight,14.034265754887535,14.096561454727901,0.6332567571612697,0.0451221865269819,0.0481469950485526,0.6314237779481152,0.07603076398960736,1.351415447621283,0.40101412049040736,1.7524295681113813,0.044803995604994526,0.9989963009888653,0.6335676432142437,0.05207658945992087,0.08219578448754672,-0.00392959441136851,2.0024046852695726e-15,9.708900350346994e-14
0.028,0.8,46,47,0.028,v,0,blocks.0.attn.v.weight,8.96203709885669,8.945274173307489,0.6337178602731741,0.070711363195988,-0.03915277544207789,0.6325072225709758,-0.06178266054423725,-0.7017772520702144,0.40159832642921023,-0.30017892564166004,0.07075282104898861,0.9974970191567475,0.6335677751736067,-0.03664340505439815,-0.057836598530216166,-0.002509370387679874,8.879794009212769e-15,1.1481701006621492e-13
0.028,0.8,46,47,0.028,down,0,blocks.0.mlp.down.weight,8.183203696005846,8.214708104583046,0.6335380186477403,0.07741931426648527,0.0070410132991378825,0.6334988912411476,0.011113797581030139,0.11523609210626287,0.4013704210721045,0.5166065131786439,0.0771751169180099,0.9970220006642423,0.6335676263982699,0.00933231033401925,0.014729777761960366,-0.002291297034881637,4.6329606121160706e-15,2.0691781621451355e-13
0.028,0.8,46,47,0.028,up,0,blocks.0.mlp.up.weight,23.530878419879105,23.55949168029055,1.2671468193818363,0.053850383176147765,-0.005487513783310984,1.267134937195833,-0.0043306061297522,-0.2582520393250032,1.605661061869504,1.3474090225473674,0.053803949868868974,0.9985525674891411,1.2671354156341597,0.001101132174254409,0.0008689932904316533,-0.00658864595756615,4.710925006291188e-15,2.2599717236504446e-13
0.028,0.8,46,47,0.028,k,1,blocks.1.attn.k.weight,13.094933829443644,13.12097575899692,0.6334949008482605,0.0483770982808529,0.010744501841010792,0.6334037772866591,0.016960676126396155,0.28139708127674345,0.40131578940074747,0.6827128706772498,0.04828821325547774,0.9988341242302488,0.633567695201758,0.014411083313254877,0.02274592505646252,-0.0036665814722442206,1.8159781301924193e-15,9.599526035186656e-14
0.028,0.8,46,47,0.028,o,1,blocks.1.attn.o.weight,7.672574932867667,7.727746447826242,0.6334649055157725,0.08256223120117662,0.02921973905925395,0.6327906394452008,0.04612684744621013,0.44838127490193225,0.4012777865201066,0.8496590614218178,0.08195436825770051,0.9966417407616889,0.6335676353477698,0.03136806004045682,0.04951019952785099,-0.002148320981202947,4.521349425117372e-15,1.034571733837808e-13
0.028,0.8,46,47,0.028,q,1,blocks.1.attn.q.weight,13.377402781107639,13.372204490580824,0.6336761450131873,0.04736914596816224,-0.020205629436488647,0.6333539210409339,-0.03188636592287714,-0.5405976868354272,0.4015454567587739,-0.1390522300764303,0.047376757975517166,0.9988777214018194,0.6335677702275447,-0.016459956657778625,-0.025979788479245182,-0.003745672778710139,9.536640839201045e-16,9.045628829307262e-14
0.028,0.8,46,47,0.028,v,1,blocks.1.attn.v.weight,10.465483471162297,10.478936579798678,0.6335873392243349,0.060540665987404076,-0.005717144290763199,0.6335615445137134,-0.009023450970094155,-0.1196653581544643,0.4014329164253724,0.28176755827155375,0.06048815156957895,0.9981705917597895,0.6335676735681438,-0.002786808918837943,-0.004398597079840131,-0.0029303353719254436,5.176613813545181e-15,1.1663369922643163e-13
0.028,0.8,46,47,0.028,down,1,blocks.1.mlp.down.weight,9.661337748589354,9.729102578515576,0.6333601436480546,0.0655561538297873,0.047242154407231805,0.631595796699786,0.07458971784224445,0.9128448193985511,0.40114507156188434,1.3139898909608263,0.06495245877770595,0.997890589049255,0.6335676649583378,0.04994732897683658,0.07883503489737126,-0.0027051745696050193,4.20370920791321e-15,2.2044258779496673e-13
0.028,0.8,46,47,0.028,up,1,blocks.1.mlp.up.weight,25.163472055094246,25.250922909250665,1.266805909669377,0.05034304911880859,0.05571537748238086,1.2655801078895443,0.04398098955578917,2.803984688633836,1.6047972127732575,4.408781901411089,0.05013590777184885,0.9987431953758339,1.2671353405978731,0.0627611496578066,0.04952994968019279,-0.00704577217542639,5.349053346465903e-15,2.2488217885086037e-13
0.028,0.8,46,47,0.028,k,2,blocks.2.attn.k.weight,13.11970945003503,13.159395255806066,0.6334151572893312,0.04827966348657515,0.024455293242325496,0.6329428885107827,0.0386086328388173,0.6416926837094312,0.40121476148386814,1.042907445192725,0.04811209753110162,0.9988426130355282,0.6335676208382363,0.028128811888335166,0.04439748964935989,-0.0036735186460098088,3.77490622892336e-15,1.0129093744315476e-13
0.028,0.8,46,47,0.028,o,2,blocks.2.attn.o.weight,8.538176517435947,8.615390987841064,0.6333590592196086,0.07417966329534367,0.05407243166599517,0.6310466464765752,0.08537405580433373,0.9233599325825197,0.4011436978955476,1.3245036304783895,0.07329566848978239,0.9973138724902694,0.6335676396981267,0.05646312109087715,0.08911932610349212,-0.0023906894248820654,3.4462178008258224e-15,9.717920912422073e-14
0.028,0.8,46,47,0.028,q,2,blocks.2.attn.q.weight,13.327182678070589,13.357451758143936,0.6334668172194187,0.047531937733679155,0.015248501419071804,0.6332832634158616,0.02407150778000431,0.4064391279575771,0.40128020851810037,0.8077193364777884,0.04742381879603699,0.9988754907053511,0.6335676257478565,0.01898011256893143,0.029957516447478683,-0.0037316111498597654,1.1309966410778127e-14,9.847287915643044e-14
0.028,0.8,46,47,0.028,v,2,blocks.2.attn.v.weight,11.500795913786861,11.53640007553496,0.6334669364376488,0.055080269329730897,0.01821350869135242,0.6332050439319945,0.028752106295835293,0.4189396926664548,0.40128035955970026,0.8202200522264604,0.05490827359215597,0.9984925407455125,0.6335677015986206,0.021433731547212547,0.03383021497644351,-0.0032202228558603214,1.7084393454213755e-15,1.038982268275479e-13
0.028,0.8,46,47,0.028,down,2,blocks.2.mlp.down.weight,10.343678427352115,10.428655276703992,0.6332595147004643,0.06122188727618563,0.065941234952153,0.6298169309344336,0.10412987633252319,1.3641498588950844,0.4010176129586675,1.7651674718564863,0.06042049671511387,0.9981746817882255,0.6335676467964233,0.06883746491181109,0.1086505367814809,-0.0028962299596585928,2.5087928560207736e-14,2.4781739160761873e-13
0.028,0.8,46,47,0.028,up,2,blocks.2.mlp.up.weight,26.848819663036032,26.98691092171082,1.2664687675568977,0.04717037037201683,0.10857647993655559,1.2618059625799138,0.08573166801894912,5.830300658927662,1.6039431391970875,7.434243798124498,0.046769009898038234,0.9989063298564693,1.2671354066306189,0.11609414944220434,0.09161937140633211,-0.00751766950565009,1.0927023457323885e-15,2.1855824441918692e-13
0.028,0.8,46,47,0.028,k,3,blocks.3.attn.k.weight,13.333192191173858,13.38140930301931,0.633360636990091,0.047502550620199965,0.03326117327888145,0.6324866724609125,0.05251537802688206,0.8869552316625254,0.4011456964884939,1.288100928152204,0.04727928571360133,0.9988823345711586,0.6335676612928806,0.03699446709240996,0.05839071239355516,-0.0037332938135286806,6.349016806984994e-15,9.444701964955726e-14
0.028,0.8,46,47,0.028,o,3,blocks.3.attn.o.weight,8.913925044636668,8.995240979701666,0.6333294770641654,0.07104945059474414,0.059187975538344206,0.6305576976535151,0.09345526725317352,1.0551943549851779,0.40110622651836925,1.4563005815033705,0.07014218344077074,0.9975400370510248,0.6335676052716919,0.06168387455084234,0.0973595777902668,-0.0024958990124982674,3.1613101058858794e-15,1.1169537517119466e-13
0.028,0.8,46,47,0.028,q,3,blocks.3.attn.q.weight,13.51437106244827,13.565667403899182,0.6333380391429972,0.046864040969159346,0.036553304008113865,0.6322823165261366,0.05771531433288935,0.9879898278482567,0.4011170718254967,1.3891068996736067,0.04662167789696575,0.9989132095749838,0.6335676978936172,0.040337327905599206,0.06366695783214042,-0.0037840238974855157,1.2355429643644067e-15,1.0407213285601458e-13
0.028,0.8,46,47,0.028,v,3,blocks.3.attn.v.weight,11.947224152118359,11.986402847599411,0.6334403305805869,0.0530198749529841,0.022450471538087453,0.6330423593519092,0.03544212525512895,0.5364416315725684,0.40124665240604324,0.9376882839790426,0.05283180880395614,0.9986043999891965,0.6335677127018751,0.025795694300680433,0.04071497613202803,-0.003345222762593141,2.373852343410568e-15,1.0926589494308914e-13
0.028,0.8,46,47,0.028,down,3,blocks.3.mlp.down.weight,10.831171324393315,10.931108024007646,0.6331683186582784,0.0584579727985924,0.0818908777860983,0.6278503037253476,0.1293350841678718,1.7739482544123708,0.40090211975255113,2.1748503741643077,0.05746074299560065,0.9983491315070816,0.6335676938597574,0.0849236057569281,0.13404030315934362,-0.0030327279708301288,5.351855031614607e-15,2.303313789697725e-13
0.028,0.8,46,47,0.028,up,3,blocks.3.mlp.up.weight,28.010140535399096,28.16016770196375,1.2663569126327123,0.04521065901230648,0.12180253703341183,1.2604856096542747,0.09618341860683538,6.823412359748036,1.603659830172655,8.427072189914838,0.04477251643211199,0.9989977108860589,1.2671353107553658,0.12964537638332294,0.10231375866720865,-0.007842839349911748,8.171740531001511e-15,2.1839864985939705e-13
0.028,0.8,46,47,0.028,k,4,blocks.4.attn.k.weight,13.182615993045086,13.23897032335073,0.6333164663676613,0.04804178978601727,0.041261956521921724,0.6319708834404304,0.06515219280271767,1.0878810559004326,0.401089746572421,1.4889708024732329,0.047749262677618136,0.998860003956818,0.6335676583657948,0.0449530889999742,0.07095231015409599,-0.0036911324780526246,1.783751958581296e-15,1.079145453553032e-13
0.028,0.8,46,47,0.028,o,4,blocks.4.attn.o.weight,9.12676356544504,9.214749749684593,0.6332944934355467,0.06938872568511266,0.06643854887143046,0.6297998369638609,0.104909405592664,1.2127378543616223,0.4010619154157857,1.6137997697772022,0.06838691835603182,0.9976616146988293,0.6335676858581251,0.06899404266975499,0.10889766667362016,-0.0025554937983246115,3.0124899997640176e-15,1.0683381262976965e-13
0.028,0.8,46,47,0.028,q,4,blocks.4.attn.q.weight,13.317486509200023,13.38115595249883,0.6332695746364504,0.047551733895053946,0.04876510846524905,0.6313891972125223,0.07700529192997199,1.2988573482112602,0.4010303541602308,1.6998877023702619,0.047198096188693854,0.998886169858028,0.6335676277121799,0.05249400468782486,0.08285461944667427,-0.003728896222576007,7.301645809861006e-15,1.0674664277510182e-13
0.028,0.8,46,47,0.028,v,4,blocks.4.attn.v.weight,12.284027533637568,12.330100224670845,0.6333963806496921,0.05156259857894747,0.029829309899938837,0.6326935966888718,0.047094222214124584,0.7328481282405127,0.40119097502012957,1.134039103262154,0.05132984014985952,0.9986826237550452,0.6335676781899273,0.03326883760935727,0.052510313822202476,-0.0034395277094185195,9.534263659982903e-15,9.938924683261519e-14
0.028,0.8,46,47,0.028,down,4,blocks.4.mlp.down.weight,11.262382819718788,11.379777062433465,0.6330607922907989,0.05621020013477094,0.10021383938849927,0.625078517572731,0.15830049911299143,2.2572932460541844,0.4007659667358541,2.6580592127899223,0.054949633276133676,0.9984902689012802,0.6335676390095373,0.10336730657802005,0.1631511778909908,-0.0031534671895212607,1.5363166139346241e-15,2.5795988609078613e-13
0.028,0.8,46,47,0.028,up,4,blocks.4.mlp.up.weight,28.622159811204348,28.795570914092554,1.2661865521629618,0.04423798065956239,0.14592965172142047,1.2577491489273547,0.11525130437701799,8.353643625527777,1.6032283848783289,9.956872010411757,0.04368898771593543,0.9990456361760676,1.2671352069025315,0.15394385646855646,0.12148968447089947,-0.008014204747137219,5.895589749480447e-15,2.217152243050302e-13
0.028,0.8,46,47,0.028,k,5,blocks.5.attn.k.weight,13.150074134794268,13.211517219193647,0.6332876240445485,0.04815848318063161,0.04633754362161738,0.6315900939843615,0.0731698234140097,1.2186842676970635,0.40105321476798944,1.6197374824650126,0.04781969359780553,0.9988566384520481,0.6335676788156719,0.05001956437935953,0.07894904688455874,-0.0036820207577423956,8.141694627863927e-16,1.158274864909714e-13
0.028,0.8,46,47,0.028,o,5,blocks.5.attn.o.weight,9.446453923991351,9.543880645931317,0.6332418849566388,0.06703487785489341,0.07670448469275643,0.6285791174478492,0.1211298344518205,1.4491707608272468,0.400995284863437,1.85016604569077,0.06589778527946134,0.9978287409475805,0.6335677144071364,0.07934949179147403,0.12524232214977313,-0.0026450070987175784,3.1203276258783785e-16,1.0110749043557021e-13
0.028,0.8,46,47,0.028,q,5,blocks.5.attn.q.weight,13.312987279383085,13.3751612135977,0.6332786019522284,0.04756848246470901,0.047257064647315786,0.6315129116111254,0.07462286662084414,1.2582654010213983,0.4010417876905689,1.6593071887124609,0.04722851945479828,0.998884733475004,0.6335676737936867,0.050984701085542865,0.08047238392113008,-0.0037276364382272643,2.3831062378751697e-15,9.984114229810714e-14
0.028,0.8,46,47,0.028,v,5,blocks.5.attn.v.weight,12.564696161022187,12.613556229874666,0.6333746905559674,0.050409073362299266,0.03299115379085765,0.6325148871042384,0.05208789407404088,0.8290476467673634,0.40116349863686745,1.2302111454042972,0.05016142225996211,0.9987419158583781,0.633567683133113,0.03650926871594378,0.05762489105409936,-0.0035181149250862126,0.0,1.0152469143154264e-13
0.028,0.8,46,47,0.028,down,5,blocks.5.mlp.down.weight,11.642572470034692,11.776374241956526,0.6329550926771587,0.05436557035021596,0.11736514521578323,0.6219787552919277,0.18542412656697874,2.732864417261803,0.4006321493459505,3.133496566607448,0.05283424971123013,0.9986042710286092,0.6335676589466663,0.12062506550739235,0.19039018769982158,-0.003259920291609714,2.664221631157797e-15,2.33062267401829e-13
0.028,0.8,46,47,0.028,up,5,blocks.5.mlp.up.weight,29.304691937757585,29.488990450880372,1.2660882052014366,0.043204283051006834,0.1575278273102331,1.2562501052632133,0.12442089473945472,9.232608901901314,1.602979343350195,10.835588245239364,0.04261031982752458,0.9990921803219919,1.267135273369464,0.1657331410528043,0.13079356603506118,-0.008205313742572124,1.4642269614978875e-14,2.1231801039522935e-13
0.028,0.8,46,47,0.028,k,6,blocks.6.attn.k.weight,13.31445493060079,13.38573546041753,0.6332245893978291,0.04755918230963256,0.056413512400300195,0.6307066641766055,0.08908926365911841,1.5022303366613716,0.40097338061804927,1.903203717279581,0.04713090770209861,0.9988893387695325,0.6335675997473807,0.060141559780868194,0.09492524523799534,-0.003728047380568222,4.758685179169958e-16,1.113553693699032e-13
0.028,0.8,46,47,0.028,o,6,blocks.6.attn.o.weight,9.584382640541698,9.685096928050916,0.6332216716106354,0.06606807087731698,0.08032558161404976,0.6281062699382939,0.12685223076736632,1.5397422200262278,0.4009696853973673,1.9407119054242372,0.06488702201822305,0.9978948371867522,0.6335676878390057,0.08300920875340115,0.13101869042048497,-0.0026836271393516757,6.211494617428619e-15,1.0222898916278922e-13
0.028,0.8,46,47,0.028,q,6,blocks.6.attn.q.weight,13.502462766795313,13.579308958057599,0.6331849363140604,0.04689403312936082,0.062218569868806826,0.6301206337984743,0.09826287124105927,1.6802078461136338,0.40092316357504065,2.0811310096896136,0.046415498438910296,0.9989228007522877,0.6335676091670743,0.06599925944350939,0.10417082326900509,-0.003780689574702688,4.778114468419171e-15,9.21632561934338e-14
0.028,0.8,46,47,0.028,v,6,blocks.6.attn.v.weight,12.688376858007528,12.74161433593582,0.6333471734779224,0.049915539281781524,0.03754223110700427,0.632233519386667,0.0592759116628677,0.9526999527521666,0.40112864215247346,1.353828594904229,0.04963486498445787,0.9987681900889366,0.6335676918373021,0.0410949766272462,0.06486280338581286,-0.003552745520242108,2.976118401420529e-15,1.0147698653595327e-13
0.028,0.8,46,47,0.028,down,6,blocks.6.mlp.down.weight,12.135319353285682,12.28538701525446,0.6328367127283632,0.052148336133982356,0.13449485375474463,0.6183796886140609,0.2125269458133899,3.26427600337456,0.40048230497684084,3.664758308352873,0.05035052975551477,0.9987324120765526,0.6335675559168016,0.1378927431736636,0.2176448934070281,-0.0033978894189199914,9.227171458879409e-15,2.3379909119825015e-13
0.028,0.8,46,47,0.028,up,6,blocks.6.mlp.up.weight,29.966705453185178,30.16510576494773,1.2659658073077034,0.042245745341790424,0.17231625083716207,1.2541836129412722,0.1361144588917631,10.327500667268819,1.602669425272245,11.930170092524463,0.04158628969721206,0.9991352902545014,1.2671351660060566,0.1807069283640525,0.14261061740842632,-0.00839067752689185,1.9115775107475282e-14,2.1669601876772582e-13
0.028,0.8,46,47,0.028,k,7,blocks.7.attn.k.weight,13.210354902727087,13.279645245354306,0.633239794145803,0.04793510839100014,0.054294852792652275,0.6309078425967738,0.08574137837608943,1.434508549564519,0.40099263688981895,1.835501186455673,0.04752280750239929,0.9988707913834931,0.6335676610594491,0.057993752165415684,0.0915352151472485,-0.0036988993727635846,7.091366393146556e-15,1.036891926486927e-13
0.028,0.8,46,47,0.028,o,7,blocks.7.attn.o.weight,9.80458176447065,9.908276647582456,0.6331985121018665,0.0645818992908417,0.08379664898427447,0.6276292515068811,0.13233867007380712,1.6431821931099309,0.40094035572801756,2.0441225488374357,0.06337576346197185,0.9979917563027516,0.6335676627798491,0.08654193187832608,0.1365946164275709,-0.002745282894051782,5.790071714996157e-15,1.0897532876086302e-13
0.028,0.8,46,47,0.028,q,7,blocks.7.attn.q.weight,13.473177657679265,13.550054435430418,0.6331858306432884,0.046996027717514245,0.06221749442516299,0.630121638665866,0.09826103398737274,1.6765347116117806,0.4009242961274311,2.077459007739833,0.0465158377732205,0.9989181384180756,0.6335676424231461,0.06598998416931302,0.10415617804742582,-0.0037724897441501946,3.095979746512576e-15,1.0415149645504052e-13
0.028,0.8,46,47,0.028,v,7,blocks.7.attn.v.weight,12.879273214667052,12.938718986784888,0.6333068804564826,0.049172563536835766,0.044012300120456496,0.6317756898391264,0.06949600814179181,1.1336928761145657,0.4010776048335216,1.5347704809476,0.048842870175866464,0.9988071870164429,0.6335677102663171,0.0476184966205631,0.07515928581737048,-0.003606196500106775,3.395452266803299e-15,9.767880948530205e-14
0.028,0.8,46,47,0.028,down,7,blocks.7.mlp.down.weight,12.716920698753283,12.891462638924548,0.6326577197920629,0.04974928559978251,0.16000261456362438,0.6120906417724453,0.25290549622347586,4.069481121997597,0.4002557904124923,4.469736912407768,0.04749370299309302,0.998872174087887,0.6335676159498792,0.16356335235927486,0.258162425353846,-0.0035607377956509197,1.4365643759621828e-14,2.299128769311931e-13
0.028,0.8,46,47,0.028,up,7,blocks.7.mlp.up.weight,31.219112725869394,31.45432980975451,1.2656524412098122,0.040540948499187886,0.2104478177152666,1.2480335804617013,0.1662761520169816,13.139988288332244,1.6018761019403571,14.741864390270734,0.03968545370692821,0.9992125323819432,1.2671352374111742,0.21918916927850907,0.17298009147494342,-0.00874135156324343,2.7577859567728625e-15,1.8888601620303813e-13
0.04,0.9,46,47,0.04,k,0,blocks.0.attn.k.weight,16.78915755783124,16.90978290827176,0.9043539036435612,0.053865353310817474,0.09670200869151604,0.8991688965653608,0.10692938715906714,3.247090520161257,0.8178559830353475,4.06494650319803,0.053193296334908956,0.9985852366124663,0.9050966353784788,0.10341767171464804,0.11426146962904407,-0.006715663023132496,4.3734766028578364e-15,9.387629562596089e-14
0.04,0.9,46,47,0.04,o,0,blocks.0.attn.o.weight,9.83914036434397,9.88976819712436,0.905048434221312,0.09198450278249044,0.009132871808305715,0.905002353001969,0.010091031002294899,0.17971921530295973,0.8191126682864485,0.9988318835896024,0.09160509339625905,0.9958042534318765,0.9050967049779711,0.013068527954043115,0.014438819500907571,-0.003935656145737589,5.811763939096298e-16,1.0964146257563812e-13
0.04,0.9,46,47,0.04,q,0,blocks.0.attn.q.weight,17.110083091725766,17.218489159636075,0.9044289186133296,0.052859411246851326,0.08484569742759543,0.9004403791769319,0.0938113495504775,2.9034338659231618,0.8179916688240768,3.7214255347450944,0.052312868520976025,0.9986316818935088,0.9050966153740678,0.09168973066428551,0.10130380459592263,-0.0068440332366903065,8.052660657865212e-15,8.944407714484015e-14
0.04,0.9,46,47,0.04,v,0,blocks.0.attn.v.weight,11.614429309604592,11.663989339766605,0.9050107330524398,0.07792123994452643,0.014405989934000614,0.9048960682831347,0.015918032138040814,0.3346347034466509,0.8190444269401145,1.15367913038682,0.07763884456020506,0.9969861049076273,0.9050966047978215,0.019051761657842198,0.021049423406132365,-0.004645771723841837,8.356337233969447e-16,1.0173546033387382e-13
0.04,0.9,46,47,0.04,down,0,blocks.0.mlp.down.weight,15.021673945981494,15.09935364710469,0.9047405673481809,0.06022901113428917,0.05063473392566749,0.9033225436830193,0.05596602579022102,1.521236926745809,0.8185554942055082,2.3397924209544954,0.05985205258768525,0.998208865900417,0.9050967313422841,0.056643403504059504,0.06258270695559329,-0.006008669578392598,1.3089491643940296e-14,2.0692041829972752e-13
0.04,0.9,46,47,0.04,up,0,blocks.0.mlp.up.weight,35.2570264799017,35.439460854802704,1.8090744319019794,0.0513110325095976,0.13649363170082512,1.8039178996473582,0.07544942833409118,9.624719174427883,3.2727503001614693,12.897469474603668,0.05091789639048854,0.9987036839134702,1.8101931049198432,0.15059644229278418,0.08319357856544964,-0.014102810591960679,1.0319076336661922e-14,2.27079639814054e-13
0.04,0.9,46,47,0.04,k,1,blocks.1.attn.k.weight,19.342721467368065,19.494035847499724,0.9039447990436046,0.04673307220850981,0.13078417295729394,0.8944337313753709,0.14468159238890113,5.059443659706055,0.8171161997179827,5.876559859422912,0.045894514884794346,0.9989468467516947,0.9050965913767814,0.1385212615442406,0.15304583274756337,-0.0077370885869472265,3.589945965507026e-15,1.0008964143604082e-13
0.04,0.9,46,47,0.04,o,1,blocks.1.attn.o.weight,13.865693760016953,14.015768464278771,0.9043354497077201,0.06522107478786654,0.12139600262218482,0.8961504428083443,0.13423780153859924,3.3664795920988593,0.8178226055980643,4.18430219769823,0.06397146307676174,0.9979538259558574,0.9050966570644424,0.1269422801261914,0.1402527333797822,-0.005546277504006781,5.931987440780503e-15,1.038006486320242e-13
0.04,0.9,46,47,0.04,q,1,blocks.1.attn.q.weight,19.844706175212792,19.991796544811496,0.9039468370187178,0.04555103154652905,0.1270476362797267,0.8949741796678147,0.14054768607713594,5.042446024452962,0.8171198841561443,5.859565908608147,0.0447782957197406,0.9989974521161615,0.9050966095087534,0.13498551874981146,0.149139348586308,-0.007937882470085117,2.844503940537215e-15,1.123949024128823e-13
0.04,0.9,46,47,0.04,v,1,blocks.1.attn.v.weight,15.200145011091001,15.347006854397083,0.9042651876845813,0.059490563216651644,0.12067370075685391,0.8961770961166446,0.13344945973851463,3.6685155010583625,0.817695529658231,4.48621103071639,0.058419186147011457,0.9982935993449193,0.9050966263135536,0.1267537587612899,0.14004444948331787,-0.006080058004436401,1.4480516972686459e-15,8.213091665099093e-14
0.04,0.9,46,47,0.04,down,1,blocks.1.mlp.down.weight,16.617762726389525,16.748664944966848,0.9042874477594126,0.05441691897088986,0.10681352473435181,0.8979569361106958,0.1181189952365343,3.550003620009594,0.8177357881752324,4.367739408180341,0.05363293038340351,0.9985617543891405,0.9050966653510372,0.11346062982490673,0.12535747193467076,-0.006647105090555811,1.7021549321772484e-14,2.0794997668271975e-13
0.04,0.9,46,47,0.04,up,1,blocks.1.mlp.up.weight,37.78357585817577,38.05810326694494,1.8081898524089133,0.04785650408516454,0.23225791505859628,1.7932113102612823,0.1284477483098231,17.551069104556436,3.2695505423545677,20.82061964692207,0.04713081510572159,0.9988893431336203,1.8101931901802417,0.24737134540186534,0.1366546657803052,-0.01511343034327031,6.4362033704869e-15,2.2964139270720274e-13
0.04,0.9,46,47,0.04,k,2,blocks.2.attn.k.weight,19.37671272262602,19.51589033939682,0.9040472981034833,0.046656381350374,0.11858766635912744,0.8962357293680636,0.13117418370465955,4.595678286974869,0.8173015172082083,5.4129798041849995,0.04593550165503267,0.9989449648438004,0.9050966034863643,0.12633835144817745,0.13958548840149393,-0.007750685089050409,4.626634014047158e-15,9.978346274253092e-14
0.04,0.9,46,47,0.04,o,2,blocks.2.attn.o.weight,15.011607100144376,15.197585964346075,0.9040151736484707,0.06022107877042534,0.15991052618050638,0.8897595505548327,0.17688920589145787,4.801027980398225,0.8172434341866747,5.618271414583802,0.0585712328389626,0.9982847053418156,0.9050966252918301,0.1659151690205642,0.18331210655775917,-0.006004642840057751,5.783607813897767e-15,9.28883706063921e-14
0.04,0.9,46,47,0.04,q,2,blocks.2.attn.q.weight,19.700175601301744,19.837483510940075,0.9040426805870522,0.04589008234664238,0.11704312310966607,0.896434088852029,0.1294663688153114,4.6115401563704,0.8172931683230228,5.4288333246948355,0.0452004465161007,0.9989784598173229,0.9050966135682822,0.12492319335018663,0.13802194315774247,-0.007880070240520698,3.0333765703214958e-15,9.928603078579457e-14
0.04,0.9,46,47,0.04,v,2,blocks.2.attn.v.weight,16.58990881487777,16.77259784538082,0.903905302905584,0.0544852484116709,0.15907016907649435,0.8897985603107024,0.17598101102534386,5.2779192002924615,0.8170447966208356,6.094963996914203,0.05306941616860629,0.9985918185337165,0.9050966800917241,0.16570613260244535,0.18308114066405856,-0.006635963525951108,2.626775003926683e-15,9.030970415935258e-14
0.04,0.9,46,47,0.04,down,2,blocks.2.mlp.down.weight,17.453672267598215,17.625026081757976,0.9039212806606545,0.05178974755580433,0.14878803144267208,0.8915917245751696,0.16460286379575714,5.193795076282994,0.8170736816311976,6.010868757921912,0.05060288930020341,0.9987196737971267,0.905096647088109,0.15576950034971082,0.17210261561663595,-0.006981468907039286,2.3971320016337704e-14,2.180144086094682e-13
0.04,0.9,46,47,0.04,up,2,blocks.2.mlp.up.weight,40.02207724696296,40.36129190376407,1.8074687805182494,0.04516179331135062,0.2998379299298431,1.7824254846487915,0.16588830366623072,24.000273586443296,3.2669433925481277,27.26721697898097,0.04417253006556351,0.9990243937936831,1.8101933003553612,0.31584676082862667,0.17448233885664166,-0.016008830898785183,7.676667914107363e-15,2.4062848068273635e-13
0.04,0.9,46,47,0.04,k,3,blocks.3.attn.k.weight,19.922699516812017,20.10414223493825,0.903635965980589,0.04535710460412479,0.16177579250723456,0.8890368676115392,0.179027615763038,6.446021006431526,0.8165579590136722,7.26257896544621,0.044232395624169404,0.9990217475886186,0.9050966101192827,0.16974487231395918,0.18754337428309284,-0.007969079806724807,1.9689610730275024e-15,1.0973166819638891e-13
0.04,0.9,46,47,0.04,o,3,blocks.3.attn.o.weight,15.536149761966948,15.743521705678221,0.9038215679183582,0.05817538976941029,0.18246582747739032,0.885211640477899,0.20188257721890565,5.66963284425992,0.8168934266343995,6.4865262708956095,0.05624929187828858,0.9984180085815499,0.9050966242806328,0.18868028738217685,0.2084642482587306,-0.00621445990478678,4.4720950722705156e-15,9.12126277285985e-14
0.04,0.9,46,47,0.04,q,3,blocks.3.attn.q.weight,19.9628520148532,20.148143734039234,0.9035983022437385,0.0452639884106451,0.16570141039554387,0.8882752582453775,0.18337950611913303,6.6157454687574,0.8164898918177665,7.43223536057593,0.044097921337233656,0.9990276866668155,0.905096653666977,0.17368655120148474,0.19189834643382883,-0.00798514080594128,1.260238141217665e-15,1.0411745250682447e-13
0.04,0.9,46,47,0.04,v,3,blocks.3.attn.v.weight,17.363371966750993,17.57588189371799,0.903608424149681,0.052041068168095166,0.19029800532495128,0.8833429987065116,0.21059786544600517,6.60843010197578,0.8165081841942698,7.424938286169663,0.05027470158245311,0.998736227190351,0.9050965661767968,0.19724335411165128,0.21792520431805815,-0.006945348786700397,1.8401191273362358e-15,9.319715138511597e-14
0.04,0.9,46,47,0.04,down,3,blocks.3.mlp.down.weight,18.04688311972777,18.248828894712215,0.9036273650175576,0.05007110419138063,0.18045285807381567,0.8854259883366454,0.19969831045378916,6.51322327655795,0.8165424148085743,7.329765691368323,0.04853389856484372,0.9988222303449358,0.9050965774534793,0.1876716113217059,0.20734981878920206,-0.007218753247891108,4.267270772364189e-15,2.2590132889299674e-13
0.04,0.9,46,47,0.04,up,3,blocks.3.mlp.up.weight,41.55119732369637,41.95039953868309,1.8067914358736825,0.04348349872563796,0.3618370716898387,1.7701890368826283,0.20026499157877106,30.069527129625914,3.264495292746483,33.33402242238958,0.04220659073780074,0.9991093018490277,1.8101931786194096,0.37845755061931563,0.2090702556441827,-0.01662047892947855,8.527307315169554e-15,2.364193910087131e-13
0.04,0.9,46,47,0.04,k,4,blocks.4.attn.k.weight,19.819336381036138,20.010860856568232,0.9035553172065988,0.04558958482944733,0.17185351956426104,0.8870617673341009,0.1901970098472306,6.812045425018129,0.8164122112523173,7.62845763627206,0.04433991384064725,0.9990169860202504,0.9050966127423441,0.17978125411667514,0.19863211461145294,-0.007927734552414455,3.406903937467137e-15,1.0327329269532726e-13
0.04,0.9,46,47,0.04,o,4,blocks.4.attn.o.weight,15.776975969852861,16.000744038562377,0.9036827612020589,0.057278578792846244,0.19947411067263868,0.8813924279600587,0.22073466401782701,6.294196501379981,0.8166425328937774,7.110839034274846,0.055105385809580736,0.9984816982273444,0.905096700673381,0.20578490106057937,0.2273623369828637,-0.006310790387941145,3.330359327202902e-15,8.835857392974766e-14
0.04,0.9,46,47,0.04,q,4,blocks.4.attn.q.weight,19.6662988653789,19.866305072772654,0.9034942397066013,0.04594124425196943,0.18026941392031032,0.8853274984930964,0.19952469644836984,7.090464340887036,0.8163018411830094,7.906766182069134,0.04457534836905648,0.9990065191588298,0.9050966296751626,0.1881359334664615,0.207862815193537,-0.00786651954615156,2.7365260774161676e-15,1.1772484029282104e-13
0.04,0.9,46,47,0.04,v,4,blocks.4.attn.v.weight,17.836325037681828,18.05285785444893,0.9035303528932647,0.0506567553004571,0.1949622119413199,0.8822453369185738,0.2157782650212207,6.95481876450159,0.8163670985994274,7.771185863102744,0.04888472516046976,0.9988051418229424,0.9050966399362904,0.20209674195639243,0.22328747344661226,-0.007134530015072731,4.7092530719974605e-15,1.0044699447209204e-13
0.04,0.9,46,47,0.04,down,4,blocks.4.mlp.down.weight,18.478002704339836,18.702999247847714,0.9033966569564991,0.048890384497255364,0.20428266854383198,0.8799966540465685,0.22612732399525443,7.549471403605372,0.8161255198001784,8.365596923401881,0.0470641310659978,0.9988924837833852,0.9050966457873053,0.211673869625567,0.23386880352588296,-0.007391201081735935,1.1700116185261247e-14,2.3209429170223395e-13
0.04,0.9,46,47,0.04,up,4,blocks.4.mlp.up.weight,42.47668241611177,42.90034901639319,1.8064737622842815,0.04252859826922525,0.38736604795207596,1.7644531727188473,0.21443214733562063,32.90804919528931,3.2633474538215266,36.17139664912952,0.041137813188307185,0.9991538401629214,1.8101931820857342,0.40435672091851904,0.22337766207505688,-0.01699067296644471,8.895103950503516e-15,2.411116011707959e-13
0.04,0.9,46,47,0.04,k,5,blocks.5.attn.k.weight,19.545440856822992,19.73169231021452,0.9036255912896233,0.04623203937475692,0.1662506355263745,0.8882003914775058,0.18398176980480083,6.498883928179977,0.8165392092335213,7.315423137413347,0.04502530962865928,0.9989863607463677,0.9050966173212239,0.17406881186910345,0.19232069652882752,-0.007818176342729197,8.759973088706768e-16,1.0794707142047777e-13
0.04,0.9,46,47,0.04,o,5,blocks.5.attn.o.weight,16.06870050930053,16.290435610921065,0.9036676520446996,0.05623775559956815,0.19785486408609865,0.881741843233972,0.21894649392220564,6.358541110615761,0.8166152253519802,7.17515633597003,0.054146198393676404,0.9985340945997099,0.9050966546718572,0.2042823442898185,0.22570224211455192,-0.006427480203720213,7.925314760601325e-15,9.288273275509518e-14
0.04,0.9,46,47,0.04,q,5,blocks.5.attn.q.weight,19.503490955745974,19.69410462656899,0.9035911093251267,0.04632971150525836,0.17061357640090388,0.8873375346503168,0.188817236734801,6.655120688525007,0.816476892851413,7.471597581381047,0.045067441163827854,0.9989844628734218,0.9050965710423045,0.17841497278320134,0.19712258171273325,-0.00780139638229839,1.1431476077607725e-14,1.0132086142311536e-13
0.04,0.9,46,47,0.04,v,5,blocks.5.attn.v.weight,18.19253284792678,18.419163152337646,0.9034126156490093,0.04965842981847149,0.20561088216687745,0.8797036542202992,0.2275935476273675,7.481165455424241,0.8161543541137847,8.297319809537953,0.04777387156832688,0.9988588285976313,0.9050965557421935,0.21288789530604796,0.23521014852550898,-0.007277013139170713,8.377422243924693e-16,1.1038912839378412e-13
0.04,0.9,46,47,0.04,down,5,blocks.5.mlp.down.weight,18.777977657010247,19.020739485941597,0.9032161561256534,0.04809975667366194,0.22260880359168628,0.8753540685061468,0.24646238010906155,8.360286280196934,0.8157994246864008,9.176085704881757,0.04603322741882864,0.9989404709865926,0.9050966562694034,0.23011999465448982,0.254249082747682,-0.007511191062804099,5.499123084063726e-15,2.2129346965993335e-13
0.04,0.9,46,47,0.04,up,5,blocks.5.mlp.up.weight,43.353591346911394,43.79790181977124,1.8061878598645247,0.04166178172902858,0.40896273471855404,1.7592794169021928,0.22642314446141212,35.46000655420705,3.2623145851219917,38.72232113933046,0.040176227954106684,0.9991929353535643,1.810193170124968,0.42630417125731584,0.23550203276255074,-0.01734143653876456,4.741257710854579e-16,2.5095919266304723e-13
0.04,0.9,46,47,0.04,k,6,blocks.6.attn.k.weight,19.791328437870998,19.991029568673085,0.9034854330899738,0.04565057044686,0.18008634373513233,0.8853557683813253,0.19932401468746028,7.128295952074672,0.8162859278057775,7.944581879880332,0.044298519918492194,0.99901882056646,0.9050966344296161,0.18800287511028024,0.20771580399120365,-0.0079165313751484,9.956527732498725e-16,1.1102230246251565e-13
0.04,0.9,46,47,0.04,o,6,blocks.6.attn.o.weight,16.234950302184536,16.460764516325693,0.9036210915904449,0.055658999551655895,0.20223733205614305,0.8806992328202122,0.22380767108942676,6.566626070355748,0.8165310771671073,7.383157147525253,0.05352210461035743,0.9985676921589915,0.9050966243298263,0.20873131217701676,0.23061771148640697,-0.006493980120873815,8.181723409810355e-15,9.485771543249477e-14
0.04,0.9,46,47,0.04,q,6,blocks.6.attn.q.weight,19.398704138812747,19.60219967532056,0.9034885154562812,0.0465746840093607,0.18352304095767785,0.8846529212065266,0.20312714308824917,7.120218348386413,0.8162914975613949,7.936509845946659,0.04514178832575543,0.99898110947332,0.9050965663709657,0.1912825226132026,0.21133935286061284,-0.007759481655525099,3.402502157575976e-15,1.1274531655502962e-13
0.04,0.9,46,47,0.04,v,6,blocks.6.attn.v.weight,18.450426819208456,18.680918835320107,0.9033539983782083,0.04896114367596853,0.20981710478382165,0.8786496622239314,0.23226454430987892,7.742430274464188,0.8160484463858959,8.558478720850871,0.04704762544035957,0.9988932604701587,0.9050966166193829,0.21719727551150467,0.23997137048501627,-0.0073801707276833824,1.7917458568068365e-15,1.0624140456272357e-13
0.04,0.9,46,47,0.04,down,6,blocks.6.mlp.down.weight,19.168369594863115,19.43167140549374,0.9029960125687153,0.047108649908895066,0.24384074088381225,0.8694501088622834,0.27003523547149294,9.348058887092325,0.8154017987149995,10.163460685810378,0.044755176427342565,0.9989984870913619,0.9050965752300204,0.2515080887217561,0.27787983691998625,-0.007667347837945247,7.075509738695897e-15,2.33734039067901e-13
0.04,0.9,46,47,0.04,up,6,blocks.6.mlp.up.weight,44.0981536694187,44.559042939113354,1.805948138866646,0.04095291953501989,0.42631832388802365,1.7549077944426215,0.23606343654783302,37.59970191780616,3.261448680275903,40.86115059808162,0.03939151656288193,0.9992241542113263,1.810193278241413,0.443957585355788,0.24525424477715935,-0.01763926146776748,1.4887158967674504e-15,2.236678724176766e-13
0.04,0.9,46,47,0.04,k,7,blocks.7.attn.k.weight,19.344025720415782,19.54323236769475,0.9035308195196974,0.04670852037619586,0.17913107808958434,0.8855958438727047,0.19825674367677637,6.930232363781455,0.816367941821936,7.746600305604375,0.04532634850192054,0.9989727610656901,0.9050966276484675,0.18686868837775056,0.2064626943349179,-0.0077376102881663135,2.2324341545142415e-15,1.0223159124800318e-13
0.04,0.9,46,47,0.04,o,7,blocks.7.attn.o.weight,16.41080423665304,16.637116694677875,0.9035993228353975,0.0550612456163017,0.2029962817870437,0.8805022690540957,0.22465298131262784,6.662664482351262,0.8164917362285888,7.479156218579931,0.0529425226496037,0.9985985446476987,0.905096620445038,0.2095606034817044,0.23153395863820925,-0.006564321694661216,4.107277639359476e-16,9.878903250992721e-14
0.04,0.9,46,47,0.04,q,7,blocks.7.attn.q.weight,19.153978514903223,19.35336237470209,0.9035467490043987,0.04717279745831249,0.17911019175950982,0.8856163203354469,0.19823013248276086,6.861345529523694,0.8163967276364178,7.677742257160276,0.0457723224930358,0.9989524472467473,0.9050966610430657,0.18677178316547072,0.2063556205701038,-0.0076615914059612895,0.0,9.901931705136313e-14
0.04,0.9,46,47,0.04,v,7,blocks.7.attn.v.weight,18.5949206424984,18.823435817240348,0.9033551888357386,0.04858074988344583,0.20797646347790597,0.8790883845415516,0.23022667722310866,7.734611667758257,0.816050597196453,8.5506622649537,0.04671454722466907,0.9989088755387477,0.9050965502285102,0.21541443173490482,0.23800160511110005,-0.007437968256999361,3.369005270939122e-15,9.867844388833369e-14
0.04,0.9,46,47,0.04,down,7,blocks.7.mlp.down.weight,19.728248002630856,20.020404795835102,0.9026728552187435,0.04575534812307549,0.27366902146588384,0.8601880900355972,0.30317630566121984,10.798020652232527,0.8148182835487587,11.612838935788773,0.04297549185513349,0.9990765535497959,0.9050965497742006,0.2815603206669349,0.3110831885694154,-0.007891299201052342,1.7585558569007238e-14,2.176475145942991e-13
0.04,0.9,46,47,0.04,up,7,blocks.7.mlp.up.weight,45.49883888408271,45.996048961218726,1.80542934280838,0.03968077839102814,0.4641064054270473,1.744757964967468,0.25706151684957157,42.23260513119199,3.2595751118734992,45.49218024311358,0.03793960606827459,0.9992802931455735,1.8101931877627506,0.48230594098067986,0.2664389327289261,-0.018199535553633083,2.1709533752330503e-14,2.370634070991695e-13
0.04,0.8,46,47,0.04,k,0,blocks.0.attn.k.weight,15.319109707956422,15.36485749129434,0.9049466331621177,0.05907305649048962,0.019087110336602157,0.9047453183579544,0.02109197342378838,0.584795074508555,0.8189284088714524,1.403723483379082,0.058909628459347406,0.9982648278373424,0.90509661082174,0.02521475421978443,0.027858632899853505,-0.006127643883182569,4.815630022721531e-15,9.687953564374574e-14
0.04,0.8,46,47,0.04,o,0,blocks.0.attn.o.weight,7.002955077230494,7.028810907054391,0.9051931919913953,0.12925874605915338,-0.03259850708551624,0.9046060204107712,-0.03601276210860645,-0.45657176140930034,0.819374714827571,0.3628029534184165,0.1289681401997025,0.9916836094066677,0.905096642764643,-0.029797325054624187,-0.03292170542540897,-0.002801182030892198,1.8696909952789625e-15,9.454589888768794e-14
0.04,0.8,46,47,0.04,q,0,blocks.0.attn.q.weight,15.673692718926956,15.668103589813576,0.9052946827883669,0.05775886378678124,-0.0317325287262776,0.9047383651120936,-0.03505215409919269,-0.9947318089003955,0.8195584626848899,-0.1751733462148195,0.05776806376723721,0.9983314254042447,0.9050966115860034,-0.025463051638707133,-0.028132965379340173,-0.006269477087570783,1.9681864974405104e-15,9.503942771660334e-14
0.04,0.8,46,47,0.04,v,0,blocks.0.attn.v.weight,9.871248262845413,9.874119606229618,0.9052564835779794,0.09170638398238774,-0.038637138351170205,0.9044315743051633,-0.04268087448372523,-0.7627935696606135,0.8194893010599684,0.056695731399571514,0.09169258789163619,0.9957962346628113,0.9050965552243492,-0.034688639046032255,-0.0383258988732245,-0.003948499305138165,1.0202849307730448e-15,1.1195731841606715e-13
0.04,0.8,46,47,0.04,down,0,blocks.0.mlp.down.weight,10.723562018831311,10.773433851479382,0.9050305938476151,0.08439645262071681,0.01179711574547569,0.9049537026059659,0.0130350463571865,0.2530142046798799,0.8190803758001668,1.0720945804804103,0.08407294576054843,0.9964658698954552,0.9050966692277668,0.016086540553007664,0.01777328444566345,-0.004289424807532524,3.305793068495027e-15,2.3356577089073127e-13
0.04,0.8,46,47,0.04,up,0,blocks.0.mlp.up.weight,27.58856933735741,27.672707547221133,1.810007860893184,0.06560716645941732,0.024891766560385116,1.8098366933105678,0.013752297488974321,1.3734564553609987,3.27612845649512,4.649584911852003,0.06543653779722104,0.9978590297604463,1.810193254805499,0.0359271942953268,0.019847159522858288,-0.011035427734942965,6.235283008299828e-15,2.2032202451338634e-13
0.04,0.8,46,47,0.04,k,1,blocks.1.attn.k.weight,15.928819466162288,15.996377812963148,0.9047784796935869,0.05680135189023987,0.04200529282774146,0.9038028837591109,0.04642605208953136,1.3381894521527506,0.8186240973166385,2.156813549469007,0.056523048566882776,0.998402572490309,0.9050966630498777,0.04837682061420613,0.05344934147828164,-0.006371527786464916,2.2214517496151435e-15,8.79144847198976e-14
0.04,0.8,46,47,0.04,o,1,blocks.1.attn.o.weight,10.10332671520893,10.152261928695895,0.9050496723375051,0.0895793729975196,0.00851683064629104,0.9050095982883761,0.009410346091054105,0.1720966451951648,0.8191149093982254,0.9912115545936189,0.08923249933272105,0.9960187805313598,0.9050967243395279,0.012558161332374397,0.013874938439909178,-0.004041330686083572,9.651451028030352e-16,1.162629020834416e-13
0.04,0.8,46,47,0.04,q,1,blocks.1.attn.q.weight,17.171825504456795,17.240676519062802,0.9047277790940224,0.05268675592232219,0.045155459004203334,0.9036002095986483,0.04991054773339797,1.550803325187664,0.8185323542644021,2.3693356794506144,0.05242896619205096,0.9986256017519656,0.9050965998440486,0.05202418920598569,0.05747915660599062,-0.006868730201782718,5.3546318303143166e-15,1.0162790747836326e-13
0.04,0.8,46,47,0.04,v,1,blocks.1.attn.v.weight,12.040317953930352,12.079285509231175,0.9050570675444318,0.07516886771656987,0.005014555543069431,0.905043175624778,0.005540595972223876,0.12075368627239967,0.8191282955121262,0.93988198178468,0.07497793061673161,0.9971891549601666,0.9050965650513805,0.00983068272464133,0.010861473907022575,-0.004816127181572141,1.9479046850275967e-16,9.942220657865875e-14
0.04,0.8,46,47,0.04,down,1,blocks.1.mlp.down.weight,12.527336988219453,12.61206230142511,0.9047929802765984,0.0722254842451715,0.05233726620002614,0.9032780013509745,0.057844465353860786,1.3112931414597506,0.818650337157809,2.1299434786172355,0.07166619131225127,0.9974319785112825,0.9050966599662182,0.05734820099531337,0.06336141047902423,-0.005010934795287782,2.8588934057894233e-15,2.307737334561466e-13
0.04,0.8,46,47,0.04,up,1,blocks.1.mlp.up.weight,29.793966441523935,29.937594393612542,1.809567777747744,0.06073604806192385,0.08902114839157055,1.807376766864884,0.04919470245119507,5.304586215528751,3.274535542262908,8.57912175780666,0.06039902473786477,0.9981759789052527,1.8101931956617128,0.10093873496817901,0.055761305041963236,-0.011917586576609575,1.5602043976825096e-14,2.0945961978768857e-13
0.04,0.8,46,47,0.04,k,2,blocks.2.attn.k.weight,15.88730622192073,15.950351750080687,0.9048115614738642,0.05695185507442652,0.037405271348195206,0.9040380564181675,0.04134039941671951,1.1885380004456298,0.8186839617767724,2.0072219622209104,0.05670104339886487,0.9983924958386938,0.9050965484504844,0.04376019383696321,0.048348647348042804,-0.006354922488768292,6.59115730914062e-15,9.23874692027038e-14
0.04,0.8,46,47,0.04,o,2,blocks.2.attn.o.weight,11.434906595045398,11.514737495492332,0.9048611411247732,0.07913148512440304,0.044308060566328536,0.9037756804022924,0.048966696162078646,1.0133170679671621,0.8187736847176268,1.8320907526842802,0.07854920902089774,0.9969150108810446,0.9050966427289244,0.04888202320434646,0.05400751797837193,-0.004573962638018159,4.715902228235747e-15,1.0208500711428314e-13
0.04,0.8,46,47,0.04,q,2,blocks.2.attn.q.weight,16.7316806838604,16.79316005800808,0.9047972952431175,0.05407689235402974,0.03712801197936394,0.9040352073928968,0.0410346186649328,1.2424280817305224,0.8186581454792611,2.061086227210751,0.05385306354371788,0.998549923773431,0.9050966294127452,0.04382068425290778,0.04841547612583642,-0.006692672273544161,2.8219113856679663e-15,9.430000183496823e-14
0.04,0.8,46,47,0.04,v,2,blocks.2.attn.v.weight,13.441729917343075,13.501725677641504,0.904904429329537,0.06732053350975248,0.02967032823047628,0.9044178778878056,0.032788355619454375,0.7976410772659637,0.8188520262202149,1.616493103488068,0.06702299895455267,0.9977539588055159,0.9050966752053624,0.03504702019741328,0.038721852767232036,-0.00537669196693723,9.198640515870067e-15,1.0628650737309897e-13
0.04,0.8,46,47,0.04,down,2,blocks.2.mlp.down.weight,13.419107731803622,13.525708477707436,0.9046267272728914,0.06741332921330553,0.07653221181057031,0.9013835677734492,0.08460087404369102,2.053987990478513,0.8183495156964622,2.8723375061750573,0.06667931265258484,0.9977769346319774,0.9050966370974882,0.08189985490329117,0.09048741487531316,-0.0053676430927214495,4.6607027384204e-16,2.2411239530839566e-13
0.04,0.8,46,47,0.04,up,2,blocks.2.mlp.up.weight,32.07677352854673,32.25661649774285,1.809230918559962,0.05640314531478163,0.1293239695182164,1.8046029556616296,0.07148007929311224,8.296591364097017,3.273316516673324,11.569907880779738,0.05596712057381543,0.9984338407072377,1.8101932991601426,0.1421546789296336,0.07853011001399005,-0.012830709411418693,7.42987448934288e-15,2.0054661056811973e-13
0.04,0.8,46,47,0.04,k,3,blocks.3.attn.k.weight,16.198495318953444,16.278896243988637,0.904677228367584,0.055849460740285205,0.055337591596164276,0.9029831883725123,0.061168325963080146,1.792771436865249,0.8184408875268537,2.611212324390692,0.05549092141388881,0.998460378820275,0.905096668153133,0.0618169897237454,0.06829877061627478,-0.006479398127581378,5.791539792935383e-15,8.751246255433998e-14
0.04,0.8,46,47,0.04,o,3,blocks.3.attn.o.weight,12.01328538994623,12.115851339284346,0.9047177367048539,0.07530976808908585,0.06893674704589747,0.9020875279124702,0.07619696646710786,1.6563136322337981,0.8185141831083533,2.474827815342735,0.0745068688743952,0.9972243632452172,0.9050965692154245,0.07374206120187562,0.08147424673789044,-0.004805314155978492,2.9042472200374736e-15,9.920363142068567e-14
0.04,0.8,46,47,0.04,q,3,blocks.3.attn.q.weight,16.700048019448687,16.795507384955954,0.9045461070874741,0.05416428180530079,0.07123514865351202,0.9017367761401408,0.07875236883488486,2.3792608063724323,0.8182036598471041,3.19746446621798,0.05370853502228078,0.9985576966328303,0.9050966726413627,0.07791516786129127,0.08608491249217588,-0.006680019207779475,6.045262852586623e-15,9.97617786990812e-14
0.04,0.8,46,47,0.04,v,3,blocks.3.attn.v.weight,14.073185097387256,14.141770619715256,0.9048324388025515,0.06429478703939859,0.03966464326600885,0.9039626421396658,0.04383645144122015,1.1164157330087552,0.8187217423093731,1.935137475318868,0.06395416722633285,0.9979549322471463,0.9050966784432242,0.045293917304963474,0.05004318144540038,-0.005629274038954903,2.7002017767851733e-15,9.372450732181292e-14
0.04,0.8,46,47,0.04,down,3,blocks.3.mlp.down.weight,14.110306433052305,14.238345723390811,0.9044575227689448,0.06409907021227568,0.09963277222257697,0.8989531251365466,0.11015749188260048,2.8116978936701256,0.8180434104933362,3.6297413041641278,0.063167579105184,0.9980049284748806,0.9050966499609919,0.10527689479579705,0.11631563855675998,-0.005644122573220922,2.383307330071715e-15,2.29025132192362e-13
0.04,0.8,46,47,0.04,up,3,blocks.3.mlp.up.weight,33.55682900413373,33.748968254515944,1.809076012253828,0.053910815352397425,0.1439249431515877,1.8033417947944321,0.07955715634760949,9.659329413534993,3.272756018112213,12.932085431654059,0.05345307735222147,0.9985713842606883,1.8101933376307238,0.15734767475324082,0.08692313217724341,-0.013422731601653493,4.791046907044783e-15,2.0091827507284776e-13
0.04,0.8,46,47,0.04,k,4,blocks.4.attn.k.weight,16.00511355050901,16.096822615972805,0.9046041119991509,0.05651969348073647,0.06640783769678801,0.9021632881792508,0.07341093945508215,2.1257299659617295,0.8183085994457724,2.9440385654064585,0.056068084196526986,0.9984281849672212,0.9050966123115837,0.0728098831169913,0.08044432177360328,-0.006402045420203604,4.387628714017722e-15,8.878401486223098e-14
0.04,0.8,46,47,0.04,o,4,blocks.4.attn.o.weight,12.381562666509243,12.486960754352612,0.9046846983449689,0.07306708552968366,0.07279535149075994,0.9017512074962917,0.080464886411732,1.8026404126268225,0.8184544034195274,2.6210948160468774,0.07226261116017134,0.9973890575141022,0.905096673333728,0.07774797655736337,0.08590019038628824,-0.004952625066603698,2.369627350621322e-15,1.0942375477940303e-13
0.04,0.8,46,47,0.04,q,4,blocks.4.attn.q.weight,16.44337366269532,16.54978530644462,0.9044775017095015,0.05500559193406081,0.08188029970389044,0.9007636580253727,0.0905277351278867,2.6927767272891026,0.8180795510986613,3.5108562783881325,0.0544476935506301,0.9985177243334669,0.9050966375563185,0.08845764916896834,0.09773282266056829,-0.006577349465078128,6.226108963913451e-16,8.295187453599695e-14
0.04,0.8,46,47,0.04,v,4,blocks.4.attn.v.weight,14.52022595296976,14.596434919462627,0.904768520682507,0.062310911938492156,0.04822048091158137,0.9034826291848926,0.053295931289924325,1.4003445567940533,0.8186060760180122,2.218950632811385,0.06192717948413378,0.9980825122205248,0.9050966510571055,0.054028571292768945,0.059693703683099925,-0.005808090381187904,4.135407380113451e-15,9.028455066895091e-14
0.04,0.8,46,47,0.04,down,4,blocks.4.mlp.down.weight,14.667842753354957,14.81933612699721,0.9042708794705369,0.061649889126586394,0.1244016058013787,0.8956729670659175,0.1375711732243524,3.649406384318945,0.8177058234584182,4.467112207777149,0.06046712169305226,0.9981718635969721,0.9050966850619443,0.13026874290272,0.1439279858745748,-0.005867137101341983,1.9412611216545834e-15,2.1345772371894611e-13
0.04,0.8,46,47,0.04,up,4,blocks.4.mlp.up.weight,34.493195681486654,34.682378419193185,1.8090559820451169,0.05244674917192673,0.14226198458430406,1.8034536517240702,0.07863879614354362,9.814140944606075,3.272683546173222,13.086824490787649,0.05201673020164169,0.998647129889442,1.81019324035869,0.15605926285689803,0.08621138305984109,-0.013797278272594662,5.670791657894945e-15,2.4553319447062627e-13
0.04,0.8,46,47,0.04,k,5,blocks.5.attn.k.weight,15.972292116326182,16.065189335062716,0.9045971055707268,0.05663539703522496,0.06755126261882208,0.9020713665368872,0.07467552372523098,2.1578969987489827,0.8182959234069367,2.9761929221572814,0.056172844063559324,0.9984223057948662,0.9050966249329954,0.07394017946535236,0.08169313355999552,-0.006388916846530473,4.404924711780014e-15,7.857126407828652e-14
0.04,0.8,46,47,0.04,o,5,blocks.5.attn.o.weight,12.862988495040458,12.98373037012373,0.9045730566784282,0.07032370875766558,0.08950209690969821,0.9001343174868344,0.09894402254069769,2.3025288856628885,0.8182524148685549,3.1207813005300977,0.06936960546963547,0.997593928918439,0.9050966243770138,0.09464729230771413,0.10457147862291577,-0.005145195398016183,8.767071787394487e-15,1.0910022885113335e-13
0.04,0.8,46,47,0.04,q,5,blocks.5.attn.q.weight,16.489684827089807,16.595182096258245,0.9044819138239142,0.054851376682348775,0.08102870390793149,0.9008450929975508,0.0895857647007702,2.672275578778741,0.8180875324345706,3.4903631112144353,0.05430355217064287,0.9985255621107785,0.9050966513136558,0.08762457783876704,0.09681239866658314,-0.0065958739308359235,3.096046005372109e-15,9.331728098582737e-14
0.04,0.8,46,47,0.04,v,5,blocks.5.attn.v.weight,14.883105631270631,14.971783041294444,0.9046728416684267,0.06078521943482243,0.06144622294878681,0.9025836870550809,0.06792093242841878,1.8290212535787993,0.8184329504524261,2.6474542040323286,0.06031308209341652,0.9981811660641537,0.9050966799449469,0.06739946520129479,0.07446659201688201,-0.005953242252508252,4.1842447982300204e-15,8.530632797376647e-14
0.04,0.8,46,47,0.04,down,5,blocks.5.mlp.down.weight,15.234604509454392,15.415805041497206,0.9040288773790187,0.05934048874179769,0.15545537476489762,0.8905626522553771,0.1719584170979111,4.736602306824464,0.8172682111351689,5.553870517962565,0.05779358935870133,0.9983299505144144,0.9050966727184951,0.16154921656867913,0.17848835537474622,-0.006093841803781757,1.1242053043778734e-14,2.0896132046921423e-13
0.04,0.8,46,47,0.04,up,5,blocks.5.mlp.up.weight,35.30655344276877,35.49730920046485,1.8090072249181566,0.051237151421492384,0.14492688082782623,1.803192540751336,0.08011404201792674,10.233737326482855,3.27250713980609,13.506244466319231,0.05081441008347681,0.9987089478638226,1.8101933828110401,0.15904950220493222,0.08786326572354665,-0.014122621377107507,2.2916750475264695e-14,2.230850053297484e-13
0.04,0.8,46,47,0.04,k,6,blocks.6.attn.k.weight,16.048960056568117,16.140238974489975,0.9046053275799162,0.05636535478881088,0.06604429352957339,0.9021911936936285,0.07300895928422309,2.119884457640767,0.8183107986859675,2.93819525632631,0.055918876855161045,0.9984365396055795,0.9050966597707862,0.07246387755220049,0.08006203179509226,-0.006419584022627247,2.182027750179874e-15,9.824866614716044e-14
0.04,0.8,46,47,0.04,o,6,blocks.6.attn.o.weight,13.008293993309868,13.136968047185682,0.9045188017697308,0.06953400670640765,0.09786304779664894,0.8992091450997755,0.1081934920591762,2.54606259364029,0.8181542627549495,3.3642168563959842,0.06848892756783362,0.9976546334002523,0.9050965486104723,0.10306636539397239,0.11387333821148976,-0.005203317597323948,3.4584316951678382e-15,1.0346324491594672e-13
0.04,0.8,46,47,0.04,q,6,blocks.6.attn.q.weight,16.47595972920148,16.589520531438367,0.904423365812176,0.05489351641283779,0.08912867257479037,0.9000209466186166,0.0985475120877184,2.936960840118861,0.8179816246270251,3.7549424647461933,0.05427236449195874,0.9985272552261819,0.9050965927032887,0.09571905646647078,0.10575562568474906,-0.006590383891680593,2.0654397088526878e-16,8.815821336827234e-14
0.04,0.8,46,47,0.04,v,6,blocks.6.attn.v.weight,15.111607609344007,15.206111882655636,0.9046240359554863,0.05986285902474912,0.06772308597275989,0.902085489327316,0.07486323962333047,2.0468094026284334,0.8183446464283931,2.865154049057196,0.0593500133214389,0.998238787959324,0.9050966290397716,0.07376772901649718,0.08150260055079234,-0.0060446430437376035,7.375051924296121e-16,9.708510037564899e-14
0.04,0.8,46,47,0.04,down,6,blocks.6.mlp.down.weight,15.96249942557263,16.181556587789604,0.9036975260419358,0.056613785971022325,0.1949793797293118,0.8824127492590825,0.215757345915611,6.224716473855295,0.8166692185743152,7.041385692430566,0.05455230343221217,0.9985120230950251,0.9050966099738814,0.2013643794995398,0.2224783269328018,-0.006384999770229053,2.8221685671132654e-15,1.8971282877977558e-13
0.04,0.8,46,47,0.04,up,6,blocks.6.mlp.up.weight,36.304848820227726,36.49629899418794,1.8089562022025103,0.04982684850610441,0.14688767779910578,1.802982682002076,0.08120024001701169,10.665469872101712,3.2723225414869295,13.937792413573106,0.049416882003431424,0.9987789858864179,1.8101932538171601,0.16140961732719505,0.0891670637854992,-0.014521939528091091,1.2973469125585082e-14,2.231522258644425e-13
0.04,0.8,46,47,0.04,k,7,blocks.7.attn.k.weight,15.775805840791962,15.859259631456654,0.9046719833341821,0.05734553229572244,0.05773507713450747,0.9028278120983348,0.06381879642356557,1.821634734154275,0.8184313974298026,2.640066131584831,0.05695058163294606,0.9983783156257913,0.9050966089272695,0.06404539947082415,0.07076084347142948,-0.006310322336316785,2.2600308780098605e-15,8.661040634683204e-14
0.04,0.8,46,47,0.04,o,7,blocks.7.attn.o.weight,13.473010726390136,13.632221650417344,0.9043073597216956,0.06711991685350564,0.1298031064796431,0.8949429894664938,0.14353870405255859,3.497677291837985,0.8177718008468242,4.315449092683735,0.06568452687777401,0.9978427714643705,0.9050966331208039,0.1351923107701989,0.14936781976975344,-0.005389204290556055,6.729295412152612e-15,1.019757195352966e-13
0.04,0.8,46,47,0.04,q,7,blocks.7.attn.q.weight,16.283504142803462,16.390339330567933,0.904482375909131,0.05554592967072566,0.08206550048121658,0.9007516982838205,0.09073200613635982,2.6726278341342593,0.8180883683302267,3.4907162024645686,0.05497703161695361,0.9984887629972483,0.9050965936656801,0.08857890213833766,0.09786679428279506,-0.006513401657121385,4.2318892803241995e-16,9.18562101381859e-14
0.04,0.8,46,47,0.04,v,7,blocks.7.attn.v.weight,15.32853370912697,15.435705175045461,0.9045278724139663,0.05900941926854941,0.08085828540904942,0.9009065487910668,0.08939280687200739,2.478877907109647,0.8181706719737364,3.2970485790833663,0.05838999430659065,0.9982953042823861,0.9050965790279409,0.08698969889269997,0.0961109575578393,-0.006131413483650788,8.350169386236223e-16,1.0409381689946429e-13
0.04,0.8,46,47,0.04,down,7,blocks.7.mlp.down.weight,17.04481207002252,17.3283472436257,0.9030953660863411,0.05298359186222157,0.2619688153893983,0.8642647626800688,0.2900787948062094,8.930418453037435,0.8155812402466225,9.745999693285,0.04989130156536522,0.9987554290139483,0.9050966201059113,0.26878674021740734,0.29697021759506165,-0.006817924828009008,2.0823733232803556e-15,2.1715615416972867e-13
0.04,0.8,46,47,0.04,up,7,blocks.7.mlp.up.weight,38.2964441271198,38.56443702030542,1.8082129573430934,0.04721621023980655,0.22624209906847514,1.794003514967109,0.12511916704816953,17.32853581235632,3.2696340991034556,20.59816991149455,0.04653223043709062,0.998917375765155,1.8101934074157617,0.24156067671932274,0.13344467819279907,-0.01531857765084792,2.2321277486830343e-14,2.394035490682622e-13
0.028,0.9,83,84,0.02679530250435569,k,0,blocks.0.attn.k.weight,17.34606393698549,17.413049953183364,0.6058569847285653,0.03492763470315301,0.056534781817150534,0.6032134816044358,0.0933137411009285,1.961311880127636,0.367062685944389,2.328374566070579,0.03464665955182785,0.9993998044909017,0.6063083610275428,0.06118271212166449,0.10091022333582027,-0.004647930304514212,4.874205629851919e-15,9.63142326310118e-14
0.028,0.9,83,84,0.02679530250435569,o,0,blocks.0.attn.o.weight,8.320843331030042,8.329159982009763,0.6063549904029442,0.07287181915103827,-0.013772288390889875,0.6061985635574256,-0.02271324324672863,-0.229194108020717,0.36766637438655453,0.1384722663657385,0.0728285775259457,0.9973479991477279,0.6063084464416914,-0.011542693249426967,-0.019037658665599717,-0.0022295951414630063,2.253255692395444e-15,9.157691965855363e-14
0.028,0.9,83,84,0.02679530250435569,q,0,blocks.0.attn.q.weight,17.020294516843485,17.08530279362946,0.6058823036844139,0.03559763922327111,0.05434843510377192,0.6034398176452808,0.08970130794920925,1.8500527439915064,0.3670933659179323,2.2171461099102316,0.03532474497675176,0.9993760811961141,0.6063084137458464,0.05890907450669215,0.0971602457942894,-0.0045606394029204765,2.1420397016381624e-15,9.925805836974444e-14
0.028,0.9,83,84,0.02679530250435569,v,0,blocks.0.attn.v.weight,9.481725978068233,9.476928714695525,0.6064044963662921,0.06395507503264067,-0.024187372321596106,0.6059219291571284,-0.03988653195438377,-0.45867607296577273,0.3677264132132564,-0.09094965975342006,0.06396925834076433,0.9979539669936127,0.6063084730653591,-0.021646715163138826,-0.03570247839964682,-0.002540657158457461,1.0917773053450296e-14,1.0711743991809186e-13
0.028,0.9,83,84,0.02679530250435569,down,0,blocks.0.mlp.down.weight,12.19897742801242,12.232456030926732,0.6062000690058954,0.04969269535771767,0.01846268420418124,0.6059188501398547,0.030456420492426056,0.4504517357346568,0.36747852366275235,0.8179302593992759,0.0495489117447307,0.9987724526723483,0.6063084267215854,0.021731437108454918,0.03584221520053838,-0.003268752904273997,1.2156340112169293e-14,2.1635688032817235e-13
0.028,0.9,83,84,0.02679530250435569,up,0,blocks.0.mlp.up.weight,30.88898638401382,30.95431253517296,1.212304633690763,0.03924714843728815,0.04160547932113028,1.2115904873179446,0.03431932714343076,2.5703021685015237,1.4696825248680951,4.039984693374777,0.0391487508194941,0.99923368765454,1.2126169017807906,0.04988227666325538,0.04113605590520854,-0.008276797342125742,4.508701219739135e-15,1.931302340274499e-13
0.028,0.9,83,84,0.02679530250435569,k,1,blocks.1.attn.k.weight,16.616249654420624,16.66795436159983,0.6059928874918267,0.036469895439408435,0.04073490320628115,0.6046222352440583,0.06722010117128736,1.3537226426484534,0.3672273796906817,1.720950022341242,0.036280501362600436,0.9993418626103886,0.6063084507124702,0.04518727756606178,0.07452853001300315,-0.004452374359780963,7.36576885680343e-15,1.0115150904377312e-13
0.028,0.9,83,84,0.02679530250435569,o,1,blocks.1.attn.o.weight,11.937995276392927,11.94633657048512,0.6063371833981216,0.05079053638068843,-0.007053887187198044,0.6062961509417537,-0.011633604832983589,-0.1684185438419577,0.36764477997116735,0.19922623613032897,0.05076799690667274,0.998711305244989,0.6063084068152056,-0.0038550652399330213,-0.006358257937050165,-0.003198821947265178,7.16940647104172e-15,1.0613255066460603e-13
0.028,0.9,83,84,0.02679530250435569,q,1,blocks.1.attn.q.weight,15.758129077614214,15.786826830134713,0.6061748602574956,0.03846743844220818,0.01706488676586556,0.6059346093828372,0.028151756010825996,0.5378213767027601,0.3674479612081943,0.905269337910596,0.03838936543567918,0.9992631283106805,0.6063084207387762,0.021287325121238918,0.03510973028430099,-0.004222438355373563,1.7106129834323792e-15,8.480586025094716e-14
0.028,0.9,83,84,0.02679530250435569,v,1,blocks.1.attn.v.weight,13.905305514272513,13.940901235012428,0.6061591773567794,0.04359193523181586,0.022429455080208254,0.6057440613317843,0.037002582684657594,0.6237768508178949,0.36742894829384753,0.9912057991134589,0.04346111654919086,0.9990555656741026,0.6063084809159659,0.02615542375691227,0.043138805707283845,-0.0037259686767041724,8.48196522990699e-15,9.247659062128211e-14
0.028,0.9,83,84,0.02679530250435569,down,1,blocks.1.mlp.down.weight,14.851802556223866,14.90318241011704,0.606038628908028,0.04080572890824343,0.039103804270158644,0.6047757536645096,0.06452361682062517,1.1615239604352399,0.3672828197287224,1.5288067801641887,0.04058866871349447,0.999176279985938,0.6063084121862968,0.04308338969244812,0.07105853856965808,-0.003979585422289816,2.55930565665387e-16,1.9008709536971757e-13
0.028,0.9,83,84,0.02679530250435569,up,1,blocks.1.mlp.up.weight,34.52099656562955,34.61727306849047,1.2120081667776108,0.03510930411505945,0.07513437522033102,1.2096770734360436,0.06199164104652217,5.187427017883539,1.4689637963356248,6.656390814228416,0.03494965685695668,0.9993892607426764,1.212616734875108,0.08438438067760826,0.06958866577599997,-0.009250005457278677,6.830570451850071e-15,2.2813717061309635e-13
0.028,0.9,83,84,0.02679530250435569,k,2,blocks.2.attn.k.weight,16.77092979201406,16.819431983201135,0.6060127797983681,0.03613471568445405,0.03762327656350925,0.6048437635783624,0.06208330553033424,1.2619546595842832,0.36725148927894535,1.6292061488645118,0.035966826471981087,0.9993531936967232,0.6063083607192171,0.04211709793407236,0.06946481470932064,-0.004493821370563277,4.4205898451906625e-15,8.809619700400617e-14
0.028,0.9,83,84,0.02679530250435569,o,2,blocks.2.attn.o.weight,13.904363935277978,13.95291144579875,0.6060792276345587,0.04358913722740111,0.035423027765137734,0.605043171413514,0.05844620001808805,0.9850693394718631,0.3673320301701032,1.3524013696428483,0.04337342094731567,0.9990593731776093,0.606308389717717,0.039148744142901815,0.06456902923795688,-0.003725716377764269,4.233684758343319e-15,1.0838010176816848e-13
0.028,0.9,83,84,0.02679530250435569,q,2,blocks.2.attn.q.weight,16.211762582452025,16.238344086178007,0.6061834863368262,0.037391584243466086,0.015270215366544122,0.6059911217420559,0.02519074786880489,0.49511421221064783,0.3674584191074691,0.8625726313206883,0.03732502995758954,0.9993034210692899,0.6063084666361913,0.01961420619179991,0.032350209952732197,-0.004343990825255966,9.269689067102478e-15,8.517925947915117e-14
0.028,0.9,83,84,0.02679530250435569,v,2,blocks.2.attn.v.weight,15.882997869735451,15.937624091726196,0.6059904412388314,0.03815340442710296,0.043159860484849,0.6044515210633781,0.07122201531201867,1.371015944277872,0.3672244148728336,1.7382403591503817,0.03793289799313992,0.9992805476248803,0.606308416076013,0.04741575781080487,0.07820402381625582,-0.004255897325955984,1.6783954583962983e-15,8.148625003923105e-14
0.028,0.9,83,84,0.02679530250435569,down,2,blocks.2.mlp.down.weight,16.300857064254,16.365172813885938,0.605909433424064,0.03717040343558114,0.05318168090077438,0.6035709985818021,0.0877716667988458,1.7338139576005802,0.36712624151227025,2.1009401991118466,0.03688770609051582,0.9993196485695897,0.6063084202308622,0.057549544861943566,0.09491793770574818,-0.004367863961169493,4.669406463062293e-15,2.0040566428569662e-13
0.028,0.9,83,84,0.02679530250435569,up,2,blocks.2.mlp.up.weight,37.87001785329453,37.995563323565044,1.2116837950808055,0.03199586014917588,0.10636913980501295,1.2070058928437737,0.08778621966956267,8.056402446910843,1.4681776192614233,9.524580066194858,0.03177103087328463,0.9994953007985039,1.2126167267972614,0.11651652564725573,0.0960868533910107,-0.010147385842243775,1.5119785835417084e-14,2.409847495166151e-13
0.028,0.9,83,84,0.02679530250435569,k,3,blocks.3.attn.k.weight,18.054844416237035,18.11674918028412,0.6058752388055307,0.03355748877352034,0.05184506492116226,0.6036529584463582,0.08557052937725863,1.872109161802586,0.3670848049976589,2.2391939667996894,0.0333247851247646,0.9994447293481432,0.6063083762452761,0.05668291509918329,0.09348858983312605,-0.004837850178021485,2.078264854792945e-15,1.0184301318938438e-13
0.028,0.9,83,84,0.02679530250435569,o,3,blocks.3.attn.o.weight,14.632766526188666,14.681225363548625,0.606062941642566,0.0414182062262716,0.03598805715377576,0.6049935115146319,0.05938006547016401,1.053209676124669,0.3673122892324404,1.4205219653559595,0.0412174061415583,0.9991505627154379,0.6063083978978244,0.03990895120922399,0.06582285739005957,-0.003920894055448353,5.802007167005146e-15,8.604141704671164e-14
0.028,0.9,83,84,0.02679530250435569,q,3,blocks.3.attn.q.weight,17.937351876847938,17.993199553127578,0.6059269258662647,0.03378017725394268,0.045700457251908466,0.6042010490695727,0.07542239055736417,1.6394903653206585,0.3671474394897419,2.006637804810225,0.033584146594651,0.999436052548705,0.6063083762106211,0.05050682494858032,0.0833022054952365,-0.004806367696672128,5.267258740464152e-16,9.89017895358657e-14
0.028,0.9,83,84,0.02679530250435569,v,3,blocks.3.attn.v.weight,16.796635371484857,16.850943683093174,0.6059689778621224,0.036076807316473496,0.0434653957098539,0.604408108406163,0.07172874734149128,1.4601448060314364,0.3671984021312654,1.8273432081614942,0.03587367992091091,0.999356539544417,0.6063084270673936,0.04796610496819667,0.07911172404480706,-0.004500709258342975,4.80444225776572e-15,9.792318865498029e-14
0.028,0.9,83,84,0.02679530250435569,down,3,blocks.3.mlp.down.weight,17.449811458308425,17.530319495151392,0.605748843779218,0.03471377586093065,0.07017984164734287,0.6016697196688772,0.11585633611695652,2.449250009840149,0.36693166173985947,2.816181671572963,0.03432671946614898,0.999410838165242,0.6063083441106085,0.07485557141403595,0.12346122586163863,-0.004675729766693463,2.330617876459577e-14,2.0828803092010073e-13
0.028,0.9,83,84,0.02679530250435569,up,3,blocks.3.mlp.up.weight,39.9527181326816,40.09875112063432,1.2114395411764385,0.030321830348395556,0.1279333417210779,1.2046654398640813,0.10560439656513178,10.222569483108522,1.4675857619257797,11.690155245066535,0.030045858504761463,0.9995486231932362,1.212616813770655,0.13863879340344154,0.11433025818959378,-0.010705451682364604,1.965591606704231e-14,2.393936828284926e-13
0.028,0.9,83,84,0.02679530250435569,k,4,blocks.4.attn.k.weight,18.40993321111444,18.480552118684336,0.6057935356770215,0.03290579757841229,0.06078729184340075,0.6027360226653761,0.10034324941329427,2.2381799658430586,0.3669858078680668,2.605165773713736,0.03261894982202394,0.9994680020562019,0.6063083946498525,0.06572028913816844,0.10839415999859671,-0.004932997294767956,7.489672378652467e-15,1.0448716544764203e-13
0.028,0.9,83,84,0.02679530250435569,o,4,blocks.4.attn.o.weight,14.895880346917881,14.938507190686234,0.6060953840196155,0.04068879246502696,0.030357190743267738,0.6053346640496735,0.05008649058162975,0.9043941619605587,0.3673516145298852,1.271745776489979,0.04053008721785389,0.9991786560150071,0.6063084041353104,0.03434858694291104,0.05665200533035237,-0.003991396199643514,2.2924944834274147e-15,9.89468923462411e-14
0.028,0.9,83,84,0.02679530250435569,q,4,blocks.4.attn.q.weight,18.42209252216302,18.49442060861429,0.6057791501434933,0.03288329756322199,0.06251006425251361,0.6025453266068759,0.10318952746674528,2.3031323744523218,0.36696837874857297,2.670100753202405,0.03258416809529527,0.9994691359947162,0.6063084006122704,0.06744631967145914,0.1112409453726018,-0.00493625541894587,3.988503448078029e-15,1.0512836261244995e-13
0.028,0.9,83,84,0.02679530250435569,v,4,blocks.4.attn.v.weight,17.356919499076074,17.414530529957613,0.6059289575670193,0.03490993650107517,0.047130171338436465,0.6040932449282399,0.07778167844573362,1.6360691797978084,0.3671499016182546,2.0032190814185356,0.03469425472777191,0.9993981543443906,0.60630843768533,0.051781010423651144,0.08540374371389688,-0.004650839085214932,7.872378002773827e-15,1.0325594546056749e-13
0.028,0.9,83,84,0.02679530250435569,down,4,blocks.4.mlp.down.weight,18.303157367578606,18.396774118438227,0.6056099790759932,0.033087732729039615,0.08383703516575815,0.5997789578596977,0.13843403851051486,3.068964895740186,0.36676344675642497,3.4357283424915863,0.032606732051949784,0.9994684005123371,0.6063083688932787,0.08874142155024853,0.14636351088511634,-0.004904386384490953,1.5284042306417753e-14,2.1815817381753977e-13
0.028,0.9,83,84,0.02679530250435569,up,4,blocks.4.mlp.up.weight,41.29704403903859,41.45756473041886,1.211259959088682,0.02933042757112745,0.14306927530817273,1.2027808906677104,0.11811607758900414,11.81667632606989,1.4671506884915153,13.2838270145769,0.02901539188494148,0.9995790535167675,1.2126167785684245,0.15413494318378926,0.12710936044094318,-0.011065667875617378,8.466668990345651e-15,2.283574804945454e-13
0.028,0.9,83,84,0.02679530250435569,k,5,blocks.5.attn.k.weight,18.31096956320092,18.39162389116223,0.6057152000231546,0.03307936250631123,0.07081362068262495,0.6015615801104437,0.11690910295782236,2.593332105959201,0.3668909035390902,2.9602230094988045,0.03271282994912282,0.9994649353783035,0.6063083936948243,0.07572010036856493,0.12488710556541865,-0.004906479685940184,1.1763541169477693e-15,1.127763247371627e-13
0.028,0.9,83,84,0.02679530250435569,o,5,blocks.5.attn.o.weight,15.424122052221103,15.478260614847127,0.6060057240767175,0.039289479299047136,0.04232875094213017,0.6045256110848364,0.06984876422845727,1.3057676416989694,0.36724293761374666,1.6730105793144219,0.03906388265496123,0.9992370065359163,0.6063084225027734,0.04646169110466375,0.07663045634905595,-0.004132940162533679,6.999353003317799e-15,8.68300657069776e-14
0.028,0.9,83,84,0.02679530250435569,q,5,blocks.5.attn.q.weight,18.134113447463744,18.19705772248465,0.6058645701768988,0.033410211749923494,0.05293248435104739,0.603547868438063,0.08736685879418943,1.9197673525559853,0.3670718773956383,2.286839229952875,0.03317189574675912,0.9994498126662236,0.6063084162587709,0.05779157490577798,0.09531712467786804,-0.004859090554730954,3.776595977311307e-15,1.1900571673939542e-13
0.028,0.9,83,84,0.02679530250435569,v,5,blocks.5.attn.v.weight,17.741199110094502,17.80370917611661,0.6058797989613687,0.03415100609612297,0.05227448892889773,0.6036205004775387,0.08627864638911784,1.8548242329320106,0.3670903307894685,2.221914563720759,0.033909073130501045,0.9994250873796607,0.6063084489299851,0.057028296898347236,0.09405822564239527,-0.004753807969449881,2.5106561852089025e-15,1.0885780124536559e-13
0.028,0.9,83,84,0.02679530250435569,down,5,blocks.5.mlp.down.weight,19.102902136560825,19.210719804233502,0.6054543143176822,0.031694362981575984,0.09852718723353449,0.5973837293582621,0.16273265365128314,3.7643104310256286,0.36657492672589465,4.13088535774915,0.031100134383891233,0.9995163908205366,0.6063083258396854,0.10364586764813626,0.1709458096333999,-0.0051186804146024995,7.239203302489871e-15,2.307864186215647e-13
0.028,0.9,83,84,0.02679530250435569,up,5,blocks.5.mlp.up.weight,42.47217388999698,42.65050682537407,1.2110472614189571,0.02851389864233397,0.16144148972999056,1.2002383574878848,0.1333073405746636,13.713542049744643,1.4666354693903558,15.180177519139306,0.028144031596899325,0.9996039567426123,1.212616827909193,0.17282203720399059,0.14251990672269674,-0.011380547474000663,1.8749213240545043e-15,2.482020665384166e-13
0.028,0.9,83,84,0.02679530250435569,k,6,blocks.6.attn.k.weight,18.752778116181155,18.825980670141185,0.6057605229866074,0.03230244176269097,0.06356165715360282,0.6024165726048374,0.10492868838699164,2.3839153065965846,0.36694581120900815,2.7508611178067213,0.03200331091666448,0.9994878940451314,0.6063083685562689,0.06858652077780396,0.11312151429003199,-0.005024863624201355,3.047323598572643e-15,1.0853123955101296e-13
0.028,0.9,83,84,0.02679530250435569,o,6,blocks.6.attn.o.weight,15.546262729756856,15.602981835642492,0.6059847394419758,0.03897944798540359,0.04501209778374103,0.6043106945022036,0.07427925961500392,1.3995397963270888,0.36721750443655937,1.7667573007624355,0.03873772893097956,0.99924969417859,0.6063083935998779,0.04917776591030113,0.08111015191182575,-0.004165668126560254,5.3702291915545055e-15,8.995343532547384e-14
0.028,0.9,83,84,0.02679530250435569,q,6,blocks.6.attn.q.weight,18.56108507892372,18.624973851810484,0.6058439722103708,0.03264054712503377,0.05411118871479996,0.6034226528061203,0.08931538679402856,2.008724754914198,0.36704691866364053,2.375771673579436,0.03240283010090713,0.9994750283006764,0.606308418405617,0.05908468760978825,0.09744988823536492,-0.004973498894988438,4.588247944564726e-15,9.902625594526704e-14
0.028,0.9,83,84,0.02679530250435569,v,6,blocks.6.attn.v.weight,17.990908850261377,18.050411497028897,0.6058963282347851,0.03367791662320509,0.04939838247986817,0.6038792597670749,0.08152943032974821,1.7774435930913137,0.36711036056839447,2.1445539536598517,0.03345983483728741,0.9994402197262781,0.606308396183363,0.05421910092957849,0.08942495480993021,-0.004820718449710436,1.7446406077358556e-16,1.0533544522739469e-13
0.028,0.9,83,84,0.02679530250435569,down,6,blocks.6.mlp.down.weight,19.948758660742953,20.072534317139596,0.6052702290339134,0.030341247760193778,0.11497732355274407,0.5942493291739336,0.1899603153062099,4.587309758023696,0.36635205015476596,4.9536618081797315,0.02960834189467006,0.999561673045009,0.6063083425425976,0.12032265378175322,0.19845125877234598,-0.005345330229009929,2.539500354109642e-15,2.3036498923711957e-13
0.028,0.9,83,84,0.02679530250435569,up,6,blocks.6.mlp.up.weight,43.389750400353634,43.581451627653216,1.2108795931850747,0.027907042147336386,0.17522867311949214,1.1981336742241815,0.14471188886631906,15.20625677927984,1.466229389192052,16.67248616848883,0.027494423904429095,0.9996220283269583,1.212616643964459,0.18685508799514983,0.15409246518690076,-0.01162641487565964,8.379822865778005e-15,2.4686784734495593e-13
0.028,0.9,83,84,0.02679530250435569,k,7,blocks.7.attn.k.weight,18.33970174898473,18.403204664001876,0.6058537835977522,0.03303509467547867,0.053605638827678576,0.6034776239312049,0.08847949831946458,1.9662228563268411,0.36705880709971195,2.333281663426874,0.032796395473109856,0.9994621982219316,0.6063083469761718,0.0585198173897154,0.09651824468782262,-0.00491417856203707,5.035174585718591e-16,1.0816326133367138e-13
0.028,0.9,83,84,0.02679530250435569,o,7,blocks.7.attn.o.weight,15.716866156753268,15.786184132901171,0.6058922059051512,0.038550446371575786,0.05779212933645004,0.6031296999513774,0.09538351669355695,1.8166223233895187,0.3671053651766102,2.1837276885644883,0.03821314984366444,0.9992698775894693,0.6063083954230876,0.062003511167356556,0.10226398254652228,-0.00421138183090674,6.8430090936373044e-15,8.708897318576714e-14
0.028,0.9,83,84,0.02679530250435569,q,7,blocks.7.attn.q.weight,18.238817072330214,18.284033256584788,0.6060048605170527,0.03322610551516589,0.03520464166922464,0.6049814246531069,0.05809300215709078,1.284182039003844,0.36724189097029253,1.6514239299744418,0.03309249379278651,0.9994524434272389,0.6063083997690203,0.04009178787697134,0.06612441439413463,-0.004887146207746951,6.801366485008783e-16,9.651697843726659e-14
0.028,0.9,83,84,0.02679530250435569,v,7,blocks.7.attn.v.weight,18.29659034694428,18.363141322595364,0.6058303400911257,0.033111652422840934,0.05664198819116459,0.6031766624702467,0.0934948028232538,2.072710508740388,0.367030400974929,2.4397409097147715,0.03285157146127355,0.9994603871262111,0.6063083586548317,0.061544614922610826,0.1015071193462597,-0.004902626731446462,1.6857230982011724e-15,1.0263166184965034e-13
0.028,0.9,83,84,0.02679530250435569,down,7,blocks.7.mlp.down.weight,21.237993190210222,21.399353589626518,0.604840375429943,0.028479167970952533,0.15336070993974216,0.5850746724968283,0.25355567546351,6.514147426692098,0.36583187975023435,6.879979306445534,0.02734331937260489,0.9996261714427257,0.6063082964033426,0.1590514944609125,0.26232775537530256,-0.00569078452117129,6.330660987044935e-15,2.3633569060099724e-13
0.028,0.9,83,84,0.02679530250435569,up,7,blocks.7.mlp.up.weight,45.48997790812274,45.715549012684114,1.210442192608729,0.026608986160720716,0.2100260543823586,1.1920819427074356,0.17351184192424193,19.108161147967355,1.4651703016474273,20.573331449628313,0.026078288893831618,0.9996599614240655,1.212616578837561,0.2222152315720024,0.1832526747943876,-0.012189177189646062,5.874975536015407e-15,2.387659297706235e-13
0.028,0.8,83,84,0.02679530250435569,k,0,blocks.0.attn.k.weight,15.248011249939935,15.288376415860622,0.6061034204241793,0.03974967033334048,0.02837238851396692,0.6054389843906399,0.046811134136333706,0.8652449984972684,0.36736135624988947,1.232606354748441,0.03960902944393743,0.9992155623932075,0.6063084154321313,0.03245813925428631,0.05353404047864415,-0.004085750740319593,5.228726392523346e-15,9.42501285350339e-14
0.028,0.8,83,84,0.02679530250435569,o,0,blocks.0.attn.o.weight,6.655853032242123,6.681430855760062,0.6063116964886213,0.09109451388898474,-0.0019888645133047927,0.6063084344761279,-0.0032802674347584813,-0.026475179803196917,0.36761387329891,0.3411386934959637,0.090839043862607,0.9958741340550129,0.6063084692708569,-0.0002054085590702735,-0.00033878556787652437,-0.0017834559542346078,4.6158240424665095e-15,1.0155244700715826e-13
0.028,0.8,83,84,0.02679530250435569,q,0,blocks.0.attn.q.weight,15.175565089659763,15.223293240315137,0.6060552953263868,0.03993625883093719,0.03570141417233534,0.6050028347200684,0.05890784957684199,1.083578269130353,0.36730302099315393,1.4508812901243857,0.03974976714736095,0.9992099780058157,0.6063084233108538,0.03976775274485488,0.06558997239011802,-0.00406633857251973,3.556566773092324e-15,9.922444810239739e-14
0.028,0.8,83,84,0.02679530250435569,v,0,blocks.0.attn.v.weight,8.388991862427131,8.385529073342127,0.6063983867691844,0.0722850131116636,-0.025378832073131907,0.6058670797781702,-0.041851747344426794,-0.4258056314788165,0.3677190034762694,-0.05808662800257025,0.0722987577340574,0.9973864448150088,0.6063084696957024,-0.023130976326528857,-0.0381505083347062,-0.002247855746603132,1.0104835915984862e-15,9.443227450001146e-14
0.028,0.8,83,84,0.02679530250435569,down,0,blocks.0.mlp.down.weight,9.8578691893812,9.895200013772916,0.6062209830256132,0.06149614803964213,0.0187613808955035,0.605930599035447,0.030948088932630725,0.369894477360058,0.3675038802605408,0.7373983576203784,0.061263549240265724,0.9981233887671334,0.606308479110264,0.021402826765281636,0.035300226704217494,-0.0026414458697783683,2.4672886823381247e-15,2.1882278974927338e-13
0.028,0.8,83,84,0.02679530250435569,up,0,blocks.0.mlp.up.weight,25.088317346269115,25.118574697257067,1.212592923121961,0.04833297133425673,0.0009714871807085857,1.2125925339612662,0.0008011651413958275,0.04874595737489858,1.470381597205462,1.5191275545752205,0.04828881196536816,0.9988340953193776,1.212616943107575,0.007693977706893394,0.006344936668273847,-0.00672249052618555,9.00928250981503e-15,2.1809117012328016e-13
0.028,0.8,83,84,0.02679530250435569,k,1,blocks.1.attn.k.weight,14.632466043069932,14.686874111710999,0.6060243093891865,0.041416416590708924,0.041959544087344924,0.60456997959764,0.06923739433759028,1.2279432080815407,0.36726546357064044,1.5952086716521023,0.041172690893260575,0.9991524047622603,0.6063083930201807,0.04588035762743249,0.07567165184517805,-0.003920813540087714,5.270495438187517e-16,8.740902966708486e-14
0.028,0.8,83,84,0.02679530250435569,o,1,blocks.1.attn.o.weight,8.860022967489623,8.880064339510614,0.6063064652752885,0.06843170356330101,-0.0006812533372845299,0.6063060825429379,-0.0011236121933405614,-0.01207184043003978,0.36760752983461464,0.3555356894044479,0.06831708532631894,0.9976663879262091,0.606308445724342,0.0016928166188095901,0.002792005670953871,-0.0023740699560942363,2.5229927950113413e-15,9.826254393496825e-14
0.028,0.8,83,84,0.02679530250435569,q,1,blocks.1.attn.q.weight,14.311327934182504,14.361917119215537,0.6060568356722066,0.04234805033183847,0.037845936324741224,0.6048740142945318,0.062446183422326204,1.0832512114391228,0.367304888065008,1.4505560995038422,0.04212586866126992,0.9991127055947181,0.6063083818619259,0.04168069993709556,0.0687450498525146,-0.0038347636123545596,1.7913016054893192e-15,9.72412254884869e-14
0.028,0.8,83,84,0.02679530250435569,v,1,blocks.1.attn.v.weight,11.271215141227803,11.297318962970246,0.6062519596925622,0.053787630889505104,0.009829621289124303,0.6061722669146558,0.01621375590127416,0.22158355261302598,0.367541438631072,0.5891249912442476,0.05367562783891895,0.9985594634879985,0.6063084478693929,0.012849777482132866,0.021193466011050672,-0.003020156193008731,5.567233318264626e-16,1.008468482333047e-13
0.028,0.8,83,84,0.02679530250435569,down,1,blocks.1.mlp.down.weight,12.113907262853564,12.160864432356087,0.6061289410326922,0.05003579174585095,0.03188410886789084,0.6052897626419974,0.05260284851861435,0.7724822759687131,0.3673922931574129,1.1398745691270165,0.049789010746881565,0.9987605272043203,0.6063083525435784,0.03513006696406923,0.0579409253009495,-0.0032459580961787266,5.3812024638475155e-15,2.0632801023268144e-13
0.028,0.8,83,84,0.02679530250435569,up,1,blocks.1.mlp.up.weight,28.366854010021513,28.43253998689151,1.2123430905156185,0.042738017056361585,0.039855457894722175,1.2116877946062095,0.03287473505356586,2.2611479112042865,1.4697757691209612,3.7309236803109798,0.04262591695360987,0.9990915156018211,1.2126167677825934,0.04745644223767541,0.03913556491920763,-0.007600984342954216,1.8281937569756676e-14,2.2179740682970461e-13
0.028,0.8,83,84,0.02679530250435569,k,2,blocks.2.attn.k.weight,14.980823608390631,15.034190535350891,0.6060222509329062,0.04045319982230338,0.04120421317165861,0.6046198652399359,0.06799125462510518,1.234546098894287,0.36726296862578633,1.6018090675202075,0.040224459430384656,0.9991909964317234,0.606308405387931,0.04521837017517061,0.0745798174218594,-0.004014157003512203,3.7723445275605247e-16,8.658460233512688e-14
0.028,0.8,83,84,0.02679530250435569,o,2,blocks.2.attn.o.weight,10.799799661217605,10.853683460881232,0.6061248235949663,0.0561237099398777,0.03700923488718817,0.6049938993999535,0.06105876784204936,0.7993846447931552,0.36738730177802903,1.166771946570904,0.0557625611207333,0.9984452683885745,0.6063083981077105,0.03990307387627565,0.06581316373121865,-0.0028938389890876383,3.0158233887103713e-15,1.0747739503935705e-13
0.028,0.8,83,84,0.02679530250435569,q,2,blocks.2.attn.q.weight,14.436021124627482,14.463410951563201,0.6062023717475742,0.04199234446348991,0.014687881235870035,0.6060244068164704,0.024229336473111235,0.4240691275940789,0.3674813155123841,0.7915504431074396,0.04190972013493129,0.9991217876790589,0.6063084272051226,0.01855605676580646,0.030604979138000154,-0.003868175529936624,4.211826151464661e-15,9.392725312806771e-14
0.028,0.8,83,84,0.02679530250435569,v,2,blocks.2.attn.v.weight,12.970756450990326,13.015512454645956,0.6061226177614654,0.04672993591789996,0.030671184112529528,0.605346104494954,0.0506022761958702,0.7956569183742087,0.3673846277620115,1.1630415461368386,0.0465221744343833,0.9989178436429003,0.6063084247409803,0.03414673754067546,0.056319088020693776,-0.0034755534281460877,3.3555031172453234e-15,9.62918980662586e-14
0.028,0.8,83,84,0.02679530250435569,down,2,blocks.2.mlp.down.weight,13.257123833370947,13.313837939590824,0.6060461168585985,0.04571475113878427,0.0429827942667508,0.604519954307996,0.07092330611661928,1.1396564525972444,0.3672918957593861,1.506948348356019,0.04541709807810082,0.9989686436009672,0.6063084107056527,0.046535080701279055,0.07675150118257333,-0.00355228643452878,4.0085164598660354e-15,2.298621362695208e-13
0.028,0.8,83,84,0.02679530250435569,up,2,blocks.2.mlp.up.weight,31.490847483157317,31.595163591213666,1.2120226032551313,0.03848809098908418,0.08116466792489828,1.2093019008844905,0.06696629890145132,5.111888357288165,1.4689987908013455,6.580887148078091,0.03828191894242084,0.999267247340942,1.2126168965259168,0.08960273576919457,0.07389203962595414,-0.008438067844297284,1.2299649204599564e-14,2.0198751525535297e-13
0.028,0.8,83,84,0.02679530250435569,k,3,blocks.3.attn.k.weight,15.506634752204178,15.555734183030475,0.6060382649878218,0.03908251368993372,0.03733441442025694,0.6048871962022443,0.06160405468952883,1.157862256204698,0.3672823786294493,1.5251446348364937,0.03889251337576653,0.9992436862016129,0.6063084163703965,0.04148946411035548,0.06842963579283284,-0.004155049690098655,9.396349357163867e-15,9.01065246722288e-14
0.028,0.8,83,84,0.02679530250435569,o,3,blocks.3.attn.o.weight,11.133730091919412,11.1808055892013,0.6061501795547841,0.05444268673215934,0.030674797124997148,0.6053735185781616,0.0506059358879143,0.6830498236282077,0.367418040174297,1.050467863803192,0.05416386465249079,0.9985331378828985,0.6063084739793317,0.03365811378314524,0.05551318384557594,-0.002983316658148285,5.001804164507384e-15,1.0956470106182614e-13
0.028,0.8,83,84,0.02679530250435569,q,3,blocks.3.attn.q.weight,15.463221808489209,15.513186404087058,0.6060333921616178,0.03919192259331813,0.03816951123185485,0.604830191729305,0.06298252163253036,1.1804472369995835,0.36727647241491723,1.5477237094152656,0.03899554713290426,0.99923967365186,0.6063084567511671,0.04231292829235886,0.06978779171098443,-0.004143417060504184,2.9524882770852756e-15,8.554246720693381e-14
0.028,0.8,83,84,0.02679530250435569,v,3,blocks.3.attn.v.weight,13.428451446501198,13.469665432089542,0.6061339252600133,0.0451380360330336,0.027597384143307806,0.605505342453414,0.045530175747000724,0.7411802660377018,0.3673983353511114,1.1085786013878192,0.044964623003557504,0.9989890913390274,0.6063084065448642,0.03119557833004811,0.05145166716031633,-0.003598194186740523,5.79613246143604e-15,9.32322795355045e-14
0.028,0.8,83,84,0.02679530250435569,down,3,blocks.3.mlp.down.weight,14.276073180626609,14.347881152422968,0.6059231712613278,0.042443265987428376,0.05912988798158497,0.6030311317161255,0.09758644459576694,1.6882852159747217,0.36714288947138435,2.055428105447902,0.04203856877215933,0.9991163793676927,0.6063084228776714,0.06295520497607686,0.10383363087267992,-0.0038253169944920925,7.869542941600988e-15,2.0301360419139325e-13
0.028,0.8,83,84,0.02679530250435569,up,3,blocks.3.mlp.up.weight,33.4358556078559,33.55872646461469,1.2118362364437967,0.03624361376172083,0.1011359588460741,1.207608621113424,0.08345678715043495,6.7631346334787805,1.4685470639582654,8.231681697441672,0.03599076389614651,0.9993523324569774,1.2126168126412733,0.11009519750111776,0.09079141601320273,-0.008959238655044563,3.634140760582525e-15,2.1701629208947804e-13
0.028,0.8,83,84,0.02679530250435569,k,4,blocks.4.attn.k.weight,15.467702460647352,15.523286950891967,0.6059946788128616,0.0391780667073615,0.04381351404045051,0.6044087414465473,0.07230016297549148,1.3553887978661674,0.3672295507495033,1.7226183486166349,0.038942999218050604,0.9992417214059102,0.6063084273978567,0.04795813170525447,0.07909857349514386,-0.004144617664804126,3.656322692062478e-15,8.257804162692395e-14
0.028,0.8,83,84,0.02679530250435569,o,4,blocks.4.attn.o.weight,11.342877171078653,11.380441544707619,0.6061933777168625,0.05344264674420489,0.02142828560208431,0.6058145258773564,0.03534892723967189,0.48611682314247107,0.3674704111877788,0.8535872343298649,0.05325183391641166,0.9985821210922163,0.6063084242856195,0.024467643852772142,0.04035511114924891,-0.003039358250688028,3.2917226013833817e-15,1.0623880247750961e-13
0.028,0.8,83,84,0.02679530250435569,q,4,blocks.4.attn.q.weight,15.557205419758555,15.609480762657514,0.6060151793274271,0.03895398710604879,0.040559816997518004,0.6046563477054141,0.06692871462812605,1.2619948096364044,0.36725439757525363,1.629249207210023,0.03874375089109157,0.9992494608834068,0.606308444712942,0.04472841725096613,0.07377172071575366,-0.004168600253448323,6.998815288501485e-15,7.538934754247606e-14
0.028,0.8,83,84,0.02679530250435569,v,4,blocks.4.attn.v.weight,13.873083363508927,13.908056203499685,0.6061635711845131,0.04369350023362044,0.021774217669403587,0.6057723652298104,0.03592135638711226,0.60415107380565,0.3674342750311623,0.9715853488379196,0.04356583879758435,0.9990510088448818,0.6063084839551338,0.025491552323337073,0.04204386545450916,-0.00371733465393366,5.289563338263418e-15,9.919560832460927e-14
0.028,0.8,83,84,0.02679530250435569,down,4,blocks.4.mlp.down.weight,15.186575083117585,15.27241389772616,0.6057979059689097,0.039890357282884356,0.07399865977400877,0.6012614250292022,0.12215073549264872,2.2475724054161144,0.366991102876316,2.6145635082912975,0.03937674797527796,0.9992247358593375,0.6063084246588758,0.07806794850758082,0.12875946520371012,-0.004069288733572463,5.727072518168553e-15,2.1651300544101026e-13
0.028,0.8,83,84,0.02679530250435569,up,4,blocks.4.mlp.up.weight,34.65294020002639,34.79451808243083,1.2116567364452089,0.03496548141228969,0.12068401680680221,1.2056315419983745,0.0996024807825261,8.364112035010194,1.4681120469730544,9.832224082000494,0.03465524578450449,0.9993995069696869,1.212616779534561,0.12996937696005179,0.10718091581244485,-0.00928536015325055,1.314669448985685e-14,2.4171398389782883e-13
0.028,0.8,83,84,0.02679530250435569,k,5,blocks.5.attn.k.weight,15.595391083087316,15.653730842244101,0.605972183115811,0.038855850416791904,0.04667609656334214,0.6041718536309179,0.07702679737433027,1.455863960274537,0.367202286710142,1.8230662469848653,0.038603220787574145,0.9992548956723633,0.6063083806951014,0.05085492878079248,0.08387634147905051,-0.00417883221745056,4.639535074354883e-16,9.92983906905609e-14
0.028,0.8,83,84,0.02679530250435569,o,5,blocks.5.attn.o.weight,12.017355173180631,12.05911110170413,0.6061589046351195,0.050440292052605404,0.026541055748642864,0.6055775673093152,0.04378564027632225,0.6379065872052577,0.36742861766844787,1.0053352048724946,0.05023327719387496,0.9987383089311306,0.6063084327521988,0.029761142420319263,0.04908581311532374,-0.0032200866716765877,8.794924510917e-15,1.0216090126635713e-13
0.028,0.8,83,84,0.02679530250435569,q,5,blocks.5.attn.q.weight,15.51626208101413,15.574254509377742,0.6059767738170497,0.03905430126489869,0.046267802717355797,0.6042078622771286,0.07635243579702693,1.4358067057503006,0.36720785040571985,1.8030145561560005,0.0388026026617031,0.9992471790132924,0.6063083910337089,0.05042543207933195,0.08316796010914591,-0.004157629361976371,4.687007531843713e-16,9.317525050123177e-14
0.028,0.8,83,84,0.02679530250435569,v,5,blocks.5.attn.v.weight,14.36978607732204,14.409137265650642,0.6061270679073153,0.042180660494583605,0.026621649264539964,0.6055421622318508,0.043920904830158085,0.7650948099138738,0.3673900224499192,1.1324848323637298,0.04203415754207508,0.9991165647998159,0.6063083849921826,0.03047207691318702,0.05025837951025518,-0.0038504276486472275,5.475631702234957e-16,9.61715516251127e-14
0.028,0.8,83,84,0.02679530250435569,down,5,blocks.5.mlp.down.weight,16.03043740888279,16.126816982382156,0.6056890745815946,0.03778368981035851,0.0852267202190458,0.5996629563583376,0.14071034759529016,2.732443208071558,0.36685925506750844,3.0993024631407025,0.03719064099380612,0.9993084281111393,0.6063083967654493,0.08952212441552737,0.14765113742958608,-0.004295404196481541,5.4641534206151116e-15,1.9124632433253907e-13
0.028,0.8,83,84,0.02679530250435569,up,5,blocks.5.mlp.up.weight,35.87754931896604,36.037158744082674,1.211472048185013,0.033766856186706974,0.1395106532897142,1.20341235707186,0.11515796299115974,10.010600687845786,1.4676645235335903,11.47826521137381,0.03339830960512498,0.9994422764576332,1.2126167216448436,0.14912415116087907,0.12297715221888157,-0.009613497871166355,4.902268879901892e-15,2.5387266074095027e-13
0.028,0.8,83,84,0.02679530250435569,k,6,blocks.6.attn.k.weight,15.72144137486462,15.780397677284556,0.6059644171547497,0.0385438206781449,0.04738875525325237,0.6041085835620205,0.07820385803470428,1.4900390750836299,0.36719287485769553,1.8572319499426726,0.03828923289470872,0.9992669673221182,0.6063084045266287,0.05160136302769207,0.08510745132747993,-0.004212607774439911,5.250155174971828e-15,9.841259751564024e-14
0.028,0.8,83,84,0.02679530250435569,o,6,blocks.6.attn.o.weight,12.290204843443142,12.330676236205859,0.6061605193207398,0.04932061971645071,0.025589922266044132,0.6056201210839013,0.042216412073026566,0.6290107731549383,0.36743057518318895,0.9964413483386068,0.04912974096141336,0.9987931342764783,0.606308474023676,0.028883119832249515,0.04763766476917432,-0.0032931975662055645,2.430075450014003e-15,1.0779961992501974e-13
0.028,0.8,83,84,0.02679530250435569,q,6,blocks.6.attn.q.weight,15.779152340682856,15.841009148365593,0.6059425071299279,0.038401461247550464,0.05034351313292679,0.6038475408846234,0.0830829864889013,1.5887559261792397,0.36716632194690274,1.9559222481251766,0.03812618783988823,0.9992731969003582,0.606308428518785,0.05457158473523571,0.09000631059765145,-0.004228071602309092,4.077434622783658e-15,8.114494319533261e-14
0.028,0.8,83,84,0.02679530250435569,v,6,blocks.6.attn.v.weight,14.538954812440958,14.576110984930715,0.6061380209676812,0.041690618671502436,0.024568516635864738,0.6056398999843067,0.04053287499873682,0.7144011063550827,0.36740330046261716,1.0818044068177812,0.04155914412165854,0.9991364187698878,0.6063084226053884,0.028464273558829724,0.04694685492989679,-0.003895756922965134,0.0,9.963319232142442e-14
0.028,0.8,83,84,0.02679530250435569,down,6,blocks.6.mlp.down.weight,17.075570098643883,17.18291484585037,0.6055590599773988,0.03546347539081529,0.09694454158183646,0.59774871892663,0.1600909770641607,3.3107666309230908,0.36670177512071084,3.6774684060439427,0.03479265269139268,0.9993947356592416,0.6063083702239841,0.10151999224411132,0.16743953610042944,-0.004575450662274935,3.8504945298555795e-16,2.128462336936643e-13
0.028,0.8,83,84,0.02679530250435569,up,6,blocks.6.mlp.up.weight,37.06103210902878,37.24063414755208,1.2112630632519368,0.032682928518789144,0.16024341256895563,1.200616615380497,0.1322944762624416,11.877572516956821,1.4671582083984653,13.344730725359796,0.032243615100241166,0.9994801746425138,1.2126167807733261,0.17017402823380565,0.14033619766112754,-0.009930615664850654,2.6231675386860283e-15,2.398619497467891e-13
0.028,0.8,83,84,0.02679530250435569,k,7,blocks.7.attn.k.weight,15.309005686474933,15.351141875315268,0.6060902242084928,0.039590436937648806,0.030196487825198112,0.605337535598276,0.04982177012446027,0.924556407655058,0.36734535988110106,1.2919017675361317,0.03944040636381766,0.9992222271728797,0.6063084402725749,0.03429858220929789,0.05656952786914604,-0.004102094384099972,2.412119501463911e-16,9.758448389629581e-14
0.028,0.8,83,84,0.02679530250435569,o,7,blocks.7.attn.o.weight,12.901609709656888,12.962616579641097,0.606031001122501,0.04697328587369103,0.04691747554747672,0.6042121521534173,0.07741761636050856,1.2106219161518306,0.3672735743215408,1.5778954904733382,0.04662456833021352,0.9989130748139583,0.6063084323597167,0.05037450089711041,0.08308395233933301,-0.003457025349633889,6.765888491978718e-16,1.0464719368830089e-13
0.028,0.8,83,84,0.02679530250435569,q,7,blocks.7.attn.q.weight,15.531738140695161,15.57347626005257,0.6060883960806503,0.039022573686883145,0.029968635802360546,0.6053470283497155,0.04944598180093306,0.9309300074322516,0.3673431438636153,1.298273151296172,0.038877731712168455,0.9992442609884123,0.6063084279115541,0.034130412021344016,0.05629216162953094,-0.004161776218983658,1.0546820974784612e-15,9.195682409979256e-14
0.028,0.8,83,84,0.02679530250435569,v,7,blocks.7.attn.v.weight,15.01013748845844,15.061914950375513,0.606032092711487,0.04037485287376453,0.03963253679182556,0.6047347843673113,0.06539676242969757,1.1897796525233784,0.3672748973962643,1.5570545499199682,0.04015802291391314,0.9991936665977799,0.6063084025740128,0.043654548538177546,0.07200056663052527,-0.004022011746352136,1.0022586201860092e-15,8.590415705167498e-14
0.028,0.8,83,84,0.02679530250435569,down,7,blocks.7.mlp.down.weight,18.615899619670046,18.7440334949534,0.6053101537467199,0.03251576158624821,0.11873378988924471,0.5935508987169129,0.19615363983953013,4.420672628082348,0.3664003822288777,4.787073010303573,0.031670095390254234,0.9994985025288676,0.6063083347920154,0.12372197650624184,0.2040578520971227,-0.004988186616997789,2.2327144024518044e-14,2.369430606580236e-13
0.028,0.8,83,84,0.02679530250435569,up,7,blocks.7.mlp.up.weight,39.56733687443736,39.7824305822867,1.210845286296498,0.030602142624331374,0.19715111787040157,1.1946872997023021,0.16282106401339655,15.601489391900172,1.4661463073464482,17.06763569924965,0.030033912240987573,0.999548982057618,1.2126166665551585,0.20775330547882298,0.1713264473504355,-0.010602187608422966,1.1493374072673842e-15,2.64664375485002e-13
0.04,0.9,83,84,0.03827900357765099,k,0,blocks.0.attn.k.weight,20.92023218776154,21.02234750790847,0.8653366547951461,0.04136362574892325,0.08446781076709717,0.8612042237915726,0.09761265780090352,3.5341724272791537,0.7488075261320538,4.282979953411598,0.04097473024479834,0.9991605357406321,0.8661550098509292,0.092475867194703,0.10676595545018977,-0.008008056427606132,3.858682307377439e-16,1.0175302440906808e-13
0.04,0.9,83,84,0.03827900357765099,o,0,blocks.0.attn.o.weight,10.253665284087303,10.269513774559291,0.8662399351245462,0.08448100373130639,-0.020729671081557495,0.8659918625146218,-0.023930634274644733,-0.42511021743902916,0.750371625204578,0.3252614077658791,0.0844016610600995,0.9964381798050892,0.866154895432349,-0.016804670180621553,-0.019401460719370926,-0.003925000900936136,2.155958607796451e-15,1.176905795041705e-13
0.04,0.9,83,84,0.03827900357765099,q,0,blocks.0.attn.q.weight,20.632460838527656,20.738858250718284,0.8653113706085552,0.041939319666257725,0.08852646202732514,0.860771069231287,0.10230590401818752,3.653037521904383,0.7487637681044564,4.401801290008507,0.041514173694508355,0.9991382866911785,0.8661550041992692,0.09642436244986219,0.11132460354368469,-0.00789790042253744,1.189468687372653e-15,1.0509973967509634e-13
0.04,0.9,83,84,0.03827900357765099,v,0,blocks.0.attn.v.weight,12.17077142088878,12.1664951772022,0.866331241729696,0.0711812926042474,-0.035108781254724705,0.8656195433768007,-0.040525816874187014,-0.8546019030344784,0.750529820396917,-0.10407208263868029,0.07119293349536739,0.9974657831101135,0.8661549469855856,-0.03044993122709518,-0.03515529332605881,-0.0046588500276297405,8.44834994938093e-15,9.725900640411567e-14
0.04,0.9,83,84,0.03827900357765099,down,0,blocks.0.mlp.down.weight,17.309746221021335,17.340898399985427,0.8660568273389184,0.05003290148108353,0.009514543138513172,0.8660045621412831,0.010986049457918305,0.3293886542732457,0.7500544281803532,1.079443082454759,0.049955591373920145,0.9987522194451297,0.8661549623074797,0.01614054151373951,0.018634704199743092,-0.006625998375227064,2.646458201164084e-15,2.2249996983747522e-13
0.04,0.9,83,84,0.03827900357765099,up,0,blocks.0.mlp.up.weight,40.92462312911268,41.01278542980013,1.7317723404351897,0.042316146320312796,0.05161629709444364,1.7310029453968288,0.029805474939894584,4.2247550118208395,2.9990354390963745,7.223790450921342,0.04221582794667884,0.9991089119352766,1.7323100306526198,0.06728183504617503,0.03883937277718567,-0.015665537951733227,1.4869430505163599e-15,2.2316545313094682e-13
0.04,0.9,83,84,0.03827900357765099,k,1,blocks.1.attn.k.weight,22.971168373993745,23.040352991413314,0.8655722794127046,0.03768081210847949,0.0529810694006521,0.863949290857427,0.061209295469351256,2.4340741316732544,0.7492153708877053,3.1832895025579546,0.037503818985332164,0.9992967317807024,0.8661549684806846,0.06177420376436081,0.07132003626639519,-0.008793134363709298,5.78223440822726e-15,1.1055717973051937e-13
0.04,0.9,83,84,0.03827900357765099,o,1,blocks.1.attn.o.weight,16.39980779404727,16.40545643315925,0.8662570534103367,0.05282117109474703,-0.017228744113571528,0.8660857076292214,-0.019888720150380648,-0.5650961839907928,0.7504012825831589,0.1853050985926643,0.052810953961298354,0.9986055015708065,0.8661549391990202,-0.010951061101360533,-0.012643305032108417,-0.00627768301221124,4.224093772809433e-16,8.45864177312361e-14
0.04,0.9,83,84,0.03827900357765099,q,1,blocks.1.attn.q.weight,22.546977516483004,22.575023665320906,0.8659981406859537,0.03840861330760916,0.011432698262128352,0.8659226715372194,0.013201758439195443,0.5155455813378845,0.7499527796715288,1.265498361008838,0.03836461220084795,0.999264078265286,0.8661550758222166,0.02006345659231458,0.02316381575582052,-0.008630758330186693,1.6730735034813674e-15,1.0662889841916989e-13
0.04,0.9,83,84,0.03827900357765099,v,1,blocks.1.attn.v.weight,18.838506728463923,18.8769215380703,0.8659704885584228,0.045968106763472405,0.018550464723728025,0.8657717755348877,0.02142158996042567,0.6989261090281661,0.7499048870541135,1.448830996081881,0.045876104769293984,0.9989476915055437,0.8661549689889295,0.025761657388292343,0.02974254990231616,-0.007211192664564727,1.7547309432608173e-15,1.0927283383699304e-13
0.04,0.9,83,84,0.03827900357765099,down,1,blocks.1.mlp.down.weight,20.481256369771078,20.545304720105523,0.8657043711337981,0.04226812825855342,0.04585264364620015,0.8644892094590986,0.05296570651035033,1.8782394994991602,0.7494440582001648,2.627683557701971,0.04208653466073672,0.9991143618000078,0.8661550066199647,0.0536926645047319,0.06198967170352011,-0.007840020858532542,5.251938404044011e-15,2.350296606640212e-13
0.04,0.9,83,84,0.03827900357765099,up,1,blocks.1.mlp.up.weight,45.44625334353395,45.577652630884884,1.7312322057109424,0.038094057889092425,0.09861441557243061,1.7284212875147802,0.05696198074823471,8.963311426858441,2.9971649500907747,11.960476376937095,0.03792938190461924,0.9992806809940473,1.7323102061080928,0.11601078851570791,0.06696883047081065,-0.01739637294327969,6.786220447160236e-15,2.3890026241979445e-13
0.04,0.9,83,84,0.03827900357765099,k,2,blocks.2.attn.k.weight,22.444068001734205,22.50196240870626,0.8657028680194132,0.03857156679228214,0.04127331819967758,0.8647184333076366,0.047676078853826825,1.8526823206615552,0.7494414556970376,2.602123776360372,0.03843567698885873,0.9992613493671518,0.8661549835865352,0.04986468379303149,0.05757016323632298,-0.008591365593354256,3.0311202453622956e-15,1.0445550674420545e-13
0.04,0.9,83,84,0.03827900357765099,o,2,blocks.2.attn.o.weight,19.280101232795204,19.340951343313886,0.8657697398525954,0.04490483371425106,0.04150751222293216,0.864774172182357,0.04794290018729364,1.6005380751592326,0.7495572424444308,2.3500953176040866,0.044723263602764164,0.9989999148463055,0.8661549401094353,0.0488877428636081,0.056442260616133326,-0.007380230640676408,7.597916744641752e-16,1.0675228062639874e-13
0.04,0.9,83,84,0.03827900357765099,q,2,blocks.2.attn.q.weight,22.34744419299841,22.386075425313162,0.8658964362148732,0.03874700071904258,0.02188917761539433,0.8656197214441903,0.025279209729837143,0.9783343503813096,0.749776638249618,1.7281109886315562,0.03867500644481914,0.9992521219381958,0.8661549008636998,0.03044355657754535,0.0351479354872761,-0.008554378962151419,6.805742539872821e-16,1.0161424653098994e-13
0.04,0.9,83,84,0.03827900357765099,v,2,blocks.2.attn.v.weight,21.40998193583929,21.492617754765316,0.8654980991055214,0.040424980352585856,0.06530142127895874,0.8630311025301486,0.07544952593939458,2.796204499934276,0.749086959555271,3.545291459488567,0.04016286800012739,0.9991934720169505,0.8661550008232655,0.07349694903015264,0.08485426853195449,-0.008195527751194353,2.5841686637505147e-15,1.0329627778138395e-13
0.04,0.9,83,84,0.03827900357765099,down,2,blocks.2.mlp.down.weight,22.479123304794282,22.56305750671175,0.8654420076316277,0.038499811398207365,0.06743122472681132,0.8628110444968734,0.07791535900983579,3.0315896304545693,0.7489898685734624,3.7805794990360937,0.038246982082901185,0.9992685841806583,0.8661549360200281,0.0760360091408772,0.08778569050274282,-0.00860478441406678,1.496198064398195e-14,2.335618677629103e-13
0.04,0.9,83,84,0.03827900357765099,up,2,blocks.2.mlp.up.weight,49.83218999132439,50.00970002508397,1.7305768597139972,0.03472809162140545,0.1477763771029637,1.724255900308963,0.0853913978298461,14.728041000048973,2.99489626737756,17.72293726743328,0.0344835551711901,0.9994054422112566,1.7323099839480984,0.16685164289256166,0.09631742842715192,-0.019075265789600903,1.818283839158587e-15,2.4228731000663917e-13
0.04,0.9,83,84,0.03827900357765099,k,3,blocks.3.attn.k.weight,23.555972284739163,23.61203657169067,0.8656892068299269,0.03675030673179928,0.04022383278720357,0.8647542113791175,0.04646451921758328,1.8950229806426993,0.7494178028218279,2.6444407834580943,0.036629592634466836,0.999329136471661,0.8661550120341069,0.04924082426082878,0.05684989820146628,-0.00901699147362578,1.1622997588585994e-14,1.1102338666468814e-13
0.04,0.9,83,84,0.03827900357765099,o,3,blocks.3.attn.o.weight,20.49571461712604,20.556846325205882,0.8657304632720266,0.04223958419818306,0.042938828172083485,0.8646649594337632,0.04959837962706807,1.7601239364176697,0.7494892350371979,2.5096131714565217,0.042071449926402965,0.9991149965504856,0.8661550355914519,0.05078438350363786,0.05863197859140756,-0.007845555331554814,3.4973617843200107e-15,1.1889903124562284e-13
0.04,0.9,83,84,0.03827900357765099,q,3,blocks.3.attn.q.weight,23.782004461245677,23.834464455248394,0.8657207792265167,0.03640234701987652,0.03676071983444128,0.8649399499745679,0.04246255919522384,1.7484872062025698,0.7494724675845672,2.497959673789751,0.03629544168496665,0.9993413204563933,0.8661550929471488,0.0458642341729981,0.05295152628721731,-0.00910351433855735,4.4027301848755844e-15,1.0649532471151968e-13
0.04,0.9,83,84,0.03827900357765099,v,3,blocks.3.attn.v.weight,22.89701030000776,22.983658150462283,0.8653973200510988,0.03779521032275578,0.0704578618522779,0.8625243250222037,0.08141677842048042,3.2265487770962618,0.7489125215516239,3.9754612986498614,0.03753433212660074,0.9992955869558497,0.8661549705857875,0.07922260924419247,0.0914647054332709,-0.008764747391915085,3.2282201091195525e-15,1.1053527884663517e-13
0.04,0.9,83,84,0.03827900357765099,down,3,blocks.3.mlp.down.weight,24.007726524351142,24.114616879398824,0.8651344668013586,0.036035668180568824,0.09154046140204508,0.8602778560293759,0.10581067442671135,4.3953567265064395,0.7484576456476711,5.143814372153315,0.03568021806511943,0.9993634610192973,0.8661550663759588,0.1007303798972132,0.11629601188927374,-0.00918991849516904,2.150513328978829e-15,2.3093614694158493e-13
0.04,0.9,83,84,0.03827900357765099,up,3,blocks.3.mlp.up.weight,52.49775939758316,52.68526908013686,1.7303441311888088,0.032960342518322194,0.1593281852366614,1.7229931345571974,0.09207890058678513,16.72874546761562,2.9940908123395538,19.722836279894636,0.03270788247510938,0.9994650972118793,1.7323100886761056,0.17942380443464595,0.10357487704280943,-0.020095619197987465,2.2608453666034002e-14,2.359106833493829e-13
0.04,0.9,83,84,0.03827900357765099,k,4,blocks.4.attn.k.weight,24.292042243427375,24.36365249602244,0.8655003789665401,0.03562896730927248,0.05629735979139235,0.8636674784151146,0.06504602558188918,2.7351556844918656,0.7490909059912245,3.4842465904804385,0.03545458618286348,0.9993714861592482,0.8661549302043307,0.06559611151083795,0.07573253839860206,-0.009298751719446054,4.979649112065771e-15,1.0550371340456444e-13
0.04,0.9,83,84,0.03827900357765099,o,4,blocks.4.attn.o.weight,21.358443569132152,21.44305033326692,0.8654814798067383,0.040521748553698805,0.06723892820252729,0.8628656433204545,0.07768962106218809,2.872237707325215,0.7490581918884616,3.6212958992160225,0.040248024552261785,0.9991900482597644,0.8661550089671376,0.07541472758048559,0.08706839630289186,-0.008175799377958664,4.574132964167527e-15,1.1167347428731045e-13
0.04,0.9,83,84,0.03827900357765099,q,4,blocks.4.attn.q.weight,24.472107975868536,24.54082419705897,0.8655254217955665,0.03536783274448789,0.05350681754081059,0.8638699417454193,0.06182004155326668,2.6188492326076265,0.7491342557743932,3.367983488386699,0.035206797203609384,0.9993802407152772,0.866154996855359,0.06287449662841937,0.07259035260050449,-0.00936767908760933,7.362011726525841e-15,1.0951916457058175e-13
0.04,0.9,83,84,0.03827900357765099,v,4,blocks.4.attn.v.weight,23.68920375301021,23.790354409769183,0.8652111752921333,0.03652343845378045,0.08556636506672542,0.8609696713705078,0.09889650932656349,4.053998112940228,0.7485903778503946,4.802588490790868,0.03619579135015873,0.9993449323442123,0.8661549725059609,0.0946343562188566,0.10925799565066323,-0.009067991152131812,0.0,1.1119642533141683e-13
0.04,0.9,83,84,0.03827900357765099,down,4,blocks.4.mlp.down.weight,25.22911266582869,25.35650650897183,0.8648414243261014,0.03427950224731752,0.11289231255745666,0.8574415519418068,0.13053527430814751,5.696345745236043,0.7479506892303999,6.444296434453122,0.03382028087600667,0.9994280943006213,0.8661549861426994,0.12254976549741796,0.14148710964902053,-0.009657452939962164,2.139521819400068e-14,2.2542796622448957e-13
0.04,0.9,83,84,0.03827900357765099,up,4,blocks.4.mlp.up.weight,54.40699416025501,54.61753931477979,1.7299778007879236,0.03179697440539169,0.1834485102913715,1.720223774772765,0.10604096203304997,19.96176405626026,2.9928231912190206,22.954587247493237,0.03149971957296592,0.9995038838332974,1.7323100463937569,0.20427496553246485,0.11792055697980569,-0.02082645524109638,3.96350368052062e-15,2.297929641709162e-13
0.04,0.9,83,84,0.03827900357765099,k,5,blocks.5.attn.k.weight,24.157293936797384,24.237121220030467,0.8654172231885697,0.03582426183382778,0.0644577104451351,0.8630134261735238,0.07448165892474977,3.114247715432207,0.7489469701914148,3.8631946856235118,0.03561273912576529,0.9993658664059297,0.866155057345447,0.07370488185546493,0.0850943271997422,-0.009247171410330336,5.805897592908646e-16,1.007343080478007e-13
0.04,0.9,83,84,0.03827900357765099,o,5,blocks.5.attn.o.weight,21.643931765328034,21.713610497523362,0.8656132236237628,0.03999334469398073,0.052481507234927144,0.8640208008554306,0.06062928084118333,2.2718123230686653,0.7492862529123224,3.0210985759808295,0.03979955007258291,0.9992079979069544,0.866155022271984,0.06076658864972097,0.070156712236484,-0.008285081414794258,6.028178572136037e-16,1.1124716599308915e-13
0.04,0.9,83,84,0.03827900357765099,q,5,blocks.5.attn.q.weight,24.18860524220996,24.25744912464745,0.8655338254755379,0.03578270912310195,0.05345627915401977,0.8638814902875923,0.061761051481321425,2.5860656683479233,0.7491488030423189,3.3352144713923053,0.035618688439836066,0.9993656545168554,0.8661549833613994,0.06271543622006867,0.07240671406943915,-0.009259157066049425,3.09129115098511e-15,1.1500956437204835e-13
0.04,0.9,83,84,0.03827900357765099,v,5,blocks.5.attn.v.weight,24.121969939219507,24.21880958429608,0.8652363275858584,0.035869223358042795,0.08151635291628159,0.8613878260003875,0.09421281829870073,3.932670029202706,0.748633902574263,4.68130393178194,0.03557252084638474,0.9993672978802643,0.8661550379482139,0.09075000265231492,0.10477339353389609,-0.00923364973603373,8.334375371109372e-15,1.0482456916371952e-13
0.04,0.9,83,84,0.03827900357765099,down,5,blocks.5.mlp.down.weight,26.198633101068523,26.347109197427116,0.8645366367069126,0.03299930318393795,0.13463227400670882,0.853989313167832,0.15572766762034937,7.054363100528579,0.7474235962085002,7.801786696745239,0.03241727617594888,0.9994745601025543,0.8661550140958169,0.1446608497087614,0.1670149653982821,-0.010028575702053677,1.0809066261993314e-14,2.2363643055467453e-13
0.04,0.9,83,84,0.03827900357765099,up,5,blocks.5.mlp.up.weight,55.666732563442864,55.89037182370561,1.7297513846984962,0.0310733413844097,0.19721391429133217,1.718472148415239,0.11401286684080758,21.95650844929066,2.992039852866365,24.948548302195377,0.03075082978823673,0.9995271932335559,1.7323102046009105,0.21852258484085224,0.12614518130786828,-0.0213086705495217,1.1500673424961642e-14,2.231379143957657e-13
0.04,0.9,83,84,0.03827900357765099,k,6,blocks.6.attn.k.weight,24.351467091429267,24.42577597292388,0.8654692168503688,0.03554074231342633,0.05904254964165619,0.8634529186050526,0.06822027692275978,2.8755454091857393,0.7490369653155907,3.6245823745030066,0.03535559597661916,0.9993749909165209,0.8661550587444955,0.06836404860079447,0.07892818717688858,-0.009321498959138712,2.4771756346978396e-15,9.620472821159076e-14
0.04,0.9,83,84,0.03827900357765099,o,6,blocks.6.attn.o.weight,22.059529642436402,22.14987210121771,0.8653964161117612,0.039230048425283694,0.07355268109410514,0.8622650173369756,0.0849930502654245,3.2450750977521676,0.7489109570190806,3.9939860547723356,0.038936047159919746,0.9992419921157238,0.8661549765530565,0.08199684923514595,0.09466764199804055,-0.00844416814104121,1.7379168908374688e-15,1.1282012650493112e-13
0.04,0.9,83,84,0.03827900357765099,q,6,blocks.6.attn.q.weight,24.096416010752158,24.164022701573124,0.8655502464422954,0.035920289808080784,0.052156124144588104,0.8639774116437945,0.060257765922853625,2.51355132979286,0.7491772291163182,3.262728558908293,0.035760417999857866,0.9993605962521839,0.8661549926311433,0.061379992091429025,0.0708649059505774,-0.009223867946841484,1.752323260056133e-15,1.0769185022907468e-13
0.04,0.9,83,84,0.03827900357765099,v,6,blocks.6.attn.v.weight,24.463982086777243,24.565872651038315,0.8651652980602029,0.03536485985770174,0.08680452260052252,0.8607996095630325,0.10033287603553671,4.2471685719008665,0.7485109929675998,4.995679564874422,0.03504584623206994,0.999385894330887,0.8661549872407502,0.09616909117875536,0.11102988794778466,-0.009364568578233357,9.60762337835988e-15,1.0414672596548158e-13
0.04,0.9,83,84,0.03827900357765099,down,6,blocks.6.mlp.down.weight,27.514341893737843,27.690941256208422,0.8640993450512726,0.03140541570605177,0.16359740977874693,0.8484713110249164,0.18932708457155425,9.002550131164748,0.7466676781180382,9.749217809288325,0.03064435109378673,0.999530461872912,0.8661551201589501,0.17412962569661694,0.20103746043163956,-0.010532215917871034,6.671865207320247e-15,2.1683989239601464e-13
0.04,0.9,83,84,0.03827900357765099,up,6,blocks.6.mlp.up.weight,56.86829340141324,57.095053366050834,1.7296464526787183,0.030414952677931685,0.20090850511708064,1.7179384808072653,0.1161558217900149,22.85064763167495,2.991676851264074,25.842324482972344,0.030092501439154467,0.9995472206784635,1.7323099388206047,0.2226771211827543,0.12854346453404167,-0.021768616065676035,9.485978239045269e-15,2.075541344695453e-13
0.04,0.9,83,84,0.03827900357765099,k,7,blocks.7.attn.k.weight,23.602867335840017,23.658310356079912,0.8656943098192889,0.03667750606320472,0.03963238378326993,0.8647866281397623,0.04578103764080772,1.8708757932792348,0.7494266380534949,2.620302431334494,0.03655929496340756,0.9993317089758365,0.8661549635315139,0.04866732621518385,0.05618778193772153,-0.009034942431914416,2.6404994987605164e-15,1.0565767011305738e-13
0.04,0.9,83,84,0.03827900357765099,o,7,blocks.7.attn.o.weight,22.55087384308772,22.66149916011884,0.8651716236323022,0.038365325869511434,0.09430036255952709,0.8600170812023904,0.10899613438963728,4.253111158874656,0.7485219383385538,5.00163309720898,0.03795741854319553,0.999279617188717,0.8661550107504473,0.1029326123647138,0.11883855786452326,-0.00863224980518711,8.412334031548016e-15,1.025744159749431e-13
0.04,0.9,83,84,0.03827900357765099,q,7,blocks.7.attn.q.weight,23.313442984769296,23.34183621783762,0.8659819246838504,0.037145175221420426,0.012326997834783323,0.8658941846459701,0.01423470569467558,0.5747695223891911,0.749924693879146,1.3246942162674031,0.037102617559002876,0.9993116978850827,0.8661549228886064,0.021251151508996313,0.024535046730582814,-0.008924153674213462,2.08660455735423e-15,1.0502623076780182e-13
0.04,0.9,83,84,0.03827900357765099,v,7,blocks.7.attn.v.weight,24.77232245121816,24.888449317272375,0.8649933399684379,0.034917732952644595,0.1012972506513097,0.859041527052344,0.11710754981651751,5.018736313112226,0.7482134781897535,5.766949791308434,0.034520813580253926,0.9994041567148261,0.8661550208313483,0.11077984884867828,0.12789840869634417,-0.009482598197369038,1.0277856180866093e-14,1.0520577464756542e-13
0.04,0.9,83,84,0.03827900357765099,down,7,blocks.7.mlp.down.weight,29.72051507650451,29.959839222707096,0.8630833463668177,0.029039986155863312,0.22775575961738373,0.8324903463329117,0.2638861711051781,13.538036974938379,0.7449128627757442,14.282949837726733,0.02778955901979174,0.9996138702046451,0.8661550196845562,0.2391324766468142,0.27608507855083897,-0.011376717029431462,1.3425704832042488e-14,1.9532335818195357e-13
0.04,0.9,83,84,0.03827900357765099,up,7,blocks.7.mlp.up.weight,60.18361732973293,60.47729574307898,1.7285677248316034,0.028721565793580622,0.2695713598192499,1.707418420100187,0.15595070759840288,32.44755912483496,2.9879463793295056,35.43550550410919,0.028235200904302746,0.9996013867148436,1.7323099366933121,0.29260904885005623,0.1689126423927335,-0.02303768903080825,1.5914588759815415e-14,2.0655363270477567e-13
0.04,0.8,83,84,0.03827900357765099,k,0,blocks.0.attn.k.weight,17.65821131467541,17.736944195069672,0.8656783019083963,0.0490241217800439,0.05768884476977463,0.8637539693595115,0.06664004936082954,2.037363622888375,0.7493989223950046,2.7867625452851144,0.04871246560802013,0.9988135478471467,0.8661550058774145,0.06444823211066808,0.07440727314781499,-0.006759387340893771,4.8785005208414186e-15,9.403632386661975e-14
0.04,0.8,83,84,0.03827900357765099,o,0,blocks.0.attn.o.weight,7.758994238746565,7.782810518776567,0.8662338672405424,0.11164254548801922,-0.024501444825106945,0.8658872859420335,-0.028285022961706943,-0.38021313847794325,0.7503611127545057,0.37014797427679014,0.11142945526653814,0.9937917382494559,0.86615494701806,-0.021531379142867527,-0.02485857665189619,-0.002970065682239532,2.5807145491951608e-15,9.08162434143378e-14
0.04,0.8,83,84,0.03827900357765099,q,0,blocks.0.attn.q.weight,17.48828303351835,17.57940894505218,0.8655883668547776,0.049495331542597734,0.06994203408674904,0.8627579803759036,0.08080288132902257,2.4463321760981107,0.749243220834321,3.195575396934828,0.049092549976422414,0.9987949607683568,0.8661549899471145,0.07663637457481891,0.08847882361042353,-0.00669434048807022,6.989647098600514e-15,9.880334397860402e-14
0.04,0.8,83,84,0.03827900357765099,v,0,blocks.0.attn.v.weight,9.548693412932888,9.546218910019078,0.8663235465724296,0.09072692033436412,-0.0417736159822229,0.8653158107614235,-0.04821941657651849,-0.7977669035276796,0.7505164873458327,-0.04725041618208081,0.09073830821460109,0.9958832797111244,0.866154992023436,-0.03811847128906751,-0.044008834030983816,-0.0036551446931555043,3.586619101092794e-15,1.0316227039286474e-13
0.04,0.8,83,84,0.03827900357765099,down,0,blocks.0.mlp.down.weight,13.170893266791497,13.209408487178997,0.8660815181218663,0.06575723457615176,0.010095972024186363,0.8660226714014404,0.01165706900902342,0.265945939910143,0.7500971960322766,1.0160431359429367,0.06559633970833074,0.9978485601083316,0.8661549607853575,0.0151376587289896,0.01747684815574343,-0.00504168670480371,2.1175165163039744e-15,2.0614846635291784e-13
0.04,0.8,83,84,0.03827900357765099,up,0,blocks.0.mlp.up.weight,31.144149708625815,31.19863059404331,1.73222525886584,0.05561960352335693,0.006355696439457017,1.7322135990046763,0.0036690935009332194,0.39588552282605877,3.0006043474528266,3.396489870277719,0.0555435272509718,0.9984574582901546,1.7323100226885864,0.01827736662064964,0.01055086351823026,-0.011921670181193856,2.335979990259611e-15,2.112680690113944e-13
0.04,0.8,83,84,0.03827900357765099,k,1,blocks.1.attn.k.weight,18.660532941089663,18.73868923336976,0.865645065351401,0.046389085889679445,0.05824172243652504,0.8636835537018381,0.06728129665116538,2.173643160145153,0.7493413791672312,2.9229845393153937,0.04610317747840662,0.998937248513145,0.8661549812264353,0.06538478850865327,0.07548855565787019,-0.007143066072128453,8.256043057177003e-15,1.0448759912851102e-13
0.04,0.8,83,84,0.03827900357765099,o,1,blocks.1.attn.o.weight,11.459196397315376,11.47591664308116,0.86622494351656,0.07559211950669564,-0.016007445607399726,0.8660770257058725,-0.018479548213441287,-0.36686492606907356,0.7503456527702675,0.38348072670146394,0.07552295787007243,0.9971481414172212,0.8661549870652143,-0.011620979408501545,-0.013416743633696335,-0.004386466198898406,1.0790595914261551e-15,1.1288452811397676e-13
0.04,0.8,83,84,0.03827900357765099,q,1,blocks.1.attn.q.weight,18.20885470840512,18.23967109573148,0.8660444349647434,0.04756171922031875,0.010247182793778852,0.8659838096514121,0.011832167473249815,0.373178925324776,0.7500329633334016,1.1232118886551348,0.047491429794631876,0.9988722820479782,0.8661549490430321,0.017217350939058133,0.01987791094200946,-0.0069701681452796664,9.739149691780411e-15,1.0519753471105453e-13
0.04,0.8,83,84,0.03827900357765099,v,1,blocks.1.attn.v.weight,13.732942300162412,13.761090418891433,0.866133785291132,0.06306978987896052,0.0008635281053888028,0.8661333548259826,0.0009969915965101703,0.023717563291745992,0.7501877340227449,0.7739052973155083,0.06297197213874507,0.9980172653624223,0.866154978723773,0.006120361579784436,0.007066127575462787,-0.005256833474395916,4.502624736549789e-15,1.1251242992837973e-13
0.04,0.8,83,84,0.03827900357765099,down,1,blocks.1.mlp.down.weight,15.945555154917132,15.999700003493407,0.8659168334959882,0.054304589905041056,0.030725146638865296,0.865371554822548,0.03548279170739512,0.9798590407458866,0.749811962531719,1.7296710032826184,0.05410653964609195,0.998536241183663,0.8661548932951575,0.03682894626709173,0.04252004641684986,-0.006103799628227041,1.8652446265735173e-14,1.998388433899212e-13
0.04,0.8,83,84,0.03827900357765099,up,1,blocks.1.mlp.up.weight,35.23419735963154,35.332687060844805,1.7318207927783256,0.04915170267969562,0.056066384363528406,1.7309130015241145,0.032374241374930154,3.950908103811039,2.999203258299348,6.950111362123835,0.049003711536694056,0.9987993181277013,1.7323098838855462,0.06955368403137692,0.040150832526204265,-0.013487299667849966,9.835141399052297e-15,2.2590696674429367e-13
0.04,0.8,83,84,0.03827900357765099,k,2,blocks.2.attn.k.weight,18.32027014914205,18.375822304627686,0.8658418369750247,0.047261412082156035,0.03517592635259212,0.8651270085147674,0.04062627243271772,1.2888649470516251,0.7496820866562852,2.0385470337070615,0.04709269170643908,0.9988911391938716,0.8661550847948934,0.042188743218417174,0.048708070828225314,-0.007012816865825412,3.198454865618968e-15,9.903492956264692e-14
0.04,0.8,83,84,0.03827900357765099,o,2,blocks.2.attn.o.weight,14.404854612394894,14.476934569732501,0.8658430142983133,0.06010772323611545,0.04623837041461301,0.8646075054675106,0.05340271810367955,1.3321140066731236,0.7496841254091893,2.081798132081502,0.059749776081825905,0.9982149821290329,0.8661549803340863,0.05175240522704683,0.05974959031821916,-0.005514034812434065,4.746407442927782e-15,1.0581726467284724e-13
0.04,0.8,83,84,0.03827900357765099,q,2,blocks.2.attn.q.weight,17.98830173389862,18.036746998969903,0.8659076777336403,0.04813726668270487,0.027669285945806598,0.8654654914977806,0.031954083163029626,0.9954469287093791,0.7497961063580658,1.745243035069734,0.04799728160973559,0.9988481304789858,0.866155047884462,0.03455502861008394,0.039894737893039794,-0.006885742664277708,6.464954726242185e-15,1.041454249228746e-13
0.04,0.8,83,84,0.03827900357765099,v,2,blocks.2.attn.v.weight,16.121817317583645,16.191505511738637,0.8658009734772599,0.053703683426120544,0.04659046061165199,0.8645465023087737,0.05381197531406527,1.5022457894462595,0.749611325674171,2.251857115122732,0.05341411846907649,0.998573465974041,0.8661549832333295,0.052761731639431875,0.0609148855121447,-0.0061712710277802,8.23928116466084e-15,8.955683417077864e-14
0.04,0.8,83,84,0.03827900357765099,down,2,blocks.2.mlp.down.weight,17.612999370768723,17.686042778054087,0.865724440813981,0.049152584553586814,0.05191857066851969,0.8641662278999042,0.0599712428353117,1.8288835050316974,0.7494788074226801,2.578362312459717,0.0488760771465096,0.9988055645412736,0.8661549177006098,0.05866065132778728,0.06772535735698909,-0.006742080659268205,1.6173680332551095e-14,2.2132079155467999e-13
0.04,0.8,83,84,0.03827900357765099,up,2,blocks.2.mlp.up.weight,39.5282392016134,39.6595663114491,1.7314258705021106,0.0438022513897214,0.0936250922974786,1.7288926765817778,0.05407398254383682,7.4016700872157335,2.9978355450439915,10.399505632261707,0.043603696991738716,0.9990493588042064,1.732309954439883,0.10875610839564487,0.06278097526190661,-0.015131016098168035,0.0,2.3979169344601203e-13
0.04,0.8,83,84,0.03827900357765099,k,3,blocks.3.attn.k.weight,18.92531909752646,18.976133217039056,0.8658646738204413,0.04575165519579587,0.031074965980224502,0.8653068703412036,0.03588894075457878,1.1762072942410557,0.7497216333701792,1.9259289276132563,0.04561160977097475,0.998959790526999,0.8661549257930328,0.038319389554648094,0.04424080313295417,-0.00724442357442402,5.0514345230032724e-15,1.0229274025053137e-13
0.04,0.8,83,84,0.03827900357765099,o,3,blocks.3.attn.o.weight,15.377215434589932,15.439914020586597,0.865873608106955,0.05630886890998712,0.03844822689550035,0.8650195599319823,0.04440397135969887,1.1824533361002074,0.7497371052161567,1.9321904413157824,0.05604690640870423,0.9984293721409585,0.8661549425186847,0.04433447174184988,0.05118538215914353,-0.00588624484634978,3.2190239219852455e-15,9.694025096540493e-14
0.04,0.8,83,84,0.03827900357765099,q,3,blocks.3.attn.q.weight,19.09398031239217,19.142515047190766,0.8658797020530797,0.04534830809954883,0.02896332994433496,0.8653951605747814,0.033449600303206393,1.1060505034769006,0.7497476584275301,1.8557981619051702,0.045219577437376375,0.998977594908142,0.8661549889062554,0.036272315351231196,0.04187739586541477,-0.007308985406896574,1.3961262922495757e-15,1.0117167520418135e-13
0.04,0.8,83,84,0.03827900357765099,v,3,blocks.3.attn.v.weight,16.890485995967495,16.956010059337,0.8658063166219986,0.051260000264569346,0.0434605426632307,0.864714842670197,0.05019661075330903,1.468139374460892,0.7496205779025524,2.2177599523634512,0.051014140314368746,0.9986987787439462,0.8661549340866148,0.049926052401909476,0.05764101829490578,-0.006465509738679037,3.954238455436805e-16,9.351417210035073e-14
0.04,0.8,83,84,0.03827900357765099,down,3,blocks.3.mlp.down.weight,19.03068573651066,19.128900331010556,0.8654614595591618,0.04547715576526813,0.07878866729880835,0.8618676719125414,0.09103659837023911,2.9988047339242314,0.7490235379822746,3.7478282719055187,0.045067230890004924,0.9989844723498345,0.8661550197492197,0.08607342417273803,0.0993741561385387,-0.007284756873930431,3.883650957185497e-15,2.380829908221749e-13
0.04,0.8,83,84,0.03827900357765099,up,3,blocks.3.mlp.up.weight,41.844701018580345,42.00094798638235,1.7311192655674337,0.04137009521943443,0.12073039432531926,1.7269041905985225,0.06974123431394297,10.103854508796587,2.996773911618731,13.10062842041657,0.041124533198394056,0.9991543863844845,1.7323100571985843,0.1367481289252771,0.07893975351411407,-0.01601773459995973,3.86672468776914e-16,2.4517454039196807e-13
0.04,0.8,83,84,0.03827900357765099,k,4,blocks.4.attn.k.weight,19.012106900762156,19.068578925344152,0.8658147191668287,0.04554017730313309,0.036841216637777965,0.8650305501441911,0.04255092437470938,1.400858298143144,0.7496351279259345,2.1504934260711366,0.0453758653657867,0.9989705154211006,0.8661549091485324,0.04411886171850723,0.050936456345756866,-0.007277645080729576,5.1589043196242075e-15,1.0479464518375892e-13
0.04,0.8,83,84,0.03827900357765099,o,4,blocks.4.attn.o.weight,15.641806429807243,15.695236254192045,0.8659299512394236,0.055359971057389865,0.02955214958832667,0.8654255316943191,0.034127644558348005,0.9244980068906271,0.7498346804535105,1.674332687345128,0.055160359206683725,0.9984786673860524,0.8661549627902033,0.03553967723120151,0.041031546037345504,-0.005987527642875157,3.345896312782415e-15,8.482450852831391e-14
0.04,0.8,83,84,0.03827900357765099,q,4,blocks.4.attn.q.weight,19.55531931612,19.62416907355581,0.8656921338938154,0.04426888254287932,0.049809347776639756,0.864258005204395,0.05753702248927828,1.9480754013997243,0.7494228706856276,2.6974982720882963,0.04405117564515588,0.9990297469620858,0.8661550718358766,0.057294929157277935,0.06614858126482745,-0.007485581380638649,7.084984008436871e-15,1.0803315707297312e-13
0.04,0.8,83,84,0.03827900357765099,v,4,blocks.4.attn.v.weight,17.482925242509143,17.544444803634686,0.8658184770021026,0.04952366180099507,0.04018854905604301,0.8648852615481402,0.04641682999789506,1.4052267975034225,0.7496416351182404,2.1548684326207876,0.04931180660854816,0.9987841728644528,0.8661549103216618,0.04688083863510082,0.05412523565523723,-0.006692289579058122,3.5087670243156018e-15,9.563140210278043e-14
0.04,0.8,83,84,0.03827900357765099,down,4,blocks.4.mlp.down.weight,20.266845091034035,20.384407114470925,0.8652291211823612,0.04269185052216809,0.09943387868896125,0.859496559569219,0.11492202036968187,4.030422032379696,0.748621432142001,4.779043464522488,0.04217379044373886,0.9991106856996906,0.8661549649272433,0.10719182504643449,0.12375594366700716,-0.007757946357473902,6.839967312906246e-16,2.2632655298504556e-13
0.04,0.8,83,84,0.03827900357765099,up,4,blocks.4.mlp.up.weight,43.59093942634736,43.76096366409407,1.7309191816078922,0.039708233049955445,0.13598995205684872,1.7255688761100851,0.07856516555008906,11.855859525403948,2.996081213258135,14.85194073867683,0.039439361861744585,0.9992222683678379,1.7323100030490441,0.15267612931938954,0.08813441534752084,-0.01668617726254318,6.767702878005301e-15,2.625751178986224e-13
0.04,0.8,83,84,0.03827900357765099,k,5,blocks.5.attn.k.weight,19.241753825001584,19.296232002157346,0.8658253271632856,0.0449972146529743,0.03507543372180179,0.8651145653072858,0.04051098139704445,1.3498257219601382,0.7496534971574106,2.099479219118166,0.04484461628075461,0.9989944801952623,0.8661549794031557,0.0424409853568766,0.04899929731526978,-0.007365551635075153,1.3739713471858918e-15,1.0734078556562388e-13
0.04,0.8,83,84,0.03827900357765099,o,5,blocks.5.attn.o.weight,16.62618801436283,16.692033344776643,0.865812444829991,0.05207522277999283,0.043432027333126955,0.8647224113115126,0.05016332069661481,1.4442181045710283,0.7496311896224862,2.1938492941931713,0.05182189713921566,0.9986572454883933,0.8661550246548358,0.049796366437971515,0.057491286225367616,-0.006364339104844927,1.8361333253491363e-15,1.0595777727440137e-13
0.04,0.8,83,84,0.03827900357765099,q,5,blocks.5.attn.q.weight,19.927151116334578,19.989495779697236,0.8657370064450516,0.043445096661880296,0.04363617605986281,0.8646365990793418,0.05040350098818653,1.7390893489677346,0.7495005643284393,2.488589913299222,0.043264671927239755,0.9990640840814586,0.8661549835267843,0.05126409094860805,0.05918581769266331,-0.007627914888745632,7.112896939176487e-15,1.1103921601640643e-13
0.04,0.8,83,84,0.03827900357765099,v,5,blocks.5.attn.v.weight,18.031968195452123,18.10110344390068,0.8657410460046621,0.04801145591100878,0.0484850379976697,0.864382299580345,0.05600408831419621,1.7485613262585353,0.7495075587372464,2.498068884996144,0.04776664225136665,0.9988591739439665,0.8661550291449438,0.05538749574832739,0.06394639976056614,-0.006902457750658007,6.939530382885897e-16,9.694415409322588e-14
0.04,0.8,83,84,0.03827900357765099,down,5,blocks.5.mlp.down.weight,21.484838348057785,21.62275819389784,0.864966713118731,0.040259400564534545,0.12095100671934494,0.8564684867392862,0.13983313448357224,5.197225654799954,0.7481674148034211,5.9453930696018915,0.03961735874276688,0.9992152324430028,0.8661550081645157,0.12917518875924955,0.14913634111864915,-0.008224182039905572,4.2552595183101855e-15,2.4129287977403546e-13
0.04,0.8,83,84,0.03827900357765099,up,5,blocks.5.mlp.up.weight,45.12138929501711,45.31761904791262,1.7305930691227602,0.038354161876701674,0.1634687242439815,1.722855289074498,0.09445821040231255,14.751871888344983,2.9949523708957346,17.746824259248342,0.03802421180762105,0.9992770796580761,1.7323098923342999,0.18074074246650462,0.104335109593443,-0.01727201822252543,2.6571572414261636e-15,2.569598180068855e-13
0.04,0.8,83,84,0.03827900357765099,k,6,blocks.6.attn.k.weight,19.35544858777132,19.41387831498191,0.8657883336000559,0.044730987746109736,0.039154136614149494,0.8649025333435836,0.04522368238821342,1.5156917564674903,0.7495894385979617,2.265281195066109,0.044561796705560985,0.9990071231371345,0.8661550234573704,0.04656320947153243,0.05375851690574896,-0.007409072857383381,1.0557318515563904e-15,1.0331926286744064e-13
0.04,0.8,83,84,0.03827900357765099,o,6,blocks.6.attn.o.weight,16.87281248114353,16.93333880279599,0.8658443879071891,0.05131594918599532,0.038419068659130515,0.8649916064528742,0.04437179381850853,1.296475482371375,0.749686504070375,2.046161986443451,0.05109884568011784,0.9986944539850301,0.8661550076904639,0.044877813152437426,0.05181268104897376,-0.006458744493307274,5.3525256758094914e-15,9.931205163793422e-14
0.04,0.8,83,84,0.03827900357765099,q,6,blocks.6.attn.q.weight,20.00291313664017,20.06852680580055,0.8657056599451555,0.04327897911826684,0.04698785373564657,0.8644295409474211,0.0542769395069259,1.8797879135025832,0.7494462896610772,2.6292342031632643,0.04308388905351633,0.9990718892519601,0.8661549988910923,0.05464476957085517,0.06308890399618422,-0.007656915835208911,1.5525367537270686e-15,1.0407538546253203e-13
0.04,0.8,83,84,0.03827900357765099,v,6,blocks.6.attn.v.weight,18.208899482101522,18.268468296647153,0.8658124198709386,0.047548860419708,0.039082054665638,0.8649299043310165,0.04513917075879291,1.4232824099211983,0.7496311464027705,2.1729135563250566,0.047358786807757944,0.9988785726559943,0.8661550370519464,0.04605223994984214,0.05316858758518103,-0.006970185284204514,2.725184447311366e-15,1.086630785351872e-13
0.04,0.8,83,84,0.03827900357765099,down,6,blocks.6.mlp.down.weight,22.995745429139053,23.155280138100697,0.8646472015505033,0.03760031194530732,0.14383259871649803,0.8526001212151559,0.16634830767806155,6.615075648992202,0.7476147831491168,7.362690432150998,0.036827224489201026,0.9993218777680848,0.866154982057734,0.15263514093202474,0.17622151242426354,-0.008802542215527651,1.717493595297025e-14,2.5241722774460573e-13
0.04,0.8,83,84,0.03827900357765099,up,6,blocks.6.mlp.up.weight,46.78480778966798,47.01372198151036,1.7301745527954255,0.036981546671599655,0.1974819554514234,1.7188673190255728,0.11413990289728503,18.478310655445238,2.9935039831408505,21.47181463857214,0.03656708332987626,0.9993314242082572,1.7323100242052354,0.21539071369902602,0.12433727836785155,-0.017908758247604146,7.200936025671283e-15,2.3157083889335794e-13
0.04,0.8,83,84,0.03827900357765099,k,7,blocks.7.attn.k.weight,18.677388103284354,18.727181218282563,0.8658795792004491,0.046359778702043844,0.029788495314724352,0.8653670268871027,0.03440258441275514,1.1127425760119487,0.7497474456763469,1.8624900216872788,0.04622148995644765,0.9989317869330475,0.8661550138719512,0.03693801337499199,0.042645961500435016,-0.007149518060267978,3.565808742849916e-15,1.1097633229040227e-13
0.04,0.8,83,84,0.03827900357765099,o,7,blocks.7.attn.o.weight,18.184718414666232,18.281572356818774,0.8655118983912812,0.047595562309792686,0.07651460713285439,0.8621231705228453,0.08840387668277164,2.7827931706395392,0.7491108462568794,3.5319040168992046,0.047171164743835425,0.9988874406083031,0.8661550243963984,0.08347553614538984,0.0963748218207957,-0.006960929012535845,7.823677337768368e-15,1.0364712560440026e-13
0.04,0.8,83,84,0.03827900357765099,q,7,blocks.7.attn.q.weight,19.22158281035259,19.262347818888344,0.8659427184478057,0.04505054172653336,0.021302641333919736,0.8656806507628346,0.02460052019619095,0.8189409689583563,0.7498567916327756,1.5687977605903711,0.04495295221804104,0.9989896160433844,0.8661549582745259,0.028660471705575404,0.033089312058745414,-0.007357830371656015,2.910820001581544e-15,1.1365517901817945e-13
0.04,0.8,83,84,0.03827900357765099,v,7,blocks.7.attn.v.weight,18.916633167589122,19.007400429787623,0.8655293527840553,0.045754936680117736,0.0711839051053638,0.862597189993637,0.08224320166195888,2.693119640629283,0.7491410605307857,3.4422607011578066,0.04539386976670018,0.9989696982937436,0.8661549476882007,0.07842500379235576,0.0905438501525333,-0.007241098686992554,6.922889809018351e-15,1.166592863977023e-13
0.04,0.8,83,84,0.03827900357765099,down,7,blocks.7.mlp.down.weight,25.526201404186065,25.732803549568622,0.8639218468998393,0.03384451267230713,0.19281872927721536,0.8421293815034134,0.2231900141999421,9.843859436058855,0.7463609575508294,10.590220393620939,0.03273029194979548,0.9994643639943359,0.8661550465873444,0.20258990482596057,0.2338956583167943,-0.00977117554874678,1.6138524691693186e-14,2.0932582923960386e-13
0.04,0.8,83,84,0.03827900357765099,up,7,blocks.7.mlp.up.weight,50.61421790797236,50.88111145105406,1.7295370335176221,0.034170972209079595,0.238047239536363,1.7130767239270028,0.13763639339494813,24.097149708569543,2.9912983503089365,27.088448058874746,0.03367299824353772,0.9994330645945324,1.7323099823484462,0.2574218578201532,0.14860034315057938,-0.01937461828379281,2.4591500813673595e-15,2.2589482367996183e-13
