object,step,tokens,matrix,q0.1,q0.25,q0.5,q0.75,q0.9,frobenius_norm,adaptive_step_norm,weight_decay_step_norm,top_one_energy,stable_rank
AdamW update,1,1048576,block02.q,0.03980517014861107,0.027054855599999428,0.01457992009818554,0.0055148848332464695,0.0016434878343716264,495.78972320834,0.011898953357000159,2.45682861328125e-06,0.471451931415686,2.121107017203596
AdamW update,1,1048576,block02.k,0.0467192642390728,0.03009410761296749,0.01712019555270672,0.00777667760848999,0.003075605258345604,496.302057600617,0.011911249382414807,2.4622856140136718e-06,0.10071709456873634,9.92880110652448
AdamW update,1,1048576,block02.v,0.024159124121069908,0.01341338362544775,0.00438612699508667,7.020018699677166e-08,5.761722210451126e-09,511.34461673400716,0.012272270801616171,2.4545258331298827e-06,0.7086326159004699,1.411168463829858
AdamW update,1,1048576,block02.o,0.023865291848778725,0.01332593522965908,0.004412191919982433,2.1776644487658814e-08,2.5782636026150385e-09,511.82394776956374,0.012283774746469528,6.152542304992675e-07,0.7082133121167011,1.412003958258296
AdamW update,1,1048576,block02.up,0.03388027846813202,0.025201471522450447,0.01697681099176407,0.010754775255918503,0.007168843876570463,1022.1244945598462,0.024530987869436305,4.9148739624023436e-06,0.5585072218191414,1.7904871431077485
AdamW update,1,1048576,block02.down,0.031180305406451225,0.02260848879814148,0.014566549099981785,0.008559402078390121,0.005155197810381651,1023.4648980483917,0.024563157553161397,1.2296096420288085e-06,0.6355017444849551,1.5735598032235991
AdamW update,1,1048576,block04.q,0.03329561650753021,0.021471841260790825,0.00988081842660904,0.002197242109104991,0.00016830500680953264,488.4081444483346,0.01172179546676003,2.462214202880859e-06,0.6337356687624585,1.577944952905637
AdamW update,1,1048576,block04.k,0.04063275083899498,0.02478891611099243,0.013408436439931393,0.005722578149288893,0.0021488985512405634,488.7920868885687,0.011731010085325648,2.47015022277832e-06,0.1177359829218858,8.493580086416479
AdamW update,1,1048576,block04.v,0.021180223673582077,0.011378289200365543,0.0013094731839373708,3.185082775303272e-08,3.7073943914833762e-09,511.201638070836,0.012268839313700063,2.456963882446289e-06,0.7617622433650162,1.312745556385927
AdamW update,1,1048576,block04.o,0.019875092431902885,0.010751232504844666,2.588864163044491e-06,6.3484169032790305e-09,1.7832856302746336e-09,511.78484830392165,0.012282836359294119,6.149566841125488e-07,0.7809143360145896,1.280550188262029
AdamW update,1,1048576,block04.up,0.03218555822968483,0.023006267845630646,0.014780769124627113,0.008589080534875393,0.005195513367652893,1021.455075593251,0.02451492181423802,4.915033721923828e-06,0.632730986082052,1.580450494754687
AdamW update,1,1048576,block04.down,0.030215714126825333,0.021573947742581367,0.013417046517133713,0.00750617403537035,0.0043302238918840885,1023.2551774928314,0.02455812425982795,1.2288592529296875e-06,0.6590896016044248,1.5172443891781868
AdamW update,1,1048576,block06.q,0.02906976081430912,0.01771738938987255,0.0066385529935359955,0.0004970236332155764,4.197445377940312e-06,483.46880386595035,0.011603251292782807,2.454428787231445e-06,0.7242920195795364,1.3806585920696968
AdamW update,1,1048576,block06.k,0.0367688424885273,0.02203950844705105,0.01093748863786459,0.004374683368951082,0.0015259432839229703,481.85745258609927,0.01156457886206638,2.458831329345703e-06,0.14437696248393994,6.926312777298088
AdamW update,1,1048576,block06.v,0.01921769231557846,0.008287970907986164,3.195763724761491e-07,1.0446696840915592e-08,2.1590966792217614e-09,511.0042623641639,0.012264102296739932,2.4544347381591793e-06,0.8443793151244314,1.184301867760268
AdamW update,1,1048576,block06.o,0.01744696870446205,0.007328112609684467,6.738198976563581e-08,4.350242832629192e-09,1.4652550284210974e-09,511.7411189541691,0.012281786854900056,6.129151153564453e-07,0.8533629254600648,1.1718343628074541
AdamW update,1,1048576,block06.up,0.0300910547375679,0.021020948886871338,0.012802589684724808,0.006881521083414555,0.003778658574447036,1021.0184469390794,0.0245044427265379,4.915259399414062e-06,0.6965374135900362,1.4356730600383427
AdamW update,1,1048576,block06.down,0.029068052768707275,0.020552514120936394,0.012596456333994865,0.006886940449476242,0.003931992221623659,1023.0737400074944,0.024553769760179863,1.2267692184448242e-06,0.690612959874958,1.4479890446612231
AdamW update,1,1048576,block08.q,0.027203351259231567,0.01662442646920681,0.00642339838668704,0.00039116639527492225,5.460490228870185e-06,475.67936799270655,0.011416304831824957,2.4544461822509765e-06,0.7190840685280051,1.3906579825180128
AdamW update,1,1048576,block08.k,0.03480131924152374,0.019795842468738556,0.009569666348397732,0.0037342614959925413,0.0012574865249916911,478.27177311378017,0.011478522554730723,2.4564486694335934e-06,0.17749247959062942,5.634041522809365
AdamW update,1,1048576,block08.v,0.017266131937503815,0.001642450806684792,1.2090438872291998e-07,7.3235613129440935e-09,1.8640771148881186e-09,510.5404192129357,0.012252970061110455,2.448755493164062e-06,0.9246471740589755,1.0814935989154046
AdamW update,1,1048576,block08.o,0.01593463309109211,0.0007175586652010679,2.4493823858051655e-08,3.355529187842876e-09,1.2325340748020608e-09,511.58250741801237,0.012277980178032295,6.146281814575195e-07,0.9296329436531323,1.0756933764312933
AdamW update,1,1048576,block08.up,0.029459485784173012,0.020272329449653625,0.012090987525880337,0.006478974130004644,0.0035222594160586596,1020.251195034733,0.024486028680833587,4.914658813476562e-06,0.7059803229562114,1.4164700735745934
AdamW update,1,1048576,block08.down,0.02739586867392063,0.01874437741935253,0.010897860862314701,0.005299215205013752,0.0025392253883183002,1022.9570637604285,0.02455096953025028,1.228032417297363e-06,0.7373818249441264,1.356149509212236
AdamW update,25,26214400,block02.q,0.013308411464095116,0.0040364651940763,0.0008791415020823479,0.0001439078914700076,3.3151754905702546e-05,103.46179981434432,0.062077079888606584,6.158840560913086e-05,0.4296121844079295,2.3276807229714658
AdamW update,25,26214400,block02.k,0.014035393483936787,0.004900730215013027,0.0012511226814240217,0.0002662025799509138,6.25666871201247e-05,104.31307235723469,0.0625878434143408,6.173642349243163e-05,0.4181546247720149,2.3914598590060248
AdamW update,25,26214400,block02.v,0.012052693404257298,0.004002849105745554,0.0010289970086887479,0.00024631983251310885,7.063264638418332e-05,52.514929763724794,0.031508957858234876,6.12919635772705e-05,0.4257832850575518,2.348612627818006
AdamW update,25,26214400,block02.o,0.01613503508269787,0.005251114722341299,0.0016061995411291718,0.0004456404712982476,0.00012871810758952051,45.17084000767298,0.027102504004603786,1.5538897991180418e-05,0.2753303415738664,3.632000724234446
AdamW update,25,26214400,block02.up,0.025307105854153633,0.011972462758421898,0.00618968578055501,0.003363929223269224,0.002143132034689188,182.93338466504431,0.10976003079902658,0.00012339083862304687,0.2140249209738352,4.672353086032683
AdamW update,25,26214400,block02.down,0.02447834238409996,0.011334231123328209,0.006014315877109766,0.0035914413165301085,0.0025330185890197754,182.63640390590803,0.1095818423435448,3.247268486022949e-05,0.20765923976215905,4.81558153225131
AdamW update,25,26214400,block04.q,0.01310435589402914,0.004387395456433296,0.0012388245668262243,0.0002673634444363415,6.704111729050055e-05,109.36578150696572,0.06561946890417943,6.170370483398437e-05,0.3435161236930071,2.9110715073557314
AdamW update,25,26214400,block04.k,0.013452219776809216,0.004929800983518362,0.0013898020843043923,0.00034135987516492605,9.122260962612927e-05,108.86636234029224,0.06531981740417533,6.18936424255371e-05,0.38437738985885517,2.6016098407016184
AdamW update,25,26214400,block04.v,0.015284803695976734,0.0053617884404957294,0.0015554757555946708,0.00041635811794549227,0.00011938803072553128,50.23077230609884,0.030138463383659303,6.144850158691405e-05,0.2829509512129711,3.534181439267619
AdamW update,25,26214400,block04.o,0.017474167048931122,0.005990141071379185,0.0018855039961636066,0.0005309208063408732,0.00014977638784330338,47.28950770489858,0.028373704622939148,1.571646738052368e-05,0.2646879477630506,3.778033750502319
AdamW update,25,26214400,block04.up,0.022788647562265396,0.010418593883514404,0.005364942364394665,0.0028396439738571644,0.0017082665581256151,186.40686064777773,0.11184411638866663,0.00012328252029418944,0.21089526387516244,4.7416901718188464
AdamW update,25,26214400,block04.down,0.020977729931473732,0.010022593662142754,0.0053405906073749065,0.0031957614701241255,0.002228162717074156,186.31569248358136,0.1117894154901488,3.227162933349609e-05,0.2277194147609407,4.391369093626898
AdamW update,25,26214400,block06.q,0.012825602665543556,0.0045081679709255695,0.00144125462975353,0.0003882198070641607,0.00010245996236335486,122.88799325279638,0.07373279595167782,6.148590660095215e-05,0.37658120203958845,2.6554697754001912
AdamW update,25,26214400,block06.k,0.014346144162118435,0.0053393300622701645,0.001730981282889843,0.0004553339967969805,0.00012179002078482881,125.65909975870434,0.0753954598552226,6.160957717895507e-05,0.46967594738374885,2.129127551815954
AdamW update,25,26214400,block06.v,0.011143128387629986,0.003699891036376357,0.000986564322374761,0.00024692126316949725,6.947207293706015e-05,55.43202944793517,0.0332592176687611,6.146241760253906e-05,0.48941928436398996,2.043237837061365
AdamW update,25,26214400,block06.o,0.012421109713613987,0.0041247461922466755,0.0011827078415080905,0.00029905722476541996,8.478879317408428e-05,57.12389417093485,0.034274336502560905,1.5812378883361815e-05,0.5359033135923177,1.8660082418537507
AdamW update,25,26214400,block06.up,0.020180150866508484,0.009223194792866707,0.004421996884047985,0.0021940935403108597,0.0012834081426262856,176.28284479603877,0.10576970687762326,0.0001232654571533203,0.28406160741178965,3.520363096975477
AdamW update,25,26214400,block06.down,0.019628584384918213,0.009010465815663338,0.004767431411892176,0.0027041547000408173,0.0017966150771826506,171.61990903303766,0.10297194541982259,3.218538093566894e-05,0.2633400271252526,3.7973718272777774
AdamW update,25,26214400,block08.q,0.010893968865275383,0.0038452225271612406,0.0012976187281310558,0.0004031054559163749,0.000127277264255099,130.45761006319438,0.07827456603791662,6.149019241333007e-05,0.45623475195958463,2.191854074475643
AdamW update,25,26214400,block08.k,0.015347727574408054,0.00607468094676733,0.0021731085143983364,0.000694967748131603,0.0002226085343863815,129.77764563168017,0.0778665873790081,6.155431938171387e-05,0.411041524869006,2.4328442249689686
AdamW update,25,26214400,block08.v,0.007856284268200397,0.00226648710668087,0.000568521732930094,0.00013833792763762176,4.044988236273639e-05,63.906445832709686,0.03834386749962581,6.135776138305663e-05,0.6264145571607038,1.596386911141745
AdamW update,25,26214400,block08.o,0.009534744545817375,0.0029283545445650816,0.0007804707274772227,0.00018445852037984878,4.709839049610309e-05,63.92680062829166,0.038356080376974994,1.5947277545928953e-05,0.6292341590382335,1.589233492232004
AdamW update,25,26214400,block08.up,0.01733420416712761,0.007811774965375662,0.0035186002496629953,0.0016726383473724127,0.0009460353176109493,172.9386058953141,0.10376316353718845,0.00012325721740722654,0.4253646631070893,2.3509240111660175
AdamW update,25,26214400,block08.down,0.017917992547154427,0.008013823069632053,0.0038926026318222284,0.002027727197855711,0.001226002466864884,159.21037304037097,0.09552622382422257,3.2235975265502924e-05,0.33329244026595006,3.000368082762549
AdamW update,50,52428800,block02.q,0.009619816206395626,0.0030102564487606287,0.0007830144604668021,0.00019880352192558348,5.511686686077155e-05,53.623126971441046,0.06434775236572925,0.00012318991470336912,0.5813782358563948,1.7200506285326584
AdamW update,50,52428800,block02.k,0.010065398178994656,0.0028045186772942543,0.0006642282824032009,0.00015991106920409948,4.550802623271011e-05,48.583078426717414,0.058299694112060894,0.000123541934967041,0.47378308351372667,2.1106705469171265
AdamW update,50,52428800,block02.v,0.01338106393814087,0.00449687335640192,0.0012957184808328748,0.0003117934102192521,8.42924346216023e-05,33.03003571614634,0.0396360428593756,0.0001227004165649414,0.3923749361932529,2.548582765509464
AdamW update,50,52428800,block02.o,0.01722615212202072,0.006005460862070322,0.00199840497225523,0.0006139119504950941,0.00019042729400098324,28.17495027752113,0.033809940333025354,3.231064796447753e-05,0.29649744398583167,3.372710356477089
AdamW update,50,52428800,block02.up,0.019689563661813736,0.008581782691180706,0.0039366804994642735,0.0020876717753708363,0.0013357136631384492,124.86541051168142,0.1498384926140177,0.0002508877029418945,0.24449837071591762,4.09000680483838
AdamW update,50,52428800,block02.down,0.02133837528526783,0.008859241381287575,0.004282261710613966,0.0024526945780962706,0.0016843162011355162,121.72166735451935,0.1460660008254232,7.66237506866455e-05,0.1745666346757213,5.72847154817197
AdamW update,50,52428800,block04.q,0.010641390457749367,0.0033332461025565863,0.0008335571037605405,0.00019603520922828466,5.066841185907833e-05,62.403261891342105,0.07488391426961052,0.0001236722602844238,0.552670201817623,1.809397352546234
AdamW update,50,52428800,block04.k,0.011547164060175419,0.0034789161290973425,0.0008678818121552467,0.00018429137708153576,4.514261308941059e-05,58.94820461614984,0.0707378455393798,0.00012416221618652342,0.4387274977807607,2.279319178894313
AdamW update,50,52428800,block04.v,0.015321331098675728,0.005444283131510019,0.0015692979795858264,0.0003789690672419965,9.359113755635917e-05,32.082439817636946,0.03849892778116433,0.00012305592727661132,0.34407068687302456,2.9063795265100243
AdamW update,50,52428800,block04.o,0.01805914379656315,0.00660407729446888,0.0021751918829977512,0.0006547587108798325,0.00020272404071874917,33.96819994558936,0.04076183993470723,3.2821918487548825e-05,0.3314636899252186,3.016921703326267
AdamW update,50,52428800,block04.up,0.019323227927088737,0.008363107219338417,0.0038484863471239805,0.002019846811890602,0.0012950360542163253,118.30977563758039,0.14197173076509645,0.00024885683441162106,0.30511539555010714,3.277448514838303
AdamW update,50,52428800,block04.down,0.023186057806015015,0.009526567533612251,0.00473013985902071,0.0027330326847732067,0.0018925174372270703,106.22381305259584,0.127468575663115,7.319850540161132e-05,0.16836226912355645,5.93957307183908
AdamW update,50,52428800,block06.q,0.011681048199534416,0.003500106045976281,0.0009722744580358267,0.00023898243671283126,6.332430348265916e-05,70.48890486580892,0.0845866858389707,0.00012368505477905272,0.32702394537551527,3.057880054782286
AdamW update,50,52428800,block06.k,0.012346281670033932,0.003990028519183397,0.0010642390698194504,0.0002550792705733329,6.517695874208584e-05,70.73089824804921,0.08487707789765905,0.00012397550582885742,0.3527633308294753,2.834761758396586
AdamW update,50,52428800,block06.v,0.012519347481429577,0.003929281607270241,0.0010045511880889535,0.00023259443696588278,5.960860289633274e-05,41.79018968548517,0.0501482276225822,0.00012316100692749023,0.4432300027139071,2.2561649569681155
AdamW update,50,52428800,block06.o,0.016727229580283165,0.005555383395403624,0.0017344099469482899,0.0005025419523008168,0.00015520447050221264,40.924930290332085,0.0491099163483985,3.3391922950744625e-05,0.390957962863979,2.557819752984331
AdamW update,50,52428800,block06.up,0.01755504123866558,0.007457957603037357,0.0033761141821742058,0.0017251282697543502,0.0010874650906771421,118.56933119491302,0.14228319743389561,0.0002485678482055664,0.37160831768632363,2.6910054280434723
AdamW update,50,52428800,block06.down,0.02423238940536976,0.00961286574602127,0.004613017197698355,0.0026481079403311014,0.0018293496686965227,99.34921217073457,0.11921905460488148,7.139595794677734e-05,0.1908393645240034,5.240009064661405
AdamW update,50,52428800,block08.q,0.009927516803145409,0.002957127057015896,0.0007597397197969258,0.00018361356342211366,4.836578227696009e-05,86.65020282609039,0.10398024339130846,0.00012356920623779295,0.5284027336402666,1.8924958868225576
AdamW update,50,52428800,block08.k,0.011716516688466072,0.003663412993773818,0.000991917448118329,0.00023600400891155005,6.125435174908489e-05,98.132789569146,0.11775934748297519,0.00012376247406005857,0.47770580297248344,2.0933386066855073
AdamW update,50,52428800,block08.v,0.009406316094100475,0.0025621976237744093,0.0005133315571583807,9.344852878712118e-05,2.3051548851071857e-05,45.665748750971964,0.05479889850116635,0.00012304265213012694,0.5873177671134187,1.7026557955412356
AdamW update,50,52428800,block08.o,0.013551163487136364,0.004214410670101643,0.0011933638015761971,0.0003090654208790511,8.371731382794678e-05,44.9091225987072,0.053890947118448634,3.3905127525329585e-05,0.4353867643072249,2.296808451656016
AdamW update,50,52428800,block08.up,0.016449199989438057,0.006586642935872078,0.002898734761402011,0.001443715882487595,0.0008849456789903343,120.33558235968854,0.14440269883162624,0.0002485981063842773,0.44877303768595667,2.228297861111215
AdamW update,50,52428800,block08.down,0.02468525432050228,0.009071514941751957,0.004150195978581905,0.0022987592965364456,0.00150967831723392,92.72402316944545,0.11126882780333452,7.03549461364746e-05,0.25481854861232023,3.924361101049184
AdamW update,75,78643200,block02.q,0.010549877770245075,0.0036754270549863577,0.0011508308816701174,0.00032423328957520425,9.4534334493801e-05,59.51876013895052,0.07142251216674061,0.00012316862869262693,0.5020679022184282,1.991762459980847
AdamW update,75,78643200,block02.k,0.010458472184836864,0.003732234239578247,0.0011045774444937706,0.00027894764207303524,7.340559386648238e-05,66.6006707989646,0.07992080495875752,0.00012352928924560546,0.6390875828145823,1.5647307613080768
AdamW update,75,78643200,block02.v,0.008757987059652805,0.0032231088262051344,0.0009752248879522085,0.0002373819297645241,6.12783114775084e-05,59.38238023198407,0.07125885627838088,0.00012339395141601562,0.6687683495457897,1.4952860742874186
AdamW update,75,78643200,block02.o,0.010696650482714176,0.0038947470020502806,0.0013403475750237703,0.0004312714154366404,0.00014819831994827837,53.98185363742857,0.06477822436491427,3.4395223617553706e-05,0.6164845638797942,1.6221006308845485
AdamW update,75,78643200,block02.up,0.01985212229192257,0.009404555894434452,0.00457077706232667,0.002497261855751276,0.0016235042130574584,122.31031542707088,0.14677237851248504,0.00025411928558349606,0.24360516686972122,4.105003242951718
AdamW update,75,78643200,block02.down,0.02498921938240528,0.008543698117136955,0.0040879026055336,0.00234241783618927,0.0016053979052230716,120.4227550137908,0.14450730601654896,8.602651405334471e-05,0.428179360249036,2.3354698821035744
AdamW update,75,78643200,block04.q,0.014246734790503979,0.005312113557010889,0.001683437847532332,0.000489341386128217,0.00014331434795167297,57.566903129315406,0.06908028375517848,0.00012410284423828124,0.30159995013562835,3.3156504155597633
AdamW update,75,78643200,block04.k,0.015432805754244328,0.005894642323255539,0.0018369448371231556,0.000471007137093693,0.00012126719957450405,56.7163092735736,0.06805957112828831,0.00012459942626953123,0.3538573055772112,2.825997893045623
AdamW update,75,78643200,block04.v,0.012238288298249245,0.004617468919605017,0.0014578645350411534,0.00036297450424171984,9.279680671170354e-05,57.299187020700444,0.06875902442484053,0.00012358297348022458,0.5482727708272819,1.823909654479307
AdamW update,75,78643200,block04.o,0.015010779723525047,0.0054794722236692905,0.0019711449276655912,0.0006388886249624193,0.00020523880084510893,56.90509523193562,0.06828611427832273,3.4940257072448724e-05,0.5713275396340265,1.750309464585878
AdamW update,75,78643200,block04.up,0.020006529986858368,0.009765557013452053,0.004763427656143904,0.0026034561451524496,0.001698284992016852,122.00105168478754,0.14640126202174503,0.00025099147796630856,0.2993028962270081,3.341096971014754
AdamW update,75,78643200,block04.down,0.03210372105240822,0.01090265903621912,0.005421957466751337,0.003208559239283204,0.0022802765015512705,106.6480720099381,0.12797768641192572,7.9347599029541e-05,0.2894027495834486,3.4553921876670093
AdamW update,75,78643200,block06.q,0.013993521220982075,0.004937356803566217,0.0014982657739892602,0.0003926950739696622,0.00010737105912994593,75.7870368348993,0.09094444420187915,0.0001244724884033203,0.330052948891435,3.0298168925887468
AdamW update,75,78643200,block06.k,0.014850481413304806,0.005513725336641073,0.0017248470103368163,0.00045195125858299434,0.00011728333629434928,75.26121706665637,0.09031346047998763,0.00012505209732055662,0.40680363857677904,2.458188435822613
AdamW update,75,78643200,block06.v,0.012675411067903042,0.004427697509527206,0.0012778894742950797,0.00032490285229869187,8.681028702994809e-05,61.65823441812068,0.0739898813017448,0.0001237535934448242,0.5488358953306403,1.8220382604486187
AdamW update,75,78643200,block06.o,0.01687713712453842,0.00607762997969985,0.0020591174252331257,0.0006557665765285492,0.00021089943766128272,57.62990545823579,0.06915588654988294,3.59578800201416e-05,0.4025900569710963,2.483916288254964
AdamW update,75,78643200,block06.up,0.020527325570583344,0.010021870955824852,0.004812589846551418,0.0025340658612549305,0.001576369279064238,113.78091681672933,0.13653710018007517,0.00025105226898193355,0.2733507201830889,3.6583038790979043
AdamW update,75,78643200,block06.down,0.03284927085042,0.011259833350777626,0.005429245065897703,0.003167864866554737,0.002223128918558359,103.15050039487917,0.123780600473855,7.693988227844238e-05,0.2793839096668762,3.5793041954075
AdamW update,75,78643200,block08.q,0.012920563109219074,0.004839282017201185,0.0015126015059649944,0.00041191664058715105,0.00011157675908179954,83.38580687166335,0.100062968245996,0.00012421863555908203,0.47348986781873137,2.111977611277704
AdamW update,75,78643200,block08.k,0.015510441735386848,0.005968441255390644,0.0019948792178183794,0.0005668416270054877,0.00015554766287095845,78.01854320068905,0.09362225184082686,0.00012472908782958984,0.3658967299563507,2.7330115798501233
AdamW update,75,78643200,block08.v,0.009624083526432514,0.0029982570558786392,0.0007142857066355646,0.00013725970347877592,3.203405503882095e-05,64.7547164297244,0.07770565971566927,0.00012363729858398437,0.6668430960271508,1.4996031389658184
AdamW update,75,78643200,block08.o,0.014375226572155952,0.004756367299705744,0.0015074430266395211,0.00043764832662418485,0.00013382337056100368,55.41626167736198,0.06649951401283437,3.6353422164916986e-05,0.4428599253395227,2.2580503287429785
AdamW update,75,78643200,block08.up,0.02031863108277321,0.009689461439847946,0.004516951739788055,0.0022849480155855417,0.001351734041236341,114.78834440907157,0.13774601329088587,0.0002513996658325195,0.33653433576569114,2.971464999922744
AdamW update,75,78643200,block08.down,0.028914721682667732,0.009949840605258942,0.004541359376162291,0.002532981103286147,0.001724792760796845,107.0422610521351,0.1284507132625621,7.544959831237792e-05,0.4140510957825114,2.4151608586136186
AdamW update,100,104857600,block02.q,0.01062690932303667,0.004214014858007431,0.0013840965693816543,0.00042286774259991944,0.00013440469047054648,41.545492982569705,0.04985459157908364,0.00012309964370727538,0.44011797916938633,2.2721180395476055
AdamW update,100,104857600,block02.k,0.012775981798768044,0.00448540598154068,0.001501985709182918,0.0004498964990489185,0.0001338645670330152,45.150876119348354,0.05418105134321802,0.0001235602111816406,0.34719943970538125,2.880188979707334
AdamW update,100,104857600,block02.v,0.010260052978992462,0.003979173954576254,0.0012602655915543437,0.0003312815388198942,8.68096758495085e-05,43.309674249707086,0.0519716090996485,0.0001241575927734375,0.4218080697528457,2.370746488055433
AdamW update,100,104857600,block02.o,0.012008140794932842,0.004912721458822489,0.0017118749674409628,0.0005932548083364964,0.00020230785594321787,44.974530802560935,0.05396943696307312,3.69967975616455e-05,0.32162348957684017,3.1092256393203725
AdamW update,100,104857600,block02.up,0.02070867083966732,0.010034005157649517,0.0050760856829583645,0.0028113608714193106,0.0018093571998178959,91.23771118170454,0.10948525341804544,0.0002556754760742187,0.17535075381491438,5.7028554382806735
AdamW update,100,104857600,block02.down,0.04150616005063057,0.012033195234835148,0.005626651458442211,0.0032448682468384504,0.0022737933322787285,87.56928111469594,0.10508313733763512,9.086651229858397e-05,0.13282115791362603,7.528920961902039
AdamW update,100,104857600,block04.q,0.013675162568688393,0.005371465347707272,0.0019095196621492505,0.0006088624941185117,0.0001920994691317901,62.517612849815734,0.07502113541977888,0.00012448178100585937,0.33557120993663503,2.979993427293203
AdamW update,100,104857600,block04.k,0.016152283176779747,0.006240361835807562,0.002138337818905711,0.0006398405530489981,0.0001880757336039096,60.07454854239057,0.07208945825086868,0.00012499083709716796,0.30796374575473706,3.2471354624852564
AdamW update,100,104857600,block04.v,0.014224610291421413,0.005854519549757242,0.001893201726488769,0.0004993575275875628,0.0001431596901966259,56.26474951706404,0.06751769942047685,0.0001243644332885742,0.3336332615758728,2.9973030724713463
AdamW update,100,104857600,block04.o,0.019775765016674995,0.007336021400988102,0.002879765583202243,0.001049955957569182,0.00036883659777231514,56.845962824680925,0.0682151553896171,3.8037451744079585e-05,0.3418072357598625,2.925625602327952
AdamW update,100,104857600,block04.up,0.023817650973796844,0.011262140236794949,0.005838362965732813,0.003308372339233756,0.002217330737039447,95.88350673266628,0.11506020807919952,0.00025321662139892576,0.20773087114099553,4.8139209858762815
AdamW update,100,104857600,block04.down,0.04885503277182579,0.01492217555642128,0.006917961407452822,0.004237850662320852,0.003064804244786501,97.09107262410929,0.11650928714893113,8.354199028015136e-05,0.13573167496838678,7.367477047880752
AdamW update,100,104857600,block06.q,0.015165736898779869,0.005896700080484152,0.001968891592696309,0.000566375907510519,0.0001509169233031571,68.24785877777616,0.08189743053333139,0.00012544390869140623,0.2901902883267873,3.4460147021663463
AdamW update,100,104857600,block06.k,0.01828964427113533,0.006781772710382938,0.0022762203589081764,0.0006719810771755874,0.00019566388800740242,66.5034090835531,0.0798040909002637,0.00012610417556762694,0.2981650827429263,3.3538467710593256
AdamW update,100,104857600,block06.v,0.019416004419326782,0.006913847755640745,0.002383856102824211,0.0007300925790332258,0.0002233629347756505,57.81651700774314,0.06937982040929176,0.00012465555953979491,0.2456550604856611,4.070748626236299
AdamW update,100,104857600,block06.o,0.022274646908044815,0.007835790514945984,0.0030015953816473484,0.0010493732988834381,0.0003594494774006307,63.3222882002037,0.07598674584024444,3.947657775878906e-05,0.3668870227710421,2.725634699333739
AdamW update,100,104857600,block06.up,0.025436097756028175,0.01227900292724371,0.006316950544714928,0.0035327370278537273,0.0023016512859612703,99.89549893059453,0.11987459871671342,0.0002540056228637695,0.20148205915673234,4.963221063876971
AdamW update,100,104857600,block06.down,0.051163021475076675,0.01601896993815899,0.00731813395395875,0.004433101508766413,0.0032056362833827734,103.89976081444841,0.12467971297733808,8.187713241577148e-05,0.12785881449326553,7.82112679492012
AdamW update,100,104857600,block08.q,0.01462961733341217,0.00584022281691432,0.0019624456763267517,0.0005717824096791446,0.00015792706108186394,65.08532320653664,0.07810238784784397,0.00012470284652709958,0.37028124951490327,2.7006498474067384
AdamW update,100,104857600,block08.k,0.019655495882034302,0.007507367990911007,0.0026277857832610607,0.0008320116903632879,0.0002461196854710579,60.84774606400239,0.07301729527680287,0.00012540839767456052,0.34669598403036517,2.884371455287511
AdamW update,100,104857600,block08.v,0.015986628830432892,0.005314412992447615,0.0015339301899075508,0.00036784796975553036,9.24447740544565e-05,50.81718606389514,0.06098062327667417,0.00012401884460449218,0.2701282274638892,3.7019455885397248
AdamW update,100,104857600,block08.o,0.019553888589143753,0.006918227765709162,0.0025178161449730396,0.0008336118771694601,0.00026956741930916905,56.532623814600726,0.06783914857752087,3.853020000457763e-05,0.3249850019731184,3.077065076629956
AdamW update,100,104857600,block08.up,0.025769345462322235,0.012229477055370808,0.006256940774619579,0.0033815852366387844,0.002112005604431033,96.74637273979836,0.11609564728775802,0.00025437863159179686,0.28798740307537685,3.472374101509792
AdamW update,100,104857600,block08.down,0.04800012335181236,0.01532326452434063,0.006820921786129475,0.004003080073744059,0.0028388311620801687,99.29821832515928,0.11915786199019113,8.048445510864257e-05,0.18574026413756517,5.383862269407392
AdamW update,125,131072000,block02.q,0.010586071759462357,0.00435975193977356,0.0015093169640749693,0.000498815206810832,0.00016328222409356385,52.042553435784605,0.06245106412294152,0.00012336306381225586,0.3668605956691273,2.7258310426500616
AdamW update,125,131072000,block02.k,0.013597778044641018,0.004943029955029488,0.0017069285968318582,0.0005496013327501714,0.00016351771773770452,54.740957549118654,0.06568914905894238,0.00012396475982666015,0.40922546407551863,2.4436407012430186
AdamW update,125,131072000,block02.v,0.010017857886850834,0.003922037314623594,0.0013096170732751489,0.00038066942943260074,0.00011136190732941031,47.54467731872261,0.05705361278246713,0.00012506734085083006,0.44805012659282184,2.2318931312539907
AdamW update,125,131072000,block02.o,0.012530923821032047,0.005268665961921215,0.0020066683646291494,0.0007241128478199244,0.0002555430110078305,52.87123134029505,0.06344547760835405,4.036366081237793e-05,0.3043849212002989,3.285313858704437
AdamW update,125,131072000,block02.up,0.02001640386879444,0.009514715522527695,0.0050087119452655315,0.002885653870180249,0.0019102387595921755,98.9969730501322,0.11879636766015862,0.000256474250793457,0.22601190480051603,4.424545693213045
AdamW update,125,131072000,block02.down,0.041281625628471375,0.015229521319270134,0.006398952566087246,0.003735713195055723,0.002682406920939684,94.40876993331855,0.11329052391998225,9.355422019958494e-05,0.16852232904240338,5.933931756594589
AdamW update,125,131072000,block04.q,0.015587485395371914,0.006706724874675274,0.00258441804908216,0.0008977428660728037,0.0002983040176331997,67.92596863016516,0.08151116235619818,0.0001251375503540039,0.30745119506890717,3.2525487493254857
AdamW update,125,131072000,block04.k,0.018695399165153503,0.007453544065356255,0.002756554400548339,0.0009003693703562021,0.00028936867602169514,63.552434796195016,0.07626292175543402,0.00012570245361328124,0.2822893892916909,3.542464003018886
AdamW update,125,131072000,block04.v,0.016104552894830704,0.0064151412807404995,0.002211999613791704,0.0006297904765233397,0.00018506978813093156,62.6280727315315,0.07515368727783779,0.00012563606643676756,0.4564281011895197,2.190925574901832
AdamW update,125,131072000,block04.o,0.02585350163280964,0.008892659097909927,0.0038799820467829704,0.0015639554476365447,0.0005922017735429108,66.5217895327335,0.07982614743928018,4.2300330162048334e-05,0.2506465318131177,3.989682174200603
AdamW update,125,131072000,block04.up,0.026789190247654915,0.012572751380503178,0.006785667967051268,0.004008878022432327,0.002770164282992482,104.83224327390147,0.12579869192868176,0.000256001220703125,0.1841013938340632,5.431789402427522
AdamW update,125,131072000,block04.down,0.0490495003759861,0.019210131838917732,0.0084108030423522,0.005038756411522627,0.0036951524671167135,111.48083480203742,0.1337770017624449,8.773891639709472e-05,0.17293222518848328,5.782612228056825
AdamW update,125,131072000,block06.q,0.01946178264915943,0.007622002623975277,0.0028516179881989956,0.0008845413685776293,0.0002591384691186249,74.00270068234147,0.08880324081880976,0.00012682818603515625,0.27622404962821534,3.6202495812582334
AdamW update,125,131072000,block06.k,0.02317121811211109,0.008619964122772217,0.002999137621372938,0.0009121440816670656,0.0002774153836071491,68.83930924662806,0.08260717109595367,0.00012749913024902342,0.2294659559803316,4.357944932300606
AdamW update,125,131072000,block06.v,0.02528875134885311,0.008841259405016899,0.0033797367941588163,0.0011953270295634866,0.0004054525343235582,62.9654225930709,0.07555850711168507,0.00012608350753784178,0.30809249601526645,3.245778501370733
AdamW update,125,131072000,block06.o,0.02941075712442398,0.009497000835835934,0.003952314145863056,0.001569249201565981,0.0005578264244832098,76.14580791209247,0.09137496949451095,4.4482549667358394e-05,0.23759541960443187,4.2088353456681995
AdamW update,125,131072000,block06.up,0.0313032902777195,0.014229807071387768,0.0076569924131035805,0.004572438541799784,0.003171140095219016,113.9685866788323,0.13676230401459874,0.00025777226257324215,0.1976809138937483,5.058657309412738
AdamW update,125,131072000,block06.down,0.05151417851448059,0.02099919505417347,0.009123454801738262,0.005490344017744064,0.0040359217673540115,123.60665521998992,0.14832798626398788,8.788909149169921e-05,0.16524039384790967,6.051789013044949
AdamW update,125,131072000,block08.q,0.019442792981863022,0.007330893073230982,0.0027520216535776854,0.0008792937733232975,0.00026857919874601066,78.84240200102914,0.09461088240123497,0.00012581103515625,0.2816999666383744,3.549876174759105
AdamW update,125,131072000,block08.k,0.02321251668035984,0.008470122702419758,0.003132728859782219,0.001003395183943212,0.00031337246764451265,77.12288583505392,0.09254746300206469,0.00012657554626464842,0.3423825996362986,2.9207091746550966
AdamW update,125,131072000,block08.v,0.018595682457089424,0.006325960159301758,0.002095854841172695,0.0006129993125796318,0.00018145576177630574,63.42541517284237,0.07611049820741084,0.00012501134490966795,0.5476385646933899,1.8260218773304921
AdamW update,125,131072000,block08.o,0.0265570767223835,0.008975387550890446,0.0036829509772360325,0.001387889962643385,0.00047585280844941735,72.17166433173306,0.08660599719807965,4.251787090301513e-05,0.2413698496349861,4.143019525894638
AdamW update,125,131072000,block08.up,0.030689841136336327,0.013416647911071777,0.007084022741764784,0.004107525572180748,0.0027407126035541296,112.5411596999602,0.13504939163995222,0.00025764234924316405,0.2794972134752385,3.5778532013471867
AdamW update,125,131072000,block08.down,0.045554276555776596,0.018901800736784935,0.008230665698647499,0.004827429540455341,0.003493117168545723,118.650749491641,0.14238089938996917,8.623069953918456e-05,0.2547988111618906,3.9246650933729574
AdamW update,150,157286400,block02.q,0.012461633421480656,0.0052138157188892365,0.0020301183685660362,0.0006930010858923197,0.00023298132873605937,57.37615799647343,0.06885138959576811,0.00012409844970703125,0.4136089958939557,2.4177423845403685
AdamW update,150,157286400,block02.k,0.015098540112376213,0.005891997832804918,0.0022138047497719526,0.0007729020435363054,0.00026634102687239647,58.85214693313074,0.07062257631975688,0.00012483456802368163,0.40800112695109547,2.4509736222367438
AdamW update,150,157286400,block02.v,0.012118270620703697,0.004896386992186308,0.0017281788168475032,0.0005150004290044308,0.0001508660352556035,57.51940115445068,0.0690232813853408,0.00012592252349853515,0.5289941447358757,1.8903800920127298
AdamW update,150,157286400,block02.o,0.01463954709470272,0.006681316066533327,0.002671140246093273,0.0009905414190143347,0.00034815873368643224,64.33226505392757,0.07719871806471308,4.4153938293457026e-05,0.31790704501773703,3.145573574640999
AdamW update,150,157286400,block02.up,0.020521415397524834,0.009874844923615456,0.005456324201077223,0.0032970430329442024,0.002282708650454879,116.45632922649051,0.1397475950717886,0.00025747718811035156,0.3778457084030471,2.6465829246188033
AdamW update,150,157286400,block02.down,0.036559101194143295,0.01600593887269497,0.007296482101082802,0.004355111625045538,0.0031523695215582848,112.02826926623054,0.13443392311947663,9.615519332885742e-05,0.26717606215294154,3.742850283598995
AdamW update,150,157286400,block04.q,0.017722347751259804,0.007675948087126017,0.0031484942883253098,0.0011913172202184796,0.00040957710007205606,77.52206654505338,0.09302647985406405,0.00012606425857543944,0.3183276752666053,3.1414170921911877
AdamW update,150,157286400,block04.k,0.018488487228751183,0.00790325365960598,0.0029946519061923027,0.0010309055214747787,0.00033410912146791816,75.82615188336324,0.09099138226003588,0.00012670502471923825,0.30657963068594896,3.261795305065033
AdamW update,150,157286400,block04.v,0.01814870908856392,0.0073326327838003635,0.002661358565092087,0.0008096814271993935,0.0002484712458681315,69.69563480492596,0.08363476176591114,0.00012688933181762693,0.5273568083588351,1.8962493403888305
AdamW update,150,157286400,block04.o,0.028648333624005318,0.010163210332393646,0.00465657701715827,0.001968342112377286,0.0007521762745454907,83.02025659989913,0.09962430791987895,4.717007446289062e-05,0.3309534685630666,3.021572804001115
AdamW update,150,157286400,block04.up,0.026735838502645493,0.013203935697674751,0.007566815707832575,0.004741607699543238,0.0034054156858474016,133.65274810016842,0.1603832977202021,0.0002597450637817383,0.25159038906076603,3.9747146293353532
AdamW update,150,157286400,block04.down,0.042666785418987274,0.01905464194715023,0.009216582402586937,0.005663294345140457,0.0042081354185938835,134.49929067816444,0.16139914881379733,9.213852310180663e-05,0.23741537984992434,4.212027041517373
AdamW update,150,157286400,block06.q,0.02081928215920925,0.008317326195538044,0.0033086922485381365,0.0011233323020860553,0.00036849439493380487,94.13933547213672,0.11296720256656406,0.0001291490249633789,0.37850233501366404,2.641991627248217
AdamW update,150,157286400,block06.k,0.021610815078020096,0.008154360577464104,0.002970196073874831,0.0008901192923076451,0.0002497552486602217,93.97336568703322,0.11276803882443985,0.00012944831085205078,0.24385237598166043,4.100841732521022
AdamW update,150,157286400,block06.v,0.02642703801393509,0.009982267394661903,0.004135166294872761,0.0015653256559744477,0.0005736907478421926,85.16920904144888,0.10220305084973864,0.00012805332183837888,0.33988045667867084,2.9422109460839585
AdamW update,150,157286400,block06.o,0.02694668062031269,0.009605519473552704,0.004173435270786285,0.0016992624150589108,0.0006395159289240837,108.7956936125386,0.1305548323350463,5.140698051452636e-05,0.50096679272119,1.9961402921900728
AdamW update,150,157286400,block06.up,0.03383868187665939,0.015102370642125607,0.00860309787094593,0.005429436918348074,0.003925010096281767,141.44903524510406,0.16973884229412486,0.0002627313766479492,0.3070645685025717,3.2566440500660527
AdamW update,150,157286400,block06.down,0.046261075884103775,0.021165547892451286,0.010137304663658142,0.006226703524589539,0.0045750942081213,142.90433772566954,0.17148520527080344,9.442849731445311e-05,0.27328497006266517,3.6591840369805064
AdamW update,150,157286400,block08.q,0.020167332142591476,0.008013281039893627,0.0031036739237606525,0.001027630758471787,0.0003342101990710944,99.62676999630786,0.11955212399556941,0.00012711655426025388,0.48990853021289027,2.0411973630372366
AdamW update,150,157286400,block08.k,0.023457307368516922,0.00963017251342535,0.003765133209526539,0.0012131588300690055,0.0003544529026839882,90.01272309882125,0.1080152677185855,0.0001278720359802246,0.3247478032531923,3.079312592671618
AdamW update,150,157286400,block08.v,0.01916450448334217,0.006687285844236612,0.002380403457209468,0.0007293081725947559,0.00022321641154121608,78.27165194723727,0.09392598233668473,0.0001260837478637695,0.6366274177872953,1.5707774627044289
AdamW update,150,157286400,block08.o,0.025283554568886757,0.008815043605864048,0.0037898358423262835,0.001525190775282681,0.0005499944090843201,96.26724544303468,0.11552069453164161,4.786116027832031e-05,0.5177089054863906,1.9315874025008206
AdamW update,150,157286400,block08.up,0.030742652714252472,0.013285628519952297,0.007342567201703787,0.004526245407760143,0.0031396050471812487,154.24746239484426,0.18509695487381309,0.00026175345611572265,0.6094339030214577,1.6408670325726704
AdamW update,150,157286400,block08.down,0.03558989614248276,0.016083436086773872,0.007860198616981506,0.004693886730819941,0.0033954877872020006,147.67779421233286,0.1772133530547994,9.216569709777831e-05,0.5313472817581442,1.8820083104427636
AdamW update,175,183500800,block02.q,0.012602333910763264,0.0056234681978821754,0.002183837117627263,0.0007372142281383276,0.00024869892513379455,51.86615825664688,0.06223938990797625,0.0001251064567565918,0.3342036367367349,2.992187666670242
AdamW update,175,183500800,block02.k,0.014658457599580288,0.0058193448930978775,0.002138824900612235,0.0007362495525740087,0.00024334972840733826,53.326759531673964,0.06399211143800876,0.0001258743438720703,0.5612698076299161,1.7816743149301362
AdamW update,175,183500800,block02.v,0.012683664448559284,0.005347535479813814,0.0018750665476545691,0.0005580649012699723,0.0001557660143589601,42.941729665878505,0.051530075599054204,0.00012632945251464842,0.42226150064743706,2.3682007440099064
AdamW update,175,183500800,block02.o,0.015764720737934113,0.007035811897367239,0.002974119270220399,0.0011420274386182427,0.0004140723031014204,60.149528360295164,0.07217943403235419,4.7187372207641594e-05,0.26811631873171393,3.7297244894691888
AdamW update,175,183500800,block02.up,0.023171069100499153,0.01124549936503172,0.006235611625015736,0.0038006126414984465,0.0026822430081665516,90.20314100442391,0.10824376920530869,0.00025871630859375,0.21266626797945865,4.702203172609347
AdamW update,175,183500800,block02.down,0.04363448917865753,0.01934134028851986,0.008830814622342587,0.005285527091473341,0.003876914968714118,94.51284488759148,0.11341541386510977,9.856347656249999e-05,0.181204284120974,5.518633319576423
AdamW update,175,183500800,block04.q,0.016919123008847237,0.007134583778679371,0.002968145301565528,0.00110015575774014,0.00039430148899555206,70.35675338831606,0.08442810406597927,0.00012729835510253903,0.4618472489518268,2.1652180504907705
AdamW update,175,183500800,block04.k,0.01951444521546364,0.007845055311918259,0.0029572038911283016,0.0010051191784441471,0.00033701612846925855,61.69247745690482,0.07403097294828577,0.00012795410156249998,0.2584048906342993,3.8698957962650318
AdamW update,175,183500800,block04.v,0.022980716079473495,0.00829338375478983,0.0030484069138765335,0.0009268391295336187,0.0002701415796764195,52.4245355716609,0.06290944268599308,0.00012808740234375,0.39360822414442964,2.5405973215464686
AdamW update,175,183500800,block04.o,0.03058687597513199,0.009957995265722275,0.00425256323069334,0.001724186004139483,0.0006200890056788921,76.44367817829878,0.09173241381395852,5.220559501647949e-05,0.3799033341459257,2.6322485488266003
AdamW update,175,183500800,block04.up,0.030487824231386185,0.014367636293172836,0.008263114839792252,0.005290796048939228,0.00385526311583817,116.48311059770863,0.13977973271725033,0.0002644470748901367,0.22758788345120795,4.393907025434364
AdamW update,175,183500800,block04.down,0.050104591995477676,0.02306818775832653,0.010871111415326595,0.00649686623364687,0.004753514658659697,110.42317045271669,0.13250780454326003,9.697819519042968e-05,0.196139953162068,5.098400320171956
AdamW update,175,183500800,block06.q,0.02441643737256527,0.008924038149416447,0.003739536739885807,0.0013657924719154835,0.00047058059135451913,81.95068201856276,0.09834081842227531,0.0001320215263366699,0.29969132842908053,3.336766549909173
AdamW update,175,183500800,block06.k,0.025820063427090645,0.00891000498086214,0.003084150841459632,0.0009077941649593413,0.0002567938936408609,69.09038907331687,0.08290846688798023,0.00013170061111450194,0.29427885081167915,3.398137505436774
AdamW update,175,183500800,block06.v,0.03132663294672966,0.010676193982362747,0.004241750575602055,0.0015962474280968308,0.0005817856290377676,63.342226238431415,0.07601067148611769,0.00012994902420043945,0.2694873461446754,3.7107493702622527
AdamW update,175,183500800,block06.o,0.037686217576265335,0.011259940452873707,0.004604711197316647,0.00176743243355304,0.0006317648803815246,76.9596988617232,0.09235163863406783,5.808227920532226e-05,0.2620241045324434,3.816442772638811
AdamW update,175,183500800,block06.up,0.042937614023685455,0.017075447365641594,0.009868429973721504,0.006422631908208132,0.004785872995853424,130.8234273839622,0.15698811286075465,0.000269277717590332,0.1648261172717378,6.066999675490547
AdamW update,175,183500800,block06.down,0.054822906851768494,0.02582148276269436,0.012256564572453499,0.007367266807705164,0.005476311780512333,127.54931197147852,0.1530591743657742,0.00010237328338623046,0.1384928748721883,7.220588069407004
AdamW update,175,183500800,block08.q,0.026815064251422882,0.00932611245661974,0.003739816602319479,0.0013429096434265375,0.000442625634605065,64.52622921314554,0.07743147505577465,0.00012863310241699216,0.22357265948791394,4.4728188244952145
AdamW update,175,183500800,block08.k,0.03295324742794037,0.011479262262582779,0.004297024570405483,0.0014693643897771835,0.00047186441952362657,58.93350151579481,0.07072020181895376,0.00012928853988647458,0.19826617078719266,5.043724786884303
AdamW update,175,183500800,block08.v,0.02791939489543438,0.009293921291828156,0.0034173571038991213,0.0011475369101390243,0.00037530812551267445,52.54069455678854,0.06304883346814624,0.00012702852630615234,0.2906098425626311,3.4410396811817683
AdamW update,175,183500800,block08.o,0.0334501676261425,0.010382158681750298,0.004606063477694988,0.0019185516284778714,0.0007174236816354096,79.02224308266923,0.09482669169920308,5.284001541137695e-05,0.20841033906397488,4.798226443521279
AdamW update,175,183500800,block08.up,0.04543009772896767,0.017772221937775612,0.010028887540102005,0.006273199338465929,0.004527546931058168,113.33385049831362,0.13600062059797632,0.00026666269683837886,0.1966283205383803,5.085737381379952
AdamW update,175,183500800,block08.down,0.044795259833335876,0.020398162305355072,0.010006745345890522,0.005980542860925198,0.004318857565522194,115.59020696275192,0.1387082483553023,9.904214859008788e-05,0.2895357063976576,3.4538054474931257
AdamW update,200,209715200,block02.q,0.013028755784034729,0.005660866852849722,0.002256033243611455,0.0007966934354044497,0.0002667162916623056,53.6804895460934,0.06441658745531208,0.00012622866439819335,0.30282543466512735,3.3022325258306897
AdamW update,200,209715200,block02.k,0.013472662307322025,0.005154798272997141,0.0018593654967844486,0.0005958791589364409,0.0001871959975687787,55.598453408847696,0.06671814409061723,0.0001268704032897949,0.5528572993712402,1.808785017647938
AdamW update,200,209715200,block02.v,0.01304482389241457,0.00536687346175313,0.0019463006174191833,0.0005990757490508258,0.00018689486023504287,52.19181217037526,0.0626301746044503,0.00012638565444946287,0.47155924537367255,2.120624311389719
AdamW update,200,209715200,block02.o,0.017567090690135956,0.007853466086089611,0.0034288254100829363,0.001342459348961711,0.000506862998008728,66.8273705347849,0.08019284464174188,4.932766914367675e-05,0.21520724687303616,4.64668367134477
AdamW update,200,209715200,block02.up,0.024172335863113403,0.011660241521894932,0.00649042846634984,0.004029585514217615,0.002869579242542386,104.04701287208493,0.12485641544650192,0.00026024020385742184,0.26114802447523644,3.829245892284457
AdamW update,200,209715200,block02.down,0.04195047542452812,0.019155148416757584,0.00907982513308525,0.005456654354929924,0.004024703521281481,110.5736605215474,0.13268839262585685,0.00010068460464477538,0.1908010379421734,5.241061635645152
AdamW update,200,209715200,block04.q,0.01891602948307991,0.007909977808594704,0.0031154786702245474,0.0010409059468656778,0.00031444610795006156,67.1098340368142,0.08053180084417703,0.00012873362731933592,0.3078544680893778,3.2482880830226417
AdamW update,200,209715200,block04.k,0.02115609124302864,0.008533626794815063,0.003223680891096592,0.0011055667418986559,0.00036086473846808076,59.12840978710421,0.07095409174452505,0.00012920036315917967,0.23780087256554694,4.205199035694716
AdamW update,200,209715200,block04.v,0.02139948680996895,0.008223283104598522,0.003129409160465002,0.0010726390173658729,0.0003518437151797116,57.95905679983234,0.0695508681597988,0.00012900268936157224,0.350495625957592,2.8531026521882885
AdamW update,200,209715200,block04.o,0.033703092485666275,0.010921943932771683,0.00468301260843873,0.0018244385719299316,0.0006446914630942047,76.84692431466085,0.09221630917759302,5.611756324768066e-05,0.2474367202422778,4.041437338083246
AdamW update,200,209715200,block04.up,0.03241221234202385,0.014932526275515556,0.008654357865452766,0.0056150308810174465,0.004159224219620228,124.27976485316591,0.14913571782379909,0.0002696079711914062,0.20510460899164062,4.875560841447286
AdamW update,200,209715200,block04.down,0.046635206788778305,0.0219257865101099,0.010885639116168022,0.006572221405804157,0.004840217996388674,121.88972103676433,0.1462676652441172,0.00010148587417602539,0.26429809016557115,3.7836066063645934
AdamW update,200,209715200,block06.q,0.02964509278535843,0.01006771344691515,0.004289982840418816,0.0016212209593504667,0.0005613638204522431,78.64777212420103,0.09437732654904123,0.00013629653549194335,0.16262888523727614,6.148969160927324
AdamW update,200,209715200,block06.k,0.028190352022647858,0.00963903684169054,0.003121723188087344,0.0008860420784913003,0.00026046327548101544,62.607427617281026,0.07512891314073722,0.00013428956222534178,0.20268955850042403,4.933653254752676
AdamW update,200,209715200,block06.v,0.032609324902296066,0.011040033772587776,0.004300129134207964,0.0016215007053688169,0.0005713918362744153,64.00932554769759,0.0768111906572371,0.00013187368011474609,0.25303000833822864,3.9521004112021623
AdamW update,200,209715200,block06.o,0.03865448012948036,0.011960101313889027,0.004765875171869993,0.0018533497350290418,0.0006366978050209582,87.60543760755921,0.10512652512907104,6.406517028808594e-05,0.2352991404770819,4.249909277069373
AdamW update,200,209715200,block06.up,0.045226968824863434,0.01804598607122898,0.010424155741930008,0.006943230517208576,0.005263683386147022,147.27399407690447,0.17672879289228535,0.0002766963729858398,0.17012221849267295,5.878126965779424
AdamW update,200,209715200,block06.down,0.05385769531130791,0.025766193866729736,0.012975778430700302,0.00790270697325468,0.00583119411021471,142.727750636821,0.1712733007641852,0.00011092580795288084,0.16979881629538696,5.8893225631230015
AdamW update,200,209715200,block08.q,0.0291663259267807,0.010215056128799915,0.004233777988702059,0.0015581134939566255,0.0005231233080849051,76.49213961021675,0.0917905675322601,0.00013048253631591796,0.25308571866830576,3.951230457656129
AdamW update,200,209715200,block08.k,0.03238433226943016,0.012340279296040535,0.00469187693670392,0.0016029952093958855,0.0004891962162218988,68.79645965871953,0.08255575159046342,0.00013100850677490232,0.21980549917641756,4.549476713489286
AdamW update,200,209715200,block08.v,0.026695389300584793,0.009282473474740982,0.0034832267556339502,0.0011823952663689852,0.00039134491817094386,62.657068562114645,0.07518848227453757,0.00012767056274414062,0.4138529843599805,2.4163169961103215
AdamW update,200,209715200,block08.o,0.03318493813276291,0.011003764346241951,0.004818767309188843,0.001998886466026306,0.0007477766484953463,84.6079887876325,0.10152958654515898,5.643338584899902e-05,0.2515186414566415,3.975848446892899
AdamW update,200,209715200,block08.up,0.04496270418167114,0.018073944374918938,0.010260812938213348,0.006682154256850481,0.004913076758384705,137.40855307635488,0.16489026369162585,0.000272172866821289,0.3470864288121902,2.881126765521287
AdamW update,200,209715200,block08.down,0.03747781738638878,0.01772773452103138,0.008889392949640751,0.005311187356710434,0.003836928866803646,136.4874242087984,0.16378490905055806,0.00010595803070068358,0.5013576946511513,1.9945839281389866
AdamW update,225,235929600,block02.q,0.014439188875257969,0.006289179436862469,0.0025677774101495743,0.0008965636952780187,0.00030483337468467653,46.723905002546196,0.05606868600305543,0.00012749789428710936,0.22037507317978466,4.537718288965412
AdamW update,225,235929600,block02.k,0.0163531843572855,0.006311369128525257,0.002267148345708847,0.0006797274108976126,0.0002065834851237014,41.533868980543204,0.04984064277665184,0.00012782543563842773,0.3333206575935179,3.000114085996712
AdamW update,225,235929600,block02.v,0.018847458064556122,0.007156851701438427,0.0026300440076738596,0.0008336253231391311,0.0002586824994068593,37.77148586917293,0.04532578304300751,0.00012646035003662109,0.3292611780676822,3.0371026607772214
AdamW update,225,235929600,block02.o,0.025914499536156654,0.008914623409509659,0.003949262201786041,0.0016003911150619388,0.0005876700161024928,59.44614299727371,0.07133537159672845,5.139012336730957e-05,0.13430118498212185,7.445950682662405
AdamW update,225,235929600,block02.up,0.027593301609158516,0.013572844676673412,0.007657592184841633,0.004777308087795973,0.0034165780525654554,89.66191359890581,0.10759429631868697,0.00026247049713134764,0.19098778614085177,5.235936916209443
AdamW update,225,235929600,block02.down,0.05107470601797104,0.023743391036987305,0.01110374927520752,0.006514082662761211,0.004754713270813227,93.33710182998482,0.11200452219598177,0.00010279320144653319,0.1600996077066874,6.246111494739345
AdamW update,225,235929600,block04.q,0.020640108734369278,0.007952241227030754,0.003014113986864686,0.0008489328320138156,0.0002075810480164364,53.237033346464834,0.0638844400157578,0.00012991041183471678,0.27320146946309265,3.660302420646724
AdamW update,225,235929600,block04.k,0.02315235510468483,0.008629304356873035,0.003195952856913209,0.0010986136039718986,0.0003591793356463313,52.66117071352864,0.06319340485623437,0.00013011930084228513,0.36647469517561504,2.7287013623704603
AdamW update,225,235929600,block04.v,0.02503121644258499,0.009058712050318718,0.003473787335678935,0.0012076339917257428,0.00039867733721621335,47.409434977987836,0.056891321973585395,0.00012987324142456054,0.3010237842654675,3.3219966403655263
AdamW update,225,235929600,block04.o,0.04130161181092262,0.012598282657563686,0.005057580303400755,0.00197639805264771,0.0006863678572699428,65.25516518514736,0.07830619822217683,5.969320106506347e-05,0.16948305863594726,5.900294743606312
AdamW update,225,235929600,block04.up,0.037563506513834,0.01643812283873558,0.009519685991108418,0.0062043978832662106,0.0045603918842971325,110.27837769605144,0.1323340532352617,0.0002749947738647461,0.16333763941716573,6.122287572957948
AdamW update,225,235929600,block04.down,0.054850686341524124,0.026654664427042007,0.013089580461382866,0.007855401374399662,0.005694883409887552,100.73512360818107,0.12088214832981728,0.0001058315963745117,0.14814454863065762,6.750164007000498
AdamW update,225,235929600,block06.q,0.03739290311932564,0.010645860806107521,0.004531799349933863,0.0017695145215839148,0.0006314626079984009,78.06959262507216,0.09368351115008658,0.00014113745498657224,0.16570939064881518,6.034661017608117
AdamW update,225,235929600,block06.k,0.0323030985891819,0.009912602603435516,0.003163472516462207,0.0008997173863463104,0.0002649443340487778,57.63614002118646,0.06916336802542375,0.00013688973999023435,0.16167683393874288,6.185178022343549
AdamW update,225,235929600,block06.v,0.039273906499147415,0.011884106323122978,0.004524788353592157,0.00167460972443223,0.0005773043376393616,52.871825387365895,0.06344619046483907,0.0001335329360961914,0.22566505788725877,4.431346214439611
AdamW update,225,235929600,block06.o,0.046519603580236435,0.013875167816877365,0.005323557648807764,0.002077679615467787,0.0007197930826805532,78.40790656305278,0.09408948787566332,6.955522155761718e-05,0.14739366174126545,6.784552254054168
AdamW update,225,235929600,block06.up,0.0553562305867672,0.02020960859954357,0.01145163830369711,0.007596494629979134,0.005779596045613289,131.75502721893344,0.1581060326627201,0.0002849221801757812,0.1277358891137661,7.828653379547581
AdamW update,225,235929600,block06.down,0.062107592821121216,0.030733706429600716,0.015522674657404423,0.009363673627376556,0.006953772157430649,128.95126549033603,0.1547415185884032,0.00012027893829345701,0.07948107981691521,12.581610646250674
AdamW update,225,235929600,block08.q,0.03401494771242142,0.010908973403275013,0.004462485667318106,0.0016556510236114264,0.0005704114446416497,66.62187499111752,0.07994624998934102,0.0001329956932067871,0.19827224854268,5.043570178631128
AdamW update,225,235929600,block08.k,0.036754775792360306,0.012810293585062027,0.0048841326497495174,0.00165850599296391,0.0005341279902495444,58.43436598689271,0.07012123918427124,0.00013309909057617186,0.20188247981255714,4.953376840469144
AdamW update,225,235929600,block08.v,0.03506121039390564,0.01189472246915102,0.004355365410447121,0.0015539817977696657,0.0005124001763761044,50.45938749042285,0.060551264988507415,0.0001282806930541992,0.21292178258887873,4.696560341742281
AdamW update,225,235929600,block08.o,0.03932369500398636,0.01210272777825594,0.005189936608076096,0.0022018724121153355,0.0008253447595052421,77.98269679894508,0.09357923615873409,5.979346847534179e-05,0.19284751853456683,5.185443959035209
AdamW update,225,235929600,block08.up,0.05936324596405029,0.02238357439637184,0.012195752933621407,0.008010735735297203,0.005960193928331137,114.69559797403305,0.13763471756883966,0.00027823500823974607,0.12631064003552073,7.916989413708796
AdamW update,225,235929600,block08.down,0.05069427937269211,0.024163907393813133,0.012132729403674603,0.007305821869522333,0.005340963136404753,107.35186920336149,0.12882224304403378,0.00011268555450439452,0.238256556509441,4.197156269906783
AdamW update,250,262144000,block02.q,0.01659800484776497,0.006788428872823715,0.0027987726498395205,0.0010072786826640368,0.00032837214530445635,44.80083427420615,0.05376100112904738,0.00012844633483886716,0.22238302924070386,4.496746012563827
AdamW update,250,262144000,block02.k,0.019171707332134247,0.007164326496422291,0.0025997357442975044,0.0008148070774041116,0.0002445932477712631,38.70384882691153,0.04644461859229383,0.00012852396011352537,0.24591131731352878,4.066506620860532
AdamW update,250,262144000,block02.v,0.02238496020436287,0.008138332515954971,0.0030374028719961643,0.0009937476133927703,0.00031077335006557405,38.12901131958773,0.04575481358350528,0.0001264232597351074,0.25365726822292345,3.94232740502891
AdamW update,250,262144000,block02.o,0.03383992239832878,0.010093755088746548,0.004373764619231224,0.0017795235617086291,0.0006488335784524679,60.767433528670715,0.07292092023440486,5.3197443008422846e-05,0.14098410853426913,7.092998000955045
AdamW update,250,262144000,block02.up,0.030251875519752502,0.014615562744438648,0.008502069860696793,0.00534670939669013,0.0038393207360059023,91.7609561803657,0.11011314741643882,0.00026526601409912107,0.18304313366275338,5.463193182883568
AdamW update,250,262144000,block02.down,0.05585241690278053,0.026784000918269157,0.012772077694535255,0.0074595194309949875,0.0053551094606518745,95.39735539642713,0.11447682647571254,0.00010495037841796874,0.15470591616753016,6.463876914164715
AdamW update,250,262144000,block04.q,0.02380119450390339,0.008470630273222923,0.0032200682908296585,0.0008712762501090765,0.00020199701248202473,53.93985093143799,0.06472782111772558,0.00013094976425170898,0.3113487322638129,3.2118325734908635
AdamW update,250,262144000,block04.k,0.027725623920559883,0.009891802445054054,0.0036001610569655895,0.0012168573448434472,0.00039113592356443405,49.23014992229163,0.05907617990674995,0.00013077129364013671,0.23492801756053527,4.2566229876873845
AdamW update,250,262144000,block04.v,0.029004758223891258,0.010130888782441616,0.003802250372245908,0.0013014893047511578,0.00044000978232361376,42.749885681923864,0.05129986281830863,0.0001306079864501953,0.24389199523611538,4.100175567598623
AdamW update,250,262144000,block04.o,0.04820949211716652,0.014350194483995438,0.005464031361043453,0.0021339126396924257,0.0007726643816567957,64.79501555661484,0.07775401866793781,6.275837516784667e-05,0.11754450787592319,8.507415770165741
AdamW update,250,262144000,block04.up,0.04282170534133911,0.017659468576312065,0.010245688259601593,0.006708446424454451,0.004980864934623241,110.95301902669557,0.13314362283203468,0.00028039533233642576,0.14014203661875868,7.135617721329342
AdamW update,250,262144000,block04.down,0.05871400609612465,0.02911745384335518,0.014586866833269596,0.008712343871593475,0.006210573483258486,101.13484538069203,0.12136181445683042,0.00010995910263061522,0.13799983932287407,7.246385248756196
AdamW update,250,262144000,block06.q,0.04483696445822716,0.01178539078682661,0.0048857866786420345,0.001968103926628828,0.000696524337399751,74.83494107312214,0.08980192928774655,0.00014599296569824216,0.14705429135812498,6.800209574059115
AdamW update,250,262144000,block06.k,0.033901017159223557,0.010475732386112213,0.003254288574680686,0.0009072953835129738,0.0002752315776888281,54.93204878014247,0.06591845853617097,0.00013919446563720702,0.27441341444843204,3.644136719810105
AdamW update,250,262144000,block06.v,0.0439499095082283,0.013546393252909184,0.004996286705136299,0.001844667480327189,0.0006593612488359213,46.91762179499044,0.05630114615398852,0.0001347256164550781,0.1389230221582105,7.19823096607533
AdamW update,250,262144000,block06.o,0.057087089866399765,0.01714092493057251,0.00613404531031847,0.0023642852902412415,0.0008577138651162386,72.69140467048844,0.08722968560458612,7.404483604431151e-05,0.09331635731997778,10.716234845848547
AdamW update,250,262144000,block06.up,0.061672888696193695,0.02256312221288681,0.012186597101390362,0.008206747472286224,0.0063247219659388065,133.64523941817825,0.16037428730181388,0.00029346940612792966,0.10689069902230486,9.355350925259925
AdamW update,250,262144000,block06.down,0.06618369370698929,0.0339018851518631,0.0174199678003788,0.010675192810595036,0.007855848409235477,132.18435840546124,0.15862123008655346,0.00013019834518432615,0.053632348857395096,18.645463443321017
AdamW update,250,262144000,block08.q,0.04186573252081871,0.012263449840247631,0.004987739492207766,0.0018803041893988848,0.0006653297459706664,72.22357307863915,0.08666828769436698,0.00013556261444091795,0.1158100085947078,8.634832275158791
AdamW update,250,262144000,block08.k,0.04155271127820015,0.01404526550322771,0.005321022123098373,0.0018764163833111525,0.0006055161356925964,62.02363394866414,0.07442836073839697,0.00013522317123413084,0.16679859243282635,5.995254428796952
AdamW update,250,262144000,block08.v,0.04055206477642059,0.013706831261515617,0.005017425864934921,0.0018076833803206682,0.0006163424695841968,45.66306071223137,0.05479567285467764,0.000128970703125,0.17710033156824156,5.64651681419734
AdamW update,250,262144000,block08.o,0.047707147896289825,0.014839297160506248,0.006016239989548922,0.0025334088131785393,0.0009671410080045462,71.42884077677569,0.08571460893213081,6.350008392333983e-05,0.1041129752996861,9.604950748180327
AdamW update,250,262144000,block08.up,0.06382820010185242,0.024699708446860313,0.012700922787189484,0.008437512442469597,0.006355069112032652,120.22665384893227,0.1442719846187187,0.0002847160263061523,0.1314209732066809,7.609135555763516
AdamW update,250,262144000,block08.down,0.053871963173151016,0.025711026042699814,0.013188459910452366,0.007949507795274258,0.005837108474224806,111.22554464821205,0.13347065357785445,0.00011961891174316405,0.2207250289395688,4.530523814196826
AdamW update,275,288358400,block02.q,0.018646487966179848,0.007237425539642572,0.0030217806342989206,0.0010804220801219344,0.00033384960261173546,46.154121908001095,0.055384946289601306,0.000128821964263916,0.20877735517734752,4.7897914941519515
AdamW update,275,288358400,block02.k,0.020653460174798965,0.007602257188409567,0.002793193096294999,0.0008675697608850896,0.0002693641581572592,40.64440184082843,0.04877328220899411,0.00012888945007324216,0.17841209022867588,5.605001313073971
AdamW update,275,288358400,block02.v,0.025351542979478836,0.008766304701566696,0.0032275954727083445,0.0010732179507613182,0.00032541522523388267,41.227045348207206,0.049472454417848644,0.00012641166687011717,0.3173927295188719,3.1506707841602934
AdamW update,275,288358400,block02.o,0.034308839589357376,0.0109349200502038,0.0046646855771541595,0.0019076927565038204,0.0007038444746285677,66.78125158906354,0.08013750190687624,5.4975734710693354e-05,0.15746798788658456,6.350497097354444
AdamW update,275,288358400,block02.up,0.032820239663124084,0.01493995450437069,0.008803759701550007,0.005630400963127613,0.004093945492058992,107.78849423778765,0.12934619308534517,0.0002687485198974609,0.24215381633809674,4.129606607577861
AdamW update,275,288358400,block02.down,0.05582138150930405,0.02726699784398079,0.013389097526669502,0.007887609302997589,0.005729713477194309,103.16854527751546,0.12380225433301854,0.00010747377777099608,0.1624900295244922,6.154223757152248
AdamW update,275,288358400,block04.q,0.02878701128065586,0.009460180066525936,0.003559575416147709,0.000941129052080214,0.00019703943689819425,48.84027084398745,0.05860832501278493,0.00013152026367187498,0.28942955655569236,3.4550721491624126
AdamW update,275,288358400,block04.k,0.03158564493060112,0.011347883380949497,0.004036672879010439,0.0013533808523789048,0.0004118396027479321,44.655346568923214,0.05358641588270785,0.0001311085395812988,0.19678928795283301,5.081577409028903
AdamW update,275,288358400,block04.v,0.031133802607655525,0.010826793499290943,0.004051864147186279,0.00140508939512074,0.0004627633898053318,43.0317441750619,0.05163809301007428,0.00013094336700439452,0.2040027655733958,4.901894330644363
AdamW update,275,288358400,block04.o,0.04631028696894646,0.014649420976638794,0.005723904352635145,0.0023034485056996346,0.000821358640678227,67.72051082039742,0.0812646129844769,6.502809333801268e-05,0.13343163559568794,7.4944745714584995
AdamW update,275,288358400,block04.up,0.0471569187939167,0.018647432327270508,0.010760648176074028,0.007073747925460339,0.005311867222189903,118.71793304768502,0.142461519657222,0.00028620114898681635,0.14077439399503433,7.103564587429685
AdamW update,275,288358400,block04.down,0.05865776538848877,0.029897455126047134,0.015144414268434048,0.008993621915578842,0.0064719137735664845,104.49851241156568,0.1253982148938788,0.00011424870300292967,0.17040626285285043,5.868328917368031
AdamW update,275,288358400,block06.q,0.04964339733123779,0.013090381398797035,0.005283931270241737,0.0021200848277658224,0.0007762776222079992,73.17093354888699,0.08780512025866438,0.00015075186538696288,0.13994481162627892,7.145673986617589
AdamW update,275,288358400,block06.k,0.03928477689623833,0.011554112657904625,0.0036849097814410925,0.001056935521773994,0.0003237643395550549,51.23437331210468,0.06148124797452561,0.00014130032730102539,0.16456634921473778,6.076576437234622
AdamW update,275,288358400,block06.v,0.04392838850617409,0.01368699036538601,0.005113361403346062,0.0018856641836464405,0.0006781400879845023,50.43202250335406,0.06051842700402487,0.00013565144348144529,0.1879076444390657,5.321763268254251
AdamW update,275,288358400,block06.o,0.051217976957559586,0.01712818630039692,0.006426565814763308,0.0026104061398655176,0.0009281172533519566,77.76788405359567,0.0933214608643148,7.784887504577636e-05,0.13130770743288167,7.615699181338255
AdamW update,275,288358400,block06.up,0.06308181583881378,0.02395094372332096,0.012592781335115433,0.008510487154126167,0.006582602858543396,142.71902451568954,0.17126282941882742,0.0003021067199707031,0.12597893203764343,7.937835190579268
AdamW update,275,288358400,block06.down,0.06439594179391861,0.03404255211353302,0.017843488603830338,0.011121842078864574,0.008215407840907574,141.05642801575533,0.16926771361890638,0.00014036531066894528,0.07446085293349203,13.429875707886314
AdamW update,275,288358400,block08.q,0.04386846348643303,0.013609356246888638,0.005585262551903725,0.0021249845158308744,0.000730425410438329,70.0887757995754,0.08410653095949047,0.0001384158668518066,0.12175948752979426,8.21291235933711
AdamW update,275,288358400,block08.k,0.04683336615562439,0.015975164249539375,0.006176945753395557,0.002187933772802353,0.0007256307872012258,58.20465401888921,0.06984558482266705,0.00013749830245971678,0.11577656272856984,8.637326730319598
AdamW update,275,288358400,block08.v,0.039479535073041916,0.013796932995319366,0.005208703689277172,0.0018699452048167586,0.0006372174248099327,49.57364366393851,0.05948837239672621,0.00012951021194458008,0.1550218693463501,6.450702757078735
AdamW update,275,288358400,block08.o,0.04348068684339523,0.014609906822443008,0.0060957311652600765,0.0025618993677198887,0.0009823067812249064,81.53777692489129,0.09784533230986954,6.658596611022948e-05,0.1671085024927743,5.9841359660513955
AdamW update,275,288358400,block08.up,0.06493903696537018,0.027266371995210648,0.013507425785064697,0.008913314901292324,0.006730001885443926,119.70084766870995,0.14364101720245193,0.0002913828048706054,0.10178952647210338,9.824193457409018
AdamW update,275,288358400,block08.down,0.05405011773109436,0.026681840419769287,0.013718565925955772,0.008388093672692776,0.006159917451441288,109.8425757373679,0.13181109088484147,0.0001263954620361328,0.17335383033278973,5.768548627280322
AdamW update,300,314572800,block02.q,0.020049937069416046,0.00720662297680974,0.0029723395127803087,0.0010576130589470267,0.00032698875293135643,50.7322042200488,0.06087864506405855,0.00012928509521484375,0.36217273926169824,2.761113390363214
AdamW update,300,314572800,block02.k,0.022677958011627197,0.007826190441846848,0.0028546827379614115,0.0009188709082081914,0.0002981293946504593,43.0061593394326,0.051607391207319116,0.00012933797836303708,0.24206524504440186,4.13111762416191
AdamW update,300,314572800,block02.v,0.025297503918409348,0.008631827309727669,0.003130356315523386,0.0010154197225347161,0.00032034722971729934,44.49184834202357,0.053390218010428286,0.00012642572021484373,0.39759867332032073,2.515098935439258
AdamW update,300,314572800,block02.o,0.038476504385471344,0.012080208398401737,0.00505076814442873,0.002094560069963336,0.0007574075134471059,62.66153982171461,0.07519384778605753,5.6592956542968744e-05,0.16689266752132426,5.991874986791902
AdamW update,300,314572800,block02.up,0.036337677389383316,0.016020851209759712,0.009548801928758621,0.0062372940592467785,0.004485025070607662,102.72535700620863,0.12327042840745034,0.00027272872924804685,0.2114667765092202,4.728875223368239
AdamW update,300,314572800,block02.down,0.05237928405404091,0.02714904583990574,0.013884156011044979,0.008264503441751003,0.006069713272154331,106.1499643218937,0.12737995718627243,0.00011009758758544921,0.2685351731070149,3.723906959486035
AdamW update,300,314572800,block04.q,0.02880416251718998,0.009224124252796173,0.003454267280176282,0.0009195060119964182,0.00019378754950594157,54.08608683918487,0.06490330420702184,0.0001320919075012207,0.3786762455173722,2.6407782686070913
AdamW update,300,314572800,block04.k,0.029647091403603554,0.010321700014173985,0.0036513935774564743,0.0011842112289741635,0.00036730305873788893,51.46372889220858,0.06175647467065029,0.00013149096679687498,0.2704635224451444,3.6973562680816627
AdamW update,300,314572800,block04.v,0.0285676047205925,0.00978055689483881,0.0036000374238938093,0.0012263429816812277,0.0003957333683501929,48.620747172676964,0.05834489660721235,0.00013121851730346678,0.31481094342840166,3.1765096508706114
AdamW update,300,314572800,block04.o,0.0418553352355957,0.014421737752854824,0.005602260120213032,0.0022476313170045614,0.0007894883747212589,71.36209382266267,0.0856345125871952,6.700940895080566e-05,0.25462944953688194,3.927275504929977
AdamW update,300,314572800,block04.up,0.049289487302303314,0.019517021253705025,0.01122350711375475,0.007422563154250383,0.005572745576500893,118.54979365694524,0.14225975238833427,0.00029217084503173823,0.15244650206003385,6.559678224733535
AdamW update,300,314572800,block04.down,0.054225292056798935,0.029128216207027435,0.015259874984622002,0.00925375148653984,0.006657980848103762,107.85844898822138,0.12943013878586565,0.00011848722839355467,0.2291256260984733,4.364417970298186
AdamW update,300,314572800,block06.q,0.05162172392010689,0.01435873843729496,0.005597775802016258,0.0022529761772602797,0.0008282585768029094,71.26555812693942,0.0855186697523273,0.0001550342559814453,0.16019931320778724,6.242224014424741
AdamW update,300,314572800,block06.k,0.0394013412296772,0.012049759738147259,0.003798804944381118,0.001081909635104239,0.0003394950181245804,51.80248182831657,0.06216297819397988,0.00014325341033935546,0.2021525241719111,4.946759898726751
AdamW update,300,314572800,block06.v,0.04260842502117157,0.013685832731425762,0.004936246667057276,0.0018569263629615307,0.0006560363108292222,52.64282445332062,0.06317138934398474,0.00013648394393920896,0.26425519211779047,3.784220820737005
AdamW update,300,314572800,block06.o,0.054092083126306534,0.018871786072850227,0.006785383448004723,0.0027557765133678913,0.000990292290225625,75.91783117477489,0.09110139740972986,8.128819656372069e-05,0.1976115933221081,5.060431846070863
AdamW update,300,314572800,block06.up,0.06450922042131424,0.02620754763484001,0.01348151545971632,0.009091193787753582,0.007005275227129459,135.96811160401768,0.1631617339248212,0.000310387825012207,0.13061502814015657,7.656086854928739
AdamW update,300,314572800,block06.down,0.0641704723238945,0.03546098247170448,0.019275013357400894,0.01207736786454916,0.009000679478049278,137.5814193909472,0.16509770326913661,0.00015032088088989256,0.08522362370431225,11.733835719888555
AdamW update,300,314572800,block08.q,0.048833973705768585,0.01466300431638956,0.005834664683789015,0.002228792756795883,0.0008003608672879636,75.33534437075566,0.09040241324490679,0.00014178533935546873,0.15415722549585453,6.486883743421362
AdamW update,300,314572800,block08.k,0.04760269448161125,0.01631614938378334,0.006202070973813534,0.002260293811559677,0.0007612269255332649,65.45055976151433,0.07854067171381719,0.0001400909843444824,0.170276078213206,5.87281555044908
AdamW update,300,314572800,block08.v,0.03744174540042877,0.012931130826473236,0.004824258387088776,0.0017493886407464743,0.00059823616174981,55.46205455497242,0.0665544654659669,0.00013020817565917968,0.34685077355476324,2.883084243264958
AdamW update,300,314572800,block08.o,0.046032603830099106,0.0157400481402874,0.006289175245910883,0.002622190397232771,0.0010016404557973146,81.13176876476469,0.09735812251771761,7.014050102233885e-05,0.24800960610315315,4.032101883924915
AdamW update,300,314572800,block08.up,0.062438517808914185,0.02845483273267746,0.013934592716395855,0.009157976135611534,0.006917107850313187,126.1558473307041,0.1513870167968449,0.00029781088256835935,0.17592353955984663,5.6842876314446515
AdamW update,300,314572800,block08.down,0.04974635690450668,0.02563886158168316,0.013580357655882835,0.00840949546545744,0.006176488474011421,116.0826587358272,0.13929919048299264,0.00013292048263549802,0.30961459040135253,3.229821949617112
AdamW update,325,340787200,block02.q,0.022954193875193596,0.007436268962919712,0.003117578336969018,0.0011022633407264948,0.0003436296829022467,50.75712632690719,0.060908551592288626,0.00012993324279785156,0.23775195682795047,4.206064224841065
AdamW update,325,340787200,block02.k,0.02187696285545826,0.007685134187340736,0.0028442644979804754,0.0009073520195670426,0.0002813696046359837,48.845766229023575,0.05861491947482828,0.0001298652191162109,0.254064916852176,3.936001917895006
AdamW update,325,340787200,block02.v,0.026879917830228806,0.008958508260548115,0.0032334972638636827,0.0010555284097790718,0.00033120601437985897,47.40296557509173,0.05688355869011007,0.0001264972457885742,0.3570162532672647,2.8009929263679583
AdamW update,325,340787200,block02.o,0.04034290462732315,0.013158094137907028,0.005326051730662584,0.002228372497484088,0.0007883209036663175,67.37968106965369,0.08085561728358441,5.80565013885498e-05,0.15544620311590407,6.433093764627871
AdamW update,325,340787200,block02.up,0.04093382507562637,0.016465235501527786,0.009862447157502174,0.006457138806581497,0.004749898333102465,108.78379744489027,0.13054055693386832,0.0002770912399291992,0.21842040165513144,4.578326898138943
AdamW update,325,340787200,block02.down,0.05808595195412636,0.03102198615670204,0.015997551381587982,0.00955653190612793,0.0070060668513178825,104.1423250434465,0.1249707900521358,0.00011274369049072264,0.19562606649793057,5.111793218060633
AdamW update,325,340787200,block04.q,0.03394322842359543,0.010481170378625393,0.0038980955723673105,0.0010418068850412965,0.00021271005971357226,52.84548655545401,0.0634145838665448,0.0001327745246887207,0.25454632351270234,3.928558017260454
AdamW update,325,340787200,block04.k,0.034023161977529526,0.011537754908204079,0.0041461423970758915,0.0013347723288461566,0.00041654345113784075,49.7431292902514,0.059691755148301676,0.00013188433456420896,0.2701040025576731,3.7022776061472036
AdamW update,325,340787200,block04.v,0.03280244767665863,0.010635387152433395,0.003875414142385125,0.001312260515987873,0.00043818773701786995,46.72234432840174,0.056066813194082084,0.000131463077545166,0.2529065559548407,3.954029567262627
AdamW update,325,340787200,block04.o,0.04787901043891907,0.016530469059944153,0.0061426665633916855,0.0024876848328858614,0.0008726768428459764,67.69647434787333,0.08123576921744799,6.87780876159668e-05,0.14012570373981603,7.136449440116923
AdamW update,325,340787200,block04.up,0.055082663893699646,0.02056773751974106,0.011618189513683319,0.007728897500783205,0.005791354924440384,122.73782081200865,0.14728538497441038,0.00029836450195312497,0.15125089191991847,6.61153125979225
AdamW update,325,340787200,block04.down,0.05613915994763374,0.031082022935152054,0.016596103087067604,0.010052508674561977,0.007180748973041773,108.71524517287531,0.13045829420745036,0.00012256721878051757,0.21215366737866592,4.713564523092281
AdamW update,325,340787200,block06.q,0.0566057488322258,0.016262425109744072,0.006110801827162504,0.002429837128147483,0.0008735854062251747,67.98551195454498,0.08158261434545397,0.00015895336532592772,0.11204700555954705,8.924825746178044
AdamW update,325,340787200,block06.k,0.04615071415901184,0.014269060455262661,0.004399856086820364,0.0012684925459325314,0.0003954031562898308,46.637564491930156,0.055965077390316184,0.00014518971633911131,0.1392185417871339,7.182951258956633
AdamW update,325,340787200,block06.v,0.04822468012571335,0.015565343201160431,0.005602086894214153,0.0020985184237360954,0.0007360368617810309,49.119417288157685,0.05894330074578922,0.00013731425857543944,0.1839931013844911,5.434986379789838
AdamW update,325,340787200,block06.o,0.057795554399490356,0.022159187123179436,0.007708028890192509,0.003063623094931245,0.0011470416793599725,72.83046128578508,0.08739655354294208,8.438926506042479e-05,0.11390392051338072,8.779329065170556
AdamW update,325,340787200,block06.up,0.06969776004552841,0.029273778200149536,0.014208796434104443,0.009549766778945923,0.007391261402517557,135.08281476084585,0.162099377713015,0.0003181562347412109,0.10504068614933804,9.520120599538773
AdamW update,325,340787200,block06.down,0.06605494767427444,0.03791734203696251,0.020935341715812683,0.01326641347259283,0.00984349474310875,136.93690422785778,0.16432428507342933,0.00015956298065185546,0.06960556448522315,14.366667484067227
AdamW update,325,340787200,block08.q,0.05345506593585014,0.016771890223026276,0.006302307825535536,0.002435753121972084,0.0008360343053936958,77.03030097215972,0.09243636116659165,0.00014570306396484374,0.128654128744504,7.772778143684093
AdamW update,325,340787200,block08.k,0.052266962826251984,0.018131930381059647,0.006952550727874041,0.0025001103058457375,0.0008420271915383637,63.373915337254395,0.07604869840470527,0.00014299373245239255,0.10985020288916658,9.103305899297705
AdamW update,325,340787200,block08.v,0.04476147145032883,0.01596890762448311,0.005814338568598032,0.0020930333994328976,0.0007383067277260125,48.49634841523553,0.05819561809828263,0.00013089926147460935,0.20055378339741115,4.986193643719157
AdamW update,325,340787200,block08.o,0.05254841968417168,0.018634401261806488,0.007257155142724514,0.0030245950911194086,0.0011534549994394183,77.05791386133421,0.09246949663360104,7.334303283691405e-05,0.111297897784425,8.984895671047793
AdamW update,325,340787200,block08.up,0.06705315411090851,0.033051881939172745,0.015375694260001183,0.010011025704443455,0.007610928267240524,120.25586823652544,0.14430704188383053,0.0003041377716064453,0.09322040834727208,10.727264745233903
AdamW update,325,340787200,block08.down,0.0546518974006176,0.028817689046263695,0.0152805270627141,0.00951386708766222,0.0069815958850085735,108.03860091904501,0.129646321102854,0.00013895527267456054,0.21950960860739688,4.555609234348125
AdamW update,350,367001600,block02.q,0.021950500085949898,0.007850879803299904,0.003346673445776105,0.0011783355148509145,0.00034075978328473866,60.727311282777904,0.07287277353933348,0.00013051984405517577,0.3319488226098919,3.01251256786413
AdamW update,350,367001600,block02.k,0.024895425885915756,0.008966846391558647,0.003320408519357443,0.0010701088467612863,0.00032045962871052325,53.17392619107827,0.06380871142929392,0.00013040661621093749,0.22255238444555037,4.493324133512754
AdamW update,350,367001600,block02.v,0.024810221046209335,0.00880978349596262,0.0031499520409852266,0.0009701540693640709,0.00028273073257878423,56.716716420960644,0.06806005970515276,0.00012650671005249022,0.4927617708155232,2.0293782091597627
AdamW update,350,367001600,block02.o,0.034099798649549484,0.012590100057423115,0.005442371591925621,0.0022740100976079702,0.0008436504285782576,79.01465626424068,0.09481758751708881,5.936544799804687e-05,0.2846894304063632,3.512599672466269
AdamW update,350,367001600,block02.up,0.041083600372076035,0.01681053452193737,0.010378309525549412,0.006938330363482237,0.005145022179931402,122.93764925806583,0.147525179109679,0.0002819130477905273,0.22716354547294149,4.402114775581871
AdamW update,350,367001600,block02.down,0.050608012825250626,0.02678525075316429,0.014296961948275566,0.008799130097031593,0.0065340013243258,120.53717680810423,0.14464461216972507,0.00011568660736083983,0.30760516008161076,3.2509207574238674
AdamW update,350,367001600,block04.q,0.03403492271900177,0.01103437040001154,0.004283515736460686,0.0011529444018378854,0.00022637929941993207,58.850094177488636,0.07062011301298636,0.00013343030548095702,0.2743331757000398,3.645202580578208
AdamW update,350,367001600,block04.k,0.03315351530909538,0.012270809151232243,0.004437258467078209,0.0014669487718492746,0.00045558265992440283,53.081603404162585,0.0636979240849951,0.000132268684387207,0.2667587620499354,3.748705355788114
AdamW update,350,367001600,block04.v,0.029819587245583534,0.010689242742955685,0.0039671421982347965,0.0012722660321742296,0.00040479752351529896,56.23995592318965,0.06748794710782757,0.0001316450843811035,0.382944550944476,2.611344116357442
AdamW update,350,367001600,block04.o,0.03514414280653,0.013842559419572353,0.005768239963799715,0.002340709324926138,0.0008387941052205861,87.59703171127651,0.10511643805353181,7.04776382446289e-05,0.357083923594562,2.800462115274094
AdamW update,350,367001600,block04.up,0.051647793501615524,0.0208185575902462,0.01201652828603983,0.008126847445964813,0.006128981709480286,135.1081142262815,0.16212973707153777,0.00030474833679199217,0.16789321827524706,5.956166724736806
AdamW update,350,367001600,block04.down,0.05049007013440132,0.028093531727790833,0.01515403762459755,0.009370136074721813,0.006759060081094503,118.75949759356364,0.14251139711227634,0.00012673282241821288,0.2937760131976894,3.4039538800843974
AdamW update,350,367001600,block06.q,0.05244067683815956,0.016518088057637215,0.006419026758521795,0.0025614274200052023,0.0009237516787834466,75.83276007012695,0.09099931208415234,0.00016279546737670898,0.168130252554044,5.947769570372581
AdamW update,350,367001600,block06.k,0.03894536569714546,0.012830090709030628,0.004146510735154152,0.0012143709463998675,0.00037364973104558885,59.73353835182739,0.07168024602219286,0.00014713635635375976,0.17854356000452132,5.600874094672901
AdamW update,350,367001600,block06.v,0.037236765027046204,0.013605067506432533,0.005259030032902956,0.001970701850950718,0.0006887569325044751,66.65784210731016,0.07998941052877219,0.00013817728042602538,0.29302788670620217,3.4126444798157642
AdamW update,350,367001600,block06.o,0.04093754664063454,0.016887053847312927,0.006852453108876944,0.002847697352990508,0.0010390288662165403,98.45418864047215,0.11814502636856658,8.741944313049315e-05,0.3203947130873672,3.121150128739215
AdamW update,350,367001600,block06.up,0.06247461587190628,0.027985423803329468,0.014550439082086086,0.009838305413722992,0.00762435607612133,146.5017072036473,0.17580204864437673,0.0003256207809448242,0.15277721734662553,6.545478556080584
AdamW update,350,367001600,block06.down,0.06101492419838905,0.03399518504738808,0.019162030890583992,0.012356171384453773,0.009365496225655079,147.7031365769373,0.17724376389232477,0.00016847602844238279,0.136069708766545,7.3491742509400195
AdamW update,350,367001600,block08.q,0.05203940346837044,0.017068663612008095,0.006648768205195665,0.002547310199588537,0.0009181663626804948,79.26432921155977,0.09511719505387171,0.0001498183708190918,0.17439631126666555,5.73406623532835
AdamW update,350,367001600,block08.k,0.05163956061005592,0.018638623878359795,0.00736646493896842,0.002724887104704976,0.0009160157642327249,64.00797394219832,0.07680956873063798,0.00014596665573120117,0.1076073307439609,9.293047165897866
AdamW update,350,367001600,block08.v,0.03554021194577217,0.012839420698583126,0.004981952719390392,0.0018039409769698977,0.0006058238795958459,69.62793676953855,0.08355352412344626,0.00013165078353881836,0.44207386559720874,2.26206540992663
AdamW update,350,367001600,block08.o,0.036511581391096115,0.014249645173549652,0.006073234602808952,0.0025505186058580875,0.000969701970461756,105.73044460782403,0.12687653352938882,7.656654167175291e-05,0.42655807991198813,2.3443466367026273
AdamW update,350,367001600,block08.up,0.05464902147650719,0.02775324322283268,0.014262733049690723,0.009495248086750507,0.007233043666929007,150.58122672182193,0.1806974720661863,0.00031030739593505857,0.2885361689116053,3.465770006485238
AdamW update,350,367001600,block08.down,0.04000777751207352,0.020832160487771034,0.0114280441775918,0.007118630222976208,0.00530220428481698,138.87358542044035,0.16664830250452842,0.00014506948471069335,0.5233252338379977,1.9108575993290693
AdamW update,375,393216000,block02.q,0.028830511495471,0.008795348927378654,0.0036868674214929342,0.0013038954930379987,0.00040782324504107237,46.68274573729162,0.05601929488474994,0.00013121602249145507,0.20731312771783994,4.823621210138864
AdamW update,375,393216000,block02.k,0.030880900099873543,0.010022100992500782,0.0037392161320894957,0.0011933207279071212,0.0003615077002905309,39.66992418806509,0.047603909025678105,0.00013101348495483397,0.1448453164599961,6.903916705350867
AdamW update,375,393216000,block02.v,0.03290209174156189,0.011454393155872822,0.004027574323117733,0.0012415292439982295,0.0003666215925477445,39.230973293144515,0.04707716795177341,0.00012654729080200194,0.2533145011266278,3.947661880991631
AdamW update,375,393216000,block02.o,0.04663747921586037,0.01568722538650036,0.00615085382014513,0.0024964052718132734,0.0009330936591140926,61.846655262663674,0.07421598631519641,6.098478698730468e-05,0.11321154477986184,8.833021419719032
AdamW update,375,393216000,block02.up,0.049238674342632294,0.017872100695967674,0.010900747962296009,0.00733897415921092,0.005456056445837021,109.12343086483563,0.13094811703780274,0.00028710026550292963,0.17051596947073122,5.864553350069937
AdamW update,375,393216000,block02.down,0.06308566778898239,0.03473570570349693,0.01848508231341839,0.011277934536337852,0.008214007131755352,102.50357989878925,0.1230042958785471,0.00011901405715942381,0.1445675626200682,6.917181018179417
AdamW update,375,393216000,block04.q,0.04354783520102501,0.012931568548083305,0.004758347757160664,0.0013407832011580467,0.00025947880931198597,49.48434652948836,0.05938121583538603,0.00013407826995849608,0.13374926833563805,7.476676414337781
AdamW update,375,393216000,block04.k,0.042001523077487946,0.015128759667277336,0.005308422259986401,0.0016982671804726124,0.0005127305630594492,42.39751517692924,0.050877018212315085,0.00013268412780761718,0.1482648785945493,6.744685656369352
AdamW update,375,393216000,block04.v,0.03848455101251602,0.01269486267119646,0.004504785407334566,0.0014714644057676196,0.00047289158101193607,41.98508626329129,0.05038210351594954,0.0001319014663696289,0.24235536171379213,4.1261723814509335
AdamW update,375,393216000,block04.o,0.05058976262807846,0.018246516585350037,0.0067866710014641285,0.002732387976720929,0.00099451863206923,63.768361471291364,0.07652203376554963,7.255176544189452e-05,0.12182653024355261,8.20839268754371
AdamW update,375,393216000,block04.up,0.060990724712610245,0.02335227094590664,0.012773945927619934,0.008469309657812119,0.006381135433912277,121.00377764519173,0.14520453317423007,0.00031125336456298825,0.11455099456003737,8.729736514647977
AdamW update,375,393216000,block04.down,0.061017490923404694,0.035724058747291565,0.019434796646237373,0.011863085441291332,0.008568694815039635,101.14122598885113,0.12136947118662135,0.00013105751037597655,0.16724163896766697,5.979372159784509
AdamW update,375,393216000,block06.q,0.06064194068312645,0.019373683258891106,0.006638308055698872,0.0026220267172902822,0.0009548044763505459,67.46548751961478,0.08095858502353773,0.00016683359527587888,0.10000045102359767,9.999954897843654
AdamW update,375,393216000,block06.k,0.04914068803191185,0.01573629304766655,0.0049013132229447365,0.001438385108485818,0.0004669301270041615,48.943426890455015,0.058732112268546015,0.00014926813888549803,0.11759249488537549,8.503944073767297
AdamW update,375,393216000,block06.v,0.05119454488158226,0.017817936837673187,0.006200899835675955,0.002301364205777645,0.0007924591191112995,47.73999456670868,0.05728799348005041,0.00013907274627685546,0.14164177921429655,7.060063814131088
AdamW update,375,393216000,block06.o,0.061272718012332916,0.024303918704390526,0.00868348777294159,0.003386338474228978,0.0012843676377087831,70.78740688383813,0.08494488826060576,9.054385757446288e-05,0.08724217671112289,11.462345825130079
AdamW update,375,393216000,block06.up,0.07019388675689697,0.032729070633649826,0.01558854803442955,0.010216351598501205,0.007885545492172241,133.2356488514167,0.15988277862170003,0.0003327344970703125,0.09434923679305118,10.598919864009435
AdamW update,375,393216000,block06.down,0.06863346695899963,0.03968845680356026,0.022425087168812752,0.014297734946012497,0.010699965059757233,135.5259380013094,0.16263112560157128,0.00017726646423339842,0.04185082787674177,23.894389925694664
AdamW update,375,393216000,block08.q,0.06032409518957138,0.020209085196256638,0.007110984530299902,0.002723277546465397,0.000982529018074274,72.4423975541943,0.08693087706503315,0.0001540205383300781,0.13723765542160127,7.286629875218631
AdamW update,375,393216000,block08.k,0.06176706776022911,0.021864740177989006,0.008035860024392605,0.002914990531280637,0.0010094395838677883,57.10629376574373,0.06852755251889246,0.00014898460006713865,0.10548476972491816,9.480041551095834
AdamW update,375,393216000,block08.v,0.04653564840555191,0.016499917954206467,0.006153404247015715,0.0022251552436500788,0.0007595100323669612,51.74600191914889,0.06209520230297866,0.00013259699249267576,0.2201819914701133,4.541697499069702
AdamW update,375,393216000,block08.o,0.05580591782927513,0.020878510549664497,0.00795259140431881,0.0032676379196345806,0.0012474691029638052,75.44288806775178,0.09053146568130213,8.029554176330566e-05,0.10871855417949305,9.198061982584976
AdamW update,375,393216000,block08.up,0.06438630074262619,0.034843817353248596,0.0162685364484787,0.01032941322773695,0.007799959741532803,123.7141483499972,0.14845697801999663,0.0003163970260620117,0.16273406379369604,6.144994948738801
AdamW update,375,393216000,block08.down,0.055049873888492584,0.029913900420069695,0.01624561846256256,0.010051672346889973,0.00741218775510788,109.1858156421847,0.13102297877062163,0.0001509916191101074,0.2701233328300532,3.702012667780703
AdamW update,400,419430400,block02.q,0.027367547154426575,0.008731639944016933,0.0036303712986409664,0.001281693927012384,0.0003814336669165641,56.159162430260615,0.06739099491631273,0.00013168875503540036,0.2578021076615755,3.8789442377745402
AdamW update,400,419430400,block02.k,0.02801503799855709,0.009717607870697975,0.0036548564676195383,0.0011859346413984895,0.000362108345143497,51.281403205329525,0.06153768384639542,0.00013149113845825194,0.23548991692632004,4.246466316062609
AdamW update,400,419430400,block02.v,0.027389241382479668,0.00989424716681242,0.003597321454435587,0.0011359361233189702,0.0003346301964484155,54.23368188689344,0.06508041826427212,0.0001265104751586914,0.47753864218526587,2.0940713727875453
AdamW update,400,419430400,block02.o,0.038810670375823975,0.014097836799919605,0.005900905933231115,0.002443512436002493,0.0008767524850554764,74.4289512358039,0.08931474148296466,6.20587978363037e-05,0.23429096332727628,4.26819705633768
AdamW update,400,419430400,block02.up,0.047198809683322906,0.017807699739933014,0.010965636000037193,0.007403245661407709,0.005573728121817112,129.5847839686269,0.15550174076235226,0.0002922494659423828,0.18909706892338196,5.288289266954097
AdamW update,400,419430400,block02.down,0.05510391667485237,0.029698509722948074,0.016030970960855484,0.009970143437385559,0.007385401986539364,128.09269011943576,0.1537112281433229,0.00012245376205444335,0.2963570573783727,3.3743080351997623
AdamW update,400,419430400,block04.q,0.0392775759100914,0.012128930538892746,0.004564222414046526,0.0013483470538631082,0.0002832731406670064,62.567802455954684,0.07508136294714561,0.00013472904968261717,0.3130894512825222,3.1939753827657102
AdamW update,400,419430400,block04.k,0.036138638854026794,0.013281102292239666,0.0047472440637648106,0.0015225328970700502,0.00046392568037845194,55.088690290309195,0.06610642834837104,0.00013302832031249998,0.18345278079333927,5.4509939597291055
AdamW update,400,419430400,block04.v,0.03314075246453285,0.010985953733325005,0.003982808906584978,0.001269717700779438,0.0004047537804581225,55.9203981668616,0.06710447780023392,0.00013206200408935547,0.44691791929054503,2.237547336628254
AdamW update,400,419430400,block04.o,0.040933359414339066,0.015598388388752937,0.006258474662899971,0.0025328348856419325,0.0009197606705129147,80.8819989596961,0.09705839875163531,7.398255729675292e-05,0.28362192150270005,3.525820552592512
AdamW update,400,419430400,block04.up,0.05739627406001091,0.022358860820531845,0.01242557168006897,0.008326751179993153,0.006306517869234085,148.69220699899125,0.1784306483987895,0.000317378791809082,0.1595185235840626,6.268864439890725
AdamW update,400,419430400,block04.down,0.052278850227594376,0.029391899704933167,0.01621590368449688,0.00997642520815134,0.007276601158082485,131.26041756042187,0.15751250107250622,0.0001352317199707031,0.2613832860782992,3.8257993271246997
AdamW update,400,419430400,block06.q,0.0566909983754158,0.019047316163778305,0.006782055366784334,0.0026478611398488283,0.00096228247275576,76.9103234860867,0.09229238818330403,0.00017063361740112302,0.18393550329565134,5.436688306947658
AdamW update,400,419430400,block06.k,0.041080694645643234,0.013665538281202316,0.004457988776266575,0.0013249412877485156,0.0004266458854544908,63.60778875392078,0.07632934650470492,0.00015128085708618162,0.18831672116894627,5.310202906001432
AdamW update,400,419430400,block06.v,0.04119670391082764,0.015602466650307178,0.005611715372651815,0.002045879838988185,0.0007183757843449712,62.637001810065904,0.07516440217207908,0.0001399119071960449,0.3505783448354691,2.8524294632896185
AdamW update,400,419430400,block06.o,0.05217459425330162,0.021666614338755608,0.008273749612271786,0.003361764131113887,0.0012667173286899924,82.84710949628499,0.09941653139554198,9.320849990844726e-05,0.1997771597825846,5.005577219579504
AdamW update,400,419430400,block06.up,0.06542933732271194,0.03141767531633377,0.015592171810567379,0.010395307093858719,0.007967743091285229,149.98555555123212,0.17998266666147852,0.00033913659667968746,0.1390012559482443,7.1941796005954055
AdamW update,400,419430400,block06.down,0.06276656687259674,0.03589167073369026,0.02040812373161316,0.013117021881043911,0.009946192614734173,153.26854444271314,0.18392225333125575,0.00018528563690185546,0.14135113722830628,7.074580506450605
AdamW update,400,419430400,block08.q,0.05704842135310173,0.020186474546790123,0.007081012241542339,0.002750387182459235,0.0009676350746303797,83.81792583322289,0.10058151099986745,0.00015806484603881834,0.17665911035470572,5.6606194721129635
AdamW update,400,419430400,block08.k,0.05463376268744469,0.020335184410214424,0.007577093318104744,0.002845728537067771,0.0009712703758850694,70.43822604388491,0.08452587125266188,0.0001518885498046875,0.14528757345264243,6.882901105963873
AdamW update,400,419430400,block08.v,0.040540456771850586,0.015026175417006016,0.005663340911269188,0.0020672378595918417,0.0007117574568837881,64.79144698082831,0.07774973637699396,0.0001334398727416992,0.3640840695589418,2.746618387372506
AdamW update,400,419430400,block08.o,0.046957407146692276,0.018892554566264153,0.00760461762547493,0.0031779261771589518,0.0012184173101559281,88.91131977400678,0.10669358372880813,8.334910583496093e-05,0.2125360264134457,4.705084671408615
AdamW update,400,419430400,block08.up,0.06253962218761444,0.034339871257543564,0.016761841252446175,0.010685062035918236,0.008082415908575058,134.6401070391001,0.1615681284469201,0.00032204154968261715,0.1386819935811454,7.210741453719306
AdamW update,400,419430400,block08.down,0.0513087697327137,0.027725907042622566,0.015146374702453613,0.009402268566191196,0.006995363626629114,121.24893929588069,0.14549872715505682,0.00015638731384277343,0.23448205227797647,4.264718729152492
AdamW update,425,445644800,block02.q,0.030546419322490692,0.009118054062128067,0.0037173624150455,0.0013365123886615038,0.00040757859824225307,54.541534435577354,0.06544984132269283,0.00013237090301513671,0.21336314192989736,4.686845117459698
AdamW update,425,445644800,block02.k,0.031615231186151505,0.010573690757155418,0.003989814780652523,0.0013555593322962523,0.0004090579750481993,47.87250703295885,0.05744700843955062,0.00013204606246948242,0.15906336932483,6.286802575883187
AdamW update,425,445644800,block02.v,0.029955828562378883,0.010582761839032173,0.003776088822633028,0.001205284264869988,0.00037039731978438795,48.77146094386369,0.05852575313263642,0.00012656691741943357,0.4137605025781319,2.416857079805887
AdamW update,425,445644800,block02.o,0.04663030058145523,0.017024138942360878,0.006587771698832512,0.0027094462420791388,0.000964437669608742,64.31108394427031,0.07717330073312437,6.336304664611816e-05,0.1573660386553435,6.354611252496214
AdamW update,425,445644800,block02.up,0.05253518745303154,0.018424252048134804,0.011340326629579067,0.007679163012653589,0.005763031542301178,119.95279341184492,0.14394335209421388,0.000297787239074707,0.1805144276614925,5.5397234057946765
AdamW update,425,445644800,block02.down,0.05902557075023651,0.034074731171131134,0.018944649025797844,0.011906673200428486,0.008844107389450073,116.1182437018123,0.13934189244217476,0.00012619137954711913,0.2194912616874376,4.555990030364084
AdamW update,425,445644800,block04.q,0.045001234859228134,0.014331248588860035,0.005198553670197725,0.001562387915328145,0.00032570038456469774,54.697783132758964,0.06563733975931076,0.00013521358108520507,0.21241318684378374,4.707805644549911
AdamW update,425,445644800,block04.k,0.036956291645765305,0.013843188062310219,0.004946746397763491,0.001587407081387937,0.0004645440203603357,53.02971435181459,0.0636356572221775,0.0001334080924987793,0.3333090264040415,3.000218778317114
AdamW update,425,445644800,block04.v,0.03430663421750069,0.011766793206334114,0.004185911733657122,0.0013413416454568505,0.0004282342561054975,51.17088398540726,0.0614050607824887,0.00013217398452758787,0.3745389520395612,2.669949265769221
AdamW update,425,445644800,block04.o,0.047393716871738434,0.01827130652964115,0.006947459187358618,0.0027410758193582296,0.0009885217295959592,69.73651466906614,0.08368381760287937,7.552940368652343e-05,0.2914580335836128,3.431025687316052
AdamW update,425,445644800,block04.up,0.06195995956659317,0.02509232982993126,0.013331212103366852,0.008872331120073795,0.006636070087552071,131.54525879346622,0.15785431055215945,0.0003238314514160156,0.14075811375665026,7.104386193529494
AdamW update,425,445644800,block04.down,0.056315209716558456,0.03381386399269104,0.019232911989092827,0.011929209344089031,0.008575864136219025,113.27125918027221,0.13592551101632663,0.00013955606460571289,0.24788693958172647,4.03409716416426
AdamW update,425,445644800,block06.q,0.05890373885631561,0.021132083609700203,0.007173318415880203,0.00279495632275939,0.00100458855740726,72.79872773434485,0.08735847328121381,0.00017456317520141599,0.1746958580392013,5.72423417031217
AdamW update,425,445644800,block06.k,0.04390900209546089,0.015216304920613766,0.004824088886380196,0.0014750214759260416,0.0004594320198521018,60.02838259567912,0.07203405911481493,0.00015347026062011718,0.1699784052400446,5.883100259634708
AdamW update,425,445644800,block06.v,0.04644884914159775,0.01774625852704048,0.006247221026569605,0.002256693784147501,0.0007861314807087183,55.21014174458609,0.0662521700935033,0.00014081601333618162,0.28411040476203553,3.5197584574122778
AdamW update,425,445644800,block06.o,0.05435170978307724,0.02345612458884716,0.008987098932266235,0.003572460962459445,0.0013204847928136587,78.13935648934519,0.09376722778721422,9.59897060394287e-05,0.2455110337929165,4.073136691866482
AdamW update,425,445644800,block06.up,0.06784459948539734,0.03416711837053299,0.016691163182258606,0.010909628123044968,0.008374865166842937,138.88038692973808,0.16665646431568568,0.00034525875091552733,0.11745074893273344,8.514207096054546
AdamW update,425,445644800,block06.down,0.06516595184803009,0.03901208937168121,0.02271598018705845,0.01469025295227766,0.011087661609053612,140.29775627867838,0.16835730753441405,0.00019302502441406248,0.09421179114828337,10.614382635248528
AdamW update,425,445644800,block08.q,0.06531990319490433,0.024117106571793556,0.00806291401386261,0.0030592067632824183,0.0010749915381893516,72.5988024082857,0.08711856288994284,0.00016227698135375975,0.09240061097699837,10.822439261239666
AdamW update,425,445644800,block08.k,0.06465990841388702,0.024526521563529968,0.008683964610099792,0.0032806203234940767,0.0010963717941194773,58.69013128971228,0.07042815754765473,0.00015488016128540038,0.08053916172460518,12.41631994407131
AdamW update,425,445644800,block08.v,0.04587748646736145,0.017110712826251984,0.006278217304497957,0.002285132184624672,0.0008084431174211204,56.88407616487644,0.06826089139785173,0.0001343880043029785,0.2759476317808094,3.623875999756068
AdamW update,425,445644800,block08.o,0.05188540369272232,0.02168351225554943,0.008399810642004013,0.003430425189435482,0.0013067445252090693,81.77816533840016,0.09813379840608018,8.661225700378417e-05,0.22777536618801353,4.390290384494722
AdamW update,425,445644800,block08.up,0.06358198076486588,0.035805005580186844,0.01791282184422016,0.011206691153347492,0.008423385210335255,128.51892469799034,0.15422270963758838,0.0003277066955566406,0.1373892826507337,7.278588116237317
AdamW update,425,445644800,block08.down,0.051831502467393875,0.02896021120250225,0.01613645814359188,0.010109697468578815,0.007449843920767307,116.01978564666959,0.1392237427760035,0.00016185040283203122,0.2721539376608497,3.674391076590524
AdamW update,450,471859200,block02.q,0.03399655595421791,0.009652103297412395,0.0038881683722138405,0.0013933245791122317,0.00041070717270486057,55.317855228282134,0.06638142627393856,0.0001329828872680664,0.2001858307290263,4.995358544399733
AdamW update,450,471859200,block02.k,0.03355804830789566,0.010948068462312222,0.004130651243031025,0.0013878467725589871,0.00043517243466340005,50.558796415143284,0.06067055569817194,0.00013259813690185546,0.17226749201815128,5.804925748234805
AdamW update,450,471859200,block02.v,0.030015164986252785,0.010571732185781002,0.003764671739190817,0.0012147832894697785,0.0003674205800052732,50.54778751353922,0.06065734501624706,0.00012664274597167966,0.4663452618818873,2.1443339983011835
AdamW update,450,471859200,block02.o,0.049673423171043396,0.017740285024046898,0.006734335329383612,0.002762666204944253,0.0009977910667657852,66.0426253628302,0.07925115043539623,6.44442901611328e-05,0.1832759040356189,5.456254630208531
AdamW update,450,471859200,block02.up,0.0559648796916008,0.018910806626081467,0.011519551277160645,0.007833822630345821,0.005935341119766235,123.07434889086903,0.14768921866904283,0.00030312286376953123,0.16652263131003853,6.005189757890385
AdamW update,450,471859200,block02.down,0.05950486287474632,0.03525005653500557,0.020348960533738136,0.012708354741334915,0.009416316635906696,120.5812873679833,0.14469754484157993,0.00012988855361938475,0.23701522629346883,4.219138220098208
AdamW update,450,471859200,block04.q,0.04519113898277283,0.014995187520980835,0.0052434951066970825,0.001603253185749054,0.0003508361987769604,61.53585083454311,0.07384302100145172,0.00013619072341918944,0.2634723636143157,3.7954644892617697
AdamW update,450,471859200,block04.k,0.04090017080307007,0.01534209679812193,0.005476241931319237,0.0018063008319586515,0.0005517672398127615,54.4334188047766,0.06532010256573191,0.00013386787033081054,0.2547578944925135,3.9252954338943424
AdamW update,450,471859200,block04.v,0.03779491409659386,0.012826668098568916,0.004414176102727652,0.0014308540849015117,0.0004491030122153461,50.11167652983948,0.06013401183580737,0.00013248876571655271,0.4130691340295165,2.420902259737818
AdamW update,450,471859200,block04.o,0.05226197838783264,0.020156405866146088,0.007547378074377775,0.0029848176054656506,0.0010900342604145408,67.73359901368958,0.0812803188164275,7.723336601257323e-05,0.202268446754311,4.943924848617975
AdamW update,450,471859200,block04.up,0.06501112878322601,0.026618817821145058,0.013816902413964272,0.009073151275515556,0.006790173705667257,135.7537185863793,0.16290446230365516,0.0003300238952636718,0.1254060093646423,7.9740995273384865
AdamW update,450,471859200,block04.down,0.055268581956624985,0.034270308911800385,0.019962415099143982,0.012428133748471737,0.00897485576570034,119.25295736516621,0.14310354883819945,0.00014366911697387692,0.2650672292802483,3.772627807350442
AdamW update,450,471859200,block06.q,0.06349959224462509,0.023644180968403816,0.007758192718029022,0.002978656440973282,0.0011014016345143318,71.12200716268106,0.08534640859521726,0.00017798765945434568,0.12942690472133123,7.7263688114391496
AdamW update,450,471859200,block06.k,0.051784347742795944,0.017835883423686028,0.005532487295567989,0.0017300588078796864,0.0005582901649177074,54.8611329156193,0.06583335949874315,0.00015546700286865232,0.12104050881781436,8.26169692912612
AdamW update,450,471859200,block06.v,0.04956846311688423,0.019356844946742058,0.006661484017968178,0.0024056497495621443,0.0008107380708679557,53.64879724226415,0.06437855669071697,0.00014150192642211913,0.2800343639583822,3.5709903094200848
AdamW update,450,471859200,block06.o,0.06076719984412193,0.02616777829825878,0.010033170692622662,0.003944866359233856,0.001469507347792387,73.84273105681999,0.08861127726818398,9.821274948120116e-05,0.18788529557150468,5.322396289492616
AdamW update,450,471859200,block06.up,0.06829074025154114,0.03572696074843407,0.017634324729442596,0.011205601505935192,0.0086156465113163,141.47481653787773,0.16976977984545327,0.00035083474731445306,0.11543443117961161,8.662926561694906
AdamW update,450,471859200,block06.down,0.06516249477863312,0.039994098246097565,0.02360629476606846,0.0152681153267622,0.011598248966038227,142.69091517702472,0.17122909821242965,0.0002000950241088867,0.09800545368062163,10.20351380912721
AdamW update,450,471859200,block08.q,0.06249265745282173,0.023894356563687325,0.008229544386267662,0.0030281399376690388,0.0010748733766376972,78.67829880688575,0.09441395856826289,0.00016667746353149412,0.12399908105418778,8.064575894421335
AdamW update,450,471859200,block08.k,0.061555519700050354,0.024866674095392227,0.00864382367581129,0.0031586987897753716,0.0010821287287399173,65.54536136548393,0.07865443363858071,0.00015788336563110348,0.11591552959476203,8.62697175689898
AdamW update,450,471859200,block08.v,0.04607158899307251,0.018152548000216484,0.006571623031049967,0.0023759747855365276,0.0008068709284998477,59.045399364338046,0.07085447923720564,0.0001354690704345703,0.3581719442497935,2.7919551379004375
AdamW update,450,471859200,block08.o,0.05577113851904869,0.023926233872771263,0.009237919934093952,0.0036779437214136124,0.0014131668722257018,82.05083796571728,0.09846100555886073,9.005184173583984e-05,0.2657478180384629,3.762965985501583
AdamW update,450,471859200,block08.up,0.06277991086244583,0.03660807013511658,0.0186285562813282,0.011353729292750359,0.008494209498167038,134.45029624163934,0.1613403554899672,0.00033294181823730464,0.1607814436531294,6.21962321819553
AdamW update,450,471859200,block08.down,0.05456988140940666,0.030734676867723465,0.017396723851561546,0.010916473343968391,0.008049278520047665,120.73821598008138,0.14488585917609764,0.0001672283592224121,0.2176150059315809,4.595271340407492
AdamW update,475,498073600,block02.q,0.03516681492328644,0.009551740251481533,0.0039034292567521334,0.0013793326215818524,0.0004279330896679312,57.38022671639276,0.0688562720596713,0.00013365793991088865,0.28580368122563016,3.4989052475168836
AdamW update,475,498073600,block02.k,0.03535747528076172,0.011158808134496212,0.004381881561130285,0.001472862553782761,0.0004450058040674776,49.56210484211675,0.0594745258105401,0.00013317617797851562,0.14581554821798992,6.8579792225245395
AdamW update,475,498073600,block02.v,0.03462236747145653,0.012460526078939438,0.004449859727174044,0.0014471143949776888,0.0004343264736235142,46.1328783885213,0.055359454066225555,0.00012673994064331054,0.2867654738983596,3.4871701478066965
AdamW update,475,498073600,block02.o,0.05042373389005661,0.018519554287195206,0.007161641027778387,0.0028736512176692486,0.0010215960210189223,66.85028561573577,0.08022034273888291,6.550199890136718e-05,0.1218086392875648,8.209598316250856
AdamW update,475,498073600,block02.up,0.05914983153343201,0.01985037699341774,0.011863535270094872,0.008143389597535133,0.006166481412947178,123.10522535571278,0.14772627042685532,0.0003086699523925781,0.1427097951432197,7.007227492663885
AdamW update,475,498073600,block02.down,0.0639403909444809,0.03860527276992798,0.022127188742160797,0.013995754532516003,0.010462787933647633,115.58437287779606,0.13870124745335524,0.00013380339431762694,0.14010747540741963,7.137377910008671
AdamW update,475,498073600,block04.q,0.047223202884197235,0.015646444633603096,0.005518825259059668,0.0016828174702823162,0.00035172156640328467,62.048568276913684,0.07445828193229641,0.0001368796577453613,0.2649533917679072,3.7742487209825035
AdamW update,475,498073600,block04.k,0.04230557754635811,0.016541477292776108,0.005813784897327423,0.0019373114919289947,0.0005874712369404733,52.1075863457225,0.062529103614867,0.000134294677734375,0.2029736758373133,4.926747253675971
AdamW update,475,498073600,block04.v,0.040631700307130814,0.014296037144958973,0.004883114248514175,0.00158589833881706,0.0004965309053659439,47.723527067267035,0.05726823248072044,0.0001328165588378906,0.2284887438934513,4.376583209133134
AdamW update,475,498073600,block04.o,0.04953101649880409,0.019250014796853065,0.007566983345896006,0.0029935247730463743,0.0010896776802837849,71.75231883155338,0.08610278259786405,7.885564041137694e-05,0.21709869371307278,4.6061999862682
AdamW update,475,498073600,block04.up,0.06310136616230011,0.027432797476649284,0.014284188859164715,0.009380041621625423,0.007012432906776667,137.584756872574,0.16510170824708878,0.0003361522521972656,0.13612600064053382,7.346135163705332
AdamW update,475,498073600,block04.down,0.0592842698097229,0.03696049749851227,0.021607602015137672,0.013405807316303253,0.009653978049755096,113.42639195900523,0.13611167035080626,0.0001477227973937988,0.17186426025262236,5.818545394662656
AdamW update,475,498073600,block06.q,0.06410568952560425,0.025164978578686714,0.0082427728921175,0.0031127820257097483,0.001142297056503594,70.20538235437134,0.0842464588252456,0.00018132485961914061,0.11076335873599774,9.028256378388454
AdamW update,475,498073600,block06.k,0.0495813712477684,0.017588134855031967,0.005796980112791061,0.0017765575321391225,0.0005656645516864955,57.447962529576444,0.06893755503549173,0.00015747016525268553,0.14996893797283306,6.668047487147975
AdamW update,475,498073600,block06.v,0.051069602370262146,0.02038200944662094,0.007000040262937546,0.002504840260371566,0.0008694902644492686,52.98874795761301,0.0635864975491356,0.0001423010215759277,0.1789378060194089,5.588533928327772
AdamW update,475,498073600,block06.o,0.06208113953471184,0.027447225525975227,0.010547695681452751,0.004114178940653801,0.0015132877742871642,72.46695941950499,0.08696035130340597,0.00010045281600952148,0.10320841223340071,9.68913268172898
AdamW update,475,498073600,block06.up,0.06917908042669296,0.03676166757941246,0.01826389878988266,0.011638357304036617,0.008823278360068798,139.16563031473464,0.16699875637768155,0.0003559408493041992,0.09631272048729045,10.382844498011675
AdamW update,475,498073600,block06.down,0.06591997295618057,0.0403284952044487,0.024004071950912476,0.015547911636531353,0.011763852089643478,141.4401117984985,0.16972813415819818,0.00020656061553955075,0.08362407879347078,11.958278218762013
AdamW update,475,498073600,block08.q,0.0643780380487442,0.025384115055203438,0.008552146144211292,0.0032091792672872543,0.0011434318730607629,80.05894658328646,0.09607073589994373,0.00017085902023315428,0.11909992416832793,8.396310971505459
AdamW update,475,498073600,block08.k,0.06264970451593399,0.025252453982830048,0.008905666880309582,0.0033004668075591326,0.001146917580626905,68.7651818394026,0.08251821820728311,0.00016078978729248044,0.10408053283958907,9.607944662823925
AdamW update,475,498073600,block08.v,0.04837512969970703,0.019732175394892693,0.0070607648231089115,0.0025819060392677784,0.0008955337107181549,58.783048866557564,0.07053965863986907,0.0001366409683227539,0.18872720076959482,5.2986532726717925
AdamW update,475,498073600,block08.o,0.05794696882367134,0.025044184178113937,0.009670361876487732,0.00393150607123971,0.001483099302276969,81.24759858396227,0.09749711830075472,9.360413932800292e-05,0.12655674393198613,7.90159393273754
AdamW update,475,498073600,block08.up,0.06351097673177719,0.03791351616382599,0.019619405269622803,0.011962681077420712,0.008872254751622677,129.6560082339066,0.1555872098806879,0.00033820470428466796,0.11081765952965927,9.023832521317233
AdamW update,475,498073600,block08.down,0.053887736052274704,0.0307758916169405,0.017548121511936188,0.011015312746167183,0.008164775557816029,114.21559341700086,0.13705871210040102,0.00017231904602050779,0.22831660330539094,4.379882958675692
AdamW update,500,524288000,block02.q,0.03881829231977463,0.010859031230211258,0.0044129290618002415,0.0015713186003267765,0.00046970072435215116,52.44033709729005,0.06292840451674805,0.00013434761810302733,0.1864940245762945,5.362102095613799
AdamW update,500,524288000,block02.k,0.0405937060713768,0.0125449039041996,0.004789305385202169,0.001649988116696477,0.0005092064966447651,46.62148177285365,0.05594577812742437,0.00013375982666015624,0.13582260215736497,7.362544849798955
AdamW update,500,524288000,block02.v,0.03719316050410271,0.013315250165760517,0.004708943422883749,0.0015174341388046741,0.0004473862936720252,43.0802869851049,0.05169634438212587,0.00012682974243164062,0.2840450248914408,3.5205686154235236
AdamW update,500,524288000,block02.o,0.05233489349484444,0.019392572343349457,0.007505857385694981,0.003019682364538312,0.0010702571598812938,63.355763503299606,0.07602691620395952,6.66301975250244e-05,0.14477098835713154,6.907461303870688
AdamW update,500,524288000,block02.up,0.059742700308561325,0.020406004041433334,0.01223576720803976,0.008399378508329391,0.006419046316295862,123.59181168570879,0.14831017402285054,0.0003142650833129882,0.13979490030188035,7.153336765794376
AdamW update,500,524288000,block02.down,0.06490197032690048,0.039682574570178986,0.023164065554738045,0.01482457760721445,0.011000188998878002,115.17109159493768,0.1382053099139252,0.00013782322311401365,0.12479933088287343,8.012863473911725
AdamW update,500,524288000,block04.q,0.05373891070485115,0.017709050327539444,0.006177968345582485,0.00194542168173939,0.000413512927480042,58.18549344078036,0.06982259212893643,0.00013776031494140624,0.20962545745934236,4.7704129647228255
AdamW update,500,524288000,block04.k,0.044092319905757904,0.017053300514817238,0.006236754357814789,0.0020505120046436787,0.0006034277030266821,51.47268349314074,0.06176722019176888,0.00013480819702148435,0.20698612351556367,4.831241742274613
AdamW update,500,524288000,block04.v,0.04244634509086609,0.014483855105936527,0.005102823954075575,0.0016420533647760749,0.0005057579255662858,47.30091747572423,0.056761100970869074,0.000133125617980957,0.29079147995639687,3.438890300877957
AdamW update,500,524288000,block04.o,0.054249245673418045,0.021058375015854836,0.008103588595986366,0.0032458652276545763,0.001161371124908328,65.12594688774314,0.07815113626529176,8.062489128112791e-05,0.12687409447438824,7.88182965279699
AdamW update,500,524288000,block04.up,0.0663042664527893,0.028824781998991966,0.01473912876099348,0.009653630666434765,0.007211384829133749,137.60876123535115,0.16513051348242136,0.0003422620239257812,0.10788172846537236,9.269410253479371
AdamW update,500,524288000,block04.down,0.05930473655462265,0.03757587447762489,0.021890763193368912,0.013775533996522427,0.010037655010819435,114.04790246013215,0.13685748295215858,0.0001517481651306152,0.18203601016171334,5.493418577520134
AdamW update,500,524288000,block06.q,0.06516065448522568,0.026410097256302834,0.008810785599052906,0.0033289396669715643,0.001200352213345468,71.03637090566872,0.08524364508680246,0.0001849265441894531,0.1091795345129265,9.159225714427306
AdamW update,500,524288000,block06.k,0.05506955087184906,0.02026306465268135,0.006321345921605825,0.002015268662944436,0.0006458616117015481,54.02232306190471,0.06482678767428564,0.00015958005523681638,0.1130458498094109,8.845968265849168
AdamW update,500,524288000,block06.v,0.05662136152386665,0.022498909384012222,0.007698568515479565,0.002729423576965928,0.000947912922129035,49.29009870980925,0.05914811845177109,0.00014324069595336912,0.16600752908380034,6.023823169461197
AdamW update,500,524288000,block06.o,0.0654902532696724,0.02911129966378212,0.011182498186826706,0.004412997514009476,0.00162697269115597,68.53124824384042,0.0822374978926085,0.00010288817596435545,0.08805920593104677,11.355996109969839
AdamW update,500,524288000,block06.up,0.07090763747692108,0.038192640990018845,0.019092584028840065,0.012120259925723076,0.009141993708908558,135.00673968594842,0.1620080876231381,0.0003607419204711914,0.0837233207588648,11.94410339838459
AdamW update,500,524288000,block06.down,0.06689158082008362,0.04168834164738655,0.024653464555740356,0.015978438779711723,0.012056094594299793,135.0746697786124,0.16208960373433484,0.00021259037017822262,0.055003189481794834,18.18076386881135
AdamW update,500,524288000,block08.q,0.07097593694925308,0.02851135842502117,0.00941845215857029,0.0035021970979869366,0.0012201922945678234,75.95382465225106,0.09114458958270126,0.00017525768280029296,0.064126673375001,15.594134973323563
AdamW update,500,524288000,block08.k,0.06963592022657394,0.02946656383574009,0.01008523628115654,0.003730547847226262,0.0012553215492516756,61.190821473433594,0.0734289857681203,0.00016387150955200194,0.08025337537164035,12.46053509113059
AdamW update,500,524288000,block08.v,0.055760275572538376,0.02256391942501068,0.008287141099572182,0.002982434816658497,0.001020341762341559,51.21231077960649,0.061454772935527785,0.0001380105400085449,0.16429504417250573,6.086610859363626
AdamW update,500,524288000,block08.o,0.06162688136100769,0.02746891975402832,0.010511216707527637,0.004253366030752659,0.001607760670594871,74.59990712670351,0.08951988855204421,9.74336814880371e-05,0.0854741998790729,11.699436805665089
AdamW update,500,524288000,block08.up,0.06643141806125641,0.040045518428087234,0.020977389067411423,0.012707926332950592,0.009490896947681904,124.13011525581963,0.14895613830698354,0.00034335424804687496,0.07501868076361973,13.330013135674195
AdamW update,500,524288000,block08.down,0.05647847056388855,0.032456979155540466,0.018292346969246864,0.011371571570634842,0.008409280329942703,105.6806364184983,0.12681676370219794,0.00017723608016967772,0.25746181290520553,3.8840711510416828
AdamW update,525,550502400,block02.q,0.03938066214323044,0.011220601387321949,0.004548822995275259,0.0016136645572260022,0.00046077099977992475,55.996139196330496,0.06719536703559659,0.00013502357482910154,0.17702734582609825,5.648844789111531
AdamW update,525,550502400,block02.k,0.03713681548833847,0.012704488821327686,0.004948316607624292,0.0017378628253936768,0.0005550667992793024,52.25840847231393,0.06271009016677671,0.0001342910385131836,0.14085301306277476,7.0995996340832574
AdamW update,525,550502400,block02.v,0.03370540216565132,0.012452244758605957,0.004499806556850672,0.0014637529384344816,0.00044105167035013437,48.45345751898735,0.058144149022784815,0.00012696328353881836,0.338432618105319,2.9547979317076454
AdamW update,525,550502400,block02.o,0.05179985985159874,0.01938093826174736,0.007588636130094528,0.003065098775550723,0.0011121805291622877,65.61518641306016,0.07873822369567218,6.790732955932616e-05,0.15360025879729822,6.5104056974257505
AdamW update,525,550502400,block02.up,0.06010855734348297,0.020793722942471504,0.012256494723260403,0.008488277904689312,0.006457414943724871,132.97043602868428,0.1595645232344211,0.00031977898406982416,0.14845405410955337,6.736090880091685
AdamW update,525,550502400,block02.down,0.06302272528409958,0.038203511387109756,0.022664854303002357,0.014431281946599483,0.010723771527409554,124.22247504859175,0.14906697005831007,0.00014212006759643553,0.14611577718547952,6.843887903567039
AdamW update,525,550502400,block04.q,0.048953402787446976,0.016836320981383324,0.00608033174648881,0.0018884068122133613,0.000419625110225752,65.75401553569773,0.07890481864283727,0.0001384873123168945,0.2839301676954733,3.5219927777189945
AdamW update,525,550502400,block04.k,0.04141261801123619,0.01615406945347786,0.00580238364636898,0.0019178757211193442,0.0005856059142388403,56.35219358296287,0.06762263229955544,0.00013524474334716794,0.21586642185538096,4.6324944445039575
AdamW update,525,550502400,block04.v,0.03926524892449379,0.013630109839141369,0.004760251380503178,0.0015353400958701968,0.0004627115267794579,52.47371374951035,0.06296845649941242,0.00013344956588745116,0.3504806641995515,2.853224449011643
AdamW update,525,550502400,block04.o,0.050109948962926865,0.020302789285779,0.008030864410102367,0.0032380688935518265,0.0011503134155645967,70.1383510632383,0.08416602127588596,8.22838954925537e-05,0.18825870883091866,5.31183925678643
AdamW update,525,550502400,block04.up,0.06757145375013351,0.029815740883350372,0.01512647420167923,0.009949102997779846,0.007483384571969509,141.97172500463364,0.17036607000556037,0.0003481099548339843,0.12060917062925469,8.291243483250039
AdamW update,525,550502400,block04.down,0.057554829865694046,0.035967081785202026,0.021382581442594528,0.013460403308272362,0.009838540107011795,120.2839850210867,0.14434078202530404,0.00015595456695556638,0.1850473054424242,5.404023569049704
AdamW update,525,550502400,block06.q,0.06498920172452927,0.027146438136696815,0.009121248498558998,0.003353397361934185,0.001201332313939929,73.25346198049603,0.08790415437659523,0.00018818775558471676,0.13364332700899073,7.48260330224139
AdamW update,525,550502400,block06.k,0.05181918293237686,0.019948890432715416,0.006410408765077591,0.0020475946366786957,0.0006755241192877293,58.93442981611211,0.07072131577933452,0.00016159067916870115,0.13156969917987738,7.600534212918096
AdamW update,525,550502400,block06.v,0.051270224153995514,0.021479444578289986,0.007431988138705492,0.002627615351229906,0.0008902996778488159,54.61879101352019,0.06554254921622422,0.00014400680923461914,0.23220923363361212,4.306460963468124
AdamW update,525,550502400,block06.o,0.061971236020326614,0.028654078021645546,0.011074087582528591,0.0043455008417367935,0.0016499224584549665,72.74296509316817,0.0872915581118018,0.00010492208862304686,0.1408732361378009,7.098580450170175
AdamW update,525,550502400,block06.up,0.07020421326160431,0.03839881345629692,0.01953590288758278,0.012216398492455482,0.009219834581017494,140.97184412548967,0.1691662129505876,0.0003651447143554687,0.10716279674034013,9.331596696034737
AdamW update,525,550502400,block06.down,0.06541965901851654,0.04072984680533409,0.024233227595686913,0.015806587412953377,0.01192199531942606,139.3314838606547,0.16719778063278565,0.0002182979049682617,0.0874482097618392,11.435339874005994
AdamW update,525,550502400,block08.q,0.06934813410043716,0.029021354392170906,0.00977054238319397,0.0035567970480769873,0.0012385733425617218,80.48678004221074,0.09658413605065289,0.00017948760223388669,0.09500232355127114,10.526058338565973
AdamW update,525,550502400,block08.k,0.06723260134458542,0.029226219281554222,0.010019964538514614,0.0035482021048665047,0.0011666467180475593,65.9442048052177,0.07913304576626122,0.00016684277343749997,0.06569059252434784,15.222879891505862
AdamW update,525,550502400,block08.v,0.05110626295208931,0.02123275026679039,0.007621091790497303,0.0027101319283246994,0.0009187013492919505,60.065407077108155,0.07207848849252978,0.00013952412414550779,0.2564206658821746,3.8998416783594987
AdamW update,525,550502400,block08.o,0.0604994036257267,0.026841556653380394,0.010487942025065422,0.004167509730905294,0.0015780618414282799,80.46182122923689,0.09655418547508426,0.00010146916580200194,0.154407195120009,6.476382135060325
AdamW update,525,550502400,block08.up,0.06513099372386932,0.040336184203624725,0.021473873406648636,0.01293974556028843,0.009561317972838879,130.95508318706126,0.1571460998244735,0.0003482391357421875,0.09582604722113164,10.43557601507202
AdamW update,525,550502400,block08.down,0.057199619710445404,0.03275090828537941,0.018824901431798935,0.01187719963490963,0.008779915049672127,116.85039902773298,0.14022047883327957,0.00018227871322631833,0.18675231427690253,5.354685985402429
AdamW update,550,576716800,block02.q,0.040743906050920486,0.011458269320428371,0.004614301025867462,0.001658333116210997,0.0004811996768694371,57.32462986650843,0.06878955583981011,0.00013587432861328125,0.18698853879703936,5.3479213562143375
AdamW update,550,576716800,block02.k,0.04137290269136429,0.013497290201485157,0.005248883739113808,0.0018855080706998706,0.0005993059603497386,49.90111428369532,0.05988133714043438,0.00013499829483032226,0.14362630032621926,6.9625131172264005
AdamW update,550,576716800,block02.v,0.03717561438679695,0.013686129823327065,0.00485510379076004,0.0015901644947007298,0.00046713429037481546,44.533780605355304,0.05344053672642636,0.00012704395294189453,0.28964142660612424,3.45254479553394
AdamW update,550,576716800,block02.o,0.05263403803110123,0.019982043653726578,0.00778220035135746,0.0031612215097993612,0.0010967775015160441,66.73352526786012,0.08008023032143213,6.882002449035643e-05,0.12431297931116436,8.044212322326599
AdamW update,550,576716800,block02.up,0.06433258950710297,0.021789535880088806,0.012641798704862595,0.008751099929213524,0.006711042020469904,130.42119755414097,0.15650543706496917,0.0003250374069213867,0.1400505892172612,7.140276992685084
AdamW update,550,576716800,block02.down,0.06532574445009232,0.04079350829124451,0.024314146488904953,0.015633421018719673,0.01168542355298996,120.70246570337262,0.14484295884404713,0.0001462437171936035,0.09796935043938504,10.207273963898674
AdamW update,550,576716800,block04.q,0.05050982907414436,0.018391335383057594,0.006532416213303804,0.002095587085932493,0.0004561165114864707,64.66674353907406,0.07760009224688887,0.0001390725860595703,0.19206779516071837,5.206494921041919
AdamW update,550,576716800,block04.k,0.04699404910206795,0.018953807651996613,0.006813050247728825,0.0021697557531297207,0.0006658424390479922,49.7652380899578,0.059718285707949355,0.0001356052551269531,0.16935094601759548,5.9048976313135
AdamW update,550,576716800,block04.v,0.04311757534742355,0.015566796064376831,0.00533757358789444,0.0016922791255638003,0.000497165194246918,47.0131508220084,0.05641578098641007,0.0001337665214538574,0.27740292776741526,3.604864620745591
AdamW update,550,576716800,block04.o,0.04833291098475456,0.019871383905410767,0.007966727949678898,0.0032247290946543217,0.001183843705803156,73.75234407172194,0.08850281288606632,8.365958976745604e-05,0.14424706038065338,6.932550288103628
AdamW update,550,576716800,block04.up,0.06829390674829483,0.03046778403222561,0.01558118499815464,0.010182821191847324,0.007605068851262331,142.79371662848894,0.17135245995418671,0.0003536116333007812,0.11652907274459778,8.581549448966669
AdamW update,550,576716800,block04.down,0.05898310989141464,0.037700947374105453,0.022445980459451675,0.014285072684288025,0.010318667627871037,116.78621012420633,0.14014345214904758,0.0001598257255554199,0.18848501525079442,5.305461543823099
AdamW update,550,576716800,block06.q,0.06603214144706726,0.02813955582678318,0.009558102115988731,0.003565998515114188,0.0012587833916768432,73.04486400017433,0.08765383680020919,0.00019156938171386716,0.09610277311418258,10.4055269956869
AdamW update,550,576716800,block06.k,0.0564565509557724,0.021286727860569954,0.006910389289259911,0.002210454549640417,0.0007273691007867455,57.81854761693428,0.06938225714032113,0.0001636639823913574,0.11601299810719468,8.619723792294476
AdamW update,550,576716800,block06.v,0.05452735349535942,0.022855663672089577,0.008073070086538792,0.0028763741720467806,0.0009382334537804127,53.249021071105815,0.06389882528532698,0.00014481631851196288,0.12785054516668026,7.821632662545851
AdamW update,550,576716800,block06.o,0.059078000485897064,0.027171453461050987,0.010979373939335346,0.0043850550428032875,0.0016461723716929555,75.7801383342053,0.09093616600104636,0.00010692629241943358,0.11578246458925268,8.636886453813002
AdamW update,550,576716800,block06.up,0.07084595412015915,0.0390588641166687,0.02006380818784237,0.012581941671669483,0.009476494044065475,140.3177731639569,0.16838132779674828,0.0003690837249755859,0.08355297665613737,11.968454506600096
AdamW update,550,576716800,block06.down,0.0659724548459053,0.04111046344041824,0.024595309048891068,0.015983333811163902,0.012081309221684933,136.85633673907694,0.1642276040868923,0.0002233072357177734,0.05026299202602247,19.89535361289821
AdamW update,550,576716800,block08.q,0.06574200093746185,0.029173273593187332,0.01004823762923479,0.0037236977368593216,0.0013334952527657151,84.29533256631652,0.10115439907957981,0.00018354072189331053,0.1533276498267675,6.521980876442175
AdamW update,550,576716800,block08.k,0.06854777783155441,0.030322402715682983,0.010567758232355118,0.0038355127908289433,0.0012631204444915056,66.49209271351855,0.07979051125622225,0.0001697379455566406,0.08536877027842138,11.713885496283991
AdamW update,550,576716800,block08.v,0.05109221115708351,0.02227926254272461,0.008107607252895832,0.0029094561468809843,0.0009687975980341434,59.997313318394916,0.0719967759820739,0.00014102315139770505,0.16055989524205927,6.228205359080517
AdamW update,550,576716800,block08.o,0.05615751072764397,0.026000749319791794,0.01029723696410656,0.00411986792460084,0.0015521328896284103,86.75759159674615,0.10410910991609537,0.0001053299446105957,0.13977339545380474,7.1544373430528925
AdamW update,550,576716800,block08.up,0.0647568479180336,0.039684977382421494,0.021686552092432976,0.013070078566670418,0.009557769633829594,136.38662698600575,0.16366395238320688,0.0003528545837402343,0.10253132030389,9.753117360003998
AdamW update,550,576716800,block08.down,0.05569632351398468,0.03252864629030228,0.018847176805138588,0.011999618262052536,0.00882813148200512,119.21519351619526,0.14305823221943428,0.00018736010742187497,0.1915419528420239,5.220788371228311
AdamW update,575,602931200,block02.q,0.043517086654901505,0.01205423939973116,0.004761760123074055,0.001636056462302804,0.0005096139502711594,53.849392390058284,0.06461927086806994,0.00013659958648681639,0.16275883077560138,6.144059865966465
AdamW update,575,602931200,block02.k,0.04378508776426315,0.01435726135969162,0.005442712921649218,0.0019428377272561193,0.0006339472602121532,45.92537235468754,0.05511044682562504,0.00013563209152221679,0.1449176668829475,6.900469911703156
AdamW update,575,602931200,block02.v,0.038318466395139694,0.014037258923053741,0.005002425983548164,0.0016627429286018014,0.0005201943567954004,42.115896420247644,0.050539075704297165,0.00012718334197998044,0.28115628993106156,3.556740630790071
AdamW update,575,602931200,block02.o,0.05603835731744766,0.020984623581171036,0.008116457611322403,0.0032440924551337957,0.0011420265072956681,63.20394916021692,0.0758447389922603,6.982539367675781e-05,0.11783969713622255,8.486104634535858
AdamW update,575,602931200,block02.up,0.06576115638017654,0.022938759997487068,0.012934603728353977,0.008941233158111572,0.006861681584268808,125.04832271384652,0.15005798725661582,0.00033025419616699214,0.11970712245138149,8.353721813053735
AdamW update,575,602931200,block02.down,0.06621652096509933,0.04224070906639099,0.025355897843837738,0.01634581945836544,0.012208935804665089,118.15758187949072,0.14178909825538885,0.00015043165969848632,0.09372772474934266,10.66920169751601
AdamW update,575,602931200,block04.q,0.05371621251106262,0.019562656059861183,0.006881621666252613,0.0021987410727888346,0.000489651458337903,63.30333783209727,0.07596400539851672,0.00014005125045776366,0.18279292713224127,5.470671188916142
AdamW update,575,602931200,block04.k,0.045895498245954514,0.018293892964720726,0.006573714315891266,0.0021659592166543007,0.0006496261921711266,53.78247977389478,0.06453897572867373,0.00013610639190673828,0.14896177267112254,6.713131712038616
AdamW update,575,602931200,block04.v,0.04489133879542351,0.01624273881316185,0.0055983467027544975,0.0017624309984967113,0.0005426688003353775,45.31889808025751,0.05438267769630901,0.00013421946716308592,0.19494878403500948,5.129552384488928
AdamW update,575,602931200,block04.o,0.05396514758467674,0.02197834476828575,0.00873522087931633,0.0034297050442546606,0.0012593995779752731,65.73875600480557,0.07888650720576668,8.530752182006834e-05,0.12614095275793957,7.927639502762975
AdamW update,575,602931200,block04.up,0.06930756568908691,0.03233762085437775,0.016172457486391068,0.010480611585080624,0.007792615797370672,138.21555657223502,0.165858667886682,0.0003591194686889648,0.1036022148694693,9.652303295445197
AdamW update,575,602931200,block04.down,0.05964122340083122,0.03915279731154442,0.02362881600856781,0.015040247701108456,0.010880153626203537,112.20868530680367,0.1346504223681644,0.00016360528564453124,0.18859337896622552,5.302413083012242
AdamW update,575,602931200,block06.q,0.0665891170501709,0.028765656054019928,0.009860552847385406,0.003605993464589119,0.0012773667695000768,72.48166638434273,0.08697799966121127,0.00019494992065429686,0.1071303116974045,9.334426309003518
AdamW update,575,602931200,block06.k,0.05689634382724762,0.022322174161672592,0.007319683209061623,0.0023595322854816914,0.000756302266381681,56.4474011643495,0.0677368813972194,0.0001658118438720703,0.09309066181938963,10.742216033871964
AdamW update,575,602931200,block06.v,0.05726192891597748,0.024431394413113594,0.008527609519660473,0.002954315859824419,0.0009625268867239356,49.66952608183396,0.05960343129820075,0.0001457038879394531,0.13700910294946667,7.298785106043881
AdamW update,575,602931200,block06.o,0.06499537825584412,0.03029768168926239,0.012036276049911976,0.004693689756095409,0.0017561366548761725,68.72206114585839,0.08246647337503006,0.00010905370330810545,0.0789987667304537,12.65842545886864
AdamW update,575,602931200,block06.up,0.07093563675880432,0.04054832458496094,0.021074051037430763,0.013110236264765263,0.009823628701269627,133.15232559712956,0.15978279071655546,0.000372883186340332,0.07685119874219026,13.012158773927018
AdamW update,575,602931200,block06.down,0.06687716394662857,0.04208540543913841,0.025109166279435158,0.01639387756586075,0.012380724772810936,130.41362322713758,0.15649634787256508,0.00022801007080078123,0.04802512534220349,20.82243394211864
AdamW update,575,602931200,block08.q,0.06988976895809174,0.03186948969960213,0.011039112694561481,0.003936538472771645,0.0013527553528547287,77.26810110142985,0.09272172132171581,0.00018703936386108396,0.07374660513086528,13.55994622702257
AdamW update,575,602931200,block08.k,0.07045208662748337,0.03191264346241951,0.011138099245727062,0.0039039752446115017,0.001331473235040903,63.70063023999222,0.07644075628799066,0.00017227577590942382,0.059546298604926884,16.793655078961695
AdamW update,575,602931200,block08.v,0.05625016614794731,0.023689670488238335,0.008616477251052856,0.002984527964144945,0.0010159724624827504,55.41526919667516,0.06649832303601019,0.0001426248779296875,0.18827629522079192,5.3113430919558855
AdamW update,575,602931200,block08.o,0.06192408874630928,0.028258565813302994,0.011129187420010567,0.0044674379751086235,0.001672863494604826,77.67442775804598,0.09320931330965516,0.0001092970733642578,0.08946334848983017,11.177761808386547
AdamW update,575,602931200,block08.up,0.06767494976520538,0.04141899198293686,0.0231490321457386,0.013925530016422272,0.010155761614441872,128.26921026435187,0.15392305231722223,0.00035759834289550776,0.0729195121229873,13.713750557098939
AdamW update,575,602931200,block08.down,0.057547010481357574,0.03353572636842728,0.019330710172653198,0.01222929172217846,0.008990928530693054,111.56769970372635,0.1338812396444716,0.00019229459381103515,0.23470298949865764,4.2607041441443565
AdamW update,600,629145600,block02.q,0.041277386248111725,0.011656884104013443,0.004685162100940943,0.0017030525486916304,0.0004947386914864182,60.32651981428417,0.072391823777141,0.0001374539451599121,0.23017130769302696,4.344590166441041
AdamW update,600,629145600,block02.k,0.039546843618154526,0.013313483446836472,0.005062568467110395,0.0018298152135685086,0.0006021418375894427,54.4625920544465,0.06535511046533579,0.00013633523941040037,0.15295076311809908,6.5380517207871796
AdamW update,600,629145600,block02.v,0.037412382662296295,0.013953475281596184,0.005051842425018549,0.0016940038185566664,0.0005135299288667738,44.69854646959354,0.05363825576351224,0.00012728738021850584,0.27451871047765053,3.6427389530573118
AdamW update,600,629145600,block02.o,0.05364357307553291,0.020840540528297424,0.008291886188089848,0.0033127025235444307,0.0011711344122886658,65.30371271516205,0.07836445525819445,7.07654800415039e-05,0.1003164345849008,9.968456356507268
AdamW update,600,629145600,block02.up,0.06403575837612152,0.023386918008327484,0.012945071794092655,0.00896688923239708,0.006886385381221771,130.5687023081386,0.1566824427697663,0.0003351864166259765,0.11737174996469069,8.519937721818351
AdamW update,600,629145600,block02.down,0.06467761844396591,0.04085522145032883,0.02504335157573223,0.016311774030327797,0.012254776433110237,123.88174934309554,0.14865809921171463,0.00015467704010009765,0.10015361750612684,9.984661811529929
AdamW update,600,629145600,block04.q,0.05480546876788139,0.020741820335388184,0.007304827682673931,0.002353580202907324,0.0005406223936006427,63.83514470520911,0.07660217364625092,0.00014086347198486327,0.20054622938177147,4.9863814596899845
AdamW update,600,629145600,block04.k,0.042570874094963074,0.017787380144000053,0.006478884257376194,0.002131048357114196,0.0006407163455151021,58.068385806846976,0.06968206296821637,0.0001365368499755859,0.2856883415406628,3.50031784498867
AdamW update,600,629145600,block04.v,0.041703131049871445,0.01581713929772377,0.005537513177841902,0.0017311912961304188,0.0005385272088460624,49.750999305224425,0.05970119916626931,0.00013461079788208005,0.30614441134975223,3.2664323205872865
AdamW update,600,629145600,block04.o,0.0478898249566555,0.020541850477457047,0.008291023783385754,0.0032872583251446486,0.0011891352478414774,74.34271226373748,0.08921125471648497,8.677672576904297e-05,0.18648432063265918,5.362381119267509
AdamW update,600,629145600,block04.up,0.0685071051120758,0.03309206664562225,0.016705919057130814,0.010768074542284012,0.008035041391849518,139.86713801448298,0.16784056561737956,0.0003642988586425781,0.10281428918873647,9.726274508053033
AdamW update,600,629145600,block04.down,0.05836105719208717,0.03828112781047821,0.023399414494633675,0.014918779022991657,0.01088329590857029,116.23220925257941,0.1394786511030953,0.0001673326950073242,0.18075311130170135,5.532408226881722
AdamW update,600,629145600,block06.q,0.06784729659557343,0.030111026018857956,0.01042536087334156,0.0037708310410380363,0.0013201351976022124,72.51826659831742,0.0870219199179809,0.00019830063629150388,0.11688898084492028,8.555126349563494
AdamW update,600,629145600,block06.k,0.05625617504119873,0.02206016331911087,0.007274636533111334,0.0023499091621488333,0.0007745299371890724,60.50606950296074,0.07260728340355288,0.00016793746948242185,0.127011176366417,7.873322872902779
AdamW update,600,629145600,block06.v,0.05532252788543701,0.0238519124686718,0.008666499517858028,0.0030168534722179174,0.0009922789176926017,52.055162739403656,0.06246619528728438,0.00014654160690307617,0.1556791295406903,6.423468598201708
AdamW update,600,629145600,block06.o,0.0600944347679615,0.029007909819483757,0.011883139610290527,0.004731304012238979,0.0017254924168810248,71.92835981819306,0.08631403178183167,0.00011097310638427733,0.09644889447646054,10.368185197229622
AdamW update,600,629145600,block06.up,0.06933140009641647,0.03999130427837372,0.021074680611491203,0.013190587051212788,0.009887672029435635,137.2762059173955,0.16473144710087456,0.0003764247436523437,0.08940514953087586,11.18503805706015
AdamW update,600,629145600,block06.down,0.06388833373785019,0.04063791036605835,0.02469630166888237,0.016128361225128174,0.012235410511493683,132.69596072198405,0.15923515286638085,0.00023241664123535154,0.07040189970170108,14.20416216376385
AdamW update,600,629145600,block08.q,0.06725539267063141,0.03193909302353859,0.011456280015408993,0.004117719829082489,0.0014527675230056047,78.17830221048212,0.09381396265257853,0.0001901087379455566,0.08112076323174566,12.327300190004397
AdamW update,600,629145600,block08.k,0.0674252063035965,0.031804151833057404,0.011452337726950645,0.004139222204685211,0.0013809874653816223,64.52041019443645,0.07742449223332373,0.00017450002670288083,0.07901515192612862,12.655800509437752
AdamW update,600,629145600,block08.v,0.052386850118637085,0.02306804619729519,0.008605798706412315,0.0031178577337414026,0.0010273180669173598,59.01047434678372,0.07081256921614046,0.0001441569900512695,0.16053723056541092,6.229084658293952
AdamW update,600,629145600,block08.o,0.05721936747431755,0.026708558201789856,0.010823700577020645,0.004345498979091644,0.001640666276216507,83.97726462678548,0.10077271755214257,0.0001130290832519531,0.11499625031150629,8.695935713479017
AdamW update,600,629145600,block08.up,0.0638895332813263,0.039584264159202576,0.022688593715429306,0.013849313370883465,0.010189671069383621,136.05542043856033,0.1632665045262724,0.0003621557464599609,0.09674272011039875,10.336695090429975
AdamW update,600,629145600,block08.down,0.05341622233390808,0.03148442879319191,0.01852017641067505,0.011815722100436687,0.008787741884589195,120.32364381685038,0.14438837258022044,0.00019718449401855468,0.2791372792229687,3.5824666729706927
AdamW update,625,655360000,block02.q,0.04107348248362541,0.012850222177803516,0.00516199367120862,0.0018632386345416307,0.0005229436210356653,63.235268674117556,0.07588232240894106,0.0001383273582458496,0.19513639213099143,5.124620728504187
AdamW update,625,655360000,block02.k,0.04006274417042732,0.014005041681230068,0.005713938735425472,0.002080534351989627,0.0006666223634965718,56.62168615347762,0.06794602338417313,0.00013707434463500976,0.1755464400582838,5.696498315021293
AdamW update,625,655360000,block02.v,0.033351678401231766,0.0126368198543787,0.004810753278434277,0.0016132284654304385,0.0004795692511834204,55.72950065350245,0.06687540078420293,0.0001274072341918945,0.37411148134607686,2.673000027697457
AdamW update,625,655360000,block02.o,0.0459015779197216,0.018237868323922157,0.007791775744408369,0.003197783138602972,0.0011549056507647038,78.70735247351898,0.09444882296822277,7.16586971282959e-05,0.18520248684091545,5.399495530850924
AdamW update,625,655360000,block02.up,0.06315949559211731,0.023444248363375664,0.013112627901136875,0.00914114061743021,0.007056059781461954,140.3573434432763,0.16842881213193156,0.00034000998687744137,0.14527691831120038,6.883405923147967
AdamW update,625,655360000,block02.down,0.06271842122077942,0.0391663983464241,0.023912591859698296,0.015698930248618126,0.011798114515841007,131.79910414978633,0.15815892497974357,0.00015901089477539062,0.13591722949524954,7.357418950589713
AdamW update,625,655360000,block04.q,0.047469362616539,0.018687887117266655,0.00693241972476244,0.0022852348629385233,0.000514043727889657,74.92653397313063,0.08991184076775675,0.00014155115890502929,0.18739898822733725,5.336208105813683
AdamW update,625,655360000,block04.k,0.03875144571065903,0.015977291390299797,0.005935368128120899,0.001976781990379095,0.0006194704328663647,67.9526050835091,0.08154312610021092,0.00013697329330444335,0.2944415133767144,3.39626022340328
AdamW update,625,655360000,block04.v,0.037811484187841415,0.014406461268663406,0.005294399801641703,0.0017149944324046373,0.0005235842545516789,61.43451666970937,0.07372142000365123,0.00013507578277587888,0.29928463554614737,3.3413008261354857
AdamW update,625,655360000,block04.o,0.03907829895615578,0.016930492594838142,0.0074060773476958275,0.0030344906263053417,0.001093752682209015,92.22044154287758,0.11066452985145309,8.83531379699707e-05,0.23429803182679976,4.268068289789265
AdamW update,625,655360000,block04.up,0.06676513701677322,0.03214770928025246,0.016503985971212387,0.010771908797323704,0.00807533785700798,151.68654314978815,0.18202385177974575,0.0003693495712280273,0.11565004356179998,8.646775817819986
AdamW update,625,655360000,block04.down,0.05558236688375473,0.035823944956064224,0.021645450964570045,0.013907377608120441,0.010221139527857304,126.78924575512902,0.1521470949061548,0.0001710819396972656,0.1900652487355723,5.261351071027439
AdamW update,625,655360000,block06.q,0.06303717941045761,0.02824416384100914,0.01009200606495142,0.0037815941032022238,0.0013460421469062567,78.6536140971379,0.09438433691656548,0.00020163945007324217,0.12167279412109622,8.218764163537978
AdamW update,625,655360000,block06.k,0.052220892161130905,0.02126144804060459,0.007307430729269981,0.0023411826696246862,0.0007718066335655749,66.2169309138117,0.07946031709657403,0.00017009664916992184,0.09598466297058295,10.418331106777721
AdamW update,625,655360000,block06.v,0.04709397256374359,0.0207714531570673,0.007943804375827312,0.0028919512405991554,0.0009735170169733465,64.78496425405457,0.07774195710486548,0.00014746600341796872,0.23650747951116902,4.228196089471983
AdamW update,625,655360000,block06.o,0.051514554768800735,0.024344274774193764,0.010557540692389011,0.004386856220662594,0.0016448033275082707,86.86934966004777,0.10424321959205732,0.0001129185333251953,0.20064489656375883,4.983929405262647
AdamW update,625,655360000,block06.up,0.06605413556098938,0.03819180652499199,0.020586244761943817,0.013107317499816418,0.009847822599112988,145.46900507051208,0.1745628060846145,0.0003797887802124023,0.10872596353934316,9.197435161272622
AdamW update,625,655360000,block06.down,0.06224159151315689,0.038139648735523224,0.022971395403146744,0.01508742943406105,0.01136389933526516,140.12803061291532,0.16815363673549838,0.00023653024291992185,0.08575156758310243,11.661594396287779
AdamW update,625,655360000,block08.q,0.05771763622760773,0.02822190709412098,0.010607708245515823,0.004008880350738764,0.0013318985002115369,90.54433582697585,0.10865320299237101,0.00019284489440917965,0.18635726603042713,5.366037081895841
AdamW update,625,655360000,block08.k,0.05871611833572388,0.028084110468626022,0.01069733127951622,0.0038963269907981157,0.0012969732051715255,78.39410058624001,0.09407292070348801,0.00017654978942871092,0.13955540968260038,7.165612585526872
AdamW update,625,655360000,block08.v,0.041152842342853546,0.018860941752791405,0.0074072969146072865,0.0027626086957752705,0.0009065333870239556,78.20031380931991,0.09384037657118388,0.00014582086944580077,0.26327286209983924,3.798340596231968
AdamW update,625,655360000,block08.o,0.04360733553767204,0.020857352763414383,0.009007769636809826,0.003754302626475692,0.0014414334436878562,106.09278623489242,0.1273113434818709,0.00011692971038818359,0.226060107707454,4.423602245178557
AdamW update,625,655360000,block08.up,0.05722373351454735,0.03529924154281616,0.0206320658326149,0.01301852148026228,0.009682567790150642,152.23647580929816,0.18268377097115776,0.0003667164916992187,0.1669156059971364,5.991051549830254
AdamW update,625,655360000,block08.down,0.04622526839375496,0.026298120617866516,0.015529071912169456,0.009897389449179173,0.007333503570407629,132.2378707350679,0.15868544488208147,0.0002019938049316406,0.37384050928352863,2.6749375072180275
AdamW update,650,681574400,block02.q,0.0456506609916687,0.013695838861167431,0.005575069226324558,0.001976305851712823,0.0005786842666566372,58.9901077712225,0.07078812932546699,0.0001392220230102539,0.16132907598667945,6.198510676913364
AdamW update,650,681574400,block02.k,0.04315752163529396,0.01521080918610096,0.006081414874643087,0.00216779881156981,0.0007031642599031329,53.654035008385485,0.06438484201006257,0.000137808780670166,0.129817145534191,7.703142723444199
AdamW update,650,681574400,block02.v,0.033479955047369,0.012781788595020771,0.004785794764757156,0.0016181666869670153,0.00048708502436056733,53.919120601325865,0.06470294472159104,0.0001275794334411621,0.36268845420085327,2.75718730060872
AdamW update,650,681574400,block02.o,0.05093882605433464,0.020201250910758972,0.00815976969897747,0.0033014616928994656,0.0011902430560439825,69.75776247835476,0.08370931497402571,7.272953224182128e-05,0.15656861388260168,6.386976132712142
AdamW update,650,681574400,block02.up,0.06622692197561264,0.024361278861761093,0.0132737522944808,0.009243296459317207,0.007151491474360228,137.52609019471203,0.16503130823365442,0.0003448624877929687,0.13101285812499786,7.632838595475198
AdamW update,650,681574400,block02.down,0.06378142535686493,0.04086035490036011,0.025132084265351295,0.01659797504544258,0.01260602567344904,129.98047715259676,0.1559765725831161,0.0001633018112182617,0.1332084078829121,7.507033646697307
AdamW update,650,681574400,block04.q,0.05574283376336098,0.021548127755522728,0.007736294064670801,0.002430750522762537,0.000569535477552563,67.81449859683043,0.08137739831619652,0.00014237755966186523,0.17838014290926996,5.60600515108138
AdamW update,650,681574400,block04.k,0.042020928114652634,0.01810573786497116,0.00664972560480237,0.0021932360250502825,0.0006866988842375576,62.73088951846646,0.07527706742215975,0.00013748372268676756,0.24067595161660904,4.154964354697871
AdamW update,650,681574400,block04.v,0.03886496275663376,0.0151661466807127,0.005394623149186373,0.001750224269926548,0.0005469378083944321,56.9078664370446,0.06828943972445352,0.00013559977340698242,0.3055271498147363,3.2730315476263696
AdamW update,650,681574400,block04.o,0.04221488907933235,0.018425649031996727,0.007815549150109291,0.0032161306589841843,0.0011415340704843402,83.8241790270424,0.10058901483245088,9.007684135437011e-05,0.3533624369737396,2.829955579218274
AdamW update,650,681574400,block04.up,0.06764781475067139,0.033266473561525345,0.017087053507566452,0.011128288693726063,0.008290756493806839,147.99185958101268,0.1775902314972152,0.00037446311187744135,0.11238110628974951,8.89829289828954
AdamW update,650,681574400,block04.down,0.05523701384663582,0.0368766188621521,0.02264336869120598,0.014659412205219269,0.010740847326815128,125.19925799589545,0.15023910959507453,0.0001748920783996582,0.20152363793393224,4.962197041757658
AdamW update,650,681574400,block06.q,0.06538499891757965,0.02970288135111332,0.010707290843129158,0.0038597185630351305,0.0014162783045321703,78.56387223260094,0.09427664667912113,0.0002050534744262695,0.11920057422418395,8.389221331428079
AdamW update,650,681574400,block06.k,0.05757363885641098,0.023367315530776978,0.007932394742965698,0.0025929221883416176,0.0008580111898481846,62.964816665854954,0.07555777999902594,0.0001723237266540527,0.12437098867189267,8.040460325021087
AdamW update,650,681574400,block06.v,0.050425902009010315,0.022630609571933746,0.00848353747278452,0.0030173801351338625,0.000990380416624248,59.611358352972736,0.07153363002356727,0.00014846086120605468,0.22386470399336478,4.466983772616693
AdamW update,650,681574400,block06.o,0.05542851239442825,0.026858827099204063,0.011499440297484398,0.0045969318598508835,0.0017468581208959222,79.09451054507929,0.09491341265409514,0.00011499818801879881,0.21341529096920997,4.685699864609386
AdamW update,650,681574400,block06.up,0.06668534129858017,0.038488030433654785,0.021188339218497276,0.013446127064526081,0.010095635429024696,142.78336343631028,0.17134003612357232,0.0003832821807861328,0.09961805701550475,10.03834073820932
AdamW update,650,681574400,block06.down,0.06044141948223114,0.03781955689191818,0.023175904527306557,0.015357219614088535,0.01162739098072052,139.4385892145711,0.1673263070574853,0.00024070287322998043,0.14054789706236548,7.115012183755897
AdamW update,650,681574400,block08.q,0.06620734184980392,0.03133929520845413,0.012015525251626968,0.004354486241936684,0.0014986364403739572,81.29887658654445,0.09755865190385334,0.0001952460479736328,0.09129221592218428,10.953836424042775
AdamW update,650,681574400,block08.k,0.06600439548492432,0.03209298104047775,0.011768310330808163,0.0041119675152003765,0.0013794973492622375,69.63568155461068,0.08356281786553281,0.0001784017639160156,0.08178618890048028,12.22700328067405
AdamW update,650,681574400,block08.v,0.04366898164153099,0.020123030990362167,0.007882309146225452,0.002797518391162157,0.0009306099964305758,71.33108389131922,0.08559730066958306,0.0001474331359863281,0.3031163765435885,3.299062925609362
AdamW update,650,681574400,block08.o,0.04962935671210289,0.023927753791213036,0.01006928738206625,0.004093473311513662,0.0015445558819919825,94.93543835957469,0.11392252603148961,0.00012057714843749998,0.31293291928963995,3.1955730393274298
AdamW update,650,681574400,block08.up,0.05987269803881645,0.037445202469825745,0.021920891478657722,0.013749183155596256,0.010110280476510525,147.67565341269687,0.17721078409523625,0.00037115373229980466,0.12750796576828893,7.842647272855315
AdamW update,650,681574400,block08.down,0.04885203391313553,0.0285307839512825,0.016899850219488144,0.010932160541415215,0.008079894818365574,131.45707697308666,0.15774849236770397,0.00020678963470458983,0.3520384681849329,2.840598657174817
AdamW update,675,707788800,block02.q,0.0466819703578949,0.013898653909564018,0.005694048013538122,0.0019733086228370667,0.0005722642526961863,58.65243153283849,0.07038291783940619,0.00013999606704711914,0.18289528336323801,5.467609561116764
AdamW update,675,707788800,block02.k,0.04522876441478729,0.015460778959095478,0.006120421923696995,0.0022043290082365274,0.0007101656519807875,52.80628323092848,0.06336753987711417,0.0001384133605957031,0.14104422832847163,7.089974626052364
AdamW update,675,707788800,block02.v,0.037528105080127716,0.014120405539870262,0.005390675738453865,0.0018308444414287806,0.0005640672752633691,48.98118965807088,0.05877742758968505,0.00012772535705566403,0.2630739864349749,3.8012120223341586
AdamW update,675,707788800,block02.o,0.05154954642057419,0.020348606631159782,0.008481125347316265,0.003420845605432987,0.001216810429468751,69.17117136716743,0.08300540564060091,7.374433708190917e-05,0.13282046278824655,7.528960365047691
AdamW update,675,707788800,block02.up,0.0647054985165596,0.02519422583281994,0.013355436734855175,0.00926218181848526,0.007157342974096537,140.55644440977662,0.16866773329173193,0.0003494650726318359,0.12049307160238243,8.29923236831343
AdamW update,675,707788800,block02.down,0.06360916048288345,0.04116925597190857,0.02550794929265976,0.016831049695611,0.01278699841350317,132.78925794310882,0.15934710953173056,0.00016762037658691405,0.11731390641307371,8.524138617282954
AdamW update,675,707788800,block04.q,0.05491248890757561,0.021305181086063385,0.007737490348517895,0.002577261533588171,0.0006026981864124537,70.6413225204292,0.08476958702451504,0.00014320093917846678,0.25380198294909917,3.9400795390970345
AdamW update,675,707788800,block04.k,0.04794932156801224,0.02006359212100506,0.0074366312474012375,0.002474794164299965,0.0007776106940582395,57.38989321609603,0.06886787185931523,0.00013798984909057615,0.17630269544060084,5.672063024906592
AdamW update,675,707788800,block04.v,0.04376329481601715,0.016546892002224922,0.006013056728988886,0.0019587108399719,0.0005964087322354317,54.20548553138526,0.0650465826376623,0.00013609101104736327,0.19041494070393128,5.251688739881293
AdamW update,675,707788800,block04.o,0.046953678131103516,0.020398994907736778,0.008564849384129047,0.0035091496538370848,0.0012710419250652194,77.35188684380057,0.09282226421256068,9.158186531066893e-05,0.17909550004458286,5.583613210555634
AdamW update,675,707788800,block04.up,0.06767068058252335,0.033685352653265,0.0173945352435112,0.011297477409243584,0.008476163260638714,149.626940123275,0.17955232814792998,0.00037928427886962886,0.10062559924535108,9.937829016667447
AdamW update,675,707788800,block04.down,0.05701358616352081,0.03783892095088959,0.02352595143020153,0.015198237262666225,0.01117565669119358,124.6347363659019,0.14956168363908226,0.00017866226577758788,0.1912125988110489,5.229780915159115
AdamW update,675,707788800,block06.q,0.0665777400135994,0.031076086685061455,0.011158810928463936,0.004170196130871773,0.001466526766307652,78.86703215513528,0.09464043858616232,0.00020840013885498043,0.12422239828626758,8.050078035810609
AdamW update,675,707788800,block06.k,0.05746059864759445,0.023763420060276985,0.008139965124428272,0.00266275298781693,0.0008684929925948381,64.5348914138313,0.07744186969659755,0.00017458496475219725,0.11165975871641454,8.955777905088693
AdamW update,675,707788800,block06.v,0.05284850671887398,0.023293063044548035,0.008927293121814728,0.0032012362498790026,0.0010465920204296708,58.87691211352788,0.07065229453623345,0.00014939322280883786,0.18036864025470223,5.5442010240132635
AdamW update,675,707788800,block06.o,0.057493019849061966,0.027845529839396477,0.012040778994560242,0.004818071611225605,0.0017816309118643403,77.34259865418834,0.092811118385026,0.00011690275955200194,0.17874981399495482,5.594411415881108
AdamW update,675,707788800,block06.up,0.06724388897418976,0.0402759350836277,0.021975811570882797,0.013807317242026329,0.010392631404101849,139.23252539134043,0.1670790304696085,0.000386574234008789,0.07494686603594403,13.342786068204727
AdamW update,675,707788800,block06.down,0.0631219670176506,0.03979184478521347,0.02434246614575386,0.01601719856262207,0.012146023102104664,133.1318160016302,0.15975817920195623,0.00024463863372802734,0.0696096531528676,14.36582362799497
AdamW update,675,707788800,block08.q,0.06549768894910812,0.03217608109116554,0.012350709177553654,0.004507705103605986,0.0015174064319580793,81.57849379538617,0.0978941925544634,0.00019759421539306639,0.09700413128531071,10.308839291171813
AdamW update,675,707788800,block08.k,0.0643259584903717,0.031863994896411896,0.011774871498346329,0.0041327401995658875,0.0013866497902199626,71.52309626114008,0.0858277155133681,0.00018020594787597653,0.14559631039685517,6.868305915680674
AdamW update,675,707788800,block08.v,0.050728388130664825,0.022605188190937042,0.008954503573477268,0.0032566494774073362,0.0010817543370649219,62.77011106442675,0.07532413327731209,0.00014907992935180663,0.19940954792879584,5.014805010024269
AdamW update,675,707788800,block08.o,0.05200541764497757,0.02504752017557621,0.010552426800131798,0.004323005210608244,0.0016507561085745692,89.7326256288341,0.10767915075460091,0.00012413821792602538,0.2298245399963159,4.351145443458867
AdamW update,675,707788800,block08.up,0.06241203472018242,0.038808852434158325,0.022961458191275597,0.01429582666605711,0.010506264865398407,142.39557725103847,0.17087469270124617,0.0003753345336914062,0.0874332811151568,11.43729238163804
AdamW update,675,707788800,block08.down,0.05242907628417015,0.03105788864195347,0.01853574812412262,0.01195844542235136,0.008924231864511967,123.46485407069308,0.14815782488483167,0.00021162121582031247,0.21472517564156934,4.657115762099797
AdamW update,700,734003200,block02.q,0.046477656811475754,0.013823432847857475,0.005446652881801128,0.0019633001647889614,0.0005636756541207433,63.04876901619082,0.07565852281942897,0.00014086620712280273,0.15902559790539872,6.288295803766641
AdamW update,700,734003200,block02.k,0.044961102306842804,0.015599129721522331,0.0060419365763664246,0.0022137679625302553,0.0007351537351496518,55.38511638899119,0.06646213966678943,0.00013914856338500975,0.1569946799985269,6.369642589222661
AdamW update,700,734003200,block02.v,0.041858505457639694,0.014962260611355305,0.005575984716415405,0.001890949672088027,0.0005766894319094718,46.684010464998224,0.056020812557997866,0.00012790491485595702,0.29034487977129686,3.444179903526092
AdamW update,700,734003200,block02.o,0.05625452846288681,0.022121019661426544,0.00895929615944624,0.003638973692432046,0.001260683173313737,65.19864928020591,0.0782383791362471,7.496526718139647e-05,0.10653718169323056,9.386394347087752
AdamW update,700,734003200,block02.up,0.06838779896497726,0.026491940021514893,0.013550798408687115,0.009372723288834095,0.007251303642988205,138.4966381361359,0.1661959657633631,0.00035398802947998043,0.11268330864390919,8.87442880435915
AdamW update,700,734003200,block02.down,0.06557492911815643,0.04285126179456711,0.026852935552597046,0.017775651067495346,0.013392122462391853,131.10987553861523,0.15733185064633826,0.00017212486267089843,0.1109027978883157,9.016905064983543
AdamW update,700,734003200,block04.q,0.058915864676237106,0.023984922096133232,0.008406830951571465,0.002755231922492385,0.000665241212118417,68.14490986204243,0.0817738918344509,0.00014407656097412109,0.13074687405765317,7.64836641187343
AdamW update,700,734003200,block04.k,0.051544804126024246,0.02188909240067005,0.008178920485079288,0.0027131380047649145,0.0008258328889496624,54.15183289071997,0.06498219946886397,0.00013853338623046873,0.12528469100934192,7.98182117817918
AdamW update,700,734003200,block04.v,0.04893418774008751,0.018063625320792198,0.006376070901751518,0.002075043972581625,0.0006384395528584719,49.263076880586055,0.05911569225670326,0.0001366899948120117,0.1948935743712923,5.131005489667388
AdamW update,700,734003200,block04.o,0.05240558832883835,0.022005224600434303,0.008910869248211384,0.003615699242800474,0.0013586768181994557,74.07592469243731,0.08889110963092477,9.325445365905761e-05,0.16329452250918397,6.123904125098613
AdamW update,700,734003200,block04.up,0.07087144255638123,0.03629644960165024,0.018182821571826935,0.011619145050644875,0.008624250069260597,144.23141053830955,0.17307769264597145,0.000384040054321289,0.09066197319242875,11.029982745660236
AdamW update,700,734003200,block04.down,0.05974924564361572,0.03980790823698044,0.02494111843407154,0.0162153672426939,0.011847840622067451,121.79417994759358,0.14615301593711227,0.0001827405738830566,0.14361279241917746,6.9631679960737545
AdamW update,700,734003200,block06.q,0.06802073866128922,0.03173335641622543,0.011732220649719238,0.0042643072083592415,0.0015091082314029336,78.13488472312656,0.09376186166775187,0.0002119525680541992,0.08940937344272815,11.184509649209852
AdamW update,700,734003200,block06.k,0.060953088104724884,0.02546919696033001,0.008789436891674995,0.002903779735788703,0.0009630665299482644,63.33535993229641,0.07600243191875569,0.00017697068023681637,0.0935297478801198,10.691785476442568
AdamW update,700,734003200,block06.v,0.059768836945295334,0.026963692158460617,0.009965786710381508,0.0034656175412237644,0.0011095881927758455,54.26563071412631,0.06511875685695157,0.00015036060333251951,0.13588785128746395,7.359009584194175
AdamW update,700,734003200,block06.o,0.06448732316493988,0.0311849657446146,0.01314142718911171,0.005254797171801329,0.001970275305211544,73.48372224410451,0.08818046669292541,0.00011886902618408202,0.09458427917622547,10.572581497786137
AdamW update,700,734003200,block06.up,0.06891930848360062,0.04139210283756256,0.022404896095395088,0.014126203022897243,0.010554800741374493,138.3081712206163,0.16596980546473952,0.0003899215393066406,0.08089176038106416,12.362198514276475
AdamW update,700,734003200,block06.down,0.06511084735393524,0.04085955768823624,0.025300871580839157,0.01665390655398369,0.012600419111549854,131.72827583507802,0.1580739310020936,0.00024863241577148434,0.07201945101107388,13.88513777821269
AdamW update,700,734003200,block08.q,0.06547459214925766,0.03232573717832565,0.012469876557588577,0.0045212432742118835,0.0015589933609589934,81.07347012603326,0.0972881641512399,0.00019983480834960936,0.09158650866286067,10.918638723101703
AdamW update,700,734003200,block08.k,0.06561560928821564,0.03225275129079819,0.012088810093700886,0.004251269623637199,0.0014060373650863767,69.96465076771133,0.08395758092125359,0.00018199950027465817,0.08730569057219384,11.4540071036159
AdamW update,700,734003200,block08.v,0.05442234128713608,0.024825936183333397,0.009553578682243824,0.003469525370746851,0.0011692590778693557,60.27480078408005,0.07232976094089605,0.000150848030090332,0.15306969427720052,6.5329718251678015
AdamW update,700,734003200,block08.o,0.058722056448459625,0.02831653505563736,0.011766116134822369,0.004766668193042278,0.001763383625075221,82.0119867146841,0.09841438405762092,0.00012790292358398435,0.11847051145793674,8.44091907508184
AdamW update,700,734003200,block08.up,0.06637738645076752,0.04105166345834732,0.02416148968040943,0.014950855635106564,0.010883537121117115,141.92186103849977,0.1703062332461997,0.00037965373992919916,0.10023040509885561,9.977012454591163
AdamW update,700,734003200,block08.down,0.05567546188831329,0.03297821432352066,0.01962636224925518,0.012659869156777859,0.009432016871869564,125.76741743817146,0.15092090092580573,0.00021672589874267576,0.2603863000549609,3.8404478261295836
AdamW update,725,760217600,block02.q,0.04827504605054855,0.014997292309999466,0.005849365144968033,0.002082981402054429,0.000606124522164464,62.687866510291585,0.0752254398123499,0.00014182840347290037,0.16262398174110704,6.149154566833647
AdamW update,725,760217600,block02.k,0.04761015996336937,0.016607996076345444,0.006520094815641642,0.0023737538140267134,0.0007520823273807764,54.8757366296855,0.0658508839556226,0.00013992784881591795,0.1426959026053396,7.007909699872354
AdamW update,725,760217600,block02.v,0.04092951491475105,0.014840363524854183,0.005492374766618013,0.0018811849877238274,0.0005982198053970933,48.2200428698008,0.05786405144376095,0.00012800253295898437,0.27128193133103196,3.6862020079757887
AdamW update,725,760217600,block02.o,0.05767225846648216,0.023104166612029076,0.009235488250851631,0.003720252774655819,0.0013152019819244742,67.00080358169599,0.08040096429803519,7.582882690429686e-05,0.12780788139625443,7.824243615302634
AdamW update,725,760217600,block02.up,0.06798135489225388,0.02717089094221592,0.01357199251651764,0.009403493255376816,0.007314640562981367,141.49231934368584,0.169790783212423,0.00035823090362548826,0.11461680970774069,8.724723734240046
AdamW update,725,760217600,block02.down,0.06446492671966553,0.04263799265027046,0.026983991265296936,0.018023520708084106,0.013722703792154789,135.37981681778564,0.16245578018134274,0.00017643421554565427,0.12116027374189375,8.253530378532222
AdamW update,725,760217600,block04.q,0.059179384261369705,0.02427532523870468,0.008803864009678364,0.002881782129406929,0.0006713579641655087,69.15752087090885,0.08298902504509062,0.00014491463470458983,0.17891866957173708,5.589131656263809
AdamW update,725,760217600,block04.k,0.048225726932287216,0.02100514993071556,0.0077749895863235,0.002599433297291398,0.0007807497167959809,59.29349615849068,0.07115219539018881,0.00013905594635009764,0.22906859618616693,4.36550455474607
AdamW update,725,760217600,block04.v,0.044439997524023056,0.017211060971021652,0.0061081028543412685,0.001994978403672576,0.0005973874940536916,53.7688083594508,0.06452257003134096,0.00013722814178466794,0.2811076205379237,3.5573564248682183
AdamW update,725,760217600,block04.o,0.05126431584358215,0.02295936457812786,0.00935390219092369,0.003720978507772088,0.0013353957328945398,76.02153063657701,0.09122583676389241,9.468042182922362e-05,0.19113957491217448,5.231778926260999
AdamW update,725,760217600,block04.up,0.06993810832500458,0.03620125725865364,0.018528452143073082,0.011838005855679512,0.008786329068243504,150.24126964148937,0.18028952356978722,0.00038860798645019525,0.09752278123050928,10.254014368564352
AdamW update,725,760217600,block04.down,0.056101422756910324,0.03813924640417099,0.02436092123389244,0.015979740768671036,0.011716173961758614,130.29506551659063,0.15635407861990874,0.0001866162300109863,0.1839404369998512,5.436542482503774
AdamW update,725,760217600,block06.q,0.06805150210857391,0.03272245451807976,0.012099065817892551,0.004369192291051149,0.0015198778128251433,79.79379380636851,0.0957525525676422,0.00021534851074218747,0.07160141823576627,13.966203807684929
AdamW update,725,760217600,block06.k,0.06083297356963158,0.02584966830909252,0.008724923245608807,0.0029256429988890886,0.000965250888839364,66.3658431201057,0.07963901174412683,0.00017932592010498044,0.10103261600417657,9.897793797189822
AdamW update,725,760217600,block06.v,0.05642369017004967,0.02572489343583584,0.009548738598823547,0.0033706515096127987,0.0011180713772773743,59.12435264154197,0.07094922316985036,0.00015139219665527342,0.21067959683794957,4.746544112523528
AdamW update,725,760217600,block06.o,0.062402427196502686,0.031555455178022385,0.013600420206785202,0.005380617454648018,0.0020471597090363503,75.57685792916905,0.09069222951500286,0.00012084272003173827,0.14547454498753964,6.874054839529852
AdamW update,725,760217600,block06.up,0.06720396876335144,0.04038124158978462,0.022493042051792145,0.014207403175532818,0.01059225108474493,144.93601941041686,0.1739232232925002,0.00039298974609374993,0.08710376599312042,11.48055986556289
AdamW update,725,760217600,block06.down,0.06060830503702164,0.039451733231544495,0.024561787024140358,0.016251903027296066,0.012391582131385803,139.05662992289697,0.16686795590747636,0.0002524172286987304,0.12040213538989519,8.305500535864462
AdamW update,725,760217600,block08.q,0.0662294253706932,0.033658575266599655,0.013314560987055302,0.004772271029651165,0.001607248792424798,82.9101705312988,0.09949220463755855,0.00020171379089355465,0.09304078476626287,10.747974692090148
AdamW update,725,760217600,block08.k,0.06680740416049957,0.033210549503564835,0.012663982808589935,0.004344411194324493,0.0014477812219411135,72.48937980545445,0.08698725576654533,0.0001835382270812988,0.08977519977415582,11.138933720177324
AdamW update,725,760217600,block08.v,0.05033765360713005,0.02311519905924797,0.009064690209925175,0.0032719182781875134,0.0011252424446865916,67.32324607570965,0.08078789529085156,0.00015266458511352537,0.2834758583432553,3.527637259286891
AdamW update,725,760217600,block08.o,0.05845426023006439,0.0283005740493536,0.01184008177369833,0.004739852622151375,0.0017736231675371528,88.07867158936739,0.10569440590724086,0.00013164204025268553,0.2509198886596984,3.985335739392967
AdamW update,725,760217600,block08.up,0.0622016116976738,0.03944386541843414,0.023915575817227364,0.01508243940770626,0.011027608998119831,147.95302445451156,0.17754362934541387,0.00038378137207031247,0.165730209396032,6.033902953748048
AdamW update,725,760217600,block08.down,0.052668891847133636,0.03141356259584427,0.019087206572294235,0.012370745651423931,0.009169739671051502,132.55638827092275,0.1590676659251073,0.00022157741546630856,0.3034367446908881,3.295579778970747
AdamW update,750,786432000,block02.q,0.05370897054672241,0.015843315050005913,0.0061707147397100925,0.0022473162971436977,0.000649882887955755,57.735308088075165,0.0692823697056902,0.00014268256759643552,0.11972337348751783,8.352587893827252
AdamW update,750,786432000,block02.k,0.04946136847138405,0.017292995005846024,0.0066815889440476894,0.002457231981679797,0.0008107414469122887,54.16955329314265,0.06500346395177117,0.00014064353942871093,0.1105208640463653,9.048065346109524
AdamW update,750,786432000,block02.v,0.04291066527366638,0.0158699844032526,0.005836331285536289,0.0019691972993314266,0.000606920279096812,45.9103014645819,0.05509236175749827,0.0001281177749633789,0.24253180470668045,4.123170572244768
AdamW update,750,786432000,block02.o,0.05975880101323128,0.024353092536330223,0.009485066868364811,0.0038383458741009235,0.0013633323833346367,65.54527680020968,0.07865433216025161,7.65662899017334e-05,0.08561485063387408,11.680216604902226
AdamW update,750,786432000,block02.up,0.07001081109046936,0.0280101727694273,0.013742814771831036,0.009526556357741356,0.00735721318051219,142.03474071125933,0.1704416888535112,0.0003623191680908203,0.109269085253346,9.151719332887692
AdamW update,750,786432000,block02.down,0.06480808556079865,0.043619830161333084,0.027818329632282257,0.018673110753297806,0.014250724576413631,134.02626101704953,0.16083151322045944,0.00018065772628784177,0.10243347212573273,9.76243389243452
AdamW update,750,786432000,block04.q,0.05701588839292526,0.024326177313923836,0.00878401193767786,0.0029027904383838177,0.0007274582167156041,71.61472811663015,0.08593767373995617,0.00014588683319091794,0.19740966313632757,5.065608157739563
AdamW update,750,786432000,block04.k,0.049931880086660385,0.02210117131471634,0.008088095113635063,0.0026573657523840666,0.0008377825142815709,58.395101477086236,0.07007412177250348,0.0001396936798095703,0.13897194624871734,7.19569687978828
AdamW update,750,786432000,block04.v,0.046593643724918365,0.018052224069833755,0.006441152188926935,0.0020543737336993217,0.0006019825814291835,51.782658359743635,0.062139190031692354,0.00013781141281127927,0.21616563938625522,4.6260821231312885
AdamW update,750,786432000,block04.o,0.055060841143131256,0.024462049826979637,0.010078387334942818,0.0039745718240737915,0.0014248612569645047,71.28252549762304,0.08553903059714764,9.621441650390624e-05,0.11688317311575602,8.555551439467196
AdamW update,750,786432000,block04.up,0.07030288875102997,0.036982350051403046,0.01890670508146286,0.011980286799371243,0.008904964663088322,151.71809793347614,0.18206171752017136,0.0003930929260253906,0.09360382562887537,10.683324033836445
AdamW update,750,786432000,block04.down,0.05742311850190163,0.03975401818752289,0.02540138177573681,0.016597772017121315,0.012264128774404526,129.6781764072852,0.15561381168874225,0.0001903691596984863,0.1612055178786429,6.2032616076628955
AdamW update,750,786432000,block06.q,0.06876882910728455,0.033653609454631805,0.012258264236152172,0.004465979058295488,0.0015728318830952048,80.07605522740111,0.09609126627288132,0.00021881668853759764,0.09684057581005678,10.326250041732518
AdamW update,750,786432000,block06.k,0.06333397328853607,0.02711636573076248,0.009284493513405323,0.003112921491265297,0.0010311657097190619,65.54584369688365,0.07865501243626037,0.00018178797912597654,0.09843838851865261,10.158638464611952
AdamW update,750,786432000,block06.v,0.058935873210430145,0.027355115860700607,0.010508903302252293,0.0035917533095926046,0.001169737777672708,56.23908059653022,0.06748689671583626,0.0001524637641906738,0.1597257741099476,6.260730339686116
AdamW update,750,786432000,block06.o,0.06478773802518845,0.03301599994301796,0.014271619729697704,0.005705663934350014,0.00210727471858263,73.1362021634923,0.08776344259619075,0.00012284789657592772,0.09214285881271067,10.852712981616918
AdamW update,750,786432000,block06.up,0.06801476329565048,0.04194997251033783,0.023593494668602943,0.01475589070469141,0.010973197408020496,141.39367047765654,0.16967240457318783,0.00039602252197265623,0.07415867060907377,13.484599869265237
AdamW update,750,786432000,block06.down,0.06385481357574463,0.0410139337182045,0.025776108726859093,0.01710885763168335,0.012927252799272537,134.71296359271886,0.16165555631126263,0.00025611051177978515,0.08858271931979633,11.28888351677099
AdamW update,750,786432000,block08.q,0.06509950011968613,0.03233624994754791,0.012898041866719723,0.004611404612660408,0.0015850401250645518,88.20909764305095,0.10585091717166113,0.00020343807220458981,0.1625700000971344,6.1511964040260025
AdamW update,750,786432000,block08.k,0.06422396004199982,0.03202727064490318,0.012162722647190094,0.004330882336944342,0.001445167581550777,77.0447174862808,0.09245366098353695,0.0001849631881713867,0.13409124290433283,7.4576085532554
AdamW update,750,786432000,block08.v,0.053972505033016205,0.02546069771051407,0.009900528937578201,0.0035775050055235624,0.0011539447586983442,62.51039308975452,0.07501247170770542,0.00015443307495117186,0.15548063270454637,6.431669222109869
AdamW update,750,786432000,block08.o,0.060649435967206955,0.029950182884931564,0.012594656087458134,0.005001252517104149,0.0018388857133686543,84.21651978713813,0.10105982374456574,0.00013519706726074218,0.1263362099526013,7.9153870483781255
AdamW update,750,786432000,block08.up,0.06398936361074448,0.04111305624246597,0.025290900841355324,0.01588021032512188,0.011546560563147068,141.9688093921153,0.17036257127053836,0.0003878315734863281,0.08896669193114803,11.240161663804553
AdamW update,750,786432000,block08.down,0.054531488567590714,0.03263120353221893,0.01982547529041767,0.01274391170591116,0.009463604539632797,122.88441906479439,0.14746130287775325,0.00022631224822998043,0.2804530162358141,3.5656596367612865
AdamW update,775,812646400,block02.q,0.054494474083185196,0.01674802228808403,0.006291980389505625,0.002282126806676388,0.000658992154058069,57.46771521632885,0.06896125825959461,0.00014376296997070312,0.1087492938623349,9.195462007007551
AdamW update,775,812646400,block02.k,0.052715711295604706,0.018662303686141968,0.007048364263027906,0.0025605272967368364,0.0008209435036405921,51.4783037214717,0.06177396446576603,0.00014151990509033203,0.127201429667835,7.861546860057555
AdamW update,775,812646400,block02.v,0.04426344111561775,0.016544999554753304,0.00610011164098978,0.0020851679146289825,0.0006639172206632793,44.21271928203913,0.053055263138446954,0.0001283144187927246,0.22838057517175514,4.378656106141879
AdamW update,775,812646400,block02.o,0.06176387518644333,0.02559213526546955,0.0098703783005476,0.0038396036252379417,0.0013767415657639503,65.38917163574835,0.07846700596289802,7.74839859008789e-05,0.07758533699053771,12.88903340230332
AdamW update,775,812646400,block02.up,0.07084593921899796,0.029024455696344376,0.013863818719983101,0.009536532685160637,0.007324498146772385,142.1838751751633,0.17062065021019596,0.0003663786392211914,0.10353367775805111,9.658692916684656
AdamW update,775,812646400,block02.down,0.06588537991046906,0.044971127063035965,0.028893422335386276,0.019423341378569603,0.014749657362699509,134.34486307087033,0.16121383568504438,0.00018484539413452146,0.07463664706961826,13.398243882354972
AdamW update,775,812646400,block04.q,0.06143254414200783,0.02605745568871498,0.009360304102301598,0.0031287227757275105,0.0007585266139358282,68.07370812428152,0.08168844974913782,0.0001467988586425781,0.16045322520540228,6.2323458984377655
AdamW update,775,812646400,block04.k,0.05504317581653595,0.02488887868821621,0.00904064066708088,0.002978879027068615,0.0009367878083139658,52.58970903166653,0.06310765083799982,0.00014022895431518552,0.13208842204030535,7.570686246027384
AdamW update,775,812646400,block04.v,0.05288507044315338,0.020984726026654243,0.007271695416420698,0.002297299215570092,0.0006724189734086394,45.451696830192745,0.05454203619623129,0.00013843702697753903,0.15603310766023615,6.408896259231799
AdamW update,775,812646400,block04.o,0.05779029801487923,0.02585032396018505,0.010626156814396381,0.0041796076111495495,0.0014584813034161925,69.19750490972653,0.08303700589167183,9.772098541259765e-05,0.09676839850334407,10.333952152421357
AdamW update,775,812646400,block04.up,0.07106924057006836,0.03802820295095444,0.01948700286448002,0.012310461141169071,0.009098395705223083,150.45194307789637,0.18054233169347564,0.000397420669555664,0.0829888883805916,12.049805938042514
AdamW update,775,812646400,block04.down,0.060158390551805496,0.041511982679367065,0.02661513164639473,0.017602955922484398,0.012877420522272587,127.43465269349744,0.15292158323219693,0.00019416725921630857,0.15365803394005084,6.507957796662598
AdamW update,775,812646400,block06.q,0.07138907164335251,0.03527480363845825,0.013024680316448212,0.00468416279181838,0.0016497541218996048,78.24912952413779,0.09389895542896533,0.0002224297943115234,0.061278580593313814,16.318915848209304
AdamW update,775,812646400,block06.k,0.06484708189964294,0.027951093390583992,0.009771508164703846,0.0032265009358525276,0.0010717434342950583,64.63431814990643,0.07756118177988772,0.00018436904525756835,0.09277204635765557,10.779109001700702
AdamW update,775,812646400,block06.v,0.063901886343956,0.029649583622813225,0.011212221346795559,0.0038739265874028206,0.001251567853614688,53.58050777245185,0.06429660932694221,0.00015351725006103513,0.09825849338604886,10.177237260000407
AdamW update,775,812646400,block06.o,0.06849293410778046,0.03450361266732216,0.014980961568653584,0.005909639410674572,0.0021783066913485527,71.56657381378383,0.0858798885765406,0.00012476560592651365,0.062224483814080855,16.070844444252486
AdamW update,775,812646400,block06.up,0.0705728754401207,0.04299907013773918,0.02421742118895054,0.015082772821187973,0.01120464876294136,140.37486115192218,0.1684498333823066,0.0003990280151367187,0.065405608500968,15.289208722600604
AdamW update,775,812646400,block06.down,0.06577886641025543,0.042810577899217606,0.026905080303549767,0.017850222066044807,0.013551595620810986,132.1882871119469,0.15862594453433626,0.00025972499084472655,0.05190869196497605,19.264596393118946
AdamW update,775,812646400,block08.q,0.06834674626588821,0.03474216163158417,0.014066939242184162,0.0049781836569309235,0.0017191468505188823,82.95251540967064,0.09954301849160475,0.00020540460205078123,0.0679917725364163,14.707661864005697
AdamW update,775,812646400,block08.k,0.06857562065124512,0.034627411514520645,0.013184514828026295,0.004562105052173138,0.001521456753835082,72.53514549723435,0.08704217459668122,0.00018657609558105466,0.0755144190009105,13.242504057244258
AdamW update,775,812646400,block08.v,0.05747697129845619,0.02730562724173069,0.010880771093070507,0.0038855026941746473,0.0012931666569784284,58.75282718192129,0.07050339261830554,0.00015631715011596678,0.11468016101432799,8.719904045784007
AdamW update,775,812646400,block08.o,0.06488395482301712,0.031821586191654205,0.013589395210146904,0.005396160762757063,0.0020027728751301765,81.18582345631377,0.09742298814757651,0.00013888825607299803,0.07230323895736834,13.83063904771435
AdamW update,775,812646400,block08.up,0.06655484437942505,0.04275710508227348,0.026014484465122223,0.016531141474843025,0.011925946921110153,140.95125242326196,0.16914150290791435,0.00039177758789062496,0.061755681160903464,16.192842200129178
AdamW update,775,812646400,block08.down,0.05977783724665642,0.036013163626194,0.021579736843705177,0.013972971588373184,0.010376702062785625,118.7316932889117,0.14247803194669403,0.00023096614837646483,0.15755960717143935,6.346804348857686
AdamW update,800,838860800,block02.q,0.05340138450264931,0.01682407595217228,0.0064128548838198185,0.0022611625026911497,0.0006424784660339355,61.54105277304951,0.0738492633276594,0.0001446767120361328,0.11584349986493692,8.632335876988437
AdamW update,800,838860800,block02.k,0.053019359707832336,0.01850384660065174,0.007210080977529287,0.002671507652848959,0.0008372535812668502,55.20080817522886,0.06624096981027462,0.00014228208160400389,0.09987823580917965,10.0121912636756
AdamW update,800,838860800,block02.v,0.043797269463539124,0.01623554714024067,0.005864221137017012,0.0020466709975153208,0.0006307678413577378,46.68413662629928,0.05602096395155913,0.00012848292160034177,0.23262669927724833,4.298732703971282
AdamW update,800,838860800,block02.o,0.06430862098932266,0.025604432448744774,0.0101809436455369,0.00397943751886487,0.0013813970144838095,64.51545005506509,0.0774185400660781,7.843881225585937e-05,0.08454115839657916,11.828558053451792
AdamW update,800,838860800,block02.up,0.0715085119009018,0.03014683723449707,0.013985804282128811,0.009582996368408203,0.007482636254280806,142.9551514553615,0.17154618174643377,0.0003702779846191406,0.10550196090314845,9.478496811239435
AdamW update,800,838860800,block02.down,0.06486563384532928,0.044762928038835526,0.029264329001307487,0.01978260837495327,0.015135707333683968,135.8721664287207,0.16304659971446483,0.00018908404541015622,0.08554602749486495,11.689613524836401
AdamW update,800,838860800,block04.q,0.06231343001127243,0.02646840363740921,0.009526705369353294,0.0031875146087259054,0.0007811421528458595,69.7555392350755,0.0837066470820906,0.0001478279914855957,0.1433513431502229,6.975867669074191
AdamW update,800,838860800,block04.k,0.051657576113939285,0.02294686995446682,0.0084920609369874,0.0028353065717965364,0.0008844459662213922,58.91642506979882,0.07069971008375858,0.00014085512924194335,0.15225161254139952,6.568074934037791
AdamW update,800,838860800,block04.v,0.048625875264406204,0.019203880801796913,0.006749160122126341,0.0021688214037567377,0.000632324896287173,51.48345401168334,0.061780144814020006,0.00013901221847534178,0.1970462743014858,5.074950051935388
AdamW update,800,838860800,block04.o,0.05863628163933754,0.02604334056377411,0.01051819697022438,0.00423264317214489,0.001453226082958281,71.05346550566848,0.08526415860680217,9.917530059814452e-05,0.15795747682786043,6.330817762363881
AdamW update,800,838860800,block04.up,0.07028737664222717,0.03855850175023079,0.019809208810329437,0.01244076993316412,0.009199945256114006,151.1517077764522,0.18138204933174265,0.00040176672363281243,0.0911582578529826,10.96993320794668
AdamW update,800,838860800,block04.down,0.059082817286252975,0.04139908403158188,0.026982342824339867,0.01790717989206314,0.013172953389585018,127.46361926145607,0.15295634311374728,0.00019802687072753905,0.13816571154734447,7.237685738384777
AdamW update,800,838860800,block06.q,0.06922994554042816,0.03396645560860634,0.01288467925041914,0.004655859433114529,0.0016232011839747429,82.46041264103293,0.09895249516923951,0.00022599902343749996,0.10165767043373819,9.836936020010542
AdamW update,800,838860800,block06.k,0.06182294338941574,0.026663176715373993,0.009589145891368389,0.0032099762465804815,0.0010685203596949577,69.22858122668084,0.083074297472017,0.00018700871658325192,0.10065123946234067,9.93529742248387
AdamW update,800,838860800,block06.v,0.061837974935770035,0.028945760801434517,0.01104140467941761,0.0038196782115846872,0.0012198672629892826,56.579223717142014,0.0678950684605704,0.000154579719543457,0.1256994501012656,7.95548428568608
AdamW update,800,838860800,block06.o,0.06650619953870773,0.03456518426537514,0.01513480395078659,0.006015068851411343,0.0022381397429853678,73.01247635227283,0.08761497162272738,0.00012667326736450193,0.06730180191134227,14.858443185775558
AdamW update,800,838860800,block06.up,0.0687481090426445,0.042718783020973206,0.024062562733888626,0.015189367346465588,0.011187424883246422,143.2040608541393,0.17184487302496715,0.00040196479797363274,0.08065534510173222,12.39843433486869
AdamW update,800,838860800,block06.down,0.06305836886167526,0.041349150240421295,0.026262369006872177,0.017607534304261208,0.013363227248191833,135.89144451316005,0.16306973341579206,0.0002633016357421875,0.09395808228340741,10.643043958514207
AdamW update,800,838860800,block08.q,0.06332863122224808,0.03302740305662155,0.013208476826548576,0.004805036820471287,0.001605887315236032,89.1265847109428,0.10695190165313134,0.0002070837249755859,0.16942998659769248,5.902142944592662
AdamW update,800,838860800,block08.k,0.06467079371213913,0.033425524830818176,0.013072381727397442,0.004556799773126841,0.0014831960434094071,75.73915492579071,0.09088698591094885,0.00018797554779052732,0.0986898889591794,10.132750280159145
AdamW update,800,838860800,block08.v,0.05736594647169113,0.02657402493059635,0.010423167608678341,0.0038477680645883083,0.001224612700752914,61.09086766920894,0.07330904120305072,0.00015821123886108397,0.17052249194929292,5.864329031136625
AdamW update,800,838860800,block08.o,0.06507553905248642,0.031948674470186234,0.013614927418529987,0.005365437362343073,0.001979259541258216,81.25479303076361,0.09750575163691633,0.00014250522994995116,0.09978670816707425,10.021374773939694
AdamW update,800,838860800,block08.up,0.0661693587899208,0.04299091175198555,0.026554033160209656,0.016864150762557983,0.012228070758283138,139.15583153997463,0.16698699784796953,0.0003956277923583984,0.0700060834430225,14.284472874616583
AdamW update,800,838860800,block08.down,0.05720393732190132,0.03502212464809418,0.021336637437343597,0.013864219188690186,0.010388659313321114,118.76780937375851,0.1425213712485102,0.00023563043975830076,0.20484158250860673,4.881821296991705
AdamW update,825,865075200,block02.q,0.05377749726176262,0.01726863533258438,0.006513282191008329,0.0023068434093147516,0.0006764770951122046,57.57419209874648,0.06908903051849577,0.00014549578857421874,0.15235086801391162,6.5637958814168815
AdamW update,825,865075200,block02.k,0.05396798998117447,0.019824814051389694,0.007532681338489056,0.002734646899625659,0.0009048778447322547,50.234673088862905,0.06028160770663548,0.00014297870635986327,0.11493214491588333,8.700786022325444
AdamW update,825,865075200,block02.v,0.04652457311749458,0.017124200239777565,0.006262350361794233,0.002228047465905547,0.0006744961719959974,44.29879943814591,0.05315855932577509,0.0001286984825134277,0.213934457635915,4.674328815706037
AdamW update,825,865075200,block02.o,0.06364704668521881,0.025646477937698364,0.010180605575442314,0.003954045940190554,0.0014029776211827993,63.686947822758846,0.07642433738731061,7.938733863830566e-05,0.08492475531224475,11.775129599411592
AdamW update,825,865075200,block02.up,0.07147069275379181,0.030007919296622276,0.014233591966331005,0.009802556596696377,0.007589561864733696,143.01007196721784,0.1716120863606614,0.0003741762313842773,0.10551444861690484,9.47737502406648
AdamW update,825,865075200,block02.down,0.06531255692243576,0.04505767673254013,0.029283253476023674,0.019957231357693672,0.015078341588377953,134.7502680755709,0.16170032169068504,0.0001932717819213867,0.07118232813814984,14.048430645022055
AdamW update,825,865075200,block04.q,0.060788899660110474,0.025893213227391243,0.009568250738084316,0.003241679398342967,0.0007916864124126732,68.5604203771504,0.08227250445258047,0.00014870618820190428,0.16598309894138996,6.024709782970786
AdamW update,825,865075200,block04.k,0.05348554998636246,0.023385025560855865,0.00862832646816969,0.0028448794037103653,0.0008857562206685543,57.78424018522751,0.069341088222273,0.00014147294998168944,0.10777558658077258,9.278539154602964
AdamW update,825,865075200,block04.v,0.04987865313887596,0.019504759460687637,0.0070173125714063644,0.0022790473885834217,0.0006935439887456596,51.51405184405571,0.06181686221286684,0.00013963191604614256,0.262590015236416,3.808217913768261
AdamW update,825,865075200,block04.o,0.058287084102630615,0.026010308414697647,0.010675000958144665,0.004219716414809227,0.0015243522357195616,69.96978732415384,0.0839637447889846,0.00010070825958251951,0.09551840129740086,10.469186946360784
AdamW update,825,865075200,block04.up,0.07079613953828812,0.03862926363945007,0.020073572173714638,0.012755036354064941,0.00940013863146305,150.73631983204345,0.18088358379845212,0.00040614230346679685,0.08745670573539233,11.434228988976383
AdamW update,825,865075200,block04.down,0.06042706221342087,0.04175514727830887,0.026969144120812416,0.017841961234807968,0.01300371065735817,128.00574144603263,0.15360688973523914,0.0002019239044189453,0.15185449599070555,6.5852511871706865
AdamW update,825,865075200,block06.q,0.07160578668117523,0.03475387021899223,0.01331137865781784,0.004826427903026342,0.001668548327870667,80.54618676725825,0.09665542412070989,0.00022959404754638668,0.07849621060530865,12.739468469734902
AdamW update,825,865075200,block06.k,0.06501082330942154,0.028307868167757988,0.009941007010638714,0.0033638132736086845,0.0010748200584203005,67.22327639489417,0.080667931673873,0.0001897532386779785,0.0935113196024453,10.69389250682599
AdamW update,825,865075200,block06.v,0.06301727890968323,0.029719466343522072,0.011521793901920319,0.004057652782648802,0.0012931035598739982,55.060211037596524,0.06607225324511583,0.00015576619720458982,0.12048841639036656,8.299553018940278
AdamW update,825,865075200,block06.o,0.06756856292486191,0.03445897251367569,0.01506181713193655,0.006091617513448,0.002248461591079831,72.41761803347646,0.08690114164017174,0.0001287304344177246,0.07690395121449001,13.003233048597679
AdamW update,825,865075200,block06.up,0.06965092569589615,0.04348801448941231,0.024788789451122284,0.01557521615177393,0.011413338594138622,141.22197021828364,0.16946636426194037,0.0004049244689941406,0.06242757899622675,16.01856128459574
AdamW update,825,865075200,block06.down,0.06552624702453613,0.04246927425265312,0.026933468878269196,0.01807221584022045,0.013617176562547684,131.5414996193413,0.15784979954320955,0.0002668355484008789,0.05674984339801292,17.62119400024661
AdamW update,825,865075200,block08.q,0.06871776282787323,0.03581777587532997,0.014636696316301823,0.005175505764782429,0.0017581726424396038,82.65666880460637,0.09918800256552764,0.00020876472473144528,0.0690134933308606,14.489920039344428
AdamW update,825,865075200,block08.k,0.0696660652756691,0.03611896187067032,0.01412796601653099,0.004799658432602882,0.001632085768505931,70.84574795306582,0.08501489754367898,0.00018938725662231444,0.06120079565392089,16.339656851110465
AdamW update,825,865075200,block08.v,0.057980623096227646,0.02761235274374485,0.011010447517037392,0.0039890119805932045,0.0013117908965796232,60.09850633413314,0.07211820760095976,0.00016024929428100584,0.13777678114647163,7.2581170185482256
AdamW update,825,865075200,block08.o,0.0642305240035057,0.031872622668743134,0.013608751818537712,0.00528861116617918,0.0019972773734480143,81.86329644437733,0.09823595573325278,0.00014625479507446288,0.10699492262290367,9.346237891347723
AdamW update,825,865075200,block08.up,0.06622560322284698,0.04279730096459389,0.02665816806256771,0.016980005428195,0.012274011969566345,143.86600857309952,0.17263921028771942,0.0003994102935791015,0.06586249217390705,15.183148511288389
AdamW update,825,865075200,block08.down,0.05720363184809685,0.034358128905296326,0.020976640284061432,0.013693936169147491,0.01022932305932045,128.2185692460873,0.15386228309530475,0.00024041647338867185,0.2343937411490069,4.266325521739456
AdamW update,850,891289600,block02.q,0.05262773856520653,0.01841667667031288,0.007347528822720051,0.002659691497683525,0.0007566423737443984,57.46826022444266,0.06896191226933118,0.0001465444107055664,0.10172280834643832,9.830636965844382
AdamW update,850,891289600,block02.k,0.05185682699084282,0.019509127363562584,0.007931752130389214,0.0028438973240554333,0.0009105153731070459,53.61618929211347,0.06433942715053616,0.00014386292266845702,0.12261908205119099,8.155337515758928
AdamW update,850,891289600,block02.v,0.04048855975270271,0.015566986985504627,0.005941553507000208,0.002087576547637582,0.0006108303205110133,53.373183065165286,0.06404781967819834,0.00012890242767333982,0.27882025304008096,3.586540034651816
AdamW update,850,891289600,block02.o,0.053172193467617035,0.021462537348270416,0.009143930859863758,0.003693464444950223,0.0013124063843861222,76.25337349785548,0.09150404819742657,8.027848434448241e-05,0.19978006367884493,5.00550446118359
AdamW update,850,891289600,block02.up,0.06970058381557465,0.030407816171646118,0.014492142014205456,0.010019510984420776,0.007765561807900667,146.93423246666958,0.17632107896000349,0.0003779376068115234,0.11650038544752661,8.583662587540655
AdamW update,850,891289600,block02.down,0.0622418038547039,0.04239454120397568,0.027353612706065178,0.018714118748903275,0.014238872565329075,141.09979464882485,0.1693197535785898,0.00019744635772705075,0.14281692773963428,7.001971095632817
AdamW update,850,891289600,block04.q,0.05759648606181145,0.024778131395578384,0.009424261748790741,0.003236116375774145,0.0008055309881456196,74.16332317836611,0.08899598781403933,0.0001498449783325195,0.18594346171394083,5.377978826372611
AdamW update,850,891289600,block04.k,0.05063110217452049,0.02227957919239998,0.00827411562204361,0.0027542719617486,0.0008722121710889041,62.32964340083993,0.0747955720810079,0.00014214525604248045,0.17963909613076456,5.566716942686411
AdamW update,850,891289600,block04.v,0.040920473635196686,0.016951633617281914,0.00643964996561408,0.0021490061189979315,0.0006473793764598668,64.8415720670034,0.07780988648040407,0.00014025956726074218,0.2402613134876539,4.16213490837919
AdamW update,850,891289600,block04.o,0.04371706396341324,0.019880952313542366,0.008727935142815113,0.0035721193999052048,0.0013042830396443605,92.33776617764188,0.11080531941317025,0.00010215861511230467,0.24054248365976694,4.157269787795326
AdamW update,850,891289600,block04.up,0.0686403214931488,0.03762633726000786,0.019767533987760544,0.012680446729063988,0.009430697187781334,159.259161568781,0.1911109938825372,0.00041036672973632807,0.10768408776654326,9.28642309872168
AdamW update,850,891289600,block04.down,0.0569954551756382,0.03905046358704567,0.025180988013744354,0.01681244932115078,0.012391816824674606,135.47828690203744,0.16257394428244493,0.00020573970794677732,0.1603837547249407,6.235045449054408
AdamW update,850,891289600,block06.q,0.06887011229991913,0.033448971807956696,0.012864996679127216,0.0047844951041042805,0.0016578929498791695,84.92900241662656,0.10191480289995186,0.00023309626007080074,0.09364464199359546,10.678667553327738
AdamW update,850,891289600,block06.k,0.06253157556056976,0.027024565264582634,0.009872591122984886,0.0033396603539586067,0.0011066709412261844,70.97088648940006,0.08516506378728006,0.00019245350646972655,0.08678827031014524,11.522294388705008
AdamW update,850,891289600,block06.v,0.05238974839448929,0.024636736139655113,0.01012151874601841,0.0035786100197583437,0.0011650994420051575,68.3966485599089,0.08207597827189067,0.00015688284301757811,0.19898039958352687,5.025620624408414
AdamW update,850,891289600,block06.o,0.056547027081251144,0.028536975383758545,0.0128327626734972,0.005381147377192974,0.0020413892343640327,86.51699846049692,0.10382039815259629,0.00013066162490844724,0.17551862089257853,5.697401192617752
AdamW update,850,891289600,block06.up,0.06567730009555817,0.04058806598186493,0.02336774207651615,0.01503536943346262,0.011258688755333424,152.85625225152316,0.18342750270182778,0.0004077976684570312,0.09810392711021709,10.19327186440281
AdamW update,850,891289600,block06.down,0.06023509055376053,0.038455840200185776,0.024426855146884918,0.016373731195926666,0.012526161037385464,142.58716002180992,0.1711045920261719,0.00027029386138916015,0.09457331746936948,10.573806933693335
AdamW update,850,891289600,block08.q,0.06569954752922058,0.0343109630048275,0.01401169877499342,0.005183643661439419,0.0017933049239218235,86.0993324551521,0.10331919894618251,0.0002103976593017578,0.09133884796892833,10.948244063031979
AdamW update,850,891289600,block08.k,0.06559914350509644,0.03351004421710968,0.013329001143574715,0.004633864853531122,0.0015164731303229928,76.57160666737418,0.09188592800084901,0.00019078278350830076,0.0959406257816875,10.42311316871641
AdamW update,850,891289600,block08.v,0.04925764724612236,0.0232236348092556,0.009585539810359478,0.0035558179952204227,0.0012231514556333423,72.61274010494438,0.08713528812593324,0.0001622090492248535,0.19827545997074836,5.043488488931159
AdamW update,850,891289600,block08.o,0.05485818162560463,0.02713593654334545,0.011928618885576725,0.004781183786690235,0.001845034770667553,94.12953030834022,0.11295543637000825,0.00014974368667602537,0.22886201849466747,4.369444989507073
AdamW update,850,891289600,block08.up,0.0614265538752079,0.03951803967356682,0.024881185963749886,0.01598144881427288,0.011724135838449001,155.0602059613857,0.1860722471536628,0.00040317933654785153,0.09699765250289616,10.309527851410033
AdamW update,850,891289600,block08.down,0.05142778530716896,0.03078099712729454,0.01905425265431404,0.012419827282428741,0.009290626272559166,135.28351557214583,0.16234021868657497,0.00024512839508056635,0.2755432451800175,3.6291943914164237
AdamW update,875,917504000,block02.q,0.05503258854150772,0.01823471486568451,0.007016545627266169,0.002556380582973361,0.0007427061209455132,60.06157308110302,0.07207388769732362,0.0001474408493041992,0.1268933303181008,7.880634841036671
AdamW update,875,917504000,block02.k,0.053949691355228424,0.020098287612199783,0.007795690558850765,0.0027764812111854553,0.0009201150969602168,54.05414338382091,0.06486497206058509,0.0001446481018066406,0.1265496830179167,7.902034806823038
AdamW update,875,917504000,block02.v,0.0428173802793026,0.015981238335371017,0.00591579033061862,0.0020484081469476223,0.000630500668194145,50.78662297979427,0.06094394757575312,0.00012914030456542968,0.30456456301385515,3.2833760766662414
AdamW update,875,917504000,block02.o,0.0601644404232502,0.025270307436585426,0.010119233280420303,0.003928612917661667,0.0013887434033676982,67.66609092044752,0.08119930910453702,8.123149681091308e-05,0.11176514559863993,8.947333219527152
AdamW update,875,917504000,block02.up,0.07156547904014587,0.031339794397354126,0.014376286417245865,0.009850416332483292,0.007658105809241533,149.5309558643733,0.17943714703724795,0.00038174707031249995,0.10255025420477981,9.751316637432485
AdamW update,875,917504000,block02.down,0.06508509069681168,0.04408134147524834,0.028937436640262604,0.019625753164291382,0.014960558153688908,141.9815103905489,0.17037781246865866,0.0002014411926269531,0.09644302659424753,10.36881602862976
AdamW update,875,917504000,block04.q,0.059513065963983536,0.026171673089265823,0.009686267003417015,0.0032877991907298565,0.0008522134739905596,74.22380192357257,0.08906856230828707,0.00015102415466308592,0.12207455921640076,8.191715017600897
AdamW update,875,917504000,block04.k,0.05246568098664284,0.024072257801890373,0.008860649541020393,0.0029791053384542465,0.0009077625581994653,60.673874676405816,0.07280864961168697,0.00014283417892456052,0.12489425058043935,8.006773693365014
AdamW update,875,917504000,block04.v,0.047552477568387985,0.019447388127446175,0.007001018617302179,0.0022731218487024307,0.0006646676920354366,55.09119682539142,0.0661094361904697,0.00014091918182373045,0.23167295283286737,4.316429638298849
AdamW update,875,917504000,block04.o,0.05471672862768173,0.02504478394985199,0.010416287928819656,0.00418883515521884,0.0015003997832536697,76.14775717324234,0.0913773086078908,0.0001037105140686035,0.15102709426179217,6.621328476773764
AdamW update,875,917504000,block04.up,0.07100990414619446,0.03894948586821556,0.020502474159002304,0.012925579212605953,0.009586283005774021,157.09724186022154,0.18851669023226583,0.0004147018432617187,0.08110704686402759,12.329384913698759
AdamW update,875,917504000,block04.down,0.05896738916635513,0.040708787739276886,0.02649601735174656,0.017679348587989807,0.013077705167233944,136.21225501295396,0.16345470601554474,0.0002095201721191406,0.13635768938480286,7.333653162587622
AdamW update,875,917504000,block06.q,0.0691031888127327,0.03501654788851738,0.013471037149429321,0.004904048517346382,0.0017266387585550547,83.25656805398945,0.09990788166478734,0.00023659751129150388,0.07280677520924783,13.734985475266335
AdamW update,875,917504000,block06.k,0.06496880948543549,0.02867867238819599,0.010290342383086681,0.0034725582227110863,0.0011301389895379543,70.60332799776387,0.08472399359731664,0.00019514515686035153,0.07196661070018795,13.895332714305363
AdamW update,875,917504000,block06.v,0.06153549626469612,0.029350772500038147,0.011483324691653252,0.00404236139729619,0.0012619905173778534,59.307349475259834,0.07116881937031179,0.00015801676940917968,0.13508269553288077,7.40287270738233
AdamW update,875,917504000,block06.o,0.06573239713907242,0.03348090127110481,0.014786909334361553,0.006019026972353458,0.00220387801527977,76.71702726933029,0.09206043272319633,0.00013259624862670897,0.10337595406915145,9.673429464371068
AdamW update,875,917504000,block06.up,0.06913519650697708,0.0431092269718647,0.024695025756955147,0.015667399391531944,0.011584443040192127,147.05774126679614,0.17646928952015536,0.00041090098571777337,0.06638930604994187,15.062666858541078
AdamW update,875,917504000,block06.down,0.06373874098062515,0.041233014315366745,0.026196401566267014,0.01765885204076767,0.013401275500655174,138.74368835896385,0.16649242603075662,0.00027385137176513666,0.08151089093429675,12.268299224039486
AdamW update,875,917504000,block08.q,0.06701888144016266,0.03453068062663078,0.014294169843196869,0.005063891410827637,0.001668269862420857,87.12028985034907,0.10454434782041887,0.00021190464019775387,0.0848699968551081,11.782726959531079
AdamW update,875,917504000,block08.k,0.06803573668003082,0.03477823734283447,0.01380657497793436,0.004688894841820002,0.0015307276044040918,76.86405672305105,0.09223686806766125,0.0001920676803588867,0.05981704423864276,16.71764315218344
AdamW update,875,917504000,block08.v,0.05617912858724594,0.026968607679009438,0.010850781574845314,0.003962543793022633,0.001281709992326796,64.62774839040644,0.07755329806848772,0.00016424934768676755,0.14123062289471378,7.080617358357836
AdamW update,875,917504000,block08.o,0.06156523525714874,0.03086669370532036,0.01314409077167511,0.005212754942476749,0.0019343835301697254,85.6074621109586,0.1027289545331503,0.0001532764434814453,0.12930601398221686,7.733592345809434
AdamW update,875,917504000,block08.up,0.06461962312459946,0.042062029242515564,0.026163173839449883,0.016872195526957512,0.012354291044175625,147.9284195440093,0.17751410345281116,0.0004069935607910156,0.06285695890525833,15.909137467297109
AdamW update,875,917504000,block08.down,0.05539475381374359,0.03363644704222679,0.020480256527662277,0.013336483389139175,0.009882460348308086,127.07688420209031,0.15249226104250835,0.0002496015472412109,0.2565733521842084,3.8975208901742997
AdamW update,900,943718400,block02.q,0.055921390652656555,0.018979355692863464,0.007174169644713402,0.002543181646615267,0.0007602956029586494,56.62849212211467,0.0679541905465376,0.0001482812690734863,0.11284925840195914,8.861378569614413
AdamW update,900,943718400,block02.k,0.05545284226536751,0.02100774273276329,0.00807210709899664,0.0029841538053005934,0.0009567891829647124,51.24431596272447,0.06149317915526936,0.00014535330963134764,0.11034956713038557,9.06211076313903
AdamW update,900,943718400,block02.v,0.04773104563355446,0.017471229657530785,0.006433084607124329,0.002233146457001567,0.0006962580373510718,45.99621529673475,0.0551954583560817,0.00012940696334838865,0.1862830915196776,5.368173739452715
AdamW update,900,943718400,block02.o,0.060740046203136444,0.02492312341928482,0.010209914296865463,0.004005600698292255,0.0013922700891271234,65.79427562661424,0.07895313075193708,8.213947105407714e-05,0.10766298419135811,9.288243378268424
AdamW update,900,943718400,block02.up,0.07234323769807816,0.03195590153336525,0.014766919426620007,0.01015496626496315,0.007839928381145,143.60385379565196,0.17232462455478234,0.00038545614624023434,0.0933988207367662,10.706773298759142
AdamW update,900,943718400,block02.down,0.0656861811876297,0.04521239176392555,0.029730092734098434,0.020385438576340675,0.015624898485839367,134.1103078759911,0.16093236945118933,0.00020543383026123044,0.05903154850316028,16.94009432848377
AdamW update,900,943718400,block04.q,0.060480996966362,0.0274460781365633,0.010225139558315277,0.003428200026974082,0.0008655641577206552,71.17280729746201,0.08540736875695441,0.00015205428314208982,0.1652634608055905,6.0509443232364655
AdamW update,900,943718400,block04.k,0.05413125455379486,0.0249511506408453,0.009252086281776428,0.00309285381808877,0.0009512134129181504,57.36290214308457,0.06883548257170148,0.00014348485565185545,0.12187317772674433,8.205250889922073
AdamW update,900,943718400,block04.v,0.05320100486278534,0.021546678617596626,0.007695178966969252,0.002513719256967306,0.0007446633535437286,50.15934303686229,0.06019121164423474,0.0001415730628967285,0.14032886138289768,7.126117821703306
AdamW update,900,943718400,block04.o,0.05642598122358322,0.025185037404298782,0.01049587968736887,0.0042814575135707855,0.0015623342478647828,72.9994148214658,0.08759929778575896,0.0001051233558654785,0.11161797632461745,8.95913035631205
AdamW update,900,943718400,block04.up,0.07120789587497711,0.04008268937468529,0.02132151648402214,0.013451563194394112,0.009928922168910503,149.4377963912151,0.17932535566945812,0.00041885925292968744,0.08346130886425218,11.981599780881414
AdamW update,900,943718400,block04.down,0.06025547534227371,0.04189010336995125,0.02772696502506733,0.0185218658298254,0.013708602637052536,127.66636092369556,0.15319963310843465,0.0002133013458251953,0.15572722700199737,6.421484664253181
AdamW update,900,943718400,block06.q,0.07108801603317261,0.03600505739450455,0.013977568596601486,0.005085204262286425,0.0017738332971930504,82.12053527563991,0.09854464233076789,0.00023993902587890622,0.08152957688298912,12.265487424707176
AdamW update,900,943718400,block06.k,0.063541479408741,0.029017532244324684,0.01047595590353012,0.003510553389787674,0.0011513761710375547,70.57553717717362,0.08469064461260833,0.0001978270111083984,0.099328046203774,10.06764995607056
AdamW update,900,943718400,block06.v,0.06565123051404953,0.031867168843746185,0.012339710257947445,0.0043535600416362286,0.0013759882422164083,54.52473954256107,0.06542968745107328,0.00015913017654418943,0.09010942087411511,11.097618765045915
AdamW update,900,943718400,block06.o,0.06767987459897995,0.03471248969435692,0.015291409566998482,0.006136687006801367,0.002310249488800764,72.62858910342337,0.08715430692410803,0.00013446389007568357,0.06026329873435898,16.593847681787327
AdamW update,900,943718400,block06.up,0.06935849785804749,0.044155053794384,0.02564072795212269,0.016270233318209648,0.01199810579419136,137.77715311822772,0.16533258374187323,0.0004138309936523437,0.05960216369966376,16.777914389803293
AdamW update,900,943718400,block06.down,0.06504929065704346,0.043136391788721085,0.02746267057955265,0.018565142527222633,0.01412833109498024,128.29912268136638,0.15395894721763964,0.0002772560577392578,0.049213174752411826,20.31976203589654
AdamW update,900,943718400,block08.q,0.06817484647035599,0.03564862161874771,0.014928708784282207,0.005491326563060284,0.0018754545599222183,82.45354819862264,0.09894425783834716,0.0002133896255493164,0.08734512763020863,11.448835523301089
AdamW update,900,943718400,block08.k,0.06914254277944565,0.03595447167754173,0.014340151101350784,0.00494481110945344,0.0015834533842280507,71.60821436010919,0.08592985723213102,0.0001933706817626953,0.053685844379956826,18.626884079955754
AdamW update,900,943718400,block08.v,0.057190123945474625,0.027800265699625015,0.011283783242106438,0.004117781296372414,0.0013618419179692864,60.32910857635979,0.07239493029163174,0.00016638871765136716,0.11949542364647758,8.368521316418441
AdamW update,900,943718400,block08.o,0.06388392299413681,0.03190188482403755,0.013657455332577229,0.005390086676925421,0.002012181095778942,79.54275747925499,0.09545130897510598,0.00015684247970581053,0.06927744818373416,14.43471181773108
AdamW update,900,943718400,block08.up,0.0659441351890564,0.04310281202197075,0.027190236374735832,0.017640728503465652,0.01297875214368105,137.6007753114495,0.16512093037373937,0.00041063932800292964,0.05124124815346054,19.515527744467438
AdamW update,900,943718400,block08.down,0.058786969631910324,0.03535402566194534,0.02166961319744587,0.014226190745830536,0.010545159690082073,114.88008760321046,0.13785610512385255,0.000254056526184082,0.1959840539986999,5.102455937597013
AdamW update,925,969932800,block02.q,0.05288343504071236,0.018359141424298286,0.007350959349423647,0.0026285077910870314,0.0007759545114822686,61.05031870184596,0.07326038244221515,0.00014924487304687498,0.149544707108479,6.686963513022262
AdamW update,925,969932800,block02.k,0.055143825709819794,0.02065807767212391,0.008259016089141369,0.0029793877620249987,0.0010029255645349622,54.3997826537026,0.06527973918444312,0.00014615270233154295,0.10472546244335579,9.548776168363858
AdamW update,925,969932800,block02.v,0.044078174978494644,0.01631093956530094,0.006197352893650532,0.002178482711315155,0.000686876941472292,51.120421602889756,0.0613445059234677,0.0001296507339477539,0.28191303978223914,3.5471931371902476
AdamW update,925,969932800,block02.o,0.059614814817905426,0.02549595572054386,0.010266573168337345,0.004038556478917599,0.0013847427908331156,67.84544386529849,0.08141453263835818,8.308454132080077e-05,0.13222952717273362,7.562607394743864
AdamW update,925,969932800,block02.up,0.07151658087968826,0.03173477202653885,0.014701941050589085,0.010009782388806343,0.007758547551929951,151.60479660873105,0.18192575593047725,0.00038896984863281243,0.09953012745820278,10.047209076668222
AdamW update,925,969932800,block02.down,0.06445413827896118,0.04410002380609512,0.02903314121067524,0.019792290404438972,0.015255420468747616,143.5155076844129,0.17221860922129548,0.0002093675079345703,0.10024301088583343,9.975757822546832
AdamW update,925,969932800,block04.q,0.059947460889816284,0.02718810737133026,0.010196670889854431,0.0034862058237195015,0.0008675899589434266,74.3672195736744,0.08924066348840928,0.00015327737045288083,0.13286806135548446,7.526263195219884
AdamW update,925,969932800,block04.k,0.05313935503363609,0.024025073274970055,0.009046817198395729,0.0030298426281660795,0.000965839484706521,61.85674493862828,0.07422809392635393,0.0001442266273498535,0.12139559930096766,8.23753089698721
AdamW update,925,969932800,block04.v,0.04852542653679848,0.020027413964271545,0.007265958935022354,0.0024072618689388037,0.0007170804310590029,56.344456639501644,0.06761334796740197,0.00014234991073608396,0.23980730568649822,4.170014742200169
AdamW update,925,969932800,block04.o,0.055240362882614136,0.02518361434340477,0.010682446882128716,0.004324222914874554,0.0015698992647230625,76.62877600880395,0.09195453121056474,0.0001067299346923828,0.1368187696825771,7.308938695473029
AdamW update,925,969932800,block04.up,0.0695648267865181,0.039240263402462006,0.020828168839216232,0.013230470009148121,0.00969298928976059,160.7166383542657,0.19285996602511885,0.0004228271942138671,0.08857707807671833,11.289602476318766
AdamW update,925,969932800,block04.down,0.05857143923640251,0.04098273068666458,0.026668362319469452,0.018002785742282867,0.0133143849670887,137.8061509122025,0.165367381094643,0.00021709499359130857,0.13520101842996102,7.396393988836969
AdamW update,925,969932800,block06.q,0.07012505829334259,0.03541365638375282,0.01408280711621046,0.005152152851223946,0.0018214056035503745,84.86149933024154,0.10183379919628985,0.00024323149108886717,0.07649155409892305,13.073338772889166
AdamW update,925,969932800,block06.k,0.06448416411876678,0.02905457466840744,0.010805532336235046,0.00363467400893569,0.0011978675611317158,71.04720863799014,0.08525665036558816,0.0002004180679321289,0.08183267969116148,12.220056874271064
AdamW update,925,969932800,block06.v,0.06066124513745308,0.02922460064291954,0.011646166443824768,0.004121536388993263,0.0012958740117028356,61.68554074168575,0.0740226488900229,0.00016024224472045896,0.1529343294928518,6.538754269993647
AdamW update,925,969932800,block06.o,0.06504944711923599,0.033443111926317215,0.014923092909157276,0.006050060503184795,0.002252797828987241,77.84249321854423,0.09341099186225307,0.00013633648681640623,0.08238029097242716,12.138825782184988
AdamW update,925,969932800,block06.up,0.06752181798219681,0.04208574816584587,0.024491285905241966,0.015605379827320576,0.011626542545855045,152.0838900222217,0.18250066802666604,0.00041664367675781246,0.07867872562646117,12.709916080080493
AdamW update,925,969932800,block06.down,0.06285049021244049,0.040630459785461426,0.025819381698966026,0.01755417510867119,0.013371039181947708,141.91990388636574,0.17030388466363888,0.00028066436004638666,0.0872494126381298,11.461395209014615
AdamW update,925,969932800,block08.q,0.06708506494760513,0.03455542027950287,0.014523589052259922,0.005379954352974892,0.0018645926611497998,86.75576555933553,0.10410691867120263,0.0002146408996582031,0.08060545010727083,12.40610899969154
AdamW update,925,969932800,block08.k,0.06459812819957733,0.03387119248509407,0.013602574355900288,0.004797586239874363,0.001522851875051856,78.49458450068424,0.09419350140082108,0.00019449364471435545,0.12152505606815112,8.228755717991202
AdamW update,925,969932800,block08.v,0.05446092039346695,0.025766929611563683,0.010636964812874794,0.003920542076230049,0.001331800245679915,68.58866619173526,0.0823063994300823,0.0001684463539123535,0.17212255210169136,5.809813924959654
AdamW update,925,969932800,block08.o,0.05944798141717911,0.029855448752641678,0.012943325564265251,0.005152671132236719,0.001967098331078887,88.34102475402743,0.10600922970483291,0.00016030160522460934,0.13484716819347486,7.415802744668902
AdamW update,925,969932800,block08.up,0.06301326304674149,0.041159920394420624,0.026042869314551353,0.016889752820134163,0.012524121440947056,153.72948283559367,0.18447537940271239,0.00041406454467773435,0.08696414686079379,11.498991666079712
AdamW update,925,969932800,block08.down,0.053881607949733734,0.03273766487836838,0.020003627985715866,0.013082695193588734,0.009834017604589462,133.65308256573707,0.16038369907888447,0.000258468521118164,0.24203888208320734,4.131567586964078
AdamW update,950,996147200,block02.q,0.056749600917100906,0.019272003322839737,0.007310078479349613,0.0026378310285508633,0.0007645423174835742,58.27532560297269,0.06993039072356723,0.00015018112564086912,0.16334561305554018,6.121988716403321
AdamW update,950,996147200,block02.k,0.054115187376737595,0.02067672088742256,0.007979193702340126,0.0029063699766993523,0.0009237771155312657,54.00683174071427,0.06480819808885711,0.00014694767761230467,0.17200115623816092,5.813914405408721
AdamW update,950,996147200,block02.v,0.046594493091106415,0.01746862381696701,0.0063928160816431046,0.002248069504275918,0.0007046679384075105,49.07043009462204,0.05888451611354644,0.00012987463760375976,0.21992866869913996,4.5469288106681045
AdamW update,950,996147200,block02.o,0.06410639733076096,0.02688739262521267,0.010759740136563778,0.004202903248369694,0.0014707319205626845,65.82152067813516,0.07898582481376218,8.392733001708984e-05,0.09332635370482567,10.715087007072178
AdamW update,950,996147200,block02.up,0.07235756516456604,0.03275372460484505,0.0150064155459404,0.010154957883059978,0.007916733622550964,150.41454070086917,0.180497448841043,0.0003923904876708984,0.0981315779902161,10.190399670325304
AdamW update,950,996147200,block02.down,0.06388282030820847,0.04470443353056908,0.029507124796509743,0.020359043031930923,0.01563531905412674,140.64563886936403,0.16877476664323682,0.00021327777099609374,0.0934815210373765,10.697301337236183
AdamW update,950,996147200,block04.q,0.0631033182144165,0.028953272849321365,0.010830010287463665,0.00373955350369215,0.0009296839707531035,72.37060771307446,0.08684472925568935,0.00015419023132324218,0.11538336365232738,8.666760686689594
AdamW update,950,996147200,block04.k,0.05250958725810051,0.024577731266617775,0.009245071560144424,0.0030992417596280575,0.0010119375074282289,62.8791117262555,0.0754549340715066,0.00014485344314575194,0.12589254664149863,7.94328200260876
AdamW update,950,996147200,block04.v,0.04857444390654564,0.02020544745028019,0.007481059525161982,0.0024210645351558924,0.000732551037799567,58.44818449779096,0.07013782139734914,0.0001431100387573242,0.18991500415910778,5.265513403892069
AdamW update,950,996147200,block04.o,0.05619090422987938,0.025853855535387993,0.010935449972748756,0.004464457742869854,0.001620820607058704,76.75163693428726,0.0921019643211447,0.00010827775955200194,0.16145177133506738,6.193800115854161
AdamW update,950,996147200,block04.up,0.07086082547903061,0.040842313319444656,0.021786097437143326,0.01376139372587204,0.010103769600391388,155.55754212700177,0.1866690505524021,0.00042670491027832025,0.08243341896087575,12.13100236051857
AdamW update,950,996147200,block04.down,0.059078868478536606,0.04171387851238251,0.027645424008369446,0.018718909472227097,0.013887659646570683,134.2061341898056,0.1610473610277667,0.00022091249084472655,0.13072752071322213,7.649498701912254
AdamW update,950,996147200,block06.q,0.07027263194322586,0.03590982034802437,0.014346686191856861,0.005296651273965836,0.0018408716423437,84.33397575839561,0.10120077091007472,0.0002463503723144531,0.07594129156187623,13.168066797826445
AdamW update,950,996147200,block06.k,0.06601963192224503,0.03027110919356346,0.011168713681399822,0.0038247734773904085,0.0012804005527868867,71.27752345091866,0.08553302814110239,0.00020299005889892575,0.08320061880428753,12.019141376247404
AdamW update,950,996147200,block06.v,0.06194160506129265,0.030859582126140594,0.0121832974255085,0.004378258716315031,0.0014102625427767634,60.17417641760538,0.07220901170112645,0.00016135964584350584,0.11697976319109049,8.548487129064071
AdamW update,950,996147200,block06.o,0.06658516079187393,0.03452726826071739,0.015533979050815105,0.006329287309199572,0.0023332827258855104,76.72998359184173,0.09207598031021007,0.00013817818450927733,0.08170249787703288,12.2395278722697
AdamW update,950,996147200,block06.up,0.0679246038198471,0.043244149535894394,0.02530832402408123,0.01609211601316929,0.011884095147252083,149.37498063471736,0.17924997676166082,0.00041946789550781246,0.0814343315514634,12.279833099238225
AdamW update,950,996147200,block06.down,0.06319686770439148,0.04168461635708809,0.02686741016805172,0.018221203237771988,0.013952686451375484,137.8849972050706,0.16546199664608469,0.0002841337966918945,0.06319867534474444,15.823116458455317
AdamW update,950,996147200,block08.q,0.06460471451282501,0.03460249677300453,0.014725066721439362,0.00555702019482851,0.0020316853187978268,89.54407994194435,0.1074528959303332,0.00021589716339111324,0.11761060496452558,8.502634607666767
AdamW update,950,996147200,block08.k,0.06651260703802109,0.03551054745912552,0.014322211965918541,0.004969595465809107,0.0016273909714072943,78.14755682842672,0.09377706819411205,0.00019565746307373044,0.09054730997515836,11.043950397580556
AdamW update,950,996147200,block08.v,0.05558287724852562,0.02733694575726986,0.011030733585357666,0.004133929498493671,0.0013391990214586258,66.62625594642478,0.07995150713570973,0.0001705476608276367,0.18583208499525572,5.381202067584454
AdamW update,950,996147200,block08.o,0.06302426755428314,0.03146066889166832,0.013652540743350983,0.0054942043498158455,0.0020399270579218864,86.55548539482258,0.10386658247378709,0.0001637688102722168,0.1635585884010915,6.114017061260762
AdamW update,950,996147200,block08.up,0.0626160204410553,0.041080541908741,0.026163829490542412,0.017107365652918816,0.012643602676689625,154.85988162586074,0.18583185795103288,0.0004175055999755859,0.1256251599099869,7.96018887232877
AdamW update,950,996147200,block08.down,0.05269157513976097,0.03216712549328804,0.01997767575085163,0.013150366954505444,0.009826951660215855,137.63547417039683,0.16516256900447618,0.0002630413742065429,0.310417524281835,3.221467609837896
AdamW update,975,1022361600,block02.q,0.05156944319605827,0.01813622936606407,0.006853215396404266,0.002494481159374118,0.0007404609932564199,65.74979835522971,0.07889975802627565,0.0001511106033325195,0.200448894072772,4.988802780009127
AdamW update,975,1022361600,block02.k,0.05123405158519745,0.01953607052564621,0.007725427392870188,0.0028179576620459557,0.0008987663313746452,59.97898865573404,0.07197478638688085,0.00014772695159912108,0.15759557141393898,6.34535597052667
AdamW update,975,1022361600,block02.v,0.04091186448931694,0.015531571581959724,0.005923242773860693,0.002056295285001397,0.0006463838508352637,58.04814078773697,0.06965776894528436,0.00013015802764892577,0.3060342699295724,3.267607906232625
AdamW update,975,1022361600,block02.o,0.05496228486299515,0.02365955151617527,0.009704680182039738,0.0038106555584818125,0.0013555483892560005,74.42898129781061,0.08931477755737272,8.487108993530273e-05,0.15790503331647088,6.3329203572365875
AdamW update,975,1022361600,block02.up,0.07145126163959503,0.03296106681227684,0.014994786120951176,0.010230162180960178,0.00788404792547226,154.96996581880822,0.18596395898256984,0.00039570826721191404,0.10813022975014874,9.24810760423474
AdamW update,975,1022361600,block02.down,0.06379935890436172,0.0432884506881237,0.028475938364863396,0.019517507404088974,0.015104783698916435,145.08193657485018,0.1740983238898202,0.00021718334197998044,0.11935992765546022,8.378021163740662
AdamW update,975,1022361600,block04.q,0.060612015426158905,0.027899472042918205,0.010559281334280968,0.0036143839824944735,0.000949798384681344,75.19669306016229,0.09023603167219474,0.00015531710815429686,0.16024555083460257,6.240422868477328
AdamW update,975,1022361600,block04.k,0.050567179918289185,0.023444218561053276,0.00884400773793459,0.002959213452413678,0.0009639288182370365,65.18075791809498,0.07821690950171398,0.000145557071685791,0.14979084099854845,6.675975602605039
AdamW update,975,1022361600,block04.v,0.044398266822099686,0.018582331016659737,0.00700459536164999,0.0023993023205548525,0.000713369227014482,64.83018912170054,0.07779622694604064,0.00014382836151123046,0.20131923687790731,4.96723520070992
AdamW update,975,1022361600,block04.o,0.04544082656502724,0.021311745047569275,0.00926234945654869,0.0038157289382070303,0.0014070789329707623,91.39205082792742,0.1096704609935129,0.00010970618820190428,0.2524057409307865,3.9618750204030233
AdamW update,975,1022361600,block04.up,0.06982923299074173,0.03987887129187584,0.021420009434223175,0.01357133686542511,0.010001483373343945,161.29896205804354,0.19355875446965223,0.0004306379241943359,0.0961256683559677,10.40304860400919
AdamW update,975,1022361600,block04.down,0.058070141822099686,0.04028329625725746,0.02644662745296955,0.017997195944190025,0.013493146747350693,136.62694019003254,0.16395232822803904,0.00022468299865722655,0.16010509308763687,6.245897495919315
AdamW update,975,1022361600,block06.q,0.06868230551481247,0.03486473113298416,0.014170100912451744,0.005211793817579746,0.0018195243319496512,87.32818845581924,0.10479382614698309,0.0002494288101196289,0.10013168090410662,9.986849226646587
AdamW update,975,1022361600,block06.k,0.06319255381822586,0.029015574604272842,0.010632362216711044,0.003706773044541478,0.0012179705081507564,74.95465066432895,0.08994558079719474,0.00020552183532714842,0.09369117766390023,10.673363543228318
AdamW update,975,1022361600,block06.v,0.055739834904670715,0.027232153341174126,0.011151205748319626,0.004086807370185852,0.0013347790809348226,66.89745979273789,0.08027695175128546,0.00016245650482177732,0.155573552862748,6.427827748346354
AdamW update,975,1022361600,block06.o,0.057314325124025345,0.030047018080949783,0.013709873892366886,0.005697418935596943,0.002164395060390234,85.40390482067369,0.10248468578480842,0.00013995968627929687,0.15311967267486182,6.530839457340177
AdamW update,975,1022361600,block06.up,0.06650660187005997,0.042434073984622955,0.024922935292124748,0.01601478084921837,0.011936764232814312,151.01435540113607,0.18121722648136326,0.00042228918457031244,0.07717647936978356,12.95731559881862
AdamW update,975,1022361600,block06.down,0.06152210012078285,0.04036582633852959,0.025890594348311424,0.01759062521159649,0.013442589901387691,141.26687272329931,0.16952024726795917,0.0002875193939208984,0.07571162318731695,13.2080116354911
AdamW update,975,1022361600,block08.q,0.062359776347875595,0.03306248411536217,0.014359488151967525,0.0054512666538357735,0.0019447033992037177,90.51752470899692,0.10862102965079629,0.0002170572052001953,0.11165641265063275,8.956046287542385
AdamW update,975,1022361600,block08.k,0.06616529822349548,0.03415245935320854,0.013911733403801918,0.00485589075833559,0.001577783958055079,78.45607898222958,0.09414729477867549,0.00019671173858642576,0.07741563751058411,12.917286896504365
AdamW update,975,1022361600,block08.v,0.0472751148045063,0.02325715310871601,0.009661802090704441,0.0036649855319410563,0.0012119004968553782,77.68279721515658,0.0932193566581879,0.0001726310234069824,0.24341489452297438,4.108212038378844
AdamW update,975,1022361600,block08.o,0.05271514132618904,0.02620413526892662,0.011618927121162415,0.004796065390110016,0.001747465692460537,99.39513037426997,0.11927415644912395,0.0001671679000854492,0.2473886909577283,4.042221963051947
AdamW update,975,1022361600,block08.up,0.06218590587377548,0.0411013662815094,0.026124881580471992,0.017179060727357864,0.012861412949860096,154.34337053578764,0.18521204464294516,0.00042101774597167965,0.07405016968053602,13.504357982083715
AdamW update,975,1022361600,block08.down,0.05439433455467224,0.033253125846385956,0.020630644634366035,0.01359910424798727,0.010218380950391293,132.38537109896032,0.15886244531875238,0.0002675538711547851,0.2085586365465133,4.794814621723792
AdamW update,1000,1048576000,block02.q,0.05399882420897484,0.0186169371008873,0.007294899318367243,0.0026353660505264997,0.0007554665789939463,61.82516397754327,0.07419019677305191,0.00015189644622802732,0.17844162327374935,5.604073655314648
AdamW update,1000,1048576000,block02.k,0.054212603718042374,0.02113000676035881,0.008282388560473919,0.0030052552465349436,0.000959553406573832,55.08262702894328,0.06609915243473193,0.00014841927337646483,0.11709919541093328,8.53976832625301
AdamW update,1000,1048576000,block02.v,0.0458848737180233,0.017428448423743248,0.006435972638428211,0.002265872899442911,0.0007155949715524912,50.13300193793083,0.06015960232551699,0.0001303908462524414,0.21420827745822013,4.668353678326194
AdamW update,1000,1048576000,block02.o,0.06391103565692902,0.027415648102760315,0.010836333967745304,0.004195946268737316,0.0014621036825701594,63.79303822379531,0.07655164586855435,8.576596069335937e-05,0.08422113989297575,11.873503508391751
AdamW update,1000,1048576000,block02.up,0.07266171276569366,0.03431091085076332,0.015225127339363098,0.010325931943953037,0.00795948226004839,151.3331579960507,0.1815997895952608,0.00039931311035156246,0.08835278040406624,11.318262938943992
AdamW update,1000,1048576000,block02.down,0.06379643827676773,0.04441368952393532,0.029852671548724174,0.020463213324546814,0.015780562534928322,142.72061672285813,0.17126474006742973,0.00022105410003662106,0.10173535554012236,9.829424536739543
AdamW update,1000,1048576000,block04.q,0.06384581327438354,0.029494117945432663,0.011243961751461029,0.0038555029314011335,0.0009836491663008928,72.1108569603858,0.08653302835246296,0.0001566613655090332,0.1519764392126035,6.579967297437966
AdamW update,1000,1048576000,block04.k,0.054921358823776245,0.025636175647377968,0.009676221758127213,0.0032573784701526165,0.0010167964501306415,60.922704471607595,0.07310724536592911,0.0001463634452819824,0.10214866591543714,9.789653061429515
AdamW update,1000,1048576000,block04.v,0.05289725586771965,0.021957235410809517,0.008020127192139626,0.002650568028911948,0.0007995584746822715,53.887588094666896,0.06466510571360026,0.00014465476226806638,0.21649074431879,4.619135118901277
AdamW update,1000,1048576000,block04.o,0.057286594063043594,0.02717801183462143,0.011400789022445679,0.004593050107359886,0.0016360983718186617,72.6958152310304,0.08723497827723646,0.00011130824661254882,0.1260227283103319,7.935076580293458
AdamW update,1000,1048576000,block04.up,0.07046869397163391,0.040774110704660416,0.02208259515464306,0.01387495081871748,0.010194264352321625,158.18892505163268,0.1898267100619592,0.00043465791320800777,0.09100204680245216,10.988763826057742
AdamW update,1000,1048576000,block04.down,0.05934351682662964,0.041849687695503235,0.02774733491241932,0.01890604756772518,0.014163187704980373,136.02993166087128,0.16323591799304552,0.00022848790740966795,0.13815549808146788,7.238220801102809
AdamW update,1000,1048576000,block06.q,0.07126163691282272,0.036294739693403244,0.01467624306678772,0.005399760324507952,0.0018806890584528446,85.84153533128215,0.10300984239753856,0.0002526040878295898,0.07740251996637326,12.919476012337064
AdamW update,1000,1048576000,block06.k,0.0655023381114006,0.030368531122803688,0.011223851703107357,0.003908596467226744,0.0013160165399312973,74.12980081634468,0.08895576097961361,0.00020813827514648436,0.07895148034322919,12.666006965957532
AdamW update,1000,1048576000,block06.v,0.0621131956577301,0.03118755854666233,0.012561578303575516,0.004465764854103327,0.001377273234538734,60.39510337015542,0.07247412404418649,0.00016369818878173825,0.1454245120152189,6.87641984244959
AdamW update,1000,1048576000,block06.o,0.06749733537435532,0.03548441082239151,0.01592111401259899,0.006507962476462126,0.0024247802793979645,75.12612613933881,0.09015135136720656,0.0001419352111816406,0.07249278908020429,13.794475460085057
AdamW update,1000,1048576000,block06.up,0.0666239932179451,0.04293128848075867,0.02536030113697052,0.016277998685836792,0.01215202733874321,151.63900383422757,0.18196680460107306,0.00042526840209960933,0.09278341153732583,10.7777886524221
AdamW update,1000,1048576000,block06.down,0.062137361615896225,0.04107197746634483,0.026758218184113503,0.018218962475657463,0.013925941661000252,139.96322325277794,0.1679558679033335,0.00029108310699462885,0.08248923461975721,12.122794018026775
AdamW update,1000,1048576000,block08.q,0.06713885813951492,0.0361398309469223,0.015538728795945644,0.0058085559867322445,0.0019595583435148,85.68353148413848,0.10282023778096618,0.00021844992828369138,0.10084833939630755,9.915879686132085
AdamW update,1000,1048576000,block08.k,0.06881831586360931,0.03612370416522026,0.014812595210969448,0.005159952212125063,0.001615227316506207,75.360664884871,0.09043279786184519,0.00019796246337890622,0.0894706046338456,11.17685528216172
AdamW update,1000,1048576000,block08.v,0.05817082151770592,0.02805470861494541,0.011787467636168003,0.0042524179443717,0.0014593519736081362,64.46634984489874,0.07735961981387848,0.00017480098342895507,0.16085908025247253,6.216621395761271
AdamW update,1000,1048576000,block08.o,0.06407619267702103,0.0321931354701519,0.014048111625015736,0.005677507724612951,0.0020858184434473515,83.8104478585089,0.10057253743021066,0.00017059619522094725,0.12574641045981494,7.952513287204904
AdamW update,1000,1048576000,block08.up,0.06401083618402481,0.042451776564121246,0.027179783210158348,0.017863567918539047,0.013188328593969345,153.74089087353346,0.18448906904824014,0.0004245386810302734,0.12280321920681647,8.143109003648112
AdamW update,1000,1048576000,block08.down,0.05537387356162071,0.03417156636714935,0.02125314436852932,0.013939662836492062,0.010432315990328789,133.28169961627052,0.1599380395395246,0.0002721835098266601,0.261695425460303,3.8212360733515824
AdamW update,1025,1074790400,block02.q,0.05772880092263222,0.020410066470503807,0.007584075443446636,0.002737566130235791,0.0007827677763998508,60.94579697454053,0.07313495636944863,0.00015279513931274412,0.13886835379171103,7.201064696856005
AdamW update,1025,1074790400,block02.k,0.05775221437215805,0.022523250430822372,0.00862034223973751,0.0031023810151964426,0.0010166168212890625,54.33359579948687,0.06520031495938423,0.00014920618057250975,0.10635805726185854,9.402202576321537
AdamW update,1025,1074790400,block02.v,0.049398720264434814,0.018788503482937813,0.006874557584524155,0.002458522329106927,0.0007701274589635432,48.370478016429374,0.058044573619715246,0.0001306870994567871,0.15396774699777271,6.494866746439214
AdamW update,1025,1074790400,block02.o,0.06470780819654465,0.028234008699655533,0.01114723365753889,0.004279893357306719,0.0015034973621368408,65.31718977849175,0.07838062773419009,8.667335128784178e-05,0.0934351285673154,10.702612768168338
AdamW update,1025,1074790400,block02.up,0.07429610192775726,0.03538914769887924,0.01525728590786457,0.010257295332849026,0.007891872897744179,151.85430681008015,0.18222516817209616,0.00040268147277832024,0.07707328781916178,12.974663833549116
AdamW update,1025,1074790400,block02.down,0.06515675038099289,0.04624711722135544,0.031077459454536438,0.02151886373758316,0.016658907756209373,143.16899308866834,0.171802791706402,0.0002248230056762695,0.06796710954091711,14.712998783595271
AdamW update,1025,1074790400,block04.q,0.06425414234399796,0.030376773327589035,0.011537553742527962,0.0039373356848955154,0.0009855283424258232,72.14737602494546,0.08657685122993454,0.00015778460311889646,0.10364433049723232,9.648381104904756
AdamW update,1025,1074790400,block04.k,0.05716945230960846,0.026895632967352867,0.010116798803210258,0.003423138288781047,0.0010962277883663774,60.664970793167235,0.07279796495180067,0.00014709466552734372,0.10135445639793605,9.866364396192091
AdamW update,1025,1074790400,block04.v,0.05632052198052406,0.023825909942388535,0.008533895015716553,0.002837236039340496,0.0008564757299609482,52.14368054149806,0.06257241664979767,0.00014541304779052734,0.12304943818442471,8.126814837636353
AdamW update,1025,1074790400,block04.o,0.06341245025396347,0.029427139088511467,0.012257710099220276,0.004894026089459658,0.0018320248927921057,70.95202253118633,0.08514242703742358,0.00011279054260253905,0.09398291334708464,10.640231978199472
AdamW update,1025,1074790400,block04.up,0.07094172388315201,0.04195679724216461,0.022651268169283867,0.014326321892440319,0.010494683869183064,156.97222317159876,0.1883666678059185,0.00043851457214355463,0.07322071006186892,13.657338192364362
AdamW update,1025,1074790400,block04.down,0.06052899360656738,0.04343940690159798,0.02912743203341961,0.01980331540107727,0.01482799556106329,136.54144295641433,0.1638497315476972,0.00023223971557617185,0.11202891008474936,8.926267329062691
AdamW update,1025,1074790400,block06.q,0.06978108733892441,0.036348551511764526,0.015073027461767197,0.005605908576399088,0.0019147413549944758,87.35777953783817,0.10482933544540579,0.00025557760620117183,0.08284035894924902,12.071410755385983
AdamW update,1025,1074790400,block06.k,0.06434935331344604,0.030314486473798752,0.011677009984850883,0.004026780370622873,0.0013353696558624506,74.20477871025744,0.08904573445230893,0.00021060372161865233,0.12934704061216085,7.731139384923684
AdamW update,1025,1074790400,block06.v,0.06770195811986923,0.03383040800690651,0.013654562644660473,0.00481091532856226,0.0015438128029927611,57.1912903046646,0.06862954836559751,0.00016479471588134765,0.08697991434307628,11.496907160148305
AdamW update,1025,1074790400,block06.o,0.0703311488032341,0.03686317056417465,0.01670762710273266,0.006810142192989588,0.0025494953151792288,73.82643078005631,0.08859171693606757,0.00014367090225219726,0.05962107501979208,16.772592571805113
AdamW update,1025,1074790400,block06.up,0.06974956393241882,0.045046936720609665,0.02675790712237358,0.0171373151242733,0.012715102173388004,147.0913276898664,0.17650959322783966,0.00042803096008300776,0.051388015737821924,19.45979010168305
AdamW update,1025,1074790400,block06.down,0.06485642492771149,0.04381474480032921,0.028322219848632812,0.019435733556747437,0.014892063103616238,136.9720570075276,0.16436646840903313,0.00029439820861816405,0.05476402584539408,18.26016229747479
AdamW update,1025,1074790400,block08.q,0.06758884340524673,0.03617081791162491,0.015721723437309265,0.005862261634320021,0.0020402660593390465,87.0674423649097,0.10448093083789163,0.0002195782241821289,0.05779292727805174,17.303155370359207
AdamW update,1025,1074790400,block08.k,0.06812557578086853,0.03702378273010254,0.015104198828339577,0.005276333540678024,0.001737239770591259,76.16316337164163,0.09139579604596995,0.00019895565032958983,0.06508536753386895,15.36443655295674
AdamW update,1025,1074790400,block08.v,0.060104478150606155,0.029576145112514496,0.01229498814791441,0.004513677209615707,0.0015242921654134989,62.33704605901681,0.07480445527082016,0.0001768538475036621,0.11182014979247956,8.942932037346052
AdamW update,1025,1074790400,block08.o,0.06557083874940872,0.033967144787311554,0.014733363874256611,0.005888746120035648,0.002167915226891637,82.19815798568528,0.09863778958282234,0.00017378023910522459,0.10986282679861237,9.102259873879657
AdamW update,1025,1074790400,block08.up,0.065437451004982,0.0438133142888546,0.02816547267138958,0.018597951158881187,0.01379658654332161,150.18424746257563,0.18022109695509073,0.00042799447631835933,0.06031892816491169,16.578543923492877
AdamW update,1025,1074790400,block08.down,0.05780019983649254,0.035685453563928604,0.02233700454235077,0.014678729698061943,0.010940391570329666,125.99894921788271,0.15119873906145925,0.0002766342086791992,0.21820679447408597,4.582808717804427
AdamW update,1050,1101004800,block02.q,0.05591734126210213,0.019417546689510345,0.007519284263253212,0.0026924926787614822,0.0008015144267119467,61.34859030293878,0.07361830836352654,0.00015361055374145505,0.12266805209543463,8.152081841342104
AdamW update,1050,1101004800,block02.k,0.052321985363960266,0.020751575008034706,0.008070020005106926,0.00297167943790555,0.0009736124193295836,57.59485575784396,0.06911382690941274,0.0001498743324279785,0.11437750836098903,8.74297765644519
AdamW update,1050,1101004800,block02.v,0.04376458749175072,0.017039328813552856,0.006516458932310343,0.0023429871071130037,0.0007367657381109893,53.46530629678195,0.06415836755613832,0.0001309379081726074,0.2289706719340865,4.3673715570344696
AdamW update,1050,1101004800,block02.o,0.061945121735334396,0.026550132781267166,0.01083226315677166,0.004196171183139086,0.00149161322042346,66.66562245916586,0.07999874695099903,8.753577232360838e-05,0.12023832589819339,8.316815728511614
AdamW update,1050,1101004800,block02.up,0.07303977757692337,0.034717243164777756,0.015526817180216312,0.010452521964907646,0.008098647929728031,152.78394794506613,0.18334073753407934,0.0004060263977050781,0.09078525735812892,11.01500429805699
AdamW update,1050,1101004800,block02.down,0.06253358721733093,0.0441046766936779,0.029437188059091568,0.020502761006355286,0.015769019722938538,144.3055522864142,0.17316666274369705,0.00022868424224853514,0.1161910314788237,8.606516245466452
AdamW update,1050,1101004800,block04.q,0.060164179652929306,0.027873801067471504,0.011034970171749592,0.00380532699637115,0.0009883474558591843,76.8387192149986,0.09220646305799832,0.00015904454040527343,0.1644892250608656,6.079425564987446
AdamW update,1050,1101004800,block04.k,0.052238937467336655,0.024910861626267433,0.009523499757051468,0.003154861507937312,0.0009907173225656152,64.95113318998312,0.07794135982797974,0.00014792780685424803,0.12366679806668035,8.086244777363818
AdamW update,1050,1101004800,block04.v,0.049242399632930756,0.0212481040507555,0.007952133193612099,0.002678748220205307,0.0007846694206818938,58.68694224497522,0.07042433069397026,0.0001462209777832031,0.221312335779289,4.518500952415427
AdamW update,1050,1101004800,block04.o,0.053317591547966,0.02560810185968876,0.010830521583557129,0.004403447266668081,0.0016628169687464833,79.83280028543483,0.09579936034252179,0.00011428135299682616,0.1945819628170975,5.139222492785606
AdamW update,1050,1101004800,block04.up,0.06980770081281662,0.04137333109974861,0.022478673607110977,0.014282790012657642,0.010511849075555801,157.5665941516279,0.18907991298195345,0.0004423001403808593,0.08887915462221319,11.251232128057103
AdamW update,1050,1101004800,block04.down,0.05825047940015793,0.04114684835076332,0.027681587263941765,0.01882418803870678,0.014040309004485607,137.04304510121523,0.16445165412145826,0.00023610186767578122,0.13969400898126683,7.15850312617273
AdamW update,1050,1101004800,block06.q,0.06999494135379791,0.036229413002729416,0.015018497593700886,0.005610400345176458,0.0020071566104888916,85.530975452654,0.1026371705431848,0.00025848712921142575,0.07920702520689904,12.625142749495643
AdamW update,1050,1101004800,block06.k,0.06442761421203613,0.030092788860201836,0.011445197276771069,0.004088695626705885,0.0013764764880761504,74.0169695209213,0.08882036342510555,0.00021306534576416014,0.10040525842896741,9.959637728610188
AdamW update,1050,1101004800,block06.v,0.06085536628961563,0.03054160065948963,0.012442119419574738,0.00447931420058012,0.001477277372032404,62.618311125962975,0.07514197335115556,0.00016586624908447264,0.14492651624589659,6.900048561874637
AdamW update,1050,1101004800,block06.o,0.06459033489227295,0.03405040130019188,0.015582230873405933,0.006477965507656336,0.002439298899844289,77.91269908231938,0.09349523889878325,0.0001453816909790039,0.08590294520549069,11.641044408988234
AdamW update,1050,1101004800,block06.up,0.0666685551404953,0.04308357089757919,0.025891676545143127,0.016719134524464607,0.012348610907793045,150.3729816096995,0.1804475779316394,0.0004308352661132812,0.07886816480695646,12.67938720835807
AdamW update,1050,1101004800,block06.down,0.0624573640525341,0.041544750332832336,0.027050623670220375,0.018479634076356888,0.01421444583684206,139.44255400288978,0.1673310648034677,0.00029783674621582025,0.08145857146414048,12.276178946253898
AdamW update,1050,1101004800,block08.q,0.06826850771903992,0.03647690638899803,0.016040226444602013,0.005966979544609785,0.002048163441941142,83.43972466754978,0.10012766960105973,0.00022076552581787106,0.0775266587329293,12.898788833978884
AdamW update,1050,1101004800,block08.k,0.06659657508134842,0.03672507405281067,0.014973766170442104,0.005202274303883314,0.001670307945460081,74.63724033082688,0.08956468839699225,0.00020005927276611326,0.09069709893971467,11.025710984038074
AdamW update,1050,1101004800,block08.v,0.055275414139032364,0.027180006727576256,0.011413433589041233,0.004220958333462477,0.001415443723089993,67.37875153245672,0.08085450183894806,0.00017895790100097653,0.17611101537437523,5.678236525263391
AdamW update,1050,1101004800,block08.o,0.06262490898370743,0.03136647120118141,0.01384867262095213,0.005521743092685938,0.0020187157206237316,85.4220927084719,0.10250651125016626,0.00017701845932006834,0.13670577920246174,7.314979701911478
AdamW update,1050,1101004800,block08.up,0.06432517617940903,0.04230571910738945,0.027401767671108246,0.018162379041314125,0.013617673888802528,151.89127738052133,0.1822695328566256,0.000431356704711914,0.08543008294969923,11.705478509119494
AdamW update,1050,1101004800,block08.down,0.054007966071367264,0.033345334231853485,0.020758232101798058,0.01374787651002407,0.010305166244506836,132.0052113865317,0.15840625366383804,0.0002810416030883789,0.26241515211245314,3.810755560225686
AdamW update,1075,1127219200,block02.q,0.05695953965187073,0.020487124100327492,0.007962329313158989,0.002870808355510235,0.0008621484157629311,59.877233562768495,0.07185268027532218,0.00015444921112060545,0.12483439242146588,8.010612945700093
AdamW update,1075,1127219200,block02.k,0.05460255220532417,0.02174101397395134,0.008563893847167492,0.00312640517950058,0.0010177515214309096,55.299136582459546,0.06635896389895145,0.0001505836486816406,0.13649039790114248,7.326522710588637
AdamW update,1075,1127219200,block02.v,0.045654769986867905,0.01781243458390236,0.006798975169658661,0.002400734694674611,0.0007602868136018515,52.56640727001625,0.06307968872401949,0.0001312287139892578,0.21402197048104554,4.672417498784608
AdamW update,1075,1127219200,block02.o,0.06131504848599434,0.026625409722328186,0.010896327905356884,0.004226806573569775,0.0014598772395402193,67.30130543361977,0.08076156652034372,8.832126617431639e-05,0.10246212718778569,9.759703682193395
AdamW update,1075,1127219200,block02.up,0.07329111546278,0.035260867327451706,0.015665024518966675,0.01054463628679514,0.008108851499855518,153.1939646177582,0.18383275754130984,0.00040925138854980465,0.08755493292378347,11.421401017695937
AdamW update,1075,1127219200,block02.down,0.06336019933223724,0.044734787195920944,0.029996655881404877,0.020780671387910843,0.016113780438899994,142.7987574081433,0.17135850888977194,0.00023226544189453122,0.1030132268992654,9.707491262048128
AdamW update,1075,1127219200,block04.q,0.06469625234603882,0.03030995838344097,0.01168848667293787,0.004013670142740011,0.0010545605327934027,72.55292795068625,0.08706351354082349,0.00016030189132690427,0.1230764323545408,8.125032395473932
AdamW update,1075,1127219200,block04.k,0.05587736889719963,0.02633274719119072,0.009972324594855309,0.003372709732502699,0.0011111433850601315,61.946063877248825,0.07433527665269858,0.00014874692916870116,0.11403775372572511,8.769025759706944
AdamW update,1075,1127219200,block04.v,0.0502103790640831,0.021656621247529984,0.00814903061836958,0.002764407778158784,0.000869574723765254,58.873800108444954,0.07064856013013394,0.00014699361419677733,0.20007082649178276,4.9982299645324435
AdamW update,1075,1127219200,block04.o,0.05558604747056961,0.026067011058330536,0.01116293203085661,0.004535409156233072,0.00166526366956532,78.34044454644949,0.09400853345573938,0.00011573445510864256,0.16595155611867085,6.025854914460137
AdamW update,1075,1127219200,block04.up,0.07034076750278473,0.04208364337682724,0.023071423172950745,0.014462551102042198,0.010681628249585629,157.2600124238296,0.18871201490859552,0.00044606698608398433,0.08073514484657895,12.386179549195095
AdamW update,1075,1127219200,block04.down,0.05856311693787575,0.04183564335107803,0.02808251604437828,0.0191821176558733,0.014374221675097942,136.06797165011088,0.16328156598013305,0.00023977993011474607,0.14321028665733682,6.982738624025853
AdamW update,1075,1127219200,block06.q,0.07153041660785675,0.037050582468509674,0.015450919046998024,0.005724290385842323,0.0020459669176489115,84.2889601412391,0.10114675216948692,0.0002613335037231445,0.061740514434532656,16.19682001613969
AdamW update,1075,1127219200,block06.k,0.06449554115533829,0.031188247725367546,0.012111642397940159,0.004205156117677689,0.0014062022091820836,72.38716382034562,0.08686459658441474,0.00021544958496093748,0.0788087690828867,12.688943269095542
AdamW update,1075,1127219200,block06.v,0.06080828607082367,0.030965883284807205,0.012754119001328945,0.004581932909786701,0.0014914559433236718,62.84556999189367,0.0754146839902724,0.000167027961730957,0.11639604231419298,8.591357404581299
AdamW update,1075,1127219200,block06.o,0.06237824633717537,0.03356305882334709,0.015365967527031898,0.006315537728369236,0.002410785062238574,79.87249644766466,0.09584699573719759,0.0001471786880493164,0.11904940942489262,8.399873672879432
AdamW update,1075,1127219200,block06.up,0.06692269444465637,0.04389006644487381,0.026229089125990868,0.01686381734907627,0.012575868517160416,149.6031268586804,0.17952375223041647,0.0004336070251464843,0.07031397932622951,14.22192300282692
AdamW update,1075,1127219200,block06.down,0.06150437891483307,0.04059043526649475,0.026589607819914818,0.018259529024362564,0.014113219454884529,140.6930398103748,0.16883164777244977,0.00030119128417968746,0.08790245799892293,11.376246156987476
AdamW update,1075,1127219200,block08.q,0.06547567248344421,0.035496167838573456,0.01544080302119255,0.00591369578614831,0.0020284997299313545,87.76999729146085,0.10532399674975301,0.00022190361785888669,0.0649549330139374,15.395289527670357
AdamW update,1075,1127219200,block08.k,0.06762417405843735,0.036194026470184326,0.01494438573718071,0.005184987559914589,0.0017242156900465488,77.29303599170701,0.09275164319004842,0.00020109592437744138,0.06787204271738378,14.733606945704526
AdamW update,1075,1127219200,block08.v,0.05310725048184395,0.026206539943814278,0.01110578142106533,0.004142988473176956,0.0013945811660960317,71.58910262612271,0.08590692315134725,0.00018111489486694334,0.1650466901200156,6.058891573486499
AdamW update,1075,1127219200,block08.o,0.059375740587711334,0.029712505638599396,0.013126381672918797,0.005337739363312721,0.001982581801712513,90.57001451441283,0.10868401741729539,0.00018031052398681638,0.18922611698077052,5.284682769776551
AdamW update,1075,1127219200,block08.up,0.0630982294678688,0.041648950427770615,0.027028314769268036,0.01803658716380596,0.013500475324690342,153.11553208340547,0.18373863850008654,0.00043470588684082026,0.07568541719723854,13.212584894577104
AdamW update,1075,1127219200,block08.down,0.0529533326625824,0.03277166932821274,0.020542727783322334,0.01352352648973465,0.01009686104953289,129.15868203318624,0.15499041843982347,0.00028540104675292967,0.2801056528470589,3.5700814668885394
AdamW update,1100,1153433600,block02.q,0.06092125549912453,0.021719766780734062,0.007917794398963451,0.0028619240038096905,0.000837297469843179,60.28249874013748,0.07233899848816497,0.00015525823974609374,0.08659729367828906,11.54770498619764
AdamW update,1100,1153433600,block02.k,0.06045348569750786,0.02342711202800274,0.008946683257818222,0.003233747323974967,0.0010197237133979797,54.50790339694992,0.0654094840763399,0.00015126563644409177,0.09187027232135936,10.884913854418881
AdamW update,1100,1153433600,block02.v,0.050120122730731964,0.0194428488612175,0.00704779801890254,0.0025119204074144363,0.0007856052834540606,48.774050116811054,0.05852886014017326,0.00013152913284301756,0.15502247951566606,6.450677367077872
AdamW update,1100,1153433600,block02.o,0.06649596244096756,0.0293596088886261,0.011705643497407436,0.004407472442835569,0.0015507530188187957,63.920558243144605,0.07670466989177352,8.912908744812011e-05,0.09071183690743112,11.02391963488152
AdamW update,1100,1153433600,block02.up,0.07332124561071396,0.03639460727572441,0.015768295153975487,0.010454980656504631,0.008031999692320824,153.36314318296573,0.18403577181955885,0.00041250961303710933,0.07984437581754467,12.524363673217723
AdamW update,1100,1153433600,block02.down,0.06508588045835495,0.046256717294454575,0.0314505398273468,0.021929118782281876,0.01695939525961876,141.79280645105956,0.17015136774127146,0.00023578903198242184,0.06702844698769272,14.91903878040935
AdamW update,1100,1153433600,block04.q,0.06464755535125732,0.030680445954203606,0.011860889382660389,0.004067827016115189,0.0011043399572372437,74.21559512345068,0.08905871414814082,0.00016150282287597653,0.10874247336580911,9.19603876064144
AdamW update,1100,1153433600,block04.k,0.05962740629911423,0.028129104524850845,0.010589998215436935,0.0036070484202355146,0.0011515102814882994,61.600681066706166,0.07392081728004739,0.00014950710296630858,0.08852617309739319,11.296094307610444
AdamW update,1100,1153433600,block04.v,0.05748317390680313,0.02485450729727745,0.00907196570187807,0.0030391840264201164,0.0009114252752624452,52.56384650149332,0.06307661580179198,0.000147862003326416,0.1353674592643097,7.387299764912223
AdamW update,1100,1153433600,block04.o,0.060529716312885284,0.029422657564282417,0.012228824198246002,0.004935826640576124,0.001788205816410482,72.22852550313759,0.0866742306037651,0.00011722766876220702,0.10436688164574637,9.581583585052496
AdamW update,1100,1153433600,block04.up,0.07060515880584717,0.04289039224386215,0.0236179418861866,0.014810155145823956,0.010884308256208897,157.4996690573251,0.18899960286879008,0.00044978686523437496,0.0702421944770828,14.23645726681076
AdamW update,1100,1153433600,block04.down,0.060275185853242874,0.04351054131984711,0.029451461508870125,0.02028578147292137,0.01516987569630146,135.69871468374936,0.16283845762049923,0.00024340596771240232,0.11826415243412214,8.455647627940682
AdamW update,1100,1153433600,block06.q,0.07222771644592285,0.038043491542339325,0.015882281586527824,0.00598222715780139,0.002045231405645609,84.98811191256775,0.10198573429508129,0.0002640499649047851,0.051975527122544385,19.239824112649547
AdamW update,1100,1153433600,block06.k,0.06819973886013031,0.033184874802827835,0.012740084901452065,0.0044263447634875774,0.001486552064307034,72.59773391379694,0.08711728069655633,0.0002178122634887695,0.06821574665318852,14.659371905493293
AdamW update,1100,1153433600,block06.v,0.06721610575914383,0.033973243087530136,0.013997363857924938,0.0049795545637607574,0.001586755970492959,58.69910843820305,0.07043893012584365,0.00016811436080932615,0.07791046895168652,12.835245551148144
AdamW update,1100,1153433600,block06.o,0.06950759142637253,0.03724038228392601,0.017192186787724495,0.006952472031116486,0.0026567953173071146,74.45169316177015,0.08934203179412417,0.00014890707778930661,0.05329762383826009,18.762562530642178
AdamW update,1100,1153433600,block06.up,0.06907755881547928,0.04566717520356178,0.027248790487647057,0.017515210434794426,0.012924473732709885,148.71047143430926,0.1784525657211711,0.00043634912109374993,0.05283567797167521,18.926604869839885
AdamW update,1100,1153433600,block06.down,0.06477910280227661,0.04331617429852486,0.0285780169069767,0.019713543355464935,0.015196110121905804,137.78066799656594,0.1653368015958791,0.0003045460052490234,0.053392503351618936,18.729221093351835
AdamW update,1100,1153433600,block08.q,0.06808770447969437,0.03674568235874176,0.016236240044236183,0.006120873615145683,0.002149462467059493,87.03455392660533,0.10444146471192638,0.00022290282440185543,0.0692042658860581,14.449976272365316
AdamW update,1100,1153433600,block08.k,0.06936071068048477,0.03770160302519798,0.01569460891187191,0.005353067070245743,0.0017430416774004698,76.64090644973106,0.09196908773967727,0.00020205800628662107,0.06460643421775902,15.478334505034793
AdamW update,1100,1153433600,block08.v,0.05994294956326485,0.030281109735369682,0.012585953809320927,0.004621453117579222,0.0015695778420194983,63.90152207054053,0.07668182648464864,0.00018323071289062497,0.11238018714544751,8.898365676378123
AdamW update,1100,1153433600,block08.o,0.06736165285110474,0.03412015736103058,0.014968302100896835,0.0059278057888150215,0.0022061229683458805,82.1744883192071,0.09860938598304851,0.00018343996810913084,0.06325483368078721,15.809068521884933
AdamW update,1100,1153433600,block08.up,0.06586365401744843,0.04420188441872597,0.0288991816341877,0.01915436051785946,0.014298359863460064,149.82780654968667,0.179793367859624,0.0004379423217773437,0.057148030519586834,17.49841579680093
AdamW update,1100,1153433600,block08.down,0.05923701077699661,0.03633816912770271,0.022763298824429512,0.015099352225661278,0.01124248094856739,125.66065306296571,0.15079278367555884,0.00028969198608398434,0.20656929252115575,4.840990583813832
AdamW update,1125,1179648000,block02.q,0.05759049579501152,0.020667385309934616,0.0076269363053143024,0.002745416248217225,0.0008235650602728128,61.49088268117057,0.07378905921740468,0.0001561163864135742,0.13183054533226457,7.585495436430219
AdamW update,1125,1179648000,block02.k,0.058731865137815475,0.022911904379725456,0.008753638714551926,0.003101757261902094,0.0010009591933339834,54.09765536737678,0.06491718644085213,0.00015201382827758787,0.10600901276804109,9.433160199200284
AdamW update,1125,1179648000,block02.v,0.05076838657259941,0.01950262114405632,0.007274874020367861,0.0025684363208711147,0.0008307256503030658,48.497494669724176,0.058196993603669006,0.00013183126831054685,0.1771219542876432,5.645827497905856
AdamW update,1125,1179648000,block02.o,0.06428508460521698,0.02792658656835556,0.011158958077430725,0.004254648461937904,0.0015333734918385744,66.30605738515084,0.079567268862181,8.996510124206541e-05,0.08133356622650822,12.295046761076119
AdamW update,1125,1179648000,block02.up,0.07364273816347122,0.03635460138320923,0.015943195670843124,0.010631458833813667,0.00824008509516716,153.32072857627762,0.18398487429153312,0.00041558093261718744,0.08604036395354342,11.622451998691444
AdamW update,1125,1179648000,block02.down,0.06442425400018692,0.04562578722834587,0.03081483207643032,0.021451743319630623,0.016520719975233078,140.00568695592324,0.16800682434710787,0.00023932086181640622,0.08144853485220782,12.277691695922423
AdamW update,1125,1179648000,block04.q,0.06142558157444,0.029219217598438263,0.011403745971620083,0.004011482000350952,0.0010588038712739944,77.0013386644504,0.09240160639734048,0.0001628631362915039,0.1503303024600342,6.652018812147692
AdamW update,1125,1179648000,block04.k,0.05560107156634331,0.026163950562477112,0.009895609691739082,0.0033096016850322485,0.0010751212248578668,65.05646065276933,0.07806775278332319,0.00015035466384887694,0.10103651885828757,9.89741146369647
AdamW update,1125,1179648000,block04.v,0.0554257296025753,0.023693548515439034,0.008969921618700027,0.0029833659064024687,0.0009046857594512403,54.809023031969225,0.06577082763836306,0.000148811954498291,0.13581462833827462,7.36297711251907
AdamW update,1125,1179648000,block04.o,0.05540047958493233,0.02667074464261532,0.011578082107007504,0.004674968775361776,0.0016886737430468202,78.39553989172633,0.09407464787007158,0.00011874286651611327,0.14300622519236672,6.992702580987903
AdamW update,1125,1179648000,block04.up,0.07033466547727585,0.04305557161569595,0.023705115541815758,0.014831649139523506,0.01091855764389038,156.99911299994477,0.1883989355999337,0.00045340118408203117,0.07503673778339603,13.326805369479667
AdamW update,1125,1179648000,block04.down,0.06030578538775444,0.043297071009874344,0.029033605009317398,0.019975824281573296,0.014990071766078472,134.41172653155922,0.16129407183787106,0.0002470005340576172,0.11334270317958328,8.822799985770347
AdamW update,1125,1179648000,block06.q,0.07146601378917694,0.03781867399811745,0.015892567113041878,0.005891774781048298,0.0021309922449290752,87.35760526381466,0.10482912631657759,0.0002666793594360351,0.06725118560544363,14.869626326990067
AdamW update,1125,1179648000,block06.k,0.06590263545513153,0.032094940543174744,0.012517828494310379,0.0044225528836250305,0.001513851573690772,74.63660449604298,0.08956392539525157,0.00022005354309082028,0.07855926401742241,12.729243489071203
AdamW update,1125,1179648000,block06.v,0.06586891412734985,0.033803630620241165,0.013872483745217323,0.005038421601057053,0.0016294742235913873,59.68249840893801,0.07161899809072561,0.0001692604293823242,0.0857967451252648,11.65545381167994
AdamW update,1125,1179648000,block06.o,0.06762104481458664,0.03587612509727478,0.016300419345498085,0.006789871957153082,0.002576434286311269,76.98577306940157,0.09238292768328188,0.00015063632583618163,0.06339109908176344,15.775085374528288
AdamW update,1125,1179648000,block06.up,0.06870938092470169,0.04497674107551575,0.026936838403344154,0.017379967495799065,0.012785197235643864,150.63840723106767,0.1807660886772812,0.00043899092102050774,0.06051262362802845,16.5254774961834
AdamW update,1125,1179648000,block06.down,0.0651199072599411,0.04291911423206329,0.028001490980386734,0.01927323453128338,0.014794999733567238,137.87665025093298,0.16545198030111957,0.00030782189941406244,0.05498625530738743,18.18636301762578
AdamW update,1125,1179648000,block08.q,0.06891848891973495,0.03651388734579086,0.01601983979344368,0.006051733624190092,0.002089324640110135,87.40740277381074,0.10488888332857288,0.00022391571807861327,0.0673647045789636,14.844568921516155
AdamW update,1125,1179648000,block08.k,0.0700102373957634,0.037995900958776474,0.015555308200418949,0.005391018930822611,0.0017074369825422764,76.21160020177855,0.09145392024213425,0.00020303077697753904,0.07335058682498641,13.633156097114638
AdamW update,1125,1179648000,block08.v,0.05946096032857895,0.02954789623618126,0.012457379139959812,0.004572410136461258,0.0015625522937625647,65.57547512064772,0.07869057014477726,0.00018538453674316405,0.11319137021884274,8.834595765265611
AdamW update,1125,1179648000,block08.o,0.06433852761983871,0.032494693994522095,0.014241212047636509,0.005688526667654514,0.0021109534427523613,85.18983070260276,0.1022277968431233,0.00018661783218383788,0.11384665643007352,8.783745007164232
AdamW update,1125,1179648000,block08.up,0.06566870957612991,0.04366670921444893,0.028387609869241714,0.018900850787758827,0.01411469653248787,152.2950461545917,0.18275405538551,0.0004410660552978515,0.054632514659546993,18.304118092159808
AdamW update,1125,1179648000,block08.down,0.05695099011063576,0.03491564467549324,0.02190122939646244,0.01450522243976593,0.010776200331747532,129.2308230181007,0.1550769876217208,0.0002939208068847656,0.2161494279624918,4.626429083927666
AdamW update,1150,1205862400,block02.q,0.05925094336271286,0.021770484745502472,0.008062846027314663,0.0029338113963603973,0.0008642096072435379,61.09745366629726,0.0733169443995567,0.00015697898483276365,0.12453647372482468,8.029776097640248
AdamW update,1150,1205862400,block02.k,0.05691247060894966,0.0232192724943161,0.008909524418413639,0.003223724663257599,0.001027828548103571,55.3405155820304,0.06640861869843648,0.00015274092864990232,0.12577676394389314,7.950594121232781
AdamW update,1150,1205862400,block02.v,0.051730211824178696,0.019414687529206276,0.007089331280440092,0.0024879369884729385,0.0007907190010882914,50.49685681150587,0.06059622817380704,0.00013218386077880857,0.1595798060048006,6.266457047641212
AdamW update,1150,1205862400,block02.o,0.06625375151634216,0.029825398698449135,0.011810889467597008,0.004531093407422304,0.0015527987852692604,64.73206996221904,0.07767848395466284,9.087604522705077e-05,0.0805549784504942,12.413882037279164
AdamW update,1150,1205862400,block02.up,0.07413294911384583,0.03739754855632782,0.01617162674665451,0.010614168830215931,0.008195201866328716,153.72956048943703,0.1844754725873244,0.00041883320617675776,0.07965006627888815,12.554917361883696
AdamW update,1150,1205862400,block02.down,0.06397645175457001,0.045928750187158585,0.0313088558614254,0.021906230598688126,0.016926489770412445,143.40028549058272,0.17208034258869925,0.00024280854034423825,0.0928345816210232,10.771847974521826
AdamW update,1150,1205862400,block04.q,0.06577745079994202,0.031406886875629425,0.012472696602344513,0.004234445746988058,0.001166790840215981,74.84555673345527,0.08981466808014632,0.0001641998176574707,0.1179375617363263,8.479062864091643
AdamW update,1150,1205862400,block04.k,0.058063291013240814,0.027827676385641098,0.010624213144183159,0.0036293193697929382,0.0011647784849628806,62.79429093669579,0.07535314912403494,0.0001512154197692871,0.10628680723865447,9.408505401377033
AdamW update,1150,1205862400,block04.v,0.05723906308412552,0.02456686645746231,0.009141949936747551,0.0030379435047507286,0.0009072761749848723,54.988387075843406,0.06598606449101208,0.00014966290283203123,0.13221784500334266,7.563275592449102
AdamW update,1150,1205862400,block04.o,0.06288959830999374,0.030766118317842484,0.012975404970347881,0.005148620810359716,0.0018848928157240152,71.10777375687233,0.08532932850824679,0.0001202845115661621,0.0911810423241457,10.967192022712702
AdamW update,1150,1205862400,block04.up,0.07130111753940582,0.04334976151585579,0.024001292884349823,0.015082789584994316,0.011022352613508701,159.36960627887774,0.19124352753465326,0.0004570409545898437,0.07364181904778722,13.579240884192254
AdamW update,1150,1205862400,block04.down,0.059572502970695496,0.043299295008182526,0.029548007994890213,0.02042493410408497,0.015371464192867279,137.0726030455453,0.16448712365465434,0.00025063256835937495,0.10823962479932803,9.238760775953912
AdamW update,1150,1205862400,block06.q,0.07310847193002701,0.038834620267152786,0.016473587602376938,0.006077134516090155,0.002119876677170396,85.59726209096391,0.10271671450915668,0.0002692561798095703,0.05347309047404125,18.700995045077008
AdamW update,1150,1205862400,block06.k,0.0682159811258316,0.0329892672598362,0.013193937949836254,0.0045858933590352535,0.0015658356714993715,73.05518038662841,0.08766621646395407,0.0002223042297363281,0.06154004166700222,16.249582758020786
AdamW update,1150,1205862400,block06.v,0.06659828126430511,0.034170690923929214,0.014354160986840725,0.005139884538948536,0.0016212676418945193,60.321416035278325,0.07238569924233398,0.00017036279296874998,0.10738937282471639,9.3119083732077
AdamW update,1150,1205862400,block06.o,0.06818582862615585,0.03762131184339523,0.017302993685007095,0.007149826269596815,0.0026933844201266766,75.1819035240773,0.09021828422889275,0.0001523506278991699,0.0664523187137469,15.048383854108183
AdamW update,1150,1205862400,block06.up,0.06894731521606445,0.04529345780611038,0.027516674250364304,0.01773737370967865,0.013098943047225475,149.26144271775914,0.17911373126131094,0.00044169538879394526,0.05288700652049649,18.908235988218532
AdamW update,1150,1205862400,block06.down,0.06431155651807785,0.04352458938956261,0.028736980631947517,0.01993703655898571,0.015363749116659164,138.92990099538565,0.16671588119446276,0.00031112063598632807,0.06275238192080224,15.93565008037572
AdamW update,1150,1205862400,block08.q,0.06905259191989899,0.03815684840083122,0.017063884064555168,0.006395265925675631,0.002237513428553939,85.26298484916937,0.10231558181900323,0.0002249571075439453,0.05082221738586612,19.67643387944943
AdamW update,1150,1205862400,block08.k,0.07043899595737457,0.038890063762664795,0.01639966107904911,0.005701145622879267,0.0018740859813988209,74.82277468181493,0.08978732961817791,0.00020399166870117185,0.06175601443508172,16.192754813398878
AdamW update,1150,1205862400,block08.v,0.06070563942193985,0.030121291056275368,0.012960690073668957,0.004728906322270632,0.0016480069607496262,64.79791115341366,0.07775749338409639,0.00018749464416503904,0.1323239354306338,7.557211752700742
AdamW update,1150,1205862400,block08.o,0.06948615610599518,0.035761795938014984,0.015575850382447243,0.006168864201754332,0.0023006945848464966,81.96955335867997,0.09836346403041596,0.00018969519424438474,0.06993029473091017,14.299954030623955
AdamW update,1150,1205862400,block08.up,0.06503913551568985,0.044318072497844696,0.029185490682721138,0.0194185022264719,0.014516943134367466,155.34703232779057,0.18641643879334868,0.00044421789550781244,0.06703537593481101,14.917496710579448
AdamW update,1150,1205862400,block08.down,0.05624691769480705,0.035574547946453094,0.022477243095636368,0.014926348812878132,0.011256392113864422,135.23671418789613,0.16228405702547533,0.00029817482757568355,0.2543275059352368,3.9319380588533153
AdamW update,1175,1232076800,block02.q,0.05743423476815224,0.021642034873366356,0.008248875848948956,0.003032567910850048,0.0009250445873476565,63.6722698222327,0.07640672378667923,0.00015760708236694333,0.12241516628841964,8.168922449069116
AdamW update,1175,1232076800,block02.k,0.054009146988391876,0.021996086463332176,0.008842476643621922,0.0031958562321960926,0.0010626129806041718,59.23945341501634,0.0710873440980196,0.00015334215545654295,0.12989612347395507,7.69845914763196
AdamW update,1175,1232076800,block02.v,0.05000094696879387,0.019079918041825294,0.007221344392746687,0.0025767693296074867,0.000819417939055711,51.96025310247663,0.06235230372297195,0.00013247692108154296,0.1723564401260127,5.801929996168888
AdamW update,1175,1232076800,block02.o,0.0638347938656807,0.02768113650381565,0.011207765899598598,0.004304626490920782,0.0014676213031634688,67.55586018759584,0.08106703222511501,9.163711738586424e-05,0.08861577209799876,11.284672878481677
AdamW update,1175,1232076800,block02.up,0.07363550364971161,0.03688056766986847,0.016378775238990784,0.01088568102568388,0.008348007686436176,154.91115177655837,0.18589338213187004,0.0004219545135498046,0.08533472686686938,11.718558630416652
AdamW update,1175,1232076800,block02.down,0.06417416781187057,0.045714206993579865,0.030898690223693848,0.021482771262526512,0.01650881953537464,141.5151473557154,0.16981817682685849,0.00024620185089111325,0.08040555126696347,12.436952228332943
AdamW update,1175,1232076800,block04.q,0.0648767501115799,0.031281325966119766,0.012428708374500275,0.004266079515218735,0.0011719834292307496,74.20652431670095,0.08904782918004113,0.0001654989967346191,0.11141986543670157,8.975060202061607
AdamW update,1175,1232076800,block04.k,0.056379128247499466,0.027542700991034508,0.010466951876878738,0.00352748716250062,0.0011635167757049203,63.18003373107395,0.07581604047728874,0.0001520052223205566,0.12554666775203316,7.965165606586205
AdamW update,1175,1232076800,block04.v,0.052314091473817825,0.023301085457205772,0.0088424701243639,0.0029616914689540863,0.0008870951132848859,59.35491013907298,0.07122589216688757,0.00015054980850219725,0.19487570790414654,5.1314759071554965
AdamW update,1175,1232076800,block04.o,0.057984646409749985,0.026944059878587723,0.011510639451444149,0.004677739925682545,0.0017222006572410464,78.27848184953831,0.09393417821944597,0.00012172727966308592,0.15090104067052668,6.626859533615632
AdamW update,1175,1232076800,block04.up,0.07146842777729034,0.04306660592556,0.024090435355901718,0.015187767334282398,0.0110330730676651,158.73328159176077,0.19047993791011292,0.00046068457031249997,0.07552557370864665,13.240548212949404
AdamW update,1175,1232076800,block04.down,0.0604429692029953,0.043551553040742874,0.029350118711590767,0.02022535167634487,0.015216209925711155,134.93174488161915,0.16191809385794298,0.0002541913375854492,0.11268078761390043,8.874627353746318
AdamW update,1175,1232076800,block06.q,0.07255934178829193,0.038009341806173325,0.01603250950574875,0.006037181243300438,0.002110519912093878,88.18666952276976,0.1058240034273237,0.000271824234008789,0.05604792686020321,17.841873125731066
AdamW update,1175,1232076800,block06.k,0.06586520373821259,0.031879838556051254,0.012722687795758247,0.0045105693861842155,0.0015014915261417627,76.8073084766935,0.0921687701720322,0.00022450733184814451,0.06875676269530206,14.544023901060235
AdamW update,1175,1232076800,block06.v,0.06495922058820724,0.03281942009925842,0.013929634355008602,0.005021837539970875,0.00168696534819901,61.79120008485468,0.07414944010182561,0.00017152594757080075,0.10517991739442678,9.507518400589536
AdamW update,1175,1232076800,block06.o,0.06766771525144577,0.03588753193616867,0.016516955569386482,0.006742066238075495,0.002624703571200371,76.91440625538984,0.09229728750646779,0.00015409731674194334,0.06851495691154597,14.595353264120385
AdamW update,1175,1232076800,block06.up,0.06842930614948273,0.04535271227359772,0.027321740984916687,0.017725303769111633,0.013105693273246288,149.26388481319546,0.17911666177583455,0.0004443695983886718,0.053266667222988895,18.773466637470023
AdamW update,1175,1232076800,block06.down,0.0652475580573082,0.042709022760391235,0.0283280648291111,0.019460126757621765,0.014903414063155651,137.48461177232153,0.16498153412678582,0.0003144212951660156,0.04436543615684574,22.540069176028975
AdamW update,1175,1232076800,block08.q,0.06856400519609451,0.03702026233077049,0.016523361206054688,0.006338510196655989,0.002186978468671441,85.4635894707531,0.10255630736490372,0.00022588881683349607,0.05411691079770109,18.4785122664925
AdamW update,1175,1232076800,block08.k,0.06783471256494522,0.036957189440727234,0.015587756410241127,0.005468339659273624,0.0017079735407605767,77.94606480564877,0.09353527776677852,0.00020486483001708983,0.11548585434984293,8.65906916158481
AdamW update,1175,1232076800,block08.v,0.05873968079686165,0.02948223240673542,0.012510282918810844,0.004574269521981478,0.0015105202328413725,67.00867769000197,0.08041041322800237,0.00018955404281616208,0.11138801453658065,8.977626580026639
AdamW update,1175,1232076800,block08.o,0.06497523933649063,0.032967567443847656,0.014439333230257034,0.005708248820155859,0.002062025247141719,85.85753840676927,0.1030290460881231,0.0001926397476196289,0.10976880696136337,9.110056196128484
AdamW update,1175,1232076800,block08.up,0.06525684893131256,0.043418534100055695,0.02840016782283783,0.01903665065765381,0.014234519563615322,155.08381685546937,0.18610058022656323,0.00044740136718749996,0.06349075476672628,15.750324652370836
AdamW update,1175,1232076800,block08.down,0.05663033947348595,0.03534857928752899,0.022178255021572113,0.01471620611846447,0.011002164334058762,132.80318863355456,0.15936382636026544,0.00030254482269287104,0.21889090050280302,4.568485933873685
AdamW update,1200,1258291200,block02.q,0.05772032588720322,0.021533522754907608,0.007935293950140476,0.002917216857895255,0.0008731554844416678,65.58694363720437,0.07870433236464523,0.00015841450881958006,0.1172050775136455,8.532053569808662
AdamW update,1200,1258291200,block02.k,0.05525631457567215,0.022890521213412285,0.00868250709027052,0.003166403854265809,0.0010472608264535666,60.48590225506316,0.07258308270607579,0.0001540297622680664,0.11737487428976934,8.519710935163594
AdamW update,1200,1258291200,block02.v,0.04883177578449249,0.018860718235373497,0.007023993879556656,0.002521705813705921,0.0007982465904206038,53.71512432166452,0.06445814918599742,0.00013285527420043943,0.1793546997490134,5.575543888169012
AdamW update,1200,1258291200,block02.o,0.06402634084224701,0.02820739336311817,0.011446150951087475,0.0043859840370714664,0.0014903092524036765,67.47630266316087,0.08097156319579303,9.260715293884276e-05,0.10050521334094586,9.94973262339815
AdamW update,1200,1258291200,block02.up,0.07339315861463547,0.03698671609163284,0.01610379107296467,0.010651562362909317,0.00819229893386364,160.3560048567564,0.19242720582810768,0.0004250937194824218,0.09065542264331672,11.030779746452616
AdamW update,1200,1258291200,block02.down,0.06258907169103622,0.04454568400979042,0.03011743165552616,0.021098004654049873,0.01632954739034176,149.13367525910868,0.1789604103109304,0.0002496893463134765,0.12585048573606006,7.94593675305513
AdamW update,1200,1258291200,block04.q,0.06361003965139389,0.031129319220781326,0.012370163574814796,0.0042936960235238075,0.0012276909546926618,77.4195440838634,0.09290345290063608,0.00016694320678710934,0.12073528725889648,8.282582687327098
AdamW update,1200,1258291200,block04.k,0.056163281202316284,0.02696075849235058,0.010440222918987274,0.0035594541113823652,0.0011593678500503302,66.61750667208983,0.07994100800650779,0.00015291343688964842,0.12699191035159174,7.87451733918629
AdamW update,1200,1258291200,block04.v,0.05189850553870201,0.023069141432642937,0.008669538423418999,0.002958094235509634,0.0008909531752578914,61.21133018917674,0.07345359622701209,0.0001514128074645996,0.23415676862283963,4.270643150233754
AdamW update,1200,1258291200,block04.o,0.05894851312041283,0.02814815379679203,0.011984879150986671,0.004836923908442259,0.0017266167560592294,77.62305201799875,0.09314766242159848,0.0001231350631713867,0.1891433376222409,5.286995632895147
AdamW update,1200,1258291200,block04.up,0.07018931210041046,0.042958393692970276,0.024074804037809372,0.015090643428266048,0.01109178178012371,161.79305241894102,0.1941516629027292,0.00046419754028320307,0.08118652623024047,12.317314786496167
AdamW update,1200,1258291200,block04.down,0.05816253274679184,0.041779935359954834,0.02821597270667553,0.019641410559415817,0.014761681668460369,143.97518500908268,0.1727702220108992,0.000257847541809082,0.15265697929568578,6.550634007129609
AdamW update,1200,1258291200,block06.q,0.07042538374662399,0.03710522502660751,0.016026586294174194,0.00599445216357708,0.002139343647286296,88.97821166679255,0.10677385400015105,0.0002742564239501953,0.06519208300122514,15.339285906560267
AdamW update,1200,1258291200,block06.k,0.06487298011779785,0.03197656571865082,0.012753346934914589,0.004553019534796476,0.0015105283819139004,76.8643639913522,0.09223723678962265,0.00022661418914794918,0.088250547463681,11.331374464408215
AdamW update,1200,1258291200,block06.v,0.06317820399999619,0.032311007380485535,0.013712601736187935,0.004990558605641127,0.0015895015094429255,64.65880993923226,0.0775905719270787,0.00017262543869018553,0.17227751145027526,5.804588141433838
AdamW update,1200,1258291200,block06.o,0.06713323295116425,0.035851817578077316,0.016703549772500992,0.006924535147845745,0.0025943233631551266,77.59108377445475,0.09310930052934568,0.00015574628448486327,0.11129384130016717,8.985223156265501
AdamW update,1200,1258291200,block06.up,0.06688470393419266,0.044735390692949295,0.02711380459368229,0.01744050905108452,0.012967627495527267,153.38481996529455,0.18406178395835346,0.0004470689392089843,0.06761879445991159,14.788787762148864
AdamW update,1200,1258291200,block06.down,0.06288959085941315,0.04222111403942108,0.027786560356616974,0.019132865592837334,0.014757229015231133,143.15810657897646,0.17178972789477173,0.0003177484359741211,0.08112468483222202,12.32670428326655
AdamW update,1200,1258291200,block08.q,0.070186547935009,0.03818811476230621,0.01693003997206688,0.006528946571052074,0.002344584558159113,85.58481598125618,0.10270177917750742,0.00022705556488037106,0.057999011980111925,17.241673019238736
AdamW update,1200,1258291200,block08.k,0.0710492730140686,0.039169274270534515,0.016646968200802803,0.00580778019502759,0.0018146231304854155,75.16426107279412,0.09019711328735293,0.00020592622375488278,0.050416978155354286,19.83458820000302
AdamW update,1200,1258291200,block08.v,0.05851408839225769,0.029507961124181747,0.012725405395030975,0.004721395671367645,0.0015610053669661283,66.56392746547935,0.07987671295857522,0.00019163168334960934,0.1511509063271319,6.615904755712986
AdamW update,1200,1258291200,block08.o,0.06577430665493011,0.03394000604748726,0.014865131117403507,0.005889134481549263,0.002173231914639473,83.7146774698532,0.10045761296382383,0.0001955862579345703,0.10867522332510848,9.201729422799893
AdamW update,1200,1258291200,block08.up,0.06481015682220459,0.04361703619360924,0.028593819588422775,0.01939086616039276,0.014429495669901371,153.6218061098752,0.18434616733185022,0.0004505950012207031,0.06579763462974597,15.198114729004518
AdamW update,1200,1258291200,block08.down,0.05616823583841324,0.03510308265686035,0.02187388762831688,0.014686611481010914,0.010918009094893932,133.00612687329286,0.15960735224795142,0.0003068937606811523,0.25703984283115133,3.890447445756092
AdamW update,1225,1284505600,block02.q,0.05852257460355759,0.02204645238816738,0.008197223767638206,0.0029583193827420473,0.0008692213450558484,63.21817765690911,0.07586181318829092,0.00015928801345825193,0.10597418061877395,9.436260739748944
AdamW update,1225,1284505600,block02.k,0.05523646995425224,0.022836709395051003,0.008878311142325401,0.003256557509303093,0.0010536493500694633,58.30370720854001,0.069964448650248,0.00015477433776855468,0.10936186589521757,9.143955178655473
AdamW update,1225,1284505600,block02.v,0.04892440885305405,0.019128045067191124,0.007118638139218092,0.002530572237446904,0.0008167107007466257,54.7400340025032,0.06568804080300383,0.000133215030670166,0.18697021368840083,5.3484455105055995
AdamW update,1225,1284505600,block02.o,0.06343645602464676,0.028349146246910095,0.011447995901107788,0.004281115252524614,0.0014792114961892366,68.58339390927237,0.08230007269112684,9.342995452880858e-05,0.11633602043821156,8.595789990350585
AdamW update,1225,1284505600,block02.up,0.07294949889183044,0.03722275793552399,0.016467802226543427,0.010790293104946613,0.008308340795338154,156.8092910082992,0.18817114920995903,0.0004281832122802734,0.08452868080769704,11.83030411032916
AdamW update,1225,1284505600,block02.down,0.06288378685712814,0.04495924338698387,0.030417947098612785,0.021290071308612823,0.016454067081212997,145.28677371899232,0.17434412846279077,0.0002530667724609375,0.11663701743999866,8.573607435687627
AdamW update,1225,1284505600,block04.q,0.06364165246486664,0.0314578115940094,0.012365897186100483,0.0043250080198049545,0.001147551811300218,75.19759179150235,0.0902371101498028,0.00016835826873779294,0.12710746460932487,7.867358562092174
AdamW update,1225,1284505600,block04.k,0.05679883062839508,0.02738535776734352,0.010684662498533726,0.003677758853882551,0.0011881360551342368,64.56226647330726,0.0774747197679687,0.00015380752944946287,0.103596555335006,9.652830605865647
AdamW update,1225,1284505600,block04.v,0.05445270612835884,0.023944063112139702,0.009065772406756878,0.0030991840176284313,0.0009318015654571354,58.92502822527144,0.07071003387032572,0.00015233179092407224,0.18640394462213195,5.364693338583291
AdamW update,1225,1284505600,block04.o,0.06128905713558197,0.02900770492851734,0.012426852248609066,0.0049779037944972515,0.0017915831413120031,74.99521503691061,0.08999425804429272,0.00012454780197143552,0.14536201130749848,6.879376468481866
AdamW update,1225,1284505600,block04.up,0.07032710313796997,0.04334580525755882,0.02435476705431938,0.015274344943463802,0.011186433956027031,160.2941629146228,0.19235299549754734,0.0004676273345947265,0.07634775784538661,13.09796159338589
AdamW update,1225,1284505600,block04.down,0.05931180343031883,0.04270663857460022,0.029123488813638687,0.020051926374435425,0.015069467015564442,139.27941508190364,0.16713529809828434,0.0002613642883300781,0.12573730090178348,7.953089439872141
AdamW update,1225,1284505600,block06.q,0.07262349128723145,0.03884817659854889,0.016549313440918922,0.006170842796564102,0.002231049817055464,86.47492608425875,0.10376991130111049,0.0002766833267211914,0.06298414884157921,15.877010619215456
AdamW update,1225,1284505600,block06.k,0.06570851802825928,0.03278335556387901,0.013165676966309547,0.00461621442809701,0.001583438366651535,74.94597008975163,0.08993516410770194,0.00022874201202392576,0.06770703009374301,14.769515050585754
AdamW update,1225,1284505600,block06.v,0.06224953010678291,0.03270496428012848,0.014082239009439945,0.005143754184246063,0.0016489846166223288,63.93124514784937,0.07671749417741923,0.00017375811767578124,0.11492646683184748,8.70121589540494
AdamW update,1225,1284505600,block06.o,0.0667455643415451,0.036054372787475586,0.0168076753616333,0.006856444291770458,0.002632759278640151,78.07233707352184,0.0936868044882262,0.00015742650604248044,0.09658403470191335,10.35367804923757
AdamW update,1225,1284505600,block06.up,0.06556066125631332,0.04401479661464691,0.02674049139022827,0.017450544983148575,0.01299874298274517,155.84391671658773,0.18701270005990525,0.00044968611145019524,0.0874989096943759,11.428713837611124
AdamW update,1225,1284505600,block06.down,0.061147961765527725,0.04157120734453201,0.027491198852658272,0.018953783437609673,0.01457902230322361,144.63383551064732,0.17356060261277675,0.00032098798370361326,0.09086258831391447,11.005629693765421
AdamW update,1225,1284505600,block08.q,0.06590422987937927,0.03651401773095131,0.01649615913629532,0.0063130515627563,0.0022030184045434,88.61856676259805,0.10634228011511765,0.00022812165069580076,0.09088310764867913,11.003144873364525
AdamW update,1225,1284505600,block08.k,0.06713670492172241,0.036360446363687515,0.01567281223833561,0.005578306969255209,0.0017449678853154182,79.93187850226522,0.09591825420271825,0.00020690164947509762,0.10447736210947856,9.571451459045562
AdamW update,1225,1284505600,block08.v,0.059099845588207245,0.029998037964105606,0.012725499458611012,0.004721025936305523,0.001560496399179101,67.1340941356439,0.08056091296277268,0.00019370528411865231,0.16406507561586015,6.09514240764675
AdamW update,1225,1284505600,block08.o,0.0657549649477005,0.03382603079080582,0.014807658270001411,0.00590489711612463,0.002153008943423629,85.67538885145834,0.10281046662175,0.00019850175476074218,0.1199608715770859,8.336051471228332
AdamW update,1225,1284505600,block08.up,0.06435858458280563,0.04313893988728523,0.028395390138030052,0.019167229533195496,0.014437440782785416,156.4245671794376,0.18770948061532508,0.00045370884704589836,0.07675012391357061,13.029294924997307
AdamW update,1225,1284505600,block08.down,0.05695861205458641,0.035193342715501785,0.022251691669225693,0.014755092561244965,0.011051589623093605,132.58571696247785,0.1591028603549734,0.00031120825195312497,0.2199930480722978,4.545598184863383
AdamW update,1250,1310720000,block02.q,0.059306468814611435,0.021702533587813377,0.008209689520299435,0.002984738675877452,0.0008852988830767572,64.77603466429508,0.0777312415971541,0.00016005804061889646,0.14073597593211673,7.105503716280369
AdamW update,1250,1310720000,block02.k,0.060277268290519714,0.024371616542339325,0.009386776946485043,0.0033988028299063444,0.0010818821610882878,55.217908927240856,0.06626149071268903,0.00015546839904785153,0.08020331792217039,12.468312108613809
AdamW update,1250,1310720000,block02.v,0.05312049016356468,0.020367730408906937,0.0075414408929646015,0.002650229027494788,0.000825039460323751,50.34303701724021,0.06041164442068825,0.00013361223220825194,0.17385325657102157,5.751977384395359
AdamW update,1250,1310720000,block02.o,0.06452077627182007,0.02833631820976734,0.011497368104755878,0.0044178045354783535,0.0014971134951338172,67.6473031920961,0.08117676383051532,9.430721855163574e-05,0.09790494086968327,10.213989111448969
AdamW update,1250,1310720000,block02.up,0.0739511176943779,0.038190267980098724,0.016546498984098434,0.010759403929114342,0.00828922726213932,158.59218005550431,0.19031061606660515,0.00043119204711914057,0.08267103589134095,12.096134870190262
AdamW update,1250,1310720000,block02.down,0.06439829617738724,0.045717209577560425,0.03141225501894951,0.02190464921295643,0.01693657971918583,144.77198963989704,0.17372638756787645,0.000256354866027832,0.08507621881275274,11.754166016721259
AdamW update,1250,1310720000,block04.q,0.06413330137729645,0.031152762472629547,0.012366648763418198,0.004392589908093214,0.001166907255537808,78.36938220698666,0.09404325864838398,0.00016969972229003905,0.13685045330675738,7.307246529600075
AdamW update,1250,1310720000,block04.k,0.05849933624267578,0.028599122539162636,0.01107488851994276,0.003700900822877884,0.0012240317882969975,64.47505825219805,0.07737006990263766,0.00015467039108276365,0.10443846770758469,9.575016006553076
AdamW update,1250,1310720000,block04.v,0.0586903914809227,0.026076098904013634,0.009699184447526932,0.0033330817241221666,0.0009788492461666465,55.63231895447931,0.06675878274537517,0.00015331355667114256,0.1002187435646853,9.978173387840958
AdamW update,1250,1310720000,block04.o,0.06284354627132416,0.02937999553978443,0.012776083312928677,0.0051283445209264755,0.0018217687029391527,73.53864369529519,0.08824637243435422,0.00012596821975708006,0.092938999249359,10.759745726516385
AdamW update,1250,1310720000,block04.up,0.0701492577791214,0.04390745982527733,0.024627504870295525,0.015533149242401123,0.011330587789416313,160.51096186181616,0.19261315423417938,0.0004710520935058593,0.07055163764881911,14.17401542084173
AdamW update,1250,1310720000,block04.down,0.06054040044546127,0.04373645782470703,0.029739949852228165,0.020573120564222336,0.015601366758346558,139.31599917171582,0.16717919900605896,0.0002648315048217773,0.09081871849060974,11.010945943961934
AdamW update,1250,1310720000,block06.q,0.07302051782608032,0.03913119062781334,0.01678917370736599,0.006350187584757805,0.0022783682215958834,88.07700990138055,0.10569241188165665,0.0002791222915649414,0.052454740067819694,19.064054053210096
AdamW update,1250,1310720000,block06.k,0.06735364347696304,0.0334908701479435,0.013405853882431984,0.00472938921302557,0.0016104666283354163,76.1537084922722,0.09138445019072663,0.00023088775634765623,0.07881924413374009,12.687256912832165
AdamW update,1250,1310720000,block06.v,0.06794276833534241,0.035336174070835114,0.014826014637947083,0.005448552779853344,0.001782214967533946,60.506049887054104,0.07260725986446492,0.00017491818237304685,0.06485143246611447,15.41985985463791
AdamW update,1250,1310720000,block06.o,0.06890998035669327,0.037224579602479935,0.017150545492768288,0.007115580141544342,0.0026324272621423006,76.41383250209137,0.09169659900250964,0.00015907364273071286,0.04720014779913129,21.186374336277076
AdamW update,1250,1310720000,block06.up,0.066902294754982,0.04467349126935005,0.027384599670767784,0.0177565049380064,0.013187970966100693,153.591540362309,0.18430984843477077,0.0004522447357177734,0.05352477589916327,18.68293669989252
AdamW update,1250,1310720000,block06.down,0.06364719569683075,0.04265991225838661,0.02822861820459366,0.019505413249135017,0.015014817006886005,140.9225645309171,0.16910707743710052,0.00032415449523925775,0.059563986384274736,16.78866813158775
AdamW update,1250,1310720000,block08.q,0.0688110738992691,0.03726126253604889,0.016825050115585327,0.006456253584474325,0.00229680840857327,87.51862172867735,0.10502234607441281,0.00022906864929199216,0.06225956303116309,16.061789567965086
AdamW update,1250,1310720000,block08.k,0.06839019805192947,0.037976302206516266,0.01628345437347889,0.005752659402787685,0.001798739773221314,78.54862677715477,0.09425835213258571,0.00020781314849853513,0.06214260883964173,16.09201832160745
AdamW update,1250,1310720000,block08.v,0.06088629737496376,0.030168697237968445,0.012932982295751572,0.004828508011996746,0.001581152668222785,67.22496403376516,0.08066995684051818,0.00019588277435302732,0.10354092746291954,9.6580166365433
AdamW update,1250,1310720000,block08.o,0.06621493399143219,0.03348330408334732,0.01477848645299673,0.005948568694293499,0.002248278819024563,84.6350810517672,0.10156209726212063,0.0002015532531738281,0.07827584808275478,12.77533267915258
AdamW update,1250,1310720000,block08.up,0.06504971534013748,0.04302976280450821,0.028355637565255165,0.019239656627178192,0.014397994615137577,157.30191001527223,0.18876229201832664,0.0004568497009277343,0.07989935865728715,12.515745017294904
AdamW update,1250,1310720000,block08.down,0.05594732612371445,0.03439604490995407,0.021665139123797417,0.014327606186270714,0.01081601157784462,134.8718141704454,0.16184617700453446,0.00031550592041015624,0.27914981285590557,3.582305822702415
AdamW update,1275,1336934400,block02.q,0.05759841948747635,0.02225290611386299,0.008298813365399837,0.0030921529978513718,0.0009178529144264758,66.54434671340402,0.07985321605608482,0.0001609185104370117,0.12299194691756643,8.130613630095924
AdamW update,1275,1336934400,block02.k,0.055266376584768295,0.022866694256663322,0.008903143927454948,0.0032155942171812057,0.0010666627204045653,60.98432292002906,0.07318118750403486,0.00015618723678588865,0.12064483935978476,8.288792171356944
AdamW update,1275,1336934400,block02.v,0.0514201857149601,0.020145000889897346,0.007405617740005255,0.002724777441471815,0.0008539559785276651,52.36112950898825,0.0628333554107859,0.00013394289779663083,0.1736171626909746,5.759799230102177
AdamW update,1275,1336934400,block02.o,0.06449344009160995,0.028686031699180603,0.011565577238798141,0.004376967437565327,0.0014582069125026464,66.5980368404811,0.07991764420857732,9.523719406127929e-05,0.11066806198123036,9.036030649652139
AdamW update,1275,1336934400,block02.up,0.07432664930820465,0.03808815777301788,0.016817741096019745,0.010869498364627361,0.008367715403437614,158.79083234484082,0.19054899881380896,0.0004342565002441406,0.07815412669654709,12.795229660523873
AdamW update,1275,1336934400,block02.down,0.06318721920251846,0.045802101492881775,0.031133387237787247,0.021845776587724686,0.01698632724583149,145.61603615823023,0.17473924338987626,0.000259748794555664,0.1010438132294702,9.896696967769842
AdamW update,1275,1336934400,block04.q,0.06212713196873665,0.03075065277516842,0.012161999940872192,0.004332827404141426,0.001141787739470601,82.56408092559936,0.09907689711071922,0.0001711621856689453,0.16262390963142082,6.1491572934536585
AdamW update,1275,1336934400,block04.k,0.05714840069413185,0.028058450669050217,0.010860017500817776,0.003720642067492008,0.0011985987657681108,67.96062545805452,0.08155275054966542,0.0001556172981262207,0.09542806549236449,10.479097473478735
AdamW update,1275,1336934400,block04.v,0.05774903669953346,0.02565890923142433,0.009634476155042648,0.003333723172545433,0.001029720064252615,57.67037907909761,0.06920445489491713,0.00015435832214355467,0.15009975130448083,6.662236221640879
AdamW update,1275,1336934400,block04.o,0.06297094374895096,0.02959596924483776,0.012491145171225071,0.005011347122490406,0.001769585651345551,73.99729387749599,0.08879675265299518,0.00012758079528808592,0.0963946650149703,10.374018104058953
AdamW update,1275,1336934400,block04.up,0.07031815499067307,0.04375177249312401,0.024812154471874237,0.015639567747712135,0.011410879902541637,161.80947268883074,0.19417136722659686,0.0004745016174316406,0.07215677606781412,13.858712299731678
AdamW update,1275,1336934400,block04.down,0.060849208384752274,0.04354795441031456,0.02955205924808979,0.020428763702511787,0.015473811887204647,140.2169146092218,0.16826029753106614,0.0002684318618774414,0.11390611320738131,8.779160062984207
AdamW update,1275,1336934400,block06.q,0.07213383167982101,0.03878835588693619,0.016722144559025764,0.006314955651760101,0.002306541195139289,90.11907825268561,0.10814289390322272,0.0002815697479248047,0.05523380352769891,18.1048549281694
AdamW update,1275,1336934400,block06.k,0.06694302707910538,0.03321686014533043,0.013392173685133457,0.004786203615367413,0.0016167823923751712,78.06729989317921,0.09368075987181504,0.00023305091857910154,0.0679273970707408,14.721600460541454
AdamW update,1275,1336934400,block06.v,0.06744384765625,0.0344231091439724,0.014869851060211658,0.005359243601560593,0.0017870437586680055,62.5407698810916,0.07504892385730991,0.00017606945800781247,0.09014198772953197,11.09360937325308
AdamW update,1275,1336934400,block06.o,0.06829383969306946,0.03700121492147446,0.016992634162306786,0.007076859939843416,0.002667326247319579,76.55650009650262,0.09186780011580313,0.0001607804260253906,0.06155403028501727,16.245889917681115
AdamW update,1275,1336934400,block06.up,0.0678478255867958,0.04544871300458908,0.027805764228105545,0.01807902194559574,0.013396191410720348,153.2492427134345,0.1838990912561214,0.00045492407226562496,0.05390604365771967,18.55079564639491
AdamW update,1275,1336934400,block06.down,0.06372292339801788,0.04272616282105446,0.028269968926906586,0.019533541053533554,0.015044976025819778,141.78509798188165,0.17014211757825795,0.00032746213531494137,0.06750222754206536,14.814325932826883
AdamW update,1275,1336934400,block08.q,0.06929515302181244,0.038150854408741,0.017202815040946007,0.006539915222674608,0.002341657178476453,87.96538181184773,0.10555845817421727,0.00023027231597900387,0.06042885007458332,16.548387049658672
AdamW update,1275,1336934400,block08.k,0.07106288522481918,0.038685426115989685,0.016663480550050735,0.0058868639171123505,0.001956091495230794,77.30707809753889,0.09276849371704667,0.00020897163391113278,0.05592890681160512,17.879841695609585
AdamW update,1275,1336934400,block08.v,0.0607086606323719,0.03064456768333912,0.013010540045797825,0.0049153780564665794,0.001637964858673513,64.96615778439151,0.07795938934126981,0.00019806081390380856,0.11601618550349801,8.619486976408554
AdamW update,1275,1336934400,block08.o,0.06721124053001404,0.03435917943716049,0.015278919599950314,0.006084350403398275,0.002284412272274494,81.06794177560275,0.09728153013072328,0.00020456263732910153,0.07391803802443064,13.528497599861756
AdamW update,1275,1336934400,block08.up,0.06672779470682144,0.04436841979622841,0.029288366436958313,0.019789649173617363,0.01481046061962843,154.08959947754994,0.1849075193730599,0.000460009780883789,0.04451630714767418,22.46367823554399
AdamW update,1275,1336934400,block08.down,0.05967198312282562,0.036826953291893005,0.0231680516153574,0.015442904084920883,0.011552916839718819,128.34581421909257,0.15401497706291106,0.00031983279418945306,0.18122476035751234,5.518009779829442
AdamW update,1300,1363148800,block02.q,0.059261173009872437,0.02317003160715103,0.008600465022027493,0.0031753862276673317,0.0009507600916549563,62.89990837803056,0.07547989005363666,0.00016174082565307616,0.11980780175294115,8.346701845528612
AdamW update,1300,1363148800,block02.k,0.05828509107232094,0.02414100430905819,0.009429309517145157,0.003455257276073098,0.001113848527893424,56.827819452819064,0.06819338334338287,0.00015690647506713865,0.09629559221312789,10.384691313666078
AdamW update,1300,1363148800,block02.v,0.050373855978250504,0.020242633298039436,0.007532825227826834,0.0027427570894360542,0.0008551333448849618,52.376021433568624,0.06285122572028234,0.00013430348968505857,0.16278554756486674,6.143051486812859
AdamW update,1300,1363148800,block02.o,0.06438478082418442,0.02876536175608635,0.01176204439252615,0.004482759162783623,0.0015493970131501555,66.3752202392781,0.0796502642871337,9.608445739746093e-05,0.08837366998308482,11.31558755216803
AdamW update,1300,1363148800,block02.up,0.07485819607973099,0.03883406147360802,0.016998184844851494,0.011028114706277847,0.008485089987516403,158.79366557099317,0.19055239868519178,0.0004372864379882812,0.07658249544739704,13.057814245383003
AdamW update,1300,1363148800,block02.down,0.06363726407289505,0.045353975147008896,0.030919982120394707,0.021699680015444756,0.016926489770412445,145.58028641295994,0.1746963436955519,0.000263053596496582,0.10243667702017323,9.762128459155957
AdamW update,1300,1363148800,block04.q,0.06529916077852249,0.03254488483071327,0.013170120306313038,0.004509731195867062,0.0012518640141934156,77.39441785557824,0.09287330142669388,0.00017244811248779294,0.1089185184721373,9.181175194334033
AdamW update,1300,1363148800,block04.k,0.05790789797902107,0.02806420624256134,0.011000107042491436,0.0037720210384577513,0.0012521131429821253,66.67046151258236,0.08000455381509883,0.00015647525024414062,0.11579702721198348,8.635800279823703
AdamW update,1300,1363148800,block04.v,0.057310573756694794,0.02460128255188465,0.00948726013302803,0.0033138722646981478,0.0010165469720959663,60.33863072715465,0.07240635687258558,0.0001553283348083496,0.16596602805010718,6.025329471029383
AdamW update,1300,1363148800,block04.o,0.05866282060742378,0.028166791424155235,0.012121069245040417,0.004883326590061188,0.0017474745400249958,77.659168388607,0.0931910020663284,0.0001289948043823242,0.17955510732372204,5.569320833615098
AdamW update,1300,1363148800,block04.up,0.06995029002428055,0.04406953975558281,0.02494436502456665,0.015705464407801628,0.011528655886650085,161.97217745816195,0.19436661294979432,0.00047787748718261714,0.07137669412827918,14.010175341026388
AdamW update,1300,1363148800,block04.down,0.05997009202837944,0.043720223009586334,0.029628727585077286,0.020527562126517296,0.015526837669312954,139.5139454311185,0.16741673451734218,0.000271947280883789,0.10638894746251992,9.399472631800338
AdamW update,1300,1363148800,block06.q,0.072612464427948,0.03881504386663437,0.016910811886191368,0.006494065746665001,0.002285819500684738,89.15797850325211,0.10698957420390252,0.0002838577194213867,0.05672521054123636,17.628845983269652
AdamW update,1300,1363148800,block06.k,0.06680066883563995,0.03407079726457596,0.013723267242312431,0.004948429297655821,0.0016643700655549765,77.28867208348292,0.0927464065001795,0.00023509403228759763,0.06545584581232333,15.277474266656418
AdamW update,1300,1363148800,block06.v,0.06607729196548462,0.034483931958675385,0.01495627872645855,0.0055190748535096645,0.0017688465304672718,62.258616231111226,0.07471033947733347,0.00017714586639404296,0.08659069872323588,11.548584487073303
AdamW update,1300,1363148800,block06.o,0.06712678074836731,0.03670850023627281,0.01700347475707531,0.007176550570875406,0.0026278418954461813,77.59452605978625,0.09311343127174349,0.00016236812210083007,0.0762892861422495,13.108000488238853
AdamW update,1300,1363148800,block06.up,0.06800723075866699,0.0451023131608963,0.027868475764989853,0.018101900815963745,0.013408317230641842,153.1937636150296,0.18383251633803552,0.0004574951019287109,0.05769688375753845,17.331958588999946
AdamW update,1300,1363148800,block06.down,0.06276152282953262,0.04280758649110794,0.02826760523021221,0.019661491736769676,0.01519105862826109,141.48401457161063,0.16978081748593274,0.0003306885452270507,0.06831197293226765,14.63872227774061
AdamW update,1300,1363148800,block08.q,0.06810994446277618,0.03809930756688118,0.01721048913896084,0.006649867631494999,0.002340000821277499,86.37512890464488,0.10365015468557386,0.00023116271209716794,0.07347537614212118,13.610001778905227
AdamW update,1300,1363148800,block08.k,0.07074230164289474,0.039089735597372055,0.016751179471611977,0.005862601101398468,0.0019506554817780852,76.77264686876306,0.09212717624251567,0.00020979927062988278,0.05745832096742931,17.403919626660475
AdamW update,1300,1363148800,block08.v,0.057714007794857025,0.02944786660373211,0.01256202720105648,0.004703909158706665,0.0015969399828463793,69.3657812972035,0.08323893755664419,0.00020008200073242185,0.12984317531555067,7.701598467303001
AdamW update,1300,1363148800,block08.o,0.0650850459933281,0.033605851233005524,0.014859228394925594,0.005945104174315929,0.0021552916150540113,85.2996811201565,0.1023596173441878,0.00020731475830078122,0.10548209824865129,9.480281645921716
AdamW update,1300,1363148800,block08.up,0.06520005315542221,0.04415690898895264,0.029169149696826935,0.019764220342040062,0.014932780526578426,156.80155148036087,0.18816186177643304,0.00046301486206054684,0.06430978641137486,15.549732875852376
AdamW update,1300,1363148800,block08.down,0.05776660144329071,0.03613116219639778,0.022829793393611908,0.015308007597923279,0.011521529406309128,133.66396400789986,0.16039675680947982,0.00032404277801513666,0.20739547555614113,4.821705957270528
AdamW update,1325,1389363200,block02.q,0.05967241898179054,0.023196129128336906,0.008100255392491817,0.0029554308857768774,0.0008537834510207176,68.63676970962884,0.08106385080879308,0.00016000891743955133,0.11422572765081274,8.754595138645062
AdamW update,1325,1389363200,block02.k,0.05819704756140709,0.02390870824456215,0.0088798301294446,0.003202177118510008,0.0010470078559592366,62.09066330030966,0.07333253426245086,0.00015512571573936658,0.10938664427671085,9.141883879994905
AdamW update,1325,1389363200,block02.v,0.0541648231446743,0.020987050607800484,0.007734640501439571,0.00275234947912395,0.0008901498513296247,51.93005289033229,0.06133228702055412,0.00013258576587499987,0.16624789507680848,6.015113752495863
AdamW update,1325,1389363200,block02.o,0.06790417432785034,0.03134243190288544,0.012463199906051159,0.004683604929596186,0.001577257877215743,65.29979870796333,0.07712270205460961,9.544616420106439e-05,0.06887762977896816,14.518501917226988
AdamW update,1325,1389363200,block02.up,0.07524367421865463,0.03962188586592674,0.016998199746012688,0.010932502336800098,0.008367232047021389,160.59084733978193,0.18966674196765815,0.00043326157385025475,0.07141224142432989,14.00320141273851
AdamW update,1325,1389363200,block02.down,0.06438542157411575,0.04686489328742027,0.03187120333313942,0.022562436759471893,0.017612339928746223,146.7496766409507,0.17331954787190093,0.00026205683423865606,0.0749809900648879,13.336713734169269
AdamW update,1325,1389363200,block04.q,0.06654921174049377,0.032821595668792725,0.013188977725803852,0.004660297185182571,0.0012721052626147866,79.72973907010727,0.09416526594048721,0.00017105796591716072,0.10991696571329701,9.097776612651042
AdamW update,1325,1389363200,block04.k,0.05962774157524109,0.02963574044406414,0.011739753186702728,0.003943243529647589,0.0013039999175816774,65.45688368187422,0.07730822816464199,0.00015487431608777764,0.0809653167850719,12.350967546444238
AdamW update,1325,1389363200,block04.v,0.06085731461644173,0.027232026681303978,0.010135340504348278,0.003542613238096237,0.0010541662340983748,56.55947792659711,0.06679989603038805,0.00015380180147200927,0.09143942926133608,10.936201243579244
AdamW update,1325,1389363200,block04.o,0.06548910588026047,0.03166991099715233,0.013474025763571262,0.005245682317763567,0.0019368985667824745,73.52909719348027,0.08684196226328733,0.00012824637360932966,0.08681227572209593,11.519108233047675
AdamW update,1325,1389363200,block04.up,0.07052139937877655,0.04464307427406311,0.02541518583893776,0.0160222128033638,0.011698410846292973,163.74686197043013,0.19339417116124596,0.0004735336805108548,0.06563878392127265,15.234895289946307
AdamW update,1325,1389363200,block04.down,0.06113322451710701,0.04448441043496132,0.030581055209040642,0.021230319514870644,0.01618405617773533,141.1649506137708,0.16672367514376196,0.00027101646101518995,0.09643032888612879,10.370181368777297
AdamW update,1325,1389363200,block06.q,0.07228999584913254,0.03914014250040054,0.01698845438659191,0.006483139004558325,0.0022692419588565826,91.2350547431275,0.10775368505128549,0.0002816278916315455,0.04596384934513886,21.756228302183313
AdamW update,1325,1389363200,block06.k,0.0676252618432045,0.03399921581149101,0.013755843974649906,0.004965353757143021,0.0016681173583492637,79.81716811870382,0.09426852452013437,0.00023343385756273096,0.06467142970780415,15.462778610557393
AdamW update,1325,1389363200,block06.v,0.06929657608270645,0.036223407834768295,0.015537027269601822,0.005619055591523647,0.00181100913323462,62.69856831800587,0.07405050397269393,0.00017547884906451755,0.07420488914569034,13.476200982345619
AdamW update,1325,1389363200,block06.o,0.07135000824928284,0.03897866979241371,0.018270103260874748,0.007560281082987785,0.0028198102954775095,76.30049899610886,0.09011514226884326,0.00016140564975115248,0.053604158635241816,18.65526902128363
AdamW update,1325,1389363200,block06.up,0.06832665950059891,0.04624178633093834,0.02844965271651745,0.01846781000494957,0.013740087859332561,155.64753970722393,0.1838284201159316,0.0004527819908832184,0.048360806034617676,20.677901838198874
AdamW update,1325,1389363200,block06.down,0.06516706198453903,0.04415922239422798,0.029415559023618698,0.020439665764570236,0.015817921608686447,143.8700457343616,0.16991854326192757,0.0003286015561013297,0.049099789200957256,20.366686217473696
AdamW update,1325,1389363200,block08.q,0.07074834406375885,0.03850541263818741,0.01764993742108345,0.006783660501241684,0.0024475576356053352,87.6809118703497,0.10355604421225899,0.00022841613677478066,0.045647215235833594,21.907141428750037
AdamW update,1325,1389363200,block08.k,0.07055699080228806,0.039418887346982956,0.016986966133117676,0.006033003330230713,0.0020228370558470488,78.66697635618743,0.09291008393744694,0.0002073136590311458,0.05861210714912435,17.061321434080874
AdamW update,1325,1389363200,block08.v,0.06285039335489273,0.03233965486288071,0.014056643471121788,0.005219794809818268,0.0017483539413660765,65.59419482229421,0.07747040027513731,0.00019901409150113587,0.0875865409669565,11.417279286977058
AdamW update,1325,1389363200,block08.o,0.06886104494333267,0.03607791289687157,0.016016600653529167,0.0063880025409162045,0.002360251499339938,83.909313906476,0.09910157678980228,0.0002068663208339009,0.0808997451779172,12.360978366504979
AdamW update,1325,1389363200,block08.up,0.06630164384841919,0.044655248522758484,0.029627790674567223,0.020190440118312836,0.01522198785096407,159.74367699314044,0.1886661865673922,0.0004585553523443675,0.05850387258733125,17.092885577912075
AdamW update,1325,1389363200,block08.down,0.05745598301291466,0.03640633821487427,0.02312239445745945,0.015525473281741142,0.011666667647659779,137.50180792337252,0.16239729944452638,0.0003230360724166019,0.22772112136273392,4.39133618355547
AdamW update,1350,1415577600,block02.q,0.061526477336883545,0.023864278569817543,0.008607100695371628,0.0031444153282791376,0.0009442290756851435,69.2779383834771,0.06766864916323768,0.00013299166606438396,0.10909541470156459,9.166288085851683
AdamW update,1350,1415577600,block02.k,0.06049856171011925,0.025279328227043152,0.009428943507373333,0.003368393750861287,0.0010973052121698856,61.69321757863426,0.060260117340263715,0.00012884744102758996,0.08698768435275728,11.495880220753373
AdamW update,1350,1415577600,block02.v,0.05581923946738243,0.021492628380656242,0.008001994341611862,0.0028367750346660614,0.0009177911560982466,54.22916138803668,0.05296944715749304,0.00010993883209660775,0.12805729456852877,7.809004581655117
AdamW update,1350,1415577600,block02.o,0.06795553117990494,0.031343501061201096,0.012425290420651436,0.004660602658987045,0.0015654843300580978,68.7270228834959,0.06713053113379429,7.959772212647176e-05,0.05893090680271684,16.969024477218767
AdamW update,1350,1415577600,block02.up,0.07447999715805054,0.03959290310740471,0.016948143020272255,0.010768596082925797,0.008224332705140114,168.35515234976057,0.16444435277676328,0.0003603394018935076,0.07184334944945281,13.919172862389651
AdamW update,1350,1415577600,block02.down,0.06475862860679626,0.047143202275037766,0.03233993425965309,0.022783730179071426,0.017693661153316498,152.57876407078743,0.14903444150597026,0.0002189891794869312,0.05579286382357029,17.92343915455258
AdamW update,1350,1415577600,block04.q,0.06449758261442184,0.033000875264406204,0.01329956017434597,0.004668471869081259,0.0012432645307853818,81.48572572123462,0.07959285617190281,0.00014259668130847618,0.10405613221049581,9.61019767654917
AdamW update,1350,1415577600,block04.k,0.05733935162425041,0.028429336845874786,0.011211949400603771,0.0038868971168994904,0.0012971016112715006,70.91912742670456,0.0692717142683505,0.0001288138317507995,0.08976373463168841,11.140356449106338
AdamW update,1350,1415577600,block04.v,0.06047681346535683,0.028028273954987526,0.010603229515254498,0.0036100384313613176,0.0011100705014541745,59.0228250603169,0.05765175660282511,0.0001279469583311432,0.0923044097207617,10.833718595083258
AdamW update,1350,1415577600,block04.o,0.06740661710500717,0.032910335808992386,0.013877780176699162,0.005523237399756908,0.0020245613995939493,74.40495420301035,0.07267656716486676,0.00010712733411924022,0.06600809053935919,15.149658046898384
AdamW update,1350,1415577600,block04.up,0.07065504789352417,0.04492253065109253,0.02561184950172901,0.016058923676609993,0.01166569534689188,169.11328489841628,0.16518487431437373,0.00039391689518828566,0.06382884138021439,15.666898824674252
AdamW update,1350,1415577600,block04.down,0.062089771032333374,0.045528165996074677,0.03114341013133526,0.02169862389564514,0.01649525947868824,146.07421751762632,0.14268099206820836,0.00022658985036358277,0.08962594236667432,11.15748379982257
AdamW update,1350,1415577600,block06.q,0.07279613614082336,0.03958682343363762,0.017520194873213768,0.006707737687975168,0.002317760605365038,92.45608419508405,0.09030837912313024,0.0002345163300165711,0.05688183018249249,17.580306343725688
AdamW update,1350,1415577600,block06.k,0.06778929382562637,0.0342855304479599,0.01409386657178402,0.005124729126691818,0.0017410183791071177,80.21080384298988,0.07834755004267112,0.00019448570653466933,0.06091445729332201,16.41646407821857
AdamW update,1350,1415577600,block06.v,0.07120083272457123,0.03739669919013977,0.016089247539639473,0.005857883952558041,0.0019103813683614135,64.14063866372251,0.06265068615085416,0.00014597470239741944,0.05719124841682888,17.48519271185806
AdamW update,1350,1415577600,block06.o,0.07126346230506897,0.039503201842308044,0.018282968550920486,0.007484724745154381,0.002803145907819271,79.04740039436636,0.07721117182996465,0.00013467854808342692,0.05146533866660108,19.43055318217423
AdamW update,1350,1415577600,block06.up,0.06799301505088806,0.04629714414477348,0.02866632677614689,0.01853124052286148,0.013707268983125687,161.477861069869,0.1577268172716454,0.00037620819705606515,0.047379460659474404,21.106192136444918
AdamW update,1350,1415577600,block06.down,0.06509748846292496,0.0448002852499485,0.029795503243803978,0.020654214546084404,0.01592172682285309,148.78507426531579,0.14532887707275036,0.0002740392373060707,0.043349427329247625,23.06835549186841
AdamW update,1350,1415577600,block08.q,0.06887156516313553,0.038954831659793854,0.017587697133421898,0.006778734270483255,0.00235986546613276,90.28238330550296,0.08818517213523348,0.00018948002953029556,0.043703902289591534,22.88125196175351
AdamW update,1350,1415577600,block08.k,0.07014714181423187,0.03935670480132103,0.017297547310590744,0.006159230135381222,0.001939940731972456,81.17670565921439,0.07929101447959523,0.00017201511043732294,0.048629769077426,20.5635358540948
AdamW update,1350,1415577600,block08.v,0.06512169539928436,0.033117856830358505,0.014252065680921078,0.005331077612936497,0.0017936660442501307,67.56188492006801,0.06599245869812874,0.0001661350892150706,0.08863159987280156,11.282657668767532
AdamW update,1350,1415577600,block08.o,0.06928998976945877,0.03601222485303879,0.01588611863553524,0.006360057275742292,0.0023185410536825657,86.9641248314406,0.08494399501949211,0.00017313610277905342,0.06290604344180739,15.896723832664374
AdamW update,1350,1415577600,block08.up,0.0667697936296463,0.04546554386615753,0.03010074980556965,0.020446375012397766,0.01535477302968502,165.4191336336843,0.16157653619516812,0.0003813086470044706,0.05242213912016869,19.075909849990534
AdamW update,1350,1415577600,block08.down,0.060407090932130814,0.0381685234606266,0.024171583354473114,0.0161090437322855,0.012058267369866371,139.1511022073422,0.13591869700025946,0.00027019326665516275,0.1861067837362249,5.3732592650536155
AdamW update,1375,1441792000,block02.q,0.062251217663288116,0.024115875363349915,0.008723901584744453,0.0031666795257478952,0.0009465172770433128,77.3329149286786,0.05973854284607431,0.0001055164199897289,0.09952294434168696,10.047934238829912
AdamW update,1375,1441792000,block02.k,0.05809250473976135,0.023892201483249664,0.009208871982991695,0.003384731477126479,0.0010957190534099936,72.25832970550148,0.05581850017006236,0.00010221236726765202,0.11967635574443225,8.355869409455371
AdamW update,1375,1441792000,block02.v,0.05465618893504143,0.0209982730448246,0.0077043999917805195,0.002791893668472767,0.0009233584860339761,62.29308975099202,0.04812049842600671,8.70983007869607e-05,0.12685381986003197,7.883089378809251
AdamW update,1375,1441792000,block02.o,0.06698621809482574,0.03083776868879795,0.012347238138318062,0.004626504611223936,0.0015509530203416944,76.22178420345922,0.05888021065340674,6.335881745786263e-05,0.07275660501762005,13.744456599614868
AdamW update,1375,1441792000,block02.up,0.07472991943359375,0.039309144020080566,0.016687041148543358,0.010479726828634739,0.007987555116415024,180.1969926942074,0.13919953461892073,0.00028606583855583345,0.07294713445793466,13.708557675787185
AdamW update,1375,1441792000,block02.down,0.06463472545146942,0.04689223691821098,0.03232578560709953,0.022856280207633972,0.017780901864171028,165.20909466577814,0.12762160316024407,0.00017450790128322428,0.06960028084643799,14.367758115895276
AdamW update,1375,1441792000,block04.q,0.0668521448969841,0.03370434790849686,0.01359119638800621,0.00474140141159296,0.0013050420675426722,86.57604029455915,0.06687872165881581,0.00011347300953057036,0.10665579276872084,9.375955811124701
AdamW update,1375,1441792000,block04.k,0.05862097814679146,0.029450684785842896,0.011759443208575249,0.0041036540642380714,0.0013540368527173996,74.1386050930299,0.0572709853363577,0.00010229234335730063,0.09764628510267048,10.241045001850782
AdamW update,1375,1441792000,block04.v,0.06049436703324318,0.027103295549750328,0.010124283842742443,0.003572969464585185,0.0010835928842425346,66.91534644572141,0.051691123946308225,0.00010166597940462982,0.1264422245356167,7.9087504484573214
AdamW update,1375,1441792000,block04.o,0.06781629472970963,0.03333711624145508,0.014189530164003372,0.005625735502690077,0.00202818401157856,80.71069642539071,0.062347829523708424,8.537090270768396e-05,0.06478147667867606,15.436511349689056
AdamW update,1375,1441792000,block04.up,0.07100978493690491,0.04460274428129196,0.025348186492919922,0.015847742557525635,0.011580409482121468,181.2309596678423,0.1399982589449452,0.00031286124687345505,0.0637165526213721,15.694508865574992
AdamW update,1375,1441792000,block04.down,0.06167416647076607,0.04449225217103958,0.030506320297718048,0.02128385193645954,0.01627376675605774,160.83844715010028,0.12424534204140211,0.00018071952983048147,0.09333767994623177,10.713786764102787
AdamW update,1375,1441792000,block06.q,0.07217568159103394,0.03923255577683449,0.017301464453339577,0.006668391637504101,0.0023120346013456583,98.00210738044464,0.07570519094167946,0.00018641403958289757,0.046516102574835294,21.49793178375587
AdamW update,1375,1441792000,block06.k,0.06721993535757065,0.03363640606403351,0.013960331678390503,0.005180544685572386,0.0018454038072377443,87.88915735088374,0.06789308533052665,0.00015463618570971658,0.06000266161411005,16.665927362209594
AdamW update,1375,1441792000,block06.v,0.06893391907215118,0.036451179534196854,0.015724383294582367,0.005865817423909903,0.001951610785908997,72.06968504300559,0.05567277493439024,0.00011593402763189837,0.058404942307394236,17.121838674830727
AdamW update,1375,1441792000,block06.o,0.07035807520151138,0.03919756039977074,0.018216077238321304,0.007621336728334427,0.002828184049576521,85.49494438525674,0.06604359092104212,0.00010722383141358776,0.04423193708221285,22.608098717027108
AdamW update,1375,1441792000,block06.up,0.06852226704359055,0.046000152826309204,0.02831432595849037,0.01842673122882843,0.013680804520845413,175.13089566876278,0.13528604895119428,0.0002984093258365384,0.048407782366759244,20.657835395630148
AdamW update,1375,1441792000,block06.down,0.06465386599302292,0.04407131299376488,0.029280927032232285,0.020344778895378113,0.015680622309446335,163.8811490466965,0.12659578464123533,0.00021802177482470734,0.05334708364299079,18.74516715275754
AdamW update,1375,1441792000,block08.q,0.06961555778980255,0.037996310740709305,0.017481418326497078,0.0067161195911467075,0.0023962517734616995,95.7126116043056,0.07393658902560107,0.00015017620738682854,0.04251292939381224,23.522255799797936
AdamW update,1375,1441792000,block08.k,0.07023046910762787,0.039278410375118256,0.01714220643043518,0.006215177476406097,0.0020015316549688578,86.8908280678713,0.06712189059795086,0.00013636522958421633,0.05287497897444737,18.912537071329428
AdamW update,1375,1441792000,block08.v,0.06326929479837418,0.03237596154212952,0.014004598371684551,0.005270887166261673,0.001777549390681088,74.06939578061358,0.057217522157335644,0.0001324376934042229,0.08179668951561325,12.225433644342308
AdamW update,1375,1441792000,block08.o,0.06996449828147888,0.035712830722332,0.01570115238428116,0.00643269345164299,0.0023579930420964956,92.59796329763971,0.07153056887894277,0.00013832792946004584,0.06117604051255743,16.346268761783183
AdamW update,1375,1441792000,block08.up,0.06591537594795227,0.04464694857597351,0.02971353940665722,0.020308317616581917,0.015373047441244125,178.41145975761927,0.13782023660676354,0.0003027070829458982,0.03595423674497411,27.813133876073334
AdamW update,1375,1441792000,block08.down,0.061818916350603104,0.03836999461054802,0.024203874170780182,0.01615867391228676,0.012196637690067291,152.78593648405135,0.11802489562623872,0.0002155266475399717,0.16369396898474609,6.108960557326248
AdamW update,1400,1468006400,block02.q,0.06419989466667175,0.02464524656534195,0.008273732848465443,0.0029783498030155897,0.0009587437962181866,81.58491115467045,0.04635655758574117,7.787704102361268e-05,0.08848196681430309,11.301737924731011
AdamW update,1400,1468006400,block02.k,0.06071757525205612,0.0252097025513649,0.009089757688343525,0.0032910704612731934,0.001139722764492035,74.04737933461928,0.04207373098306053,7.53993802987078e-05,0.09893454841789495,10.107692570405701
AdamW update,1400,1468006400,block02.v,0.057735688984394073,0.021873679012060165,0.007825115695595741,0.002826245967298746,0.0009068632498383522,64.3984249430722,0.036591193788824264,6.414428961983331e-05,0.13424985792218624,7.4487974548145806
AdamW update,1400,1468006400,block02.o,0.06986726820468903,0.03207328915596008,0.013048357330262661,0.004894517362117767,0.0016434988938272,79.05902005414158,0.044921345919762976,4.6809903563284197e-05,0.06404629374537762,15.613705985479799
AdamW update,1400,1468006400,block02.up,0.07414575666189194,0.03964310511946678,0.016671197488904,0.010220441967248917,0.0077682617120444775,190.63453859041644,0.10831857068820182,0.00021089537962844373,0.07346943061936262,13.611103169982284
AdamW update,1400,1468006400,block02.down,0.06434673815965652,0.04693075641989708,0.03240969404578209,0.022957803681492805,0.01790214702486992,175.87533338537392,0.09993238828849031,0.0001289992303988675,0.06487115133735699,15.415172682839923
AdamW update,1400,1468006400,block04.q,0.066647969186306,0.034165579825639725,0.013921985402703285,0.0048647173680365086,0.0013700081035494804,92.25336996368364,0.052418377328285755,8.383728041316108e-05,0.10267646121900587,9.739330593669658
AdamW update,1400,1468006400,block04.k,0.058532603085041046,0.02935589663684368,0.011835223063826561,0.004223574418574572,0.0013756371336057782,80.7220611123903,0.045866286074664954,7.546402091053056e-05,0.09474054334774351,10.55514318014324
AdamW update,1400,1468006400,block04.v,0.06191551312804222,0.02798512578010559,0.010648155584931374,0.0036497758701443672,0.0011277159210294485,70.42204097975775,0.04001381323802155,7.504253746105468e-05,0.0912704259622501,10.956451549964333
AdamW update,1400,1468006400,block04.o,0.07013910263776779,0.03496447578072548,0.014979260973632336,0.005880020093172789,0.0020189268980175257,83.77207691468105,0.04759930546728603,6.313730712538729e-05,0.06272655357335921,15.942211759338761
AdamW update,1400,1468006400,block04.up,0.07111922651529312,0.044723376631736755,0.025540262460708618,0.015954814851284027,0.011615877971053123,189.14209572686354,0.10747056445066905,0.00023076242159552848,0.06306264696533859,15.857247485181436
AdamW update,1400,1468006400,block04.down,0.06093592569231987,0.04450933262705803,0.030738607048988342,0.021707694977521896,0.016561944037675858,170.51518323488676,0.0968867502458355,0.0001337395780577281,0.10450795873240626,9.568649240968439
AdamW update,1400,1468006400,block06.q,0.07294197380542755,0.03993266820907593,0.01778208650648594,0.0068418229930102825,0.0024627335369586945,100.5963581155036,0.05715886432794413,0.0001376331223222752,0.04985767052337331,20.05709431472935
AdamW update,1400,1468006400,block06.k,0.06730809062719345,0.034751348197460175,0.01463414542376995,0.005377484951168299,0.0018968957010656595,90.91678520924425,0.05165892968949469,0.00011420277814336583,0.06756564209828841,14.800421766809972
AdamW update,1400,1468006400,block06.v,0.07134433090686798,0.037707310169935226,0.016239965334534645,0.005988662596791983,0.0020068178419023752,76.09867031840406,0.04323927479832137,8.553372664185812e-05,0.05889079711281742,16.9805818400504
AdamW update,1400,1468006400,block06.o,0.07212710380554199,0.04036371409893036,0.018850402906537056,0.007845756597816944,0.003000955330207944,89.6687604549473,0.05094980185479845,7.924256785224233e-05,0.04712269648174705,21.221196465005974
AdamW update,1400,1468006400,block06.up,0.0683710128068924,0.04597371816635132,0.028429944068193436,0.01841370016336441,0.013648767955601215,184.9822203499551,0.1051069226971887,0.00021985437660230982,0.042526203285558006,23.514913694155297
AdamW update,1400,1468006400,block06.down,0.06449344009160995,0.04454224556684494,0.02979305386543274,0.020811786875128746,0.016195738688111305,172.83226178828554,0.09820331459420725,0.00016099491894987618,0.04657975800616132,21.468552925236867
AdamW update,1400,1468006400,block08.q,0.07096320390701294,0.03885774686932564,0.01797349378466606,0.00698555912822485,0.0024193632416427135,98.92107612044664,0.056206968871087115,0.00011060845884192148,0.048581496172425354,20.583968769730802
AdamW update,1400,1468006400,block08.k,0.0705353245139122,0.03994813933968544,0.017662975937128067,0.006344015710055828,0.002124106278643012,90.1117676630572,0.05120151861054402,0.00010044683978527431,0.06425347889218358,15.563359638129256
AdamW update,1400,1468006400,block08.v,0.06456596404314041,0.03349701315164566,0.014562541618943214,0.005482334177941084,0.0018417804967612028,76.20405919001144,0.04329915676946554,9.800950561189806e-05,0.07331945045117383,13.638945652844704
AdamW update,1400,1468006400,block08.o,0.07164989411830902,0.03777315840125084,0.016875823959708214,0.006738223601132631,0.002403539838269353,95.24663349807916,0.05411915007458986,0.00010252119164466287,0.05167543271888153,19.351555417834227
AdamW update,1400,1468006400,block08.up,0.06648172438144684,0.045436251908540726,0.03041095845401287,0.020837079733610153,0.01578056439757347,185.03939090150652,0.10513940701233587,0.0002231715145326453,0.052199513506107076,19.157266664621407
AdamW update,1400,1468006400,block08.down,0.061447057873010635,0.03883875906467438,0.024783093482255936,0.016536716371774673,0.012485289014875889,162.7362141328296,0.09246673894676613,0.00015946021242959442,0.16780130317954534,5.959429283633228
AdamW update,1425,1494220800,block02.q,0.06091715395450592,0.024025823920965195,0.00854211300611496,0.003202369436621666,0.0010043682996183634,89.1397252003003,0.032439277245617,4.996297837019071e-05,0.1059087039137161,9.442094587567617
AdamW update,1425,1494220800,block02.k,0.05674935504794121,0.022914977744221687,0.008882259950041771,0.003375113243237138,0.0011363669764250517,85.53234988494583,0.031126499494498416,4.8365287219432125e-05,0.16330394029765571,6.123550957663912
AdamW update,1425,1494220800,block02.v,0.05363718420267105,0.020503191277384758,0.00777240889146924,0.0029171137139201164,0.0009630208951421082,75.12822965470876,0.02734028476378197,4.112006994114334e-05,0.1687998435301319,5.924176107553639
AdamW update,1425,1494220800,block02.o,0.0680132806301117,0.03126091510057449,0.012622635811567307,0.004855257458984852,0.0016223399434238672,87.06653263660671,0.031684811509873616,3.006453166852539e-05,0.09852016580104905,10.15020622295128
AdamW update,1425,1494220800,block02.up,0.07473104447126389,0.03957289829850197,0.016563232988119125,0.010156670585274696,0.007700835354626179,200.9846866949514,0.07314132906704354,0.00013523410691337125,0.07360541378511698,13.585957181347984
AdamW update,1425,1494220800,block02.down,0.06441085040569305,0.04662115499377251,0.03217027336359024,0.022910628467798233,0.017768176272511482,188.72915098593904,0.06868135659388551,8.284027662278363e-05,0.07819859019628783,12.787954328714624
AdamW update,1425,1494220800,block04.q,0.06695283949375153,0.03461849316954613,0.014343435876071453,0.00506633659824729,0.0014024480478838086,96.76544402728987,0.0352143902120299,5.386351318596813e-05,0.07423319232075531,13.47106285930807
AdamW update,1425,1494220800,block04.k,0.05849136412143707,0.029473431408405304,0.01171372551470995,0.004129049368202686,0.0014438729267567396,87.13657497588974,0.0317103009631766,4.84267543653762e-05,0.09239118969944471,10.823542842700403
AdamW update,1425,1494220800,block04.v,0.06083553284406662,0.028137583285570145,0.010579214431345463,0.003756994614377618,0.0012099931482225657,77.43166891203822,0.028178540709927705,4.817900473631156e-05,0.08335869447365951,11.996349106882782
AdamW update,1425,1494220800,block04.o,0.06910601258277893,0.034212399274110794,0.014773203991353512,0.005802683997899294,0.002099615288898349,91.59757777180634,0.033333726502856445,4.057139124214109e-05,0.05589649757851789,17.890208569782008
AdamW update,1425,1494220800,block04.up,0.07036631554365158,0.04464152827858925,0.02561178430914879,0.015950903296470642,0.011561754159629345,200.10966611760662,0.07282289601107075,0.0001480337385774177,0.06590640116377333,15.173033003502374
AdamW update,1425,1494220800,block04.down,0.06090105324983597,0.04417193681001663,0.030300896614789963,0.021178457885980606,0.01619347743690014,183.95263243296037,0.06694311015818316,8.595523903237961e-05,0.09266336796196484,10.791751066186867
AdamW update,1425,1494220800,block06.q,0.07166043668985367,0.03987264260649681,0.01753176935017109,0.00685877026990056,0.0024769145529717207,104.78889714430515,0.03813424462649237,8.835678551658706e-05,0.052227604409460504,19.14696282372201
AdamW update,1425,1494220800,block06.k,0.06668795645236969,0.03416188433766365,0.01422495860606432,0.0053900908678770065,0.0019237409578636289,96.68851643073266,0.035186395110777896,7.332384639305142e-05,0.060494260448568093,16.530493844952364
AdamW update,1425,1494220800,block06.v,0.06990873068571091,0.037298016250133514,0.016216345131397247,0.006120366044342518,0.0020246647763997316,83.48848473671708,0.030382706443229025,5.4902155594695796e-05,0.05908567934927422,16.92457480413625
AdamW update,1425,1494220800,block06.o,0.071366086602211,0.0396810881793499,0.018907947465777397,0.007766615133732557,0.002956579439342022,95.46454820751957,0.034740974795161965,5.090973067541426e-05,0.051441258990962746,19.439648632543793
AdamW update,1425,1494220800,block06.up,0.06799966096878052,0.04590986669063568,0.02849489636719227,0.01848256215453148,0.013688921928405762,194.8624171831236,0.07091334375947946,0.0001408901393914581,0.0478330756701304,20.9060359592234
AdamW update,1425,1494220800,block06.down,0.06437825411558151,0.04392627999186516,0.029438914731144905,0.020421886816620827,0.01579035073518753,184.73035770172058,0.06722613599831835,0.00010331666234231825,0.06093434810173215,16.41110524938189
AdamW update,1425,1494220800,block08.q,0.07004671543836594,0.03842255100607872,0.017571821808815002,0.00699161272495985,0.002432617824524641,101.7129190449954,0.03701485025837266,7.089764502742639e-05,0.044646298554590125,22.398273370350633
AdamW update,1425,1494220800,block08.k,0.07218973338603973,0.03980540856719017,0.017542723566293716,0.006474414374679327,0.0021825870499014854,92.20274114145356,0.03355395449080196,6.439270583417872e-05,0.047566860966426816,21.02303956331721
AdamW update,1425,1494220800,block08.v,0.06188788264989853,0.03212178871035576,0.013884410262107849,0.005397380329668522,0.001821940648369491,85.27739060135018,0.031033716003542856,6.305308229706452e-05,0.09662534744884343,10.349251272078812
AdamW update,1425,1494220800,block08.o,0.06960852444171906,0.03678922355175018,0.016414569690823555,0.006699344143271446,0.0025309224147349596,101.0517818106949,0.03677425254514567,6.601071019171335e-05,0.0668488053320857,14.959130459135158
AdamW update,1425,1494220800,block08.up,0.06580379605293274,0.04474624991416931,0.029864784330129623,0.02034984901547432,0.015367074869573116,197.23100772228662,0.07177530923007747,0.00014308343819765596,0.05282305350206706,18.93112824234722
AdamW update,1425,1494220800,block08.down,0.060145556926727295,0.03812364861369133,0.024152318015694618,0.016233811154961586,0.01228246558457613,175.26736346741905,0.06378241107264236,0.00010249322262037847,0.18352018485497812,5.4489918958518
AdamW update,1450,1520435200,block02.q,0.061217039823532104,0.023478519171476364,0.007962209172546864,0.0029811211861670017,0.0009559568716213107,99.00888407299024,0.01580476173639306,2.1939762395077877e-05,0.10061019021446871,9.939351052495978
AdamW update,1450,1520435200,block02.k,0.05779552087187767,0.02269907481968403,0.008373401127755642,0.0031729978509247303,0.0011036109644919634,94.9353103388191,0.015154498248555534,2.1237308510264092e-05,0.15074217653196698,6.633843447178409
AdamW update,1450,1520435200,block02.v,0.053004637360572815,0.01996324397623539,0.007399261463433504,0.002759120659902692,0.0009528393857181072,83.99722731332858,0.013408454974869925,1.804522840235575e-05,0.15544751912566213,6.433039302425988
AdamW update,1450,1520435200,block02.o,0.06813114136457443,0.031075013801455498,0.01257907971739769,0.004743545316159725,0.0015897988341748714,96.04296898403285,0.015331313502426629,1.3204608555446621e-05,0.06330392332376178,15.79680922595582
AdamW update,1450,1520435200,block02.up,0.07412270456552505,0.03955927491188049,0.01626923494040966,0.009829021990299225,0.007382069248706102,215.15741259216642,0.03434552034069103,5.9351559211168706e-05,0.07870460867531737,12.705736256504773
AdamW update,1450,1520435200,block02.down,0.06434369087219238,0.04675434157252312,0.03223481401801109,0.02277156338095665,0.017733365297317505,204.19159023208903,0.032595049044429704,3.63757630441697e-05,0.07563474001057191,13.221437660263314
AdamW update,1450,1520435200,block04.q,0.06791049987077713,0.03465338423848152,0.014156332239508629,0.004988358821719885,0.0014597544213756919,104.02906889221288,0.016606132499060976,2.366553844796951e-05,0.07579236876356177,13.193940449592649
AdamW update,1450,1520435200,block04.k,0.058956328779459,0.028611615300178528,0.011570869944989681,0.004193681292235851,0.001491330098360777,95.08221014171023,0.015177947824879474,2.1267047573866296e-05,0.08439553993027005,11.84896738413224
AdamW update,1450,1520435200,block04.v,0.060207925736904144,0.02703622542321682,0.010286480188369751,0.0037072745617479086,0.0011721221962943673,88.12671051895164,0.014067643276711554,2.1160078285764306e-05,0.09557181252262215,10.463336140698356
AdamW update,1450,1520435200,block04.o,0.0674893781542778,0.033228836953639984,0.014522808603942394,0.005682406947016716,0.0020620254799723625,100.99519475379259,0.01612183598016891,1.782700441719143e-05,0.05733036903987543,17.442762304642805
AdamW update,1450,1520435200,block04.up,0.06902521103620529,0.044434599578380585,0.02528722584247589,0.01566740870475769,0.011371390894055367,214.57419336462394,0.034252421211075586,6.497830878783122e-05,0.07365388603840817,13.577016146555142
AdamW update,1450,1520435200,block04.down,0.06067987158894539,0.04409494996070862,0.030342206358909607,0.02126394771039486,0.01627049595117569,199.20008248304245,0.0317982559948193,3.775894082179022e-05,0.09567077049681316,10.452513289137881
AdamW update,1450,1520435200,block06.q,0.07260269671678543,0.03962935134768486,0.01755448989570141,0.006855676416307688,0.002448165090754628,109.9799601029401,0.01755607167457378,3.880076560461192e-05,0.04853373308908204,20.604225893040898
AdamW update,1450,1520435200,block06.k,0.06698177009820938,0.034054383635520935,0.01430689636617899,0.005378532223403454,0.0019624338019639254,102.78472954279123,0.016407498940860993,3.220281904736782e-05,0.05931386012751805,16.859465862618176
AdamW update,1450,1520435200,block06.v,0.06865105777978897,0.03671270236372948,0.015893882140517235,0.006068806163966656,0.0020498516969382763,93.4658409693954,0.014919927245355987,2.410296224321594e-05,0.07383583553121653,13.543559070002223
AdamW update,1450,1520435200,block06.o,0.07051828503608704,0.03955182433128357,0.018760070204734802,0.007708926685154438,0.002866310765966773,103.76905682637847,0.01656462684239616,2.2359805545883745e-05,0.051409393520992275,19.451698055758325
AdamW update,1450,1520435200,block06.up,0.06813944876194,0.04535829648375511,0.02822021022439003,0.018198827281594276,0.013382812030613422,211.89780104659738,0.033825189419751295,6.180847627017026e-05,0.05013957363013333,19.944325960502606
AdamW update,1450,1520435200,block06.down,0.06399817019701004,0.043711889535188675,0.02907494828104973,0.020242752507328987,0.01570058800280094,202.85921301200577,0.03238236202443572,4.535383943911538e-05,0.05721886939347365,17.47675217284282
AdamW update,1450,1520435200,block08.q,0.07037467509508133,0.037303484976291656,0.01742410846054554,0.006935413461178541,0.0024572766851633787,108.20737411117621,0.017273114245860182,3.110085543841141e-05,0.0450824589984864,22.181576209797566
AdamW update,1450,1520435200,block08.k,0.06869889795780182,0.03818671405315399,0.017056243494153023,0.006305547431111336,0.002129076514393091,101.76561268266124,0.0162448175885086,2.8248395893544555e-05,0.0613123147949699,16.3099371365121
AdamW update,1450,1520435200,block08.v,0.06057654693722725,0.031096749007701874,0.013696187175810337,0.00527939572930336,0.0018417187966406345,94.14924781402809,0.015029019297544728,2.77252136816151e-05,0.099676554016491,10.032449555133645
AdamW update,1450,1520435200,block08.o,0.06996549665927887,0.0363444946706295,0.0163282360881567,0.006567057687789202,0.0024298487696796656,107.51518324784416,0.017162620003111154,2.9037754522908908e-05,0.061239707761373774,16.329274527184115
AdamW update,1450,1520435200,block08.up,0.06571554392576218,0.044613078236579895,0.029562553390860558,0.02034722827374935,0.015438512898981571,211.2227729207766,0.03371743486020999,6.278379576850126e-05,0.04193571398203866,23.84602299673034
AdamW update,1450,1520435200,block08.down,0.06059662997722626,0.03821860998868942,0.0242519062012434,0.01625828631222248,0.01226293295621872,194.0600240825005,0.03097774984436292,4.503503545942155e-05,0.14501434379784772,6.895869565799751
AdamW update,1469,1539870720,block02.q,0.05670291930437088,0.021525448188185692,0.00758904404938221,0.00290115550160408,0.0009388630860485137,125.54643269697544,0.0005490120505760885,6.012227068646386e-07,0.13606280501790025,7.349547143824069
AdamW update,1469,1539870720,block02.k,0.05209369957447052,0.020749568939208984,0.007874726317822933,0.003013003384694457,0.0010392798576503992,122.46105637577038,0.0005355197613527683,5.819723545323012e-07,0.16538647944982188,6.04644347788659
AdamW update,1469,1539870720,block02.v,0.048138830810785294,0.01815900020301342,0.006897864397615194,0.0026884092949330807,0.0009515304118394852,113.7712810562837,0.0004975195468925784,4.943933125072668e-07,0.1489601393383424,6.713205320845183
AdamW update,1469,1539870720,block02.o,0.061739180237054825,0.027638349682092667,0.011306398548185825,0.00449829688295722,0.0015141100157052279,124.09393984658442,0.0005426603282602103,3.618231324640032e-07,0.11744192456519276,8.514846837722706
AdamW update,1469,1539870720,block02.up,0.07374639064073563,0.03782165050506592,0.01581418886780739,0.0094772232696414,0.007144873961806297,250.12837220630732,0.0010938063916455046,1.6259449076510786e-06,0.08798267088583689,11.365874551564405
AdamW update,1469,1539870720,block02.down,0.06341128051280975,0.04496635124087334,0.030770277604460716,0.021724309772253036,0.016906313598155975,244.85393399520763,0.001070741378361519,9.965856043989847e-07,0.10245436207141267,9.760443379687247
AdamW update,1469,1539870720,block04.q,0.06401602178812027,0.03261672705411911,0.01348581537604332,0.0048580775037407875,0.0014402249362319708,122.49337527335435,0.0005356610912484394,6.484990983122921e-07,0.1072447238323413,9.324468041554457
AdamW update,1469,1539870720,block04.k,0.05151776969432831,0.025556808337569237,0.010486290790140629,0.0038341532927006483,0.0013194697676226497,122.09858875318564,0.000533934697655873,5.82718188653363e-07,0.13071922378267065,7.649984226211182
AdamW update,1469,1539870720,block04.v,0.05369701609015465,0.023558706045150757,0.009384846314787865,0.0034344163723289967,0.001134004327468574,118.05941913319228,0.0005162714893268113,5.797858561464172e-07,0.14606312826402146,6.846354804837642
AdamW update,1469,1539870720,block04.o,0.06421435624361038,0.03105168044567108,0.013433245941996574,0.00537795340642333,0.00196680030785501,123.47918660552544,0.0005399720245766902,4.88486359649562e-07,0.0929446141766741,10.75909571370264
AdamW update,1469,1539870720,block04.up,0.06854486465454102,0.04319159314036369,0.024408981204032898,0.015111231245100498,0.010974934324622154,249.18378975342085,0.0010896757513855055,1.7802436578084942e-06,0.08110594349375688,12.329552643413548
AdamW update,1469,1539870720,block04.down,0.05910159647464752,0.04221368953585625,0.028639089316129684,0.020007865503430367,0.015333062037825584,243.73269109632375,0.0010658382054884524,1.0346500853493726e-06,0.11432544581566617,8.746959111905502
AdamW update,1469,1539870720,block06.q,0.06941098719835281,0.03772732987999916,0.016690297052264214,0.006579121109098196,0.0023767766542732716,126.53034717287592,0.0005533146889896341,1.0632038884325951e-06,0.09064548061822908,11.031989605876689
AdamW update,1469,1539870720,block06.k,0.06053902208805084,0.030788062140345573,0.013115771114826202,0.0050291866064071655,0.0017767592798918486,126.81908515069628,0.0005545773344179192,8.824224386430959e-07,0.07626112036122379,13.112841710996765
AdamW update,1469,1539870720,block06.v,0.06514827907085419,0.033987268805503845,0.014605054631829262,0.005569084547460079,0.001952503458596766,120.20435749399495,0.0005256512620732492,6.604016667061505e-07,0.09084683204368194,11.007538485427531
AdamW update,1469,1539870720,block06.o,0.0679430216550827,0.03693724423646927,0.017429137602448463,0.007296155672520399,0.0027371093165129423,126.4995264110404,0.0005531799104117634,6.126933470549722e-07,0.06345941439134606,15.758103184393232
AdamW update,1469,1539870720,block06.up,0.06731531769037247,0.04401466250419617,0.02682466059923172,0.017307598143815994,0.012912606820464134,249.4246660320086,0.0010907290985559645,1.6931256950745839e-06,0.05956681579988299,16.787870672146358
AdamW update,1469,1539870720,block06.down,0.06356548517942429,0.04158464074134827,0.027302980422973633,0.018940309062600136,0.01465525384992361,248.0152004462906,0.0010845655336118361,1.2425700716859528e-06,0.07096504302569784,14.091444989864662
AdamW update,1469,1539870720,block08.q,0.0666964128613472,0.03548933193087578,0.01654406078159809,0.0065741646103560925,0.00236995005980134,125.26520239078594,0.0005477822360463687,8.519549229593766e-07,0.08424859372525262,11.869634326017962
AdamW update,1469,1539870720,block08.k,0.0669964998960495,0.0363495759665966,0.016159148886799812,0.006182705517858267,0.002161197131499648,119.471592524875,0.0005224468954525116,7.73827088914646e-07,0.08267617733168109,12.09538263952614
AdamW update,1469,1539870720,block08.v,0.05598033219575882,0.028175700455904007,0.012547236867249012,0.00492466613650322,0.001731880591250956,120.28158785709037,0.0005259889889134223,7.599695209721891e-07,0.12729051703914607,7.8560447648465965
AdamW update,1469,1539870720,block08.o,0.06662905216217041,0.03458232060074806,0.01538880169391632,0.006369356997311115,0.0023857264313846827,125.70642173908084,0.0005497116794718612,7.960106078336887e-07,0.07911614768378072,12.639644741006594
AdamW update,1469,1539870720,block08.up,0.06342025101184845,0.04244771599769592,0.028181666508316994,0.019305400550365448,0.014782315120100975,250.24754411176747,0.0010943275280153896,1.7199210078005767e-06,0.06640821285466192,15.058378429616166
AdamW update,1469,1539870720,block08.down,0.057138219475746155,0.03560605272650719,0.022395610809326172,0.015046583488583565,0.011466477066278458,243.5360636103103,0.0010649783574069346,1.2340965719998882e-06,0.16997747142690756,5.8831325798961105
Muon update,1,1048576,block02.q,0.06639790534973145,0.06129036471247673,0.03676605224609375,0.012460891157388687,0.0044138384982943535,16.372799833012945,0.003274559966602589,2.0473571777343753e-05,0.004894562925002399,204.30833464042345
Muon update,1,1048576,block02.k,0.06517007946968079,0.06048957258462906,0.03846205398440361,0.012901687063276768,0.004628120921552181,16.535471742360635,0.003307094348472127,2.051904678344727e-05,0.004800173476039726,208.32580426343824
Muon update,1,1048576,block02.v,0.0768958255648613,0.029125401750206947,0.010015178471803665,0.0034857885912060738,0.0012630565324798226,7.501215079550046,0.0015002430159100093,2.0454381942749025e-05,0.023299706543751464,42.918995487013156
Muon update,1,1048576,block02.o,0.07403931021690369,0.027795301750302315,0.01016997080296278,0.0037007948849350214,0.0013387175276875496,6.95715950040122,0.0013914319000802441,5.1271185874938975e-06,0.02704041756530362,36.98167743101461
Muon update,1,1048576,block02.up,0.061698805540800095,0.056673772633075714,0.045593660324811935,0.020887942984700203,0.012371545657515526,36.11053004792076,0.007222106009584153,4.095728302001954e-05,0.004025155756239018,248.437591129236
Muon update,1,1048576,block02.down,0.07632579654455185,0.0628310814499855,0.02570223994553089,0.011414301581680775,0.007497191894799471,14.01271913176999,0.002802543826353998,1.024674701690674e-05,0.0066778749997276066,149.74823578470554
Muon update,1,1048576,block04.q,0.07684848457574844,0.06473926454782486,0.022624948993325233,0.007639207411557436,0.0027666939422488213,13.581553465676139,0.002716310693135228,2.0518451690673833e-05,0.007111854257889405,140.61030551781462
Muon update,1,1048576,block04.k,0.07283161580562592,0.06902759522199631,0.024136874824762344,0.008451375178992748,0.003138559637591243,14.171323034157496,0.002834264606831499,2.058458518981934e-05,0.006529951932394917,153.14048408825593
Muon update,1,1048576,block04.v,0.06393513828516006,0.024789731949567795,0.008949044160544872,0.0031711040064692497,0.0011068822350353003,6.4975534856527535,0.0012995106971305508,2.0474699020385745e-05,0.031049302810199686,32.206842327921784
Muon update,1,1048576,block04.o,0.06333610415458679,0.024968206882476807,0.009518708102405071,0.0034562386572360992,0.0012722730170935392,5.738921716888512,0.0011477843433777024,5.124639034271241e-06,0.039765378779122784,25.14750344903064
Muon update,1,1048576,block04.up,0.07171157747507095,0.06495341658592224,0.02964404784142971,0.012563991360366344,0.007710760924965143,30.21480968116341,0.006042961936232682,4.095861434936524e-05,0.005748203385321171,173.96740041482138
Muon update,1,1048576,block04.down,0.08485577255487442,0.05181954801082611,0.019064420834183693,0.009490837343037128,0.006550995633006096,11.950584094285215,0.0023901168188570432,1.0240493774414064e-05,0.009179121348413588,108.94288919852097
Muon update,1,1048576,block06.q,0.08498192578554153,0.05342702940106392,0.01819954626262188,0.006335258949548006,0.00231477664783597,12.023353076818095,0.0024046706153636192,2.0453573226928715e-05,0.009069386883942043,110.26103669373362
Muon update,1,1048576,block06.k,0.08140665292739868,0.058821965008974075,0.018417438492178917,0.006605220027267933,0.0023971956688910723,12.533003272271113,0.002506600654454223,2.0490261077880864e-05,0.008347242310107694,119.80004447565848
Muon update,1,1048576,block06.v,0.05491016060113907,0.02282010018825531,0.008702506311237812,0.0030160718597471714,0.0010547405108809471,5.785755981201719,0.0011571511962403438,2.045362281799317e-05,0.03890368028901947,25.7045089968583
Muon update,1,1048576,block06.o,0.058102820068597794,0.02370385080575943,0.009424414485692978,0.0033603468909859657,0.0011791256256401539,5.1670497476271295,0.001033409949525426,5.107625961303712e-06,0.04887620396818648,20.459854055992153
Muon update,1,1048576,block06.up,0.07693377137184143,0.06386801600456238,0.023665975779294968,0.01037604920566082,0.006552035920321941,27.62152451607761,0.005524304903215522,4.0960494995117195e-05,0.0068763293809939174,145.42642514536703
Muon update,1,1048576,block06.down,0.09126746654510498,0.045690350234508514,0.017465630546212196,0.00951401423662901,0.006737145595252514,10.771543999556657,0.0021543087999113314,1.0223076820373537e-05,0.011298624811061586,88.50634627861785
Muon update,1,1048576,block08.q,0.08700498938560486,0.05059680715203285,0.017726905643939972,0.006261088885366917,0.0022917622700333595,11.570116140159957,0.0023140232280319914,2.045371818542481e-05,0.009794318309198913,102.1000102744048
Muon update,1,1048576,block08.k,0.08503718674182892,0.052693650126457214,0.017040973529219627,0.00635165348649025,0.002354042138904333,11.91117827159523,0.002382235654319046,2.0470405578613285e-05,0.00923959436284344,108.22985952948858
Muon update,1,1048576,block08.v,0.05551593005657196,0.02269899845123291,0.008741479367017746,0.0030311064328998327,0.0010733610251918435,5.675667193745935,0.001135133438749187,2.0406295776367192e-05,0.040680594569980855,24.581744946715283
Muon update,1,1048576,block08.o,0.05471363291144371,0.024086544290184975,0.009271032176911831,0.0032493327744305134,0.001144341309554875,4.789837139602735,0.0009579674279205471,5.121901512145997e-06,0.0567212641021444,17.630072527988567
Muon update,1,1048576,block08.up,0.07971122115850449,0.0585533082485199,0.021188711747527122,0.0095291743054986,0.006120976991951466,26.042346076373335,0.005208469215274667,4.0955490112304694e-05,0.007733536638836691,129.3069454120313
Muon update,1,1048576,block08.down,0.0855359137058258,0.038482122123241425,0.01719794236123562,0.010084632784128189,0.00754357548430562,9.17652849292589,0.001835305698585178,1.0233603477478029e-05,0.015565742218414336,64.24364389235458
Muon update,25,26214400,block02.q,0.06573371589183807,0.06092570722103119,0.03796818479895592,0.012219221331179142,0.004150435794144869,16.50582120484053,0.08252910602420264,0.000513058614730835,0.004816497207440984,207.61976119390346
Muon update,25,26214400,block02.k,0.061920832842588425,0.05796580761671066,0.04662207141518593,0.014936951920390129,0.005121622234582901,17.44558613005102,0.0872279306502551,0.0005144795894622803,0.00431083444109448,231.97365003563198
Muon update,25,26214400,block02.v,0.09102951735258102,0.046524710953235626,0.012636599130928516,0.004212501458823681,0.0015279895160347223,10.955702464454621,0.054778512322273105,0.0005077400207519531,0.010921432585305979,91.5630794942991
Muon update,25,26214400,block02.o,0.09435585141181946,0.04229689761996269,0.011066540144383907,0.003908215556293726,0.0014161992585286498,10.456199535867878,0.05228099767933939,0.00012639926671981813,0.011985851049502172,83.43170592308793
Muon update,25,26214400,block02.up,0.05649159848690033,0.05191991105675697,0.04933600127696991,0.029772330075502396,0.018778862431645393,39.70645170710475,0.19853225853552375,0.0010193584442138672,0.003329402715525953,300.35417323855575
Muon update,25,26214400,block02.down,0.0603376179933548,0.055577997118234634,0.04812420532107353,0.022132379934191704,0.012796039693057537,18.38881570732219,0.09194407853661096,0.00025382211208343505,0.0038812171678002105,257.6511328189291
Muon update,25,26214400,block04.q,0.0718795657157898,0.06719185411930084,0.025531983003020287,0.007525221444666386,0.0025632348842918873,14.626376952354933,0.07313188476177467,0.000514098072052002,0.006131969181862262,163.07974980661967
Muon update,25,26214400,block04.k,0.06660307943820953,0.06317302584648132,0.03271886333823204,0.009237585589289665,0.0032292474061250687,15.829603109190156,0.07914801554595079,0.0005159709453582764,0.0052372875197264634,190.93853377983507
Muon update,25,26214400,block04.v,0.09864973276853561,0.037951670587062836,0.010691671632230282,0.003846646286547184,0.001424680813215673,9.924293430083363,0.04962146715041682,0.0005098549365997315,0.01330707337731557,75.14800374548844
Muon update,25,26214400,block04.o,0.10180498659610748,0.0347692035138607,0.009873850271105766,0.0036816331557929516,0.0013799129519611597,9.45707331636302,0.047285366581815105,0.00012748841047286987,0.014655166149513121,68.23532328449393
Muon update,25,26214400,block04.up,0.06175299733877182,0.05660996958613396,0.04522724449634552,0.02076392062008381,0.012042216956615448,35.8940031746212,0.179470015873106,0.0010218863487243652,0.004076487664234074,245.3092177301826
Muon update,25,26214400,block04.down,0.06333804875612259,0.058023951947689056,0.04271949455142021,0.018181201070547104,0.010284479707479477,17.40330161000584,0.08701650805002921,0.00025589036941528324,0.004333613390033131,230.754317470935
Muon update,25,26214400,block06.q,0.07938368618488312,0.06383863836526871,0.017689397558569908,0.005537861958146095,0.0019771349616348743,12.938606086514874,0.06469303043257436,0.0005122785568237305,0.007836557733632843,127.6070481441376
Muon update,25,26214400,block06.k,0.0726841613650322,0.0691547766327858,0.021776169538497925,0.006513868924230337,0.0023175382521003485,14.192761518846568,0.07096380759423285,0.0005133897781372071,0.006509288494286558,153.62662153901104
Muon update,25,26214400,block06.v,0.09256462007761002,0.029006527736783028,0.009592963382601738,0.0036711080465465784,0.0013547317357733846,8.542772594674048,0.042713862973370244,0.000510086727142334,0.017963094070982066,55.66969677097107
Muon update,25,26214400,block06.o,0.09092387557029724,0.027904583141207695,0.009335141628980637,0.003568389220163226,0.0013674091314896941,8.235401028324398,0.041177005141621995,0.0001273845672607422,0.019326849287168102,51.74149108018044
Muon update,25,26214400,block06.up,0.06595783680677414,0.06026986241340637,0.03818407654762268,0.016329236328601837,0.009303259663283825,33.28176558163935,0.16640882790819675,0.0010236250877380371,0.004738149210091969,211.05287226287874
Muon update,25,26214400,block06.down,0.06733144074678421,0.061731286346912384,0.03583715856075287,0.015026028268039227,0.00849832408130169,16.227697869996465,0.08113848934998233,0.00025596320629119875,0.004979859838330436,200.80886459954328
Muon update,25,26214400,block08.q,0.08515356481075287,0.054126810282468796,0.015087984502315521,0.005003227852284908,0.0018282397650182247,11.884294221491787,0.059421471107458934,0.000511874532699585,0.009284634667498182,107.70483016425005
Muon update,25,26214400,block08.k,0.07779090851545334,0.07027757167816162,0.017160439863801003,0.0055160545744001865,0.0019631830509752035,13.163445854091965,0.06581722927045983,0.0005125795841217041,0.007565200290000684,132.18420685064368
Muon update,25,26214400,block08.v,0.07590046525001526,0.0241108238697052,0.00908304937183857,0.0035961708053946495,0.0013117898488417268,7.508372364633756,0.03754186182316878,0.0005092513561248779,0.023249202555941872,43.01222795034864
Muon update,25,26214400,block08.o,0.06705663353204727,0.02308584190905094,0.009125856682658195,0.0035279749426990747,0.0012850200291723013,6.977604055685542,0.03488802027842771,0.00012782899141311645,0.026921540268639355,37.144977219780046
Muon update,25,26214400,block08.up,0.0712088942527771,0.06480176001787186,0.031031185761094093,0.013193546794354916,0.007627635262906551,30.272254984980638,0.1513612749249032,0.0010232980728149415,0.005725770206488845,174.64899287553135
Muon update,25,26214400,block08.down,0.07300630211830139,0.06561072170734406,0.028230339288711548,0.011568333953619003,0.006825515069067478,14.453254105444179,0.0722662705272209,0.0002562349557876587,0.00627682670036217,159.31617164805593
Muon update,50,52428800,block02.q,0.06351820379495621,0.058950815349817276,0.04204650968313217,0.01583152636885643,0.005572715774178505,17.079462413839277,0.17079462413839278,0.0010608609199523925,0.004499613255156909,222.24132237452224
Muon update,50,52428800,block02.k,0.06187283247709274,0.0571347177028656,0.047051090747117996,0.01778285764157772,0.006560637149959803,17.73104671025806,0.1773104671025806,0.0010685387611389162,0.00417384518976599,239.5872282115154
Muon update,50,52428800,block02.v,0.0705636665225029,0.06724847853183746,0.026564745232462883,0.008634877391159534,0.0030866609886288643,14.594323600992526,0.14594323600992526,0.0009950353622436524,0.006158182723370098,162.38556810031525
Muon update,50,52428800,block02.o,0.07220597565174103,0.0687115415930748,0.023880943655967712,0.007304626051336527,0.0025783393066376448,14.265641860292027,0.14265641860292028,0.0003066407918930054,0.0064438027586044555,155.18786615010723
Muon update,50,52428800,block02.up,0.04926880821585655,0.046867940574884415,0.04402809962630272,0.04268425703048706,0.039230383932590485,46.02936699121325,0.4602936699121325,0.0021188709259033203,0.0024840871951387206,402.56235850213636
Muon update,50,52428800,block02.down,0.05163070559501648,0.04800266772508621,0.045748915523290634,0.041649289429187775,0.030099589377641678,21.833996469699294,0.21833996469699293,0.0006099411487579346,0.002755615801341982,362.89529168507494
Muon update,50,52428800,block04.q,0.07300692051649094,0.06955775618553162,0.02330503985285759,0.007733020931482315,0.0028074716683477163,14.080728321693233,0.14080728321693234,0.0010525066375732422,0.006613785036799824,151.19935021109555
Muon update,50,52428800,block04.k,0.0694519430398941,0.06528318673372269,0.02891414240002632,0.008975086733698845,0.0031919917091727257,15.134577871642357,0.15134577871642357,0.0010636202812194825,0.005724131988778858,174.69897653658617
Muon update,50,52428800,block04.v,0.07675253599882126,0.0678596943616867,0.0198468416929245,0.006252878811210394,0.002255733823403716,13.353379795560922,0.13353379795560924,0.0010140376091003417,0.007355435293883661,135.95388444672201
Muon update,50,52428800,block04.o,0.07727387547492981,0.06845191866159439,0.019165299832820892,0.005893870256841183,0.002113346243277192,13.258643902521996,0.13258643902521997,0.0003113617181777954,0.007460617127943658,134.0371691578316
Muon update,50,52428800,block04.up,0.052842363715171814,0.04876906797289848,0.046636879444122314,0.03849036619067192,0.026763921603560448,42.57033624408201,0.4257033624408201,0.002140856742858887,0.0028981002224972574,345.05362935251156
Muon update,50,52428800,block04.down,0.052853941917419434,0.048973049968481064,0.046535249799489975,0.038301046937704086,0.027041787281632423,21.30582315115525,0.21305823151155248,0.0006177311420440674,0.002894292278741731,345.5076072810247
Muon update,50,52428800,block06.q,0.0776054859161377,0.0704922154545784,0.01779984124004841,0.005894945468753576,0.0021217449102550745,13.17008430331118,0.1317008430331118,0.0010427847862243653,0.007554709605417154,132.3677615990618
Muon update,50,52428800,block06.k,0.07371119409799576,0.0700472965836525,0.021264027804136276,0.006502117495983839,0.002250613644719124,13.988060308109494,0.13988060308109496,0.0010522058486938477,0.006700787324209756,149.2361944374847
Muon update,50,52428800,block06.v,0.0830441564321518,0.05737646296620369,0.015266546979546547,0.005061016418039799,0.001829299028031528,12.208262516155658,0.12208262516155659,0.0010183540344238281,0.008799802997261574,113.63890763363585
Muon update,50,52428800,block06.o,0.08098995685577393,0.060931045562028885,0.016525983810424805,0.005317375063896179,0.00191630725748837,12.509955260831841,0.12509955260831843,0.0003034674882888794,0.008381353391007595,119.31247297994928
Muon update,50,52428800,block06.up,0.05521897226572037,0.050709228962659836,0.048315051943063736,0.03306011110544205,0.021981308236718178,40.63925331793784,0.40639253317937846,0.0021476097106933596,0.00317847588553756,314.6161984585499
Muon update,50,52428800,block06.down,0.054352790117263794,0.04993967339396477,0.047614891082048416,0.03485594317317009,0.024028955027461052,20.689623767541164,0.20689623767541165,0.0006097797393798828,0.00307024348798203,325.7070665288723
Muon update,50,52428800,block08.q,0.08204887807369232,0.06272187829017639,0.014202727936208248,0.004802856594324112,0.0017592543736100197,12.437854277824519,0.12437854277824519,0.0010397778511047364,0.008474778790061921,117.99718019456334
Muon update,50,52428800,block08.k,0.07745488733053207,0.06969902664422989,0.017810242250561714,0.005422049202024937,0.0019238098757341504,13.224992973799646,0.13224992973799646,0.0010480391502380372,0.007499972630754803,133.33381989946798
Muon update,50,52428800,block08.v,0.08762618899345398,0.049339909106492996,0.012820533476769924,0.004599411506205797,0.0017167421756312251,11.467282740418558,0.11467282740418558,0.0010184734344482421,0.009969632469513323,100.30460030075872
Muon update,50,52428800,block08.o,0.08787307888269424,0.048818670213222504,0.013631990179419518,0.004836458712816238,0.0017578901024535298,11.45154408267859,0.1145154408267859,0.0002936403036117554,0.009997105211928536,100.02895626293909
Muon update,50,52428800,block08.up,0.05815878510475159,0.05347132310271263,0.049405600875616074,0.02748127095401287,0.01801646314561367,38.233220262386816,0.3823322026238682,0.0021325481414794924,0.0035935211985302917,278.2785865877147
Muon update,50,52428800,block08.down,0.056848373264074326,0.05223548412322998,0.04973514378070831,0.029900703579187393,0.02016657590866089,19.64783534355325,0.19647835343553252,0.000593892240524292,0.0033993599665044366,294.1730237025473
Muon update,75,78643200,block02.q,0.06549511104822159,0.06065135449171066,0.03840118274092674,0.013757954351603985,0.004852548241615295,16.544953402724303,0.16544953402724302,0.0011454758644104004,0.004794527901398615,208.57110868168883
Muon update,75,78643200,block02.k,0.06398282200098038,0.05914544686675072,0.04140063375234604,0.015258182771503925,0.0054414463229477406,17.042169319556113,0.17042169319556114,0.0011684638977050783,0.004516986305645787,221.38654676683404
Muon update,75,78643200,block02.v,0.06370478868484497,0.06019889935851097,0.039585892111063004,0.012707008048892021,0.0044754305854439735,16.67157466426387,0.1667157466426387,0.001006275177001953,0.004720115961325044,211.85920180640588
Muon update,75,78643200,block02.o,0.0642697662115097,0.060846809297800064,0.03826075419783592,0.012044993229210377,0.004150001797825098,16.467399270493186,0.16467399270493185,0.000500868844985962,0.00484252784540562,206.50371705115884
Muon update,75,78643200,block02.up,0.04837634786963463,0.04563136398792267,0.04343261197209358,0.04233254864811897,0.04188765585422516,46.78684312272832,0.4678684312272832,0.002465110969543457,0.002402948693334628,416.15536893227494
Muon update,75,78643200,block02.down,0.04880595579743385,0.046216852962970734,0.04366925358772278,0.042448967695236206,0.041941769421100616,23.20851066378016,0.2320851066378016,0.0009268800735473633,0.002441039657954447,409.6615131759
Muon update,75,78643200,block04.q,0.06755398213863373,0.06348858028650284,0.032285843044519424,0.010095224715769291,0.0035249178763478994,15.680935765067222,0.15680935765067222,0.0011153655052185058,0.005337572856810802,187.35107263669272
Muon update,75,78643200,block04.k,0.06538882851600647,0.06119461730122566,0.03753865137696266,0.012472759932279587,0.004365403205156326,16.36417954019395,0.1636417954019395,0.0011452540397644043,0.004899714241617892,204.09353498741973
Muon update,75,78643200,block04.v,0.06375527381896973,0.06132763251662254,0.03674142062664032,0.011454891413450241,0.0038508507423102856,16.263346341989728,0.1626334634198973,0.0010501623153686523,0.004959228868318066,201.64425287739388
Muon update,75,78643200,block04.o,0.06359635293483734,0.06046970561146736,0.039170678704977036,0.012041869573295116,0.004233321640640497,16.576483551924067,0.16576483551924068,0.0005150586128234864,0.004775157000232122,209.4171982096902
Muon update,75,78643200,block04.up,0.04904645308852196,0.046407680958509445,0.04384589195251465,0.042590998113155365,0.041012413799762726,46.1910479930672,0.461910479930672,0.0025121990203857423,0.0024658400551658133,405.5413074765532
Muon update,75,78643200,block04.down,0.048593707382678986,0.04625663906335831,0.04355669021606445,0.042313702404499054,0.041821014136075974,23.348930612753502,0.23348930612753502,0.0009299201965332032,0.0024123679685062044,414.5304584769561
Muon update,75,78643200,block06.q,0.06947994232177734,0.06628671288490295,0.026445316150784492,0.007915845140814781,0.0027617421001195908,14.868748170141144,0.14868748170141144,0.0010986447334289551,0.005934151685400346,168.51608334520273
Muon update,75,78643200,block06.k,0.06834328174591064,0.0644741952419281,0.03007594496011734,0.00942913442850113,0.0032873160671442747,15.341802981081972,0.15341802981081973,0.0011241019248962403,0.005572579790348586,179.45009988586384
Muon update,75,78643200,block06.v,0.06583824008703232,0.06312613189220428,0.03228569030761719,0.009985247626900673,0.0034331618808209896,15.765905596201032,0.15765905596201032,0.0010580378532409668,0.005275493986696356,189.55570843636286
Muon update,75,78643200,block06.o,0.06407520174980164,0.061112914234399796,0.038201116025447845,0.012230958789587021,0.004189447965472937,16.455781108688274,0.16455781108688275,0.0004985496520996094,0.004846815529202297,206.3210357346905
Muon update,75,78643200,block06.up,0.04991529881954193,0.046866171061992645,0.04446147754788399,0.04321599751710892,0.03643682971596718,45.29476192839999,0.45294761928399996,0.0025120466232299806,0.002562805396840742,390.1973990037379
Muon update,75,78643200,block06.down,0.04846148192882538,0.0464145727455616,0.04352379962801933,0.04226028919219971,0.04171842336654663,23.398134198475404,0.23398134198475404,0.0009047758102416993,0.0024018743168794376,416.3415183602195
Muon update,75,78643200,block08.q,0.07450347393751144,0.07076682895421982,0.020351802930235863,0.005947347264736891,0.0020280880853533745,13.826538462811556,0.13826538462811555,0.0010876270294189454,0.006863237638503827,145.70382852399646
Muon update,75,78643200,block08.k,0.07226043194532394,0.06856544315814972,0.023602914065122604,0.0070827859453856945,0.00249838107265532,14.29051420880884,0.1429051420880884,0.001108482837677002,0.006421148194309723,155.73538715181462
Muon update,75,78643200,block08.v,0.06774323433637619,0.06497557461261749,0.0285837110131979,0.008603480644524097,0.0030105579644441605,15.253840514713367,0.15253840514713368,0.0010593859672546387,0.00563662488234784,177.41113181607838
Muon update,75,78643200,block08.o,0.0661526471376419,0.06261368095874786,0.034050650894641876,0.011284862644970417,0.003980044275522232,15.922225223677671,0.15922225223677672,0.00046938371658325197,0.005170045377196397,193.42190001091987
Muon update,75,78643200,block08.up,0.05114175006747246,0.04747413471341133,0.045454900711774826,0.04282071813941002,0.031659625470638275,44.06226890292148,0.4406226890292148,0.0024670595169067385,0.0027069066186982127,369.4253776958561
Muon update,75,78643200,block08.down,0.04868869110941887,0.046547092497348785,0.043659619987010956,0.04231419414281845,0.0418240986764431,23.31610407227138,0.2331610407227138,0.0008621481895446778,0.0024198778044302177,413.24400685408125
Muon update,100,104857600,block02.q,0.06764711439609528,0.06279461085796356,0.03436418995261192,0.01229187287390232,0.004354392644017935,15.843667420058663,0.15843667420058663,0.0012382101058959962,0.005225589282607468,191.3659772933818
Muon update,100,104857600,block02.k,0.06707106530666351,0.06212032958865166,0.03513074293732643,0.012425042688846588,0.004494206979870796,16.05119083712257,0.1605119083712257,0.0012730945587158204,0.005090149631970187,196.45787890383517
Muon update,100,104857600,block02.v,0.059776585549116135,0.05551830679178238,0.05333999916911125,0.01880602538585663,0.006629972718656063,18.290908711827722,0.18290908711827722,0.0010601282119750977,0.003921180301645677,255.02525338615794
Muon update,100,104857600,block02.o,0.06012558937072754,0.05615869164466858,0.051895905286073685,0.017275962978601456,0.005945203825831413,18.03334274457198,0.18033342744571978,0.0007138988494873047,0.0040378368036932955,247.65735927844537
Muon update,100,104857600,block02.up,0.04844098538160324,0.04481736943125725,0.04346081241965294,0.04242360591888428,0.04200850427150726,46.63552548669943,0.4663552548669943,0.002829110145568848,0.0024178309078593113,413.59385255165574
Muon update,100,104857600,block02.down,0.04832804575562477,0.04593183472752571,0.04338774085044861,0.04225281625986099,0.04178953915834427,23.43881074626531,0.23438810746265312,0.001230929946899414,0.00239405782197033,417.70085535235376
Muon update,100,104857600,block04.q,0.06617146730422974,0.06237971410155296,0.03490709513425827,0.011688300408422947,0.004136411473155022,15.99606220487799,0.1599606220487799,0.0011945809364318847,0.0051282017796019375,195.00012733071947
Muon update,100,104857600,block04.k,0.0651186928153038,0.06090158224105835,0.0377100370824337,0.013247208669781685,0.004698861390352249,16.418850596002166,0.16418850596002166,0.001239508056640625,0.004866000534893333,205.50758119099154
Muon update,100,104857600,block04.v,0.060002394020557404,0.05624157935380936,0.05241358280181885,0.017287926748394966,0.0059385779313743114,18.03065083044817,0.1803065083044817,0.0011341188430786134,0.004037492147085153,247.67850030914485
Muon update,100,104857600,block04.o,0.05824188515543938,0.054283976554870605,0.05227280035614967,0.021559715270996094,0.007284583058208227,18.73022262024626,0.1873022262024626,0.0007571897029876709,0.003742503223836735,267.2008386341004
Muon update,100,104857600,block04.up,0.04839536175131798,0.04587850719690323,0.04345588758587837,0.04228954017162323,0.041818615049123764,46.80892650099189,0.4680892650099189,0.0029261360168457034,0.0024010246998110857,416.48884331705574
Muon update,100,104857600,block04.down,0.048364829272031784,0.04586343094706535,0.04338545352220535,0.0422775074839592,0.041799455881118774,23.432423026845854,0.23432423026845853,0.0012406079292297365,0.002394403428106706,417.6405647692863
Muon update,100,104857600,block06.q,0.06720840930938721,0.06299981474876404,0.03297492861747742,0.010427827015519142,0.003707907162606716,15.787176212455021,0.1578717621245502,0.0011675165176391602,0.005263150975223285,190.0002497947678
Muon update,100,104857600,block06.k,0.06536178290843964,0.06119291111826897,0.037485621869564056,0.012563693337142467,0.004306526854634285,16.347676384886938,0.1634767638488694,0.001207772731781006,0.004908960029910647,203.70913470611453
Muon update,100,104857600,block06.v,0.060479290783405304,0.0565725639462471,0.051505014300346375,0.016854554414749146,0.00568431569263339,17.904941998034044,0.17904941998034044,0.0011456595420837404,0.004096919782770103,244.0858139828789
Muon update,100,104857600,block06.o,0.05757191777229309,0.05344086140394211,0.05141553655266762,0.024148017168045044,0.008253542706370354,19.06702719347121,0.1906702719347121,0.0007460571765899659,0.0036133548504496127,276.7511194964893
Muon update,100,104857600,block06.up,0.0487508624792099,0.04614078626036644,0.043647948652505875,0.04241688922047615,0.04198707267642021,46.42795605710989,0.46427956057109887,0.0029357620239257812,0.0024401415523445658,409.81229102843156
Muon update,100,104857600,block06.down,0.04840555042028427,0.04571056738495827,0.043423689901828766,0.04229176416993141,0.04181370884180069,23.426622553918634,0.23426622553918633,0.0012078838348388672,0.002396141680079525,417.33759247775834
Muon update,100,104857600,block08.q,0.06757912039756775,0.0640840157866478,0.031113792210817337,0.009574579074978828,0.0031988981645554304,15.520503485645971,0.15520503485645973,0.0011502886772155763,0.005447554799671517,183.56859853163832
Muon update,100,104857600,block08.k,0.06654176861047745,0.062298160046339035,0.03474512696266174,0.010996782220900059,0.003737534862011671,16.000531532738915,0.16000531532738915,0.001183190441131592,0.005124632971392151,195.13592594482748
Muon update,100,104857600,block08.v,0.062378935515880585,0.05873663350939751,0.0446782112121582,0.013583403080701828,0.004476748872548342,17.187549632896747,0.17187549632896748,0.0011456544876098634,0.004441094764971787,225.16970542652962
Muon update,100,104857600,block08.o,0.0581938773393631,0.053980566561222076,0.05183039605617523,0.023102987557649612,0.008319693617522717,18.879828229276825,0.18879828229276827,0.0007107094287872314,0.003685528358659873,271.331516863872
Muon update,100,104857600,block08.up,0.04928433895111084,0.04638555645942688,0.044034384191036224,0.04276101291179657,0.0397275947034359,45.88394793647711,0.4588394793647711,0.0028769447326660157,0.002496613443162557,400.54258409073583
Muon update,100,104857600,block08.down,0.048358071595430374,0.046006735414266586,0.043406836688518524,0.04222201183438301,0.04176051914691925,23.457514665268143,0.23457514665268142,0.0011561790466308593,0.0023912894987896394,418.1844149385317
Muon update,125,131072000,block02.q,0.06956830620765686,0.06502240151166916,0.029804058372974396,0.01036545168608427,0.0036537707783281803,15.142795652568097,0.15142795652568097,0.0013304938316345215,0.005720400929585034,174.8129217356346
Muon update,125,131072000,block02.k,0.0686202421784401,0.06347935646772385,0.03272202983498573,0.01116771250963211,0.003979791421443224,15.641137794849191,0.15641137794849191,0.001375565814971924,0.005361386566642645,186.51891401037514
Muon update,125,131072000,block02.v,0.057452261447906494,0.05312265828251839,0.050988368690013885,0.024990694597363472,0.008651632815599442,19.22841627358347,0.1922841627358347,0.0011335243225097658,0.003550321772957235,281.6646106888085
Muon update,125,131072000,block02.o,0.056571852415800095,0.05228862911462784,0.0502946600317955,0.0275329127907753,0.009965005330741405,19.531438887838586,0.19531438887838587,0.0008920818328857422,0.0034432455354732744,290.423668512083
Muon update,125,131072000,block02.up,0.048434942960739136,0.04449336975812912,0.04350118711590767,0.04251444339752197,0.04212954267859459,46.50418374115483,0.46504183741154836,0.003127804183959961,0.0024323706491492653,411.12155351395785
Muon update,125,131072000,block02.down,0.048393961042165756,0.045359931886196136,0.04343084618449211,0.04233882203698158,0.0419120267033577,23.364564970565716,0.23364564970565715,0.0014500062942504883,0.002408468607063022,415.2015920271587
Muon update,125,131072000,block04.q,0.06430411338806152,0.060134321451187134,0.03979157283902168,0.013497636653482914,0.004704292863607407,16.67847480343789,0.1667847480343789,0.0012840170860290527,0.004715534741750682,212.06502650614374
Muon update,125,131072000,block04.k,0.06457149982452393,0.0598592609167099,0.04035409912467003,0.01360678393393755,0.004850517027080059,16.78934127739995,0.1678934127739995,0.0013378575325012209,0.00465863515608117,214.65514394159962
Muon update,125,131072000,block04.v,0.05693604052066803,0.052804794162511826,0.05080706998705864,0.025717807933688164,0.009223930537700653,19.32117767256503,0.19321177672565032,0.0012296923637390136,0.003517912563468839,284.259481143542
Muon update,125,131072000,block04.o,0.05524543672800064,0.05127982050180435,0.0494145005941391,0.03162923827767372,0.011194564402103424,19.958550203122503,0.19958550203122502,0.0009649019241333008,0.003295519071534747,303.4423343616982
Muon update,125,131072000,block04.up,0.04838814213871956,0.045622292906045914,0.04339185729622841,0.04234449192881584,0.041867051273584366,46.785771681595136,0.4678577168159514,0.003255082321166992,0.0024048478813894075,415.8267172484304
Muon update,125,131072000,block04.down,0.04842650145292282,0.04449372738599777,0.04351251944899559,0.04249628260731697,0.04212037846446037,23.260219547402805,0.23260219547402805,0.0014731247901916505,0.002431881957610363,411.2041692116622
Muon update,125,131072000,block06.q,0.06329456716775894,0.05912911891937256,0.042361170053482056,0.014068135991692543,0.004898494575172663,17.01906694470358,0.17019066944703581,0.0012511202812194825,0.004529650937855012,220.76756326692666
Muon update,125,131072000,block06.k,0.06227685138583183,0.05802619829773903,0.045553259551525116,0.0156280267983675,0.005307212937623262,17.41990023723941,0.1741990023723941,0.0013011096954345703,0.004323192204375381,231.31055773738862
Muon update,125,131072000,block06.v,0.05665483698248863,0.05284944921731949,0.050816819071769714,0.025782382115721703,0.009085364639759064,19.308381868549205,0.19308381868549204,0.0012455614089965821,0.003522813269857039,283.86403802793143
Muon update,125,131072000,block06.o,0.05426781252026558,0.050200335681438446,0.04851682856678963,0.03605647012591362,0.013430275954306126,20.41373060617368,0.2041373060617368,0.000964616870880127,0.0031546685917145517,316.9905081714157
Muon update,125,131072000,block06.up,0.048395708203315735,0.04580339416861534,0.04348122328519821,0.04232962056994438,0.04184086248278618,46.78909485082822,0.4678909485082822,0.0032793312072753908,0.0024036492489507566,416.03407836501975
Muon update,125,131072000,block06.down,0.047810643911361694,0.04459904506802559,0.043700866401195526,0.042758647352457047,0.04238845780491829,23.097585277612147,0.23097585277612148,0.0014447230339050294,0.002465227044426546,405.64215059250944
Muon update,125,131072000,block08.q,0.06364430487155914,0.05938148871064186,0.04228445887565613,0.013670246116816998,0.004592403303831816,16.957240694121175,0.16957240694121176,0.0012278491973876954,0.004560222237938449,219.28755833006778
Muon update,125,131072000,block08.k,0.0635908842086792,0.05927274003624916,0.042350757867097855,0.01360606960952282,0.004808989819139242,16.990358365419162,0.16990358365419161,0.0012678718566894532,0.0045483158216411135,219.86160135185648
Muon update,125,131072000,block08.v,0.059256985783576965,0.05509040877223015,0.05296814441680908,0.019675221294164658,0.006691284943372011,18.448945089002844,0.18448945089002844,0.0012408934593200684,0.0038574067637855425,259.24152189193296
Muon update,125,131072000,block08.o,0.054518796503543854,0.05045356974005699,0.04873986542224884,0.03465825691819191,0.013205109164118767,20.310267709748146,0.20310267709748148,0.000928353500366211,0.00318570987397461,313.90177999867984
Muon update,125,131072000,block08.up,0.048749540001153946,0.045929621905088425,0.043651189655065536,0.042439304292201996,0.04200562834739685,46.410150033431336,0.46410150033431335,0.0032215469360351565,0.0024417288083791733,409.5458908328984
Muon update,125,131072000,block08.down,0.04699462652206421,0.0446992889046669,0.043795641511678696,0.04290631040930748,0.04252719134092331,23.03568064929301,0.2303568064929301,0.0013942441940307617,0.0024788744407580054,403.4088954074712
Muon update,150,157286400,block02.q,0.06175592541694641,0.0572790689766407,0.04685265198349953,0.017145849764347076,0.005883378908038139,17.673548921240503,0.17673548921240503,0.001419234848022461,0.004203232912974864,237.91210734792327
Muon update,150,157286400,block02.k,0.06192867457866669,0.05716147646307945,0.04724039137363434,0.017045171931385994,0.006130693946033716,17.75068202715632,0.1775068202715632,0.0014739994049072266,0.004164047832546425,240.15093971398346
Muon update,150,157286400,block02.v,0.05622377619147301,0.051986489444971085,0.04990338906645775,0.028749968856573105,0.010537125170230865,19.695471798195232,0.19695471798195233,0.0012021408081054688,0.003385016074922087,295.4195719803242
Muon update,150,157286400,block02.o,0.055101048201322556,0.050913289189338684,0.049072761088609695,0.03270738199353218,0.011950905434787273,20.120002437197595,0.20120002437197596,0.0010189746856689454,0.003244178243105425,308.24446903471306
Muon update,150,157286400,block02.up,0.048425134271383286,0.04450323432683945,0.04359279200434685,0.04263050854206085,0.042245928198099136,46.358333333861204,0.46358333333861207,0.0034037727355957035,0.0024483613247845565,408.43644680917146
Muon update,150,157286400,block02.down,0.047831784933805466,0.044577814638614655,0.043669529259204865,0.04276048764586449,0.04239561781287193,23.092178143742892,0.23092178143742892,0.0016199289321899414,0.0024675318716946837,405.26325575410175
Muon update,150,157286400,block04.q,0.05878662317991257,0.05468146130442619,0.052422791719436646,0.021355172619223595,0.007294953800737858,18.644146689147757,0.18644146689147756,0.001389262104034424,0.0037797217666924454,264.5697386543557
Muon update,150,157286400,block04.k,0.059004850685596466,0.05467591807246208,0.052384134382009506,0.021356262266635895,0.007309837732464075,18.66271796987206,0.18662717969872059,0.0014481974601745606,0.003770456824793836,265.2198517230545
Muon update,150,157286400,block04.v,0.05460112541913986,0.050473928451538086,0.04872530326247215,0.03458008915185928,0.012801563367247581,20.291641366309225,0.20291641366309227,0.0013197907447814942,0.003190406359955947,313.43969613131287
Muon update,150,157286400,block04.o,0.05345498397946358,0.04946678504347801,0.04786895960569382,0.03966310992836952,0.015829183161258698,20.732923902580236,0.20732923902580236,0.0011192104339599609,0.003060422990310896,326.75221796658053
Muon update,150,157286400,block04.up,0.0485164076089859,0.04447924345731735,0.04350728169083595,0.04250773414969444,0.04211932048201561,46.528902915997634,0.46528902915997633,0.003547841262817383,0.0024301961650350368,411.4894157054942
Muon update,150,157286400,block04.down,0.04672069102525711,0.04468439891934395,0.04381539300084114,0.04294125735759735,0.04257533699274063,23.014971733330754,0.23014971733330755,0.0016592525482177734,0.0024858056895595837,402.2840579213464
Muon update,150,157286400,block06.q,0.05981350317597389,0.05572528764605522,0.051940131932497025,0.01906425878405571,0.006727137137204409,18.209258111112774,0.18209258111112775,0.0013533783912658692,0.003956489583978318,252.74930687280693
Muon update,150,157286400,block06.k,0.05846108868718147,0.05445961281657219,0.05222214758396149,0.02180372178554535,0.007490370888262987,18.725784793618335,0.18725784793618336,0.001412154197692871,0.003744284233514819,267.07374163773994
Muon update,150,157286400,block06.v,0.054719097912311554,0.050650935620069504,0.048915501683950424,0.033934760838747025,0.012097030878067017,20.207811726582573,0.20207811726582572,0.001340719223022461,0.003219384153091767,310.6184140962613
Muon update,150,157286400,block06.o,0.053030773997306824,0.04906272515654564,0.04753148555755615,0.04220546409487724,0.017101701349020004,20.94022400482761,0.2094022400482761,0.001129134750366211,0.0029953290620502587,333.85313576048793
Muon update,150,157286400,block06.up,0.04843221232295036,0.04491162672638893,0.043461475521326065,0.04243781045079231,0.042001135647296906,46.63457720357469,0.46634577203574695,0.0035792675018310547,0.0024187750989348444,413.432402392587
Muon update,150,157286400,block06.down,0.04575655609369278,0.044801611453294754,0.04393496736884117,0.043044399470090866,0.04267892241477966,22.8594806947131,0.228594806947131,0.0016396894454956056,0.00250381734545968,399.39015592066215
Muon update,150,157286400,block08.q,0.059266913682222366,0.05509267747402191,0.05290483310818672,0.02027180977165699,0.006699658930301666,18.462992828220095,0.18462992828220096,0.0013228384017944337,0.0038506930042559034,259.69351462055516
Muon update,150,157286400,block08.k,0.05975746363401413,0.055527444928884506,0.05294365435838699,0.01914718560874462,0.006600504741072655,18.270848683472593,0.18270848683472593,0.0013691139221191407,0.003932155636592549,254.31343324613684
Muon update,150,157286400,block08.v,0.056399811059236526,0.05231081321835518,0.05030909180641174,0.02769826166331768,0.009544002823531628,19.539936704928056,0.19539936704928057,0.001332633876800537,0.003438713326897616,290.8064455905643
Muon update,150,157286400,block08.o,0.0541546568274498,0.04990716278553009,0.04821451008319855,0.03764611482620239,0.01438318844884634,20.57933429090674,0.2057933429090674,0.0010899127006530763,0.0031011692458946527,322.4590213268129
Muon update,150,157286400,block08.up,0.04841271787881851,0.04539579525589943,0.043432049453258514,0.04238113388419151,0.04192151129245758,46.722204189888565,0.46722204189888566,0.003524352264404297,0.0024092507869655777,415.0667939635657
Muon update,150,157286400,block08.down,0.04549797624349594,0.04483849182724953,0.043956346809864044,0.04309297725558281,0.04273788258433342,22.8326156410254,0.228326156410254,0.0015949205398559571,0.002486883440723356,402.1097183827528
Muon update,175,183500800,block02.q,0.05793936178088188,0.053630221635103226,0.05146566405892372,0.023837530985474586,0.008500013500452042,19.026086204826683,0.19026086204826684,0.0015084416389465332,0.003627837106907672,275.64633431195836
Muon update,175,183500800,block02.k,0.058584921061992645,0.05414007976651192,0.05184166505932808,0.02276506833732128,0.007859117351472378,18.873505581216747,0.18873505581216748,0.0015680631637573243,0.0036852397879996723,271.3527633279989
Muon update,175,183500800,block02.v,0.057646725326776505,0.053141314536333084,0.0508786104619503,0.02541298046708107,0.009358792565762997,19.27060109487116,0.19270601094871162,0.0012690844535827638,0.0035351539385844455,282.873113129671
Muon update,175,183500800,block02.o,0.05424628034234047,0.05011962726712227,0.04829973727464676,0.03675482049584389,0.014123323373496532,20.48804027197225,0.2048804027197225,0.001117784595489502,0.0031298211060315634,319.5070791978726
Muon update,175,183500800,block02.up,0.04843955859541893,0.044537439942359924,0.04357552528381348,0.04260261729359627,0.04221703112125397,46.36759077513287,0.46367590775132866,0.003662345123291016,0.002444732091519755,409.04277547171034
Muon update,175,183500800,block02.down,0.04647839069366455,0.04473866894841194,0.04383934289216995,0.04296641796827316,0.04260624572634697,22.979737752742253,0.22979737752742252,0.0017674280166625977,0.002489035554982033,401.76203911527426
Muon update,175,183500800,block04.q,0.056190766394138336,0.052140478044748306,0.05015907809138298,0.02812925912439823,0.009596581570804119,19.62242997021081,0.1962242997021081,0.0015019400596618653,0.00341159145875182,293.1183326288033
Muon update,175,183500800,block04.k,0.056400954723358154,0.052296657115221024,0.05024407058954239,0.027621513232588768,0.009500324726104736,19.565259985400907,0.19565259985400907,0.001565656852722168,0.0034289196326109522,291.6370481505131
Muon update,175,183500800,block04.v,0.054568663239479065,0.05039163678884506,0.04857892170548439,0.035111021250486374,0.013527453877031803,20.374256300337688,0.2037425630033769,0.0014070785522460939,0.003165953991413742,315.8605597908435
Muon update,175,183500800,block04.o,0.052910543978214264,0.04891575127840042,0.04740063473582268,0.042934875935316086,0.01758982613682747,20.997548303203644,0.20997548303203645,0.0012360018730163576,0.00298008089441483,335.5613607248606
Muon update,175,183500800,block04.up,0.04842454567551613,0.04454330727458,0.04359106346964836,0.04262007772922516,0.04224555939435959,46.333482537848894,0.46333482537848897,0.0038243206024169926,0.0024497735021829087,408.20100270859103
Muon update,175,183500800,block04.down,0.04540883004665375,0.04483432322740555,0.04397061839699745,0.04313180595636368,0.04275136440992355,22.805923083372523,0.22805923083372523,0.001822964859008789,0.0025009102457653754,399.8544136852705
Muon update,175,183500800,block06.q,0.055915359407663345,0.05189985781908035,0.05001182109117508,0.028977852314710617,0.010231506079435349,19.692538577048197,0.19692538577048196,0.0014691984176635742,0.003385795085843482,295.3516012180271
Muon update,175,183500800,block06.k,0.05571260303258896,0.0516400970518589,0.04966554045677185,0.029962172731757164,0.010711852461099625,19.8317297344812,0.19831729734481202,0.0015367417335510254,0.003340865685009256,299.3236167760601
Muon update,175,183500800,block06.v,0.054607100784778595,0.05053166300058365,0.04873550683259964,0.03439873456954956,0.013088589534163475,20.306125292022948,0.20306125292022947,0.0014334181785583496,0.003184390398900408,314.0318474598174
Muon update,175,183500800,block06.o,0.05271047726273537,0.04875333234667778,0.047260358929634094,0.043617866933345795,0.017777355387806892,21.068164368106537,0.21068164368106537,0.0012551981925964357,0.0029609033008251018,337.73477158856707
Muon update,175,183500800,block06.up,0.04837540537118912,0.04449410364031792,0.043569836765527725,0.04263998195528984,0.04222513735294342,46.35216279084612,0.46352162790846124,0.0038548889160156252,0.002449270528617778,408.28482942810746
Muon update,175,183500800,block06.down,0.04540029168128967,0.044846538454294205,0.04399415850639343,0.04314562305808067,0.042774442583322525,22.796932364084487,0.22796932364084488,0.0018132556915283204,0.002498734753516807,400.20254194350355
Muon update,175,183500800,block08.q,0.05618446320295334,0.052144892513751984,0.05018451064825058,0.028190400451421738,0.00966793205589056,19.60585467228854,0.19605854672288542,0.001434488868713379,0.003419864011477994,292.40928780902635
Muon update,175,183500800,block08.k,0.056137681007385254,0.05209823697805405,0.05015106871724129,0.0282130129635334,0.009976295754313469,19.638227656742643,0.19638227656742643,0.001486861228942871,0.003405512532815236,293.64155626035233
Muon update,175,183500800,block08.v,0.05597544461488724,0.05176210030913353,0.04979488253593445,0.02961021661758423,0.010660506784915924,19.781073692457223,0.19781073692457224,0.001420181655883789,0.003358584759727279,297.74445831797357
Muon update,175,183500800,block08.o,0.05356328561902046,0.04954998940229416,0.047914668917655945,0.03874603286385536,0.01566225290298462,20.725953451871796,0.20725953451871795,0.001210550880432129,0.0030591408505664802,326.8891655690923
Muon update,175,183500800,block08.up,0.048434481024742126,0.044496964663267136,0.043491609394550323,0.04249284416437149,0.04207993298768997,46.56528785595216,0.4656528785595216,0.003801449203491211,0.0024253257524475963,412.3157472726365
Muon update,175,183500800,block08.down,0.04542902484536171,0.04485170543193817,0.043964918702840805,0.0431121289730072,0.04275884851813316,22.806685000812198,0.228066850008122,0.001774980926513672,0.002481952068931259,402.9086671406209
Muon update,200,209715200,block02.q,0.05495956167578697,0.05083553120493889,0.04896129295229912,0.03313659504055977,0.01192527823150158,20.165017442488427,0.20165017442488428,0.0015962255477905275,0.003233087972013396,309.3018218669914
Muon update,200,209715200,block02.k,0.055863406509160995,0.05164308473467827,0.049683041870594025,0.029882512986660004,0.010592990554869175,19.834238122134064,0.19834238122134065,0.0016555166244506838,0.0033402107057443065,299.3823109063917
Muon update,200,209715200,block02.v,0.056707099080085754,0.05235761031508446,0.050201401114463806,0.02781243994832039,0.010243519209325314,19.570500405080015,0.19570500405080016,0.001334239387512207,0.0034292835026873553,291.6061034954826
Muon update,200,209715200,block02.o,0.05290119722485542,0.04888784512877464,0.04737253487110138,0.042907994240522385,0.01775008998811245,21.001431071865902,0.21001431071865903,0.0012010424613952638,0.0029818540857529663,335.3618155824294
Muon update,200,209715200,block02.up,0.04798269644379616,0.04455490782856941,0.043675415217876434,0.04275384917855263,0.04238378629088402,46.2287720865127,0.462287720865127,0.003906328582763672,0.0024634801785217153,405.9297934355939
Muon update,200,209715200,block02.down,0.04538184776902199,0.044957756996154785,0.04413256421685219,0.043375369161367416,0.0430728942155838,22.672815544326095,0.22672815544326097,0.0019013093948364258,0.0023316628395897987,428.8784737745044
Muon update,200,209715200,block04.q,0.05469205230474472,0.05078304558992386,0.048974838107824326,0.0335068441927433,0.011650691740214825,20.15219402305057,0.2015219402305057,0.0016165164947509766,0.0032350501551459687,309.1142183404198
Muon update,200,209715200,block04.k,0.054978352040052414,0.051090117543935776,0.049271535128355026,0.031899213790893555,0.011271584779024124,20.025809254884464,0.20025809254884464,0.0016837940216064453,0.003277260147466779,305.132932694699
Muon update,200,209715200,block04.v,0.05353943258523941,0.04942801222205162,0.047829605638980865,0.0400308296084404,0.015881510451436043,20.78350826971806,0.2078350826971806,0.0014955177307128906,0.003041801754380749,328.75252259941584
Muon update,200,209715200,block04.o,0.05187617242336273,0.048040084540843964,0.0466795414686203,0.04560641571879387,0.021630434319376945,21.35791702996895,0.21357917029968948,0.0013347198486328125,0.0028779906532359067,347.46464477764613
Muon update,200,209715200,block04.up,0.04639232158660889,0.044734299182891846,0.04385874420404434,0.04298356547951698,0.04261336103081703,45.909277850437924,0.45909277850437924,0.004080377197265625,0.0024943423279206872,400.90728077152573
Muon update,200,209715200,block04.down,0.04537808150053024,0.04496337100863457,0.04416728764772415,0.04341922700405121,0.04312693700194359,22.654530519406848,0.22654530519406849,0.0019689910888671877,0.002254714621383394,443.5151085268804
Muon update,200,209715200,block06.q,0.05372317135334015,0.049826957285404205,0.04821116477251053,0.03807120770215988,0.014422854408621788,20.565921559451095,0.20565921559451095,0.0015919425010681152,0.0031048053288003225,322.0813848533279
Muon update,200,209715200,block06.k,0.05369381606578827,0.049736808985471725,0.048133958131074905,0.03826911002397537,0.014699466526508331,20.601694799563226,0.20601694799563228,0.0016664831161499025,0.0030960381160183292,322.9934395271766
Muon update,200,209715200,block06.v,0.05281210318207741,0.04890690743923187,0.04737022519111633,0.04327044263482094,0.017812397330999374,20.99962223639704,0.20999622236397042,0.0015252462387084962,0.0029793211748094933,335.6469280502942
Muon update,200,209715200,block06.o,0.05123060941696167,0.04754813015460968,0.04624638706445694,0.04520326480269432,0.024873647838830948,21.58738293408403,0.2158738293408403,0.0013622016906738282,0.0028187536484170495,354.7667248471956
Muon update,200,209715200,block06.up,0.04603836312890053,0.04475904628634453,0.04389984533190727,0.04304208233952522,0.04265161603689194,45.87480279709645,0.45874802797096453,0.0041145366668701175,0.0024927369434802338,401.16547500750335
Muon update,200,209715200,block06.down,0.045373186469078064,0.044960200786590576,0.04416987672448158,0.0434061661362648,0.043112654238939285,22.65698920147573,0.22656989201475733,0.001972128105163574,0.0022834744881683466,437.9291317601426
Muon update,200,209715200,block08.q,0.054312195628881454,0.05033833533525467,0.048573534935712814,0.03563736379146576,0.013298127800226212,20.368122702271933,0.20368122702271932,0.001552598762512207,0.0031660219054841093,315.853784292466
Muon update,200,209715200,block08.k,0.054977573454380035,0.050913892686367035,0.049060482531785965,0.03238947317004204,0.012424526736140251,20.126683046199247,0.20126683046199248,0.0016126068115234376,0.0032423443845058936,308.4188110241077
Muon update,200,209715200,block08.v,0.05361725389957428,0.04970147833228111,0.04800018295645714,0.038828905671834946,0.014895591884851456,20.646816230775922,0.20646816230775922,0.0015061735153198243,0.003083636393258829,324.29244971492454
Muon update,200,209715200,block08.o,0.0521889254450798,0.04830542579293251,0.04690680652856827,0.045781269669532776,0.020095841959118843,21.27535850287306,0.21275358502873062,0.0013125567436218263,0.0029055352625173697,344.1706638017517
Muon update,200,209715200,block08.up,0.04727815464138985,0.044620878994464874,0.04375258460640907,0.04287633299827576,0.04250101000070572,46.086900596042845,0.46086900596042846,0.004055097198486329,0.0024768197941951176,403.7435433710938
Muon update,200,209715200,block08.down,0.0453927107155323,0.04495437443256378,0.0441339872777462,0.04335938021540642,0.04307293891906738,22.673899172347895,0.22673899172347894,0.001940732765197754,0.002336685389634288,427.95662798084635
Muon update,225,235929600,block02.q,0.053430087864398956,0.04943203553557396,0.04787091165781021,0.04079083725810051,0.014818648807704449,20.742590032372895,0.20742590032372896,0.0016821638107299805,0.0030527284180715264,327.57581515610923
Muon update,225,235929600,block02.k,0.05501481890678406,0.05074659362435341,0.048937734216451645,0.033294111490249634,0.011416266672313213,20.206544885141682,0.20206544885141683,0.0017381101608276368,0.0032185590114576362,310.69804730630534
Muon update,225,235929600,block02.v,0.05763239413499832,0.05330187454819679,0.05098903179168701,0.025306396186351776,0.009369410574436188,19.220899862721915,0.19220899862721916,0.0014023061752319336,0.0035543023634694443,281.34916440363696
Muon update,225,235929600,block02.o,0.05236104875802994,0.04848385229706764,0.04701957106590271,0.04520198330283165,0.01905266009271145,21.204689102816396,0.21204689102816396,0.0012792299270629884,0.0029256902924823525,341.7996780347973
Muon update,225,235929600,block02.up,0.048201024532318115,0.044535886496305466,0.0436270534992218,0.04272611439228058,0.04232562333345413,46.24092088639202,0.4624092088639202,0.004136019515991211,0.002459300645870202,406.61966306529337
Muon update,225,235929600,block02.down,0.04537415876984596,0.04495121166110039,0.044188182801008224,0.04344944283366203,0.0431554801762104,22.643546965066463,0.22643546965066463,0.0020266473770141603,0.0021698811929695694,460.85472478401454
Muon update,225,235929600,block04.q,0.05316653102636337,0.0495939627289772,0.04801158607006073,0.0398699976503849,0.015091103501617908,20.677811671095615,0.20677811671095614,0.001729777717590332,0.0030725884256119773,325.45849345273984
Muon update,225,235929600,block04.k,0.05386514961719513,0.04998897761106491,0.04838579148054123,0.03711773082613945,0.01343612466007471,20.478652014431166,0.20478652014431167,0.001798627281188965,0.003133577375220631,319.12408096499973
Muon update,225,235929600,block04.v,0.053650420159101486,0.049594130367040634,0.04798418655991554,0.038599368184804916,0.015251543372869492,20.707363811277887,0.20707363811277887,0.0015859281539916993,0.0030626165623599683,326.51818457790466
Muon update,225,235929600,block04.o,0.05135863646864891,0.04772304743528366,0.04642554745078087,0.045351628214120865,0.023362843319773674,21.51055090062353,0.21510550900623532,0.0014284412384033204,0.002839482475872415,352.1768521190664
Muon update,225,235929600,block04.up,0.04539954662322998,0.044843293726444244,0.043992891907691956,0.043167728930711746,0.04280346632003784,45.574461338575176,0.4557446133857518,0.004312776947021485,0.002497723695467649,400.3645406473873
Muon update,225,235929600,block04.down,0.04538745805621147,0.04498022049665451,0.04417236149311066,0.04344821348786354,0.043161503970623016,22.6348165608103,0.226348165608103,0.0021039985656738282,0.0021020022848517034,475.7368758381489
Muon update,225,235929600,block06.q,0.05224442481994629,0.048443473875522614,0.047041747719049454,0.04593709483742714,0.018977537751197815,21.170271530137327,0.21170271530137327,0.0017147071838378907,0.002932663509510172,340.98695494970883
Muon update,225,235929600,block06.k,0.052259400486946106,0.048562273383140564,0.04717664048075676,0.04546051844954491,0.018783237785100937,21.133531772665908,0.2113353177266591,0.0017949291229248047,0.0029411354213335766,340.00474536006834
Muon update,225,235929600,block06.v,0.05247839167714119,0.04855981469154358,0.04706856235861778,0.04493757709860802,0.018788669258356094,21.15966733339892,0.2115966733339892,0.0016220275878906251,0.0029338603511330913,340.8478524254872
Muon update,225,235929600,block06.o,0.05055638402700424,0.047060154378414154,0.045864004641771317,0.04484730586409569,0.028745748102664948,21.8085333199014,0.21808533319901402,0.0014661995887756349,0.0027619526922413457,362.0626822498152
Muon update,225,235929600,block06.up,0.045394882559776306,0.04493022337555885,0.04408228024840355,0.04331448674201965,0.04302403703331947,45.35378477303664,0.4535378477303664,0.004357816696166993,0.0024076997152813195,415.3341854273378
Muon update,225,235929600,block06.down,0.04537229984998703,0.04495421424508095,0.04417247325181961,0.043464988470077515,0.04315708950161934,22.639363203288763,0.22639363203288765,0.0021241853713989257,0.0021066679328216598,474.68325900826966
Muon update,225,235929600,block08.q,0.05224759504199028,0.04859694093465805,0.04715797305107117,0.045173563063144684,0.018516656011343002,21.104845555083646,0.21104845555083646,0.0016738353729248048,0.0029513771830969038,338.82487325821637
Muon update,225,235929600,block08.k,0.05283582955598831,0.04895805940032005,0.04746067151427269,0.0430348701775074,0.01735396683216095,20.954116645045783,0.20954116645045784,0.001740895462036133,0.0029919431043451544,334.2309546420568
Muon update,225,235929600,block08.v,0.052872952073812485,0.04898490011692047,0.047447677701711655,0.042571090161800385,0.017161617055535316,20.952985668119226,0.20952985668119226,0.0015932866096496582,0.002994919677677968,333.89877112675146
Muon update,225,235929600,block08.o,0.05175298452377319,0.047940321266651154,0.046564314514398575,0.045475590974092484,0.022544117644429207,21.448591128935114,0.21448591128935113,0.0014106316566467286,0.002858665702754115,349.81355078929766
Muon update,225,235929600,block08.up,0.04542160779237747,0.044875625520944595,0.04404215142130852,0.04322255030274391,0.04289284721016884,45.4588783196318,0.454588783196318,0.004293744659423828,0.0024783135934933753,403.50018763784544
Muon update,225,235929600,block08.down,0.045386902987957,0.04497357830405235,0.04415547847747803,0.043394096195697784,0.04310646653175354,22.664258519058908,0.22664258519058908,0.0021002782821655276,0.0022653455402765893,441.43376020150293
Muon update,250,262144000,block02.q,0.05261301249265671,0.04890713095664978,0.04740371182560921,0.0438263900578022,0.017292208969593048,20.99402018166989,0.2099402018166989,0.0017643426895141603,0.002983426357701602,335.1850792021522
Muon update,250,262144000,block02.k,0.05385873094201088,0.04980670288205147,0.04815905913710594,0.03787585347890854,0.014029932208359241,20.601709530228323,0.20601709530228324,0.0018160770416259767,0.003094887803334681,323.11349022814966
Muon update,250,262144000,block02.v,0.05496025085449219,0.05075222998857498,0.048885129392147064,0.033597011119127274,0.012680770829319954,20.209569330273975,0.20209569330273977,0.0014728609085083008,0.0032151707839437466,311.0254686917111
Muon update,250,262144000,block02.o,0.051402974873781204,0.04766462370753288,0.04635937139391899,0.04530675336718559,0.023975154384970665,21.541133583088495,0.21541133583088495,0.001356397342681885,0.0028336552657715064,352.9010787159865
Muon update,250,262144000,block02.up,0.046600982546806335,0.044702183455228806,0.04382432624697685,0.042961716651916504,0.04258999228477478,46.00290027802938,0.4600290027802938,0.00434555778503418,0.0024867686329486105,402.1282827644003
Muon update,250,262144000,block02.down,0.04537458345293999,0.04495333135128021,0.044202979654073715,0.04345417767763138,0.04314916208386421,22.644164635477683,0.22644164635477684,0.0021405115127563477,0.002102415630555479,475.64334352660325
Muon update,250,262144000,block04.q,0.05242417752742767,0.04886016249656677,0.04735105112195015,0.044536516070365906,0.01749829202890396,20.99083357741057,0.2099083357741057,0.0018359283447265625,0.002983111381837711,335.2204701736486
Muon update,250,262144000,block04.k,0.053008612245321274,0.04939786344766617,0.0478876456618309,0.0411788634955883,0.015084701590240002,20.755366322723653,0.20755366322723653,0.0019050457000732422,0.003048714448079304,328.0071049717372
Muon update,250,262144000,block04.v,0.05249626561999321,0.048552729189395905,0.04713240638375282,0.04474272578954697,0.01937951147556305,21.16889259635497,0.21168892596354968,0.0016767187118530275,0.002933780446480197,340.85713578183737
Muon update,250,262144000,block04.o,0.05052095279097557,0.04712735861539841,0.04592149332165718,0.04492107406258583,0.02809593454003334,21.784843264478294,0.21784843264478293,0.0015182499885559083,0.0027721410625075743,360.73200369372177
Muon update,250,262144000,block04.up,0.045371804386377335,0.04495251923799515,0.044153355062007904,0.04337664693593979,0.043088242411613464,45.31289808240041,0.4531289808240041,0.004517038345336915,0.0023295284626820845,429.2714238179592
Muon update,250,262144000,block04.down,0.045379795134067535,0.044980891048908234,0.044181808829307556,0.043451301753520966,0.04315333068370819,22.63959672602569,0.2263959672602569,0.002225689697265625,0.002099153696572556,476.3824590990046
Muon update,250,262144000,block06.q,0.0507960170507431,0.047470781952142715,0.04626578837633133,0.04521168768405914,0.025556592270731926,21.608638523620918,0.21608638523620918,0.001828615951538086,0.00281557894100809,355.1667422409261
Muon update,250,262144000,block06.k,0.051218628883361816,0.04767332598567009,0.04640340805053711,0.04538976028561592,0.023957394063472748,21.511990415562533,0.21511990415562532,0.0019106988906860353,0.002840950042342097,351.99492602678566
Muon update,250,262144000,block06.v,0.051694683730602264,0.04792799800634384,0.046562906354665756,0.045508403331041336,0.022158587351441383,21.44669601496794,0.21446696014967942,0.001720034980773926,0.00286085628575794,349.54569545427734
Muon update,250,262144000,block06.o,0.05003354325890541,0.04674122855067253,0.04562079906463623,0.04461703822016716,0.03202570229768753,21.954794049000515,0.21954794049000514,0.0015653867721557618,0.002726868284328235,366.72104983844144
Muon update,250,262144000,block06.up,0.045365769416093826,0.04495517164468765,0.0441926047205925,0.04344809800386429,0.043156083673238754,45.269305905504666,0.45269305905504664,0.004576292419433594,0.0021660422951944036,461.6715020840576
Muon update,250,262144000,block06.down,0.04537304863333702,0.04496125876903534,0.044189173728227615,0.043461352586746216,0.04315238073468208,22.650882206821954,0.22650882206821954,0.002265206527709961,0.0020956749769576177,477.17323105691867
Muon update,250,262144000,block08.q,0.051146987825632095,0.047747205942869186,0.04647354781627655,0.045414406806230545,0.023443516343832016,21.498432354966177,0.21498432354966177,0.0017858821868896484,0.0028412204875949976,351.9614209337439
Muon update,250,262144000,block08.k,0.05195566639304161,0.04815932363271713,0.04680079221725464,0.04574654996395111,0.020947284996509552,21.3110457558186,0.213110457558186,0.0018591405868530273,0.002891680251824749,345.81970097453404
Muon update,250,262144000,block08.v,0.05210605636239052,0.04816225543618202,0.04678266495466232,0.04571359604597092,0.020526666194200516,21.31937507107451,0.21319375071074512,0.0016805471420288088,0.002893273856756695,345.6292247153475
Muon update,250,262144000,block08.o,0.05123886466026306,0.047536808997392654,0.04619508981704712,0.0451805479824543,0.025119295343756676,21.616213308320393,0.21616213308320395,0.0015046172142028809,0.002812134976552194,355.601707719608
Muon update,250,262144000,block08.up,0.045377347618341446,0.04493765905499458,0.044157255440950394,0.043419741094112396,0.04314294084906578,45.27667776542635,0.4527667776542635,0.004512621307373047,0.0022665833163515586,441.1926942132732
Muon update,250,262144000,block08.down,0.045375511050224304,0.04496382549405098,0.044189512729644775,0.04343671724200249,0.04313337430357933,22.64959909027918,0.22649599090279182,0.0022516769409179687,0.002147846522388211,465.5826147615475
Muon update,275,288358400,block02.q,0.052336033433675766,0.04862111061811447,0.047163225710392,0.04564061760902405,0.018182093277573586,21.102928958422243,0.21102928958422243,0.001845652198791504,0.002953571414665568,338.5731575795433
Muon update,275,288358400,block02.k,0.05358722805976868,0.049580447375774384,0.04799983277916908,0.039448369294404984,0.014827261678874493,20.70722666193355,0.2070722666193355,0.0018910871505737306,0.003064141931050701,326.3556396870617
Muon update,275,288358400,block02.v,0.05656933784484863,0.052183229476213455,0.050048958510160446,0.028202630579471588,0.010264272801578045,19.64758226095578,0.1964758226095578,0.0015459653854370118,0.0034009739498666036,294.0334194677448
Muon update,275,288358400,block02.o,0.051589999347925186,0.047674767673015594,0.04635470360517502,0.04529860243201256,0.02395385317504406,21.551770984698823,0.21551770984698823,0.0014328781127929688,0.002830686624869641,353.27117852406286
Muon update,275,288358400,block02.up,0.04757561534643173,0.044592879712581635,0.04370816424489021,0.04282335191965103,0.04243757203221321,46.17151994431846,0.4617151994431846,0.004543580627441406,0.0024680922380242998,405.1712430328361
Muon update,275,288358400,block02.down,0.04536427929997444,0.04496712610125542,0.04419498145580292,0.04345409944653511,0.04314878210425377,22.641401338556168,0.2264140133855617,0.0022479183197021487,0.0020962282399122345,477.0472894887955
Muon update,275,288358400,block04.q,0.05161469057202339,0.04817969724535942,0.04679696261882782,0.04577948898077011,0.020574022084474564,21.288331902721254,0.21288331902721255,0.0019327964782714846,0.002896978870481348,345.18719145295137
Muon update,275,288358400,block04.k,0.05244283378124237,0.048823002725839615,0.04736820235848427,0.04460924118757248,0.01741335168480873,21.00591922210019,0.2100591922210019,0.001999398231506348,0.002977881714899891,335.8091743525204
Muon update,275,288358400,block04.v,0.053515855222940445,0.049279067665338516,0.047624874860048294,0.040487661957740784,0.016081413254141808,20.868101119221638,0.20868101119221638,0.0017620012283325196,0.0030177077901640814,331.37734649438244
Muon update,275,288358400,block04.o,0.050748035311698914,0.04727255180478096,0.04603022336959839,0.044989701360464096,0.027152689173817635,21.71764276056851,0.2171764276056851,0.0016005081176757813,0.002784514057583079,359.1290901465179
Muon update,275,288358400,block04.up,0.04537301883101463,0.04494134709239006,0.04417427256703377,0.04339699074625969,0.04310780391097069,45.32492287848179,0.45324922878481794,0.004706071472167969,0.0022815000094695975,438.3081287965805
Muon update,275,288358400,block04.down,0.045363929122686386,0.044963523745536804,0.044201068580150604,0.04345804825425148,0.04316172003746033,22.63835730284,0.2263835730284,0.002339645004272461,0.0020964585034111277,476.99489323204324
Muon update,275,288358400,block06.q,0.05029920116066933,0.04718310013413429,0.04598674178123474,0.04499107599258423,0.027676643803715706,21.74397701196515,0.21743977011965152,0.0019313117980957032,0.002780748504589925,359.6154051146273
Muon update,275,288358400,block06.k,0.05071035772562027,0.047327447682619095,0.04608767479658127,0.04507913812994957,0.026511961594223976,21.688936154827825,0.21688936154827826,0.002013279151916504,0.0027944449724979226,357.8528150819557
Muon update,275,288358400,block06.v,0.05239096283912659,0.0483878031373024,0.04692041128873825,0.04575154930353165,0.019556386396288872,21.249316850966746,0.21249316850966746,0.0018137168884277345,0.002910522570554408,343.5809122791018
Muon update,275,288358400,block06.o,0.04998025670647621,0.046768903732299805,0.04567820951342583,0.04465307667851448,0.03192713484168053,21.9376163338349,0.219376163338349,0.0016585147857666016,0.0027309643417344903,366.17102051390384
Muon update,275,288358400,block06.up,0.045364007353782654,0.044972870498895645,0.044173140078783035,0.043439384549856186,0.04314613714814186,45.27419430334503,0.4527419430334503,0.004780950546264649,0.002199206114579369,454.7095396700754
Muon update,275,288358400,block06.down,0.045382771641016006,0.044968318194150925,0.04418070241808891,0.04345181584358215,0.04315219819545746,22.62921449444813,0.22629214494448133,0.0023998428344726565,0.0021025044539446786,475.62324927484417
Muon update,275,288358400,block08.q,0.050768207758665085,0.04744371771812439,0.046204715967178345,0.045167483389377594,0.0254883524030447,21.6416423440508,0.21641642344050802,0.0018871694564819336,0.0028061468551874302,356.36053692322076
Muon update,275,288358400,block08.k,0.0515669584274292,0.047913916409015656,0.04658547788858414,0.0455184131860733,0.02231801114976406,21.43454305976733,0.2143454305976733,0.0019631338119506835,0.002859697937360864,349.6872823298507
Muon update,275,288358400,block08.v,0.0524919219315052,0.04849056527018547,0.04706508666276932,0.045309532433748245,0.019107110798358917,21.200678440695473,0.21200678440695472,0.001763675880432129,0.0029279237376922534,341.5389503239539
Muon update,275,288358400,block08.o,0.05175025388598442,0.047924939543008804,0.046526599675416946,0.04543265700340271,0.02214144729077816,21.45393073921147,0.2145393073921147,0.001591496467590332,0.002854053800493972,350.37881900716894
Muon update,275,288358400,block08.up,0.04538184404373169,0.044934969395399094,0.044142063707113266,0.04340213164687157,0.0431039072573185,45.28507165563318,0.4528507165563318,0.004719846343994141,0.0023481639264861937,425.8646462968222
Muon update,275,288358400,block08.down,0.04538653790950775,0.04492596909403801,0.04409242793917656,0.043313201516866684,0.04301454871892929,22.686247515722417,0.22686247515722419,0.002398430633544922,0.0023999624335777764,416.6731887170569
Muon update,300,314572800,block02.q,0.05174537003040314,0.048098087310791016,0.04677368700504303,0.045734506100416183,0.02099042572081089,21.32047449291212,0.2132047449291212,0.0019233741760253907,0.0028919066235593704,345.79263101143835
Muon update,300,314572800,block02.k,0.053059838712215424,0.04892987385392189,0.04743856564164162,0.04343743622303009,0.01715954579412937,20.97756596792296,0.2097756596792296,0.001961470413208008,0.002986481346414785,334.8422052595377
Muon update,300,314572800,block02.v,0.05549391731619835,0.051147181540727615,0.0492263063788414,0.03188030794262886,0.011626321822404861,20.06843603274801,0.2006843603274801,0.001620938301086426,0.003259789101179092,306.76831198628525
Muon update,300,314572800,block02.o,0.051000840961933136,0.047393519431352615,0.04607215151190758,0.045041196048259735,0.025900542736053467,21.6909077757281,0.216909077757281,0.0015087626457214356,0.002790500318364378,358.35867619113526
Muon update,300,314572800,block02.up,0.04641922935843468,0.04470956325531006,0.04386327043175697,0.04299933463335037,0.04262010380625725,45.95233999105714,0.4595233999105714,0.004735659408569336,0.0024924836264311884,401.2062464104647
Muon update,300,314572800,block02.down,0.04535158723592758,0.04495799541473389,0.04419491067528725,0.04346220940351486,0.04314940422773361,22.640913666705917,0.22640913666705917,0.0023521051406860355,0.0020984321242065868,476.54626921902377
Muon update,300,314572800,block04.q,0.050790924578905106,0.047465622425079346,0.0462704636156559,0.04526633024215698,0.02437136135995388,21.604749168614163,0.21604749168614162,0.0020199182510375977,0.0028169422484026208,354.9948532196787
Muon update,300,314572800,block04.k,0.05181387811899185,0.04822421073913574,0.046898532658815384,0.04582258313894272,0.020844124257564545,21.277709688762513,0.21277709688762514,0.0020855798721313478,0.002900738019450691,344.7398535457431
Muon update,300,314572800,block04.v,0.05298552289605141,0.04888339340686798,0.047348517924547195,0.043093666434288025,0.017837043851614,21.06598556054606,0.2106598556054606,0.0018440515518188478,0.0029631724503718093,337.47613976180264
Muon update,300,314572800,block04.o,0.05008985102176666,0.04683118313550949,0.04569878801703453,0.04469992220401764,0.03156916797161102,21.930732309289574,0.21930732309289575,0.0016770008087158203,0.002734832026451986,365.65317004033426
Muon update,300,314572800,block04.up,0.04538743570446968,0.04496277868747711,0.044185820966959,0.043461885303258896,0.0431530736386776,45.267967385378924,0.45267967385378927,0.004897079086303711,0.002099926264622687,476.20719681777933
Muon update,300,314572800,block04.down,0.04532713070511818,0.0449492484331131,0.04422025755047798,0.04346064105629921,0.04316527023911476,22.639197213281534,0.22639197213281534,0.0024531023025512696,0.0020966713804724396,476.94646348187933
Muon update,300,314572800,block06.q,0.049738410860300064,0.04669586941599846,0.04558506980538368,0.044603634625673294,0.03278239816427231,21.956578241680006,0.21956578241680005,0.0020196983337402346,0.0027234261457540626,367.1845486094942
Muon update,300,314572800,block06.k,0.05004868283867836,0.04694656282663345,0.04579439386725426,0.04477865621447563,0.029460731893777847,21.869209623895813,0.21869209623895813,0.002099989700317383,0.0027466912490338308,364.0744114766294
Muon update,300,314572800,block06.v,0.05182311683893204,0.04794169217348099,0.04656406119465828,0.0454581156373024,0.022076556459069252,21.46364065388017,0.2146364065388017,0.0019057632446289063,0.002855340394379624,350.2209410718152
Muon update,300,314572800,block06.o,0.04919212684035301,0.04642883315682411,0.04536891728639603,0.04437173530459404,0.03709802031517029,22.09774585585377,0.2209774585585377,0.001747220230102539,0.0026910649888618604,371.60009295165065
Muon update,300,314572800,block06.up,0.04535876214504242,0.04495525732636452,0.04421069845557213,0.043448954820632935,0.0431457981467247,45.274475732356194,0.45274475732356195,0.004985572814941407,0.0020994967770784356,476.30461304711054
Muon update,300,314572800,block06.down,0.04535849764943123,0.04495033621788025,0.044210053980350494,0.043456438928842545,0.043150633573532104,22.64205254537793,0.2264205254537793,0.0025345985412597656,0.0021003629667038087,476.10818503877147
Muon update,300,314572800,block08.q,0.049925629049539566,0.04680917412042618,0.04570911452174187,0.04468430578708649,0.031663138419389725,21.91211250471985,0.2191211250471985,0.001975189208984375,0.002735299216061249,365.59071641162933
Muon update,300,314572800,block08.k,0.05037114769220352,0.0470653660595417,0.04586835205554962,0.044880714267492294,0.02906665951013565,21.804394437454572,0.21804394437454572,0.00205230827331543,0.0027664198464306816,361.4780313589169
Muon update,300,314572800,block08.v,0.05166631191968918,0.047828879207372665,0.04647890478372574,0.04537724331021309,0.022835951298475266,21.49245324247534,0.2149245324247534,0.00184731502532959,0.0028437718842009435,351.6456455440992
Muon update,300,314572800,block08.o,0.051123447716236115,0.047453947365283966,0.04617251455783844,0.04510786011815071,0.02486897073686123,21.658253338242993,0.21658253338242994,0.0016765552520751955,0.0028034171218931925,356.70753103080284
Muon update,300,314572800,block08.up,0.045369263738393784,0.04496297240257263,0.0441858246922493,0.04344857484102249,0.043166667222976685,45.248858679023414,0.4524885867902341,0.00492286491394043,0.002099781845387741,476.2399494959641
Muon update,300,314572800,block08.down,0.04538557305932045,0.04498441144824028,0.04417425021529198,0.04342244192957878,0.04312662035226822,22.661551959018656,0.22661551959018655,0.002544808387756348,0.0022251025750082004,449.41748359457745
Muon update,325,340787200,block02.q,0.05193426087498665,0.04823581129312515,0.04689589887857437,0.04583447426557541,0.02031201496720314,21.26863747827372,0.21268637478273722,0.0019994956970214844,0.002906382317148515,344.0703565046155
Muon update,325,340787200,block02.k,0.05313223600387573,0.049090370535850525,0.04758262634277344,0.04209128022193909,0.016493691131472588,20.91631287493113,0.2091631287493113,0.0020294820785522463,0.003003196790676968,332.97851246524016
Muon update,325,340787200,block02.v,0.05504455789923668,0.050829436630010605,0.04889583960175514,0.03326189145445824,0.01285660732537508,20.198279852711018,0.20198279852711018,0.0016964603424072266,0.00322235037880092,310.33248481566847
Muon update,325,340787200,block02.o,0.05057312548160553,0.04710521548986435,0.04589074105024338,0.044857170432806015,0.027775486931204796,21.81521345737722,0.2181521345737722,0.0015831176757812502,0.002760764827181031,362.21846575069657
Muon update,325,340787200,block02.up,0.046618055552244186,0.0447109118103981,0.043822966516017914,0.04296056926250458,0.042586542665958405,45.985625371210595,0.459856253712106,0.0049226280212402345,0.002488456462591826,401.8555337546313
Muon update,325,340787200,block02.down,0.04535748437047005,0.04497651010751724,0.044208306819200516,0.0434500090777874,0.043134432286024094,22.643792232486668,0.22643792232486668,0.0024517818450927736,0.0020954389585112754,477.22697716303776
Muon update,325,340787200,block04.q,0.05084254965186119,0.04749026522040367,0.04627193510532379,0.045234598219394684,0.024485578760504723,21.612891024391274,0.21612891024391276,0.00209914608001709,0.002814215568344172,355.3388060419195
Muon update,325,340787200,block04.k,0.05197388678789139,0.04835128411650658,0.046928491443395615,0.04585980623960495,0.019725080579519272,21.242177540849994,0.21242177540849994,0.002163671112060547,0.002911454774897751,343.47090280154515
Muon update,325,340787200,block04.v,0.05316983535885811,0.04901751130819321,0.047359466552734375,0.042112939059734344,0.01766085810959339,21.024944321321968,0.21024944321321967,0.0019253013610839845,0.0029716314223487417,336.5154885896354
Muon update,325,340787200,block04.o,0.0496983677148819,0.046629514545202255,0.04553617537021637,0.044517286121845245,0.03366255760192871,22.004349143631178,0.22004349143631177,0.0017498949050903322,0.0027128764362629454,368.61243904551907
Muon update,325,340787200,block04.up,0.04537059739232063,0.044969841837882996,0.044177357107400894,0.0434613861143589,0.04315296933054924,45.28231755046795,0.45282317550467954,0.0050809940338134765,0.002099850128095007,476.2244631750001
Muon update,325,340787200,block04.down,0.04533044993877411,0.044963397085666656,0.04420550540089607,0.043460920453071594,0.043157175183296204,22.64486496600356,0.2264486496600356,0.00256241626739502,0.002097764251269618,476.69798901128934
Muon update,325,340787200,block06.q,0.04923127964138985,0.04655226320028305,0.04548047110438347,0.04450821876525879,0.0350930392742157,22.027744929851917,0.22027744929851917,0.0020947240829467775,0.0027112072349782523,368.83938162256396
Muon update,325,340787200,block06.k,0.04984935373067856,0.04679080843925476,0.045668601989746094,0.04465681314468384,0.03160079941153526,21.936193264346507,0.21936193264346507,0.0021720237731933595,0.0027319763746567194,366.0353761754813
Muon update,325,340787200,block06.v,0.051638972014188766,0.04772524908185005,0.04642019420862198,0.04529498144984245,0.023375708609819412,21.553300065685086,0.21553300065685085,0.0019973186492919922,0.0028294147132437164,353.42998511998735
Muon update,325,340787200,block06.o,0.04907429590821266,0.04635979235172272,0.045292481780052185,0.0443623811006546,0.03780940920114517,22.11243642557281,0.2211243642557281,0.0018318878173828126,0.0026873851986831815,372.10891854654847
Muon update,325,340787200,block06.up,0.045346733182668686,0.044958632439374924,0.044203002005815506,0.04345797002315521,0.043145883828401566,45.27997360940096,0.45279973609400964,0.005183461761474609,0.0021002246784898038,476.1395341373972
Muon update,325,340787200,block06.down,0.04533686861395836,0.044959042221307755,0.0442303903400898,0.04345161095261574,0.04314936697483063,22.65580588684434,0.2265580588684434,0.0026650447845458984,0.0020951998840124247,477.2814315381424
Muon update,325,340787200,block08.q,0.049479540437459946,0.04663205146789551,0.04552069306373596,0.04454175755381584,0.033356260508298874,21.989827272350134,0.21989827272350135,0.0020506662368774413,0.002716262199977726,368.1529713914217
Muon update,325,340787200,block08.k,0.05013247951865196,0.04689668118953705,0.04574828967452049,0.044731270521879196,0.030176395550370216,21.89823972251363,0.2189823972251363,0.0021273643493652343,0.0027425877021106104,364.6191511871912
Muon update,325,340787200,block08.v,0.05126778781414032,0.04743044078350067,0.046153705567121506,0.045095451176166534,0.0248873308300972,21.66260152391408,0.21662601523914082,0.0019325740814208985,0.002799911218902773,357.1541816214727
Muon update,325,340787200,block08.o,0.05099070817232132,0.04728775843977928,0.04601927101612091,0.04497816041111946,0.02707781456410885,21.74573768242159,0.21745737682421593,0.0017611946105957031,0.002780568956759058,359.63862632112813
Muon update,325,340787200,block08.up,0.04536408185958862,0.044958800077438354,0.04418914020061493,0.04345209524035454,0.04316255450248718,45.26200863674871,0.45262008636748713,0.0051200237274169925,0.002096450316047674,476.99675606205005
Muon update,325,340787200,block08.down,0.045369576662778854,0.04497424513101578,0.04419565200805664,0.04345254227519035,0.043142348527908325,22.652852154764805,0.22652852154764805,0.002688824462890625,0.002120331889522653,471.6242796429046
Muon update,350,367001600,block02.q,0.05162503197789192,0.047892194241285324,0.04657053202390671,0.04554852470755577,0.022149015218019485,21.428448541797323,0.21428448541797324,0.0020719295501708986,0.002862030413726624,349.4022967764025
Muon update,350,367001600,block02.k,0.0523444227874279,0.04844878986477852,0.0469999834895134,0.0456157922744751,0.01901744306087494,21.1877790561397,0.211877790561397,0.002094839477539063,0.0029268583010067517,341.6632775341498
Muon update,350,367001600,block02.v,0.05481701344251633,0.0505514033138752,0.04869924113154411,0.034247852861881256,0.012800001539289951,20.320298823735204,0.20320298823735206,0.0017679832458496094,0.003180281090763515,314.4376146197575
Muon update,350,367001600,block02.o,0.05042576789855957,0.04696806147694588,0.045811545103788376,0.04477399215102196,0.02916368655860424,21.8659046205775,0.218659046205775,0.0016522438049316407,0.002749420577359288,363.71299765293145
Muon update,350,367001600,block02.up,0.04648248478770256,0.044678784906864166,0.04386075958609581,0.04297960177063942,0.04258868098258972,45.98980692020813,0.4598980692020813,0.005102299499511719,0.002485885184767833,402.2711934273803
Muon update,350,367001600,block02.down,0.04532397910952568,0.04496455565094948,0.044212281703948975,0.04346371814608574,0.04314069449901581,22.651452658107274,0.22651452658107274,0.0025459604263305667,0.002096734153976834,476.9321843226142
Muon update,350,367001600,block04.q,0.05013376101851463,0.046909183263778687,0.045752767473459244,0.044792305678129196,0.029588397592306137,21.864319593541165,0.21864319593541165,0.0021701393127441407,0.0027479127956969857,363.9125672277232
Muon update,350,367001600,block04.k,0.0509009063243866,0.047431912273168564,0.046202074736356735,0.04518694803118706,0.0252073984593153,21.629600052382372,0.21629600052382372,0.002233738136291504,0.0028093348025299975,355.9561498684428
Muon update,350,367001600,block04.v,0.05271899327635765,0.04859885573387146,0.04708948731422424,0.04444635659456253,0.018783707171678543,21.221071457524346,0.21221071457524346,0.002003868103027344,0.0029194169448579915,342.5341494168257
Muon update,350,367001600,block04.o,0.04925995692610741,0.0464835949242115,0.04541302099823952,0.04444049298763275,0.0352604053914547,22.06849669899982,0.2206849669899982,0.0018185728073120118,0.002700354073582878,370.32180697443954
Muon update,350,367001600,block04.up,0.04537518322467804,0.044976964592933655,0.04419034719467163,0.04345303773880005,0.04315115138888359,45.2805979896067,0.45280597989606697,0.005254966354370117,0.0020988171294096386,476.4588519826322
Muon update,350,367001600,block04.down,0.04533141478896141,0.044957228004932404,0.04423121362924576,0.04345269128680229,0.04314721003174782,22.62807932489699,0.2262807932489699,0.002666122627258301,0.002093751404769875,477.6116198522194
Muon update,350,367001600,block06.q,0.04920823499560356,0.0464484766125679,0.04535238444805145,0.04438779875636101,0.03680094704031944,22.085912369988772,0.22085912369988772,0.002159971046447754,0.002693911945205754,371.20738180758264
Muon update,350,367001600,block06.k,0.049467604607343674,0.046616099774837494,0.04552161693572998,0.04453277587890625,0.034030064940452576,22.012027871997436,0.22012027871997436,0.0022331089019775392,0.0027131566268457363,368.574372045222
Muon update,350,367001600,block06.v,0.051550135016441345,0.04766443371772766,0.046328093856573105,0.04522864520549774,0.023766230791807175,21.588194712887727,0.2158819471288773,0.002086904335021973,0.0028203001269778843,354.5721926664444
Muon update,350,367001600,block06.o,0.048827774822711945,0.046269264072179794,0.04520374909043312,0.04427369311451912,0.03951249271631241,22.169409712609777,0.22169409712609778,0.0019139053344726564,0.002674360462597003,373.9211725516334
Muon update,350,367001600,block06.up,0.04534977674484253,0.04496383294463158,0.04418926313519478,0.043456315994262695,0.04316094145178795,45.274244849166536,0.45274244849166534,0.005367714309692383,0.0020967706585663937,476.92388097595807
Muon update,350,367001600,block06.down,0.045330848544836044,0.04495114088058472,0.044220030307769775,0.043462496250867844,0.04315166547894478,22.647474004663195,0.22647474004663196,0.002788185501098633,0.0020947016570307952,477.3949534261998
Muon update,350,367001600,block08.q,0.04928261414170265,0.04656793549656868,0.04546221345663071,0.04450986161828041,0.03460482135415077,22.02219585105526,0.2202219585105526,0.0021145668029785157,0.002710856930898134,368.8870440199476
Muon update,350,367001600,block08.k,0.0498528778553009,0.04667961224913597,0.04556142911314964,0.0445924811065197,0.03249068558216095,21.97293829051893,0.21972938290518929,0.002192166137695313,0.0027219985880640035,367.37711929205693
Muon update,350,367001600,block08.v,0.05110412463545799,0.04745439812541008,0.04615715146064758,0.04512405022978783,0.02546088583767414,21.65891021405533,0.2165891021405533,0.0020170667648315432,0.0028031705722114802,356.73890483627576
Muon update,350,367001600,block08.o,0.05108175054192543,0.047356341034173965,0.046058349311351776,0.04501492530107498,0.025881195440888405,21.705428015414103,0.21705428015414105,0.0018447595596313478,0.002790993493773597,358.2953533323855
Muon update,350,367001600,block08.up,0.04535609111189842,0.04494791850447655,0.044189080595970154,0.043466825038194656,0.043163903057575226,45.258525084174266,0.45258525084174267,0.005304515075683594,0.002098602095553917,476.50767247330623
Muon update,350,367001600,block08.down,0.04537825658917427,0.04498697817325592,0.04419217258691788,0.04343084245920181,0.043127574026584625,22.646798369354013,0.22646798369354013,0.0028268810272216796,0.002173602953884149,460.0656243188466
Muon update,375,393216000,block02.q,0.05175185203552246,0.048023927956819534,0.04665573686361313,0.045612119138240814,0.021906860172748566,21.377884364923304,0.21377884364923305,0.0021416677474975585,0.0028747028561761923,347.8620400197318
Muon update,375,393216000,block02.k,0.05238017439842224,0.04856615141034126,0.04710213094949722,0.04515984654426575,0.01865723356604576,21.157045000178627,0.2115704500017863,0.0021574581146240235,0.0029369209529789414,340.4926506400155
Muon update,375,393216000,block02.v,0.05457960069179535,0.05043186992406845,0.04858040809631348,0.03564341738820076,0.01268414594233036,20.38448860689357,0.2038448860689357,0.001835659408569336,0.0031619278217931424,316.26275372500305
Muon update,375,393216000,block02.o,0.050217561423778534,0.04689422994852066,0.04571789875626564,0.0447285994887352,0.030757248401641846,21.901069047480643,0.21901069047480642,0.0017171321868896486,0.0027433490055362025,364.51796617271617
Muon update,375,393216000,block02.up,0.0459526889026165,0.044761400669813156,0.04391388222575188,0.043039701879024506,0.04264169558882713,45.825459009411176,0.4582545900941118,0.005274230575561523,0.0024997065302432425,400.0469606736962
Muon update,375,393216000,block02.down,0.04531154781579971,0.0449364110827446,0.04423199221491814,0.043478429317474365,0.043141476809978485,22.642241761762403,0.22642241761762402,0.0026349029541015627,0.002091858362325852,478.0438379624043
Muon update,375,393216000,block04.q,0.04974275827407837,0.04677016660571098,0.045681651681661606,0.04469497501850128,0.03189602866768837,21.93116123780416,0.21931161237804161,0.002234296417236328,0.002731913287479737,366.04382891029707
Muon update,375,393216000,block04.k,0.05070827901363373,0.04726757854223251,0.046077653765678406,0.04505423828959465,0.026964383199810982,21.70680662018129,0.2170680662018129,0.0022968158721923828,0.0027905904485248656,358.34710196496593
Muon update,375,393216000,block04.v,0.052170172333717346,0.048225753009319305,0.04676700383424759,0.04562147706747055,0.020925896242260933,21.363920852300254,0.21363920852300256,0.0020780893325805664,0.002880920004603729,347.1113388785504
Muon update,375,393216000,block04.o,0.04917280748486519,0.04638144373893738,0.04530743509531021,0.04437195137143135,0.036920495331287384,22.117193050315855,0.22117193050315856,0.0018831199645996095,0.002687184744863347,372.136676464667
Muon update,375,393216000,block04.up,0.045375291258096695,0.044978197664022446,0.044189389795064926,0.0434487909078598,0.04314791411161423,45.27198556618315,0.4527198556618315,0.005419541549682617,0.002098462500106868,476.5393710628964
Muon update,375,393216000,block04.down,0.04532543569803238,0.04494497552514076,0.04422794654965401,0.04345083236694336,0.043161291629076004,22.608735557213226,0.22608735557213228,0.002763846778869629,0.0020945584405254736,477.4275955504609
Muon update,375,393216000,block06.q,0.04877254739403725,0.04635082930326462,0.04528836905956268,0.044356945902109146,0.038822777569293976,22.11117732838159,0.2211117732838159,0.002215878295898438,0.0026891772557411375,371.86094663901207
Muon update,375,393216000,block06.k,0.049360550940036774,0.04644303768873215,0.04535983130335808,0.044409822672605515,0.03629470616579056,22.084552573949125,0.22084552573949126,0.002286058807373047,0.0026956806456440163,370.9638237808
Muon update,375,393216000,block06.v,0.051268234848976135,0.04744712635874748,0.046156033873558044,0.04505852982401848,0.0254677701741457,21.698254013623576,0.21698254013623575,0.0021734663009643556,0.002793504522572654,357.97328836219623
Muon update,375,393216000,block06.o,0.048490434885025024,0.04625684395432472,0.045208271592855453,0.04426736757159233,0.039921097457408905,22.159112035044092,0.22159112035044093,0.001992158317565918,0.002675353089954202,373.7824378228589
Muon update,375,393216000,block06.up,0.045332688838243484,0.04494139552116394,0.04421617463231087,0.04347723349928856,0.04315023869276047,45.26871111419371,0.45268711114193705,0.005540936279296875,0.002096928621340713,476.8879540404337
Muon update,375,393216000,block06.down,0.04531761258840561,0.04494209587574005,0.04423481971025467,0.04346140846610069,0.04315664619207382,22.631623689168467,0.22631623689168467,0.0029034822463989258,0.0020922131147696477,477.96278158312754
Muon update,375,393216000,block08.q,0.04934600368142128,0.04649535194039345,0.04540709778666496,0.04443801939487457,0.0357789546251297,22.05562367875745,0.2205562367875745,0.0021697874069213866,0.002700283222137459,370.3315236719619
Muon update,375,393216000,block08.k,0.049763813614845276,0.04663877189159393,0.04548971354961395,0.04452771320939064,0.033822327852249146,21.995763559518533,0.21995763559518533,0.0022481859207153323,0.002717887510609432,367.93281403164843
Muon update,375,393216000,block08.v,0.05086883530020714,0.0472249761223793,0.046015892177820206,0.044934261590242386,0.027463160455226898,21.763576260237997,0.21763576260237996,0.002099089241027832,0.002774253508155536,360.45732556894217
Muon update,375,393216000,block08.o,0.05062089487910271,0.04704989120364189,0.045885924249887466,0.044808294624090195,0.028885357081890106,21.849109176189323,0.21849109176189324,0.0019258731842041017,0.0027558348275613653,362.86644975921826
Muon update,375,393216000,block08.up,0.04534763842821121,0.04495625197887421,0.04419304430484772,0.04346523433923721,0.04316406324505806,45.249639589455974,0.45249639589455976,0.005479032516479493,0.002099947774295355,476.20231904841233
Muon update,375,393216000,block08.down,0.045376427471637726,0.04499020427465439,0.04420545697212219,0.04343375563621521,0.043140821158885956,22.64197932866908,0.22641979328669082,0.002957573890686035,0.0021015524332759217,475.83871054846327
Muon update,400,419430400,block02.q,0.05338966101408005,0.049365878105163574,0.04775295406579971,0.04007307440042496,0.016080930829048157,20.799208402636864,0.20799208402636865,0.002210060501098633,0.0030368649310743567,329.28695305728604
Muon update,400,419430400,block02.k,0.05454602465033531,0.05031154304742813,0.048516109585762024,0.03545075282454491,0.01392207108438015,20.421294812111395,0.20421294812111396,0.0022201446533203126,0.0031500959263495165,317.45065019618255
Muon update,400,419430400,block02.v,0.057677026838064194,0.05319049954414368,0.050838641822338104,0.02517871931195259,0.009192386642098427,19.28441963324383,0.1928441963324383,0.00189969482421875,0.0035319930232276114,283.12626707461004
Muon update,400,419430400,block02.o,0.051037371158599854,0.04736392945051193,0.04613063111901283,0.04502358287572861,0.026226650923490524,21.689159059476456,0.21689159059476457,0.0017794376373291016,0.002793348977643842,357.99322175759386
Muon update,400,419430400,block02.up,0.04846702516078949,0.044476721435785294,0.0435204952955246,0.04251610487699509,0.04210946708917618,46.5260726824708,0.465260726824708,0.005443785095214844,0.002430043741486046,411.51522621912534
Muon update,400,419430400,block02.down,0.045351237058639526,0.0449620746076107,0.04422422870993614,0.04346079006791115,0.04314090684056282,22.649610482913598,0.22649610482913599,0.002721512794494629,0.002095230236509593,477.2745174133618
Muon update,400,419430400,block04.q,0.05058787390589714,0.0471973679959774,0.045992713421583176,0.044957537204027176,0.027674727141857147,21.757395694592187,0.21757395694592188,0.0022973972320556642,0.0027749764129478965,360.36342339129504
Muon update,400,419430400,block04.k,0.05152874439954758,0.04776627570390701,0.046396322548389435,0.04539194330573082,0.023202335461974144,21.503560882356012,0.21503560882356013,0.0023579509735107422,0.0028418285400001603,351.88611343875925
Muon update,400,419430400,block04.v,0.05520690977573395,0.05083338916301727,0.04866425320506096,0.03336675837635994,0.01313007902354002,20.32193662216382,0.2032193662216382,0.0021494285583496093,0.0031824226267795908,314.22602126604926
Muon update,400,419430400,block04.o,0.05004885792732239,0.04675847291946411,0.045591991394758224,0.04458140581846237,0.031789034605026245,21.97220444283183,0.21972204442831833,0.0019457952499389649,0.002723601506123219,367.16090725893395
Muon update,400,419430400,block04.up,0.04539471119642258,0.044948071241378784,0.044130776077508926,0.04334845393896103,0.043056704103946686,45.37036282862516,0.4537036282862516,0.005580847549438477,0.00234844771184807,425.81318500511446
Muon update,400,419430400,block04.down,0.04531244933605194,0.04495597258210182,0.04423670470714569,0.043470852077007294,0.043146681040525436,22.642811638706643,0.22642811638706645,0.0028600051879882813,0.002090084710658205,478.44950728579903
Muon update,400,419430400,block06.q,0.04930054023861885,0.04655075818300247,0.045434679836034775,0.04444892704486847,0.03507652133703232,22.058016567414917,0.22058016567414918,0.0022697755813598634,0.0027008012721849856,370.2604890995872
Muon update,400,419430400,block06.k,0.05030262470245361,0.04684366285800934,0.04570634290575981,0.04467650502920151,0.030813204124569893,21.92340010186136,0.21923400101861362,0.002336962890625,0.0027341704700673125,365.7416430129834
Muon update,400,419430400,block06.v,0.054536122828722,0.05019409582018852,0.048145998269319534,0.03620198741555214,0.014636475592851639,20.595693835776263,0.20595693835776263,0.0022602697372436525,0.0030985869751671974,322.72774913669826
Muon update,400,419430400,block06.o,0.04907451570034027,0.04635414853692055,0.045290153473615646,0.044327981770038605,0.03805673494935036,22.125581363965377,0.22125581363965377,0.0020704862594604495,0.002688099786608125,372.00999939879887
Muon update,400,419430400,block06.up,0.045365720987319946,0.04497716948390007,0.044197048991918564,0.04344891384243965,0.043145086616277695,45.28092719016878,0.45280927190168785,0.005709922409057618,0.0021000484956568144,476.17947969684315
Muon update,400,419430400,block06.down,0.04533759504556656,0.04497542604804039,0.044221531599760056,0.04345384240150452,0.04315325617790222,22.65054762299407,0.2265054762299407,0.0030158298492431643,0.002095990143697657,477.1014801795978
Muon update,400,419430400,block08.q,0.049249276518821716,0.04648500680923462,0.04540576785802841,0.04443109780550003,0.03550808131694794,22.058178351806898,0.22058178351806898,0.002221194458007813,0.0026991528220850075,370.4866178075581
Muon update,400,419430400,block08.k,0.050088103860616684,0.046840112656354904,0.045685119926929474,0.044657621532678604,0.030985943973064423,21.931136420985734,0.21931136420985733,0.0022998653411865234,0.002733116742526187,365.88265127515626
Muon update,400,419430400,block08.v,0.051850575953722,0.047904275357723236,0.046488743275403976,0.04537899047136307,0.021999357268214226,21.50712167777681,0.21507121677776808,0.002184138870239258,0.002843710697663107,351.65321170742715
Muon update,400,419430400,block08.o,0.051241882145404816,0.047489386051893234,0.04621761292219162,0.045112594962120056,0.025057537481188774,21.673094060550333,0.21673094060550335,0.0020085681915283206,0.002797948240819359,357.40475302972624
Muon update,400,419430400,block08.up,0.045349787920713425,0.044966671615839005,0.044205568730831146,0.04344795644283295,0.04316217824816704,45.27488853768155,0.4527488853768155,0.005646222686767579,0.0020981850295459653,476.60239012209234
Muon update,400,419430400,block08.down,0.04539959877729416,0.04497917741537094,0.04416531324386597,0.04339896887540817,0.04310733079910278,22.66736690851106,0.2266736690851106,0.0030851667404174807,0.0022967830480063456,435.3915799178422
Muon update,425,445644800,block02.q,0.05159714072942734,0.04791656509041786,0.0466371588408947,0.04553636163473129,0.022148026153445244,21.43149223642484,0.21431492236424843,0.002278485107421875,0.0028606793504961647,349.56731512972857
Muon update,425,445644800,block02.k,0.05207778885960579,0.04829835519194603,0.046868376433849335,0.045782338827848434,0.02025824785232544,21.273048638320585,0.21273048638320585,0.0022826017379760743,0.002906380308812309,344.07059426047704
Muon update,425,445644800,block02.v,0.05456596240401268,0.050431329756975174,0.04855816438794136,0.03506509214639664,0.013263835571706295,20.391234024032194,0.20391234024032195,0.001961826324462891,0.003160114431036712,316.4442370119928
Muon update,425,445644800,block02.o,0.05000440776348114,0.04683138430118561,0.04566989839076996,0.04467756301164627,0.0316392257809639,21.92726784588699,0.2192726784588699,0.0018391719818115235,0.002733487569132942,365.83301540939453
Muon update,425,445644800,block02.up,0.0459880456328392,0.04473930224776268,0.04388991370797157,0.04302959144115448,0.04264605790376663,45.86896873766286,0.45868968737662863,0.005608537673950195,0.0025000716005921936,399.9885442333449
Muon update,425,445644800,block02.down,0.045320380479097366,0.044952601194381714,0.04421785846352577,0.04346636310219765,0.0431537926197052,22.63686365477473,0.2263686365477473,0.0028044849395751953,0.002091822241285915,478.0520926985008
Muon update,425,445644800,block04.q,0.049432042986154556,0.04656567797064781,0.045470044016838074,0.04450112581253052,0.03521129861474037,22.02734908461161,0.2202734908461161,0.002356780815124512,0.0027112747380328983,368.83019856760313
Muon update,425,445644800,block04.k,0.0503370426595211,0.047041263431310654,0.04586774483323097,0.04485226050019264,0.028923114761710167,21.833882465628587,0.21833882465628587,0.002415375328063965,0.0027566421707883038,362.7601763467309
Muon update,425,445644800,block04.v,0.052247531712055206,0.04825088009238243,0.04677778482437134,0.04557720199227333,0.020686497911810875,21.36768216440949,0.2136768216440949,0.002215918350219727,0.0028768360340137994,347.60409984325275
Muon update,425,445644800,block04.o,0.04883407801389694,0.04625346139073372,0.04522482678294182,0.04426153749227524,0.039124395698308945,22.16706740393622,0.2216706740393622,0.0020035049438476564,0.002675484118193572,373.76413233025585
Muon update,425,445644800,block04.up,0.045371897518634796,0.04497997835278511,0.044195063412189484,0.043446753174066544,0.04314457252621651,45.27377705019602,0.4527377705019602,0.005737508010864258,0.0021003479425786425,476.1115907168592
Muon update,425,445644800,block04.down,0.045321010053157806,0.04494604095816612,0.04423481225967407,0.04347255080938339,0.04316554591059685,22.598389939569756,0.22598389939569757,0.002952916526794434,0.002095267069048612,477.2661274412456
Muon update,425,445644800,block06.q,0.048292435705661774,0.04619358852505684,0.04518579691648483,0.04423012211918831,0.040828339755535126,22.19711184566211,0.2219711184566211,0.002319147491455078,0.002666418379637714,375.0349186146361
Muon update,425,445644800,block06.k,0.04890485852956772,0.04624380171298981,0.04522319510579109,0.04427383840084076,0.03942211717367172,22.175478420477244,0.22175478420477246,0.00238236083984375,0.00267339460031836,374.0562653492737
Muon update,425,445644800,block06.v,0.0513642244040966,0.04751366749405861,0.04620688781142235,0.045095980167388916,0.02542487159371376,21.672212412967184,0.21672212412967184,0.0023442813873291017,0.0028003251876911883,357.1013839376561
Muon update,425,445644800,block06.o,0.048032838851213455,0.046070098876953125,0.04505491256713867,0.044118158519268036,0.04238874092698097,22.246073000144623,0.22246073000144623,0.0021455787658691407,0.002654500912756,376.71864989557054
Muon update,425,445644800,block06.up,0.04531795158982277,0.04495206102728844,0.04421772435307503,0.043462712317705154,0.04315585643053055,45.28731931159706,0.45287319311597063,0.005872175979614258,0.0020957186350054613,477.1632905756903
Muon update,425,445644800,block06.down,0.045333221554756165,0.044951844960451126,0.04422065243124962,0.04345211759209633,0.043153148144483566,22.619289014083286,0.22619289014083285,0.003123328399658203,0.002095675318034354,477.1731533957051
Muon update,425,445644800,block08.q,0.048392388969659805,0.04617089405655861,0.04514499381184578,0.044210776686668396,0.040989264845848083,22.19354711163357,0.22193547111633571,0.002267372512817383,0.0026662579503015232,375.0574845494268
Muon update,425,445644800,block08.k,0.04904288053512573,0.046279843896627426,0.04526461660861969,0.044296327978372574,0.038524456322193146,22.14607958083497,0.2214607958083497,0.0023456598281860353,0.002678446597653164,373.3507328001958
Muon update,425,445644800,block08.v,0.05065071955323219,0.04706566408276558,0.04584174603223801,0.04478398337960243,0.02923542447388172,21.856550068550575,0.21856550068550576,0.0022654584884643555,0.0027525100863874524,363.3047540662987
Muon update,425,445644800,block08.o,0.0506226122379303,0.046987708657979965,0.04582471027970314,0.04479265213012695,0.029848795384168625,21.85509187520512,0.21855091875205118,0.0020878381729125977,0.0027521434437638576,363.35315379942205
Muon update,425,445644800,block08.up,0.04532437399029732,0.04493939131498337,0.044226787984371185,0.043460436165332794,0.04317302256822586,45.2478815280041,0.452478815280041,0.005807201766967774,0.0020983495301736405,476.56502676046017
Muon update,425,445644800,block08.down,0.04536744952201843,0.04498458281159401,0.04418860375881195,0.04345874488353729,0.04314669594168663,22.639985888245622,0.22639985888245623,0.003208232116699219,0.0020963739014263766,477.0141430016841
Muon update,450,471859200,block02.q,0.051904842257499695,0.048053059726953506,0.046715833246707916,0.045651573687791824,0.020727718248963356,21.354209526400727,0.21354209526400728,0.0023453004837036134,0.002881505893706171,347.0407616323865
Muon update,450,471859200,block02.k,0.05242374166846275,0.04852444678544998,0.047097641974687576,0.04535917192697525,0.019396129995584488,21.2106535138205,0.212106535138205,0.0023432777404785157,0.002925042708444972,341.8753500975805
Muon update,450,471859200,block02.v,0.05602244660258293,0.05164700746536255,0.0495833121240139,0.030022375285625458,0.010878322646021843,19.88330372655405,0.1988330372655405,0.002022958755493164,0.0033200227686452366,301.20275362089114
Muon update,450,471859200,block02.o,0.05025532469153404,0.04690570756793022,0.04574258625507355,0.044705405831336975,0.0300221499055624,21.903286766136983,0.21903286766136984,0.0018971239089965821,0.0027406004607046786,364.8835407926898
Muon update,450,471859200,block02.up,0.04689633101224899,0.04464709386229515,0.043798163533210754,0.04290837049484253,0.042534299194812775,46.06615294056818,0.46066152940568184,0.0057738506317138675,0.002480274981244715,403.1811019188503
Muon update,450,471859200,block02.down,0.04532190412282944,0.04495316371321678,0.04423387348651886,0.04347025230526924,0.04314649850130081,22.640580089037215,0.22640580089037216,0.0028865053176879885,0.002091940146964913,478.0251487839401
Muon update,450,471859200,block04.q,0.04959093779325485,0.046576693654060364,0.04547121003270149,0.04449483007192612,0.034570030868053436,22.035438842726677,0.22035438842726676,0.0024149999618530275,0.0027081991592692867,369.24906226978345
Muon update,450,471859200,block04.k,0.05053722485899925,0.04713386297225952,0.04591071233153343,0.0449228435754776,0.02809002250432968,21.78655037718372,0.2178655037718372,0.0024703344345092773,0.002767838621032373,361.29274026352414
Muon update,450,471859200,block04.v,0.05306978151202202,0.04897027835249901,0.047230180352926254,0.042234789580106735,0.01806499995291233,21.104462061749878,0.2110446206174988,0.0022830419540405275,0.0029511772327933117,338.8478295671495
Muon update,450,471859200,block04.o,0.048951003700494766,0.04628436267375946,0.045226894319057465,0.04425889998674393,0.03920746594667435,22.17519731778747,0.22175197317787473,0.0020601890563964843,0.002675126495748137,373.8140987311839
Muon update,450,471859200,block04.up,0.045374467968940735,0.044969234615564346,0.04419044405221939,0.04346449673175812,0.04315425828099251,45.27069671180377,0.4527069671180377,0.005890452957153321,0.002098488439251922,476.5334806211676
Muon update,450,471859200,block04.down,0.04531760886311531,0.044954776763916016,0.04422078654170036,0.04345984384417534,0.04315929114818573,22.598409400720456,0.22598409400720457,0.003042547988891602,0.002096307039775161,477.02935735370846
Muon update,450,471859200,block06.q,0.04878341779112816,0.046251412481069565,0.04521295428276062,0.044271424412727356,0.039973340928554535,22.179205404296653,0.22179205404296654,0.002363938331604004,0.0026738676853738236,373.9900839035697
Muon update,450,471859200,block06.k,0.04883209988474846,0.046329088509082794,0.045283615589141846,0.044321589171886444,0.038082484155893326,22.152681704859717,0.22152681704859717,0.0024247739791870117,0.0026795178882027676,373.2014644883486
Muon update,450,471859200,block06.v,0.05189158394932747,0.047904908657073975,0.04645683988928795,0.04532821848988533,0.022108297795057297,21.530232996424647,0.21530232996424647,0.0024266195297241214,0.0028364345963787785,352.5552823522463
Muon update,450,471859200,block06.o,0.04825131222605705,0.046108994632959366,0.04511730745434761,0.04416999593377113,0.04254106804728508,22.22722871693556,0.2222722871693556,0.0022188573837280275,0.002658311014166595,376.1787069574736
Muon update,450,471859200,block06.up,0.04531804844737053,0.04496363177895546,0.0442255437374115,0.043478287756443024,0.04315607622265816,45.29484968002741,0.4529484968002741,0.0060293796539306645,0.002093962439662145,477.5634849311563
Muon update,450,471859200,block06.down,0.04531078413128853,0.0449577160179615,0.04422520473599434,0.04345545172691345,0.04315022751688957,22.626799998134672,0.22626799998134672,0.003226568603515625,0.002094000283877198,477.55485407500765
Muon update,450,471859200,block08.q,0.048589594662189484,0.04618023708462715,0.045146506279706955,0.04421935975551605,0.040869709104299545,22.19013036288333,0.2219013036288333,0.002309395790100098,0.0026680433352303107,374.8065058747174
Muon update,450,471859200,block08.k,0.04890545830130577,0.046244263648986816,0.045241959393024445,0.04426548629999161,0.040097057819366455,22.164727492333242,0.22164727492333242,0.0023866539001464846,0.0026753087723052765,373.78862969088755
Muon update,450,471859200,block08.v,0.05083069950342178,0.04717322811484337,0.04592585563659668,0.04486897960305214,0.027321474626660347,21.796206172963426,0.21796206172963428,0.002346363639831543,0.0027649700935601512,361.6675646254129
Muon update,450,471859200,block08.o,0.05085491016507149,0.04720022529363632,0.04598865285515785,0.04489098861813545,0.027742262929677963,21.795421173598733,0.21795421173598734,0.002167637062072754,0.002765847736398555,361.55280236146064
Muon update,450,471859200,block08.up,0.045327819883823395,0.044953905045986176,0.04421950876712799,0.04345608130097389,0.043163444846868515,45.285520520703706,0.4528552052070371,0.005960926818847656,0.0020957950376834233,477.1458954809555
Muon update,450,471859200,block08.down,0.04539213702082634,0.04497527703642845,0.044163692742586136,0.04341283440589905,0.04312434047460556,22.66214479399941,0.22662144793999411,0.0033262786865234377,0.0022510947614279436,444.22830044065626
Muon update,475,498073600,block02.q,0.05238960683345795,0.048487696796655655,0.04710325598716736,0.04556563124060631,0.018959980458021164,21.172536211287888,0.21172536211287887,0.0024104045867919923,0.0029314531965769636,341.1277386818567
Muon update,475,498073600,block02.k,0.052615463733673096,0.048594944179058075,0.04717307910323143,0.04444078728556633,0.018229776993393898,21.132911096945914,0.21132911096945914,0.002402163314819336,0.002943772110181611,339.700208634121
Muon update,475,498073600,block02.v,0.055129166692495346,0.05082589387893677,0.04890010878443718,0.03291289135813713,0.012239846400916576,20.211839827482994,0.20211839827482994,0.002080354118347168,0.0032176769201446853,310.78322181427535
Muon update,475,498073600,block02.o,0.050314079970121384,0.04693925753235817,0.04574901610612869,0.044713202863931656,0.030256303027272224,21.89329686693633,0.2189329686693633,0.0019509983062744143,0.002743242081097566,364.53217413459254
Muon update,475,498073600,block02.up,0.046967778354883194,0.044653844088315964,0.04378081113100052,0.04291306063532829,0.04254619777202606,46.04409915763554,0.46044099157635543,0.005935271453857422,0.0024805395515778983,403.13809927517144
Muon update,475,498073600,block02.down,0.04530944675207138,0.04494578391313553,0.044240422546863556,0.04346643015742302,0.04314564913511276,22.631381102210685,0.22631381102210685,0.0029650106430053713,0.0020903572167425694,478.3871349789262
Muon update,475,498073600,block04.q,0.04926934838294983,0.046437863260507584,0.04537559673190117,0.04439757019281387,0.03646565601229668,22.097881477906192,0.22097881477906192,0.002470306396484375,0.002692586090745408,371.39016777850276
Muon update,475,498073600,block04.k,0.05050862953066826,0.047044537961483,0.04589421674609184,0.044823501259088516,0.028742805123329163,21.841635017235806,0.21841635017235805,0.0025221038818359375,0.002754182176843367,363.0841882602419
Muon update,475,498073600,block04.v,0.05278483405709267,0.04856814071536064,0.04699129983782768,0.0438714474439621,0.01912306435406208,21.245223598306143,0.21245223598306143,0.0023475366592407227,0.0029109667459004257,343.52848633819696
Muon update,475,498073600,block04.o,0.04883155599236488,0.04623842611908913,0.04518263787031174,0.044228266924619675,0.040075499564409256,22.190856103618472,0.22190856103618473,0.0021147237777709963,0.0026697400044085745,374.56830940416955
Muon update,475,498073600,block04.up,0.045379579067230225,0.04498115926980972,0.04417191818356514,0.04344511404633522,0.043153081089258194,45.28369831335277,0.4528369831335277,0.006036561965942383,0.002103257136654657,475.45304022624333
Muon update,475,498073600,block04.down,0.045346956700086594,0.04493308439850807,0.044193290174007416,0.04347109794616699,0.04319163039326668,22.595917806280376,0.22595917806280377,0.0031279018402099613,0.0020968743742744156,476.9002913424565
Muon update,475,498073600,block06.q,0.048254482448101044,0.04613969847559929,0.04512081295251846,0.044206906110048294,0.04179969057440758,22.223507406838344,0.22223507406838344,0.002406951332092285,0.0026619981446494023,375.65766227523227
Muon update,475,498073600,block06.k,0.048694297671318054,0.046268392354249954,0.04522044584155083,0.04427334666252136,0.03982726112008095,22.15740472601946,0.2215740472601946,0.0024644535064697265,0.0026772590961038484,373.51633297474876
Muon update,475,498073600,block06.v,0.05177897959947586,0.04776524007320404,0.04638173431158066,0.04522616043686867,0.023246869444847107,21.590332972963214,0.21590332972963214,0.002508116912841797,0.0028216063988759643,354.4080423117722
Muon update,475,498073600,block06.o,0.04821931943297386,0.04602659121155739,0.0450279638171196,0.04411211982369423,0.04353133961558342,22.249769137749574,0.22249769137749575,0.002291374015808106,0.0026537900373979767,376.8195621762501
Muon update,475,498073600,block06.up,0.045313894748687744,0.04495208337903023,0.044214945286512375,0.04347257316112518,0.04315151274204254,45.27571487241819,0.45275714872418193,0.006179248809814453,0.0020943859052382496,477.4669259848001
Muon update,475,498073600,block06.down,0.04533218592405319,0.04494169354438782,0.04422726854681969,0.04345684498548508,0.043168868869543076,22.604489540766036,0.22604489540766037,0.0033263801574707035,0.002097188948786466,476.8287571697571
Muon update,475,498073600,block08.q,0.04859289899468422,0.04616493359208107,0.04513600468635559,0.044201336801052094,0.04076283425092697,22.205425457148348,0.22205425457148348,0.0023487915039062503,0.0026671632658659683,374.93017874004136
Muon update,475,498073600,block08.k,0.048747286200523376,0.046306364238262177,0.04528127983212471,0.044313881546258926,0.03836970403790474,22.141682647227913,0.22141682647227914,0.0024257392883300782,0.0026809199903823355,373.0062827639203
Muon update,475,498073600,block08.v,0.05056554824113846,0.04699275270104408,0.04578481614589691,0.04470581188797951,0.029877519235014915,21.88494268352944,0.21884942683529443,0.002426523017883301,0.002744796983167333,364.32567003409457
Muon update,475,498073600,block08.o,0.05028592422604561,0.046844303607940674,0.04568459466099739,0.04463892802596092,0.030617730692029,21.94568779604677,0.2194568779604677,0.002245008087158203,0.0027298909896131818,366.3149934575583
Muon update,475,498073600,block08.up,0.045335520058870316,0.044958390295505524,0.044210195541381836,0.04346645995974541,0.04316109046339989,45.24243488515391,0.45242434885153915,0.006108856201171875,0.0020929233915972234,477.8005750305298
Muon update,475,498073600,block08.down,0.04539204016327858,0.04497817903757095,0.04418037459254265,0.043446898460388184,0.04313933104276657,22.639917592285773,0.22639917592285774,0.0034408878326416016,0.0021014475772991453,475.8624534832486
Muon update,500,524288000,block02.q,0.05254417285323143,0.048595644533634186,0.04714283347129822,0.044855888932943344,0.018818967044353485,21.146882155426283,0.21146882155426283,0.0024745763778686526,0.0029390827423907973,340.2422073992207
Muon update,500,524288000,block02.k,0.05268089100718498,0.048713527619838715,0.04722931236028671,0.04388473927974701,0.01830938085913658,21.094733246930183,0.21094733246930183,0.002459664535522461,0.0029517378393329047,338.78347415365346
Muon update,500,524288000,block02.v,0.055306557565927505,0.051001474261283875,0.049012020230293274,0.032449379563331604,0.012243869714438915,20.13611747664566,0.2013611747664566,0.0021361295700073244,0.0032382351495316986,308.81018635864547
Muon update,500,524288000,block02.o,0.0501517578959465,0.04680004343390465,0.045639898627996445,0.044629767537117004,0.031551141291856766,21.952025959498105,0.21952025959498106,0.002001424598693848,0.0027294939378317284,366.368280266043
Muon update,500,524288000,block02.up,0.04669554904103279,0.04469311609864235,0.04380921274423599,0.04295823350548744,0.04258107766509056,46.00750227658878,0.4600750227658878,0.006092949295043945,0.002488274720270925,401.8848850785734
Muon update,500,524288000,block02.down,0.04531966894865036,0.04495551437139511,0.04421870782971382,0.043457888066768646,0.043145716190338135,22.615987513224038,0.2261598751322404,0.0030413969039916992,0.0020939406197296173,477.568461386993
Muon update,500,524288000,block04.q,0.04899202659726143,0.04645918309688568,0.04540948569774628,0.044423118233680725,0.03695225343108177,22.064780111375562,0.22064780111375562,0.002523756790161133,0.002697654245612316,370.6924271805704
Muon update,500,524288000,block04.k,0.049891628324985504,0.046738822013139725,0.045620765537023544,0.044598210602998734,0.033091314136981964,21.971979592168427,0.21971979592168428,0.002573464584350586,0.0027213043829211886,367.47083724847727
Muon update,500,524288000,block04.v,0.052494682371616364,0.048389602452516556,0.04685806855559349,0.045314520597457886,0.02007226273417473,21.32031172407587,0.21320311724075872,0.002410052490234375,0.0028902521106068946,345.99057858313273
Muon update,500,524288000,block04.o,0.04869472607970238,0.04618946835398674,0.045180272310972214,0.044218145310878754,0.04090297594666481,22.192614680786836,0.22192614680786837,0.0021671876907348635,0.0026697253756455958,374.57036185161144
Muon update,500,524288000,block04.up,0.04538743570446968,0.04497935622930527,0.04418822377920151,0.04344263672828674,0.043134767562150955,45.27374839741276,0.4527374839741276,0.006178170013427735,0.0020999020236950466,476.21269407625596
Muon update,500,524288000,block04.down,0.04535593092441559,0.044933900237083435,0.044191643595695496,0.04345817118883133,0.04318033531308174,22.598314058108876,0.22598314058108876,0.003210873413085938,0.0020950106121644385,477.32455109946216
Muon update,500,524288000,block06.q,0.048354268074035645,0.046138662844896317,0.04508831351995468,0.044179294258356094,0.04147118702530861,22.21525944963997,0.2221525944963997,0.0024483118057250976,0.0026623498908630167,375.60803087224724
Muon update,500,524288000,block06.k,0.04870055243372917,0.04620560258626938,0.04517337307333946,0.04423083737492561,0.04051075503230095,22.18384501262793,0.2218384501262793,0.0025019678115844727,0.0026665357230955117,375.0184148439332
Muon update,500,524288000,block06.v,0.05146443471312523,0.04757510498166084,0.046187981963157654,0.045093510299921036,0.02439424954354763,21.663529143275444,0.21663529143275445,0.002586037635803223,0.002801264418908156,356.9816520176158
Muon update,500,524288000,block06.o,0.04802045598626137,0.046072203665971756,0.04509160295128822,0.04415787756443024,0.04293859750032425,22.234124430240996,0.22234124430240998,0.0023606523513793947,0.0026574774890354563,376.29669644462524
Muon update,500,524288000,block06.up,0.04532512277364731,0.04495374858379364,0.04422343894839287,0.04345729574561119,0.04316215217113495,45.26957069663819,0.4526957069663819,0.00632384033203125,0.0020951456593119033,477.29378411256823
Muon update,500,524288000,block06.down,0.045312292873859406,0.044963862746953964,0.044214751571416855,0.04345634952187538,0.043153468519449234,22.609557306090544,0.22609557306090544,0.003422344207763672,0.0020943064595607824,477.48503827358667
Muon update,500,524288000,block08.q,0.04831155017018318,0.046171825379133224,0.045117564499378204,0.04418575391173363,0.04124896973371506,22.215933170973585,0.22215933170973587,0.002385323715209961,0.002661838617141324,375.6801759356651
Muon update,500,524288000,block08.k,0.04892618954181671,0.04625854268670082,0.04522418603301048,0.044278599321842194,0.03966659680008888,22.17078509522144,0.2217078509522144,0.002461374282836914,0.0026749869986455455,373.8335926516056
Muon update,500,524288000,block08.v,0.05073198303580284,0.0471075102686882,0.045878153294324875,0.04480261728167534,0.028450198471546173,21.83976464579842,0.2183976464579842,0.0025051847457885743,0.0027563022429736433,362.8049146457711
Muon update,500,524288000,block08.o,0.05070053040981293,0.04704189673066139,0.04584895819425583,0.04478675127029419,0.02885282412171364,21.856444032537368,0.2185644403253737,0.0023207544326782226,0.002750548168238956,363.56389302582255
Muon update,500,524288000,block08.up,0.04532981663942337,0.044950053095817566,0.0442129485309124,0.04348050430417061,0.04316042736172676,45.252286342038836,0.4525228634203884,0.006251666259765625,0.002096254506368647,477.0413119980862
Muon update,500,524288000,block08.down,0.04541535675525665,0.04500000551342964,0.044166069477796555,0.043412741273641586,0.043102726340293884,22.66599102029842,0.2266599102029842,0.0035510364532470706,0.0022917115669738447,436.35508691893466
Muon update,525,550502400,block02.q,0.052321404218673706,0.0484185665845871,0.047052089124917984,0.04550844058394432,0.019460968673229218,21.216839567774173,0.21216839567774173,0.0025363819122314456,0.002920793483681905,342.3727167247087
Muon update,525,550502400,block02.k,0.0525403656065464,0.048552487045526505,0.047032635658979416,0.0453956238925457,0.018926993012428284,21.184949284176398,0.211849492841764,0.0025160409927368166,0.002926191242054857,341.7411636082168
Muon update,525,550502400,block02.v,0.05611207336187363,0.05181416496634483,0.04966898635029793,0.02942669950425625,0.010906655341386795,19.83962972216162,0.19839629722161622,0.0021913127899169924,0.003336766769941102,299.69130866693786
Muon update,525,550502400,block02.o,0.0501372292637825,0.04683850333094597,0.045686908066272736,0.044639818370342255,0.031214134767651558,21.938650468888824,0.21938650468888823,0.002052027702331543,0.002731175766747862,366.14267458543924
Muon update,525,550502400,block02.up,0.047662872821092606,0.04456664249300957,0.043711110949516296,0.042815037071704865,0.042436257004737854,46.16332602545584,0.46163326025455836,0.006248590850830078,0.0024687951916822076,405.0558763923272
Muon update,525,550502400,block02.down,0.04531898349523544,0.04496109485626221,0.04422923922538757,0.04345884546637535,0.04314021021127701,22.639860548000144,0.22639860548000143,0.003116557884216309,0.0020917646527257028,478.06525399352944
Muon update,525,550502400,block04.q,0.049045100808143616,0.04640831798315048,0.045345887541770935,0.044384654611349106,0.03697028383612633,22.096733436715745,0.22096733436715746,0.002574732208251953,0.0026931327873396804,371.3147768654274
Muon update,525,550502400,block04.k,0.05013706535100937,0.04687253758311272,0.04576461389660835,0.044719379395246506,0.0310356467962265,21.901771461697358,0.21901771461697359,0.0026210939407348634,0.0027386260265006707,365.1466064819987
Muon update,525,550502400,block04.v,0.05297749489545822,0.048812199383974075,0.0472215972840786,0.04275015741586685,0.018241511657834053,21.179151672750738,0.21179151672750737,0.002471447563171387,0.0029308618478503107,341.1965667141447
Muon update,525,550502400,block04.o,0.048519086092710495,0.046175532042980194,0.045133400708436966,0.04420764371752739,0.04155981168150902,22.192354250110533,0.22192354250110533,0.0022204591751098634,0.0026659274887746442,375.1039757122711
Muon update,525,550502400,block04.up,0.04537351801991463,0.04496559128165245,0.0441708005964756,0.04345769062638283,0.043150074779987335,45.30827770602127,0.4530827770602127,0.0063171298980712895,0.0020994384002072236,476.31785714755705
Muon update,525,550502400,block04.down,0.04534056410193443,0.04493751749396324,0.044200826436281204,0.04347275570034981,0.04318445548415184,22.59852605915988,0.22598526059159882,0.003291765594482422,0.0020925344966939013,477.88937366621644
Muon update,525,550502400,block06.q,0.04829718917608261,0.046128321439027786,0.04508184641599655,0.04415569081902504,0.042151302099227905,22.234574833172534,0.22234574833172535,0.002488156509399414,0.0026580378954533246,376.21736007245727
Muon update,525,550502400,block06.k,0.04855501279234886,0.04611506313085556,0.04511642828583717,0.04417501762509346,0.0415571853518486,22.233829999148927,0.22233829999148927,0.0025391738891601566,0.002660251290631091,375.90433788033994
Muon update,525,550502400,block06.v,0.051619164645671844,0.04768449440598488,0.04629462584853172,0.04517265036702156,0.023906368762254715,21.61604110505979,0.2161604110505979,0.002662611961364746,0.002811877771641616,355.63423491775217
Muon update,525,550502400,block06.o,0.047749388962984085,0.046029284596443176,0.04506746307015419,0.04411526024341583,0.0433482751250267,22.25015403447297,0.22250154034472971,0.002427986335754395,0.002653529816336611,376.8565153643429
Muon update,525,550502400,block06.up,0.04532309249043465,0.04493960365653038,0.04420308396220207,0.043479833751916885,0.04316241294145584,45.26263817290101,0.45262638172901015,0.006464726257324219,0.002096935103741482,476.886479803661
Muon update,525,550502400,block06.down,0.045338839292526245,0.04494856670498848,0.04422755166888237,0.04345590993762016,0.043158698827028275,22.60328078999675,0.2260328078999675,0.0035150676727294925,0.0020938301580658014,477.59365588838443
Muon update,525,550502400,block08.q,0.04846739023923874,0.04614747315645218,0.0451383963227272,0.044213734567165375,0.040689047425985336,22.21188224298971,0.2221188224298971,0.0024194150924682616,0.002663081136037096,375.5048941122725
Muon update,525,550502400,block08.k,0.04865178093314171,0.04621456190943718,0.04520738124847412,0.04424930363893509,0.03974417597055435,22.179010511228253,0.22179010511228253,0.0024939754486083985,0.0026712843342204806,374.35176300384904
Muon update,525,550502400,block08.v,0.05086630955338478,0.04711834713816643,0.045885127037763596,0.04482042416930199,0.02787598967552185,21.83558044930696,0.2183558044930696,0.002582317352294922,0.0027556490458328226,362.89091367140196
Muon update,525,550502400,block08.o,0.0508902445435524,0.047170791774988174,0.04596513509750366,0.044867079704999924,0.027225809171795845,21.798108554124152,0.21798108554124151,0.0023952814102172855,0.002766708275013921,361.4403473727162
Muon update,525,550502400,block08.up,0.04532218351960182,0.044942695647478104,0.04422746226191521,0.04345889389514923,0.04315533488988876,45.24921046380862,0.45249210463808626,0.006387098693847656,0.002094862610946324,477.35827389093754
Muon update,525,550502400,block08.down,0.04538457468152046,0.044978827238082886,0.044192831963300705,0.0434015616774559,0.043107252568006516,22.67689694472922,0.2267689694472922,0.003657515335083008,0.002242589164378264,445.91315069393914
Muon update,550,576716800,block02.q,0.052081067115068436,0.04831749200820923,0.046918708831071854,0.04580798000097275,0.019920798018574715,21.263732375601126,0.21263732375601127,0.002598495674133301,0.0029058866808198136,344.1290421269553
Muon update,550,576716800,block02.k,0.0525769367814064,0.048593319952487946,0.047160059213638306,0.044745441526174545,0.0188894160091877,21.165027807375775,0.21165027807375775,0.0025733135223388673,0.0029341456761216578,340.81470737396927
Muon update,550,576716800,block02.v,0.056393470615148544,0.052016038447618484,0.04982592165470123,0.029001131653785706,0.010610880330204964,19.759824134877192,0.19759824134877194,0.0022446744918823243,0.003365398336258929,297.1416456785998
Muon update,550,576716800,block02.o,0.050394631922245026,0.04690402373671532,0.045706719160079956,0.04470429942011833,0.029362017288804054,21.906194963308927,0.21906194963308928,0.0020999237060546874,0.0027436709621402877,364.47519174089234
Muon update,550,576716800,block02.up,0.047603536397218704,0.04458699747920036,0.04371434077620506,0.04282092675566673,0.042444419115781784,46.17595654978845,0.46175956549788455,0.00640117416381836,0.0024679863779519806,405.18862216323663
Muon update,550,576716800,block02.down,0.045313816517591476,0.044965680688619614,0.044221408665180206,0.04346989095211029,0.043147992342710495,22.63719651360553,0.22637196513605531,0.003189866065979004,0.0020924833738462795,477.9010492981165
Muon update,550,576716800,block04.q,0.04918491840362549,0.04638706147670746,0.04531753808259964,0.04438129812479019,0.037764519453048706,22.10746967465485,0.2210746967465485,0.002624311065673828,0.0026877513648449064,372.05822423894625
Muon update,550,576716800,block04.k,0.0498800091445446,0.04675595089793205,0.04565965384244919,0.044624388217926025,0.03241542726755142,21.9576148230582,0.21957614823058202,0.002667944145202637,0.0027252002286488747,366.94551449373296
Muon update,550,576716800,block04.v,0.05321852117776871,0.049105528742074966,0.047371577471494675,0.04133491590619087,0.017620649188756943,21.073653609848108,0.2107365360984811,0.002532113265991211,0.002962908022952071,337.50625812665544
Muon update,550,576716800,block04.o,0.04867226257920265,0.04620406776666641,0.04516242444515228,0.044204723089933395,0.04024393856525421,22.19980597734453,0.22199805977344528,0.0022724178314208984,0.002667321798467681,374.90789471839446
Muon update,550,576716800,block04.up,0.045382626354694366,0.04496338963508606,0.04419471696019173,0.04345795884728432,0.04314975067973137,45.28529389545508,0.45285293895455075,0.006452534484863282,0.002100315845763992,476.11886660610753
Muon update,550,576716800,block04.down,0.04533977806568146,0.044936712831258774,0.0442192405462265,0.04346228390932083,0.04317771643400192,22.59033479449238,0.2259033479449238,0.0033707641601562503,0.0020939235729864336,477.5723492972391
Muon update,550,576716800,block06.q,0.048489443957805634,0.04612797126173973,0.04512854292988777,0.04417959973216057,0.041159410029649734,22.225440680969925,0.22225440680969924,0.002527500152587891,0.0026599427201345893,375.9479452059033
Muon update,550,576716800,block06.k,0.04850466921925545,0.04611241817474365,0.045122094452381134,0.04417429119348526,0.0415344275534153,22.22894131818807,0.2222894131818807,0.0025757883071899413,0.0026599346506606253,375.9490857234551
Muon update,550,576716800,block06.v,0.05219227820634842,0.04814157262444496,0.04659583419561386,0.045425478368997574,0.021329211071133614,21.451632195093442,0.21451632195093442,0.002740444374084473,0.002856718470009137,350.0519951470057
Muon update,550,576716800,block06.o,0.04772627726197243,0.04605354368686676,0.0450439378619194,0.04414500668644905,0.04372306168079376,22.23860029992292,0.2223860029992292,0.0024957088470458984,0.0026574448420935703,376.3013192823926
Muon update,550,576716800,block06.up,0.045322149991989136,0.04494698718190193,0.04423447325825691,0.04346393421292305,0.04314936697483063,45.30175615199207,0.45301756151992073,0.006600851440429688,0.0020934895862776554,477.6713514864229
Muon update,550,576716800,block06.down,0.04532779008150101,0.04494877904653549,0.044235583394765854,0.04345601797103882,0.04315035045146942,22.612143548628186,0.22612143548628186,0.003604582214355469,0.0020929230507445024,477.80065284496544
Muon update,550,576716800,block08.q,0.04805213585495949,0.04611653834581375,0.04510791599750519,0.04418584704399109,0.04161860793828964,22.212803863850272,0.22212803863850272,0.002450249290466309,0.002665118925406995,375.21777751335736
Muon update,550,576716800,block08.k,0.04874200373888016,0.04618239775300026,0.04514644294977188,0.04421120136976242,0.04049193114042282,22.197695555881943,0.22197695555881944,0.002524360466003418,0.002666967030578782,374.95776608193813
Muon update,550,576716800,block08.v,0.05090370029211044,0.04717651754617691,0.04591549560427666,0.044844478368759155,0.028024163097143173,21.822548547129006,0.21822548547129006,0.0026592864990234374,0.002759451582372785,362.3908483801424
Muon update,550,576716800,block08.o,0.05068787559866905,0.04705604910850525,0.04581734538078308,0.04474380239844322,0.028926344588398933,21.87649356872171,0.2187649356872171,0.0024695533752441406,0.002746288291938806,364.1278313479707
Muon update,550,576716800,block08.up,0.04532152786850929,0.04494195431470871,0.044223349541425705,0.043474629521369934,0.04316183924674988,45.226417582098435,0.4522641758209844,0.006520935821533204,0.0020932942558005707,477.7159241845598
Muon update,550,576716800,block08.down,0.04536470025777817,0.0449787937104702,0.04417392238974571,0.043415527790784836,0.043122973293066025,22.659816732486263,0.22659816732486263,0.003762337875366211,0.002284385307080916,437.7545228032666
Muon update,575,602931200,block02.q,0.052151452749967575,0.04825130105018616,0.046853743493556976,0.04577763378620148,0.02068929560482502,21.29163800577183,0.2129163800577183,0.0026596754074096683,0.002902243806475316,344.5609902823666
Muon update,575,602931200,block02.k,0.05233938246965408,0.04834054782986641,0.04691001772880554,0.04579368606209755,0.019690964370965958,21.259821560185323,0.21259821560185324,0.0026300630569458007,0.0029064979984850248,344.05666218288724
Muon update,575,602931200,block02.v,0.05558917671442032,0.051269929856061935,0.0492442362010479,0.03151195868849754,0.011795630678534508,20.051135771262906,0.20051135771262907,0.0022957073211669924,0.003267648189802533,306.0304971388095
Muon update,575,602931200,block02.o,0.0500800646841526,0.04679083079099655,0.04563974216580391,0.04464544728398323,0.03205975890159607,21.943821348999244,0.21943821348999243,0.002145714378356934,0.0027310671329840025,366.1572386568857
Muon update,575,602931200,block02.up,0.04741900414228439,0.04460493475198746,0.04374717175960541,0.04283660650253296,0.04246392846107483,46.12114953284428,0.4612114953284428,0.006549793243408203,0.0024750428784431483,404.0334043137952
Muon update,575,602931200,block02.down,0.04533274099230766,0.04496634751558304,0.04421566054224968,0.04345667362213135,0.04315580055117607,22.623944372851547,0.22623944372851548,0.0032605285644531252,0.0020921749459157923,477.9715013565834
Muon update,575,602931200,block04.q,0.04895962029695511,0.0463733933866024,0.045307062566280365,0.044351156800985336,0.03779979050159454,22.11894740761723,0.22118947407617232,0.002672464179992676,0.0026853663253643273,372.3886720983323
Muon update,575,602931200,block04.k,0.04997515305876732,0.04674193635582924,0.04560218006372452,0.04459981620311737,0.03218202292919159,21.97753777744868,0.21977537777448683,0.0027141361236572266,0.0027227014346231787,367.2822834275987
Muon update,575,602931200,block04.v,0.0527077242732048,0.04854738712310791,0.04692748561501503,0.04445916786789894,0.019462084397673607,21.27687857928068,0.2127687857928068,0.002591770553588867,0.002903526762652056,344.40874210734285
Muon update,575,602931200,block04.o,0.04839010164141655,0.04608430713415146,0.04507046192884445,0.04416768625378609,0.042003292590379715,22.231295030556314,0.22231295030556314,0.0023231500625610353,0.0026593041167589093,376.0382250747515
Muon update,575,602931200,block04.up,0.04538125544786453,0.0449773371219635,0.04420187696814537,0.04344920068979263,0.043136924505233765,45.2992596598962,0.452992596598962,0.006581173706054688,0.002099349300231701,476.33807289222045
Muon update,575,602931200,block04.down,0.04535668343305588,0.044935937970876694,0.044190794229507446,0.04347063601016998,0.04317751154303551,22.601115685794934,0.22601115685794934,0.0034462932586669924,0.002093864932719791,477.5857240710682
Muon update,575,602931200,block06.q,0.04845698922872543,0.04614676162600517,0.04517021402716637,0.04419201985001564,0.04120941460132599,22.207784312222216,0.22207784312222217,0.002563431739807129,0.002665227778126514,375.20245294116535
Muon update,575,602931200,block06.k,0.04876421019434929,0.0461084246635437,0.045096784830093384,0.04415193945169449,0.04117840901017189,22.23845070865583,0.2223845070865583,0.00260899772644043,0.0026570392685721367,376.3587583473649
Muon update,575,602931200,block06.v,0.051962319761514664,0.04793505743145943,0.04646832123398781,0.04530149698257446,0.022891446948051453,21.536727535134148,0.21536727535134148,0.002813873291015625,0.0028351978918256387,352.7090658762026
Muon update,575,602931200,block06.o,0.047480639070272446,0.04594475403428078,0.04497936740517616,0.04408561438322067,0.043668679893016815,22.264863962643247,0.22264863962643247,0.0025583696365356445,0.002650058352987164,377.3501813168729
Muon update,575,602931200,block06.up,0.045314863324165344,0.04493491351604462,0.04423348978161812,0.04348344728350639,0.04316200315952301,45.28378328277605,0.4528378328277605,0.006731510925292969,0.0020899927438640248,478.4705606925591
Muon update,575,602931200,block06.down,0.045356325805187225,0.04495341330766678,0.044198937714099884,0.043457936495542526,0.043168310075998306,22.601235145760167,0.22601235145760168,0.0036907768249511723,0.0020928221595590962,477.8236867535244
Muon update,575,602931200,block08.q,0.048022616654634476,0.046027518808841705,0.04505309462547302,0.044117894023656845,0.04326832666993141,22.26388997164784,0.22263889971647838,0.002479473876953125,0.002651696732528741,377.1170314209984
Muon update,575,602931200,block08.k,0.048440415412187576,0.046129778027534485,0.04514096677303314,0.044162631034851074,0.0409964881837368,22.230182108457647,0.22230182108457647,0.002553625679016113,0.0026596706703339024,375.98639980282115
Muon update,575,602931200,block08.v,0.050594594329595566,0.04701704904437065,0.045800257474184036,0.044748689979314804,0.029149862006306648,21.878808302794802,0.21878808302794803,0.0027348953247070314,0.0027462469046089094,364.13331893856395
Muon update,575,602931200,block08.o,0.049931272864341736,0.046678293496370316,0.045575663447380066,0.04453113302588463,0.03239276632666588,22.001388832084945,0.22001388832084945,0.0025419116973876953,0.0027149432789880384,368.3318203143963
Muon update,575,602931200,block08.up,0.04532446712255478,0.04494795203208923,0.04424341768026352,0.04344402998685837,0.04315250366926193,45.227431135430244,0.45227431135430246,0.006649803161621094,0.0020946815382261313,477.39953866535916
Muon update,575,602931200,block08.down,0.04538460820913315,0.044992897659540176,0.04419148713350296,0.04344407841563225,0.04314200207591057,22.643168753555624,0.22643168753555626,0.003862515640258789,0.002099743266148979,476.2486996012821
Muon update,600,629145600,block02.q,0.05293380469083786,0.04899687319993973,0.04745329171419144,0.04258020594716072,0.016872484236955643,20.97457073308355,0.2097457073308355,0.0027200515747070313,0.00298542566189669,334.9606097258116
Muon update,600,629145600,block02.k,0.05303004011511803,0.04895208403468132,0.04740234464406967,0.04259483143687248,0.017339615151286125,20.987572620921476,0.20987572620921477,0.002686543655395508,0.002985545755432431,334.947135940028
Muon update,600,629145600,block02.v,0.05742104724049568,0.05286397412419319,0.05053399130702019,0.026373494416475296,0.009669136255979538,19.423554029704537,0.19423554029704537,0.0023453941345214844,0.0034809195987456493,287.28040726949007
Muon update,600,629145600,block02.o,0.05052297189831734,0.04700230062007904,0.0457889661192894,0.04474979639053345,0.029260095208883286,21.870989670300517,0.21870989670300517,0.0021897008895874026,0.0027487396807011066,363.80309384005955
Muon update,600,629145600,block02.up,0.04822595790028572,0.04452577978372574,0.043645430356264114,0.04271240904927254,0.04230443388223648,46.25444620174831,0.4625444620174831,0.006694705963134766,0.0024574443379430377,406.9268160258853
Muon update,600,629145600,block02.down,0.04532228410243988,0.04494977369904518,0.04421980679035187,0.04348347336053848,0.04315176606178284,22.635694657878123,0.22635694657878122,0.0033295383453369144,0.002092927140978987,477.7997190729919
Muon update,600,629145600,block04.q,0.04937511682510376,0.04640438035130501,0.045335572212934494,0.04437544569373131,0.03677687421441078,22.10079294193336,0.22100792941933362,0.0027216968536376953,0.002690707099526915,371.6495192567864
Muon update,600,629145600,block04.k,0.05002164840698242,0.04678797721862793,0.04566379263997078,0.044620729982852936,0.03182228282094002,21.959560368638268,0.21959560368638267,0.002761060905456543,0.002724312337230528,367.06510715895985
Muon update,600,629145600,block04.v,0.053844328969717026,0.04962261766195297,0.047645535320043564,0.03871598467230797,0.015974832698702812,20.876731761930515,0.20876731761930514,0.002650897789001465,0.0030185432042004884,331.2856342782964
Muon update,600,629145600,block04.o,0.048763737082481384,0.04622811824083328,0.045174431055784225,0.044242218136787415,0.040335990488529205,22.18969786261589,0.2218969786261589,0.002373520851135254,0.0026706697830045645,374.43790556351644
Muon update,600,629145600,block04.up,0.045380402356386185,0.04496469348669052,0.04418472945690155,0.043444160372018814,0.04315345361828804,45.29828412944111,0.4529828412944111,0.006707545471191407,0.0020980396463924494,476.6354161702742
Muon update,600,629145600,block04.down,0.04535188153386116,0.04495544731616974,0.044195935130119324,0.0434546023607254,0.04317456856369972,22.58853379229754,0.2258853379229754,0.003519767761230469,0.002092188577609344,477.9683871243853
Muon update,600,629145600,block06.q,0.04856986552476883,0.04613235965371132,0.04511452093720436,0.044191159307956696,0.04048421233892441,22.229750569859203,0.22229750569859202,0.0026002172470092773,0.002659213442832764,376.0510472355074
Muon update,600,629145600,block06.k,0.04850074276328087,0.04621712863445282,0.045218199491500854,0.04426167905330658,0.039787933230400085,22.163530527749053,0.22163530527749054,0.0026438385009765627,0.002672793287958941,374.14041875406036
Muon update,600,629145600,block06.v,0.05295490846037865,0.048743922263383865,0.047105319797992706,0.04305392503738403,0.018009411171078682,21.2164113572559,0.21216411357255902,0.0028848600387573245,0.002919715657218172,342.4991051877886
Muon update,600,629145600,block06.o,0.047801751643419266,0.04598543792963028,0.04499155282974243,0.04408382996916771,0.0436689555644989,22.26965574080558,0.2226965574080558,0.002619647789001465,0.0026500798316253654,377.3471229305092
Muon update,600,629145600,block06.up,0.045326899737119675,0.044954169541597366,0.044235073029994965,0.04346708953380585,0.04314824566245079,45.295973182056585,0.45295973182056587,0.006858820343017579,0.0020930263303888808,477.7770759406556
Muon update,600,629145600,block06.down,0.045329708606004715,0.044939856976270676,0.04421054571866989,0.043464161455631256,0.04316830635070801,22.603245764606598,0.22603245764606597,0.0037752197265625,0.002097538010809377,476.7494056587465
Muon update,600,629145600,block08.q,0.04836998134851456,0.04608800262212753,0.0450807586312294,0.04413481801748276,0.04194864630699158,22.25072712950184,0.2225072712950184,0.0025077316284179687,0.002654730470595959,376.68607456617264
Muon update,600,629145600,block08.k,0.04854660481214523,0.04617874696850777,0.045187946408987045,0.04422125965356827,0.04024537280201912,22.197986428854524,0.22197986428854524,0.0025815038681030276,0.0026671040097439036,374.9385087145591
Muon update,600,629145600,block08.v,0.05078207701444626,0.047139182686805725,0.04587675631046295,0.04479162395000458,0.02807173877954483,21.840975528520268,0.21840975528520268,0.0028091386795043947,0.0027563953396465696,362.79266098607684
Muon update,600,629145600,block08.o,0.050419438630342484,0.046817634254693985,0.04567168653011322,0.044604379683732986,0.030825434252619743,21.957006111611353,0.21957006111611355,0.0026122009277343753,0.0027267986421324886,366.73041586156563
Muon update,600,629145600,block08.up,0.045327600091695786,0.044954560697078705,0.0442233644425869,0.043449390679597855,0.04315496236085892,45.21587182237767,0.45215871822377673,0.006773805236816407,0.002094331009137154,477.47944123311777
Muon update,600,629145600,block08.down,0.04538648575544357,0.04496080428361893,0.04420487955212593,0.04345467686653137,0.043141674250364304,22.644803385673164,0.22644803385673165,0.003959309005737305,0.0021029438156840025,475.5238787369792
Muon update,625,655360000,block02.q,0.05305605009198189,0.04890549182891846,0.047431621700525284,0.04282761365175247,0.017282987013459206,20.99495321649787,0.2099495321649787,0.0027778642654418947,0.002980625121414296,335.5000911773513
Muon update,625,655360000,block02.k,0.052774589508771896,0.04886651039123535,0.04727323725819588,0.04302756115794182,0.017921138554811478,21.051045866112226,0.21051045866112225,0.0027391590118408205,0.002966848482868892,337.0579946276923
Muon update,625,655360000,block02.v,0.0555189773440361,0.051112573593854904,0.049107152968645096,0.03224167972803116,0.012014681473374367,20.11068270851044,0.20110682708510438,0.002392906188964844,0.0032495623081416763,307.7337515561808
Muon update,625,655360000,block02.o,0.05010009929537773,0.04667983204126358,0.045588418841362,0.04454856738448143,0.03325019031763077,22.007050439057565,0.22007050439057566,0.002231502151489258,0.0027154083785324717,368.2687318437328
Muon update,625,655360000,block02.up,0.0476120188832283,0.04455822706222534,0.04370996356010437,0.04280240461230278,0.04242316633462906,46.164089596673136,0.46164089596673136,0.006837722778320313,0.002468987327554295,405.02435506243364
Muon update,625,655360000,block02.down,0.04531922563910484,0.04495859891176224,0.04422533139586449,0.043475329875946045,0.04314752295613289,22.63749468046358,0.2263749468046358,0.0033970893859863282,0.0020945004733319283,477.44080879065234
Muon update,625,655360000,block04.q,0.04931139573454857,0.04634511098265648,0.045305896550416946,0.044333431869745255,0.037461452186107635,22.143498503965724,0.22143498503965725,0.0027688148498535158,0.002681092047986111,372.98234529140655
Muon update,625,655360000,block04.k,0.050031185150146484,0.04666442796587944,0.045558080077171326,0.04453473910689354,0.032950259745121,22.012987401229385,0.22012987401229386,0.002805596923828125,0.002711336034638079,368.8218602285808
Muon update,625,655360000,block04.v,0.05325695127248764,0.04907624423503876,0.0473376139998436,0.041343335062265396,0.01772451028227806,21.058603544776968,0.2105860354477697,0.0027101070404052735,0.002963420665985872,337.4478728173813
Muon update,625,655360000,block04.o,0.04818800836801529,0.04610797017812729,0.04505566507577896,0.044153060764074326,0.04244808480143547,22.219048206088814,0.22219048206088815,0.0024240615844726564,0.002661399652867394,375.74213963791544
Muon update,625,655360000,block04.up,0.0453648678958416,0.04496559873223305,0.044193949550390244,0.043454911559820175,0.043151937425136566,45.30389315091945,0.4530389315091945,0.006831341552734375,0.0020987106350756207,476.48302881162465
Muon update,625,655360000,block04.down,0.04535968229174614,0.04493148997426033,0.04417795315384865,0.043471649289131165,0.043185994029045105,22.598158129338877,0.22598158129338877,0.003591899871826172,0.002097211126838708,476.8237146955152
Muon update,625,655360000,block06.q,0.04868730157613754,0.04612761363387108,0.045098867267370224,0.044186610728502274,0.0412711426615715,22.215558322971145,0.22215558322971146,0.0026350166320800784,0.0026634006548000855,375.4598461173165
Muon update,625,655360000,block06.k,0.04836786538362503,0.04613403230905533,0.045103173702955246,0.04416607692837715,0.04117908701300621,22.211236271682267,0.22211236271682266,0.0026768882751464847,0.002666206013780814,375.06479050429783
Muon update,625,655360000,block06.v,0.05187895894050598,0.047874413430690765,0.04645106568932533,0.045274313539266586,0.02313441038131714,21.559407548795274,0.21559407548795276,0.0029562189102172853,0.002828542495354594,353.5389698554404
Muon update,625,655360000,block06.o,0.047585103660821915,0.045946333557367325,0.044981539249420166,0.04407708719372749,0.04366658627986908,22.27156252477978,0.2227156252477978,0.0026805789947509768,0.0026474842318435776,377.71707493934696
Muon update,625,655360000,block06.up,0.04530910402536392,0.04494323581457138,0.0442265048623085,0.04347565397620201,0.043165549635887146,45.274277258327686,0.4527427725832769,0.006983773803710938,0.0020917598821112993,478.06634430270213
Muon update,625,655360000,block06.down,0.04533485695719719,0.04494073614478111,0.044214870780706406,0.04347396641969681,0.04318167269229889,22.598836027183403,0.22598836027183403,0.0038579246520996095,0.002092502118817896,477.8967681834051
Muon update,625,655360000,block08.q,0.047967035323381424,0.04605920612812042,0.04506155103445053,0.04413740709424019,0.04322722181677818,22.257944784393068,0.2225794478439307,0.0025361499786376953,0.002652627968931523,376.9846400295626
Muon update,625,655360000,block08.k,0.04863765835762024,0.04606698080897331,0.04505020007491112,0.04412316530942917,0.042041048407554626,22.241861960029354,0.22241861960029355,0.0026085445404052734,0.0026560208624473725,376.5030667261238
Muon update,625,655360000,block08.v,0.05077056214213371,0.04704156145453453,0.04585549607872963,0.04474201425909996,0.028778808191418648,21.88881185428087,0.2188881185428087,0.0028823032379150394,0.0027454676316035626,364.2366744698876
Muon update,625,655360000,block08.o,0.05030892789363861,0.04677874594926834,0.04562482610344887,0.044599782675504684,0.03149794042110443,21.963732637163304,0.21963732637163305,0.002681805229187012,0.0027239549657973733,367.1132645569541
Muon update,625,655360000,block08.up,0.04533187299966812,0.04497094452381134,0.04422101005911827,0.043448690325021744,0.0431387685239315,45.24544835076633,0.4524544835076633,0.006895761108398438,0.0020922437864223653,477.9557747952265
Muon update,625,655360000,block08.down,0.045388806611299515,0.04499337449669838,0.04419242963194847,0.04342631995677948,0.04311475157737732,22.6578522943085,0.226578522943085,0.0040542625427246095,0.00224229844223435,445.9709649548455
Muon update,650,681574400,block02.q,0.053201138973236084,0.049033209681510925,0.047451868653297424,0.04235931858420372,0.016985226422548294,20.957998045564196,0.20957998045564197,0.0028350568771362307,0.0029912592967468316,334.307360477762
Muon update,650,681574400,block02.k,0.05339191481471062,0.0492921844124794,0.04767491668462753,0.04071606323122978,0.016163785010576248,20.87634196978663,0.2087634196978663,0.0027913949966430667,0.003015005868449175,331.67431296389776
Muon update,650,681574400,block02.v,0.056499190628528595,0.051946140825748444,0.04976483806967735,0.029352817684412003,0.010612553916871548,19.768068347917495,0.19768068347917495,0.002440112686157227,0.003362975295507012,297.35573774092717
Muon update,650,681574400,block02.o,0.05032607167959213,0.046835027635097504,0.0456673838198185,0.04462413862347603,0.031126530840992928,21.957539368031444,0.21957539368031445,0.0022740047454833986,0.002727813794298553,366.59393763977437
Muon update,650,681574400,block02.up,0.0477658174932003,0.04457217827439308,0.04370659217238426,0.04278169199824333,0.042411912232637405,46.164985129101325,0.46164985129101327,0.006980250549316407,0.0024663902389172737,405.4508423772356
Muon update,650,681574400,block02.down,0.045324306935071945,0.04494791477918625,0.04423534497618675,0.043467190116643906,0.04315638914704323,22.6079491251097,0.226079491251097,0.0034640186309814456,0.002092886579663722,477.80897909942
Muon update,650,681574400,block04.q,0.04888922721147537,0.04620017111301422,0.04516143724322319,0.04421233385801315,0.039823103696107864,22.18282253598511,0.2218282253598511,0.0028128488540649413,0.002668258853133834,374.77623238296894
Muon update,650,681574400,block04.k,0.04957122728228569,0.046477604657411575,0.04541546106338501,0.04442312568426132,0.035358477383852005,22.06252393834943,0.2206252393834943,0.0028477542877197266,0.0026982958888306513,370.6042781073078
Muon update,650,681574400,block04.v,0.05299915373325348,0.048786137253046036,0.0471310056746006,0.04303252696990967,0.01873142644762993,21.198038203127965,0.21198038203127964,0.002767459487915039,0.0029272077815698655,341.62248621233806
Muon update,650,681574400,block04.o,0.04838159307837486,0.04612187296152115,0.04508977383375168,0.04418540373444557,0.04155850410461426,22.211303480642837,0.22211303480642838,0.002472477722167969,0.002663995910534789,375.3759516091949
Muon update,650,681574400,block04.up,0.04537855461239815,0.0449741929769516,0.044194545596838,0.04346146434545517,0.04314387962222099,45.26426217885612,0.45264262178856124,0.0069521263122558595,0.0021002222883631655,476.1400760008897
Muon update,650,681574400,block04.down,0.04534634202718735,0.04492366686463356,0.04419698938727379,0.04346771165728569,0.04317936673760414,22.602608516826198,0.22602608516826198,0.0036627838134765628,0.002093544812253448,477.6587509123442
Muon update,650,681574400,block06.q,0.04847796633839607,0.04613412544131279,0.045130904763936996,0.044157929718494415,0.041990213096141815,22.228446804164363,0.22228446804164365,0.002670415496826172,0.002659799776979277,375.9681494280354
Muon update,650,681574400,block06.k,0.048585373908281326,0.04616390913724899,0.045181456953287125,0.04421296343207359,0.041209857910871506,22.222603793173672,0.22222603793173673,0.0027095855712890625,0.002664490854019111,375.30622351043263
Muon update,650,681574400,block06.v,0.05220011621713638,0.048157647252082825,0.04666849225759506,0.0454205684363842,0.021667635068297386,21.450183276126282,0.21450183276126283,0.00302590446472168,0.002858574479865497,349.8247140466504
Muon update,650,681574400,block06.o,0.04756172001361847,0.04596607759594917,0.04499974846839905,0.044093385338783264,0.04366789013147354,22.273107347356618,0.2227310734735662,0.0027406436920166016,0.0026486121971114884,377.5562164557633
Muon update,650,681574400,block06.up,0.04531988501548767,0.044942889362573624,0.044213902205228806,0.043483052402734756,0.043157558888196945,45.29083621456601,0.45290836214566016,0.007107192230224609,0.0020937953837005807,477.6015879033016
Muon update,650,681574400,block06.down,0.04534691572189331,0.044955939054489136,0.044210270047187805,0.04344777390360832,0.04317047446966171,22.59703335184837,0.22597033351848372,0.003938351058959961,0.002094730982919124,477.38826997557675
Muon update,650,681574400,block08.q,0.0481836199760437,0.04606064409017563,0.04508839547634125,0.04412900656461716,0.0430213138461113,22.25733063767708,0.22257330637677078,0.002562747383117676,0.0026505462463775192,377.2807214236281
Muon update,650,681574400,block08.k,0.048322658985853195,0.04610951989889145,0.04512196406722069,0.0441555492579937,0.04185127466917038,22.22828443463061,0.2222828443463061,0.0026336791992187503,0.0026593970975596903,376.02507760785994
Muon update,650,681574400,block08.v,0.05059906840324402,0.04696734622120857,0.0457908920943737,0.044692330062389374,0.029718641191720963,21.910027697736595,0.21910027697736595,0.002954270935058594,0.0027382521223678347,365.1964666917797
Muon update,650,681574400,block08.o,0.05026131868362427,0.04682518169283867,0.04570847004652023,0.04462563619017601,0.030746538192033768,21.951653445367576,0.21951653445367578,0.002749294090270996,0.002726743395883524,366.73784614631046
Muon update,650,681574400,block08.up,0.045324768871068954,0.04495188221335411,0.04423746466636658,0.043444957584142685,0.04315472021698952,45.20224535426067,0.4520224535426067,0.0070126953125,0.0020957561540036473,477.1547482228029
Muon update,650,681574400,block08.down,0.04536554589867592,0.04496769979596138,0.04420250281691551,0.04344310238957405,0.043135713785886765,22.659027444642113,0.22659027444642113,0.004146058654785157,0.0022140561470958137,451.65972927637995
Muon update,675,707788800,block02.q,0.0524892657995224,0.048542700707912445,0.04712813347578049,0.04534583538770676,0.018860086798667908,21.151450258425083,0.21151450258425084,0.0028908603668212894,0.0029361594882679892,340.5809541326687
Muon update,675,707788800,block02.k,0.05251028761267662,0.04855690151453018,0.04711286351084709,0.045393407344818115,0.01902012899518013,21.18756226958722,0.21187562269587223,0.002842137908935547,0.0029293248622777046,341.3755889206659
Muon update,675,707788800,block02.v,0.056429289281368256,0.05192827805876732,0.04974154755473137,0.029104523360729218,0.010979950428009033,19.795306042244622,0.19795306042244623,0.002484843635559082,0.0033520817634011824,298.3220788103188
Muon update,675,707788800,block02.o,0.05016704648733139,0.046832021325826645,0.04568292945623398,0.04465455561876297,0.030563922598958015,21.948608295586464,0.21948608295586464,0.0023143394470214844,0.002730512316812872,366.2316385985862
Muon update,675,707788800,block02.up,0.04810759052634239,0.04454744607210159,0.04366970434784889,0.042717911303043365,0.04234768822789192,46.25393771461593,0.4625393771461593,0.007121109008789063,0.0024598349491111865,406.5313407963939
Muon update,675,707788800,block02.down,0.04531707614660263,0.044957228004932404,0.04423430934548378,0.04346760734915733,0.04315170645713806,22.64218257467118,0.2264218257467118,0.00352926139831543,0.0020940510843071025,477.54326887917756
Muon update,675,707788800,block04.q,0.049476683139801025,0.04654843732714653,0.045485176146030426,0.0444636307656765,0.035001371055841446,22.07229015823774,0.22072290158237742,0.0028580564498901367,0.0027006169676696695,370.28575765147775
Muon update,675,707788800,block04.k,0.04986580088734627,0.046683233231306076,0.04557160288095474,0.04457109421491623,0.033382125198841095,21.995136670415427,0.21995136670415427,0.0028913616180419924,0.0027158110052107887,368.2141349605381
Muon update,675,707788800,block04.v,0.053543463349342346,0.04931212589144707,0.047589048743247986,0.04012339189648628,0.01691834256052971,20.981692004857337,0.20981692004857336,0.002824165534973145,0.002986421493517355,334.84891605913856
Muon update,675,707788800,block04.o,0.048710983246564865,0.046130213886499405,0.04511101916432381,0.04417821019887924,0.04119205102324486,22.230871549378378,0.22230871549378378,0.002520191192626953,0.002659680660617225,375.9849875240032
Muon update,675,707788800,block04.up,0.04537634551525116,0.04496476426720619,0.04420182481408119,0.04345695674419403,0.043153081089258194,45.28004001283148,0.4528004001283148,0.0070692909240722655,0.0020937166310586314,477.61955231466874
Muon update,675,707788800,block04.down,0.04535413533449173,0.044938355684280396,0.04420315846800804,0.04347477853298187,0.04317726194858551,22.601112347265293,0.22601112347265293,0.0037319725036621095,0.0020943756760965493,477.46925798134635
Muon update,675,707788800,block06.q,0.04881672561168671,0.04618661850690842,0.04515852779150009,0.04420279338955879,0.04013097658753395,22.20635248375017,0.2220635248375017,0.0027042257308959963,0.0026658216992492406,375.1188612057678
Muon update,675,707788800,block06.k,0.048700738698244095,0.046192415058612823,0.04516128450632095,0.04421290010213852,0.04019925370812416,22.21563849487587,0.2221563849487587,0.0027413814544677735,0.0026643770167925768,375.3222587109002
Muon update,675,707788800,block06.v,0.05220022425055504,0.04817117005586624,0.04664098098874092,0.04539031162858009,0.02083292230963707,21.44564331426659,0.2144564331426659,0.003094263458251953,0.002857895333377769,349.90784593153455
Muon update,675,707788800,block06.o,0.04780953377485275,0.04600989446043968,0.045051101595163345,0.04411160200834274,0.043589115142822266,22.25322956865523,0.2225322956865523,0.002799091911315918,0.0026525493044054493,376.9958199605052
Muon update,675,707788800,block06.up,0.04533205181360245,0.0449594184756279,0.04422590881586075,0.043458689004182816,0.04314251244068146,45.287381874226206,0.45287381874226207,0.0072266166687011725,0.002095252063160302,477.26954555132806
Muon update,675,707788800,block06.down,0.045360010117292404,0.04495624452829361,0.04420951381325722,0.04344554245471954,0.0431654267013073,22.59593232711144,0.22595932327111443,0.004016315460205078,0.002093327321575647,477.70837828042113
Muon update,675,707788800,block08.q,0.04813014343380928,0.046083975583314896,0.04508752003312111,0.0441339872777462,0.04314226284623146,22.254147955016087,0.22254147955016088,0.0025880455017089844,0.00265514162658409,376.62774369084275
Muon update,675,707788800,block08.k,0.048451587557792664,0.046066898852586746,0.04506847634911537,0.044146325439214706,0.04193650931119919,22.248602056120497,0.22248602056120498,0.0026573251724243165,0.0026565073843089065,376.4341126648707
Muon update,675,707788800,block08.v,0.05085049197077751,0.047103334218263626,0.04584799334406853,0.04477584362030029,0.028376154601573944,21.85815047032062,0.2185815047032062,0.003024773979187012,0.002752198555860952,363.345877742159
Muon update,675,707788800,block08.o,0.050559546798467636,0.046967748552560806,0.04578379541635513,0.044723913073539734,0.02880357950925827,21.884458664797574,0.21884458664797574,0.0028157276153564456,0.0027468372892320986,364.0550548516685
Muon update,675,707788800,block08.up,0.04531310498714447,0.04495213180780411,0.04424507915973663,0.04346428066492081,0.043144673109054565,45.26053300880334,0.45260533008803344,0.0071278411865234375,0.0020906048720528703,478.3304647224177
Muon update,675,707788800,block08.down,0.04538004472851753,0.044989462941884995,0.044190194457769394,0.04344237595796585,0.04313252493739128,22.652668799324463,0.22652668799324463,0.004236103820800781,0.0022338404835901132,447.65953851496664
Muon update,700,734003200,block02.q,0.053251978009939194,0.049212343990802765,0.047624532133340836,0.04120553284883499,0.016137631610035896,20.87327211298822,0.20873272112988223,0.002945600700378418,0.003014403696776649,331.740569807991
Muon update,700,734003200,block02.k,0.05373239889740944,0.04958979785442352,0.04788334667682648,0.039148639887571335,0.015124290250241756,20.750807061715204,0.20750807061715204,0.002892659378051758,0.0030516709660012437,327.6893253371774
Muon update,700,734003200,block02.v,0.055152904242277145,0.05090712383389473,0.04896765947341919,0.032856374979019165,0.012241566553711891,20.192248814705998,0.20192248814706,0.0025280788421630862,0.0032219646710738292,310.3696353277257
Muon update,700,734003200,block02.o,0.05008891597390175,0.04671085253357887,0.04559238627552986,0.044558994472026825,0.032300736755132675,21.995482074042563,0.21995482074042563,0.0023523080825805665,0.0027184783353464415,367.85284877856515
Muon update,700,734003200,block02.up,0.047915004193782806,0.044546425342559814,0.04367508366703987,0.04277445375919342,0.042371924966573715,46.21378918351488,0.46213789183514886,0.007256061553955078,0.002462036328637965,406.16784909636766
Muon update,700,734003200,block02.down,0.045317988842725754,0.04495050758123398,0.044236380606889725,0.04345674067735672,0.043145447969436646,22.623265596764256,0.22623265596764255,0.0035917156219482426,0.002092487122833886,477.9001930705721
Muon update,700,734003200,block04.q,0.049042828381061554,0.04626401141285896,0.04521677643060684,0.044274091720581055,0.04015888273715973,22.16536502971299,0.2216536502971299,0.0029018665313720704,0.002673906212058444,373.98469530843175
Muon update,700,734003200,block04.k,0.04944874346256256,0.04651210457086563,0.04543972387909889,0.04443734511733055,0.03515541926026344,22.06674924498756,0.2206674924498756,0.0029322811126708988,0.002701679902624099,370.1400743399378
Muon update,700,734003200,block04.v,0.05264391750097275,0.04851940646767616,0.04697262868285179,0.04449796676635742,0.019827555865049362,21.2887580746834,0.212887580746834,0.002879066276550293,0.002901734877383891,344.62142209958455
Muon update,700,734003200,block04.o,0.04837898537516594,0.046129316091537476,0.045116689056158066,0.044168226420879364,0.04200068116188049,22.22278366803799,0.2222278366803799,0.002567036819458008,0.0026592991219685086,376.0389313631496
Muon update,700,734003200,block04.up,0.045384593307971954,0.04496283829212189,0.04419023171067238,0.04345052316784859,0.0431479886174202,45.27179831426913,0.4527179831426913,0.007183364868164063,0.0020992677122573383,476.3565857566123
Muon update,700,734003200,block04.down,0.045365702360868454,0.04492780193686485,0.04419517517089844,0.04346560686826706,0.04318483546376228,22.60924964366328,0.2260924964366328,0.003799300003051758,0.002094138367021492,477.5233650975543
Muon update,700,734003200,block06.q,0.04857981204986572,0.0461733341217041,0.0451626256108284,0.04421159252524376,0.041357431560754776,22.199696755782533,0.22199696755782533,0.0027378561019897464,0.0026654289499564165,375.1741347359311
Muon update,700,734003200,block06.k,0.04832405596971512,0.046097300946712494,0.04508712515234947,0.04415304586291313,0.04172993078827858,22.230630254125046,0.22230630254125047,0.002772774696350098,0.0026579176662061693,376.2343780299897
Muon update,700,734003200,block06.v,0.05174299702048302,0.04778582230210304,0.04638971760869026,0.04520513117313385,0.022773269563913345,21.60334774918348,0.21603347749183482,0.003160069847106934,0.0028192180617312435,354.7082836812962
Muon update,700,734003200,block06.o,0.04761834442615509,0.045955028384923935,0.04498303309082985,0.044062789529561996,0.043629102408885956,22.293358207676032,0.22293358207676034,0.0028543531417846682,0.0026446764812320667,378.1180825316423
Muon update,700,734003200,block06.up,0.04531027376651764,0.044944457709789276,0.044233404099941254,0.043465547263622284,0.04314795508980751,45.284539309059966,0.4528453930905997,0.007343328094482422,0.0020933934539092564,477.693287008505
Muon update,700,734003200,block06.down,0.045340050011873245,0.044950321316719055,0.04421360790729523,0.04345898702740669,0.04317508637905121,22.602363191888276,0.22602363191888278,0.00409281234741211,0.0020925975490660442,477.874974309472
Muon update,700,734003200,block08.q,0.048486948013305664,0.046150512993335724,0.04516460746526718,0.04420345649123192,0.04103103652596474,22.21925130177127,0.2221925130177127,0.0026138910293579103,0.0026624763714109267,375.590187668058
Muon update,700,734003200,block08.k,0.04887978732585907,0.0461762361228466,0.04516719654202461,0.0442044734954834,0.04053216055035591,22.211286152808377,0.22211286152808377,0.002682341957092285,0.0026643316364140107,375.32865140839766
Muon update,700,734003200,block08.v,0.05066317692399025,0.04699070006608963,0.04578714072704315,0.04472612962126732,0.02915043756365776,21.899631426681708,0.2189963142668171,0.0030930585861206057,0.0027419369124271342,364.7056923402407
Muon update,700,734003200,block08.o,0.05044926330447197,0.0468907468020916,0.0457112118601799,0.044658925384283066,0.029986636713147163,21.948609897949773,0.21948609897949772,0.0028792978286743165,0.0027302577042603304,366.2657918479954
Muon update,700,734003200,block08.up,0.0453224740922451,0.04495741054415703,0.04422708973288536,0.04347130283713341,0.043143130838871,45.252076284624586,0.45252076284624587,0.007239117431640625,0.00209295849957615,477.79256024546703
Muon update,700,734003200,block08.down,0.045373741537332535,0.04498227685689926,0.04418221488595009,0.04342689365148544,0.04312051460146904,22.64686536556216,0.2264686536556216,0.004323370742797852,0.0023727468235612698,421.45246600692695
Muon update,725,760217600,block02.q,0.0532214418053627,0.04915329068899155,0.047610100358724594,0.041626937687397,0.016494177281856537,20.91138697054025,0.2091138697054025,0.00300261287689209,0.0030044426507114808,332.8404354009521
Muon update,725,760217600,block02.k,0.05279044434428215,0.048804525285959244,0.04730280861258507,0.043775271624326706,0.01800779439508915,21.066405995589648,0.2106640599558965,0.0029451160430908206,0.002961170476823219,337.7042989678908
Muon update,725,760217600,block02.v,0.057109713554382324,0.052501436322927475,0.050197869539260864,0.02737034484744072,0.009822461754083633,19.57589954600012,0.1957589954600012,0.002572905731201172,0.0034298280349759486,291.5598070230983
Muon update,725,760217600,block02.o,0.050169579684734344,0.046770673245191574,0.04567833989858627,0.04461964592337608,0.031207652762532234,21.964335603131588,0.21964335603131588,0.0023914030075073245,0.0027257661744792827,366.8693262697176
Muon update,725,760217600,block02.up,0.04835297167301178,0.04455800727009773,0.043629180639982224,0.04268690198659897,0.04229820519685745,46.27834103284758,0.4627834103284758,0.0073914848327636725,0.002454215479172475,407.4621843462519
Muon update,725,760217600,block02.down,0.045322734862565994,0.04495912417769432,0.04422544687986374,0.043455835431814194,0.043150242418050766,22.625650252982794,0.22625650252982796,0.0036550457000732424,0.0020965257086236755,476.97960291480456
Muon update,725,760217600,block04.q,0.048955995589494705,0.04630429297685623,0.04524894058704376,0.044290099292993546,0.038240328431129456,22.16209906359853,0.22162099063598528,0.0029466474533081056,0.0026766908849469445,373.5956234706651
Muon update,725,760217600,block04.k,0.049529921263456345,0.04652947187423706,0.045412641018629074,0.04443907365202904,0.03533300384879112,22.05834916591335,0.2205834916591335,0.0029740678787231445,0.0027010641880389485,370.2244487296058
Muon update,725,760217600,block04.v,0.05358770117163658,0.04937455430626869,0.04756113886833191,0.03970453888177872,0.016722865402698517,20.965553479488243,0.20965553479488244,0.0029350784301757815,0.002989899656551609,334.45938488562746
Muon update,725,760217600,block04.o,0.04839174076914787,0.046085380017757416,0.045073676854372025,0.04415362328290939,0.042629778385162354,22.239483168814782,0.22239483168814783,0.0026148704528808596,0.0026578032012708613,376.2505815034904
Muon update,725,760217600,block04.up,0.04538322985172272,0.04497149586677551,0.04418547824025154,0.04344939440488815,0.043155692517757416,45.27017365284072,0.4527017365284072,0.007299139404296875,0.002097785749866646,476.69310369925483
Muon update,725,760217600,block04.down,0.045345380902290344,0.04490530490875244,0.044208455830812454,0.043477613478899,0.04319395869970322,22.600323556381408,0.22600323556381408,0.003867212295532227,0.002094923311274366,477.34444245201917
Muon update,725,760217600,block06.q,0.048319023102521896,0.04614145681262016,0.04510914161801338,0.04416603595018387,0.042349673807621,22.22657171119285,0.2222657171119285,0.0027729251861572267,0.002658562633836903,376.14310352236294
Muon update,725,760217600,block06.k,0.04847278073430061,0.04605739563703537,0.04508274793624878,0.044125158339738846,0.04271546006202698,22.247901465119703,0.22247901465119704,0.0028057889938354493,0.0026551715719614344,376.62349603316886
Muon update,725,760217600,block06.v,0.05244612321257591,0.04829201102256775,0.04675767570734024,0.045521143823862076,0.020699741318821907,21.38687701650144,0.2138687701650144,0.0032255554199218752,0.0028722182764963217,348.1629541121962
Muon update,725,760217600,block06.o,0.047489263117313385,0.04592584818601608,0.04495009034872055,0.04404021054506302,0.0436326265335083,22.284541134631212,0.2228454113463121,0.0029095050811767578,0.0026435757866594273,378.2755179731983
Muon update,725,760217600,block06.up,0.0453048050403595,0.04494539648294449,0.04421801492571831,0.04347969964146614,0.04315030574798584,45.283589235504685,0.45283589235504684,0.007460106658935547,0.002092188918402252,477.9683092689703
Muon update,725,760217600,block06.down,0.04533534124493599,0.04494699463248253,0.04422249644994736,0.04345044493675232,0.04316793754696846,22.59585566856041,0.2259585566856041,0.004168705368041993,0.0020939627805994926,477.56340717465105
Muon update,725,760217600,block08.q,0.04804671183228493,0.04599224776029587,0.04500233009457588,0.04408671334385872,0.04364156350493431,22.28543820905453,0.2228543820905453,0.0026398603439331055,0.0026483560642703297,377.5927313895831
Muon update,725,760217600,block08.k,0.04863566532731056,0.04616241902112961,0.045141685754060745,0.04419008642435074,0.041115522384643555,22.217061322103614,0.22217061322103615,0.0027080209732055667,0.0026640478255252203,375.3686365607377
Muon update,725,760217600,block08.v,0.050852157175540924,0.047107815742492676,0.04590989649295807,0.044783975929021835,0.028231969103217125,21.84633508397755,0.2184633508397755,0.003164340400695801,0.002754819166883707,363.0002331990506
Muon update,725,760217600,block08.o,0.050223782658576965,0.046757180243730545,0.045604124665260315,0.0445527508854866,0.032489631325006485,21.98631470926637,0.21986314709266372,0.002945706558227539,0.0027181963163181444,367.89101434532205
Muon update,725,760217600,block08.up,0.04532840847969055,0.044960688799619675,0.04422784596681595,0.04345400631427765,0.043142735958099365,45.231412790471964,0.45231412790471964,0.0073498413085937506,0.00209098268537046,478.24403664195324
Muon update,725,760217600,block08.down,0.045387737452983856,0.04498876631259918,0.044168613851070404,0.04345183074474335,0.04312721639871597,22.65322997019341,0.22653229970193411,0.004408966445922852,0.002297166554315888,435.31889236381767
Muon update,750,786432000,block02.q,0.05276675522327423,0.04877559095621109,0.047321878373622894,0.043405722826719284,0.017862612381577492,21.069516292510492,0.21069516292510493,0.003058540725708008,0.0029606778931212663,337.76048462528274
Muon update,750,786432000,block02.k,0.052302759140729904,0.0484679639339447,0.047042135149240494,0.0458773672580719,0.019255924969911575,21.21397588697496,0.21213975886974962,0.0029959075927734375,0.002919248674273636,342.55389368253077
Muon update,750,786432000,block02.v,0.05673503130674362,0.052247725427150726,0.049951035529375076,0.028285913169384003,0.010458117350935936,19.69085019028262,0.19690850190282622,0.0026154527664184572,0.0033875515488591135,295.19845988374345
Muon update,750,786432000,block02.o,0.05025098845362663,0.046822089701890945,0.045688845217227936,0.04464586451649666,0.030626798048615456,21.950968005651585,0.21950968005651586,0.0024284263610839843,0.0027297177624908825,366.33823970412766
Muon update,750,786432000,block02.up,0.04850910231471062,0.044473543763160706,0.043551892042160034,0.042580440640449524,0.042163681238889694,46.484321541726935,0.46484321541726936,0.0075255249023437505,0.0024372422414798423,410.29979826413194
Muon update,750,786432000,block02.down,0.04530695453286171,0.044961463660001755,0.0442437082529068,0.04345925524830818,0.043136440217494965,22.655182440856006,0.22655182440856006,0.003716380310058594,0.0020923760178990225,477.92556951790664
Muon update,750,786432000,block04.q,0.049280598759651184,0.04637116566300392,0.04529061168432236,0.044317662715911865,0.03754521161317825,22.137313888290056,0.22137313888290056,0.0029902040481567384,0.0026836218546671398,372.63074089998196
Muon update,750,786432000,block04.k,0.04962128400802612,0.04659884423017502,0.04548576474189758,0.044476576149463654,0.03432830423116684,22.034471737223793,0.22034471737223793,0.0030145748138427735,0.0027087009062951584,369.1806643088387
Muon update,750,786432000,block04.v,0.054026272147893906,0.04974523186683655,0.047816164791584015,0.03794991970062256,0.016221962869167328,20.81651755498512,0.2081651755498512,0.0029887969970703128,0.0030335495430966614,329.6468331218337
Muon update,750,786432000,block04.o,0.04827040806412697,0.04612351208925247,0.04509956017136574,0.044177256524562836,0.04245525598526001,22.211568655070252,0.22211568655070252,0.0026607147216796876,0.002661575695487875,375.7172872052008
Muon update,750,786432000,block04.up,0.045372143387794495,0.04497465863823891,0.044197287410497665,0.04344804957509041,0.04314322769641876,45.28693620217297,0.45286936202172967,0.007411835479736328,0.0021251143367708725,470.56291640265704
Muon update,750,786432000,block04.down,0.045340944081544876,0.04492536187171936,0.044193778187036514,0.04348280280828476,0.0432044118642807,22.59859317319332,0.22598593173193318,0.003932963562011719,0.0020928705597567238,477.8126364949395
Muon update,750,786432000,block06.q,0.048815611749887466,0.04620683938264847,0.04516604170203209,0.04422162473201752,0.039627015590667725,22.199655904790447,0.22199655904790447,0.002805331802368164,0.0026682319129198856,374.780016368849
Muon update,750,786432000,block06.k,0.04860209673643112,0.046109769493341446,0.045076001435518265,0.044155754148960114,0.041836198419332504,22.236217004626855,0.22236217004626857,0.002835452270507813,0.0026596026600576167,375.9960143739427
Muon update,750,786432000,block06.v,0.052665602415800095,0.04850682616233826,0.046898357570171356,0.0441645123064518,0.019692203029990196,21.31135457642935,0.21311354576429348,0.003288789749145508,0.002895756699602181,345.3328797054601
Muon update,750,786432000,block06.o,0.047389622777700424,0.045923084020614624,0.044933270663022995,0.04404521360993385,0.04364287853240967,22.292315739479278,0.2229231573947928,0.0029630750656127933,0.0026448102046012917,378.09896462901435
Muon update,750,786432000,block06.up,0.04531310498714447,0.04495793953537941,0.04422746226191521,0.043478745967149734,0.043144527822732925,45.31388556528417,0.4531388556528417,0.007573692321777344,0.002091436515289105,478.14026038546393
Muon update,750,786432000,block06.down,0.04536231979727745,0.04494598135352135,0.04419037699699402,0.043463632464408875,0.04317997768521309,22.605910411480938,0.2260591041148094,0.0042422061920166015,0.0020934752685509844,477.6746183833153
Muon update,750,786432000,block08.q,0.04820264130830765,0.04603485390543938,0.045067768543958664,0.04412105306982994,0.04267765209078789,22.252872046005667,0.22252872046005667,0.0026638029098510745,0.0026547220251483955,376.6872729147984
Muon update,750,786432000,block08.k,0.04835788160562515,0.046066995710134506,0.04506593197584152,0.044129543006420135,0.043209102004766464,22.257361557648213,0.22257361557648214,0.0027324583053588867,0.0026528087098954267,376.95895534036447
Muon update,750,786432000,block08.v,0.05097857117652893,0.04725329577922821,0.04598849639296532,0.04485085606575012,0.02708776481449604,21.815712149902257,0.21815712149902258,0.0032335281372070316,0.0027630448608162994,361.91956713455795
Muon update,750,786432000,block08.o,0.05080992355942726,0.04704409837722778,0.045784179121255875,0.044748611748218536,0.029143454506993294,21.873783249313423,0.21873783249313422,0.0030093069076538087,0.002746281654327165,364.12871142490246
Muon update,750,786432000,block08.up,0.04531469568610191,0.04495694488286972,0.04423438012599945,0.04346901550889015,0.04314878582954407,45.27117223397919,0.45271172233979196,0.007457218170166016,0.0020889693240830898,478.7049711411772
Muon update,750,786432000,block08.down,0.04537859186530113,0.044929541647434235,0.044089220464229584,0.04326282814145088,0.04295837879180908,22.721729142467904,0.22721729142467906,0.004491799926757812,0.0024962311297047624,400.6039297003212
Muon update,775,812646400,block02.q,0.05269381031394005,0.04872431606054306,0.047249265015125275,0.04432406648993492,0.01807623729109764,21.091782800666607,0.21091782800666609,0.003112520790100098,0.0029556793731681102,338.3316908721828
Muon update,775,812646400,block02.k,0.052403904497623444,0.04846610128879547,0.046976301819086075,0.04587433487176895,0.018867261707782745,21.21511085247454,0.21215110852474542,0.003044980621337891,0.0029205748423599825,342.3983475773372
Muon update,775,812646400,block02.v,0.05622093006968498,0.05185377970337868,0.049657922238111496,0.029345637187361717,0.010903025045990944,19.839604097601818,0.19839604097601818,0.0026567873001098635,0.0033369884198126837,299.67140253250665
Muon update,775,812646400,block02.o,0.050082333385944366,0.04682257026433945,0.04567656293511391,0.044652875512838364,0.03112638369202614,21.937438227729842,0.21937438227729844,0.0024647720336914065,0.002731995456724104,366.03281954175924
Muon update,775,812646400,block02.up,0.04843229800462723,0.044542670249938965,0.043616920709609985,0.042640071362257004,0.042264774441719055,46.284794436447434,0.46284794436447435,0.007655668640136719,0.0024518984345158756,407.8472362161481
Muon update,775,812646400,block02.down,0.04533402621746063,0.04495943337678909,0.04422833397984505,0.043455831706523895,0.043146129697561264,22.62521815553639,0.22625218155536392,0.003775764846801758,0.002091890053683765,478.03659577568413
Muon update,775,812646400,block04.q,0.04890451952815056,0.046289172023534775,0.04525071009993553,0.0442751944065094,0.03907759487628937,22.167932367624587,0.22167932367624588,0.003032601547241211,0.002674385121915146,373.9177247904718
Muon update,775,812646400,block04.k,0.0495474673807621,0.04645385593175888,0.045396558940410614,0.044401757419109344,0.03579702600836754,22.08300117939245,0.2208300117939245,0.0030539079666137697,0.0026941006614317337,371.18137949179936
Muon update,775,812646400,block04.v,0.053665321320295334,0.049448613077402115,0.04760090261697769,0.0394391231238842,0.016870027408003807,20.92136209845708,0.2092136209845708,0.0030409206390380862,0.0030009927701399874,333.2230620313534
Muon update,775,812646400,block04.o,0.04817952215671539,0.046081408858299255,0.045033831149339676,0.04412335902452469,0.04325883463025093,22.24696901180184,0.22246969011801843,0.002704987144470215,0.002653456127734724,376.8669809716084
Muon update,775,812646400,block04.up,0.045369211584329605,0.04495730623602867,0.04419726878404617,0.04346579313278198,0.043149273842573166,45.300746506428915,0.4530074650642892,0.007521035766601563,0.002098729749244313,476.4786892452774
Muon update,775,812646400,block04.down,0.045351430773735046,0.04491771385073662,0.04419543966650963,0.04347497597336769,0.04319115728139877,22.605071150376922,0.22605071150376924,0.003996517181396484,0.002094275772792656,477.49203471256754
Muon update,775,812646400,block06.q,0.04872725158929825,0.04627004638314247,0.04526190832257271,0.04428022727370262,0.03910989314317703,22.16500085297247,0.2216500085297247,0.0028377477645874023,0.002675507626540688,373.76084825179714
Muon update,775,812646400,block06.k,0.0483919233083725,0.04609144851565361,0.04506746679544449,0.04415097460150719,0.0425591878592968,22.242477860976642,0.22242477860976642,0.002864284133911133,0.0026585872202142813,376.139624984506
Muon update,775,812646400,block06.v,0.05240622162818909,0.04829645901918411,0.04673552140593529,0.04547332227230072,0.020987652242183685,21.411325904865276,0.21411325904865275,0.0033504035949707034,0.002867764220751079,348.70370191664364
Muon update,775,812646400,block06.o,0.047273773699998856,0.04593604430556297,0.04493261128664017,0.044043660163879395,0.04363987594842911,22.272132134583934,0.22272132134583936,0.00301510066986084,0.002647730354690181,377.6819638104776
Muon update,775,812646400,block06.up,0.04532591998577118,0.044964466243982315,0.04423355311155319,0.043461211025714874,0.04314529150724411,45.28384163414787,0.4528384163414787,0.007682975769042969,0.002089984909749154,478.47235419514243
Muon update,775,812646400,block06.down,0.04534552991390228,0.04495381936430931,0.04419392719864845,0.04348120465874672,0.04317547008395195,22.602506746311093,0.22602506746311093,0.004312983703613282,0.002092719907460641,477.84703363070935
Muon update,775,812646400,block08.q,0.04825224354863167,0.046050671488046646,0.04505758360028267,0.0441235676407814,0.04320351779460907,22.26139920134042,0.2226139920134042,0.0026858333587646485,0.0026521299078648003,377.05543647561694
Muon update,775,812646400,block08.k,0.04817643016576767,0.04604716598987579,0.045055702328681946,0.04413432255387306,0.04322664067149162,22.264034887814095,0.22264034887814096,0.0027527318954467775,0.0026535889214755054,376.84812139024103
Muon update,775,812646400,block08.v,0.05062239617109299,0.04699894040822983,0.045796949416399,0.04469751939177513,0.029037239030003548,21.902456581720052,0.21902456581720053,0.0033002109527587894,0.002740636344818803,364.87876324434967
Muon update,775,812646400,block08.o,0.05023614689707756,0.046782370656728745,0.04565047100186348,0.04459863156080246,0.03149642422795296,21.97399567942327,0.2197399567942327,0.00307097339630127,0.0027221696264396883,367.35403638600394
Muon update,775,812646400,block08.up,0.04531533271074295,0.04494336619973183,0.04423298314213753,0.043469641357660294,0.043157581239938736,45.229985608239424,0.45229985608239426,0.0075600494384765625,0.0020931354073674413,477.7521781343858
Muon update,775,812646400,block08.down,0.04537380859255791,0.04497789964079857,0.044189922511577606,0.043435659259557724,0.04313207417726517,22.64892710907042,0.22648927109070421,0.00457205696105957,0.002209160232826912,452.66069212207753
Muon update,800,838860800,block02.q,0.052673954516649246,0.04872964322566986,0.047286856919527054,0.043731190264225006,0.01806112751364708,21.07874083145605,0.2107874083145605,0.003166366767883301,0.002956854972589032,338.1971754686354
Muon update,800,838860800,block02.k,0.052612945437431335,0.04864189028739929,0.04714696481823921,0.04477376490831375,0.018647147342562675,21.139722827190035,0.21139722827190036,0.0030942670822143555,0.002941856311476934,339.921428554734
Muon update,800,838860800,block02.v,0.05599508807063103,0.05161435529589653,0.04947863146662712,0.03035515546798706,0.010941951535642147,19.936111621716773,0.19936111621716773,0.0026987356185913087,0.003306111745491558,302.470115041837
Muon update,800,838860800,block02.o,0.05009656026959419,0.04679635539650917,0.045641928911209106,0.04463527351617813,0.031789783388376236,21.951250030702862,0.21951250030702862,0.0025017669677734377,0.0027303429631049397,366.2543546774074
Muon update,800,838860800,block02.up,0.048348717391490936,0.044509291648864746,0.04361991211771965,0.04269213601946831,0.04231109842658043,46.274673464689634,0.46274673464689636,0.007783695983886719,0.0024575300266782563,406.9126273714993
Muon update,800,838860800,block02.down,0.045315563678741455,0.04495678097009659,0.044226210564374924,0.04346718266606331,0.04315043240785599,22.60907319797521,0.2260907319797521,0.0038343753814697266,0.002092049536418783,478.0001537209402
Muon update,800,838860800,block04.q,0.048913899809122086,0.0462750643491745,0.0452340766787529,0.04426765814423561,0.0391274131834507,22.160999482332727,0.22160999482332727,0.0030734018325805665,0.0026748995257985936,373.8458175177436
Muon update,800,838860800,block04.k,0.04944472387433052,0.0464608334004879,0.045373935252428055,0.04438609629869461,0.0359504260122776,22.101414430389386,0.22101414430389388,0.0030914829254150393,0.002690951744846126,371.6157310941233
Muon update,800,838860800,block04.v,0.05335865542292595,0.04909735172986984,0.04730892926454544,0.04121057316660881,0.01770469732582569,21.05961181069385,0.21059611810693848,0.0030916627883911135,0.002963508273978732,337.43789709668164
Muon update,800,838860800,block04.o,0.048319969326257706,0.04607069864869118,0.04506025090813637,0.044138889759778976,0.043046459555625916,22.239978533792097,0.22239978533792099,0.0027484859466552734,0.0026563203733967478,376.4606144707079
Muon update,800,838860800,block04.up,0.04536447301506996,0.04497995972633362,0.044193971902132034,0.0434441901743412,0.04315265268087387,45.296647663259876,0.45296647663259876,0.007629582977294922,0.0021088971414939955,474.18149530591853
Muon update,800,838860800,block04.down,0.04534606635570526,0.044920407235622406,0.04419529065489769,0.043475840240716934,0.04319450631737709,22.591952872079453,0.22591952872079454,0.004059439468383789,0.002094139048924859,477.52320960415915
Muon update,800,838860800,block06.q,0.0486307367682457,0.04616285488009453,0.045146532356739044,0.044205889105796814,0.0407714881002903,22.200447073026563,0.22200447073026564,0.0028705480575561527,0.0026667881164617185,374.98292190037023
Muon update,800,838860800,block06.k,0.048409439623355865,0.046104010194540024,0.04508233442902565,0.04416513070464134,0.0427054688334465,22.235423294859523,0.22235423294859524,0.002893524742126465,0.0026570703768087484,376.35435204431485
Muon update,800,838860800,block06.v,0.05239615589380264,0.04825594276189804,0.046664804220199585,0.04545697197318077,0.02047736756503582,21.417536914933425,0.21417536914933424,0.0034116039276123047,0.0028655893406446253,348.96835558965546
Muon update,800,838860800,block06.o,0.04726628586649895,0.04589731618762016,0.04495009034872055,0.044031284749507904,0.04363090172410011,22.30708976375674,0.2230708976375674,0.003065293312072754,0.0026400580130123835,378.77955524885255
Muon update,800,838860800,block06.up,0.04532584920525551,0.044969044625759125,0.04421279951930046,0.0434662364423275,0.043151237070560455,45.31336633240941,0.4531336633240941,0.007789861297607423,0.002094802252503372,477.37202822126056
Muon update,800,838860800,block06.down,0.045355845242738724,0.04494669660925865,0.044209565967321396,0.04345690831542015,0.04316558316349983,22.604368301800893,0.22604368301800892,0.004382604598999024,0.0020972500240135222,476.8148711646182
Muon update,800,838860800,block08.q,0.04841812700033188,0.046125952154397964,0.04508129879832268,0.044156935065984726,0.04223185032606125,22.227410960168765,0.22227410960168764,0.0027087013244628906,0.0026600126560883397,375.93806093785355
Muon update,800,838860800,block08.k,0.04822530969977379,0.04609602317214012,0.0450887568295002,0.044159162789583206,0.042135488241910934,22.24829900605364,0.2224829900605364,0.0027744199752807617,0.0026525911307643396,376.98987544750315
Muon update,800,838860800,block08.v,0.05089704319834709,0.047115765511989594,0.04587749019265175,0.044777482748031616,0.028098436072468758,21.855367049161394,0.21855367049161395,0.003366371536254883,0.0027519585682061476,363.3775637297642
Muon update,800,838860800,block08.o,0.050966955721378326,0.047207217663526535,0.04594826698303223,0.04481174796819687,0.027964839711785316,21.825529361942845,0.21825529361942844,0.003131712341308594,0.0027605303382083335,362.24923383708574
Muon update,800,838860800,block08.up,0.04533536359667778,0.044961489737033844,0.04421591758728027,0.04346025362610817,0.04313984885811806,45.31451864991667,0.45314518649916674,0.007662518310546876,0.0020961572871903145,477.06343703835233
Muon update,800,838860800,block08.down,0.04583138972520828,0.04483714699745178,0.04393772408366203,0.04306236281991005,0.04270109534263611,22.855431808092053,0.22855431808092053,0.004650695037841797,0.0025104525935737976,398.3345483439036
Muon update,825,865075200,block02.q,0.05265054851770401,0.048669103533029556,0.04721308499574661,0.04475146532058716,0.01829066313803196,21.125342318660632,0.21125342318660634,0.0032187610626220704,0.002945565603987635,339.49337222237534
Muon update,825,865075200,block02.k,0.05267874523997307,0.04865020886063576,0.04715903475880623,0.04496670141816139,0.018462706357240677,21.144189371582645,0.21144189371582645,0.0031421167373657227,0.0029389538931254983,340.2571242574095
Muon update,825,865075200,block02.v,0.056723255664110184,0.05211867764592171,0.04988612234592438,0.028587235137820244,0.010336789302527905,19.721309647403302,0.19721309647403304,0.0027389066696166995,0.0033767100372350672,296.14624559792657
Muon update,825,865075200,block02.o,0.050383586436510086,0.04684187099337578,0.045667778700590134,0.0446459986269474,0.0312057938426733,21.950644590245794,0.21950644590245794,0.0025368747711181643,0.0027293475809300194,366.38792617950554
Muon update,825,865075200,block02.up,0.0483931265771389,0.04448417201638222,0.043560851365327835,0.042610667645931244,0.04222286120057106,46.37997387800671,0.4637997387800671,0.00790907440185547,0.002444323197675971,409.1112013954563
Muon update,825,865075200,block02.down,0.04530614614486694,0.04496798291802406,0.04425177350640297,0.04345269128680229,0.043136268854141235,22.62381401862632,0.2262381401862632,0.0038917644500732424,0.002092599253197394,477.8745851467005
Muon update,825,865075200,block04.q,0.04901285469532013,0.04634130746126175,0.045281216502189636,0.04432357847690582,0.03832932561635971,22.143703667330392,0.22143703667330392,0.0031144180297851564,0.0026813775369075032,372.94263349178493
Muon update,825,865075200,block04.k,0.04973888024687767,0.04660871624946594,0.04547150433063507,0.044486191123723984,0.0339912511408329,22.045451142829112,0.22045451142829112,0.0031308271408081057,0.002706162016609795,369.52702530825275
Muon update,825,865075200,block04.v,0.053700368851423264,0.049496255815029144,0.04762915149331093,0.039435166865587234,0.016446059569716454,20.92083155124526,0.20920831551245261,0.00314328727722168,0.0030023590124331895,333.07142678768923
Muon update,825,865075200,block04.o,0.04827337712049484,0.04607963562011719,0.045041248202323914,0.04412392899394035,0.043164316564798355,22.236327652551065,0.22236327652551066,0.0027911956787109375,0.0026564762793681584,376.43852036873807
Muon update,825,865075200,block04.up,0.045379456132650375,0.04496544227004051,0.044182173907756805,0.04345537722110748,0.04315035790205002,45.28158597738162,0.45281585977381617,0.007734507751464844,0.0021228072284319582,471.07433336688996
Muon update,825,865075200,block04.down,0.04534858465194702,0.04492548480629921,0.04418952390551567,0.04347451031208038,0.04319489374756813,22.59241426191519,0.22592414261915192,0.0041206058502197265,0.0020937544730523783,477.61091993854984
Muon update,825,865075200,block06.q,0.048716191202402115,0.04618067294359207,0.0451679490506649,0.04422256350517273,0.040141504257917404,22.21149139865142,0.22211491398651423,0.0029033231735229492,0.002665810158700724,375.12048513138876
Muon update,825,865075200,block06.k,0.04850521683692932,0.04609353467822075,0.04510312154889107,0.04416891932487488,0.04231052100658417,22.238902422138295,0.22238902422138296,0.002923710632324219,0.0026569282789402765,376.3744802320569
Muon update,825,865075200,block06.v,0.052354294806718826,0.04822778329253197,0.04662281647324562,0.04543402045965195,0.021134348586201668,21.432873947904948,0.21432873947904948,0.0034735916137695316,0.0028622994688204534,349.36945308944127
Muon update,825,865075200,block06.o,0.04725218564271927,0.04590824618935585,0.044919706881046295,0.044052302837371826,0.043630488216876984,22.285038395081436,0.22285038395081436,0.00311694393157959,0.0026426940171048324,378.401734566129
Muon update,825,865075200,block06.up,0.04531874135136604,0.04495776444673538,0.04421753063797951,0.043463919311761856,0.04315607249736786,45.295380889907754,0.45295380889907755,0.007894620513916015,0.002092708659882314,477.84960189166327
Muon update,825,865075200,block06.down,0.0453563816845417,0.044943105429410934,0.04419298842549324,0.043456774204969406,0.043184246867895126,22.594333720184146,0.22594333720184145,0.004450116348266602,0.002093889820639641,477.5800474995958
Muon update,825,865075200,block08.q,0.048095569014549255,0.046060774475336075,0.04504740238189697,0.0441153347492218,0.043534014374017715,22.256635749734738,0.22256635749734738,0.0027314100265502933,0.002652067749442391,377.0642737955146
Muon update,825,865075200,block08.k,0.04800478741526604,0.046048786491155624,0.0450502410531044,0.04413435235619545,0.04302779957652092,22.246818004465545,0.22246818004465546,0.0027960865020751954,0.002653565509620981,376.851446242544
Muon update,825,865075200,block08.v,0.05076286941766739,0.04710635542869568,0.045822978019714355,0.04476822540163994,0.02807156927883625,21.862578949258275,0.21862578949258274,0.0034317325592041017,0.002750711895211033,363.54225309491403
Muon update,825,865075200,block08.o,0.05012652650475502,0.046666696667671204,0.045564085245132446,0.044494129717350006,0.03290609270334244,22.03318243046795,0.22033182430467949,0.0031904598236083986,0.002709429569144897,369.0813783786978
Muon update,825,865075200,block08.up,0.04532869532704353,0.04496423900127411,0.044213611632585526,0.04345031827688217,0.04316810145974159,45.19602142159494,0.45196021421594945,0.007761878204345703,0.002093902776053716,477.5770926120337
Muon update,825,865075200,block08.down,0.04536934569478035,0.044977057725191116,0.044189006090164185,0.043447431176900864,0.043133318424224854,22.648470095572517,0.22648470095572518,0.0047269393920898435,0.002302536859179194,434.3035795554991
Muon update,850,891289600,block02.q,0.053159866482019424,0.04909632354974747,0.04754539579153061,0.04172532632946968,0.016454676166176796,20.931475156608922,0.20931475156608922,0.0032710369110107423,0.0030014756341145837,333.1694545956205
Muon update,850,891289600,block02.k,0.05295589566230774,0.04887270927429199,0.04738007113337517,0.04336267337203026,0.017065225169062614,21.03356493658249,0.2103356493658249,0.0031902477264404297,0.0029708073989862666,336.60882908169395
Muon update,850,891289600,block02.v,0.05704084411263466,0.05249962583184242,0.050175249576568604,0.02724529802799225,0.010246355086565018,19.590767976209708,0.19590767976209708,0.0027765232086181643,0.0034225397756343506,292.1806803003933
Muon update,850,891289600,block02.o,0.050207532942295074,0.0468151792883873,0.04563212767243385,0.04459114372730255,0.031832005828619,21.965723729356334,0.21965723729356335,0.0025705934524536136,0.0027267076028378856,366.7426602541564
Muon update,850,891289600,block02.up,0.04847034439444542,0.04447465389966965,0.043519552797079086,0.04252651706337929,0.042117442935705185,46.50809704124955,0.4650809704124955,0.008032601165771485,0.002431419031967544,411.282459688071
Muon update,850,891289600,block02.down,0.04531813785433769,0.04494722932577133,0.04423091188073158,0.04346231743693352,0.04314582422375679,22.62342322987277,0.22623423229872772,0.003948517227172852,0.002093271757587445,477.7210586133013
Muon update,850,891289600,block04.q,0.04930628463625908,0.04632016643881798,0.045261673629283905,0.04428694769740105,0.03820608928799629,22.152133814874613,0.22152133814874614,0.003152724838256836,0.002677166189070379,373.52929529833955
Muon update,850,891289600,block04.k,0.049493275582790375,0.04645135626196861,0.045388396829366684,0.044382087886333466,0.03585629165172577,22.093455163456166,0.22093455163456166,0.003167307472229004,0.002692313149850689,371.427818511921
Muon update,850,891289600,block04.v,0.05395426228642464,0.04979289323091507,0.04778485745191574,0.03824353590607643,0.015980534255504608,20.830247092309175,0.20830247092309176,0.003192892646789551,0.0030308996029015933,329.93504603143657
Muon update,850,891289600,block04.o,0.048302099108695984,0.04605183005332947,0.04505251348018646,0.044131744652986526,0.042440351098775864,22.24809932599995,0.22248099325999948,0.0028320011138916017,0.002651244027296551,377.18142491006034
Muon update,850,891289600,block04.up,0.04537314176559448,0.04497789219021797,0.04419492930173874,0.043445028364658356,0.04315510764718056,45.302591748843504,0.45302591748843507,0.007837196350097657,0.002133758137806266,468.6566777564153
Muon update,850,891289600,block04.down,0.04535830393433571,0.044921282678842545,0.044210225343704224,0.043465957045555115,0.04318782314658165,22.600074336623177,0.22600074336623177,0.004180492019653321,0.0020916310775787594,478.0957840603444
Muon update,850,891289600,block06.q,0.048339806497097015,0.04612073302268982,0.04510461539030075,0.04416031390428543,0.04187256097793579,22.235908065749484,0.22235908065749485,0.0029343250274658206,0.002659743676682924,375.97607948715614
Muon update,850,891289600,block06.k,0.048177123069763184,0.04603869840502739,0.045042406767606735,0.044108979403972626,0.04309782385826111,22.263805633528406,0.22263805633528408,0.0029520984649658204,0.0026498128890180134,377.38513694473994
Muon update,850,891289600,block06.v,0.052601587027311325,0.048377469182014465,0.04680225998163223,0.04514840990304947,0.019846996292471886,21.373707499462057,0.21373707499462058,0.0035337066650390626,0.0028775358119186856,347.5195672137332
Muon update,850,891289600,block06.o,0.04756736755371094,0.045920904725790024,0.044964749366045,0.0440567284822464,0.04364239051938057,22.273492964725968,0.2227349296472597,0.003166748046875,0.00264609703372555,377.9150905105163
Muon update,850,891289600,block06.up,0.04533366486430168,0.044981516897678375,0.04421884939074516,0.04346034675836563,0.04314295947551727,45.29330962209826,0.45293309622098266,0.00799990692138672,0.0020941775766454424,477.5144243507037
Muon update,850,891289600,block06.down,0.045343831181526184,0.044925324618816376,0.04420402646064758,0.04346830025315285,0.04318689554929733,22.593967379660693,0.22593967379660693,0.004517766571044922,0.0020959584212974086,477.1087011263301
Muon update,850,891289600,block08.q,0.04802662134170532,0.04600420594215393,0.045007891952991486,0.04408989101648331,0.04332622140645981,22.27749947803459,0.2227749947803459,0.0027533679962158204,0.0026487636587353564,377.5346270332955
Muon update,850,891289600,block08.k,0.048001017421483994,0.046007946133613586,0.04500821232795715,0.04410538822412491,0.04367642104625702,22.260198741323737,0.2226019874132374,0.0028170436859130863,0.0026510050298683835,377.2154291422253
Muon update,850,891289600,block08.v,0.051001064479351044,0.047123901546001434,0.04586612805724144,0.04479111358523369,0.028346160426735878,21.845127391817943,0.21845127391817942,0.003496059036254883,0.002755065536373516,362.96777219909507
Muon update,850,891289600,block08.o,0.05020453780889511,0.04678826779127121,0.045644231140613556,0.0445709191262722,0.031378086656332016,21.98867575261958,0.21988675752619583,0.0032483196258544923,0.002721777412313886,367.4069729125506
Muon update,850,891289600,block08.up,0.045327942818403244,0.044955700635910034,0.04422842338681221,0.04345879703760147,0.04315030947327614,45.23488932894851,0.45234889328948513,0.007860416412353516,0.0020944977454837588,477.4414306037047
Muon update,850,891289600,block08.down,0.045389123260974884,0.044985972344875336,0.04418402165174484,0.043432991951704025,0.043113574385643005,22.64033456106124,0.22640334561061243,0.004802542877197266,0.0023566769891573275,424.32628849894616
Muon update,875,917504000,block02.q,0.052509065717458725,0.0485917292535305,0.04715930297970772,0.045127686113119125,0.018751991912722588,21.143690777143473,0.21143690777143473,0.003323395156860352,0.002938336344480652,340.3286359229746
Muon update,875,917504000,block02.k,0.05275311321020126,0.048679374158382416,0.04721314460039139,0.043755900114774704,0.018286442384123802,21.11417311271228,0.2111417311271228,0.003238432312011719,0.0029468034978743507,339.35075776899976
Muon update,875,917504000,block02.v,0.05737002193927765,0.05285755172371864,0.05044306069612503,0.02626323513686657,0.009624557569622993,19.464265041121816,0.19464265041121817,0.0028158721923828125,0.003466475974554642,288.47740683634066
Muon update,875,917504000,block02.o,0.050220225006341934,0.04683206230401993,0.045704688876867294,0.044645633548498154,0.03094559907913208,21.954970100779764,0.21954970100779764,0.0026052467346191406,0.0027296165536823264,366.3518228049185
Muon update,875,917504000,block02.up,0.04843173548579216,0.04449141398072243,0.04356054216623306,0.04261534661054611,0.04220135137438774,46.411663516077624,0.4641166351607762,0.00815584945678711,0.0024426220508013685,409.3961240020423
Muon update,875,917504000,block02.down,0.04531534016132355,0.0449628084897995,0.04422402009367943,0.04346688091754913,0.04313674941658974,22.643208740925374,0.22643208740925375,0.004004745101928711,0.0020928664695775284,477.81357030478046
Muon update,875,917504000,block04.q,0.04901302605867386,0.0463368259370327,0.04525920748710632,0.04431551694869995,0.03764887899160385,22.14616123617555,0.22146161236175552,0.0031903688430786133,0.0026776889566809126,373.45637083985076
Muon update,875,917504000,block04.k,0.049305371940135956,0.04639144614338875,0.045333556830883026,0.04433425888419151,0.036656998097896576,22.13585155230417,0.22135851552304173,0.0032019912719726566,0.0026825119268228392,372.78492222191073
Muon update,875,917504000,block04.v,0.0538855642080307,0.049642231315374374,0.04763181507587433,0.038797058165073395,0.01609805040061474,20.855468048298178,0.20855468048298179,0.0032444305419921876,0.0030213707982490595,330.9755957724615
Muon update,875,917504000,block04.o,0.04824230074882507,0.04610125720500946,0.04508137330412865,0.044148799031972885,0.04161563888192177,22.227324712013452,0.22227324712013452,0.002874772834777832,0.0026575984765098704,376.27956549450784
Muon update,875,917504000,block04.up,0.04536953940987587,0.044973403215408325,0.04418104141950607,0.043441351503133774,0.043144404888153076,45.30639786658016,0.4530639786658016,0.007941638946533203,0.0021738162383616727,460.02048487486877
Muon update,875,917504000,block04.down,0.045372407883405685,0.04493965953588486,0.04419350251555443,0.04345657303929329,0.04318606108427048,22.609963104425642,0.22609963104425643,0.004240941619873047,0.002092478261595865,477.90221688484
Muon update,875,917504000,block06.q,0.04909190535545349,0.046303439885377884,0.04523574933409691,0.04427191615104675,0.03791648894548416,22.153339582970396,0.22153339582970397,0.0029645868301391605,0.0026762483850589908,373.65739502462424
Muon update,875,917504000,block06.k,0.04817613959312439,0.046082865446805954,0.045087315142154694,0.04413730278611183,0.042406290769577026,22.23385922868347,0.22233859228683472,0.002980012893676758,0.002656667904058288,376.41136796677307
Muon update,875,917504000,block06.v,0.05256062000989914,0.048460137099027634,0.046832405030727386,0.04489322751760483,0.0197801124304533,21.338907066079948,0.21338907066079948,0.003592689895629883,0.002888822720332321,346.1617748163388
Muon update,875,917504000,block06.o,0.047349657863378525,0.04590168595314026,0.04490762576460838,0.04403812810778618,0.043647099286317825,22.287655761086274,0.22287655761086275,0.0032155826568603515,0.0026426181810673827,378.41259367862557
Muon update,875,917504000,block06.up,0.04532436281442642,0.044953834265470505,0.044215381145477295,0.043474841862916946,0.043161142617464066,45.28897558555667,0.45288975585556673,0.008102244567871094,0.002091084213613606,478.2208164978198
Muon update,875,917504000,block06.down,0.045326974242925644,0.0449184887111187,0.04419134184718132,0.04347908869385719,0.043196551501750946,22.584264118134264,0.22584264118134265,0.0045848243713378905,0.0020962684924710207,477.03812922419536
Muon update,875,917504000,block08.q,0.047971006482839584,0.04601394757628441,0.045070964843034744,0.0441230908036232,0.0433027446269989,22.255897207670614,0.22255897207670614,0.0027758165359497073,0.002652066214675744,377.0644920048746
Muon update,875,917504000,block08.k,0.04830866679549217,0.04601559042930603,0.045035090297460556,0.044117964804172516,0.04364610090851784,22.269421379539118,0.22269421379539117,0.002838674354553223,0.0026499923834283484,377.35957516461986
Muon update,875,917504000,block08.v,0.050927966833114624,0.04721440002322197,0.04595475643873215,0.04482899606227875,0.027065230533480644,21.827465768479964,0.21827465768479964,0.0035612747192382815,0.0027604003753209927,362.2662889558965
Muon update,875,917504000,block08.o,0.050074730068445206,0.046680279076099396,0.04552672803401947,0.04452705383300781,0.03337019681930542,22.009178441382428,0.2200917844138243,0.003306961059570313,0.0027144184398680965,368.40303812871
Muon update,875,917504000,block08.up,0.04533267393708229,0.044955775141716,0.04420996084809303,0.043467432260513306,0.043168872594833374,45.20032755778916,0.4520032755778916,0.007957640838623048,0.002093512085661345,477.66621785901845
Muon update,875,917504000,block08.down,0.045387305319309235,0.04497993364930153,0.04418753460049629,0.043432243168354034,0.04311808943748474,22.640353086900582,0.22640353086900583,0.004876864242553711,0.002297529379325036,435.25014696168023
Muon update,900,943718400,block02.q,0.0529068298637867,0.048913609236478806,0.04741759970784187,0.043019313365221024,0.016582777723670006,21.01688220876311,0.2101688220876311,0.003375178146362305,0.002974215917078915,336.22306782021934
Muon update,900,943718400,block02.k,0.05260799080133438,0.048616524785757065,0.04712502658367157,0.044631943106651306,0.018577931448817253,21.162248309195224,0.21162248309195225,0.0032862510681152344,0.002934775700228612,340.74154284502987
Muon update,900,943718400,block02.v,0.05622714385390282,0.05168183147907257,0.04959329590201378,0.029852064326405525,0.011202304624021053,19.88720955129226,0.1988720955129226,0.0028539300918579103,0.0033218166252988457,301.04009727208694
Muon update,900,943718400,block02.o,0.049993377178907394,0.0466640330851078,0.04551921784877777,0.04452050104737282,0.03328438475728035,22.030111381588014,0.22030111381588013,0.0026377395629882815,0.002710128851864335,368.98614592147015
Muon update,900,943718400,block02.up,0.048432864248752594,0.044518325477838516,0.04357251897454262,0.04262296110391617,0.04224132001399994,46.32782583401869,0.4632782583401869,0.008277780151367188,0.0024505468694480115,408.0721786909757
Muon update,900,943718400,block02.down,0.0453326515853405,0.04495377838611603,0.04422376677393913,0.04345037788152695,0.043154276907444,22.602355265655163,0.22602355265655164,0.004059364318847657,0.0020929043038875883,477.80493266820235
Muon update,900,943718400,block04.q,0.04945214465260506,0.04634011164307594,0.045276302844285965,0.04428202658891678,0.037850990891456604,22.145429018586754,0.22145429018586754,0.0032289371490478516,0.0026795148028252586,373.20189421816525
Muon update,900,943718400,block04.k,0.049526724964380264,0.04648706689476967,0.045371163636446,0.04439651221036911,0.03548910841345787,22.08568847954,0.2208568847954,0.0032379276275634767,0.002694912835368171,371.0695154499804
Muon update,900,943718400,block04.v,0.0534055121243,0.04916521534323692,0.04734086990356445,0.04062983766198158,0.0171970184892416,21.04874894837735,0.21048748948377352,0.0032941009521484377,0.0029675307123438466,336.9805056575706
Muon update,900,943718400,block04.o,0.04812759533524513,0.046015940606594086,0.04501715674996376,0.04409773647785187,0.043529439717531204,22.26603801407382,0.22266038014073822,0.0029160215377807617,0.0026470464528106086,377.7795432861443
Muon update,900,943718400,block04.up,0.04536275938153267,0.04498150572180748,0.044192902743816376,0.043452389538288116,0.04314377158880234,45.304072977799876,0.45304072977799875,0.008041753387451172,0.0020991632546547706,476.38028999533935
Muon update,900,943718400,block04.down,0.04535461217164993,0.044918403029441833,0.04417531564831734,0.04348934814333916,0.04320618510246277,22.597478969348426,0.22597478969348428,0.004298971176147461,0.0020950338017691195,477.31926766793225
Muon update,900,943718400,block06.q,0.0483408160507679,0.04611535742878914,0.045059919357299805,0.04415719956159592,0.04189975932240486,22.235792526524857,0.22235792526524858,0.0029935651779174808,0.0026577886052482486,376.25264779348237
Muon update,900,943718400,block06.k,0.04785890504717827,0.046039480715990067,0.045038655400276184,0.044119954109191895,0.043398842215538025,22.256899631145313,0.22256899631145313,0.0030066667556762697,0.0026533632508503185,376.8801726184803
Muon update,900,943718400,block06.v,0.05233134329319,0.048190198838710785,0.046625442802906036,0.04541175812482834,0.021096037700772285,21.452468681928128,0.21452468681928127,0.0036505218505859375,0.0028544562280014146,350.32942183182934
Muon update,900,943718400,block06.o,0.04723448306322098,0.04583978280425072,0.04488801956176758,0.0440092533826828,0.0435929149389267,22.324648478615455,0.22324648478615455,0.003263004302978516,0.002636163471179176,379.3391460479848
Muon update,900,943718400,block06.up,0.0453326478600502,0.044952794909477234,0.04423137754201889,0.04345712065696716,0.04314202070236206,45.2980987292524,0.452980987292524,0.008201583862304688,0.0020950327786956185,477.31950075865007
Muon update,900,943718400,block06.down,0.04535886272788048,0.0449163094162941,0.04419461637735367,0.043483465909957886,0.043182287365198135,22.614821688434226,0.22614821688434228,0.0046491909027099616,0.002095894977217086,477.1231435116051
Muon update,900,943718400,block08.q,0.04798205941915512,0.04596685990691185,0.04502290487289429,0.04409365728497505,0.04364420101046562,22.291811254165207,0.22291811254165209,0.0027968736648559572,0.002643290018991898,378.31641356606855
Muon update,900,943718400,block08.k,0.047978904098272324,0.04600932076573372,0.04502074420452118,0.04408678039908409,0.04362962022423744,22.28724658272857,0.2228724658272857,0.0028587844848632815,0.0026459307016891837,377.93884751463514
Muon update,900,943718400,block08.v,0.05069015547633171,0.04698079451918602,0.045778825879096985,0.04466664791107178,0.029364805668592453,21.921785365624135,0.21921785365624136,0.003625606155395508,0.0027371239365914235,365.3469931088737
Muon update,900,943718400,block08.o,0.04972432181239128,0.04656567797064781,0.045430321246385574,0.04443702846765518,0.03479061275720596,22.06106660216699,0.2206106660216699,0.0033648078918457032,0.0027002634768182876,370.33423167219854
Muon update,900,943718400,block08.up,0.04534117504954338,0.04494631290435791,0.04420473426580429,0.04345322027802467,0.04317215830087662,45.19913394153847,0.4519913394153847,0.00805111541748047,0.002096784987557554,476.9206217776544
Muon update,900,943718400,block08.down,0.04537738114595413,0.044997699558734894,0.04419480264186859,0.04342630133032799,0.043121978640556335,22.65024478863784,0.22650244788637838,0.0049480678558349615,0.0021147142929811708,472.8771178778352
Muon update,925,969932800,block02.q,0.05279163271188736,0.04888175055384636,0.04744693264365196,0.043068502098321915,0.016913868486881256,21.018850848621494,0.21018850848621495,0.0034248523712158206,0.002975114781717858,336.12148551209543
Muon update,925,969932800,block02.k,0.05255979299545288,0.04859540984034538,0.04711495339870453,0.0448448471724987,0.01851082593202591,21.178308808093043,0.21178308808093044,0.0033320667266845704,0.0029316262560197814,341.10760126622785
Muon update,925,969932800,block02.v,0.05688764154911041,0.05245150625705719,0.05012931674718857,0.02756628952920437,0.0099819740280509,19.602005471610795,0.19602005471610795,0.002891195869445801,0.003419487135308208,292.44151547593617
Muon update,925,969932800,block02.o,0.050194788724184036,0.04679475352168083,0.04561656340956688,0.04460621625185013,0.031088484451174736,21.972787957149766,0.21972787957149767,0.002670139884948731,0.002723147758182956,367.2220859096014
Muon update,925,969932800,block02.up,0.04841563105583191,0.04447754845023155,0.04355428367853165,0.042574819177389145,0.042166341096162796,46.46620422156896,0.4646620422156896,0.00839755859375,0.002437625160776072,410.23534548750223
Muon update,925,969932800,block02.down,0.045333411544561386,0.044964876025915146,0.04422712326049805,0.04345425218343735,0.04314609616994858,22.617872599550854,0.22617872599550853,0.004112860488891602,0.002093054621957205,477.77061788521553
Muon update,925,969932800,block04.q,0.049448106437921524,0.04637080058455467,0.04530291631817818,0.044325314462184906,0.03688458353281021,22.13708000863547,0.22137080008635468,0.003267472076416016,0.002681517586353835,372.9231555627198
Muon update,925,969932800,block04.k,0.049550868570804596,0.0464545376598835,0.04536748304963112,0.044384803622961044,0.03580883517861366,22.098961323588153,0.22098961323588154,0.0032723655700683594,0.0026922439503208745,371.43736542924177
Muon update,925,969932800,block04.v,0.05355168133974075,0.0493202768266201,0.04749015346169472,0.04007696732878685,0.016839753836393356,20.980949112331075,0.20980949112331077,0.0033414333343505863,0.002987008647855005,334.78309502656043
Muon update,925,969932800,block04.o,0.04823002219200134,0.04603958874940872,0.045042987912893295,0.04410934075713158,0.043002378195524216,22.2590773188426,0.22259077318842602,0.0029549924850463868,0.0026530708144182485,376.9217144772198
Muon update,925,969932800,block04.up,0.045381560921669006,0.04498732462525368,0.0441959984600544,0.04344170540571213,0.04314501956105232,45.28416359706362,0.4528416359706362,0.008140116119384765,0.0021122474450620127,473.4293807942759
Muon update,925,969932800,block04.down,0.045351725071668625,0.04492465406656265,0.04419669508934021,0.04347136244177818,0.04319210723042488,22.609839673244995,0.22609839673244994,0.004355629348754883,0.0020938741378235953,477.58362450544195
Muon update,925,969932800,block06.q,0.04855884239077568,0.04619986191391945,0.04518624022603035,0.04422032833099365,0.04027940332889557,22.20578165770371,0.2220578165770371,0.0030219776153564454,0.0026681938119923476,374.7853681038625
Muon update,925,969932800,block06.k,0.0482100211083889,0.04600721597671509,0.045034103095531464,0.04410620033740997,0.04351164400577545,22.272443323235045,0.22272443323235044,0.0030338272094726565,0.0026488691092583228,377.5195975160878
Muon update,925,969932800,block06.v,0.052324436604976654,0.048219069838523865,0.04666336253285408,0.045419447124004364,0.02107815258204937,21.422500093912102,0.21422500093912103,0.003707397079467774,0.0028622771467316094,349.37217772286124
Muon update,925,969932800,block06.o,0.04722073674201965,0.045893989503383636,0.04490816593170166,0.04401889443397522,0.04361923411488533,22.29491736284342,0.22294917362843422,0.0033092872619628908,0.0026420272334704564,378.49723399196074
Muon update,925,969932800,block06.up,0.04533280059695244,0.04497608169913292,0.044222649186849594,0.04346416890621185,0.043134864419698715,45.30283934074157,0.45302839340741574,0.00829959945678711,0.002095918853908821,477.1177081283621
Muon update,925,969932800,block06.down,0.04535306617617607,0.04492197930812836,0.044206660240888596,0.04348184913396835,0.04317339509725571,22.609198784699615,0.22609198784699616,0.004713113784790039,0.0020929193013664027,477.8015088050126
Muon update,925,969932800,block08.q,0.048189908266067505,0.046088069677352905,0.04508756101131439,0.04415767639875412,0.04305500164628029,22.236952522225703,0.22236952522225703,0.002819402313232422,0.002659568463128592,376.000848958649
Muon update,925,969932800,block08.k,0.048084456473588943,0.04612884670495987,0.04515667259693146,0.04419725388288498,0.04245464503765106,22.221158855180146,0.22221158855180145,0.0028789186477661136,0.002665686676395218,375.1378617956294
Muon update,925,969932800,block08.v,0.05082564055919647,0.047119952738285065,0.0459001250565052,0.04476945102214813,0.02802172116935253,21.85064369950108,0.21850643699501082,0.0036894947052001953,0.0027541243078559874,363.0918172965379
Muon update,925,969932800,block08.o,0.049958497285842896,0.04666760936379433,0.04554836079478264,0.04452789947390556,0.03323693573474884,22.02760093653268,0.2202760093653268,0.003421860504150391,0.0027090371105587124,369.13484724975206
Muon update,925,969932800,block08.up,0.04532301798462868,0.044952914118766785,0.044223152101039886,0.04346121847629547,0.04314637556672096,45.24585154387027,0.45245851543870275,0.008143889617919921,0.00209380731604826,477.59886611120766
Muon update,925,969932800,block08.down,0.045382823795080185,0.04498587176203728,0.04419102147221565,0.04344138875603676,0.0431242473423481,22.65566075127521,0.2265566075127521,0.005018475723266602,0.002322802263267365,430.51447633486976
Muon update,950,996147200,block02.q,0.05278180167078972,0.048867739737033844,0.04734133183956146,0.043308090418577194,0.01727338507771492,21.02807569340126,0.2102807569340126,0.0034751270294189453,0.0029730697772515496,336.3526842361731
Muon update,950,996147200,block02.k,0.05266408994793892,0.048615891486406326,0.047170717269182205,0.044844526797533035,0.018188009038567543,21.137033789044956,0.21137033789044957,0.0033782562255859376,0.00294267024764662,339.82740702929357
Muon update,950,996147200,block02.v,0.05596623942255974,0.05168997868895531,0.049473412334918976,0.03023817390203476,0.010983854532241821,19.912640229317713,0.19912640229317713,0.0029269350051879884,0.003311201374401662,302.00518993825955
Muon update,950,996147200,block02.o,0.05003804340958595,0.04675012826919556,0.04563296586275101,0.044563177973032,0.03200279548764229,21.977592892889504,0.21977592892889505,0.002700695037841797,0.0027205131125973697,367.5777173686418
Muon update,950,996147200,block02.up,0.04844469204545021,0.04452109336853027,0.043581824749708176,0.042599741369485855,0.04220334067940712,46.38027499676804,0.4638027499676804,0.00851349868774414,0.002444396501353696,409.0989327820607
Muon update,950,996147200,block02.down,0.04531093314290047,0.04496163874864578,0.04423759877681732,0.04346026852726936,0.04314019903540611,22.62134659200065,0.2262134659200065,0.004165592193603516,0.0020941438222515374,477.52212115252
Muon update,950,996147200,block04.q,0.0491669625043869,0.046315304934978485,0.04526613652706146,0.04430476576089859,0.03886140137910843,22.148754914282712,0.22148754914282712,0.0033034542083740237,0.0026807166917648534,373.0345705952421
Muon update,950,996147200,block04.k,0.04913897439837456,0.04639647156000137,0.0453299917280674,0.044372010976076126,0.03681368753314018,22.10848203778638,0.2210848203778638,0.003306118392944336,0.002689100369292055,371.8715788445132
Muon update,950,996147200,block04.v,0.05414777994155884,0.04989536851644516,0.04787350445985794,0.037300266325473785,0.015567675232887268,20.779169928929633,0.20779169928929633,0.003387644577026367,0.003042641318560302,328.6618090341236
Muon update,950,996147200,block04.o,0.048263199627399445,0.046056922525167465,0.045028988271951675,0.04411705955862999,0.043039578944444656,22.24197716013895,0.2224197716013895,0.002992848587036133,0.002655097476656279,376.6340063941302
Muon update,950,996147200,block04.up,0.04538373276591301,0.04497420787811279,0.044172853231430054,0.04342745989561081,0.04313258081674576,45.306003669220296,0.45306003669220296,0.00823619842529297,0.0022442092974452876,445.59123836549355
Muon update,950,996147200,block04.down,0.04535761475563049,0.04491322860121727,0.04419722408056259,0.04348452761769295,0.043210167437791824,22.59744907125698,0.2259744907125698,0.0044117210388183595,0.0020976987324152763,476.71287804450674
Muon update,950,996147200,block06.q,0.04917334392666817,0.046257223933935165,0.045211389660835266,0.04421510919928551,0.03924041986465454,22.18882207506907,0.2218882207506907,0.0030521425247192384,0.002668482077281334,374.7448815615828
Muon update,950,996147200,block06.k,0.04832835495471954,0.04609474912285805,0.04509072005748749,0.04417392611503601,0.042257193475961685,22.23943025436554,0.22239430254365541,0.0030619335174560548,0.0026560519647217534,376.4986578885551
Muon update,950,996147200,block06.v,0.05262511223554611,0.048469360917806625,0.046908408403396606,0.04474702849984169,0.01970529928803444,21.338444651933045,0.21338444651933045,0.0037637828826904297,0.0028877504091673473,346.290315404488
Muon update,950,996147200,block06.o,0.04719651862978935,0.045878998935222626,0.04490591958165169,0.044004056602716446,0.04361053183674812,22.30952089387366,0.2230952089387366,0.003354945755004883,0.002637637601897183,379.1271398620972
Muon update,950,996147200,block06.up,0.04532049596309662,0.0449569970369339,0.04423358663916588,0.043454188853502274,0.04314183443784714,45.305358886902184,0.45305358886902186,0.008395689392089845,0.0020950184556928347,477.32276404662707
Muon update,950,996147200,block06.down,0.04535049572587013,0.04492226988077164,0.04420434311032295,0.043476350605487823,0.04320457577705383,22.59038011705496,0.2259038011705496,0.004775408172607422,0.0020924820105788916,477.90136065415777
Muon update,950,996147200,block08.q,0.048055313527584076,0.04607134684920311,0.04505111649632454,0.04412065073847771,0.04247406870126724,22.249171825923842,0.2224917182592384,0.002840732765197754,0.0026573445980311444,376.3155146460534
Muon update,950,996147200,block08.k,0.04837355017662048,0.046042874455451965,0.04507036507129669,0.04412808269262314,0.04239043965935707,22.254179070368973,0.22254179070368973,0.002899001502990723,0.0026517220544711173,377.11343023824145
Muon update,950,996147200,block08.v,0.051112379878759384,0.047266747802495956,0.04596087709069252,0.04483583942055702,0.027135850861668587,21.808630681100883,0.21808630681100882,0.003752255630493164,0.0027635645879958842,361.851503070964
Muon update,950,996147200,block08.o,0.050041262060403824,0.046706441789865494,0.04553653672337532,0.04453011602163315,0.032570432871580124,22.006936800262956,0.22006936800262955,0.0034779232025146487,0.0027156518146247977,368.23571954792845
Muon update,950,996147200,block08.up,0.04531985893845558,0.04495375230908394,0.04421837627887726,0.04346297308802605,0.043157290667295456,45.22058260610841,0.4522058260610841,0.008234558105468751,0.002093495040662599,477.670106963089
Muon update,950,996147200,block08.down,0.04539515823125839,0.04498203471302986,0.044189780950546265,0.04342310130596161,0.043119676411151886,22.646530915586705,0.22646530915586705,0.00508614501953125,0.0023287345254141556,429.4177756574267
Muon update,975,1022361600,block02.q,0.05324608460068703,0.04909166693687439,0.04752679914236069,0.04190756008028984,0.016023973003029823,20.93946716148472,0.2093946716148472,0.0035246883392333985,0.0029963811940401236,333.73590849823273
Muon update,975,1022361600,block02.k,0.052902914583683014,0.04894569143652916,0.04740044102072716,0.04310091957449913,0.016901342198252678,21.012072460280805,0.21012072460280806,0.003421978759765625,0.002976408052136892,335.97543834154624
Muon update,975,1022361600,block02.v,0.05741444602608681,0.052841104567050934,0.050428032875061035,0.026471544057130814,0.009804523549973965,19.44602948991688,0.19446029489916883,0.002963517761230469,0.0034736013788381204,287.88565265208655
Muon update,975,1022361600,block02.o,0.05012867972254753,0.04677771404385567,0.04568611457943916,0.044633377343416214,0.03182454779744148,21.96155777108763,0.2196155777108763,0.0027316354751586915,0.0027257576167852293,366.8704780799272
Muon update,975,1022361600,block02.up,0.048410564661026,0.04450121521949768,0.04358094930648804,0.04259981960058212,0.04219437018036842,46.429615407127116,0.46429615407127117,0.008629783630371094,0.0024411629763389092,409.6408186149588
Muon update,975,1022361600,block02.down,0.04532802477478981,0.04496000334620476,0.04422394186258316,0.0434676893055439,0.0431484691798687,22.601696700787166,0.22601696700787166,0.004217798614501954,0.0020934343610302802,477.6839525591104
Muon update,975,1022361600,block04.q,0.04948166757822037,0.04638149216771126,0.045335426926612854,0.04432694986462593,0.0361979641020298,22.11591216398812,0.22115912163988122,0.0033412097930908204,0.0026842517906478514,372.54329250485375
Muon update,975,1022361600,block04.k,0.049409154802560806,0.046374835073947906,0.045331235975027084,0.044324688613414764,0.03652704507112503,22.127114427180775,0.22127114427180775,0.003340655899047852,0.0026847130958008864,372.4792796534135
Muon update,975,1022361600,block04.v,0.05391666665673256,0.04964561015367508,0.047695569694042206,0.03857339546084404,0.016205953434109688,20.88288552886917,0.20882885528869172,0.003433514785766602,0.0030149068659862804,331.68520436961006
Muon update,975,1022361600,block04.o,0.04847084730863571,0.046091046184301376,0.04507920518517494,0.044150643050670624,0.04236723855137825,22.2367471453712,0.22236747145371202,0.0030310094833374025,0.0026555094289438252,376.5755787196469
Muon update,975,1022361600,block04.up,0.04536833241581917,0.04497422277927399,0.04420752078294754,0.043444614857435226,0.04313429072499275,45.29419668665655,0.4529419668665655,0.00833260955810547,0.0021271185782892332,470.1195364502269
Muon update,975,1022361600,block04.down,0.04536000266671181,0.04491525515913963,0.044197920709848404,0.04348490387201309,0.0431901291012764,22.614090744014792,0.22614090744014792,0.004467863845825195,0.0020947395079251724,477.3863271383535
Muon update,975,1022361600,block06.q,0.048942506313323975,0.04616070166230202,0.04512757062911987,0.044191624969244,0.04106951132416725,22.209831549184454,0.22209831549184456,0.003081639099121094,0.002664574310557777,375.29446862777473
Muon update,975,1022361600,block06.k,0.04805427044630051,0.04603124037384987,0.045042913407087326,0.0440964475274086,0.043649282306432724,22.26304841882394,0.22263048418823939,0.003089614868164063,0.0026525807700759074,376.99134792844916
Muon update,975,1022361600,block06.v,0.052680060267448425,0.0485941506922245,0.046989958733320236,0.04389540106058121,0.01935701258480549,21.295487776314967,0.21295487776314967,0.0038182945251464847,0.0028970775215025335,345.1754371699941
Muon update,975,1022361600,block06.o,0.047316309064626694,0.04587313532829285,0.04486693814396858,0.044013895094394684,0.043627988547086716,22.30803994953209,0.2230803994953209,0.0033996337890625002,0.0026421405922421592,378.48099489338125
Muon update,975,1022361600,block06.up,0.04532928019762039,0.044960323721170425,0.0442383736371994,0.04345060512423515,0.0431477427482605,45.32151946230803,0.45321519462308035,0.008491963958740235,0.00209012592606328,478.44007269145004
Muon update,975,1022361600,block06.down,0.04535841569304466,0.04493157938122749,0.0441986620426178,0.04346635192632675,0.04317976534366608,22.620470303331967,0.22620470303331966,0.004837224578857422,0.002093138816068818,477.7514001092998
Muon update,975,1022361600,block08.q,0.048027750104665756,0.046040426939725876,0.045059219002723694,0.044115837663412094,0.04352404922246933,22.254777049853775,0.22254777049853774,0.0028614994049072267,0.002654028008828871,376.78577493282177
Muon update,975,1022361600,block08.k,0.04809696227312088,0.046000607311725616,0.04501067474484444,0.04409653693437576,0.04364783689379692,22.26057900900539,0.2226057900900539,0.002919077491760254,0.0026495225658431654,377.4264891689145
Muon update,975,1022361600,block08.v,0.051153238862752914,0.04722602665424347,0.045947685837745667,0.04482010751962662,0.02703608013689518,21.816226101763274,0.21816226101763275,0.0038129943847656253,0.002762401438139453,362.00386598173986
Muon update,975,1022361600,block08.o,0.05000799149274826,0.04665898531675339,0.04553285241127014,0.04449420049786568,0.033624280244112015,22.025245478900185,0.22025245478900185,0.0035324440002441407,0.002708012276198213,369.274544576254
Muon update,975,1022361600,block08.up,0.045315977185964584,0.044949546456336975,0.04423971846699715,0.04345737397670746,0.04314816743135452,45.21894475891119,0.45218944758911195,0.008324215698242187,0.0020937960655481036,477.601432371698
Muon update,975,1022361600,block08.down,0.04538746550679207,0.044994376599788666,0.04417666047811508,0.043437354266643524,0.043134257197380066,22.65535327206321,0.22655353272063208,0.0051538902282714846,0.002310714381192472,432.76659726501464
Muon update,1000,1048576000,block02.q,0.05323014035820961,0.04917516931891441,0.04763283208012581,0.04145439341664314,0.01661200262606144,20.905159675401134,0.20905159675401133,0.0035749660491943363,0.003004612133771914,332.82166065961576
Muon update,1000,1048576000,block02.k,0.05293947830796242,0.048817142844200134,0.04733844846487045,0.043551284819841385,0.01776655577123165,21.071651023066288,0.21071651023066287,0.003466364288330078,0.0029609653299900313,337.72769639398877
Muon update,1000,1048576000,block02.v,0.05807332322001457,0.053299859166145325,0.05081646516919136,0.02544286847114563,0.009082476608455181,19.272396665388815,0.19272396665388816,0.002999678421020508,0.0035368122459551593,282.7404822361267
Muon update,1000,1048576000,block02.o,0.05013599991798401,0.046720534563064575,0.0456053726375103,0.04458789899945259,0.03182521089911461,21.99699532333538,0.2199699532333538,0.0027622892379760744,0.0027194923262401915,367.7156910321349
Muon update,1000,1048576000,block02.up,0.04847918078303337,0.044484999030828476,0.04352258890867233,0.04254496470093727,0.04211848974227905,46.522927148674306,0.4652292714867431,0.008742728424072267,0.0024320605264201017,411.1739774305539
Muon update,1000,1048576000,block02.down,0.04532035067677498,0.04496230185031891,0.044224828481674194,0.043456483632326126,0.04315216466784477,22.610883442178725,0.22610883442178725,0.00426889533996582,0.002090707072467668,478.307082407148
Muon update,1000,1048576000,block04.q,0.04954821616411209,0.04650019109249115,0.04540379345417023,0.04440305382013321,0.035251714289188385,22.094238437775054,0.22094238437775054,0.003377344512939453,0.002693965311009197,371.2000284166191
Muon update,1000,1048576000,block04.k,0.0495966374874115,0.04642057791352272,0.04531622678041458,0.044365931302309036,0.035977527499198914,22.107291175800853,0.22107291175800853,0.00337362060546875,0.0026898959460517347,371.76159229051717
Muon update,1000,1048576000,block04.v,0.05448991805315018,0.050287067890167236,0.04804069548845291,0.03639847785234451,0.014610791578888893,20.673119849570973,0.20673119849570973,0.003478569030761719,0.0030748979012723693,325.2140500620224
Muon update,1000,1048576000,block04.o,0.04813121631741524,0.04610021039843559,0.04508879408240318,0.04414701834321022,0.042537614703178406,22.22223323262374,0.2222223323262374,0.0030691127777099612,0.0026601302427862183,375.9214432119687
Muon update,1000,1048576000,block04.up,0.04538257047533989,0.044984959065914154,0.04417291656136513,0.043426819145679474,0.043133120983839035,45.30892294377663,0.4530892294377663,0.008425315856933594,0.0022011327793836077,454.3115296661177
Muon update,1000,1048576000,block04.down,0.04536840319633484,0.04493175446987152,0.0441785492002964,0.04347473755478859,0.04320048913359642,22.603100193234084,0.22603100193234085,0.004522606658935547,0.002094431936685029,477.45643221175965
Muon update,1000,1048576000,block06.q,0.048772525042295456,0.046200212091207504,0.0451931469142437,0.04422970861196518,0.0402454175055027,22.19709667307222,0.2219709667307222,0.003110285568237305,0.002667683131881163,374.85711404368806
Muon update,1000,1048576000,block06.k,0.0479375384747982,0.04602422937750816,0.04507461190223694,0.04413755610585213,0.04361901804804802,22.263052141273715,0.22263052141273715,0.003115435791015625,0.002650639073946817,377.2675087412011
Muon update,1000,1048576000,block06.v,0.05311698094010353,0.04906648397445679,0.04714052006602287,0.04207263141870499,0.018052272498607635,21.156352692967737,0.21156352692967736,0.0038728294372558595,0.002936328245525935,340.5613801943614
Muon update,1000,1048576000,block06.o,0.04726128280162811,0.045927707105875015,0.044910162687301636,0.04406503587961197,0.04366757720708847,22.27715272119034,0.2227715272119034,0.003444329071044922,0.0026447534962840274,378.10707175736246
Muon update,1000,1048576000,block06.up,0.04533781483769417,0.04496730491518974,0.0442298948764801,0.04346192255616188,0.04313156008720398,45.29819279528185,0.4529819279528185,0.008586688232421875,0.0020962381324544227,477.0450382128722
Muon update,1000,1048576000,block06.down,0.045351676642894745,0.04494708031415939,0.04420159384608269,0.0434701032936573,0.04317875951528549,22.596944659687576,0.22596944659687576,0.004897968292236328,0.0020913434965864064,478.1615270911972
Muon update,1000,1048576000,block08.q,0.04856925830245018,0.04610562324523926,0.04507657140493393,0.04414347931742668,0.04239492118358612,22.23794085904579,0.2223794085904579,0.0028827003479003905,0.0026547005277061247,376.69032328255895
Muon update,1000,1048576000,block08.k,0.04829487204551697,0.046100784093141556,0.04509228840470314,0.04415801167488098,0.0418134480714798,22.23596527718573,0.22235965277185732,0.002939562225341797,0.0026601194831110675,375.92296374239487
Muon update,1000,1048576000,block08.v,0.05155881866812706,0.04756100848317146,0.046143341809511185,0.045018624514341354,0.024867629632353783,21.698961115408494,0.21698961115408494,0.003874875259399414,0.002793121377932542,358.0223931192694
Muon update,1000,1048576000,block08.o,0.051285672932863235,0.047353096306324005,0.04607037454843521,0.044901713728904724,0.026202799752354622,21.76278444883542,0.21762784448835418,0.0035875766754150393,0.0027755824382691557,360.28474103748715
Muon update,1000,1048576000,block08.up,0.04534947872161865,0.044989824295043945,0.04420818015933037,0.04345066472887993,0.04313541576266289,45.317200399202726,0.4531720039920273,0.008412508392333986,0.0020948588598313084,477.359128662504
Muon update,1000,1048576000,block08.down,0.04697338491678238,0.04471966251730919,0.04383024573326111,0.04286585748195648,0.04249154031276703,22.995876847617353,0.22995876847617353,0.00522009162902832,0.002478635182676117,403.44783572398353
Muon update,1025,1074790400,block02.q,0.05333029851317406,0.04924112558364868,0.04760657250881195,0.0409427210688591,0.015572921372950077,20.870585788075395,0.20870585788075396,0.0036235054016113283,0.0030173345313109223,331.41833947246687
Muon update,1025,1074790400,block02.k,0.0530317984521389,0.04890225827693939,0.04731041565537453,0.04331144690513611,0.017393972724676132,21.051057538495577,0.21051057538495577,0.003510433959960938,0.002968128590034161,336.91262681732087
Muon update,1025,1074790400,block02.v,0.057639945298433304,0.05301755666732788,0.05055757611989975,0.02558286115527153,0.009466319344937801,19.395524778357306,0.19395524778357306,0.0030341432571411135,0.0034933241255836883,286.26029651139606
Muon update,1025,1074790400,block02.o,0.0500849150121212,0.046704988926649094,0.04559246450662613,0.044530972838401794,0.03249574825167656,22.002130956449783,0.22002130956449784,0.002791658401489258,0.002717213248679809,368.0241145908817
Muon update,1025,1074790400,block02.up,0.048482004553079605,0.04448578134179115,0.04351924732327461,0.042565613985061646,0.04214448481798172,46.501748528095455,0.46501748528095455,0.008852899169921876,0.0024319245783767235,411.19696264079306
Muon update,1025,1074790400,block02.down,0.045338988304138184,0.04496583342552185,0.04420902580022812,0.043458227068185806,0.04316135495901108,22.599703132103635,0.22599703132103635,0.004318932342529297,0.0020917816906786957,478.06136006264677
Muon update,1025,1074790400,block04.q,0.04908612370491028,0.04630734398961067,0.045273713767528534,0.044282466173172,0.03846615552902222,22.14728253055212,0.22147282530552118,0.0034152122497558596,0.002678316268062822,373.3689004261181
Muon update,1025,1074790400,block04.k,0.049218982458114624,0.04635492339730263,0.045277513563632965,0.04432447627186775,0.03767017647624016,22.13855499451174,0.2213855499451174,0.0034083171844482424,0.0026813188946995248,372.95078999249824
Muon update,1025,1074790400,block04.v,0.054081082344055176,0.04984840750694275,0.047802433371543884,0.037831176072359085,0.016284046694636345,20.791134752888013,0.20791134752888013,0.003523329162597656,0.003038893558596989,329.06713602094203
Muon update,1025,1074790400,block04.o,0.047883808612823486,0.046076755970716476,0.04506375268101692,0.0441477932035923,0.043652571737766266,22.230877336596635,0.22230877336596636,0.0031060852050781252,0.00265586612173975,376.52500320495847
Muon update,1025,1074790400,block04.up,0.04537587612867355,0.04498317092657089,0.04418698325753212,0.04344797134399414,0.04315228387713432,45.29700380383169,0.4529700380383169,0.008517475891113282,0.0021431154655751072,466.6104165001903
Muon update,1025,1074790400,block04.down,0.04535546898841858,0.044912878423929214,0.04418878257274628,0.043477848172187805,0.04319551959633827,22.617952097495426,0.22617952097495425,0.004576356887817383,0.0020953407350978726,477.2493481606897
Muon update,1025,1074790400,block06.q,0.048625148832798004,0.046135809272527695,0.045104846358299255,0.044175080955028534,0.04099024459719658,22.221266185703943,0.22221266185703945,0.0031394132614135746,0.0026618117093581,375.68397362003924
Muon update,1025,1074790400,block06.k,0.04799142852425575,0.0460127517580986,0.045043233782052994,0.04409271106123924,0.04365893080830574,22.275559398849214,0.22275559398849215,0.0031421911239624023,0.0026499601660352617,377.36416298519316
Muon update,1025,1074790400,block06.v,0.052273668348789215,0.04822857305407524,0.04666629806160927,0.04542797803878784,0.0214142594486475,21.436718996349395,0.21436718996349396,0.003926218414306641,0.002858251825432326,349.86420409221455
Muon update,1025,1074790400,block06.o,0.04716980457305908,0.0459345206618309,0.04496316984295845,0.04406740143895149,0.043656885623931885,22.287919859088614,0.22287919859088615,0.003488314819335938,0.0026469299222858234,377.7961749498924
Muon update,1025,1074790400,block06.up,0.04531506448984146,0.04495735466480255,0.0442381352186203,0.04347837716341019,0.04315133020281792,45.319744850223884,0.45319744850223886,0.008678543853759766,0.0020947132509621103,477.39231111499197
Muon update,1025,1074790400,block06.down,0.04534958675503731,0.04491697624325752,0.0441850982606411,0.043488599359989166,0.04319726303219795,22.605693932125945,0.22605693932125945,0.0049581390380859375,0.0020936174252930706,477.64218424959716
Muon update,1025,1074790400,block08.q,0.04779396951198578,0.04596397653222084,0.04501527547836304,0.044059041887521744,0.04362649843096733,22.306680195059364,0.22306680195059364,0.0029042991638183594,0.0026422374852820424,378.4671156814113
Muon update,1025,1074790400,block08.k,0.048037122935056686,0.046015601605176926,0.04499916732311249,0.04409283772110939,0.04365940019488335,22.276444224099148,0.22276444224099148,0.0029594869613647464,0.002648336126305273,377.59557409168923
Muon update,1025,1074790400,block08.v,0.05082642287015915,0.04709915444254875,0.04587899148464203,0.04474474862217903,0.028382519260048866,21.869430656145713,0.21869430656145714,0.003934910583496094,0.0027506935294130536,363.5446803895239
Muon update,1025,1074790400,block08.o,0.049853526055812836,0.04655792564153671,0.0454195961356163,0.04443266615271568,0.03393835201859474,22.078758970658637,0.22078758970658638,0.003640334701538086,0.0026959351882480664,370.92879842183544
Muon update,1025,1074790400,block08.up,0.04533252492547035,0.04494514316320419,0.044217128306627274,0.04346388205885887,0.04318258538842201,45.194017576448516,0.4519401757644852,0.008499761199951172,0.0020971432282488323,476.83915267677037
Muon update,1025,1074790400,block08.down,0.045372508466243744,0.04498967155814171,0.04420924186706543,0.043430596590042114,0.04312600567936897,22.65619612601419,0.22656196126014191,0.005285308074951172,0.002182526053853398,458.1846792776801
Muon update,1050,1101004800,block02.q,0.05358203873038292,0.04941854998469353,0.04774945229291916,0.04008060321211815,0.015321122482419014,20.840720402279587,0.20840720402279586,0.0036699684143066407,0.003026855744332535,330.3758369959961
Muon update,1050,1101004800,block02.k,0.05352342128753662,0.04931655898690224,0.04774961993098259,0.040516145527362823,0.015496063977479935,20.858288088130962,0.20858288088130963,0.003552635955810547,0.0030219658834198526,330.91042009658133
Muon update,1050,1101004800,block02.v,0.05791337043046951,0.05328787863254547,0.050767429172992706,0.025597399100661278,0.009305090643465519,19.298427487635255,0.19298427487635256,0.003068007278442383,0.0035263496777283715,283.57936432560115
Muon update,1050,1101004800,block02.o,0.05037350207567215,0.04684652388095856,0.04571661353111267,0.04467148706316948,0.030317693948745728,21.935549476391728,0.21935549476391727,0.0028216054916381838,0.0027333788894018524,365.84756100857675
Muon update,1050,1101004800,block02.up,0.04840358346700668,0.04447726532816887,0.0435204952955246,0.04249957948923111,0.04206108674407005,46.58816621665701,0.46588166216657007,0.008961770629882813,0.002423324232656357,412.65629523451656
Muon update,1050,1101004800,block02.down,0.04532058537006378,0.04496489837765694,0.04423179849982262,0.0434538833796978,0.04313913732767105,22.62536365485605,0.22625363654856048,0.004367996215820313,0.0020895414546659996,478.57389848235573
Muon update,1050,1101004800,block04.q,0.04943977668881416,0.046428851783275604,0.04533223435282707,0.04437566548585892,0.036345940083265305,22.100047728113843,0.22100047728113845,0.0034493885040283207,0.0026901320529072598,371.7289636095326
Muon update,1050,1101004800,block04.k,0.049607664346694946,0.04646480083465576,0.045387640595436096,0.04439365863800049,0.03584688529372215,22.091267030683603,0.22091267030683603,0.003440456771850586,0.002691948605901398,371.47811730423075
Muon update,1050,1101004800,block04.v,0.05484075844287872,0.050756145268678665,0.04831529036164284,0.03480493277311325,0.014035489410161972,20.535923164574385,0.20535923164574385,0.0035664546966552736,0.0031181152259179973,320.70655750240667
Muon update,1050,1101004800,block04.o,0.04832829162478447,0.04603305086493492,0.04502060264348984,0.04411262646317482,0.04295048490166664,22.250856609381554,0.22250856609381553,0.0031413732528686525,0.0026552506592827374,376.61227820582855
Muon update,1050,1101004800,block04.up,0.04537798836827278,0.044975779950618744,0.0441788025200367,0.0434146523475647,0.04312167316675186,45.310855357566616,0.45310855357566615,0.00860775375366211,0.0022519428830867216,444.06099617824555
Muon update,1050,1101004800,block04.down,0.04536012187600136,0.044923897832632065,0.0441838875412941,0.0434785857796669,0.043194595724344254,22.604540888494306,0.22604540888494307,0.004629792022705078,0.002094514453581678,477.4376220178248
Muon update,1050,1101004800,block06.q,0.04889332875609398,0.046209242194890976,0.04518754407763481,0.04421507939696312,0.03951011598110199,22.20509998110336,0.2220509998110336,0.003169392776489258,0.002665005074764304,375.23380704573
Muon update,1050,1101004800,block06.k,0.04796752333641052,0.04601588845252991,0.045047830790281296,0.04411415383219719,0.04363730549812317,22.27635930106763,0.2227635930106763,0.0031684999465942383,0.0026458724483872237,377.9471684697213
Muon update,1050,1101004800,block06.v,0.05324725806713104,0.04912618547677994,0.047268953174352646,0.04147087410092354,0.018019268289208412,21.129313986688068,0.2112931398668807,0.003978606414794922,0.002942711877001125,339.8225996284371
Muon update,1050,1101004800,block06.o,0.047150805592536926,0.04588775336742401,0.04489996284246445,0.04402034357190132,0.04362214729189873,22.29766825416684,0.22297668254166841,0.0035310283660888674,0.0026398352153274157,378.81152361094297
Muon update,1050,1101004800,block06.up,0.04533437266945839,0.044974930584430695,0.04421890527009964,0.04346794635057449,0.04314298927783966,45.314168812337165,0.45314168812337163,0.008769842529296875,0.0020948039575321986,477.3716396726968
Muon update,1050,1101004800,block06.down,0.04536047950387001,0.044928912073373795,0.04419136047363281,0.043473679572343826,0.04318328946828842,22.597572545874115,0.22597572545874114,0.005016713714599609,0.0020956606517597565,477.17649284500595
Muon update,1050,1101004800,block08.q,0.048075221478939056,0.046036455780267715,0.04500294849276543,0.044104985892772675,0.0430716872215271,22.270740424109732,0.22270740424109733,0.0029266439437866214,0.002647797829618048,377.6723391846924
Muon update,1050,1101004800,block08.k,0.048285484313964844,0.046052783727645874,0.04504520818591118,0.044106051325798035,0.04316055402159691,22.251545210078575,0.22251545210078574,0.002980495834350586,0.002652999434744077,376.9318556588631
Muon update,1050,1101004800,block08.v,0.051319368183612823,0.04744100943207741,0.04612061753869057,0.044941339641809464,0.02540857344865799,21.743770478522404,0.21743770478522403,0.00399507064819336,0.002780499025036867,359.64767151347615
Muon update,1050,1101004800,block08.o,0.050488848239183426,0.046884313225746155,0.045710351318120956,0.04463191702961922,0.030033893883228302,21.950689313000968,0.21950689313000968,0.0036930271148681642,0.002728772311775318,366.4651666556261
Muon update,1050,1101004800,block08.up,0.04531632736325264,0.04497029259800911,0.044237952679395676,0.04345657303929329,0.04313703253865242,45.2912500495882,0.452912500495882,0.008587203979492189,0.0020938628871439158,477.5861906430876
Muon update,1050,1101004800,block08.down,0.04537380114197731,0.04495752975344658,0.04413284733891487,0.04333847761154175,0.04303963482379913,22.69688543633181,0.22696885436331812,0.005349534225463868,0.0025360866144217425,394.30829937486646
Muon update,1075,1127219200,block02.q,0.05307168886065483,0.04904292896389961,0.04750728979706764,0.04224603995680809,0.01701168157160282,20.964140906900308,0.20964140906900308,0.0037167888641357425,0.002989541972191978,334.49940134701797
Muon update,1075,1127219200,block02.k,0.05255628004670143,0.04858699440956116,0.047093264758586884,0.04506978020071983,0.01829264871776104,21.146612492763207,0.2114661249276321,0.0035955242156982424,0.002939348124227928,340.21148830837035
Muon update,1075,1127219200,block02.v,0.057342831045389175,0.05272404104471207,0.050331275910139084,0.026629561558365822,0.00969010777771473,19.51072580715471,0.1951072580715471,0.003101520347595215,0.0034519962782347258,289.6874502168866
Muon update,1075,1127219200,block02.o,0.04998605325818062,0.04669186845421791,0.04557545855641365,0.04455184191465378,0.03291568160057068,22.000067443326053,0.22000067443326055,0.002849735260009766,0.0027156622977637795,368.23429806550433
Muon update,1075,1127219200,block02.up,0.04845321923494339,0.044500239193439484,0.043521057814359665,0.04255504533648491,0.042135950177907944,46.49628834532278,0.46496288345322784,0.00907131576538086,0.0024335271696923066,410.92617023315967
Muon update,1075,1127219200,block02.down,0.04533323645591736,0.044961463660001755,0.04421696811914444,0.04345408454537392,0.043152909725904465,22.60648367778665,0.22606483677786648,0.0044168983459472655,0.0020935700391761097,477.6529952604469
Muon update,1075,1127219200,block04.q,0.049554526805877686,0.04647469520568848,0.04540185630321503,0.04439331218600273,0.03569294512271881,22.081798622322818,0.22081798622322818,0.003483370590209961,0.0026956322916443926,370.9704780951333
Muon update,1075,1127219200,block04.k,0.04954936355352402,0.046450041234493256,0.045328691601753235,0.04437345638871193,0.03575470298528671,22.100841523151452,0.22100841523151452,0.003471278762817383,0.0026899110163925016,371.7595094803998
Muon update,1075,1127219200,block04.v,0.054497845470905304,0.05028195306658745,0.04811225086450577,0.03622683510184288,0.015030714683234692,20.651039506642427,0.20651039506642427,0.0036082824707031253,0.003084725852311232,324.1779165726347
Muon update,1075,1127219200,block04.o,0.04802381992340088,0.04600944370031357,0.04501789063215256,0.044084466993808746,0.04365888983011246,22.265437269460378,0.22265437269460378,0.003176589012145996,0.0026505853718490485,377.27515235715646
Muon update,1075,1127219200,block04.up,0.045377958565950394,0.044981129467487335,0.04421296715736389,0.04342968761920929,0.043132103979587555,45.33245813490146,0.4533245813490146,0.008696936798095703,0.0021934336242344227,455.90620520784233
Muon update,1075,1127219200,block04.down,0.04536448419094086,0.0449054054915905,0.044201672077178955,0.04346922039985657,0.043183583766222,22.612751233140315,0.22612751233140316,0.00468245964050293,0.0020926670781885037,477.85909685435485
Muon update,1075,1127219200,block06.q,0.04858507961034775,0.04615719988942146,0.04517560824751854,0.04418306425213814,0.040332697331905365,22.21980180270641,0.2221980180270641,0.003196859169006348,0.0026611744190527947,375.77394132472347
Muon update,1075,1127219200,block06.k,0.0479763001203537,0.04601294547319412,0.045070990920066833,0.04410848021507263,0.043643735349178314,22.271855817694842,0.2227185581769484,0.0031928401947021487,0.002647591957102305,377.70170638169805
Muon update,1075,1127219200,block06.v,0.052961234003305435,0.048870913684368134,0.047073185443878174,0.042935971170663834,0.01886981725692749,21.23412205887871,0.21234122058878713,0.0040301677703857425,0.002916799236099568,342.8415598933131
Muon update,1075,1127219200,block06.o,0.04689517989754677,0.04586560279130936,0.04490923136472702,0.043992944061756134,0.04359368979930878,22.320245449089107,0.22320245449089107,0.003571996307373047,0.0026359458106967187,379.37046958324436
Muon update,1075,1127219200,block06.up,0.04533351957798004,0.04495310038328171,0.04422010853886604,0.04346858710050583,0.04315086826682091,45.29286800632845,0.45292868006328446,0.008859101104736328,0.002094606519806322,477.4166367497343
Muon update,1075,1127219200,block06.down,0.04536086693406105,0.04491686448454857,0.04419577121734619,0.04347672313451767,0.04319470375776291,22.601847077532195,0.22601847077532194,0.005074163055419922,0.0020933941356913316,477.6931314321064
Muon update,1075,1127219200,block08.q,0.04795997962355614,0.04599926248192787,0.04500693082809448,0.0440785251557827,0.0436493344604969,22.283967453191195,0.22283967453191195,0.0029472225189208986,0.0026469452551030614,377.79398651033455
Muon update,1075,1127219200,block08.k,0.047858137637376785,0.04601086676120758,0.04504525661468506,0.044081419706344604,0.04363232105970383,22.276930287607048,0.22276930287607047,0.0029997896194458007,0.0026471503358027754,377.76471795914824
Muon update,1075,1127219200,block08.v,0.05116951838135719,0.04732564836740494,0.04598349332809448,0.044846855103969574,0.027030540630221367,21.79702829104483,0.2179702829104483,0.004054664993286133,0.0027668477920606144,361.4221219069114
Muon update,1075,1127219200,block08.o,0.050058189779520035,0.04667305573821068,0.045547112822532654,0.044509660452604294,0.03302384540438652,22.026092661027484,0.22026092661027485,0.003745890045166016,0.002711835356211792,368.753950238674
Muon update,1075,1127219200,block08.up,0.04533553123474121,0.044955454766750336,0.0442056879401207,0.04345995560288429,0.043161194771528244,45.19606048919266,0.45196060489192663,0.00867012939453125,0.002094297594471342,477.487059451275
Muon update,1075,1127219200,block08.down,0.04536942392587662,0.04498656094074249,0.04418753832578659,0.04343927279114723,0.04311634600162506,22.658941792787758,0.22658941792787757,0.0054116889953613285,0.0024074178556075104,415.38281261424413
Muon update,1100,1153433600,block02.q,0.05350131168961525,0.04940212517976761,0.047681502997875214,0.04037855193018913,0.015902027487754822,20.84039475557548,0.2084039475557548,0.0037643836975097657,0.0030246639553657695,330.61524015783465
Muon update,1100,1153433600,block02.k,0.05299784243106842,0.04885769635438919,0.04733218252658844,0.043501757085323334,0.01761133037507534,21.049352024277603,0.21049352024277604,0.0036390151977539064,0.00296906347807685,336.80654097962554
Muon update,1100,1153433600,block02.v,0.058278270065784454,0.053670886904001236,0.05101967975497246,0.02439435012638569,0.008831494487822056,19.19596798637766,0.1919596798637766,0.0031361799240112306,0.0035635781770864683,280.61682676976824
Muon update,1100,1153433600,block02.o,0.050183333456516266,0.04684920236468315,0.045716360211372375,0.04463757202029228,0.03101993352174759,21.938789576000747,0.21938789576000747,0.00287879638671875,0.0027306871264932836,366.2081936439889
Muon update,1100,1153433600,block02.up,0.048443954437971115,0.044754620641469955,0.04346844181418419,0.042427659034729004,0.04201259836554527,46.645037382183006,0.4664503738218301,0.009178772735595704,0.0024178378686246504,413.5926618474358
Muon update,1100,1153433600,block02.down,0.04532942175865173,0.04495526850223541,0.044231824576854706,0.04346320033073425,0.04315482825040817,22.61368194964633,0.2261368194964633,0.004465306854248047,0.002088214776414299,478.87794459395275
Muon update,1100,1153433600,block04.q,0.049207448959350586,0.046327970921993256,0.04526906833052635,0.04428226873278618,0.037488292902708054,22.152285943787458,0.2215228594378746,0.0035185379028320313,0.0026759122946064112,373.7043258165103
Muon update,1100,1153433600,block04.k,0.04900567606091499,0.046320393681526184,0.045235373079776764,0.04428806155920029,0.038102444261312485,22.151222500641932,0.22151222500641932,0.0035039234161376954,0.002680233743796237,373.1017872283099
Muon update,1100,1153433600,block04.v,0.05546272173523903,0.0512540228664875,0.04866597428917885,0.03291872888803482,0.01325636450201273,20.312070364814765,0.20312070364814766,0.003652070236206055,0.0031857792612024483,313.89494312376104
Muon update,1100,1153433600,block04.o,0.04801938310265541,0.04607876017689705,0.04507092759013176,0.044128913432359695,0.042756158858537674,22.241055624652972,0.22241055624652972,0.0032125816345214843,0.0026547369966328227,376.68514857342393
Muon update,1100,1153433600,block04.up,0.04538553208112717,0.044990528374910355,0.04413561895489693,0.04338561370968819,0.04308515787124634,45.33860896027658,0.45338608960276583,0.008785125732421876,0.00229038671873405,436.6074915736166
Muon update,1100,1153433600,block04.down,0.04537421837449074,0.04492660239338875,0.044175952672958374,0.043481405824422836,0.043201033025979996,22.604193349008366,0.22604193349008367,0.004733891296386719,0.002093850954637891,477.58891232682765
Muon update,1100,1153433600,block06.q,0.048998765647411346,0.046234987676143646,0.04518704116344452,0.04419891536235809,0.039074260741472244,22.203546647241062,0.22203546647241063,0.0032243831634521485,0.0026661536930566165,375.0721507932081
Muon update,1100,1153433600,block06.k,0.04819173365831375,0.046094492077827454,0.04510520398616791,0.044163789600133896,0.04213642701506615,22.23406152316681,0.22234061523166812,0.003218303680419922,0.0026579142091753827,376.23486738131015
Muon update,1100,1153433600,block06.v,0.05343823507428169,0.04926619306206703,0.04733336344361305,0.04084497317671776,0.016997508704662323,21.068270818058327,0.21068270818058327,0.004081437301635743,0.002961219940166418,337.6986580550315
Muon update,1100,1153433600,block06.o,0.047133177518844604,0.04586226865649223,0.044934771955013275,0.04401709884405136,0.04362168535590172,22.31480044937199,0.2231480044937199,0.0036130977630615237,0.0026399071833110993,378.80119661849307
Muon update,1100,1153433600,block06.up,0.04533878341317177,0.04496564716100693,0.04422851651906967,0.04345446079969406,0.043141115456819534,45.30377700791764,0.4530377700791764,0.008948587036132813,0.0020946989290516194,477.3955751496721
Muon update,1100,1153433600,block06.down,0.0453556664288044,0.04493119195103645,0.044199515134096146,0.04346754401922226,0.043186649680137634,22.59971204769959,0.2259971204769959,0.005131351470947266,0.002092156543199941,477.97570561833095
Muon update,1100,1153433600,block08.q,0.04806209355592728,0.04605691134929657,0.04506389796733856,0.04412226378917694,0.04316285625100136,22.256007740996115,0.22256007740996114,0.002968195343017578,0.002653141811283233,376.9116282240242
Muon update,1100,1153433600,block08.k,0.04796165972948074,0.045999061316251755,0.0450345054268837,0.04410006105899811,0.043622978031635284,22.272516348817824,0.22272516348817825,0.003019580459594727,0.002648534359024915,377.56731249964236
Muon update,1100,1153433600,block08.v,0.051197394728660583,0.04737411066889763,0.04606161266565323,0.044891588389873505,0.02607443928718567,21.783205073600154,0.21783205073600154,0.004114751052856446,0.0027720092575046623,360.7491559751106
Muon update,1100,1153433600,block08.o,0.049997732043266296,0.04662483558058739,0.0454951710999012,0.04445868358016014,0.033369142562150955,22.05541678520116,0.2205541678520116,0.0037995574951171875,0.002704975748810734,369.68908147870036
Muon update,1100,1153433600,block08.up,0.0453377403318882,0.04494260624051094,0.04420844092965126,0.04346570000052452,0.04316868633031845,45.19112452130578,0.4519112452130578,0.008753379058837892,0.0020935182218778797,477.6648177931802
Muon update,1100,1153433600,block08.down,0.045380931347608566,0.044981520622968674,0.04418575018644333,0.04343508929014206,0.04311832785606384,22.650837710556672,0.22650837710556673,0.005473160171508789,0.0023100805016586096,432.88534719115296
Muon update,1125,1179648000,block02.q,0.053271133452653885,0.049136675894260406,0.04752224311232567,0.041441790759563446,0.01663241535425186,20.93257924298068,0.2093257924298068,0.003810943222045899,0.003000256507972532,333.3048348841896
Muon update,1125,1179648000,block02.k,0.05279512330889702,0.048887770622968674,0.047378282994031906,0.043080251663923264,0.01800943911075592,21.02524146213647,0.2102524146213647,0.0036812717437744143,0.00297322212270551,336.3354498015241
Muon update,1125,1179648000,block02.v,0.058451130986213684,0.053709227591753006,0.05111830309033394,0.02440042234957218,0.008809704333543777,19.164303328304285,0.19164303328304286,0.0031691989898681642,0.0035777826178806788,279.5027274721224
Muon update,1125,1179648000,block02.o,0.05037059262394905,0.04686957225203514,0.04571742191910744,0.044622812420129776,0.030832823365926743,21.947584295569353,0.21947584295569353,0.0029071640014648437,0.0027266472998683927,366.7507711937173
Muon update,1125,1179648000,block02.up,0.04842304438352585,0.044727373868227005,0.043477728962898254,0.04246335104107857,0.04201964661478996,46.64029787711297,0.46640297877112974,0.009284962463378907,0.002418365084126531,413.5024966096803
Muon update,1125,1179648000,block02.down,0.0453232116997242,0.044968243688344955,0.044211942702531815,0.04345707967877388,0.04315691813826561,22.605790954807397,0.22605790954807398,0.004512533950805664,0.00209375276845071,477.6113087792874
Muon update,1125,1179648000,block04.q,0.049364157021045685,0.046380020678043365,0.04533412680029869,0.0443401075899601,0.03696246072649956,22.133883877610582,0.22133883877610583,0.003552643203735352,0.0026843645075783074,372.5276493474977
Muon update,1125,1179648000,block04.k,0.04956169053912163,0.04640870541334152,0.04534706845879555,0.04434235766530037,0.0365787148475647,22.12080275792793,0.2212080275792793,0.003535050964355469,0.0026876532545873216,372.07180587495316
Muon update,1125,1179648000,block04.v,0.055032916367053986,0.05089421570301056,0.04833810403943062,0.03404070809483528,0.014032375998795033,20.477421344215035,0.20477421344215035,0.0036938358306884767,0.0031311792570422187,319.3684927973821
Muon update,1125,1179648000,block04.o,0.04821676388382912,0.04603185877203941,0.04503545165061951,0.04409996047616005,0.04319247603416443,22.26543159408402,0.2226543159408402,0.0032472110748291015,0.002650042244065634,377.35247513104656
Muon update,1125,1179648000,block04.up,0.04538210481405258,0.044971514493227005,0.04419376701116562,0.04338926821947098,0.0430929958820343,45.34462730347802,0.4534462730347802,0.008871518707275391,0.0022792130032481955,438.7479356141181
Muon update,1125,1179648000,block04.down,0.04536590352654457,0.0449208989739418,0.044187840074300766,0.04346618056297302,0.043187372386455536,22.601872630072318,0.22601872630072317,0.004784542846679687,0.002094059266984305,477.54140284678726
Muon update,1125,1179648000,block06.q,0.04846864938735962,0.046135954558849335,0.04515296220779419,0.04417256638407707,0.041305799037218094,22.231735498652373,0.22231735498652375,0.0032516723632812503,0.0026581681148618724,376.19892978513263
Muon update,1125,1179648000,block06.k,0.04810435324907303,0.04605696350336075,0.045055996626615524,0.044132962822914124,0.043276865035295486,22.25401023432099,0.2225401023432099,0.0032434780120849612,0.0026510618051678453,377.20735067385107
Muon update,1125,1179648000,block06.v,0.052815984934568405,0.04869911074638367,0.04700559377670288,0.04340711608529091,0.019207989796996117,21.271457006475238,0.2127145700647524,0.004131919860839844,0.0029065879744494816,344.046011608991
Muon update,1125,1179648000,block06.o,0.0472838431596756,0.045887161046266556,0.04490458965301514,0.044022336602211,0.0436226949095726,22.304590472100895,0.22304590472100894,0.003653672790527344,0.0026402532558259667,378.7515450623557
Muon update,1125,1179648000,block06.up,0.04531961679458618,0.044959377497434616,0.04422685131430626,0.04347377270460129,0.04313921183347702,45.303420330579165,0.45303420330579164,0.009035899353027343,0.0020948390812804,477.36363567782183
Muon update,1125,1179648000,block06.down,0.04534273222088814,0.04492034390568733,0.04419800266623497,0.04346941411495209,0.04319380968809128,22.600754961047716,0.22600754961047717,0.005187554931640625,0.002094846242469084,477.3620038200766
Muon update,1125,1179648000,block08.q,0.047823697328567505,0.046084415167570114,0.0450785867869854,0.044163621962070465,0.04299338907003403,22.236991082179973,0.22236991082179974,0.002987145805358887,0.0026584189594674457,376.163432192918
Muon update,1125,1179648000,block08.k,0.04799135401844978,0.04602762311697006,0.0450420007109642,0.04412330687046051,0.043401408940553665,22.259422965289243,0.22259422965289244,0.003038614082336426,0.0026535156158493667,376.85853214016566
Muon update,1125,1179648000,block08.v,0.05106901377439499,0.047295693308115005,0.04601848125457764,0.04484257847070694,0.026691975072026253,21.81495338502421,0.2181495338502421,0.004172294235229492,0.002763070317301622,361.91623272786876
Muon update,1125,1179648000,block08.o,0.04974321275949478,0.04665924236178398,0.045511383563280106,0.04451296478509903,0.03397941589355469,22.029843669224356,0.22029843669224355,0.0038509037017822267,0.002710496564162279,368.93608839864567
Muon update,1125,1179648000,block08.up,0.045335400849580765,0.04494781047105789,0.04421323537826538,0.04346185177564621,0.04317562282085419,45.174700496226414,0.45174700496226416,0.00883546600341797,0.002092886920513473,477.80890128295033
Muon update,1125,1179648000,block08.down,0.04538418725132942,0.044990286231040955,0.044171273708343506,0.04344946891069412,0.0431312695145607,22.652482039687214,0.22652482039687216,0.005534310150146484,0.002301549510562495,434.48989274864726
Muon update,1150,1205862400,block02.q,0.05313216522336006,0.048961225897073746,0.0474633127450943,0.04244187846779823,0.016377389430999756,20.99216024371924,0.2099216024371924,0.003857383728027344,0.002983015345993323,335.2312623343234
Muon update,1150,1205862400,block02.k,0.05292220041155815,0.04881812259554863,0.04731602594256401,0.04354381188750267,0.017529649659991264,21.07359217440613,0.2107359217440613,0.00372241325378418,0.0029598744412240863,337.85216902188586
Muon update,1150,1205862400,block02.v,0.05767888203263283,0.05306640639901161,0.05060039460659027,0.02599433809518814,0.009361145086586475,19.387566154734508,0.1938756615473451,0.003200482177734375,0.0034950091526686627,286.1222836101691
Muon update,1150,1205862400,block02.o,0.05031570419669151,0.046847015619277954,0.04567670077085495,0.044626686722040176,0.030305692926049232,21.943093521968738,0.21943093521968737,0.002933895301818848,0.0027292156295340014,366.40564020613664
Muon update,1150,1205862400,block02.up,0.04841282591223717,0.04467117786407471,0.043489668518304825,0.04246513172984123,0.042021092027425766,46.64750251548846,0.46647502515488465,0.00938912582397461,0.0024184647449399105,413.4854568760092
Muon update,1150,1205862400,block02.down,0.04532880708575249,0.04495701566338539,0.044229768216609955,0.04344929754734039,0.04315095394849777,22.6144906559203,0.226144906559203,0.004558871459960937,0.0020917166060720055,478.0762351348737
Muon update,1150,1205862400,block04.q,0.049447424709796906,0.04639000818133354,0.04531211778521538,0.044322624802589417,0.037244975566864014,22.12303216282063,0.2212303216282063,0.0035867176055908207,0.0026845775953643902,372.4980800431158
Muon update,1150,1205862400,block04.k,0.049447741359472275,0.0464262031018734,0.04536934569478035,0.04435930773615837,0.03564484789967537,22.115988772425627,0.22115988772425627,0.003565506362915039,0.002685634666677039,372.35146403487164
Muon update,1150,1205862400,block04.v,0.05502249300479889,0.05086923763155937,0.04839412495493889,0.03445850685238838,0.014124934561550617,20.47705297159891,0.20477052971598908,0.0037346580505371097,0.0031339902894309546,319.0820352482879
Muon update,1150,1205862400,block04.o,0.04807664081454277,0.046067748218774796,0.04508878290653229,0.04414384439587593,0.04266507551074028,22.2371978135187,0.22237197813518703,0.003281230926513672,0.002657828168244558,376.2470470995421
Muon update,1150,1205862400,block04.up,0.04539070650935173,0.044973380863666534,0.04413020238280296,0.043358344584703445,0.04306451976299286,45.360338970732386,0.4536033897073239,0.008958262634277344,0.0023143130256898653,432.09366619794815
Muon update,1150,1205862400,block04.down,0.045361362397670746,0.04493451863527298,0.04418981820344925,0.043471094220876694,0.04319282993674278,22.600411724591208,0.22600411724591207,0.004835699844360352,0.00209166174496489,478.08877434758733
Muon update,1150,1205862400,block06.q,0.0491446778178215,0.04629853367805481,0.04523337259888649,0.044271890074014664,0.03853906691074371,22.175875481954193,0.22175875481954194,0.0032794929504394534,0.0026721766374654538,374.2267580591136
Muon update,1150,1205862400,block06.k,0.048161473125219345,0.04607115313410759,0.04504859447479248,0.044106900691986084,0.04308813065290451,22.260226844434293,0.22260226844434294,0.003269043731689453,0.0026520573897761412,377.0657467123701
Muon update,1150,1205862400,block06.v,0.05398596078157425,0.049956586211919785,0.047744978219270706,0.03810622915625572,0.015963122248649597,20.85720414229951,0.2085720414229951,0.004181827163696289,0.003021664442727001,330.94343165964415
Muon update,1150,1205862400,block06.o,0.04749679937958717,0.04593295976519585,0.044965580105781555,0.04407283291220665,0.043675944209098816,22.273301660235532,0.22273301660235534,0.003693842697143555,0.0026464473445595577,377.86506580444654
Muon update,1150,1205862400,block06.up,0.04536348953843117,0.0449952557682991,0.044212039560079575,0.04344581067562103,0.04312407225370407,45.30319514161037,0.4530319514161037,0.009121678161621094,0.002098472397919618,476.5371233814556
Muon update,1150,1205862400,block06.down,0.04533630982041359,0.044944871217012405,0.04420691356062889,0.043469540774822235,0.04317223280668259,22.591381459980813,0.22591381459980814,0.005243111801147461,0.0020912964769304043,478.17227783398533
Muon update,1150,1205862400,block08.q,0.0478200688958168,0.045948777347803116,0.04493951424956322,0.04403730109333992,0.04360194504261017,22.29839494468061,0.2229839494468061,0.0030065187454223633,0.002641890516835735,378.5168210519668
Muon update,1150,1205862400,block08.k,0.0476926751434803,0.045936815440654755,0.044959839433431625,0.04404843598604202,0.043623603880405426,22.300299283794356,0.22300299283794356,0.0030573610305786136,0.002644544293831666,378.13698274310445
Muon update,1150,1205862400,block08.v,0.05132265388965607,0.04738207533955574,0.04608801007270813,0.04490767791867256,0.026133794337511063,21.768296595011073,0.21768296595011072,0.004230568695068359,0.002774060435515327,360.48241314332927
Muon update,1150,1205862400,block08.o,0.050997115671634674,0.04722508043050766,0.04591599851846695,0.04481333866715431,0.02782997116446495,21.82383109231972,0.21823831092319718,0.003902121734619141,0.0027612870804784168,362.14995791989196
Muon update,1150,1205862400,block08.up,0.0453198179602623,0.044964469969272614,0.044239845126867294,0.0434662327170372,0.043130695819854736,45.29967391030124,0.45299673910301236,0.008916790771484375,0.0020906481365902257,478.32056599967376
Muon update,1150,1205862400,block08.down,0.04538555443286896,0.04490513727068901,0.044040001928806305,0.04321778938174248,0.042897868901491165,22.740707374591512,0.22740707374591512,0.0055949058532714846,0.0024913377229263123,401.39078327181
Muon update,1175,1232076800,block02.q,0.05374491587281227,0.04959471896290779,0.04790433868765831,0.039373986423015594,0.015040975995361805,20.750646618093214,0.20750646618093213,0.0039026424407958985,0.003053271004477276,327.5176027721134
Muon update,1175,1232076800,block02.k,0.053112518042325974,0.04896634444594383,0.04747594892978668,0.04301579296588898,0.017174094915390015,21.015621249278826,0.21015621249278826,0.0037636653900146484,0.0029745222960078643,336.1884364901584
Muon update,1175,1232076800,block02.v,0.05802178010344505,0.05332837626338005,0.05085700377821922,0.02474876120686531,0.009100543335080147,19.270662154660464,0.19270662154660465,0.003231065368652344,0.003538035291816413,282.6427430820239
Muon update,1175,1232076800,block02.o,0.05015558376908302,0.04678903892636299,0.045639608055353165,0.04461825266480446,0.03182942420244217,21.97502586278279,0.2197502586278279,0.002959134674072266,0.0027225953020871274,367.2966008695472
Muon update,1175,1232076800,block02.up,0.048393502831459045,0.04449502378702164,0.04355403408408165,0.042533911764621735,0.04211491346359253,46.53426157353486,0.46534261573534863,0.009490834045410157,0.0024316585721162604,411.24194468210436
Muon update,1175,1232076800,block02.down,0.045336879789829254,0.04495900124311447,0.044219668954610825,0.04345031827688217,0.04315563291311264,22.60413203181083,0.2260413203181083,0.004604587554931641,0.0020951616879239104,477.29013267271847
Muon update,1175,1232076800,block04.q,0.04945007339119911,0.046436503529548645,0.04533855617046356,0.044370491057634354,0.035744283348321915,22.10203112561846,0.2210203112561846,0.0036194618225097656,0.0026920433153707624,371.46504823689094
Muon update,1175,1232076800,block04.k,0.04953612759709358,0.04642944410443306,0.04535473510622978,0.04436032101511955,0.035811897367239,22.107729357234714,0.22107729357234715,0.0035958137512207035,0.002687325332115853,372.11720815828977
Muon update,1175,1232076800,block04.v,0.05456932261586189,0.050581518560647964,0.048163916915655136,0.03592977672815323,0.014702239073812962,20.613154250421562,0.20613154250421561,0.003774125671386719,0.003093307974521689,323.2785122711966
Muon update,1175,1232076800,block04.o,0.04830312728881836,0.04604189097881317,0.045019395649433136,0.044095318764448166,0.04362959414720535,22.270385809674885,0.22270385809674886,0.0033146835327148437,0.0026491766533159322,377.4757711035676
Muon update,1175,1232076800,block04.up,0.0453890785574913,0.04496549442410469,0.04416491463780403,0.043386753648519516,0.04309362545609474,45.33836463540098,0.4533836463540098,0.009042998504638673,0.002299502563118949,434.8766624741839
Muon update,1175,1232076800,block04.down,0.04535708203911781,0.04492143914103508,0.04419266805052757,0.043479230254888535,0.0431954525411129,22.60259772567362,0.22602597725673618,0.004885641098022461,0.0020947548529797744,477.3828300612393
Muon update,1175,1232076800,block06.q,0.0491061694920063,0.046331871300935745,0.04526776075363159,0.044289685785770416,0.0378260500729084,22.146469500534334,0.22146469500534335,0.0033068668365478517,0.002678356754726219,373.3632564950145
Muon update,1175,1232076800,block06.k,0.04819776117801666,0.04604048281908035,0.045051343739032745,0.04409040883183479,0.04277365282177925,22.26195641803078,0.22261956418030782,0.003294489669799805,0.002651825261820187,377.0987532238869
Muon update,1175,1232076800,block06.v,0.05319948494434357,0.04902762174606323,0.04721798747777939,0.04167590290307999,0.017922308295965195,21.162149176310738,0.21162149176310738,0.004230431747436524,0.0029370336064593605,340.47959063209885
Muon update,1175,1232076800,block06.o,0.04722016677260399,0.04591313749551773,0.04492492228746414,0.04406232014298439,0.043639861047267914,22.290034111037315,0.22290034111037316,0.00373223876953125,0.0026405005737534376,378.71606995279416
Muon update,1175,1232076800,block06.up,0.04533857852220535,0.04497160762548447,0.04422228783369064,0.04346149414777756,0.043136514723300934,45.308924221531726,0.45308924221531727,0.009204566192626953,0.0020941359803605814,477.5239093250352
Muon update,1175,1232076800,block06.down,0.0453605093061924,0.04492858052253723,0.04419311136007309,0.04345870763063431,0.04318857565522194,22.607374616552523,0.22607374616552522,0.005297574996948242,0.002093065870465205,477.7680502609982
Muon update,1175,1232076800,block08.q,0.04840649291872978,0.04611431434750557,0.04509192332625389,0.04415436089038849,0.04154996946454048,22.23623854192769,0.22236238541927691,0.0030252424240112307,0.0026580225305417593,376.2195348269601
Muon update,1175,1232076800,block08.k,0.048303015530109406,0.046085942536592484,0.04509778693318367,0.04416314885020256,0.04277391731739044,22.218458109570538,0.22218458109570538,0.003074386787414551,0.002662906966010903,375.5294543759535
Muon update,1175,1232076800,block08.v,0.05114440992474556,0.0472489669919014,0.045904796570539474,0.04478676989674568,0.027467044070363045,21.828256701624564,0.21828256701624565,0.0042872611999511725,0.0027600410360331673,362.3134536569198
Muon update,1175,1232076800,block08.o,0.04992922395467758,0.04660085588693619,0.04548395797610283,0.04446622356772423,0.033751316368579865,22.0604965453607,0.220604965453607,0.003951940536499023,0.0027035747299524737,369.88065797522046
Muon update,1175,1232076800,block08.up,0.04532517492771149,0.04496542364358902,0.04421572387218475,0.04345320537686348,0.04315168783068657,45.20442736873051,0.4520442736873051,0.008996403503417969,0.0020936671983387,477.6308291945769
Muon update,1175,1232076800,block08.down,0.04537348821759224,0.04497428983449936,0.044222068041563034,0.04341939091682434,0.043115876615047455,22.652422550946042,0.22652422550946041,0.005653833770751953,0.0023196581098911123,431.0980121320298
Muon update,1200,1258291200,block02.q,0.0529526062309742,0.04878662899136543,0.04731742665171623,0.0432928092777729,0.017427779734134674,21.072739800728964,0.21072739800728965,0.003946771240234375,0.0029613983359834256,337.6783149531684
Muon update,1200,1258291200,block02.k,0.05272502824664116,0.048790622502565384,0.04728333652019501,0.04362035170197487,0.018031271174550056,21.082704332878407,0.21082704332878408,0.0038038265228271485,0.0029556923350849834,338.33020714967193
Muon update,1200,1258291200,block02.v,0.057362668216228485,0.052867379039525986,0.05044766515493393,0.02634621039032936,0.009653112851083279,19.45875330484213,0.1945875330484213,0.0032630115509033205,0.0034686349872004585,288.29784733478164
Muon update,1200,1258291200,block02.o,0.05010141804814339,0.04681023210287094,0.04565725103020668,0.04462258145213127,0.03191754221916199,21.961003074570314,0.21961003074570315,0.002985419273376465,0.0027260485859193495,366.83131957560244
Muon update,1200,1258291200,block02.up,0.04839327558875084,0.04446125775575638,0.04351285099983215,0.04252038151025772,0.04208541288971901,46.55325028254479,0.4655325028254479,0.009590461730957033,0.0024271842073462363,412.00004390822517
Muon update,1200,1258291200,block02.down,0.04532158374786377,0.04496011510491371,0.04422460123896599,0.04346175119280815,0.04315883666276932,22.614481742431042,0.22614481742431042,0.0046500041961669925,0.0020931166595594825,477.75645730633096
Muon update,1200,1258291200,block04.q,0.04959835112094879,0.04643428325653076,0.04535119608044624,0.044341690838336945,0.03605608269572258,22.113717598658926,0.22113717598658927,0.0036536136627197268,0.002690008008570166,371.74610514692677
Muon update,1200,1258291200,block04.k,0.049332983791828156,0.04638141766190529,0.045303430408239365,0.044334810227155685,0.036633770912885666,22.12483312964494,0.2212483312964494,0.0036268234252929688,0.002684381492526422,372.52529224482316
Muon update,1200,1258291200,block04.v,0.054368991404771805,0.05018935352563858,0.047970980405807495,0.03665295988321304,0.015091383829712868,20.716302590158477,0.20716302590158478,0.003814410781860352,0.0030624784360719914,326.5329114554106
Muon update,1200,1258291200,block04.o,0.04833834618330002,0.046014830470085144,0.045019373297691345,0.044082801789045334,0.04335903003811836,22.272088452068328,0.22272088452068328,0.0033485469818115236,0.002646509437082681,377.8562003173233
Muon update,1200,1258291200,block04.up,0.04538639634847641,0.04498308524489403,0.04417435824871063,0.04340025782585144,0.043111808598041534,45.33091950825607,0.45330919508256073,0.009124829864501954,0.0022344264841040046,447.5421353596226
Muon update,1200,1258291200,block04.down,0.04535238444805145,0.0449201799929142,0.04419399052858353,0.043477386236190796,0.04319041594862938,22.603919521358634,0.22603919521358634,0.004934336853027344,0.002095764681095527,477.1528068109565
Muon update,1200,1258291200,block06.q,0.04866066575050354,0.0461726188659668,0.04516248777508736,0.04419977590441704,0.040586814284324646,22.212895727265515,0.22212895727265516,0.003334504318237305,0.002663412190131942,375.4582199875196
Muon update,1200,1258291200,block06.k,0.048028696328401566,0.045956674963235855,0.04496333375573158,0.044063322246074677,0.04358978569507599,22.295970698062384,0.22295970698062384,0.003319630813598633,0.0026444017650319035,378.157363689377
Muon update,1200,1258291200,block06.v,0.052998848259449005,0.048807017505168915,0.04706137254834175,0.042891040444374084,0.018953843042254448,21.22823264893805,0.2122823264893805,0.004278519821166993,0.002917904294033727,342.7117202043644
Muon update,1200,1258291200,block06.o,0.04718528687953949,0.045822229236364365,0.0448715016245842,0.04398790001869202,0.04358362779021263,22.321382026880816,0.22321382026880815,0.0037709339141845707,0.0026357740603499824,379.395189839306
Muon update,1200,1258291200,block06.up,0.04534810408949852,0.04497293010354042,0.044219449162483215,0.04345899075269699,0.04314374178647995,45.307709846226196,0.45307709846226196,0.009288074493408204,0.0020974134643303444,476.77771550840924
Muon update,1200,1258291200,block06.down,0.04536334052681923,0.04492317885160446,0.04417768120765686,0.04348291829228401,0.043198853731155396,22.597197198374488,0.22597197198374488,0.005351650619506836,0.002092677643989585,477.85668417308176
Muon update,1200,1258291200,block08.q,0.04815102368593216,0.046047527343034744,0.045089323073625565,0.0441252663731575,0.04277588427066803,22.252050213069833,0.22252050213069832,0.003046842575073242,0.002655267551872953,376.60988222999504
Muon update,1200,1258291200,block08.k,0.04791754111647606,0.04602351412177086,0.04503689706325531,0.04410018026828766,0.04365416616201401,22.27233296703146,0.2227233296703146,0.0030950971603393557,0.0026521391165819225,377.05412726946247
Muon update,1200,1258291200,block08.v,0.051335666328668594,0.04743800312280655,0.04608674347400665,0.04494950547814369,0.02549578621983528,21.744520752618342,0.21744520752618343,0.004342926406860351,0.00278124906897248,359.55068215787145
Muon update,1200,1258291200,block08.o,0.05022174492478371,0.04675920680165291,0.0455842986702919,0.04454408958554268,0.031890928745269775,21.997434733743034,0.21997434733743035,0.004000921249389649,0.0027202442001589416,367.6140546284671
Muon update,1200,1258291200,block08.up,0.04531535506248474,0.044964488595724106,0.04421359300613403,0.043468866497278214,0.04315705597400665,45.21246680371066,0.4521246680371066,0.00907496337890625,0.002091684575276101,478.08355610596817
Muon update,1200,1258291200,block08.down,0.045396916568279266,0.04499819502234459,0.04417841508984566,0.04341401532292366,0.043117132037878036,22.650907583685395,0.22650907583685395,0.00571178207397461,0.002450519576394028,408.0767236601771
Muon update,1225,1284505600,block02.q,0.05358705669641495,0.04943215101957321,0.04778040200471878,0.04028715938329697,0.015552278608083725,20.806504443958023,0.20806504443958024,0.00399045295715332,0.0030379497929545196,329.1693636014513
Muon update,1225,1284505600,block02.k,0.05279431864619255,0.04873194172978401,0.04725358635187149,0.04382850229740143,0.017745500430464745,21.103085665162837,0.21103085665162838,0.003843907165527344,0.0029525669059971144,338.6883453746119
Muon update,1225,1284505600,block02.v,0.05717244744300842,0.05271485447883606,0.050336018204689026,0.026867687702178955,0.009993580169975758,19.50645562113519,0.19506455621135188,0.003294564437866211,0.003452986537739955,289.6043726410005
Muon update,1225,1284505600,block02.o,0.05016877129673958,0.04667313024401665,0.045556019991636276,0.04453647881746292,0.03232453018426895,22.016101860274055,0.22016101860274057,0.0030118843078613283,0.002712950945365833,368.6023153895078
Muon update,1225,1284505600,block02.up,0.04841551557183266,0.04448748379945755,0.04352244362235069,0.04251552373170853,0.04207603633403778,46.600310342330395,0.466003103423304,0.009690398406982423,0.0024233568754521984,412.65073672378526
Muon update,1225,1284505600,block02.down,0.04532157629728317,0.04495450109243393,0.04421813040971756,0.0434732660651207,0.043165192008018494,22.596473404340493,0.22596473404340495,0.004695107650756836,0.002091533284193439,478.11813828515346
Muon update,1225,1284505600,block04.q,0.04958002641797066,0.04638415575027466,0.04531463235616684,0.04431995004415512,0.03606009855866432,22.130947415185585,0.22130947415185584,0.003685481643676758,0.0026832876171889453,372.677156781134
Muon update,1225,1284505600,block04.k,0.049242809414863586,0.04640376195311546,0.04535558074712753,0.04437137767672539,0.036552250385284424,22.109514258027367,0.22109514258027368,0.003655777359008789,0.0026875002988602376,372.09298187765694
Muon update,1225,1284505600,block04.v,0.054673876613378525,0.05054870620369911,0.04821810498833656,0.03520065173506737,0.014181128703057766,20.57329441663273,0.20573294416632731,0.0038543262481689454,0.0031053039465649968,322.0296683376753
Muon update,1225,1284505600,block04.o,0.0479961596429348,0.045965638011693954,0.04500593990087509,0.04406407102942467,0.04364567995071411,22.267081022828023,0.22267081022828022,0.003381566619873047,0.002648672397795329,377.5476351217947
Muon update,1225,1284505600,block04.up,0.04540475457906723,0.04497816786170006,0.04415804520249367,0.043388109654188156,0.04309288039803505,45.352585540852296,0.45352585540852297,0.009207897186279297,0.0022759922208627353,439.36881279011624
Muon update,1225,1284505600,block04.down,0.04535150155425072,0.044919464737176895,0.044199395924806595,0.043486278504133224,0.04318798705935478,22.611273670168213,0.22611273670168214,0.0049827789306640625,0.0020947214349329446,477.39044596734726
Muon update,1225,1284505600,block06.q,0.048624590039253235,0.046205297112464905,0.04519524425268173,0.04422137886285782,0.03997507318854332,22.199996081144576,0.22199996081144577,0.003360392379760742,0.002668268859533654,374.77482691709514
Muon update,1225,1284505600,block06.k,0.04800248518586159,0.045984357595443726,0.044999998062849045,0.044077832251787186,0.043633319437503815,22.28893003640035,0.22288930036400353,0.0033427371978759766,0.0026445542556655793,378.13555832996923
Muon update,1225,1284505600,block06.v,0.05308818817138672,0.04890909418463707,0.04717717319726944,0.042152807116508484,0.018281731754541397,21.17910208431742,0.21179102084317422,0.0043247550964355475,0.0029332562505169357,340.9180496329863
Muon update,1225,1284505600,block06.o,0.04706741124391556,0.045806821435689926,0.04487604647874832,0.04396568983793259,0.04358326271176338,22.328865356436015,0.22328865356436015,0.0038086414337158204,0.0026346060004450167,379.56339575294675
Muon update,1225,1284505600,block06.up,0.04532584175467491,0.04496656358242035,0.044219765812158585,0.043465159833431244,0.0431441031396389,45.320280706599995,0.45320280706599997,0.009371041107177736,0.0020927591038031323,477.8380837922141
Muon update,1225,1284505600,block06.down,0.04535098001360893,0.04492432624101639,0.044188063591718674,0.043476738035678864,0.04320497065782547,22.600028160926243,0.22600028160926244,0.005405415344238281,0.0020955242237575278,477.20755916955204
Muon update,1225,1284505600,block08.q,0.04795364663004875,0.04600571095943451,0.045004893094301224,0.044083572924137115,0.04365558922290802,22.267100054791285,0.22267100054791286,0.0030672039031982424,0.002648594175383781,377.5587854470382
Muon update,1225,1284505600,block08.k,0.0477709099650383,0.045957718044519424,0.04501625522971153,0.04409024119377136,0.04364461451768875,22.28748990063142,0.22287489900631421,0.0031143667221069336,0.0026442546425577,378.17840381391295
Muon update,1225,1284505600,block08.v,0.05113474279642105,0.04733442887663841,0.0459967739880085,0.04486636072397232,0.02698630467057228,21.78763588899704,0.21787635888997042,0.0043984207153320316,0.0027702611762949747,360.97679473580473
Muon update,1225,1284505600,block08.o,0.04988078027963638,0.04651373252272606,0.045405879616737366,0.04438723623752594,0.03445044159889221,22.100950792628062,0.22100950792628063,0.004048568344116211,0.002692190601569791,371.4447258737585
Muon update,1225,1284505600,block08.up,0.04534262418746948,0.0449453629553318,0.04420800507068634,0.04347126558423042,0.043185777962207794,45.19397833875707,0.4519397833875707,0.009153439331054688,0.0020905016521695213,478.3540826012745
Muon update,1225,1284505600,block08.down,0.04537329822778702,0.04498714581131935,0.04420606791973114,0.04344063252210617,0.043123722076416016,22.660517331708945,0.22660517331708946,0.005768739700317383,0.00225796775941102,442.8761198347869
Muon update,1250,1310720000,block02.q,0.05409121885895729,0.04988640174269676,0.048134468495845795,0.037808794528245926,0.014165317639708519,20.624526959982134,0.20624526959982134,0.004035655212402344,0.0030898103299939472,323.6444613744168
Muon update,1250,1310720000,block02.k,0.05381622537970543,0.04966643825173378,0.04792392626404762,0.03860073164105415,0.014974105171859264,20.73253466648117,0.2073253466648117,0.00388428955078125,0.0030570782863590523,327.10971271559725
Muon update,1250,1310720000,block02.v,0.05833400785923004,0.05370040237903595,0.051142264157533646,0.024356888607144356,0.008866356685757637,19.13929965850683,0.19139299658506828,0.0033259281158447267,0.00358583608841756,278.8749890799674
Muon update,1250,1310720000,block02.o,0.050182051956653595,0.04674335569143295,0.045603178441524506,0.04454338923096657,0.03219641000032425,22.015520499342394,0.22015520499342395,0.0030378297805786136,0.0027145577967877532,368.3841254672642
Muon update,1250,1310720000,block02.up,0.04838977009057999,0.044487304985523224,0.043497614562511444,0.04249999299645424,0.0420616939663887,46.61637060401369,0.4661637060401369,0.009788643646240235,0.0024232461109028325,412.66959864321353
Muon update,1250,1310720000,block02.down,0.0453215055167675,0.04497285187244415,0.04422244057059288,0.04344998672604561,0.04315206781029701,22.59992276862387,0.2259992276862387,0.004738962554931641,0.0020929970164354494,477.7837675579129
Muon update,1250,1310720000,block04.q,0.04953930899500847,0.04643437638878822,0.04535248875617981,0.04436813294887543,0.036041323095560074,22.106381822310695,0.22106381822310694,0.0037192684173583987,0.002690181903306277,371.72207528828585
Muon update,1250,1310720000,block04.k,0.04929865896701813,0.04632587730884552,0.04529883712530136,0.04428531974554062,0.037499938160181046,22.149027110747557,0.22149027110747557,0.003685761260986328,0.0026789502086478484,373.28054727255716
Muon update,1250,1310720000,block04.v,0.05476025491952896,0.05056251212954521,0.048203207552433014,0.03492330014705658,0.014708002097904682,20.554423789812997,0.20554423789812998,0.0038944335937500002,0.0031104880385716266,321.4929578894031
Muon update,1250,1310720000,block04.o,0.04798687994480133,0.04598526284098625,0.04499576985836029,0.04407097399234772,0.04363134503364563,22.272926548938045,0.22272926548938046,0.003413808059692383,0.002647631827504618,377.69601861241256
Muon update,1250,1310720000,block04.up,0.045380864292383194,0.04498576372861862,0.04418107122182846,0.04342636838555336,0.04312318190932274,45.33209932496121,0.4533209932496121,0.009288397979736329,0.0022254041304268363,449.35658486811485
Muon update,1250,1310720000,block04.down,0.04534314200282097,0.04492008313536644,0.044189974665641785,0.0434790663421154,0.04320446401834488,22.590831814818717,0.22590831814818718,0.005030076599121094,0.0020947258679238218,477.3894356836036
Muon update,1250,1310720000,block06.q,0.04895703122019768,0.046220164746046066,0.045199405401945114,0.04423338547348976,0.04001525044441223,22.188696006824287,0.22188696006824288,0.003386745071411133,0.0026697773464326446,374.5630703385058
Muon update,1250,1310720000,block06.k,0.04796569421887398,0.04597039520740509,0.04502549767494202,0.04406726732850075,0.04359846189618111,22.278863092505368,0.2227886309250537,0.003366376113891602,0.0026475850564862263,377.70269081634785
Muon update,1250,1310720000,block06.v,0.05305337905883789,0.048895835876464844,0.047133009880781174,0.042198531329631805,0.018709825351834297,21.192346823650233,0.21192346823650232,0.004373234176635743,0.0029270288062183264,341.64337497312977
Muon update,1250,1310720000,block06.o,0.046933259814977646,0.04586284980177879,0.04488823562860489,0.044024813920259476,0.043619148433208466,22.308517452438398,0.22308517452438398,0.003846746826171875,0.002638575168982263,378.9924243036497
Muon update,1250,1310720000,block06.up,0.04533671215176582,0.04496414214372635,0.04423471912741661,0.04346279799938202,0.043142661452293396,45.29502900143499,0.4529502900143499,0.009451779937744141,0.002096500122755876,476.9854240148993
Muon update,1250,1310720000,block06.down,0.04536125808954239,0.04491683468222618,0.04418758302927017,0.043465446680784225,0.043198224157094955,22.598501194258535,0.22598501194258536,0.005457311248779297,0.0020947978194316708,477.37303844974645
Muon update,1250,1310720000,block08.q,0.04797760397195816,0.04598238319158554,0.04501650109887123,0.044060830026865005,0.043630748987197876,22.271307248100452,0.22271307248100453,0.003086870765686035,0.0026473707584964146,377.7332648971141
Muon update,1250,1310720000,block08.k,0.04781955108046532,0.04601641744375229,0.04503386467695236,0.044110123068094254,0.043641991913318634,22.28178285864731,0.22281782858647312,0.003132657814025879,0.002647087852430341,377.77363493315164
Muon update,1250,1310720000,block08.v,0.05123235285282135,0.047319281846284866,0.04597506672143936,0.044857244938611984,0.026434477418661118,21.79684365045577,0.21796843650455772,0.004455314254760742,0.0027667404106510723,361.4361492499685
Muon update,1250,1310720000,block08.o,0.05024634301662445,0.04665529355406761,0.045525867491960526,0.04447529464960098,0.03244244307279587,22.032959443454804,0.22032959443454803,0.004097773742675782,0.002709564143998977,369.06304735939017
Muon update,1250,1310720000,block08.up,0.04533877596259117,0.044954217970371246,0.04419821873307228,0.04346698522567749,0.043182700872421265,45.17472415793027,0.45174724157930274,0.009228941345214844,0.002092303085588443,477.94222877550186
Muon update,1250,1310720000,block08.down,0.04538211598992348,0.04499204084277153,0.044201500713825226,0.04341736063361168,0.043104156851768494,22.648262188117993,0.22648262188117993,0.005823511123657227,0.0024022774537793,416.2716502320681
Muon update,1275,1336934400,block02.q,0.05329982563853264,0.049076348543167114,0.04748225957155228,0.04184819385409355,0.016806578263640404,20.953913706497694,0.20953913706497695,0.004078956604003907,0.002995218150373527,333.86549820262417
Muon update,1275,1336934400,block02.k,0.05284065753221512,0.04876190796494484,0.047255177050828934,0.04369062930345535,0.018042512238025665,21.101624646247696,0.21101624646247696,0.003923765563964844,0.00295357546381686,338.5726934187473
Muon update,1275,1336934400,block02.v,0.05725519731640816,0.0527394637465477,0.05032700300216675,0.026744747534394264,0.00965858343988657,19.520915706228745,0.19520915706228745,0.0033557685852050783,0.00344868112500675,289.96592139206336
Muon update,1275,1336934400,block02.o,0.050129957497119904,0.046758491545915604,0.045608412474393845,0.04457671567797661,0.031799204647541046,21.98442833968514,0.21984428339685141,0.003062904739379883,0.002720490961793054,367.5807102630137
Muon update,1275,1336934400,block02.up,0.04845864325761795,0.04460539296269417,0.04347261041402817,0.04247591271996498,0.042033687233924866,46.60596776148017,0.4660596776148017,0.00988370132446289,0.0024210471152617125,413.0444193738465
Muon update,1275,1336934400,block02.down,0.04534546658396721,0.04494592174887657,0.04420817643404007,0.043454378843307495,0.043154988437891006,22.599006530446918,0.2259900653044692,0.004781872940063477,0.0020928027314681685,477.8281225285232
Muon update,1275,1336934400,block04.q,0.04990771785378456,0.04659593105316162,0.04543061554431915,0.04442199319601059,0.033256400376558304,22.06001598063582,0.22060015980635822,0.0037513286590576175,0.002699575533032253,370.4286054470077
Muon update,1275,1336934400,block04.k,0.04953918233513832,0.046488139778375626,0.04538530111312866,0.04441039636731148,0.035592205822467804,22.08484574103694,0.2208484574103694,0.0037152908325195316,0.00269518745519616,371.0317061887698
Muon update,1275,1336934400,block04.v,0.05429261922836304,0.050134144723415375,0.047942496836185455,0.03679691255092621,0.015609963797032833,20.723545475478055,0.20723545475478056,0.003932450866699219,0.003061108886671049,326.67900327044504
Muon update,1275,1336934400,block04.o,0.04800436645746231,0.046012379229068756,0.04503447189927101,0.044088203459978104,0.043046411126852036,22.24949710988018,0.2224949710988018,0.003445362854003906,0.0026522684240065098,377.03574455311076
Muon update,1275,1336934400,block04.up,0.04538017883896828,0.04497247934341431,0.04418415576219559,0.043400444090366364,0.04310839623212814,45.355024031050405,0.45355024031050406,0.009368052673339844,0.0022633697007972686,441.81911582882435
Muon update,1275,1336934400,block04.down,0.04534735158085823,0.04492243006825447,0.04419362172484398,0.043486837297677994,0.04318700730800629,22.603598543179277,0.2260359854317928,0.0050765972137451175,0.002093363796496439,477.70005465540737
Muon update,1275,1336934400,block06.q,0.04872405156493187,0.04620635509490967,0.045198485255241394,0.04422617703676224,0.040235839784145355,22.190390314946463,0.22190390314946462,0.003412015151977539,0.002669472073421178,374.6059042747005
Muon update,1275,1336934400,block06.k,0.04804932326078415,0.04602498188614845,0.04503972828388214,0.0441204197704792,0.04365580901503563,22.262938203513922,0.22262938203513924,0.0033881618499755862,0.0026536453406312277,376.8401092220289
Muon update,1275,1336934400,block06.v,0.05312804505228996,0.048895854502916336,0.04715421423316002,0.042210470885038376,0.018097102642059326,21.178878647751056,0.21178878647751057,0.004420145797729492,0.002930873141810189,341.19525193177486
Muon update,1275,1336934400,block06.o,0.04698116332292557,0.04591800272464752,0.04495995491743088,0.0440620481967926,0.043668244034051895,22.282946997761712,0.22282946997761713,0.0038837745666503907,0.0026444860557934963,378.1453102425012
Muon update,1275,1336934400,block06.up,0.045331716537475586,0.04497065767645836,0.04422610625624657,0.04344639182090759,0.04313615709543228,45.32520478377466,0.4532520478377466,0.009530720520019532,0.002095922947069631,477.1167763577035
Muon update,1275,1336934400,block06.down,0.04534771293401718,0.044915251433849335,0.04419736564159393,0.04348170384764671,0.043194714933633804,22.603387962789782,0.2260338796278978,0.005508381271362305,0.002094125410878611,477.5263194864915
Muon update,1275,1336934400,block08.q,0.04826696962118149,0.04611671715974808,0.045098673552274704,0.04415029659867287,0.04250318929553032,22.236254612310017,0.22236254612310016,0.003106177520751953,0.0026573495909856804,376.314807578281
Muon update,1275,1336934400,block08.k,0.04796485975384712,0.046069636940956116,0.04508989676833153,0.044136397540569305,0.04231422394514084,22.2445049979647,0.222445049979647,0.0031513044357299805,0.0026575554584256644,376.28565636496626
Muon update,1275,1336934400,block08.v,0.051227010786533356,0.04732993617653847,0.04604888707399368,0.04489271715283394,0.026655634865164757,21.773791104155936,0.21773791104155937,0.00450913314819336,0.0027733553065536487,360.5740662355538
Muon update,1275,1336934400,block08.o,0.04992115497589111,0.04661716893315315,0.04552874714136124,0.04447469487786293,0.033426374197006226,22.041062387107768,0.22041062387107768,0.00414499626159668,0.0027068573888495845,369.4320964670401
Muon update,1275,1336934400,block08.up,0.04531984031200409,0.044962964951992035,0.044224854558706284,0.04345542937517166,0.04314647614955902,45.237331307285594,0.45237331307285594,0.009302992248535157,0.0020918450724730087,478.0468750574276
Muon update,1275,1336934400,block08.down,0.04538966342806816,0.04500194638967514,0.044190723448991776,0.043418221175670624,0.04310716688632965,22.65487498163835,0.2265487498163835,0.005877373504638672,0.002379043010080295,420.33708334102334
Muon update,1300,1363148800,block02.q,0.05339348688721657,0.04924347624182701,0.047623056918382645,0.04085298255085945,0.016379397362470627,20.886565684663537,0.20886565684663538,0.004122560501098633,0.003013233479443933,331.8694043531408
Muon update,1300,1363148800,block02.k,0.0526847206056118,0.04874222353100777,0.04720247909426689,0.044157497584819794,0.01795981265604496,21.11866017808339,0.2111866017808339,0.003963388824462891,0.00294830015584413,339.17849172099955
Muon update,1300,1363148800,block02.v,0.05852140113711357,0.05395638570189476,0.05126842111349106,0.023818841204047203,0.008530532009899616,19.088423782972445,0.19088423782972444,0.003386345672607422,0.003605260677329039,277.37245361709904
Muon update,1300,1363148800,block02.o,0.05022897198796272,0.04681038856506348,0.045692238956689835,0.0446152500808239,0.03120686300098896,21.97633245691103,0.21976332456911032,0.0030893350601196292,0.0027245063931276153,367.03896255205456
Muon update,1300,1363148800,block02.up,0.04842285439372063,0.04451588913798332,0.04349023476243019,0.042487531900405884,0.04205504059791565,46.597772731411446,0.46597772731411446,0.009980549621582032,0.002422980579709133,412.71482255134094
Muon update,1300,1363148800,block02.down,0.04531872272491455,0.044961027801036835,0.04423581436276436,0.04346694052219391,0.04314325749874115,22.61196970931094,0.22611969709310942,0.0048249629974365235,0.0020920846370676843,477.9921339136756
Muon update,1300,1363148800,block04.q,0.04970240592956543,0.04640395566821098,0.045331623405218124,0.04431670159101486,0.0359099879860878,22.12045516268576,0.22120455162685762,0.003783816909790039,0.002685598372247855,372.35649616625165
Muon update,1300,1363148800,block04.k,0.049227435141801834,0.046355653554201126,0.04527200385928154,0.044310055673122406,0.03739231824874878,22.137564801033452,0.22137564801033452,0.0037455020904541016,0.0026801781998547908,373.10951937978564
Muon update,1300,1363148800,block04.v,0.055095236748456955,0.05108954757452011,0.048453960567712784,0.03366096690297127,0.013726108707487583,20.421327187468506,0.20421327187468508,0.0039690567016601565,0.0031510080193137974,317.35876071104775
Muon update,1300,1363148800,block04.o,0.04811547324061394,0.046032823622226715,0.04504946246743202,0.044117458164691925,0.04366529732942581,22.260226487182955,0.22260226487182955,0.003475922012329102,0.0026544544649689805,376.7252417387713
Muon update,1300,1363148800,block04.up,0.045413728803396225,0.04500977322459221,0.04415460303425789,0.04336482658982277,0.04308905079960823,45.34203687494423,0.4534203687494423,0.009447383880615235,0.0022784941923683633,438.88635018224807
Muon update,1300,1363148800,block04.down,0.04535648971796036,0.044919051229953766,0.04418528079986572,0.04347480088472366,0.043197717517614365,22.595180724541944,0.22595180724541944,0.005123562622070313,0.0020959297690131967,477.11522341267136
Muon update,1300,1363148800,block06.q,0.04878472536802292,0.04619118198752403,0.0451519712805748,0.04420946165919304,0.04073294252157211,22.207827528886543,0.22207827528886545,0.0034391231536865237,0.0026661790839321853,375.0685788612372
Muon update,1300,1363148800,block06.k,0.04803013429045677,0.04594738781452179,0.04498707503080368,0.044052302837371826,0.04362848401069641,22.304180748300464,0.22304180748300464,0.0034124359130859377,0.002643830538955838,378.2390683765015
Muon update,1300,1363148800,block06.v,0.05336753651499748,0.04933259263634682,0.04723404720425606,0.041412342339754105,0.01771831139922142,21.113926582951134,0.21113926582951134,0.004466140747070313,0.002949693198061612,339.0183089743533
Muon update,1300,1363148800,block06.o,0.04718245938420296,0.04587210714817047,0.044895365834236145,0.044007666409015656,0.04361148923635483,22.309673664701485,0.22309673664701485,0.003920838928222656,0.0026391121446636134,378.9153113565252
Muon update,1300,1363148800,block06.up,0.045340441167354584,0.0449787937104702,0.04421485215425491,0.043459173291921616,0.043130844831466675,45.302999889054206,0.4530299988905421,0.009610379791259767,0.0020930004250241385,477.7829894556601
Muon update,1300,1363148800,block06.down,0.045356884598731995,0.04492796212434769,0.044201117008924484,0.043463390320539474,0.04319395497441292,22.60456820009308,0.2260456820009308,0.005560349273681641,0.0020947623550269245,477.38112039308
Muon update,1300,1363148800,block08.q,0.047822218388319016,0.04602457582950592,0.045030683279037476,0.044116102159023285,0.04368036985397339,22.259514993788134,0.22259514993788135,0.003124607276916504,0.002649937537269109,377.3673854329975
Muon update,1300,1363148800,block08.k,0.04761528596282005,0.0459463968873024,0.04497766122221947,0.044057395309209824,0.043639231473207474,22.300066088504398,0.22300066088504397,0.003169978904724121,0.002642814667588811,378.3844596686594
Muon update,1300,1363148800,block08.v,0.05164418742060661,0.04765094071626663,0.04624772071838379,0.045071184635162354,0.02392219938337803,21.66239942081677,0.2166239942081677,0.004563176727294922,0.0028008909945232002,357.0292460347003
Muon update,1300,1363148800,block08.o,0.050296392291784286,0.04681410640478134,0.04567780718207359,0.044583797454833984,0.031653810292482376,21.98362602339565,0.21983626023395653,0.004192295837402344,0.002720145110053862,367.6274461623111
Muon update,1300,1363148800,block08.up,0.045304711908102036,0.04493861272931099,0.044247422367334366,0.0434662364423275,0.04314232990145683,45.24681275471275,0.4524681275471275,0.00937907180786133,0.0020914481001808177,478.1376118841028
Muon update,1300,1363148800,block08.down,0.045397210866212845,0.0449950136244297,0.04418928176164627,0.04338743910193443,0.04308677464723587,22.659421488854306,0.22659421488854306,0.005931935119628907,0.0025543176024213216,391.4939939544194
Muon update,1325,1389363200,block02.q,0.05339545011520386,0.04918617382645607,0.047626055777072906,0.041701674461364746,0.016325371339917183,20.92078571004146,0.20590511698712421,0.004099058553942275,0.0030022855286891,333.07957902213053
Muon update,1325,1389363200,block02.k,0.05268296226859093,0.048628292977809906,0.04717080667614937,0.044422782957553864,0.018304936587810516,21.141539038328556,0.20807780019875113,0.003937531274216319,0.0029415063616190645,339.96186887373574
Muon update,1325,1389363200,block02.v,0.05792589858174324,0.053419079631567,0.0508735366165638,0.024968748912215233,0.008998901583254337,19.274235945294908,0.1896995582364061,0.0033627414131030104,0.0035378668888931403,282.65619691329334
Muon update,1325,1389363200,block02.o,0.05019637942314148,0.04677592217922211,0.04561416059732437,0.04458841308951378,0.031198030337691307,21.98263033259852,0.21635593103684791,0.0030643939278328673,0.0027212888362272564,367.4729366054289
Muon update,1325,1389363200,block02.up,0.048428915441036224,0.04521149769425392,0.04345476254820824,0.04238279536366463,0.041947364807128906,46.71863329516954,0.4598109166379572,0.009917265718173406,0.002411392832455894,414.69808922901433
Muon update,1325,1389363200,block02.down,0.04531985521316528,0.04495730251073837,0.04422391206026077,0.04345118999481201,0.043160658329725266,22.599219638892226,0.2224244838629723,0.004791241089280371,0.002094037787490746,477.5463012051396
Muon update,1325,1389363200,block04.q,0.04978613555431366,0.046528398990631104,0.045471929013729095,0.04442363977432251,0.03422572463750839,22.07723715896988,0.21728706383089136,0.003755559000423344,0.0026982382229603363,370.61219854148504
Muon update,1325,1389363200,block04.k,0.04954807087779045,0.046385038644075394,0.04535677656531334,0.044343072921037674,0.03668775036931038,22.125571937334637,0.21776278105928232,0.003714618326875681,0.0026858037865063467,372.3280177889633
Muon update,1325,1389363200,block04.v,0.05501067638397217,0.05089711397886276,0.0484100803732872,0.03435960039496422,0.013616577722132206,20.462390600161157,0.20139353219129474,0.003942727843179345,0.0031381897947309195,318.65504173107024
Muon update,1325,1389363200,block04.o,0.04800784960389137,0.046043816953897476,0.0450405590236187,0.04411236196756363,0.042952243238687515,22.257747724397785,0.21906367249210457,0.003450864199577092,0.0026505055868797506,377.2865090155226
Muon update,1325,1389363200,block04.up,0.04540237411856651,0.044978510588407516,0.0441301204264164,0.043343719094991684,0.043047018349170685,45.37246947158307,0.44656179571959864,0.009376521437116975,0.002347188139001588,426.0416893659684
Muon update,1325,1389363200,block04.down,0.04535321518778801,0.0449225977063179,0.04420209303498268,0.043466709554195404,0.04319247230887413,22.600234466773912,0.22243447193209154,0.0050886732335251655,0.002091485240197033,478.12912124868393
Muon update,1325,1389363200,block06.q,0.04910501092672348,0.04628276452422142,0.04523465037345886,0.04425019398331642,0.03859766200184822,22.179290314065714,0.21829148436892246,0.003410543389865709,0.0026746032077085147,373.88723572823244
Muon update,1325,1389363200,block06.k,0.04815289005637169,0.046003032475709915,0.04503552243113518,0.044088125228881836,0.04365863651037216,22.269226713892778,0.2191766502123307,0.0033822797014373715,0.0026497423202309772,377.39518758670476
Muon update,1325,1389363200,block06.v,0.053719401359558105,0.04978787526488304,0.04749220237135887,0.03909112140536308,0.016909118741750717,20.965936446911407,0.20634949646149542,0.004441493338327535,0.002990927201467708,334.3444800359166
Muon update,1325,1389363200,block06.o,0.04700196534395218,0.045877374708652496,0.044905826449394226,0.04401256516575813,0.04361063987016678,22.323763115603256,0.21971340463111255,0.003895946708191841,0.002634440412381381,379.58725325506913
Muon update,1325,1389363200,block06.up,0.04534943029284477,0.044970348477363586,0.04422135278582573,0.04345494508743286,0.043139830231666565,45.318290818991834,0.4460285623145718,0.009535266650806081,0.002095748309094439,477.15653433216625
Muon update,1325,1389363200,block06.down,0.04535650461912155,0.044946979731321335,0.04420049488544464,0.0434599407017231,0.04317634180188179,22.604622115313035,0.22247765574450987,0.005522004610576173,0.0020903977535403073,478.37785814034453
Muon update,1325,1389363200,block08.q,0.0481024831533432,0.04600504785776138,0.04499785602092743,0.044095125049352646,0.04365409165620804,22.265672749648648,0.21914167163009207,0.003094496745880841,0.002650442680346768,377.29546366540023
Muon update,1325,1389363200,block08.k,0.04752286523580551,0.04593870788812637,0.04494462162256241,0.04404757171869278,0.043635204434394836,22.300163198096378,0.21948113114757853,0.0031381190532568702,0.002642882462878818,378.37475334061133
Muon update,1325,1389363200,block08.v,0.05177808180451393,0.047728195786476135,0.04629691690206528,0.045097798109054565,0.02362339198589325,21.633576949534692,0.21292050185791359,0.00454515251814451,0.0028086883813741026,356.0380733695944
Muon update,1325,1389363200,block08.o,0.05068165436387062,0.04692048951983452,0.04572536051273346,0.0446307472884655,0.029548827558755875,21.93754663408016,0.21591221136272595,0.004172206241098441,0.0027324331942813057,365.9741808483715
Muon update,1325,1389363200,block08.up,0.045309096574783325,0.044957343488931656,0.04423528537154198,0.04346951097249985,0.043144259601831436,45.25875572673819,0.4454426101278218,0.009304187720158905,0.0020903136145753592,478.39711372838514
Muon update,1325,1389363200,block08.down,0.04539114981889725,0.04498068243265152,0.044178836047649384,0.04342054948210716,0.04310615733265877,22.680731770038157,0.2232267369490702,0.005890772156854343,0.0025349671171448623,394.48243459911293
Muon update,1350,1415577600,block02.q,0.05382935702800751,0.04962623491883278,0.04794921725988388,0.039015255868434906,0.01525096409022808,20.726102828098174,0.16870538845911828,0.0034197414293730454,0.003059658042728286,326.83390955294584
Muon update,1350,1415577600,block02.k,0.05427532643079758,0.050052475184202194,0.04822229966521263,0.036941271275281906,0.014124598354101181,20.57661662990338,0.16748860750686226,0.003283370484666401,0.0031038787783099903,322.1775305749805
Muon update,1350,1415577600,block02.v,0.05782902240753174,0.05321034789085388,0.05066392570734024,0.025261515751481056,0.009505817666649818,19.34727874314489,0.1574820989290925,0.002802376523976961,0.0035133848980579835,284.6258036097178
Muon update,1350,1415577600,block02.o,0.05004359409213066,0.04665762558579445,0.04555497318506241,0.044510360807180405,0.03304855152964592,22.028628291531987,0.1793076259424039,0.002552062244073077,0.0027116254570822562,368.7824944216348
Muon update,1350,1415577600,block02.up,0.04845982789993286,0.04460195451974869,0.043488238006830215,0.04249007627367973,0.042048823088407516,46.623375231966925,0.3795028276671906,0.008268658978945811,0.002420709488995476,413.1020283706042
Muon update,1350,1415577600,block02.down,0.04533230885863304,0.04495988041162491,0.0442122183740139,0.04346148669719696,0.04315773770213127,22.598953061395306,0.18394992954601277,0.003992303591431932,0.002092128598489895,477.9820899737249
Muon update,1350,1415577600,block04.q,0.0497283935546875,0.04651342332363129,0.04546293988823891,0.04441983625292778,0.03457425534725189,22.074708502872404,0.17968270754934856,0.0031275291990400826,0.002697333065663013,370.73656669618475
Muon update,1350,1415577600,block04.k,0.04947981610894203,0.046384427696466446,0.04533342272043228,0.04435279965400696,0.036798007786273956,22.11694574489251,0.18002650832953113,0.0030922285906653905,0.002685860160966058,372.32020286578023
Muon update,1350,1415577600,block04.v,0.05436394736170769,0.05015753582119942,0.04803112521767616,0.03686198964715004,0.014879744499921799,20.712424988478748,0.16859405420272597,0.0032869813704738313,0.0030631798200070476,326.45814439901187
Muon update,1350,1415577600,block04.o,0.04797564446926117,0.045962657779455185,0.04499361291527748,0.04405612498521805,0.043662477284669876,22.26981015969572,0.181270787135578,0.0028754593126046647,0.0026492541173519513,377.4647337340161
Muon update,1350,1415577600,block04.up,0.04538454860448837,0.044980790466070175,0.0441703200340271,0.04337972030043602,0.043098773807287216,45.35082477463736,0.3691445793742909,0.007808043592127007,0.0022638514382698066,441.72509869475795
Muon update,1350,1415577600,block04.down,0.04534350708127022,0.04490850493311882,0.04418918862938881,0.04348323866724968,0.04320106282830238,22.60091075452651,0.18396586468745846,0.004240355517393694,0.0020927604671607813,477.83777249800875
Muon update,1350,1415577600,block06.q,0.04886821657419205,0.04617426171898842,0.04515036568045616,0.04416055977344513,0.04050630331039429,22.222776856986506,0.1808879475988892,0.0028370955527560458,0.0026624048653217103,375.6002751591898
Muon update,1350,1415577600,block06.k,0.047692492604255676,0.04598620533943176,0.04498684033751488,0.04406808689236641,0.0436495877802372,22.27999940838729,0.1813537251183177,0.002812213385476607,0.0026459157550571266,377.9409824703242
Muon update,1350,1415577600,block06.v,0.05274699255824089,0.04857683181762695,0.04694012552499771,0.044037479907274246,0.01941467635333538,21.308045108366073,0.1734422557451516,0.003704792436954545,0.002894170427398049,345.52215395934087
Muon update,1350,1415577600,block06.o,0.04725118353962898,0.045903027057647705,0.044934265315532684,0.04403151944279671,0.04364128038287163,22.302820641950316,0.18153948435657385,0.003247072838341098,0.002639801911326567,378.81630273442556
Muon update,1350,1415577600,block06.up,0.045344457030296326,0.04497693106532097,0.044231217354536057,0.04344932734966278,0.04313318058848381,45.295820632283736,0.3686968591598544,0.007940199714927206,0.002093769132655368,477.6075759278083
Muon update,1350,1415577600,block06.down,0.04536604508757591,0.04492160305380821,0.04419077932834625,0.04348880052566528,0.04320605844259262,22.611559559613916,0.18405254334643245,0.004602400459671381,0.002093854363921857,477.58813470052786
Muon update,1350,1415577600,block08.q,0.04797420650720596,0.04602912813425064,0.045052964240312576,0.04408889636397362,0.043663281947374344,22.277127678159403,0.1813303499393145,0.0025713043623537923,0.0026495839274078836,377.41774837014157
Muon update,1350,1415577600,block08.k,0.04776706174015999,0.04595278948545456,0.04500056058168411,0.04407811164855957,0.04363621771335602,22.279002823194144,0.18134561315952175,0.0026067257579482873,0.0026452926330456372,378.0300098022266
Muon update,1350,1415577600,block08.v,0.051056500524282455,0.04719024524092674,0.04588814452290535,0.04478171467781067,0.027530834078788757,21.840347341072217,0.17777506523139047,0.0037975051670956998,0.0027569042698343815,362.7256887160881
Muon update,1350,1415577600,block08.o,0.04968014732003212,0.04649782553315163,0.04541806876659393,0.04439949616789818,0.034805767238140106,22.09711308837553,0.17986507537469032,0.0034836897233165133,0.002695409868831933,371.0010902473078
Muon update,1350,1415577600,block08.up,0.045329414308071136,0.04495566710829735,0.04421123117208481,0.04346110299229622,0.04317125305533409,45.16974399289742,0.3676706262689101,0.007746568175866089,0.0020939276641984694,477.5714161944501
Muon update,1350,1415577600,block08.down,0.04536988586187363,0.044977251440286636,0.04419025033712387,0.04344572499394417,0.043124157935380936,22.665408550355007,0.18449086091034952,0.004909663584909988,0.0023454583566551307,426.3558963485946
Muon update,1375,1441792000,block02.q,0.05330374836921692,0.04925219342112541,0.047632765024900436,0.041053418070077896,0.01610713265836239,20.88791581752731,0.13446340573753568,0.0027230542289046838,0.0030121456797191914,331.98925494640264
Muon update,1375,1441792000,block02.k,0.052784956991672516,0.04875434935092926,0.04721539095044136,0.044223908334970474,0.017847049981355667,21.091367578820957,0.13577310159067044,0.0026139620589890333,0.002954464319693609,338.47083321815325
Muon update,1375,1441792000,block02.v,0.05742773041129112,0.05289532616734505,0.05044708028435707,0.025879982858896255,0.009602373465895653,19.446115390481815,0.1251819916650176,0.002228287385770768,0.0034744533177653025,287.81506284366475
Muon update,1375,1441792000,block02.o,0.050147511065006256,0.04684039205312729,0.04567405581474304,0.04464615136384964,0.030560510233044624,21.946464890264494,0.14127768604697258,0.0020277842005047915,0.0027294627977367814,366.3724601152948
Muon update,1375,1441792000,block02.up,0.04842514917254448,0.0453185960650444,0.04347416013479233,0.042390454560518265,0.04193153604865074,46.710396126772615,0.30069246742582667,0.00657663266242409,0.0024105488494753496,414.84328360225834
Muon update,1375,1441792000,block02.down,0.045324649661779404,0.04497477039694786,0.04423149302601814,0.043441493064165115,0.04314763471484184,22.6092485436876,0.14554427482897328,0.0031731431986706006,0.002095806293552785,477.1433328911387
Muon update,1375,1441792000,block04.q,0.04983207583427429,0.04652051627635956,0.045437444001436234,0.04438753053545952,0.03555283322930336,22.079051351751183,0.14213119519177816,0.002485818105226636,0.002696484159172577,370.853281892393
Muon update,1375,1441792000,block04.k,0.049352068454027176,0.046381548047065735,0.04530376195907593,0.04431644827127457,0.03659438341856003,22.1296028580686,0.14245661433670304,0.002456828982827289,0.0026845957390991965,372.49556252947986
Muon update,1375,1441792000,block04.v,0.05468448996543884,0.05052533745765686,0.04819736257195473,0.0353594608604908,0.014467881061136723,20.586744558705885,0.13252465255961407,0.002614491254743126,0.0031008933375493847,322.4877127796641
Muon update,1375,1441792000,block04.o,0.047802235931158066,0.04599341005086899,0.045000966638326645,0.04408487305045128,0.043660830706357956,22.261639073296923,0.1433065813384561,0.00228549970873326,0.0026509340615989974,377.22552759264687
Muon update,1375,1441792000,block04.up,0.04537561908364296,0.044963493943214417,0.04412400722503662,0.043329935520887375,0.043021123856306076,45.37905886134615,0.2921221464585081,0.006202694838888813,0.002388098586081369,418.74318163761404
Muon update,1375,1441792000,block04.down,0.045346129685640335,0.044924087822437286,0.044202979654073715,0.043475933372974396,0.04318737983703613,22.607184660739332,0.14553098883468396,0.0033703394629980695,0.002095036529966343,477.3186460935195
Muon update,1375,1441792000,block06.q,0.04948176443576813,0.04636116698384285,0.04528474435210228,0.044323258101940155,0.03723902255296707,22.13002845703811,0.14245935407806445,0.00225297344682489,0.0026863003654489237,372.25919069287846
Muon update,1375,1441792000,block06.k,0.04829360544681549,0.04607691243290901,0.04507705941796303,0.04414420202374458,0.04206831380724907,22.244001512945683,0.14319304169886513,0.0022322884003514757,0.0026554994464975668,376.57699432735177
Muon update,1375,1441792000,block06.v,0.05314969643950462,0.04895782470703125,0.047252751886844635,0.0418366901576519,0.017880482599139214,21.134667386290385,0.13605183881036154,0.002948479096257753,0.0029438380021141186,339.6926051236004
Muon update,1375,1441792000,block06.o,0.047144073992967606,0.04587801918387413,0.044932667165994644,0.04404166340827942,0.04364274814724922,22.303781318286536,0.14357786689112834,0.0025823574080621526,0.0026410924992904677,378.6311915499556
Muon update,1375,1441792000,block06.up,0.04535400867462158,0.0449790321290493,0.04421360045671463,0.04344545304775238,0.043127357959747314,45.308777045744854,0.2916697158584557,0.006307186812024227,0.0020954133792756707,477.2328027921983
Muon update,1375,1441792000,block06.down,0.045356590300798416,0.044935617595911026,0.04419153556227684,0.043467432260513306,0.043193161487579346,22.60887327960293,0.1455418591122825,0.003658662745047276,0.002093128930842472,477.75365638728516
Muon update,1375,1441792000,block08.q,0.04838729649782181,0.0461101233959198,0.04507320374250412,0.04413890838623047,0.0424690917134285,22.239859666638996,0.14316637906936663,0.0020385579384719797,0.0026580655524060526,376.21344556187137
Muon update,1375,1441792000,block08.k,0.048352137207984924,0.04603765159845352,0.04506334662437439,0.04412788152694702,0.042693596333265305,22.266008798246258,0.1433347109088717,0.0020662589419255762,0.00265258000261831,376.991457001455
Muon update,1375,1441792000,block08.v,0.05136316642165184,0.04744825139641762,0.04613637551665306,0.044965095818042755,0.025461217388510704,21.73649926576906,0.13992605799541874,0.00302496715969239,0.0027836393543548277,359.2419393106953
Muon update,1375,1441792000,block08.o,0.05040821433067322,0.04680950939655304,0.04566236212849617,0.04456986486911774,0.031823351979255676,21.98652107465735,0.14153554283945327,0.002773870036320728,0.00272018202576442,367.6224570739828
Muon update,1375,1441792000,block08.up,0.04531949758529663,0.044959742575883865,0.044217776507139206,0.04345891252160072,0.043135516345500946,45.30457016257682,0.29164263456210926,0.006151147488943099,0.002091686960539685,478.0830109214745
Muon update,1375,1441792000,block08.down,0.04539037495851517,0.044967856258153915,0.04417075589299202,0.04335722327232361,0.043057478964328766,22.692041344443194,0.14607724336721323,0.0039026141295566037,0.0025283377423791636,395.5167789644278
Muon update,1400,1468006400,block02.q,0.053353507071733475,0.04922199621796608,0.04756816476583481,0.04123235121369362,0.016771996393799782,20.89853195271246,0.09895457242156021,0.002012037168035363,0.0030083656723606383,332.40639899181826
Muon update,1400,1468006400,block02.k,0.052732858806848526,0.04870026931166649,0.04728606715798378,0.04448743164539337,0.017741044983267784,21.109017223820153,0.09995122041820548,0.0019314922599273465,0.0029494779286871747,339.0430524242317
Muon update,1400,1468006400,block02.v,0.056820910423994064,0.052357397973537445,0.050030093640089035,0.027841737493872643,0.009989160113036633,19.660740777721735,0.09309362980867537,0.0016445746077692646,0.0033994629198180193,294.16411462241575
Muon update,1400,1468006400,block02.o,0.04991169646382332,0.04671824350953102,0.045600466430187225,0.04458335414528847,0.03264223411679268,21.98620047109313,0.1041046840856851,0.0014955845632714058,0.0027186403280971133,367.8309299192735
Muon update,1400,1468006400,block02.up,0.04842901602387428,0.04452778771519661,0.043503426015377045,0.042480092495679855,0.04204241931438446,46.62365833011068,0.22076307490039773,0.004855248527434011,0.0024195809397473816,413.29470883681444
Muon update,1400,1468006400,block02.down,0.04533315449953079,0.04495508596301079,0.04423428326845169,0.043456364423036575,0.04316379129886627,22.59839493322929,0.10700342555597618,0.002340990635168792,0.0020952408087793334,477.2721091579875
Muon update,1400,1468006400,block04.q,0.04966595768928528,0.0464647114276886,0.04540371522307396,0.0443907156586647,0.03519859164953232,22.100345724659892,0.10464516199036317,0.001834003733767988,0.0026905034301540898,371.6776528854781
Muon update,1400,1468006400,block04.k,0.04939184710383415,0.04633306339383125,0.04527413472533226,0.04429170489311218,0.03782310709357262,22.148937447484176,0.10487524385286834,0.001812470048855384,0.0026771592500205443,373.53026346577104
Muon update,1400,1468006400,block04.v,0.054171930998563766,0.04990764334797859,0.047851383686065674,0.037211041897535324,0.015669122338294983,20.769646753209443,0.09834430085621071,0.0019299134084227701,0.0030460110138106483,328.2982219913154
Muon update,1400,1468006400,block04.o,0.04759236052632332,0.04598551616072655,0.045010730624198914,0.044104281812906265,0.043662842363119125,22.2650537545451,0.1054250546980695,0.0016864251005110353,0.002647708118822756,377.68513564275645
Muon update,1400,1468006400,block04.up,0.04542715474963188,0.04496532678604126,0.044150326400995255,0.0433899387717247,0.04310225695371628,45.33704416403842,0.2146709553695482,0.004573668191728135,0.00224685266440329,445.0670112210388
Muon update,1400,1468006400,block04.down,0.0453527569770813,0.04492375627160072,0.044196728616952896,0.04348364099860191,0.043196409940719604,22.598942750220566,0.10700601947004916,0.0024860332799662723,0.0020950228889979883,477.32175397772477
Muon update,1400,1468006400,block06.q,0.048926860094070435,0.04618019238114357,0.04514441266655922,0.044171292334795,0.0399688258767128,22.20554433029207,0.10514327750695693,0.0016608934406296297,0.002665472416377837,375.1680166921103
Muon update,1400,1468006400,block06.k,0.04769754409790039,0.04601551219820976,0.04501830041408539,0.044120993465185165,0.04366843402385712,22.265237217916997,0.10542592339734283,0.0016451029386983214,0.0026496640820220657,377.4063311591029
Muon update,1400,1468006400,block06.v,0.05304618179798126,0.048865437507629395,0.04717017710208893,0.04220025986433029,0.018283240497112274,21.19876926287061,0.10037619642457268,0.00217754527582598,0.0029278060181720106,341.55268272327504
Muon update,1400,1468006400,block06.o,0.04679390415549278,0.045809999108314514,0.04485982283949852,0.04396940767765045,0.043581970036029816,22.344701313649704,0.10580218598047013,0.0019061634429975072,0.0026310032458143895,380.0831494947336
Muon update,1400,1468006400,block06.up,0.04533056169748306,0.0449722558259964,0.044224854558706284,0.043460965156555176,0.04313790053129196,45.30893420177877,0.21453785466647088,0.004650689990512645,0.0020933648191623494,477.69982128587867
Muon update,1400,1468006400,block06.down,0.04535340517759323,0.04491812735795975,0.04419728368520737,0.04346982389688492,0.04318585619330406,22.607548528437718,0.10704676783963608,0.0026995185323901738,0.0020937493592494555,477.6120864621872
Muon update,1400,1468006400,block08.q,0.04784977436065674,0.04599880054593086,0.04502107575535774,0.04409259557723999,0.04364494979381561,22.29319301880781,0.10555829414616442,0.001501063219536256,0.00264594948085084,377.9361651600532
Muon update,1400,1468006400,block08.k,0.04774702340364456,0.04600377380847931,0.04503872990608215,0.04409810155630112,0.04366657882928848,22.274768302333893,0.10547105309283157,0.0015211821516277193,0.0026502681569839925,377.3203090278989
Muon update,1400,1468006400,block08.v,0.051257602870464325,0.047362588346004486,0.04602573812007904,0.04489454627037048,0.026061279699206352,21.77517477040718,0.10310547715437585,0.0022362826700680757,0.0027724180201336296,360.69596746878756
Muon update,1400,1468006400,block08.o,0.050111763179302216,0.04664691537618637,0.045518700033426285,0.04449684917926788,0.03341841325163841,22.037193933042474,0.10434613818566256,0.002049712311116936,0.002711456302142645,368.80550101795137
Muon update,1400,1468006400,block08.up,0.04532956704497337,0.04497477784752846,0.04421462118625641,0.04345236346125603,0.04315989464521408,45.194263313427975,0.2139948878804962,0.004533433759438423,0.002092048514074199,478.00038731058453
Muon update,1400,1468006400,block08.down,0.04538488760590553,0.04497838765382767,0.044185999780893326,0.04342656210064888,0.043115418404340744,22.65005288428295,0.10724802601261377,0.0028791907859803973,0.002478483102146281,403.4725914144964
Muon update,1425,1494220800,block02.q,0.05405537411570549,0.04995741322636604,0.0481775663793087,0.03752768039703369,0.01419001817703247,20.61535827526742,0.06251863961385944,0.0012921374395881103,0.0030947945441062163,323.12322700206977
Muon update,1425,1494220800,block02.k,0.05305849760770798,0.04903240129351616,0.047430817037820816,0.04231100156903267,0.016428466886281967,20.98907846449941,0.06365199259832097,0.0012403567513954192,0.0029845545472074186,335.05837611032365
Muon update,1425,1494220800,block02.v,0.05926835536956787,0.054462980479002,0.05180610343813896,0.022305382415652275,0.008112924173474312,18.854382691986057,0.0571782619987852,0.0010548561861779215,0.003694034501971047,270.706729854966
Muon update,1425,1494220800,block02.o,0.05074118822813034,0.047068171203136444,0.045851364731788635,0.04477928206324577,0.02858467772603035,21.84130995345619,0.06623649065138625,0.0009588840640070502,0.002755465616965047,362.9150709931304
Muon update,1425,1494220800,block02.up,0.04844845458865166,0.04538912698626518,0.043439894914627075,0.042365361005067825,0.04190113767981529,46.76266974540769,0.14181361575959064,0.003115777297850043,0.002406392917517222,415.5597337078861
Muon update,1425,1494220800,block02.down,0.045325011014938354,0.044963594526052475,0.04422149807214737,0.04346953332424164,0.04314136877655983,22.631563261844263,0.06863303215850362,0.0015014611078945804,0.0020941956472913525,477.5103039171183
Muon update,1425,1494220800,block04.q,0.04979236051440239,0.04654272273182869,0.04544064775109291,0.04443155601620674,0.03420715779066086,22.067216956289347,0.06692158175229218,0.0011767165701071808,0.002699395915545591,370.45325372283673
Muon update,1425,1494220800,block04.k,0.04942751303315163,0.04641243815422058,0.04533802345395088,0.044359173625707626,0.036022014915943146,22.098718304948697,0.06701711351254043,0.0011628191622638296,0.00269026305610659,371.7108621516079
Muon update,1425,1494220800,block04.v,0.055285584181547165,0.05100530385971069,0.04854096844792366,0.03363164886832237,0.013495401479303837,20.37552328627673,0.0617913101615505,0.0012386645047485706,0.0031662541603406785,315.8306154084621
Muon update,1425,1494220800,block04.o,0.04821110889315605,0.04598541185259819,0.045002322643995285,0.04406227916479111,0.043630167841911316,22.285123701135745,0.0675824110751968,0.0010821047352070894,0.0026446140270630775,378.1270120201736
Muon update,1425,1494220800,block04.up,0.0453944206237793,0.044938042759895325,0.04408719763159752,0.043306682258844376,0.0429864339530468,45.39010073591965,0.13765112941792548,0.002931834899852015,0.0023855909854187396,419.183341198144
Muon update,1425,1494220800,block04.down,0.04535479471087456,0.04491762816905975,0.044194985181093216,0.043480273336172104,0.04318368807435036,22.598661946181092,0.06853325482408613,0.001594063486665621,0.0020936010616812717,477.64591750681836
Muon update,1425,1494220800,block06.q,0.049163080751895905,0.04623523727059364,0.045240480452775955,0.04423551261425018,0.03906983137130737,22.193181795097363,0.06730358580268524,0.0010648704964721812,0.0026697708019353256,374.5639885173277
Muon update,1425,1494220800,block06.k,0.047975778579711914,0.04604456573724747,0.045073769986629486,0.044130902737379074,0.04331056401133537,22.25023479923237,0.06747660613814474,0.0010545624608404626,0.0026537827448935847,376.82059766354365
Muon update,1425,1494220800,block06.v,0.05340128019452095,0.04928349331021309,0.04736035689711571,0.040751416236162186,0.017707444727420807,21.07215500490082,0.06390393254621667,0.0013980665499166872,0.00295977756412881,337.8632273315252
Muon update,1425,1494220800,block06.o,0.046905238181352615,0.04585803300142288,0.04491698741912842,0.04401572793722153,0.04363274201750755,22.311137745647486,0.06766130190270571,0.0012233949518766257,0.0026368046463636774,379.24690453616427
Muon update,1425,1494220800,block06.up,0.04535110294818878,0.04496973380446434,0.04422282427549362,0.043455060571432114,0.04313332214951515,45.297228212600764,0.13736948193269263,0.0029816647844347934,0.0020970094814778406,476.8695653656572
Muon update,1425,1494220800,block06.down,0.04536387324333191,0.04492560029029846,0.04419499263167381,0.04346972331404686,0.04319285601377487,22.59987219736471,0.06853692506141991,0.001731515028995827,0.002092379766790456,477.92471322446426
Muon update,1425,1494220800,block08.q,0.04861992225050926,0.04614297300577164,0.0450802743434906,0.044142309576272964,0.04169259965419769,22.229102906711567,0.06741252104414704,0.0009609826557692292,0.002659869326798195,375.95831867565664
Muon update,1425,1494220800,block08.k,0.04837023839354515,0.046035487204790115,0.04505982995033264,0.04409942403435707,0.042645297944545746,22.275791480870247,0.06755410995581845,0.0009737652030071881,0.002649346538797351,377.4515660204806
Muon update,1425,1494220800,block08.v,0.051445119082927704,0.047449249774217606,0.04606056213378906,0.04493798688054085,0.02527805231511593,21.741960316909342,0.06593520051419315,0.0014364195131609003,0.002780994459167241,359.58360028500255
Muon update,1425,1494220800,block08.o,0.04998353123664856,0.04663486406207085,0.045522868633270264,0.04447902366518974,0.03346632793545723,22.051399881702835,0.0668736145051255,0.0013162620189391613,0.0027047234921351443,369.72356061823785
Muon update,1425,1494220800,block08.up,0.04532473906874657,0.044953349977731705,0.044213343411684036,0.043449483811855316,0.04315662756562233,45.20041240353672,0.13707587594268367,0.002905423450681788,0.0020938356128943902,477.59241166867974
Muon update,1425,1494220800,block08.down,0.045381978154182434,0.04498353600502014,0.044207021594047546,0.04342636838555336,0.04311339929699898,22.64825465361099,0.06868365088133076,0.0018467340273803146,0.0023375469613658023,427.7988919699441
Muon update,1450,1520435200,block02.q,0.05471820756793022,0.050474610179662704,0.04854349419474602,0.035274896770715714,0.012892047874629498,20.39745875446468,0.027133674136131047,0.0005674937465387517,0.0031589706999624045,316.5588082256987
Muon update,1450,1520435200,block02.k,0.05370311811566353,0.04959955811500549,0.0479784794151783,0.03870058432221413,0.015362435951828957,20.74974396034886,0.027602300747637195,0.0005447454053663188,0.003052762173937573,327.57219299207986
Muon update,1450,1520435200,block02.v,0.058989591896533966,0.054291583597660065,0.05169164389371872,0.023170027881860733,0.00823028851300478,18.91059973197238,0.025155783228821737,0.00046291997413588074,0.0036717316970914654,272.3510546242097
Muon update,1450,1520435200,block02.o,0.0506649911403656,0.04702506586909294,0.04581039771437645,0.04473802074790001,0.02878073789179325,21.86773703220987,0.029089508544622635,0.0004207410965114981,0.002745741691967965,364.20031896127364
Muon update,1450,1520435200,block02.up,0.04842591658234596,0.045630089938640594,0.043467991054058075,0.042334333062171936,0.04185333475470543,46.80695884263603,0.06226485288327356,0.0013677879580980346,0.0024013941753149443,416.4247628646178
Muon update,1450,1520435200,block02.down,0.045321978628635406,0.04495652765035629,0.044242653995752335,0.04345310106873512,0.043143462389707565,22.62175639060968,0.030092541118897448,0.0006589340725324819,0.0020939753953008733,477.5605301973067
Muon update,1450,1520435200,block04.q,0.050195369869470596,0.046618569642305374,0.045486416667699814,0.04444725438952446,0.03289906680583954,22.042997234273415,0.02932264803856983,0.0005165254418545442,0.002705546954091753,369.61103132497584
Muon update,1450,1520435200,block04.k,0.04963785782456398,0.046471863985061646,0.04536987468600273,0.044365331530570984,0.035635266453027725,22.090060369034322,0.02938525366889855,0.0005103812970172587,0.0026907001429506,371.65048012500125
Muon update,1450,1520435200,block04.v,0.05456116050481796,0.05031372979283333,0.0481201596558094,0.035963576287031174,0.014591163024306297,20.607429281730642,0.027412986962969302,0.0005437997229342897,0.003094908942288477,323.11128328724504
Muon update,1450,1520435200,block04.o,0.047757215797901154,0.04600483551621437,0.04501499608159065,0.04409748315811157,0.04366843029856682,22.266339897670534,0.02961974911975165,0.00047502299408737055,0.0026502681569839925,377.3203090278989
Muon update,1450,1520435200,block04.up,0.04540138691663742,0.04494696855545044,0.044127341359853745,0.043323200196027756,0.043021444231271744,45.37655621473737,0.06036206296929115,0.001286236397230639,0.002356706286384347,424.32101351679154
Muon update,1450,1520435200,block04.down,0.04535726457834244,0.04493163526058197,0.04420194402337074,0.04347354918718338,0.04318699985742569,22.60257431184217,0.03006702420128548,0.0006994475524461561,0.002092388287010749,477.9227671115628
Muon update,1450,1520435200,block06.q,0.049336306750774384,0.04637842997908592,0.04529417306184769,0.04429815337061882,0.03737093508243561,22.138687058238563,0.02944993921404755,0.00046719000738378545,0.0026803197608968876,373.0898136069334
Muon update,1450,1520435200,block06.k,0.04803188145160675,0.04602477326989174,0.04504785314202309,0.04408365860581398,0.04362420737743378,22.273762861156033,0.029629623500416636,0.0004626247401591934,0.0026486731646874345,377.5475258073256
Muon update,1450,1520435200,block06.v,0.052859727293252945,0.04869615286588669,0.04702780023217201,0.04354467988014221,0.01900661550462246,21.268020030232062,0.028291736336748873,0.0006139629553812479,0.002908910960961686,343.7712647173635
Muon update,1450,1520435200,block06.o,0.047139886766672134,0.0458754226565361,0.04494258016347885,0.044069427996873856,0.04365428909659386,22.284925281961268,0.029644472285863175,0.0005371746684378316,0.0026454190909872555,378.01193898045307
Muon update,1450,1520435200,block06.up,0.04534897953271866,0.04497087374329567,0.04419972002506256,0.04345357045531273,0.04314538463950157,45.31869303116499,0.060285090598054536,0.0013080687924973988,0.002096267810221042,477.03828448071937
Muon update,1450,1520435200,block06.down,0.045329563319683075,0.04490888491272926,0.0442039929330349,0.04348239675164223,0.04319547861814499,22.60236269578381,0.030066742699494563,0.0007598507088979036,0.002093280961387292,477.71895815517485
Muon update,1450,1520435200,block08.q,0.04851553216576576,0.04614441469311714,0.04510868340730667,0.0441599003970623,0.0409468375146389,22.224856276803692,0.029564565625369472,0.000421285462700036,0.0026588676666250977,376.0999513260096
Muon update,1450,1520435200,block08.k,0.04842274263501167,0.04609014466404915,0.045059412717819214,0.044128332287073135,0.042641833424568176,22.24271251306217,0.029588318843933,0.0004268764117317427,0.0026563165334059224,376.46115868495633
Muon update,1450,1520435200,block08.v,0.0515168234705925,0.04754343256354332,0.04613892734050751,0.045002326369285583,0.024643581360578537,21.711806241568816,0.02888208195722397,0.0006309520012315547,0.0027879253362128736,358.68966324557425
Muon update,1450,1520435200,block08.o,0.04982990026473999,0.04654962569475174,0.04543265700340271,0.044436484575271606,0.03461353853344917,22.068834108703612,0.0293570174833092,0.0005781253666298039,0.0026988687107993986,370.52561912276286
Muon update,1450,1520435200,block08.up,0.04531266540288925,0.044945698231458664,0.04421692714095116,0.04346083477139473,0.04315446317195892,45.212062209113476,0.06014324518420953,0.0012744000418627676,0.002097914402503287,476.6638709409562
Muon update,1450,1520435200,block08.down,0.04539508372545242,0.04497429355978966,0.04417944326996803,0.043437231332063675,0.04312419518828392,22.650821143747862,0.03013120444210804,0.0008104276687164849,0.002397119199612621,417.16740667781636
Muon update,1469,1539870720,block02.q,0.05538615584373474,0.05101272091269493,0.04905175417661667,0.03248336538672447,0.011875209398567677,20.167825213547076,0.0007349458176743804,1.5549697523877203e-05,0.0032315075573743357,309.4530903132159
Muon update,1469,1539870720,block02.k,0.05488656461238861,0.05052930489182472,0.04864631965756416,0.03420243784785271,0.012626035138964653,20.361643401851435,0.0007420088433291164,1.4926632992768382e-05,0.0031691861668462634,315.5384213339304
Muon update,1469,1539870720,block02.v,0.060750339180231094,0.05583225190639496,0.04988444969058037,0.019650492817163467,0.006917841732501984,18.362393351814074,0.0006691531711283641,1.2681696198658808e-05,0.0038931270634773446,256.8629237358616
Muon update,1469,1539870720,block02.o,0.051462672650814056,0.04759899154305458,0.04625730216503143,0.045122504234313965,0.024833012372255325,21.640454321925766,0.0007886106324339545,1.1525814566433215e-05,0.00280753393269656,356.18447504907886
Muon update,1469,1539870720,block02.up,0.0483253076672554,0.045908331871032715,0.0434512197971344,0.04231422394514084,0.04177377000451088,46.902932064233475,0.0017092132340634897,3.7474981178939496e-05,0.0023935788268652503,417.78444427069473
Muon update,1469,1539870720,block02.down,0.04534732922911644,0.04497399553656578,0.04422539472579956,0.04345922917127609,0.04313349351286888,22.668185072751186,0.0008260626833624368,1.8052193977361947e-05,0.0020943896559297986,477.4660709236805
Muon update,1469,1539870720,block04.q,0.050616711378097534,0.046861253678798676,0.0456603467464447,0.04460484907031059,0.03041623719036579,21.94138242818339,0.000799576904244271,1.4150848457671176e-05,0.0027321707033163417,366.0093415049755
Muon update,1469,1539870720,block04.k,0.05000762641429901,0.04660544544458389,0.04547310993075371,0.04444799944758415,0.03370474651455879,22.04587977324692,0.0008033849443229271,1.398244219367e-05,0.002704687843906886,369.72843363525203
Muon update,1469,1539870720,block04.v,0.05700637400150299,0.05236386880278587,0.049758169800043106,0.028761088848114014,0.011143507435917854,19.73709356143234,0.0007192493098501724,1.4898648226699838e-05,0.0033726817805717624,296.4999561359366
Muon update,1469,1539870720,block04.o,0.048700083047151566,0.04616250470280647,0.04512713477015495,0.04418634623289108,0.040917035192251205,22.210971662415155,0.000809401140526108,1.3013821198412035e-05,0.0026634321847663345,375.45540138756377
Muon update,1469,1539870720,block04.up,0.04608757048845291,0.04480244591832161,0.043912727385759354,0.04304064065217972,0.04266533628106117,45.78487728548685,0.001668469640003644,3.523455953659539e-05,0.0024882107961243932,401.8952098261079
Muon update,1469,1539870720,block04.down,0.045329730957746506,0.0449516586959362,0.044236212968826294,0.04345287010073662,0.04314892739057541,22.613485178783773,0.0008240693371353195,1.916128512520519e-05,0.0020938090206721327,477.59847728566496
Muon update,1469,1539870720,block06.q,0.04978078976273537,0.04647621139883995,0.045414455235004425,0.0443820059299469,0.03492311015725136,22.105082161265354,0.0008055423681903879,1.2797371940256129e-05,0.002689932655929997,371.75651880930366
Muon update,1469,1539870720,block06.k,0.04871043190360069,0.046177953481674194,0.04514221474528313,0.04419355466961861,0.0410173125565052,22.21499433679504,0.0008095477328175453,1.2672136254480507e-05,0.002664375093887339,375.3225295845992
Muon update,1469,1539870720,block06.v,0.0548323318362236,0.050831034779548645,0.04840440675616264,0.03458048030734062,0.014051930978894234,20.52015395713339,0.000747785205848535,1.682222382035422e-05,0.0031198828187840727,320.52485881175977
Muon update,1469,1539870720,block06.o,0.04776166006922722,0.045968882739543915,0.045012254267930984,0.0441025048494339,0.04366154968738556,22.254677788356155,0.0008109938573474294,1.4717586192479199e-05,0.0026500698593896616,377.3485428909826
Muon update,1469,1539870720,block06.up,0.04538864269852638,0.04497440904378891,0.0441778227686882,0.04344698414206505,0.0431450754404068,45.27112481682335,0.001649747729030789,3.583282548631745e-05,0.00209796763923098,476.6517754137308
Muon update,1469,1539870720,block06.down,0.045326974242925644,0.04495064914226532,0.044214315712451935,0.04346295818686485,0.043159063905477524,22.61582781648143,0.0008241547063687391,2.081666793268204e-05,0.0021006853154235255,476.0351265645835
Muon update,1469,1539870720,block08.q,0.04881957918405533,0.04625166952610016,0.045205287635326385,0.044229742139577866,0.03924823924899101,22.196843739152975,0.0008088862977999329,1.1537511144929104e-05,0.0026683254345317153,374.76688077798036
Muon update,1469,1539870720,block08.k,0.04875294119119644,0.046173080801963806,0.045149706304073334,0.04420173913240433,0.040966276079416275,22.204341086910684,0.0008091595124038794,1.1690656529594902e-05,0.002665145080627873,375.2140951983046
Muon update,1469,1539870720,block08.v,0.05236372724175453,0.04827059805393219,0.04675193503499031,0.04543762654066086,0.02028125338256359,21.4225532856053,0.0007806699916551428,1.7289418306249113e-05,0.002863602671600296,349.2104578325316
Muon update,1469,1539870720,block08.o,0.0506851002573967,0.04702285677194595,0.045806024223566055,0.044734735041856766,0.02891291119158268,21.894876042358106,0.0007978821417502722,1.5841358534224875e-05,0.002744978104821452,364.3016307647544
Muon update,1469,1539870720,block08.up,0.04532010853290558,0.044954653829336166,0.04423295333981514,0.04347493499517441,0.04313959181308746,45.28831028233578,0.001650373993185174,3.490844269137737e-05,0.0020950041327390118,477.3260273680694
Muon update,1469,1539870720,block08.down,0.04540719836950302,0.044987428933382034,0.04417305812239647,0.04342525452375412,0.04310543090105057,22.652597342508916,0.0008254946430790998,2.2202244009646475e-05,0.002532207322079927,394.91237201644736
Muon momentum,1,1048576,block02.q,0.011624208651483059,0.00433056615293026,0.0012967874063178897,0.0004083237436134368,0.00014170733629725873,0.0008321453303581345,,,0.8300041051487064,1.2048133181471874
Muon momentum,1,1048576,block02.k,0.01965545490384102,0.005068744532763958,0.0013816491700708866,0.00043029780499637127,0.0001519656361779198,0.0008422024944939401,,,0.21892461657550744,4.567782351945326
Muon momentum,1,1048576,block02.v,0.0012332103215157986,0.00041205232264474034,0.00010154079063795507,2.5218283553840593e-05,7.793072654749267e-06,0.06111262570372774,,,0.9667102793912505,1.034436088369426
Muon momentum,1,1048576,block02.o,0.0010796469869092107,0.0003549503453541547,9.290396701544523e-05,2.558176129241474e-05,8.548448022338562e-06,0.24754158040631058,,,0.9644892876645059,1.0368181511082228
Muon momentum,1,1048576,block02.up,0.00971435196697712,0.004855747800320387,0.0018963261973112822,0.0007774856640025973,0.0004454122972674668,0.06025391868598197,,,0.9066978852857233,1.102903200976227
Muon momentum,1,1048576,block02.down,0.004900189582258463,0.00209709070622921,0.0007375975255854428,0.0003056339337490499,0.00019167701248079538,0.31155301887509,,,0.9519741305770459,1.0504487127122277
Muon momentum,1,1048576,block04.q,0.005992772988975048,0.0020788947585970163,0.0006265573902055621,0.00019544603128451854,6.791729538235813e-05,0.0006197431344599113,,,0.9426866234166518,1.0607979101004137
Muon momentum,1,1048576,block04.k,0.010967190377414227,0.0026949457824230194,0.000697408861014992,0.0002307898976141587,8.053000055951998e-05,0.0005855078406423079,,,0.2189138795791088,4.568006386450388
Muon momentum,1,1048576,block04.v,0.0008380193030461669,0.00026843970408663154,6.524995114887133e-05,1.582665390742477e-05,5.037531536800088e-06,0.04989215601495239,,,0.9835182938455809,1.0167579050207345
Muon momentum,1,1048576,block04.o,0.0007350961677730083,0.00022468999668490142,5.5515749409096316e-05,1.5407606042572297e-05,5.105644959257916e-06,0.2087628987857863,,,0.9850207699513511,1.0152070194919733
Muon momentum,1,1048576,block04.up,0.006663078907877207,0.0028082753997296095,0.000933587143663317,0.00037256983341649175,0.00021931827359367162,0.053802982205336955,,,0.9521412775451523,1.0502643080218503
Muon momentum,1,1048576,block04.down,0.0034418159630149603,0.0013377300929278135,0.000450635066954419,0.0002046478766715154,0.00013456781744025648,0.25084556064200825,,,0.9693237953817437,1.0316470149236099
Muon momentum,1,1048576,block06.q,0.003862544661387801,0.001393487211316824,0.0004264907038304955,0.00013804895570501685,4.8887726734392345e-05,0.0005157591842690851,,,0.9709549378681324,1.0299139136113156
Muon momentum,1,1048576,block06.k,0.007265686988830566,0.001644211821258068,0.0004511640581768006,0.00014854146866127849,5.2062212489545345e-05,0.0005240567561398088,,,0.2594297737765352,3.854607686091455
Muon momentum,1,1048576,block06.v,0.0006254676845856011,0.00019990057626273483,4.8499598051421344e-05,1.2920037988806143e-05,3.984125669376226e-06,0.046827406856051614,,,0.9955974504533174,1.0044220176986975
Muon momentum,1,1048576,block06.o,0.0005741273052990437,0.00018181651830673218,4.477982656680979e-05,1.2497425814217422e-05,4.157004241278628e-06,0.1847073974482489,,,0.9953273410755834,1.0046945951664175
Muon momentum,1,1048576,block06.up,0.005319681018590927,0.0020961984992027283,0.0006692959577776492,0.00026929070008918643,0.00016262718418147415,0.04787152294190038,,,0.9708440537794196,1.0300315443114458
Muon momentum,1,1048576,block06.down,0.002695458009839058,0.001026645302772522,0.00036257223109714687,0.00018296189955435693,0.0001245533348992467,0.20764828601459917,,,0.9791335783760111,1.0213111081928146
Muon momentum,1,1048576,block08.q,0.0033267694525420666,0.0012482861056923866,0.0004021180793642998,0.00013208642485551536,4.465976235223934e-05,0.0003892588105949544,,,0.9719001762431532,1.028912252969709
Muon momentum,1,1048576,block08.k,0.006182004697620869,0.0013426031218841672,0.0003959747264161706,0.0001326012861682102,4.827270458918065e-05,0.0004330949100506068,,,0.24756603705685976,4.039326281941997
Muon momentum,1,1048576,block08.v,0.0006202085642144084,0.00019877975864801556,4.977342177880928e-05,1.320432511420222e-05,4.2223086893500295e-06,0.037159273130764336,,,0.9995325158145221,1.000467702829154
Muon momentum,1,1048576,block08.o,0.0004959190846420825,0.0001595300855115056,4.1600353142712265e-05,1.183255881187506e-05,3.935193944926141e-06,0.1627116654588826,,,0.9997068858391209,1.0002932001019809
Muon momentum,1,1048576,block08.up,0.0044980174861848354,0.0017189146019518375,0.0005521413404494524,0.00023047190916258842,0.00013850859249942005,0.042305863104446145,,,0.9775884537297976,1.0229253385560104
Muon momentum,1,1048576,block08.down,0.0017772812861949205,0.000717157730832696,0.00029532521148212254,0.00016351806698367,0.00012120801693527028,0.186905585881965,,,0.9844090679644637,1.0158378590190913
Muon momentum,25,26214400,block02.q,0.014817557297647,0.004758781287819147,0.001356676104478538,0.0004022092616651207,0.00013586445129476488,0.004344997813776783,,,0.4082522914505695,2.449465737098204
Muon momentum,25,26214400,block02.k,0.03449981287121773,0.008217407390475273,0.0018757578218355775,0.0005282677011564374,0.00017615694378037006,0.004191983283471371,,,0.2854144871614359,3.5036763898897
Muon momentum,25,26214400,block02.v,0.003356063039973378,0.0010725646279752254,0.0002487686579115689,6.156408926472068e-05,1.8743865439319052e-05,0.17349811046386085,,,0.7657551820775552,1.3059004018580975
Muon momentum,25,26214400,block02.o,0.0031726760789752007,0.0009145558578893542,0.00019677350064739585,4.882845678366721e-05,1.58948460011743e-05,0.6683129188005665,,,0.7544813036526108,1.3254138905215793
Muon momentum,25,26214400,block02.up,0.015922116115689278,0.006777340080589056,0.002825148170813918,0.0012685119872912765,0.000762264127843082,0.24130568274876146,,,0.31093001462636494,3.2161578263895474
Muon momentum,25,26214400,block02.down,0.014695749618113041,0.0058950092643499374,0.0021094416733831167,0.0008409853908233345,0.00046423106687143445,0.9549283781853563,,,0.3161879558504097,3.1626758119563085
Muon momentum,25,26214400,block04.q,0.01086308341473341,0.003082025796175003,0.0007664387812837958,0.00020888338622171432,6.937675061635673e-05,0.002347391358602789,,,0.46770485949083707,2.1381005129787223
Muon momentum,25,26214400,block04.k,0.024172183126211166,0.005253373179584742,0.0010913703590631485,0.0002794378960970789,9.230736759491265e-05,0.0022629317405852964,,,0.24800162131975245,4.032231703480212
Muon momentum,25,26214400,block04.v,0.0026570020709186792,0.0007656601374037564,0.00017344721709378064,4.199405520921573e-05,1.2793854693882167e-05,0.13237688762874353,,,0.6281754167930309,1.5919120253148598
Muon momentum,25,26214400,block04.o,0.002398247132077813,0.0006686961860395968,0.00013995973858982325,3.309773455839604e-05,9.57971133175306e-06,0.536388235921489,,,0.6756250551834597,1.480110887433651
Muon momentum,25,26214400,block04.up,0.012969227507710457,0.005045396275818348,0.0018686010735109448,0.0007617516093887389,0.00042897480307146907,0.1972151317208797,,,0.397783607915958,2.5139296343535493
Muon momentum,25,26214400,block04.down,0.012077494524419308,0.004653248470276594,0.0016644698334857821,0.0006451625376939774,0.0003470768569968641,0.7713636782144384,,,0.46392280109845174,2.1555310444588045
Muon momentum,25,26214400,block06.q,0.0070004393346607685,0.0019080819329246879,0.00044713547686114907,0.00012406725727487355,4.11352411902044e-05,0.0021243697088936283,,,0.5489367549694748,1.8217034857788086
Muon momentum,25,26214400,block06.k,0.015393071807920933,0.003106967778876424,0.0006222269730642438,0.00016522342048119754,5.4324114898918197e-05,0.002065839588272998,,,0.23563542976770524,4.243843979599429
Muon momentum,25,26214400,block06.v,0.0017974047223106027,0.0004888394614681602,0.00011158146662637591,2.7654938094201498e-05,8.483300007355865e-06,0.14298382871110735,,,0.7621649494319094,1.312051939341168
Muon momentum,25,26214400,block06.o,0.0016784763429313898,0.0004399344907142222,9.492705430602655e-05,2.3278653316083364e-05,6.8486233431031e-06,0.5590835933591461,,,0.7777486833424838,1.2857623823962774
Muon momentum,25,26214400,block06.up,0.010020683519542217,0.0038369474932551384,0.001380061381496489,0.0005460964748635888,0.0002993785310536623,0.19462907451766834,,,0.5575126290225718,1.7936813409109578
Muon momentum,25,26214400,block06.down,0.009363772347569466,0.0034969314001500607,0.0012475289404392242,0.00048343397793360054,0.00026217845152132213,0.7568112832528101,,,0.5921247725384546,1.6888332432250275
Muon momentum,25,26214400,block08.q,0.00539227994158864,0.001401841058395803,0.00034378960845060647,9.420225978828967e-05,3.128416574327275e-05,0.0018105281634515692,,,0.7190864946438893,1.3906532905964624
Muon momentum,25,26214400,block08.k,0.011446830816566944,0.002256473060697317,0.0004406588850542903,0.00012104702909709886,4.047885522595607e-05,0.0018559233055378817,,,0.3024321570292301,3.3065266928719814
Muon momentum,25,26214400,block08.v,0.0012040846049785614,0.0003229804278817028,7.62676281738095e-05,1.9592094758991152e-05,5.913952463743044e-06,0.15368090108859292,,,0.7829631534595052,1.2771993108251931
Muon momentum,25,26214400,block08.o,0.0009728741715662181,0.00027572689577937126,6.49632274871692e-05,1.6073216102086008e-05,4.879663265455747e-06,0.6261582598239415,,,0.8093311522866067,1.2355881732399596
Muon momentum,25,26214400,block08.up,0.007223391439765692,0.0027413442730903625,0.0009793370263651013,0.0003887058119289577,0.0002125480241375044,0.2093175920425845,,,0.6863497869697746,1.456983041278394
Muon momentum,25,26214400,block08.down,0.006424873601645231,0.0023412310983985662,0.0008442586986348033,0.00032285944325849414,0.0001750186347635463,0.829955812804582,,,0.7225510093632046,1.3839853339646089
Muon momentum,50,52428800,block02.q,0.020646212622523308,0.0052517978474497795,0.0015929407672956586,0.0005511153722181916,0.00019178558432031423,0.006332320191088046,,,0.2750876955687467,3.6352043952110966
Muon momentum,50,52428800,block02.k,0.02096412144601345,0.006581677123904228,0.0019342651357874274,0.000639711448457092,0.000227819531573914,0.006116662554116519,,,0.25755575875067294,3.8826544001605914
Muon momentum,50,52428800,block02.v,0.01566106267273426,0.0030147468205541372,0.0007950777653604746,0.0002404644910711795,8.118495316011831e-05,0.06816118810778106,,,0.48570825564215525,2.058849089723417
Muon momentum,50,52428800,block02.o,0.015083981677889824,0.002908756025135517,0.0006891486118547618,0.00019431044347584248,6.334178760880604e-05,0.22378453996341827,,,0.5281368235191763,1.8934487342439408
Muon momentum,50,52428800,block02.up,0.03788914531469345,0.013239085674285889,0.005781366489827633,0.0031762458384037018,0.0021757204085588455,0.09181461793749916,,,0.1663146861656708,6.012698114969062
Muon momentum,50,52428800,block02.down,0.034041110426187515,0.010975204408168793,0.004367724526673555,0.0021971899550408125,0.0014338778564706445,0.34688135760940836,,,0.21316113146986027,4.691286789033554
Muon momentum,50,52428800,block04.q,0.015819957479834557,0.0028662520926445723,0.0006638643681071699,0.0002030117902904749,6.667351408395916e-05,0.0045466371589857725,,,0.2670129221215234,3.745137096941242
Muon momentum,50,52428800,block04.k,0.015635646879673004,0.003770106704905629,0.0008984453161247075,0.0002666503714863211,8.949009497882798e-05,0.004546267661180586,,,0.3697649467099495,2.704420764860706
Muon momentum,50,52428800,block04.v,0.012166008353233337,0.002183713484555483,0.0005250502726994455,0.00014525698497891426,4.798808731720783e-05,0.048776378226981824,,,0.39317620747750937,2.5433888953140746
Muon momentum,50,52428800,block04.o,0.010918502695858479,0.002174689434468746,0.0005059262621216476,0.00013629213208332658,4.315641490393318e-05,0.16792112091734002,,,0.47693343379382114,2.096728660948314
Muon momentum,50,52428800,block04.up,0.030830955132842064,0.00963082630187273,0.0037999094929546118,0.0018968970980495214,0.0012189351255074143,0.07256924530975747,,,0.21962685710534036,4.553177207832859
Muon momentum,50,52428800,block04.down,0.027572082355618477,0.009075123816728592,0.0037080079782754183,0.0018768147565424442,0.001233503920957446,0.2775287355394561,,,0.3389095669923705,2.9506396319066197
Muon momentum,50,52428800,block06.q,0.013941459357738495,0.0022568327840417624,0.0004603594134096056,0.0001333547552349046,4.6073360863374546e-05,0.0038798994841597613,,,0.41763113984646694,2.394457463989942
Muon momentum,50,52428800,block06.k,0.013643620535731316,0.002785926917567849,0.0005974115338176489,0.00016363711620215327,5.3005704103270546e-05,0.004116285259463276,,,0.37056907054992294,2.6985522523938767
Muon momentum,50,52428800,block06.v,0.008814376778900623,0.0015357863157987595,0.00035238786949776113,0.00010119819489773363,3.22700034303125e-05,0.05031178711831834,,,0.41252043681666706,2.424122324015723
Muon momentum,50,52428800,block06.o,0.00883950013667345,0.0017196321859955788,0.00039975621621124446,0.00011282224295428023,3.590954656829126e-05,0.15800761248362377,,,0.5872981253037644,1.7027127397738187
Muon momentum,50,52428800,block06.up,0.025914045050740242,0.007822509855031967,0.003024917794391513,0.0014742614002898335,0.0009289046283811331,0.06573604018517591,,,0.30933194943736453,3.2327730834751236
Muon momentum,50,52428800,block06.down,0.022744495421648026,0.007889064028859138,0.00320543278940022,0.001607020734809339,0.001042467076331377,0.2610260340926206,,,0.46051925373377856,2.171461870252421
Muon momentum,50,52428800,block08.q,0.010516955517232418,0.0017659671138972044,0.0003309785679448396,9.320889512309805e-05,3.2071202440420166e-05,0.0035275345008182026,,,0.5441104296699031,1.8378622159598608
Muon momentum,50,52428800,block08.k,0.01237904280424118,0.0022359888534992933,0.00046680495142936707,0.00012199614866403863,3.8830883568152785e-05,0.0036670225547766884,,,0.5209860754623605,1.9194370964953873
Muon momentum,50,52428800,block08.v,0.006905416492372751,0.0011957379756495357,0.00026942556723952293,7.831414404790848e-05,2.578895328042563e-05,0.050389018243489334,,,0.4752216783118115,2.10428110845537
Muon momentum,50,52428800,block08.o,0.006405736319720745,0.0011824711691588163,0.0002909493341576308,8.36583785712719e-05,2.858885272871703e-05,0.17142422489359563,,,0.6754792602362301,1.4804303534801022
Muon momentum,50,52428800,block08.up,0.021672066301107407,0.0062711406499147415,0.0023316226433962584,0.0011115496745333076,0.0007027398678474128,0.06644350154856843,,,0.4582274604021883,2.182322288416097
Muon momentum,50,52428800,block08.down,0.01916045881807804,0.006321777123957872,0.002512954641133547,0.001261554192751646,0.0008172767120413482,0.2697744884506451,,,0.6015636138556744,1.662334584351901
Muon momentum,75,78643200,block02.q,0.016537673771381378,0.004614224191755056,0.0013753370149061084,0.00045589718502014875,0.000157646180014126,0.010384393083736647,,,0.46485994733192015,2.151185546828749
Muon momentum,75,78643200,block02.k,0.017074406147003174,0.005130954086780548,0.001557441079057753,0.0005283829523250461,0.00019071459246333688,0.009451499388267802,,,0.41801117902560136,2.392280518265169
Muon momentum,75,78643200,block02.v,0.028728635981678963,0.0070088692009449005,0.0014396432088688016,0.0004247393226251006,0.00014786933024879545,0.04821633093362333,,,0.1859981857564641,5.376396527379819
Muon momentum,75,78643200,block02.o,0.028653554618358612,0.006583436392247677,0.0013597956858575344,0.0003972086706198752,0.00013012193085160106,0.10956716684444212,,,0.22583832058535336,4.427946494678523
Muon momentum,75,78643200,block02.up,0.05455968156456947,0.021732037886977196,0.009227138943970203,0.004949365276843309,0.003385523334145546,0.048998278452624375,,,0.12297453494107913,8.131764844478823
Muon momentum,75,78643200,block02.down,0.048469241708517075,0.01761680096387863,0.006903110072016716,0.0036363841500133276,0.002497795969247818,0.14670301122367807,,,0.14251385355601087,7.016861694831509
Muon momentum,75,78643200,block04.q,0.01900278963148594,0.004548297729343176,0.0010629319585859776,0.0003090214158874005,0.00010648344323271886,0.005159663001945863,,,0.5705901717397523,1.7525713717622577
Muon momentum,75,78643200,block04.k,0.019073136150836945,0.005048912484198809,0.0013214116916060448,0.00040740505210123956,0.00014335357991512865,0.004711257661164684,,,0.43842615895295367,2.280885799305847
Muon momentum,75,78643200,block04.v,0.032033853232860565,0.006902421824634075,0.0012859613634645939,0.0003653134626802057,0.00011967909085797146,0.02365931092211237,,,0.17317318586243946,5.774566050857045
Muon momentum,75,78643200,block04.o,0.030871227383613586,0.007060662377625704,0.001409622491337359,0.0004006012750323862,0.00013706530444324017,0.054329755629844816,,,0.3527432230567342,2.8349233511402225
Muon momentum,75,78643200,block04.up,0.04888712242245674,0.017433905974030495,0.006644266191869974,0.0034425912890583277,0.0023397160694003105,0.03136950369574218,,,0.1213534244288903,8.240393748311337
Muon momentum,75,78643200,block04.down,0.04159208759665489,0.01641082763671875,0.006972552742809057,0.003799180267378688,0.002665810752660036,0.098949110912708,,,0.23632680937254325,4.231428514839423
Muon momentum,75,78643200,block06.q,0.016739938408136368,0.0037266872823238373,0.0008002136019058526,0.00022628981969319284,7.479363557649776e-05,0.004520089230303296,,,0.6369162221716493,1.5700652066772125
Muon momentum,75,78643200,block06.k,0.016106750816106796,0.003982472699135542,0.0009590468253009021,0.0002853338955901563,9.567067172611132e-05,0.00428902441306366,,,0.5630144758662858,1.7761532657954195
Muon momentum,75,78643200,block06.v,0.027184639126062393,0.005775127559900284,0.00106586585752666,0.0003066862700507045,0.0001035882014548406,0.020525406635834003,,,0.30535183542486166,3.2749107226050107
Muon momentum,75,78643200,block06.o,0.026662178337574005,0.00618754094466567,0.00135300331749022,0.0004010382981505245,0.00013499210763256997,0.046133087770668546,,,0.4942495747701834,2.0232693178643215
Muon momentum,75,78643200,block06.up,0.04481073096394539,0.015263990499079227,0.005600674543529749,0.002829208504408598,0.0019119452917948365,0.027175130617604806,,,0.22580025260049297,4.428693008458649
Muon momentum,75,78643200,block06.down,0.036474648863077164,0.015552514232695103,0.006869447883218527,0.0038478123024106026,0.0027183520141988993,0.08838768400084712,,,0.3589428710473932,2.7859586598892627
Muon momentum,75,78643200,block08.q,0.011802786029875278,0.0026923890691250563,0.0005663986667059362,0.00015115609858185053,4.7981811803765595e-05,0.004988281938671075,,,0.6399863816032081,1.5625332487465344
Muon momentum,75,78643200,block08.k,0.012356622144579887,0.002947516506537795,0.0006766465376131237,0.00019140656513627619,6.530316750286147e-05,0.004728271641675065,,,0.6018040322061466,1.6616704882054565
Muon momentum,75,78643200,block08.v,0.02286175824701786,0.004731370601803064,0.0009053982794284821,0.0002525273885112256,8.29365526442416e-05,0.020264252895238,,,0.3943004831817234,2.5361368871037486
Muon momentum,75,78643200,block08.o,0.02233988791704178,0.005175541155040264,0.00114381592720747,0.0003472406242508441,0.00012042019807267934,0.04684763134385662,,,0.5750826309218269,1.7388805472998778
Muon momentum,75,78643200,block08.up,0.03940615803003311,0.013046348467469215,0.0046875267289578915,0.002322716871276498,0.0015393274370580912,0.027356612954157315,,,0.36578749300305446,2.733827752803045
Muon momentum,75,78643200,block08.down,0.03285429999232292,0.014121655374765396,0.006367367692291737,0.0035830806009471416,0.0025247058365494013,0.08898264678870693,,,0.48549559346188076,2.0597509297033736
Muon momentum,100,104857600,block02.q,0.014090582728385925,0.0037338165566325188,0.0011468165321275592,0.00039159858715720475,0.00013814051635563374,0.017877100581581002,,,0.6014511885280314,1.6626453136577246
Muon momentum,100,104857600,block02.k,0.01420610211789608,0.004108291584998369,0.0012043314054608345,0.000399363343603909,0.00014027500583324581,0.01824648598685067,,,0.6548885484464826,1.5269773801545101
Muon momentum,100,104857600,block02.v,0.032583996653556824,0.00955689512193203,0.0024537653662264347,0.0007031225832179189,0.0002370997826801613,0.04266521906350279,,,0.16574877266851118,6.0332271780977065
Muon momentum,100,104857600,block02.o,0.03209908679127693,0.009470198303461075,0.002301691332831979,0.0006408591289073229,0.00021723615645896643,0.07511651992788525,,,0.18225506000086344,5.486816113611674
Muon momentum,100,104857600,block02.up,0.0581420473754406,0.02502596005797386,0.010971338488161564,0.005927391350269318,0.004035676829516888,0.04167232992014902,,,0.09053098924059899,11.045941377513921
Muon momentum,100,104857600,block02.down,0.05479678139090538,0.022088559344410896,0.008744481950998306,0.004697598982602358,0.003247768385335803,0.09669594997544187,,,0.16400479650725686,6.097382645487153
Muon momentum,100,104857600,block04.q,0.018896527588367462,0.004626977723091841,0.001187760615721345,0.0003728764713741839,0.00013275834498926997,0.00903306652031851,,,0.4970602749645856,2.0118284448928203
Muon momentum,100,104857600,block04.k,0.019330037757754326,0.0049772742204368114,0.0013389312662184238,0.00043409649515524507,0.00015278086357284337,0.008620610135818456,,,0.5386905921705001,1.8563531914875016
Muon momentum,100,104857600,block04.v,0.039199098944664,0.0103831822052598,0.0023278628941625357,0.0006350760813802481,0.0002193818800151348,0.021132961093292674,,,0.18693042217075018,5.3495840237634384
Muon momentum,100,104857600,block04.o,0.0439818874001503,0.012583062052726746,0.002931005787104368,0.0008313728030771017,0.00027536178822629154,0.030294219369013758,,,0.16549332176227782,6.042539900410276
Muon momentum,100,104857600,block04.up,0.05886087194085121,0.022023195400834084,0.008475947193801403,0.004448590334504843,0.003044100711122155,0.02477673732820972,,,0.09948972109947363,10.051289610111198
Muon momentum,100,104857600,block04.down,0.049673475325107574,0.02135462500154972,0.009172901511192322,0.005083189345896244,0.0035599572584033012,0.061187838501090504,,,0.26347927808478744,3.7953648851208737
Muon momentum,100,104857600,block06.q,0.018310032784938812,0.0045528109185397625,0.0011041471734642982,0.0003273596812505275,0.00011438039655331522,0.006503129487159012,,,0.5746426410269123,1.740211965845338
Muon momentum,100,104857600,block06.k,0.020910995081067085,0.005064815282821655,0.0013141465606167912,0.0004114582552574575,0.00014154502423480153,0.0057734305978361395,,,0.46640224880266956,2.144071994865296
Muon momentum,100,104857600,block06.v,0.037254855036735535,0.010142686776816845,0.002236089203506708,0.0006111873663030565,0.00020031405438203365,0.016229280270384904,,,0.26818749412089815,3.728734642448327
Muon momentum,100,104857600,block06.o,0.04218452796339989,0.012891535647213459,0.0032389219850301743,0.0009609254775568843,0.00032176985405385494,0.022754550791739686,,,0.24167003927491582,4.1378732878941324
Muon momentum,100,104857600,block06.up,0.054075587540864944,0.019882168620824814,0.0073667848482728004,0.003792416537180543,0.0025821072049438953,0.020498927280278464,,,0.1766305268024917,5.661535512025055
Muon momentum,100,104857600,block06.down,0.044962216168642044,0.020099608227610588,0.00930083729326725,0.005391265265643597,0.003844073275104165,0.05308442837547925,,,0.4229060933798934,2.3645911365521695
Muon momentum,100,104857600,block08.q,0.01787450723350048,0.004337602760642767,0.001016833819448948,0.00029667530907317996,9.68050371739082e-05,0.005656435685967521,,,0.5783952658073623,1.7289214817554461
Muon momentum,100,104857600,block08.k,0.01983625814318657,0.0047582583501935005,0.0011816775659099221,0.00035614075022749603,0.00012093931582057849,0.005087124955483894,,,0.5511330544858453,1.8144438840325137
Muon momentum,100,104857600,block08.v,0.030576838180422783,0.00801434088498354,0.0017327761743217707,0.00046775423106737435,0.00015707765123806894,0.017036599302994133,,,0.34203580339125494,2.923670534151945
Muon momentum,100,104857600,block08.o,0.03530094772577286,0.011077748611569405,0.0028981068171560764,0.0009083830518648028,0.0003115135186817497,0.02181025407942197,,,0.32050673392463125,3.120059250409244
Muon momentum,100,104857600,block08.up,0.04843439534306526,0.018030164763331413,0.006583917886018753,0.003267688909545541,0.002198292873799801,0.020376489430933672,,,0.30264132242541564,3.3042414432564633
Muon momentum,100,104857600,block08.down,0.039224352687597275,0.018199898302555084,0.008943932130932808,0.005267845466732979,0.0038309856317937374,0.053516392485938605,,,0.5237139782199307,1.9094392007617098
Muon momentum,125,131072000,block02.q,0.011948253959417343,0.0032749485690146685,0.0009396762470714748,0.00031416298588737845,0.00010995290358550847,0.02967855286151388,,,0.8410688247831786,1.188963341088992
Muon momentum,125,131072000,block02.k,0.012932906858623028,0.00365733215585351,0.0010794349946081638,0.00035079344525001943,0.00012116076686652377,0.02915770117988709,,,0.8308748032525273,1.2035507588934198
Muon momentum,125,131072000,block02.v,0.03521409258246422,0.011144423857331276,0.0032936837524175644,0.0010089811403304338,0.00034013178083114326,0.043866371786185854,,,0.39012768312179347,2.563263370591959
Muon momentum,125,131072000,block02.o,0.04244852438569069,0.013717543333768845,0.0037173102609813213,0.001144016394391656,0.0003917728317901492,0.05288448331768321,,,0.27771035234854935,3.600874045721269
Muon momentum,125,131072000,block02.up,0.06031693145632744,0.027317781001329422,0.011794522404670715,0.006395940203219652,0.004323090426623821,0.04243381105327553,,,0.17427314564424368,5.738118723359547
Muon momentum,125,131072000,block02.down,0.05714072659611702,0.025678327307105064,0.010486390441656113,0.005608456674963236,0.003930743783712387,0.08717370661298732,,,0.243214290543464,4.111600505733002
Muon momentum,125,131072000,block04.q,0.022047948092222214,0.00570721086114645,0.0014398382045328617,0.0004515048349276185,0.00015801205881871283,0.01385379920048014,,,0.646815285222889,1.5460364386030325
Muon momentum,125,131072000,block04.k,0.02156963385641575,0.005537800025194883,0.0014820881187915802,0.00046754954382777214,0.00015782209811732173,0.014580320697388901,,,0.6994504553476055,1.429693829426461
Muon momentum,125,131072000,block04.v,0.042397838085889816,0.013691019266843796,0.003517318982630968,0.0010441384511068463,0.0003578412579372525,0.02195653431523243,,,0.3168133390190384,3.1564327534198506
Muon momentum,125,131072000,block04.o,0.04672571271657944,0.016604142263531685,0.004558967892080545,0.0013746513286605477,0.0004599445383064449,0.02485710173010952,,,0.26147459195726697,3.8244633733415707
Muon momentum,125,131072000,block04.up,0.05926709994673729,0.024722158908843994,0.009791595861315727,0.005205919966101646,0.0035734849516302347,0.026972959120982035,,,0.21688551189436112,4.610727527466529
Muon momentum,125,131072000,block04.down,0.05952585116028786,0.026572423055768013,0.011633748188614845,0.006306363269686699,0.004425860475748777,0.05275965245796202,,,0.17828517380383246,5.608991362906609
Muon momentum,125,131072000,block06.q,0.024642590433359146,0.006400090642273426,0.0016057871980592608,0.00048366066766902804,0.00016589004371780902,0.008441272787973544,,,0.4847303121838564,2.063002817989034
Muon momentum,125,131072000,block06.k,0.026573918759822845,0.00708420854061842,0.0018016273388639092,0.0005634102271869779,0.00019288266776129603,0.007967674123023512,,,0.4942159685056282,2.0234068984531643
Muon momentum,125,131072000,block06.v,0.04354099929332733,0.01404724083840847,0.003564325626939535,0.0010488360421732068,0.0003480345185380429,0.01579617735687133,,,0.2992110767314706,3.342122260057431
Muon momentum,125,131072000,block06.o,0.04980850592255592,0.018291207030415535,0.005160375032573938,0.0016452963463962078,0.0005680752219632268,0.01646422644314974,,,0.22984299947968712,4.350795987973422
Muon momentum,125,131072000,block06.up,0.056271761655807495,0.023261569440364838,0.008917752653360367,0.004543895833194256,0.003068068763241172,0.022357696805992103,,,0.3243930162405242,3.0826804213890373
Muon momentum,125,131072000,block06.down,0.05632307380437851,0.026471184566617012,0.012388146482408047,0.007169520482420921,0.005092686507850885,0.04245758068859758,,,0.1776831761623363,5.62799484789923
Muon momentum,125,131072000,block08.q,0.024541445076465607,0.006582849193364382,0.0015822919085621834,0.0004701911529991776,0.00015457453264389187,0.00667674676796408,,,0.47281099632164114,2.115010031026702
Muon momentum,125,131072000,block08.k,0.023466059938073158,0.006455647759139538,0.0016034087166190147,0.0004701048310380429,0.00016589184815529734,0.006843689202288102,,,0.5002951386595669,1.9988201418052647
Muon momentum,125,131072000,block08.v,0.0327131487429142,0.010164068080484867,0.002613421529531479,0.0007465426460839808,0.00025122766965068877,0.017535413776100846,,,0.48420591571165517,2.065237056284749
Muon momentum,125,131072000,block08.o,0.04430442303419113,0.01585480011999607,0.004758849274367094,0.0015496320556849241,0.0005383085808716714,0.015063475136359588,,,0.24124532336742277,4.145158074119325
Muon momentum,125,131072000,block08.up,0.050125498324632645,0.02117347903549671,0.007668639533221722,0.0038279048167169094,0.002576327882707119,0.02257296815792653,,,0.48594198852356385,2.057858805406582
Muon momentum,125,131072000,block08.down,0.05150400474667549,0.025273341685533524,0.012464061379432678,0.007469492964446545,0.0054386090487241745,0.04050071972509174,,,0.27314134447101424,3.661108141415479
Muon momentum,150,157286400,block02.q,0.021140392869710922,0.0065234871581196785,0.0019225167343392968,0.0006160780903883278,0.00020976919040549546,0.019176553520244707,,,0.7336409023616994,1.363064677529362
Muon momentum,150,157286400,block02.k,0.020325040444731712,0.006419787183403969,0.001954574603587389,0.0006234965985640883,0.00021586427465081215,0.020928886178815914,,,0.7648845913809623,1.3073867760815368
Muon momentum,150,157286400,block02.v,0.03575962781906128,0.012369646690785885,0.003770032897591591,0.0012191234854981303,0.0004222372663207352,0.04635925321122996,,,0.4096970333339556,2.440828023240461
Muon momentum,150,157286400,block02.o,0.04487652704119682,0.015612072311341763,0.004509383346885443,0.0014291726984083652,0.0005002602119930089,0.049951916449392945,,,0.2732592953856603,3.659527843649986
Muon momentum,150,157286400,block02.up,0.059701405465602875,0.028897814452648163,0.01268059853464365,0.006840220186859369,0.004700761754065752,0.0447929175841187,,,0.24697941576949134,4.048920420693323
Muon momentum,150,157286400,block02.down,0.060920026153326035,0.03017061948776245,0.01312968973070383,0.007192481774836779,0.005098589230328798,0.0815883002101884,,,0.17402000765811465,5.746465670571814
Muon momentum,150,157286400,block04.q,0.03491530194878578,0.010225036181509495,0.0027039458509534597,0.0008394016185775399,0.00027752239839173853,0.012595204499724549,,,0.37040747940864094,2.699729502213372
Muon momentum,150,157286400,block04.k,0.031633004546165466,0.009559199213981628,0.002665511565282941,0.0008213218534365296,0.00027588580269366503,0.013883083730054518,,,0.4246600115001833,2.3548249727289625
Muon momentum,150,157286400,block04.v,0.04662680625915527,0.01653667725622654,0.004862156696617603,0.0015544069465249777,0.0005357761983759701,0.022964208915376833,,,0.34402579633621144,2.906758768237003
Muon momentum,150,157286400,block04.o,0.05117398127913475,0.019737739115953445,0.00600792421028018,0.0019044389482587576,0.0006759252864867449,0.023850245095968354,,,0.23477688940410335,4.25936301711016
Muon momentum,150,157286400,block04.up,0.05940768122673035,0.027896340936422348,0.011621739715337753,0.006314405240118504,0.004397005308419466,0.02940716920450655,,,0.26784084238649086,3.733560539497606
Muon momentum,150,157286400,block04.down,0.061274297535419464,0.030707841739058495,0.014228389598429203,0.007832472212612629,0.00552874943241477,0.05123305851626538,,,0.12172379996064908,8.215320260485463
Muon momentum,150,157286400,block06.q,0.030783548951148987,0.009213099256157875,0.002326061949133873,0.0007124996627680957,0.00024482712615281343,0.010369858371982992,,,0.358793974790629,2.787114807553669
Muon momentum,150,157286400,block06.k,0.03454592823982239,0.010465720668435097,0.0027694832533597946,0.0008552472572773695,0.0002871720353141427,0.009469695897166482,,,0.353951554865489,2.825245393765897
Muon momentum,150,157286400,block06.v,0.04612189158797264,0.016664590686559677,0.004865648690611124,0.0015135580906644464,0.0004912656731903553,0.016855796119411934,,,0.28004603452701815,3.5708414928600694
Muon momentum,150,157286400,block06.o,0.0532209649682045,0.01987958699464798,0.00627865269780159,0.0020974676590412855,0.0007304614409804344,0.01630862076302033,,,0.1653291329132891,6.048540764587899
Muon momentum,150,157286400,block06.up,0.05931517109274864,0.028457267209887505,0.011281362734735012,0.0059277936816215515,0.004063830710947514,0.02363430048244386,,,0.29660605060195167,3.371475389563142
Muon momentum,150,157286400,block06.down,0.05903937295079231,0.029897606000304222,0.014311430044472218,0.008311995305120945,0.005941228475421667,0.0423253916075327,,,0.1336505395383938,7.482199499185187
Muon momentum,150,157286400,block08.q,0.03235819190740585,0.010314666666090488,0.002583900233730674,0.0007760259904898703,0.000259515451034531,0.006804387703072018,,,0.22806692538346685,4.384677867334869
Muon momentum,150,157286400,block08.k,0.0288887619972229,0.00940611120313406,0.002427890431135893,0.0007196771912276745,0.0002367705019423738,0.00762717694974601,,,0.44353473425987033,2.2546148537131083
Muon momentum,150,157286400,block08.v,0.039300933480262756,0.013391668908298016,0.003779355436563492,0.0011492136400192976,0.0003724727139342576,0.016808827664494173,,,0.3246674430389618,3.0800747701702718
Muon momentum,150,157286400,block08.o,0.04224705696105957,0.015798019245266914,0.005040558986365795,0.0017631442751735449,0.0006092624389566481,0.01623588369479609,,,0.2399271101207754,4.167932500402378
Muon momentum,150,157286400,block08.up,0.05480891466140747,0.027223214507102966,0.010301738977432251,0.005226477049291134,0.0035289134830236435,0.022636741487016526,,,0.38955024896702994,2.567062921026746
Muon momentum,150,157286400,block08.down,0.05211838334798813,0.02677311934530735,0.013708190992474556,0.008267047815024853,0.006036832462996244,0.04179192279709779,,,0.268004790528412,3.731276586617533
Muon momentum,175,183500800,block02.q,0.030152080580592155,0.010398426093161106,0.0029466168489307165,0.0009386118617840111,0.0003269067674409598,0.015239379146756639,,,0.6492006170092282,1.5403558989312935
Muon momentum,175,183500800,block02.k,0.02555331028997898,0.009124185889959335,0.0027957528363913298,0.0008888591546565294,0.0003008485655300319,0.01808772067680666,,,0.5724260963145298,1.7469504036212424
Muon momentum,175,183500800,block02.v,0.026955055072903633,0.009913577698171139,0.003131598001345992,0.0010292335646227002,0.00036411284236237407,0.062265861914280345,,,0.6193907666506995,1.6144896789589085
Muon momentum,175,183500800,block02.o,0.04337837174534798,0.01578681729733944,0.005031667184084654,0.0016829802189022303,0.0005989126511849463,0.04970769469092772,,,0.2771611900076465,3.6080087546615434
Muon momentum,175,183500800,block02.up,0.054594915360212326,0.027921192348003387,0.012270807288587093,0.0067673055455088615,0.004664186388254166,0.0484517660838011,,,0.3181864480446883,3.142811411815858
Muon momentum,175,183500800,block02.down,0.05843619257211685,0.029972052201628685,0.014170520938932896,0.007986404001712799,0.005645123776048422,0.08417680984514814,,,0.20597168105397046,4.855036356857093
Muon momentum,175,183500800,block04.q,0.04460492730140686,0.014446457847952843,0.003923295997083187,0.0011749559780582786,0.0003908115904778242,0.013103167432177513,,,0.18718762123250432,5.342233601857185
Muon momentum,175,183500800,block04.k,0.0403984934091568,0.013726385310292244,0.0038039125502109528,0.0011502194683998823,0.0003726971335709095,0.01469789881333225,,,0.21588514284326266,4.632092726853473
Muon momentum,175,183500800,block04.v,0.038853228092193604,0.014975973404943943,0.004770979750901461,0.0015907170018181205,0.0005602290038950741,0.0310278933661554,,,0.46111792635770144,2.1686426461422657
Muon momentum,175,183500800,block04.o,0.049585554748773575,0.0196232870221138,0.006403233390301466,0.002167261205613613,0.0007643061107955873,0.02821434383515189,,,0.25516058515690077,3.919100590653882
Muon momentum,175,183500800,block04.up,0.055454716086387634,0.027976756915450096,0.012245907448232174,0.006775533780455589,0.004798635840415955,0.033066826548358484,,,0.3359352345872004,2.976764260018176
Muon momentum,175,183500800,block04.down,0.06089375540614128,0.03156787529587746,0.015202788636088371,0.008709908463060856,0.006158788222819567,0.054336220977234576,,,0.14468522968108832,6.911555534757596
Muon momentum,175,183500800,block06.q,0.04430633410811424,0.014879773370921612,0.004029153846204281,0.0012245872057974339,0.0004072673909831792,0.009871431711298109,,,0.22843290432617014,4.377653048494889
Muon momentum,175,183500800,block06.k,0.04349219799041748,0.014858497306704521,0.004188033752143383,0.001272562425583601,0.0004288631898816675,0.010260454172469664,,,0.24507661045736118,4.080356742872374
Muon momentum,175,183500800,block06.v,0.0382847860455513,0.014879422262310982,0.004780449904501438,0.0015416641253978014,0.0005410014418885112,0.02333202190811797,,,0.40974861577309696,2.4405207522501104
Muon momentum,175,183500800,block06.o,0.04843127354979515,0.019204961135983467,0.006607557646930218,0.002231917344033718,0.0007727302145212889,0.020104359633329977,,,0.22333395563477154,4.477599463806331
Muon momentum,175,183500800,block06.up,0.05723454803228378,0.02993055433034897,0.012821721844375134,0.006811073515564203,0.00473768450319767,0.026096169051961562,,,0.29266185540894085,3.4169126639434606
Muon momentum,175,183500800,block06.down,0.05720342695713043,0.029715953394770622,0.014742630533874035,0.008548119105398655,0.006198724266141653,0.04607421543867541,,,0.19611252709695748,5.099113324390557
Muon momentum,175,183500800,block08.q,0.04083181545138359,0.014332333579659462,0.003870598506182432,0.0011841058731079102,0.0003835168608929962,0.00690910601517008,,,0.19842831154761598,5.039603432598046
Muon momentum,175,183500800,block08.k,0.03972572460770607,0.014146527275443077,0.0038720553275197744,0.0011811337899416685,0.0003959585737902671,0.007257960058890603,,,0.18644092624456565,5.363629221023288
Muon momentum,175,183500800,block08.v,0.03481506183743477,0.01290713157504797,0.0039843302220106125,0.001256692921742797,0.000428895466029644,0.020953647571557887,,,0.4387256027411155,2.2793290242285744
Muon momentum,175,183500800,block08.o,0.038533344864845276,0.015527726151049137,0.005386108532547951,0.0018420052947476506,0.0006746618892066181,0.018752088587111103,,,0.3607114154584714,2.7722992873097185
Muon momentum,175,183500800,block08.up,0.05511672422289848,0.029562518000602722,0.012362171895802021,0.006224909797310829,0.004262132104486227,0.024227235316779352,,,0.3099075802550857,3.2267684423107608
Muon momentum,175,183500800,block08.down,0.05012236535549164,0.026061348617076874,0.013640358112752438,0.008297466672956944,0.006108890753239393,0.046591076705708244,,,0.25773668149597384,3.8799289033898003
Muon momentum,200,209715200,block02.q,0.04154176637530327,0.016142049804329872,0.00469993194565177,0.0014628031058236957,0.0004917650367133319,0.01227450711157556,,,0.47153959888465025,2.120712666264586
Muon momentum,200,209715200,block02.k,0.03359169140458107,0.012772828340530396,0.004011968616396189,0.0012755942298099399,0.00042698963079601526,0.015666681831390243,,,0.4427733000517584,2.258492099417702
Muon momentum,200,209715200,block02.v,0.028599567711353302,0.010787095874547958,0.0034413563553243876,0.001158069004304707,0.0004106819105800241,0.06446981597002731,,,0.7058161656928519,1.4167995132533806
Muon momentum,200,209715200,block02.o,0.048585664480924606,0.019325925037264824,0.006453711073845625,0.0021665366366505623,0.0007755858241580427,0.045535172443984945,,,0.2954247823387881,3.384956373948402
Muon momentum,200,209715200,block02.up,0.054550137370824814,0.028921063989400864,0.013097462244331837,0.007213015574961901,0.005039869341999292,0.04740082478487284,,,0.39908530339835124,2.5057299566900846
Muon momentum,200,209715200,block02.down,0.06297740340232849,0.03475264832377434,0.01720736175775528,0.010059107095003128,0.007170111872255802,0.07452712194659081,,,0.18681645734567898,5.352847464341074
Muon momentum,200,209715200,block04.q,0.05070209130644798,0.01807311736047268,0.005026551429182291,0.0014856834895908833,0.00048069559852592647,0.014422054294081695,,,0.17890139974321428,5.589671190026169
Muon momentum,200,209715200,block04.k,0.046708256006240845,0.016666419804096222,0.004774119704961777,0.001387784257531166,0.0004657593963202089,0.01638728865124455,,,0.1359351612108819,7.356448405932724
Muon momentum,200,209715200,block04.v,0.04019349440932274,0.017089946195483208,0.005718672182410955,0.0019285852322354913,0.0006755489157512784,0.03417539610249524,,,0.5368322436746134,1.862779316598061
Muon momentum,200,209715200,block04.o,0.05190696194767952,0.022580834105610847,0.007877277210354805,0.0027020203415304422,0.0009658134658820927,0.0298152081241365,,,0.3175726086078754,3.148886185063762
Muon momentum,200,209715200,block04.up,0.055082276463508606,0.03002525120973587,0.0140022411942482,0.007985169067978859,0.005678662098944187,0.03312903706079483,,,0.39199337781816723,2.5510635040979364
Muon momentum,200,209715200,block04.down,0.06379251182079315,0.03574029728770256,0.01843472570180893,0.010712143033742905,0.007689476944506168,0.05077530960932748,,,0.1369301526219937,7.302993393723715
Muon momentum,200,209715200,block06.q,0.05188589543104172,0.019438117742538452,0.005862904246896505,0.0017877178033813834,0.0006086076027713716,0.010501963752614675,,,0.20578593645135257,4.859418564963006
Muon momentum,200,209715200,block06.k,0.0491425096988678,0.019072270020842552,0.0057981498539447784,0.0017957683885470033,0.0006268247379921377,0.011217389159214702,,,0.16473475541654015,6.070364432031659
Muon momentum,200,209715200,block06.v,0.043407853692770004,0.01920435018837452,0.006451889406889677,0.0021896495018154383,0.0007674573571421206,0.02344865497944825,,,0.44007258549390826,2.272352409495507
Muon momentum,200,209715200,block06.o,0.05878850072622299,0.0258176326751709,0.009112440049648285,0.0032186436001211405,0.00114567787386477,0.019271782780151955,,,0.15392036634855888,6.496866033540095
Muon momentum,200,209715200,block06.up,0.05755559355020523,0.03249477595090866,0.015217945910990238,0.00831217598170042,0.005819464102387428,0.02603481507903461,,,0.33384330686618924,2.995417249448763
Muon momentum,200,209715200,block06.down,0.06097951531410217,0.0335899256169796,0.017643582075834274,0.010457823053002357,0.007595339324325323,0.04253674030923277,,,0.13130319336831153,7.615961001001352
Muon momentum,200,209715200,block08.q,0.044509157538414,0.017446346580982208,0.005322996526956558,0.0016217130469158292,0.0005506690358743072,0.007447438645412101,,,0.3041936948030788,3.28737911759596
Muon momentum,200,209715200,block08.k,0.037756890058517456,0.015330239199101925,0.004693947732448578,0.0014222736936062574,0.00050766346976161,0.008808824927050653,,,0.45226444643873265,2.2110957601781505
Muon momentum,200,209715200,block08.v,0.043563224375247955,0.017526421695947647,0.005699132569134235,0.0018413246143609285,0.0006376393721438944,0.019425222321402914,,,0.386238486900087,2.589073937260639
Muon momentum,200,209715200,block08.o,0.04615449905395508,0.019728465005755424,0.007059616968035698,0.0025128494016826153,0.0009033855167217553,0.01850922554706135,,,0.32062538938794205,3.118904594264822
Muon momentum,200,209715200,block08.up,0.055895593017339706,0.032350923866033554,0.015070701017975807,0.007823328487575054,0.005338363815099001,0.024162801225576864,,,0.3351879886452025,2.98340046146016
Muon momentum,200,209715200,block08.down,0.05246097967028618,0.02872062847018242,0.01562061533331871,0.009576081298291683,0.00704524852335453,0.04490202203276964,,,0.259655998950862,3.851249360848554
Muon momentum,225,235929600,block02.q,0.04986131936311722,0.020581228658556938,0.006248463410884142,0.0019717314280569553,0.0006375273806042969,0.011385631872195698,,,0.3544224218004821,2.821491921758094
Muon momentum,225,235929600,block02.k,0.03559470176696777,0.014239038340747356,0.004623685497790575,0.0014791857684031129,0.0004751344386022538,0.01631029124804404,,,0.33428702945787236,2.9914412222985227
Muon momentum,225,235929600,block02.v,0.022957278415560722,0.00920343678444624,0.003057473339140415,0.0010230856714770198,0.00036390568129718304,0.08195982382278867,,,0.7915018106632807,1.26342098846495
Muon momentum,225,235929600,block02.o,0.046192679554224014,0.019189918413758278,0.006767047569155693,0.002393836621195078,0.0008359083440154791,0.048356011649971845,,,0.3692013410807391,2.7085492080629097
Muon momentum,225,235929600,block02.up,0.04916783794760704,0.027631038799881935,0.01260858029127121,0.007016486953943968,0.004924909211695194,0.04958222469005966,,,0.4835426954974196,2.068069705760526
Muon momentum,225,235929600,block02.down,0.05966714024543762,0.034679118543863297,0.01846957951784134,0.011058380827307701,0.008072687312960625,0.07241540927177524,,,0.218358620285394,4.57962226860109
Muon momentum,225,235929600,block04.q,0.06012211740016937,0.022237615659832954,0.006557303015142679,0.0019122145604342222,0.0006402463186532259,0.014648813321941298,,,0.1566298932244905,6.38447731408937
Muon momentum,225,235929600,block04.k,0.054685939103364944,0.02040117420256138,0.0057760137133300304,0.0017279977910220623,0.0005641785101033747,0.017131864849059545,,,0.1282626313458337,7.796503077374941
Muon momentum,225,235929600,block04.v,0.03406505286693573,0.015165855176746845,0.005381716415286064,0.0018330187303945422,0.0006498817238025367,0.043892748216451456,,,0.6648512141382845,1.504095922117105
Muon momentum,225,235929600,block04.o,0.05059501901268959,0.02324174903333187,0.008641857653856277,0.003024033736437559,0.0010584571864455938,0.032986135072389636,,,0.4220132644926231,2.3695937643151503
Muon momentum,225,235929600,block04.up,0.05249685421586037,0.0302475206553936,0.01491803303360939,0.008610963821411133,0.006213415414094925,0.034426173346074285,,,0.4277311043489682,2.337917420155961
Muon momentum,225,235929600,block04.down,0.0627024918794632,0.036980725824832916,0.02036949247121811,0.01202987227588892,0.008746571838855743,0.05022640995010529,,,0.15292577503311122,6.539120039009001
Muon momentum,225,235929600,block06.q,0.05588776618242264,0.023856427520513535,0.007761784363538027,0.0024559441953897476,0.0008408363210037351,0.010646102399777044,,,0.21478807068433525,4.65575204811843
Muon momentum,225,235929600,block06.k,0.05168307572603226,0.022489383816719055,0.007478801533579826,0.0023907877039164305,0.0008226434583775699,0.011572432187961213,,,0.1801476662078052,5.551001692392023
Muon momentum,225,235929600,block06.v,0.04003530368208885,0.01833823323249817,0.006786198355257511,0.0023683630861341953,0.0008332376601174474,0.027605481300046895,,,0.548898600321138,1.8218301147332878
Muon momentum,225,235929600,block06.o,0.05967072769999504,0.02803952433168888,0.010522441938519478,0.003800662700086832,0.0013539687497541308,0.02016724318371983,,,0.1886011185742973,5.3021954883372615
Muon momentum,225,235929600,block06.up,0.05860432609915733,0.034433916211128235,0.017383242025971413,0.009794089011847973,0.006935265846550465,0.025716241744520446,,,0.3219603222287901,3.1059727890612066
Muon momentum,225,235929600,block06.down,0.060968607664108276,0.03528894856572151,0.019110050052404404,0.01137787289917469,0.008359046652913094,0.04201248731841037,,,0.17355207441882214,5.761959362045791
Muon momentum,225,235929600,block08.q,0.051155731081962585,0.02196086198091507,0.007446003146469593,0.0023738474119454622,0.0008081896230578423,0.007089800963404258,,,0.2462904214699826,4.060247223710558
Muon momentum,225,235929600,block08.k,0.04493681341409683,0.02010808326303959,0.006764447316527367,0.0021780836395919323,0.0007522617233917117,0.008057802625347716,,,0.2732167354106565,3.660097901751725
Muon momentum,225,235929600,block08.v,0.041838388890028,0.01816648058593273,0.0064432378858327866,0.0021339308004826307,0.0007447461830452085,0.021588552917019332,,,0.44787220234312386,2.2327797857699596
Muon momentum,225,235929600,block08.o,0.04405173659324646,0.020258663222193718,0.007654017768800259,0.002806982956826687,0.0010178638622164726,0.020782436349265934,,,0.3840871356771913,2.6035758740965926
Muon momentum,225,235929600,block08.up,0.05876518040895462,0.03570202365517616,0.017876792699098587,0.009586424566805363,0.0065536703914403915,0.023384449524776585,,,0.27972634890091186,3.574922433761263
Muon momentum,225,235929600,block08.down,0.05213027074933052,0.029168207198381424,0.016080036759376526,0.00999380461871624,0.00739359250292182,0.04614478623589504,,,0.297697048076774,3.3591196367594045
Muon momentum,250,262144000,block02.q,0.05378388240933418,0.02331249788403511,0.0072358292527496815,0.0022257468663156033,0.0007504010573029518,0.011671239178192901,,,0.322729726464388,3.09856799048335
Muon momentum,250,262144000,block02.k,0.039309922605752945,0.016950635239481926,0.005597741808742285,0.0017800016794353724,0.0005969517515040934,0.01577803197672256,,,0.2399861183768195,4.166907681009399
Muon momentum,250,262144000,block02.v,0.031457576900720596,0.01350237987935543,0.004499014001339674,0.001492030220106244,0.0005345639656297863,0.061716093760040995,,,0.6391237971098604,1.5646420998905595
Muon momentum,250,262144000,block02.o,0.053719136863946915,0.02287326194345951,0.008575976826250553,0.0030157065484672785,0.0010944722453132272,0.043355048150886165,,,0.22179559375814506,4.508655844130252
Muon momentum,250,262144000,block02.up,0.053756628185510635,0.031241146847605705,0.01439429260790348,0.00794767402112484,0.005588499829173088,0.04502658901350312,,,0.37899710551484134,2.6385425784230443
Muon momentum,250,262144000,block02.down,0.06453104317188263,0.03805394098162651,0.021315447986125946,0.013012317940592766,0.009524224326014519,0.06605175336838061,,,0.09023857767115917,11.081734949814113
Muon momentum,250,262144000,block04.q,0.06472718715667725,0.025553954765200615,0.007762257941067219,0.0022987083066254854,0.0007727956399321556,0.015307131814777913,,,0.1676545207851774,5.964646794591009
Muon momentum,250,262144000,block04.k,0.060745153576135635,0.02386283129453659,0.006876467727124691,0.0020038930233567953,0.0006504791672341526,0.018111149668136487,,,0.1268535863398803,7.88310389050167
Muon momentum,250,262144000,block04.v,0.04040232300758362,0.01878173090517521,0.00689505971968174,0.0023528237361460924,0.0008543050498701632,0.04084631691421825,,,0.5115680042112878,1.9547743247581608
Muon momentum,250,262144000,block04.o,0.05775807052850723,0.027207985520362854,0.01037887018173933,0.0037108713295310736,0.001328190672211349,0.032115443154263575,,,0.26252337348574883,3.8091846326753274
Muon momentum,250,262144000,block04.up,0.05646239593625069,0.03353986516594887,0.017147095873951912,0.009993853978812695,0.007273831870406866,0.03342795954727046,,,0.33129604260244605,3.0184483706616323
Muon momentum,250,262144000,block04.down,0.06491181999444962,0.03911205753684044,0.02233845554292202,0.013629013672471046,0.009911729022860527,0.04928644059597175,,,0.0702068290783906,14.243628620278997
Muon momentum,250,262144000,block06.q,0.06150467321276665,0.028940817341208458,0.010246148332953453,0.0033315897453576326,0.001182239269837737,0.010457829138275341,,,0.1416021215027854,7.062041086583081
Muon momentum,250,262144000,block06.k,0.05724282190203667,0.025835296139121056,0.009277013130486012,0.0031048234086483717,0.001084500108845532,0.011660473432153328,,,0.12954986856879547,7.719035233671159
Muon momentum,250,262144000,block06.v,0.042976975440979004,0.020580319687724113,0.007873030379414558,0.002802941482514143,0.0009919781005010009,0.0275938312335894,,,0.4736367104451098,2.111322830234653
Muon momentum,250,262144000,block06.o,0.06246388331055641,0.03038962371647358,0.011931591667234898,0.004335354082286358,0.0015632988652214408,0.020524011946150795,,,0.13405407527490443,7.4596762384828805
Muon momentum,250,262144000,block06.up,0.060710955411195755,0.03724435716867447,0.01988840289413929,0.011351022869348526,0.008073416538536549,0.02520054530241539,,,0.24750506624124924,4.040321336393476
Muon momentum,250,262144000,block06.down,0.06450188159942627,0.037711236625909805,0.020956970751285553,0.012754686176776886,0.00939890556037426,0.040571914657155525,,,0.09520821538800206,10.503295287331033
Muon momentum,250,262144000,block08.q,0.05371355265378952,0.02534814551472664,0.009244552813470364,0.0030488402117043734,0.0010719106066972017,0.0072443397842140815,,,0.19158452800756098,5.21962817352628
Muon momentum,250,262144000,block08.k,0.04440955072641373,0.02138308621942997,0.007861399091780186,0.0026597906835377216,0.0009274345939047635,0.008711210818523694,,,0.2822589250245109,3.542846341929353
Muon momentum,250,262144000,block08.v,0.04578877612948418,0.020358294248580933,0.007493956014513969,0.002585388720035553,0.00091985531616956,0.02107552586156278,,,0.3230464720772943,3.0955298585051043
Muon momentum,250,262144000,block08.o,0.04842386767268181,0.0223828237503767,0.0086697768419981,0.0032192470971494913,0.0011587548069655895,0.02090236174192832,,,0.318717759589223,3.137572256057656
Muon momentum,250,262144000,block08.up,0.06280721724033356,0.03792846202850342,0.020214078947901726,0.011172008700668812,0.007768223527818918,0.023158594291030118,,,0.17312206874363767,5.776271085812972
Muon momentum,250,262144000,block08.down,0.05478227138519287,0.030857432633638382,0.01727977767586708,0.010766514576971531,0.008041470311582088,0.04515285249843274,,,0.2370976737427819,4.217671072913442
Muon momentum,275,288358400,block02.q,0.05254700779914856,0.024143647402524948,0.007690609432756901,0.0024052744265645742,0.0007918680785223842,0.012581703130733085,,,0.3276458924578698,3.0520754968066157
Muon momentum,275,288358400,block02.k,0.03823430836200714,0.017150038853287697,0.005720639601349831,0.0018783594714477658,0.000631536531727761,0.017032696246444587,,,0.21983861488772405,4.5487913964101345
Muon momentum,275,288358400,block02.v,0.02355858124792576,0.010261471383273602,0.0035224035382270813,0.001175479730591178,0.00041712558595463634,0.08515189008294147,,,0.7687336106233147,1.3008407414229837
Muon momentum,275,288358400,block02.o,0.04822267219424248,0.021749379113316536,0.008343125693500042,0.0029963015113025904,0.0011020316742360592,0.048313267617007036,,,0.22626728850616562,4.419551790283423
Muon momentum,275,288358400,block02.up,0.0499955490231514,0.02906825765967369,0.013453003950417042,0.007376962807029486,0.005175338126718998,0.04899073511701694,,,0.41694093121726894,2.3984212753602203
Muon momentum,275,288358400,block02.down,0.059408269822597504,0.035124704241752625,0.020261317491531372,0.012681170366704464,0.009351526387035847,0.07047224479363666,,,0.149669155369466,6.681403376209671
Muon momentum,275,288358400,block04.q,0.061924707144498825,0.027691584080457687,0.008968056179583073,0.002757576759904623,0.0009168926044367254,0.014824017749516465,,,0.21709844376425114,4.606205289458029
Muon momentum,275,288358400,block04.k,0.05610427260398865,0.025026636198163033,0.007623606361448765,0.0022960947826504707,0.0007617671508342028,0.018213719742267685,,,0.1407722023696465,7.1036751799488895
Muon momentum,275,288358400,block04.v,0.03004167415201664,0.014543491415679455,0.0055301981046795845,0.0019843431655317545,0.0006979271420277655,0.054635672842512896,,,0.648161670713737,1.5428249543031891
Muon momentum,275,288358400,block04.o,0.0496775321662426,0.023943649604916573,0.009575577452778816,0.0034713109489530325,0.0012693769531324506,0.037376595029958125,,,0.40039380196867924,2.497541158437375
Muon momentum,275,288358400,block04.up,0.05387730523943901,0.03262373432517052,0.017015457153320312,0.010049821808934212,0.00733919395133853,0.035330933937639204,,,0.34158403958377903,2.927537250330848
Muon momentum,275,288358400,block04.down,0.06035461649298668,0.03645405173301697,0.021305182948708534,0.013244432397186756,0.009728417731821537,0.05269209817832223,,,0.1396155136416235,7.162527815976681
Muon momentum,275,288358400,block06.q,0.05748805031180382,0.028387948870658875,0.010826057754456997,0.0037383148446679115,0.001305212383158505,0.011253598843299338,,,0.24771704331436073,4.036863942102556
Muon momentum,275,288358400,block06.k,0.05296548828482628,0.025644851848483086,0.009900552220642567,0.003547756699845195,0.0012318234657868743,0.012599045969289107,,,0.16776602364986104,5.960682492463833
Muon momentum,275,288358400,block06.v,0.03536149114370346,0.01658419892191887,0.006645883899182081,0.0024503422901034355,0.0008651964017190039,0.03584367447877583,,,0.5924937725897195,1.6877814523334473
Muon momentum,275,288358400,block06.o,0.058493468910455704,0.028615802526474,0.011553809978067875,0.0043062474578619,0.0015414614463225007,0.023078815206448812,,,0.17676194007640333,5.657326455954044
Muon momentum,275,288358400,block06.up,0.05530645698308945,0.03420385718345642,0.019202325493097305,0.011234358884394169,0.008120591752231121,0.02761790905347879,,,0.327555145091484,3.052921057676278
Muon momentum,275,288358400,block06.down,0.059286292642354965,0.035102128982543945,0.01992609351873398,0.01243655476719141,0.009136391803622246,0.04382637495753845,,,0.1669217670240295,5.990830422110517
Muon momentum,275,288358400,block08.q,0.05195154994726181,0.025402303785085678,0.009843557141721249,0.0034122883807867765,0.0011705062352120876,0.007948453040182648,,,0.2769167347044146,3.6111938163196102
Muon momentum,275,288358400,block08.k,0.04448818415403366,0.021129047498106956,0.008380708284676075,0.002845484996214509,0.0010079931234940886,0.009560773577608919,,,0.2633341544315613,3.797456513601972
Muon momentum,275,288358400,block08.v,0.03937394171953201,0.017811104655265808,0.0067943399772048,0.0023977619130164385,0.0008421898819506168,0.026131540392424147,,,0.4913194920476691,2.035335491845248
Muon momentum,275,288358400,block08.o,0.04004138335585594,0.019096795469522476,0.0074748327024281025,0.00278097833506763,0.0010005808435380459,0.02618409475587813,,,0.48493624856334705,2.0621267289516108
Muon momentum,275,288358400,block08.up,0.05437970161437988,0.033229876309633255,0.01851257123053074,0.01068115420639515,0.0074685500003397465,0.02687398392242577,,,0.3236422469229616,3.089831471346927
Muon momentum,275,288358400,block08.down,0.045701902359724045,0.025612501427531242,0.014384505338966846,0.009138507768511772,0.006751803681254387,0.05554766543852464,,,0.4075905808715561,2.453442368225702
Muon momentum,300,314572800,block02.q,0.05472088232636452,0.025733930990099907,0.00851157121360302,0.002767487894743681,0.0009393907384946942,0.011987733124615726,,,0.26529921433260384,3.7693289160905947
Muon momentum,300,314572800,block02.k,0.04015588015317917,0.018804315477609634,0.006543225143104792,0.0022132766898721457,0.0007341834716498852,0.01603050515018391,,,0.19060441439763398,5.246468205682928
Muon momentum,300,314572800,block02.v,0.025506678968667984,0.011651444248855114,0.004162237513810396,0.0014008240541443229,0.00047375966096296906,0.07379983717777865,,,0.7276412094495441,1.3743036911783673
Muon momentum,300,314572800,block02.o,0.05048435926437378,0.02326984331011772,0.009111633524298668,0.003393215360119939,0.0011988477781414986,0.044851216245752945,,,0.30478130878181275,3.2810410979496165
Muon momentum,300,314572800,block02.up,0.050306957215070724,0.030664077028632164,0.014539163559675217,0.008050506934523582,0.005679669324308634,0.04383691492653901,,,0.40857134671529494,2.447552937912777
Muon momentum,300,314572800,block02.down,0.058394357562065125,0.03658634424209595,0.021934986114501953,0.014099792577326298,0.01045034546405077,0.0617440970910588,,,0.1529315556772417,6.538872867483775
Muon momentum,300,314572800,block04.q,0.06116543710231781,0.0298140961676836,0.010408148169517517,0.003372268285602331,0.0011208378709852695,0.013386656070923894,,,0.23209860835155727,4.308513554227394
Muon momentum,300,314572800,block04.k,0.052326396107673645,0.02537417598068714,0.008554309606552124,0.0026618503034114838,0.0009310214663855731,0.01729674172260031,,,0.2043422513229567,4.893750526510205
Muon momentum,300,314572800,block04.v,0.029274793341755867,0.01492377184331417,0.005940302275121212,0.0021944267209619284,0.0007735402323305607,0.05112105387336348,,,0.6486182015021349,1.541739034896184
Muon momentum,300,314572800,block04.o,0.05247480794787407,0.02681678719818592,0.011324034072458744,0.004264798015356064,0.0015295867342501879,0.031937554227521085,,,0.3344659798526415,2.9898407020067586
Muon momentum,300,314572800,block04.up,0.0555650033056736,0.03463822603225708,0.0190188679844141,0.011487532407045364,0.008485168218612671,0.031343649457702794,,,0.30708669830745805,3.2564093642336496
Muon momentum,300,314572800,block04.down,0.060363445430994034,0.03836199268698692,0.023112209513783455,0.014782768674194813,0.010979775339365005,0.04682050685181001,,,0.1217438475782382,8.213967439770244
Muon momentum,300,314572800,block06.q,0.06021595746278763,0.030924873426556587,0.012536071240901947,0.004479195922613144,0.0015945009654387832,0.01021631134604446,,,0.22748791663961132,4.395837874695605
Muon momentum,300,314572800,block06.k,0.05295606702566147,0.027078397572040558,0.011122391559183598,0.00407338235527277,0.001405499060638249,0.011606363819918442,,,0.1393454703511452,7.176408371797366
Muon momentum,300,314572800,block06.v,0.0354146845638752,0.01762825809419155,0.007454256527125835,0.002827002899721265,0.0010020546615123749,0.03259701065738565,,,0.5622433418810182,1.7785893144673641
Muon momentum,300,314572800,block06.o,0.06272095441818237,0.03123030625283718,0.013137712143361568,0.005056032445281744,0.0018966224743053317,0.02064457427737487,,,0.14267352285637358,7.009008959613893
Muon momentum,300,314572800,block06.up,0.05820880085229874,0.03672359883785248,0.021267898380756378,0.012955146841704845,0.009486234746873379,0.024627679078641856,,,0.27284113010188094,3.6651365563051015
Muon momentum,300,314572800,block06.down,0.06179695576429367,0.03712446242570877,0.021927395835518837,0.01386387087404728,0.010338868014514446,0.03910654519033293,,,0.13013225531877115,7.684489887233617
Muon momentum,300,314572800,block08.q,0.05799727886915207,0.02914263680577278,0.012029169127345085,0.00437974464148283,0.001530971610918641,0.006969867009015711,,,0.17505897525758574,5.71236064034179
Muon momentum,300,314572800,block08.k,0.0513615719974041,0.026104312390089035,0.010660790838301182,0.003889579325914383,0.001381040783599019,0.00790039692990799,,,0.15556981483514054,6.427982196030211
Muon momentum,300,314572800,block08.v,0.04301855340600014,0.020153392106294632,0.007913628593087196,0.0029202918522059917,0.0010398476151749492,0.02255541913200352,,,0.4226296130865457,2.3661380296965158
Muon momentum,300,314572800,block08.o,0.04368666559457779,0.020944667980074883,0.008635670877993107,0.003228366607800126,0.0011562174186110497,0.023494466681889047,,,0.3930022864621243,2.5445144581782864
Muon momentum,300,314572800,block08.up,0.05983415246009827,0.037265609949827194,0.021767809987068176,0.012917890213429928,0.009208927862346172,0.02332526600364523,,,0.17914580121448953,5.582045424568504
Muon momentum,300,314572800,block08.down,0.04858604446053505,0.027729103341698647,0.015995899215340614,0.010198023170232773,0.007593473885208368,0.0491635881776919,,,0.3301467814026182,3.02895577461495
Muon momentum,325,340787200,block02.q,0.04838533699512482,0.023781267926096916,0.008169046603143215,0.0026564770378172398,0.0008962000720202923,0.013587476300786808,,,0.3634480534987148,2.7514248332699798
Muon momentum,325,340787200,block02.k,0.03627431392669678,0.017174802720546722,0.006153647787868977,0.002101271180436015,0.000707660976331681,0.01792623977427222,,,0.2464811335551218,4.057105651765291
Muon momentum,325,340787200,block02.v,0.027115799486637115,0.012218467891216278,0.004318293184041977,0.0014733581338077784,0.0005282554775476456,0.07064141455042558,,,0.7165489960510882,1.3955779793301146
Muon momentum,325,340787200,block02.o,0.051755331456661224,0.02430361695587635,0.009710973128676414,0.0036949031054973602,0.0013068360276520252,0.0425596160822853,,,0.27544482256047687,3.63049118405716
Muon momentum,325,340787200,block02.up,0.04861528053879738,0.02996712550520897,0.014441052451729774,0.007985187694430351,0.005555047187954187,0.043999227884475,,,0.4019538880318727,2.487847561063287
Muon momentum,325,340787200,block02.down,0.05441613495349884,0.034178998321294785,0.020831285044550896,0.013573185540735722,0.010230924002826214,0.06362751816519452,,,0.22450866930967894,4.45417098179241
Muon momentum,325,340787200,block04.q,0.05257866531610489,0.026897437870502472,0.010136332362890244,0.0033712105359882116,0.0011296954471617937,0.01473190635186306,,,0.38200957493956267,2.617735432830994
Muon momentum,325,340787200,block04.k,0.04435308277606964,0.02185986004769802,0.007862667553126812,0.0026325415819883347,0.000876561040058732,0.01967060681172494,,,0.243722738143334,4.103022999076505
Muon momentum,325,340787200,block04.v,0.027768811210989952,0.013875959441065788,0.005672012455761433,0.002106170868501067,0.0007681825663894415,0.054059324720230256,,,0.6906633857184374,1.4478833259125015
Muon momentum,325,340787200,block04.o,0.053394101560115814,0.02734975330531597,0.01170064602047205,0.004514784552156925,0.0016688398318365216,0.030687621470543727,,,0.3141735087324946,3.182954552834235
Muon momentum,325,340787200,block04.up,0.052753135561943054,0.03347194939851761,0.018565092235803604,0.011305468156933784,0.008358708582818508,0.03206026544648274,,,0.3228142490166306,3.0977566914912806
Muon momentum,325,340787200,block04.down,0.05829498544335365,0.03716025501489639,0.022905193269252777,0.014972278848290443,0.011198192834854126,0.04674095131636752,,,0.15976755960913636,6.2590929125189865
Muon momentum,325,340787200,block06.q,0.05980405956506729,0.03121095709502697,0.01321985013782978,0.005002337507903576,0.0017488918965682387,0.0103513586942556,,,0.18562170647872822,5.387300973416045
Muon momentum,325,340787200,block06.k,0.05349178612232208,0.02764374576508999,0.01173292938619852,0.004475818015635014,0.0015286095440387726,0.011798129861298967,,,0.13466022413759138,7.426097842954969
Muon momentum,325,340787200,block06.v,0.03581244871020317,0.017860081046819687,0.007579342927783728,0.002880993764847517,0.0010663260472938418,0.03225024870145801,,,0.5658567708650288,1.7672316591198398
Muon momentum,325,340787200,block06.o,0.06295966356992722,0.03208523988723755,0.013865734450519085,0.00540943956002593,0.0019505326636135578,0.020060172243299198,,,0.12718725085625326,7.862423263870981
Muon momentum,325,340787200,block06.up,0.05556730926036835,0.036178361624479294,0.021368127316236496,0.013408645056188107,0.009740426205098629,0.024730807080516923,,,0.29333526118964315,3.4090685038833213
Muon momentum,325,340787200,block06.down,0.06226106360554695,0.0378047451376915,0.02266758121550083,0.014535563066601753,0.01079745963215828,0.037906977937105873,,,0.12761125557860797,7.836299356713126
Muon momentum,325,340787200,block08.q,0.05750058591365814,0.029871350154280663,0.012657783925533295,0.004691979382187128,0.0016456263838335872,0.0073134201877943,,,0.20102973267132374,4.974388547961527
Muon momentum,325,340787200,block08.k,0.05009475722908974,0.02575300633907318,0.010943959467113018,0.004089860711246729,0.001455354387871921,0.008518167336334674,,,0.2193071926602821,4.55981396628906
Muon momentum,325,340787200,block08.v,0.045867230743169785,0.021506918594241142,0.008748939260840416,0.0033009599428623915,0.0011517573148012161,0.02122956453115253,,,0.39473483953048927,2.533346185478417
Muon momentum,325,340787200,block08.o,0.04499742388725281,0.021874412894248962,0.009076647460460663,0.0034935004077851772,0.0012599743204191327,0.022947631044619412,,,0.38843871458249524,2.5744086839408578
Muon momentum,325,340787200,block08.up,0.057415347546339035,0.03699852526187897,0.022017383947968483,0.013372734189033508,0.00958563294261694,0.023466420167289257,,,0.22429882323751205,4.458338147147081
Muon momentum,325,340787200,block08.down,0.05010677129030228,0.02909182570874691,0.01701102964580059,0.010907473042607307,0.008117781952023506,0.04649517859204328,,,0.27251961058226826,3.669460696290405
Muon momentum,350,367001600,block02.q,0.05158824846148491,0.025311695411801338,0.008884888142347336,0.0029196301475167274,0.0009930675150826573,0.013062369670122443,,,0.2681022452720896,3.729920273458089
Muon momentum,350,367001600,block02.k,0.040649522095918655,0.019366666674613953,0.007166607771068811,0.0024394236970692873,0.0008454121998511255,0.01642503245911364,,,0.18120682138612754,5.518556047452174
Muon momentum,350,367001600,block02.v,0.027173295617103577,0.012548569589853287,0.004479994066059589,0.0015386142767965794,0.0005315003218129277,0.06962963240844311,,,0.7052387122215329,1.4179595967583176
Muon momentum,350,367001600,block02.o,0.05155539512634277,0.024554910138249397,0.01006342377513647,0.0038318259175866842,0.0013963015517219901,0.04275103680956166,,,0.31141245895662806,3.211175311837074
Muon momentum,350,367001600,block02.up,0.04857373610138893,0.029624905437231064,0.014470047317445278,0.007960178889334202,0.0056349486112594604,0.043459704169405936,,,0.4327056480981497,2.311039859071061
Muon momentum,350,367001600,block02.down,0.0566137358546257,0.035661134868860245,0.022198865190148354,0.014495683833956718,0.011032219044864178,0.05918546789621621,,,0.1912033201975305,5.2300347031992365
Muon momentum,350,367001600,block04.q,0.060516487807035446,0.030686885118484497,0.012169946916401386,0.004268528427928686,0.0014236402930691838,0.012838595231028895,,,0.24020157030708678,4.163170118836216
Muon momentum,350,367001600,block04.k,0.05363801494240761,0.026681149378418922,0.010119272395968437,0.0034243641421198845,0.001171663636341691,0.0161588641550511,,,0.1364705359508287,7.327589014234597
Muon momentum,350,367001600,block04.v,0.0291863065212965,0.01438097283244133,0.006082151550799608,0.002324578585103154,0.0008310599368996918,0.05130056756073367,,,0.679465169120963,1.471745786901364
Muon momentum,350,367001600,block04.o,0.0546572208404541,0.028707316145300865,0.012571115046739578,0.004921839106827974,0.001783322892151773,0.029317456623403904,,,0.2712048212312226,3.687250084493979
Muon momentum,350,367001600,block04.up,0.05309351533651352,0.03353051468729973,0.018893644213676453,0.011742546223104,0.008652676828205585,0.031487104955681175,,,0.3375300068712228,2.9626995515735826
Muon momentum,350,367001600,block04.down,0.06059800833463669,0.03880021348595619,0.024193376302719116,0.015869522467255592,0.011931856162846088,0.044336941364780356,,,0.1236483952194698,8.08744826995166
Muon momentum,350,367001600,block06.q,0.05833311006426811,0.031217185780405998,0.013538897037506104,0.005166368093341589,0.0018686159746721387,0.01076421935800612,,,0.27778593137739804,3.5998943324505768
Muon momentum,350,367001600,block06.k,0.05249512195587158,0.027998926118016243,0.012292779982089996,0.004681610036641359,0.001698981737717986,0.011968293970657452,,,0.13067242109684774,7.652724206118833
Muon momentum,350,367001600,block06.v,0.03571150451898575,0.017957545816898346,0.007773031014949083,0.002999149728566408,0.0010845058131963015,0.032652280214531024,,,0.5687402944341216,1.758271762676791
Muon momentum,350,367001600,block06.o,0.06333454698324203,0.033410415053367615,0.014350433833897114,0.005562569014728069,0.002079190919175744,0.01984009966084396,,,0.11925962200764051,8.385067663017864
Muon momentum,350,367001600,block06.up,0.056692514568567276,0.0361940860748291,0.022014347836375237,0.013832666911184788,0.010189831256866455,0.024560296733376934,,,0.27306664916517676,3.6621096097132853
Muon momentum,350,367001600,block06.down,0.06130996346473694,0.037933483719825745,0.023063229396939278,0.014944404363632202,0.011078335344791412,0.03772798112905713,,,0.12398115719542435,8.065741783840247
Muon momentum,350,367001600,block08.q,0.05718744173645973,0.029535159468650818,0.012840084731578827,0.004864679183810949,0.0017245615599676967,0.007821502834220886,,,0.24650033903228863,4.056789552200217
Muon momentum,350,367001600,block08.k,0.05059678107500076,0.026331918314099312,0.011694914661347866,0.004376092925667763,0.0015932450769469142,0.008747804588867302,,,0.17421582090396104,5.740006819192755
Muon momentum,350,367001600,block08.v,0.04388564079999924,0.02048933319747448,0.008458818309009075,0.0032165024895220995,0.0011762971989810467,0.022349772432117276,,,0.45387992843462044,2.2032258695573623
Muon momentum,350,367001600,block08.o,0.042320311069488525,0.020284922793507576,0.008602774702012539,0.003301620949059725,0.0011955623049288988,0.024888527564912315,,,0.45705707129860684,2.187910575715992
Muon momentum,350,367001600,block08.up,0.05768471956253052,0.036496732383966446,0.022069819271564484,0.013777258805930614,0.00989572610706091,0.024051135481657025,,,0.23584342043506368,4.240101327208052
Muon momentum,350,367001600,block08.down,0.04759048670530319,0.027771510183811188,0.016200650483369827,0.010427134111523628,0.007782247383147478,0.04916604889803737,,,0.3192776697186197,3.13206996556102
Muon momentum,375,393216000,block02.q,0.04767019301652908,0.02369779162108898,0.008407273329794407,0.0027501778677105904,0.0009844654705375433,0.014628123460064181,,,0.2941440334153391,3.3996950010812346
Muon momentum,375,393216000,block02.k,0.03771701455116272,0.01875855028629303,0.006960767321288586,0.002369064139202237,0.0008161826408468187,0.01795668966526632,,,0.18597183804234252,5.377158232808978
Muon momentum,375,393216000,block02.v,0.02814912609755993,0.012703298591077328,0.004660080652683973,0.0016179663361981511,0.0005331745487637818,0.06898837930844907,,,0.7190407023969989,1.390741854621572
Muon momentum,375,393216000,block02.o,0.052062079310417175,0.025650231167674065,0.010565202683210373,0.004042497370392084,0.0014783610822632909,0.04170994920093621,,,0.29309016188199166,3.411919368356809
Muon momentum,375,393216000,block02.up,0.05048695579171181,0.031069373711943626,0.01524270884692669,0.008320555090904236,0.005862606223672628,0.042313120959837344,,,0.4128165685344811,2.422383393064984
Muon momentum,375,393216000,block02.down,0.058919522911310196,0.03738969564437866,0.02331613004207611,0.015353257767856121,0.011700598523020744,0.057092449674916695,,,0.15529449984261223,6.439378091390741
Muon momentum,375,393216000,block04.q,0.05914181470870972,0.031206732615828514,0.012716834433376789,0.0045005520805716515,0.001542554353363812,0.013297283346946343,,,0.2708780011303702,3.691698830569532
Muon momentum,375,393216000,block04.k,0.05254713073372841,0.026710202917456627,0.01031531486660242,0.0036142237950116396,0.001250400673598051,0.01688790398506982,,,0.12679334532208486,7.886849246384069
Muon momentum,375,393216000,block04.v,0.03155867010354996,0.015507012605667114,0.006553209852427244,0.0025398756843060255,0.0009381075506098568,0.04867467052688149,,,0.6377837898987906,1.5679294705164728
Muon momentum,375,393216000,block04.o,0.05721127241849899,0.029661301523447037,0.013378981500864029,0.005239796359091997,0.0018800976686179638,0.028875895827058174,,,0.2353025522008103,4.2498476563339045
Muon momentum,375,393216000,block04.up,0.05513728782534599,0.03533710166811943,0.020037520676851273,0.012486970983445644,0.009287129156291485,0.030602673285350806,,,0.3167981078770623,3.1565845096147584
Muon momentum,375,393216000,block04.down,0.06219412758946419,0.04038573428988457,0.025206780061125755,0.01666974648833275,0.012662012130022049,0.043285127146117784,,,0.10418355077719355,9.59844421254748
Muon momentum,375,393216000,block06.q,0.06083977222442627,0.032384563237428665,0.014385550282895565,0.005528930574655533,0.00201913109049201,0.011007661914432922,,,0.23328377032683623,4.286624820059174
Muon momentum,375,393216000,block06.k,0.05464620888233185,0.029420018196105957,0.01298857294023037,0.005033134948462248,0.0018368684686720371,0.012266148933848678,,,0.13471692380041222,7.422972346678095
Muon momentum,375,393216000,block06.v,0.036088258028030396,0.018297970294952393,0.008156516589224339,0.00316526903770864,0.001175887999124825,0.0325276705566182,,,0.5715924813529369,1.7494981698027925
Muon momentum,375,393216000,block06.o,0.063484326004982,0.033494994044303894,0.014951386488974094,0.00584908202290535,0.002109735971316695,0.020413849804314498,,,0.1088223868424052,9.189285670127633
Muon momentum,375,393216000,block06.up,0.05756009742617607,0.037186264991760254,0.022708943113684654,0.01439213752746582,0.010665622539818287,0.024510906787747158,,,0.2631113463328951,3.800672277868149
Muon momentum,375,393216000,block06.down,0.06287579983472824,0.03916434943675995,0.023872653022408485,0.01554201077669859,0.01171631645411253,0.03735272488609946,,,0.12318052666516,8.118166296839165
Muon momentum,375,393216000,block08.q,0.05512969568371773,0.029116488993167877,0.01279705110937357,0.0049367621541023254,0.0018114442937076092,0.008484386957580728,,,0.27077173087380757,3.6931477180904357
Muon momentum,375,393216000,block08.k,0.04975306615233421,0.026976536959409714,0.011803723871707916,0.004608096554875374,0.0016775239491835237,0.00924374360574051,,,0.2114736015307841,4.728722605381223
Muon momentum,375,393216000,block08.v,0.04381221532821655,0.02154277265071869,0.009187891148030758,0.0035211683716624975,0.001284642843529582,0.021854809548876662,,,0.385877400647189,2.591496673095682
Muon momentum,375,393216000,block08.o,0.046325404196977615,0.022664839401841164,0.009672800078988075,0.003769570030272007,0.0013768990756943822,0.023114547302594178,,,0.37756540282234496,2.648547754971416
Muon momentum,375,393216000,block08.up,0.05826510116457939,0.037210892885923386,0.022944968193769455,0.014415424317121506,0.010463741607964039,0.024138677191620977,,,0.2362961249141371,4.23197799102025
Muon momentum,375,393216000,block08.down,0.05045957490801811,0.029326366260647774,0.017267413437366486,0.011165730655193329,0.008303036913275719,0.047562736964750135,,,0.2943051066171307,3.3978343478114583
Muon momentum,400,419430400,block02.q,0.031869806349277496,0.015823600813746452,0.005773821379989386,0.0019380181329324841,0.0006858548731543124,0.02163842977404572,,,0.5884437456895206,1.6993977883616218
Muon momentum,400,419430400,block02.k,0.025301039218902588,0.012323427014052868,0.004628573544323444,0.0016158426878973842,0.0005834847106598318,0.027105331056977957,,,0.48428098988475554,2.064916899252994
Muon momentum,400,419430400,block02.v,0.0185716412961483,0.00834186002612114,0.0029919706284999847,0.0010247754398733377,0.00035723429755307734,0.10545759749449034,,,0.8301614813979228,1.2045849180042458
Muon momentum,400,419430400,block02.o,0.04330449178814888,0.020671317353844643,0.008720704354345798,0.0033155849669128656,0.0012202482903376222,0.050787583830872444,,,0.37017817772636263,2.701401811803192
Muon momentum,400,419430400,block02.up,0.038641199469566345,0.02330966852605343,0.011641857214272022,0.006365822162479162,0.004437074065208435,0.05450543139343525,,,0.6036070337827937,1.6567070031192632
Muon momentum,400,419430400,block02.down,0.05113345757126808,0.032363370060920715,0.020097898319363594,0.013418116606771946,0.010232068598270416,0.06351486304713738,,,0.19830935406581407,5.042626479778277
Muon momentum,400,419430400,block04.q,0.045400213450193405,0.02398095652461052,0.009924117475748062,0.003617000300437212,0.0012964524794369936,0.017369005760488616,,,0.5140353352590523,1.94539155464097
Muon momentum,400,419430400,block04.k,0.04151250422000885,0.020858678966760635,0.008260783739387989,0.002941175363957882,0.0010603456757962704,0.021691010304692917,,,0.27233500154488866,3.671948131262045
Muon momentum,400,419430400,block04.v,0.018549690023064613,0.009077167138457298,0.0038689118809998035,0.001502081984654069,0.0005461666733026505,0.08260085337548473,,,0.8061975173068028,1.2403908205282212
Muon momentum,400,419430400,block04.o,0.04474823549389839,0.02296903356909752,0.010294987820088863,0.004087571986019611,0.0015379720134660602,0.0368169763137601,,,0.48332429225343176,2.0690042193775118
Muon momentum,400,419430400,block04.up,0.04202580451965332,0.026196200400590897,0.015048314817249775,0.009451556019484997,0.00704481964930892,0.04018707275688813,,,0.5424703035700738,1.8434188810315673
Muon momentum,400,419430400,block04.down,0.05459496006369591,0.034993626177310944,0.022067826241254807,0.014737132005393505,0.011183805763721466,0.04827131540276936,,,0.19198165427593583,5.208831040505031
Muon momentum,400,419430400,block06.q,0.05017809197306633,0.027155306190252304,0.012104636058211327,0.004836141597479582,0.0017657597782090306,0.013235972625609408,,,0.45823335121077946,2.182294233620759
Muon momentum,400,419430400,block06.k,0.04311872646212578,0.022913964465260506,0.010344364680349827,0.0040877084247767925,0.001485827611759305,0.015745176373421155,,,0.29309132355434997,3.4119058451573814
Muon momentum,400,419430400,block06.v,0.018522972241044044,0.00961674377322197,0.0042846184223890305,0.0016752693336457014,0.0006212458829395473,0.06192158229592515,,,0.8239650658708939,1.2136436863898412
Muon momentum,400,419430400,block06.o,0.05630190297961235,0.029445793479681015,0.013131175190210342,0.005252562928944826,0.00196513207629323,0.02282432276162663,,,0.3106004653133745,3.219570192823339
Muon momentum,400,419430400,block06.up,0.049210887402296066,0.03185810521245003,0.019533295184373856,0.012529699131846428,0.009378020651638508,0.02830302450509594,,,0.4263349701504673,2.3455734809815576
Muon momentum,400,419430400,block06.down,0.0568208284676075,0.03561702370643616,0.021826110780239105,0.014303317293524742,0.010742914862930775,0.04030477435003783,,,0.25047587130353577,3.992400524632425
Muon momentum,400,419430400,block08.q,0.05291489139199257,0.028634145855903625,0.012872993014752865,0.005086956080049276,0.0017816280014812946,0.008664129064589242,,,0.3113094883804344,3.2122374592641854
Muon momentum,400,419430400,block08.k,0.04414166882634163,0.02374272607266903,0.010664861649274826,0.004222653340548277,0.001488208887167275,0.010615447988684325,,,0.3321390315045534,3.0107873665739002
Muon momentum,400,419430400,block08.v,0.033779434859752655,0.016607530415058136,0.007095627952367067,0.002764930948615074,0.000996146583929658,0.027700070130336683,,,0.605262386196447,1.6521760195345014
Muon momentum,400,419430400,block08.o,0.03813169151544571,0.018777919933199883,0.008052399381995201,0.003151901997625828,0.0011544226435944438,0.027388854261494396,,,0.567942159126833,1.760742681151585
Muon momentum,400,419430400,block08.up,0.052069734781980515,0.03348434716463089,0.02098429575562477,0.013363035395741463,0.009821387939155102,0.02631955078910757,,,0.3653917808699134,2.7367884346474107
Muon momentum,400,419430400,block08.down,0.04442982003092766,0.025822285562753677,0.015213589183986187,0.009841864928603172,0.007414008490741253,0.05287845452246813,,,0.45288861676684533,2.2080484317291127
Muon momentum,425,445644800,block02.q,0.04392257705330849,0.022360125556588173,0.008249563165009022,0.0028551036957651377,0.001000343938358128,0.015736686240372083,,,0.30326761123888346,3.297417735823762
Muon momentum,425,445644800,block02.k,0.03850517049431801,0.019084906205534935,0.007298319134861231,0.0025160913355648518,0.0009094917913898826,0.018017713544985596,,,0.24372138455888237,4.103045786523516
Muon momentum,425,445644800,block02.v,0.02710363268852234,0.01264647115021944,0.004658209625631571,0.001584571786224842,0.0005501699633896351,0.06877880966885554,,,0.7164971293883013,1.3956790041206935
Muon momentum,425,445644800,block02.o,0.05154826492071152,0.02542724460363388,0.010822984389960766,0.004191361367702484,0.001534737879410386,0.04140038364107604,,,0.3277094230927702,3.0514838131978688
Muon momentum,425,445644800,block02.up,0.047803498804569244,0.029938697814941406,0.015091788955032825,0.008343441411852837,0.005835195537656546,0.04149824692187088,,,0.43903107278778464,2.2777431074528343
Muon momentum,425,445644800,block02.down,0.05478944629430771,0.03566620126366615,0.022732343524694443,0.015225055627524853,0.011624820530414581,0.0557909681500263,,,0.23008046708030694,4.346305502113578
Muon momentum,425,445644800,block04.q,0.055900461971759796,0.030449122190475464,0.013078348711133003,0.0048615108244121075,0.0017639124998822808,0.013730210022244406,,,0.31534672713782186,3.171112664070718
Muon momentum,425,445644800,block04.k,0.048543427139520645,0.0255292821675539,0.010549640282988548,0.0038812877610325813,0.0013788247015327215,0.01800126833773236,,,0.15749466898704956,6.349421262520497
Muon momentum,425,445644800,block04.v,0.028906619176268578,0.01453347411006689,0.006396220996975899,0.0024909989442676306,0.0009226004476659,0.05117278480430248,,,0.6521844843247351,1.5333084794793752
Muon momentum,425,445644800,block04.o,0.05611192062497139,0.03003799356520176,0.013647881336510181,0.005554421339184046,0.0020466723944991827,0.02854311052063106,,,0.2123304254751588,4.709640635637464
Muon momentum,425,445644800,block04.up,0.050779882818460464,0.032928239554166794,0.019239267334342003,0.012084086425602436,0.008952583186328411,0.03146715319358109,,,0.3713693457797298,2.6927370591140005
Muon momentum,425,445644800,block04.down,0.06051066145300865,0.03978737071156502,0.02528001181781292,0.017084550112485886,0.01296659093350172,0.0419381346515271,,,0.126383797647577,7.9124066424124555
Muon momentum,425,445644800,block06.q,0.06037445738911629,0.03264346346259117,0.01490949559956789,0.005990169942378998,0.002192429732531309,0.011198787852711565,,,0.24639612353478757,4.058505408502559
Muon momentum,425,445644800,block06.k,0.05669530853629112,0.030917702242732048,0.01399047952145338,0.00554651627317071,0.00208154390566051,0.012056081896829083,,,0.1085062467977913,9.216059254759474
Muon momentum,425,445644800,block06.v,0.033617593348026276,0.01729467138648033,0.007747385650873184,0.0030583704356104136,0.001167244859971106,0.03414527320988278,,,0.5954155077326959,1.6794994201745532
Muon momentum,425,445644800,block06.o,0.06451494991779327,0.03485184162855148,0.015700625255703926,0.006426940206438303,0.0023259541485458612,0.019407310457167776,,,0.10853866485487718,9.213306625220248
Muon momentum,425,445644800,block06.up,0.05650964006781578,0.037212781608104706,0.022963352501392365,0.014955892227590084,0.011206456460058689,0.02407569811563114,,,0.2660733126778645,3.7583626480071004
Muon momentum,425,445644800,block06.down,0.06292460113763809,0.03976674750447273,0.0247613824903965,0.0163795817643404,0.012391134165227413,0.03559111416777956,,,0.11500490146227094,8.695281568743093
Muon momentum,425,445644800,block08.q,0.060267381370067596,0.03246602416038513,0.014864947646856308,0.005889998748898506,0.00220310571603477,0.007954094776470152,,,0.16985727669322515,5.88729561351719
Muon momentum,425,445644800,block08.k,0.05654090270400047,0.030452396720647812,0.013943105936050415,0.0054940045811235905,0.0020062695257365704,0.008589855082536405,,,0.1405396739969298,7.11542848763009
Muon momentum,425,445644800,block08.v,0.04333973675966263,0.021353255957365036,0.009278224781155586,0.0036667953245341778,0.0013925624080002308,0.021585426589628254,,,0.4659702933947898,2.146059553956925
Muon momentum,425,445644800,block08.o,0.04377732425928116,0.022120194509625435,0.009729417972266674,0.003813051152974367,0.0014196312986314297,0.023473730236808314,,,0.44992398282880686,2.222597679085032
Muon momentum,425,445644800,block08.up,0.058740418404340744,0.03782248869538307,0.02391652576625347,0.01540465373545885,0.011283368803560734,0.023467364062438476,,,0.20670744878953062,4.837755029419377
Muon momentum,425,445644800,block08.down,0.048113126307725906,0.028484443202614784,0.017025528475642204,0.011061514727771282,0.008279678411781788,0.04801898367569471,,,0.3709667042351761,2.695659714425598
Muon momentum,450,471859200,block02.q,0.04262358695268631,0.02185337245464325,0.00804858934134245,0.0027289115823805332,0.0009182277717627585,0.01635237854521608,,,0.3155320521949676,3.169250138119404
Muon momentum,450,471859200,block02.k,0.03522687777876854,0.017752544954419136,0.0067735640332102776,0.002404267666861415,0.0008657617727294564,0.019487145309345345,,,0.28331650770532235,3.5296213697512484
Muon momentum,450,471859200,block02.v,0.02241436578333378,0.010179415345191956,0.0037398331332951784,0.0012869846541434526,0.00043809390626847744,0.08437995528286353,,,0.7940766125226197,1.2593243324761871
Muon momentum,450,471859200,block02.o,0.04795433208346367,0.0236899945884943,0.010103872045874596,0.003962620627135038,0.00143969536293298,0.04371403135141787,,,0.35268495623373397,2.8353917067482532
Muon momentum,450,471859200,block02.up,0.04397004842758179,0.027688613161444664,0.014065155759453773,0.007743745110929012,0.00543640274554491,0.04332434645189682,,,0.4949292362421289,2.0204908636894117
Muon momentum,450,471859200,block02.down,0.05303112044930458,0.034578219056129456,0.022061552852392197,0.014990665018558502,0.011487385258078575,0.05520191768289982,,,0.26649949206359125,3.7523523675661763
Muon momentum,450,471859200,block04.q,0.05239783227443695,0.028284868225455284,0.012575415894389153,0.004703311715275049,0.0017204071627929807,0.014499788351788605,,,0.3782350557757219,2.6438585866904933
Muon momentum,450,471859200,block04.k,0.044309861958026886,0.02347162924706936,0.009957761503756046,0.0036986975464969873,0.0013367184437811375,0.01919821637441519,,,0.19929588450082747,5.017665078758052
Muon momentum,450,471859200,block04.v,0.024061817675828934,0.012033235281705856,0.005320309195667505,0.002123853424564004,0.0007974989712238312,0.06004391219671727,,,0.7251354448497729,1.3790527095350733
Muon momentum,450,471859200,block04.o,0.054753243923187256,0.028497224673628807,0.01316368393599987,0.005433622747659683,0.0020685915369540453,0.029117069235135584,,,0.28855544344967043,3.465538504645881
Muon momentum,450,471859200,block04.up,0.049279890954494476,0.031684260815382004,0.01864234358072281,0.011785147711634636,0.008791149593889713,0.0319015798963712,,,0.4062315389567175,2.461650325250956
Muon momentum,450,471859200,block04.down,0.05950332432985306,0.038871049880981445,0.02489783614873886,0.01689525693655014,0.012926948256790638,0.041648779153085645,,,0.14220745997141648,7.031979898951846
Muon momentum,450,471859200,block06.q,0.05628792569041252,0.030779371038079262,0.014177807606756687,0.005713584832847118,0.0021122759208083153,0.012064158555511326,,,0.3089028632849846,3.2372636153826444
Muon momentum,450,471859200,block06.k,0.05294128134846687,0.02933468483388424,0.013335013762116432,0.005362725351005793,0.0019769608043134212,0.012868073402335022,,,0.1325713775560624,7.543106350970181
Muon momentum,450,471859200,block06.v,0.029000965878367424,0.015083899721503258,0.006929324474185705,0.0027765915729105473,0.0010014628060162067,0.03798051468039121,,,0.6761559483051691,1.4789487580587999
Muon momentum,450,471859200,block06.o,0.0637691393494606,0.03470635786652565,0.015846198424696922,0.00629883399233222,0.00234679295681417,0.019283020150446174,,,0.14405866252433785,6.941616578114877
Muon momentum,450,471859200,block06.up,0.0544314980506897,0.035288527607917786,0.022091910243034363,0.014445658773183823,0.010812340304255486,0.024815949509519708,,,0.3147506820562427,3.1771178174009815
Muon momentum,450,471859200,block06.down,0.06047392264008522,0.038142070174217224,0.023929063230752945,0.01594051532447338,0.012087364681065083,0.0361122159312476,,,0.16906371459805314,5.914929778855785
Muon momentum,450,471859200,block08.q,0.05982020124793053,0.03258548676967621,0.014809773303568363,0.006028114352375269,0.0021907170303165913,0.008155518006461849,,,0.18201302151127052,5.494112408534894
Muon momentum,450,471859200,block08.k,0.05487554892897606,0.030230510979890823,0.014044233597815037,0.0055947802029550076,0.002123957732692361,0.008720957061739445,,,0.1397500874038684,7.155630587264442
Muon momentum,450,471859200,block08.v,0.03976982831954956,0.019929751753807068,0.008790469728410244,0.003539235331118107,0.0012830139603465796,0.022815335768316708,,,0.5376766607349204,1.8598538360083465
Muon momentum,450,471859200,block08.o,0.03851187974214554,0.019481776282191277,0.008621066808700562,0.003494790755212307,0.0013086560647934675,0.026270377001025465,,,0.5693387464846502,1.7564235811710396
Muon momentum,450,471859200,block08.up,0.05357065051794052,0.03521265089511871,0.022459501400589943,0.014604013413190842,0.010873548686504364,0.025018075120167717,,,0.3129487907975239,3.1954109726757
Muon momentum,450,471859200,block08.down,0.0434679314494133,0.025494392961263657,0.015327502973377705,0.009998088702559471,0.007522306405007839,0.05273772078597579,,,0.4720289182424189,2.1185142718023733
Muon momentum,475,498073600,block02.q,0.03732716664671898,0.01874426007270813,0.007103573996573687,0.0024234361480921507,0.0008377202902920544,0.018891304211079898,,,0.43255894362576797,2.3118236594945047
Muon momentum,475,498073600,block02.k,0.034138016402721405,0.01702137663960457,0.006633002310991287,0.002306962152943015,0.0008075516670942307,0.020115260085935945,,,0.3258462622250171,3.068931934868836
Muon momentum,475,498073600,block02.v,0.024326615035533905,0.011410428211092949,0.004237365908920765,0.0014651448000222445,0.0005122754955664277,0.07400165315473071,,,0.7326718268751051,1.3648675482242405
Muon momentum,475,498073600,block02.o,0.04647247865796089,0.02321845479309559,0.009967693127691746,0.003932885359972715,0.0014426873531192541,0.044360073053902445,,,0.34126828896762973,2.930245886674964
Muon momentum,475,498073600,block02.up,0.043669238686561584,0.027656463906168938,0.014171382412314415,0.007793280761688948,0.005447973497211933,0.04279697446266171,,,0.48203750359334663,2.074527381262877
Muon momentum,475,498073600,block02.down,0.054119400680065155,0.0351175032556057,0.02254432998597622,0.015300903469324112,0.011697139590978622,0.053496708676992875,,,0.22311570624154697,4.48197940362563
Muon momentum,475,498073600,block04.q,0.05443551391363144,0.029823988676071167,0.013164475560188293,0.005073281470686197,0.0018570264801383018,0.013923612853337698,,,0.36416247763840204,2.7460270110336786
Muon momentum,475,498073600,block04.k,0.045139092952013016,0.023547563701868057,0.010222385637462139,0.00377188203856349,0.001364171621389687,0.01920658768906264,,,0.28682324943430615,3.4864677182629835
Muon momentum,475,498073600,block04.v,0.026067432016134262,0.013065080158412457,0.005742715671658516,0.0022768923081457615,0.0008473810157738626,0.05583276581568856,,,0.6958755600185782,1.4370385417376959
Muon momentum,475,498073600,block04.o,0.05600825324654579,0.029672440141439438,0.013756759464740753,0.005596306640654802,0.0021238368935883045,0.028209552028470242,,,0.22071290376982322,4.53077270481149
Muon momentum,475,498073600,block04.up,0.04974110424518585,0.03173069655895233,0.018738333135843277,0.01189490221440792,0.008948123082518578,0.03168656223422117,,,0.4035990979351176,2.477706231545541
Muon momentum,475,498073600,block04.down,0.06119823455810547,0.04016607254743576,0.025872090831398964,0.017638826742768288,0.013591689988970757,0.03990770490141699,,,0.09370287268567168,10.672031404570932
Muon momentum,475,498073600,block06.q,0.059409961104393005,0.03301634266972542,0.015383073128759861,0.006075667683035135,0.0022826967760920525,0.011555078877132042,,,0.2452959585591552,4.076708013755724
Muon momentum,475,498073600,block06.k,0.05719352886080742,0.03086632862687111,0.014172252267599106,0.005634775850921869,0.0020971172489225864,0.012591024392719688,,,0.10935084761207747,9.14487653125016
Muon momentum,475,498073600,block06.v,0.029824672266840935,0.015514125116169453,0.007055176887661219,0.0028726598247885704,0.0010592546314001083,0.03695773042747829,,,0.64527177505569,1.5497346058778028
Muon momentum,475,498073600,block06.o,0.06348646432161331,0.03438711166381836,0.01570335403084755,0.006442968733608723,0.0024428959004580975,0.019548618909952038,,,0.11289465514011354,8.857815268215312
Muon momentum,475,498073600,block06.up,0.05528346821665764,0.03617015480995178,0.022648630663752556,0.014881415292620659,0.011180494911968708,0.024243822698958813,,,0.28154497444223026,3.551830402872946
Muon momentum,475,498073600,block06.down,0.061892781406641006,0.03907787799835205,0.02461855672299862,0.016484754160046577,0.012572410516440868,0.0353167608111775,,,0.1263132880012563,7.9168234460815725
Muon momentum,475,498073600,block08.q,0.059329770505428314,0.032349392771720886,0.014934063889086246,0.006054268684238195,0.0021794189233332872,0.008420749434735345,,,0.18381673092278916,5.440201199204454
Muon momentum,475,498073600,block08.k,0.054060619324445724,0.02950524166226387,0.013785085640847683,0.005551263224333525,0.001989517128095031,0.009226384051430486,,,0.14253068506549482,7.016033070636587
Muon momentum,475,498073600,block08.v,0.043558236211538315,0.021287022158503532,0.009465509094297886,0.003798017045482993,0.001434288453310728,0.02126668651870413,,,0.42593389309746854,2.3477821704392166
Muon momentum,475,498073600,block08.o,0.0447019524872303,0.02232605591416359,0.00996924377977848,0.004024706315249205,0.0014792578294873238,0.02301078030525373,,,0.4086719343768017,2.4469505142919474
Muon momentum,475,498073600,block08.up,0.05750856548547745,0.03739745914936066,0.02368774823844433,0.015599234960973263,0.011642173863947392,0.02366740715584152,,,0.20381750744589144,4.906349864304349
Muon momentum,475,498073600,block08.down,0.04870842024683952,0.028790723532438278,0.017169378697872162,0.011334042064845562,0.008462004363536835,0.0468451483264096,,,0.2670704590282327,3.744330255164191
Muon momentum,500,524288000,block02.q,0.036106176674366,0.018249880522489548,0.0069467308931052685,0.0023502064868807793,0.0008260434842668474,0.019583240777934895,,,0.46641429791180045,2.14401660600272
Muon momentum,500,524288000,block02.k,0.03356584161520004,0.01680799014866352,0.0064697531051933765,0.002261917805299163,0.0007996934000402689,0.020903525032397438,,,0.27387338747088563,3.651322274261883
Muon momentum,500,524288000,block02.v,0.02323087304830551,0.01099765207618475,0.0041367304511368275,0.0014283180935308337,0.0005010169115848839,0.07574041085840319,,,0.7598680406808853,1.3160179747840726
Muon momentum,500,524288000,block02.o,0.04800121858716011,0.024216489866375923,0.01048690639436245,0.004127786960452795,0.001529995584860444,0.042068216152232024,,,0.31353384977172993,3.1894482867736786
Muon momentum,500,524288000,block02.up,0.04451765865087509,0.027970312163233757,0.014425156638026237,0.00793679803609848,0.005540143232792616,0.04139767810928383,,,0.47260502864617493,2.1159317810574327
Muon momentum,500,524288000,block02.down,0.05412837862968445,0.035194892436265945,0.022751254960894585,0.015504241921007633,0.011889803223311901,0.05195279244826861,,,0.21306815459625117,4.69333393296116
Muon momentum,500,524288000,block04.q,0.05364366993308067,0.02952643670141697,0.013349853456020355,0.0052024745382368565,0.0018811317859217525,0.01391663252939679,,,0.3416663272860241,2.9268321755420033
Muon momentum,500,524288000,block04.k,0.049094002693891525,0.025904858484864235,0.011366025544703007,0.0043450393714010715,0.001621746108867228,0.01737254893872557,,,0.18005968883905155,5.553713918132235
Muon momentum,500,524288000,block04.v,0.02733887918293476,0.013635624200105667,0.00613271864131093,0.0024221285711973906,0.0008982367580756545,0.05287557432153897,,,0.6609322099855639,1.5130144739380187
Muon momentum,500,524288000,block04.o,0.05612320452928543,0.029377002269029617,0.013981498777866364,0.005821967031806707,0.002184261567890644,0.028115477477887396,,,0.22881063810714952,4.370426166687717
Muon momentum,500,524288000,block04.up,0.04958280548453331,0.032039593905210495,0.018803568556904793,0.012015675194561481,0.008990648202598095,0.031327531447346665,,,0.3897675367171338,2.5656318338428745
Muon momentum,500,524288000,block04.down,0.060334473848342896,0.039319902658462524,0.025509096682071686,0.01744609698653221,0.013482264243066311,0.039822863527593275,,,0.10800753005747765,9.258613723208342
Muon momentum,500,524288000,block06.q,0.05824209377169609,0.03226349502801895,0.015192121267318726,0.006039709318429232,0.0022408999502658844,0.011873219366108792,,,0.2615731690018528,3.823022077592816
Muon momentum,500,524288000,block06.k,0.05659804120659828,0.030936462804675102,0.014306612312793732,0.005775291472673416,0.0021641806233674288,0.012639637396661239,,,0.09031216463382918,11.072705477213415
Muon momentum,500,524288000,block06.v,0.0315379723906517,0.016563788056373596,0.007506997790187597,0.003072952851653099,0.0011265546781942248,0.03467228528311815,,,0.6291639960554676,1.5894107200499108
Muon momentum,500,524288000,block06.o,0.06264980882406235,0.034258030354976654,0.015837639570236206,0.006438627373427153,0.0023648692294955254,0.019489293496172712,,,0.13207878231702352,7.57123878988935
Muon momentum,500,524288000,block06.up,0.054926805198192596,0.035589709877967834,0.022308172658085823,0.014791890978813171,0.011136684566736221,0.024593985374911476,,,0.28521104472078207,3.5061755794870675
Muon momentum,500,524288000,block06.down,0.060304805636405945,0.03870168700814247,0.024476060643792152,0.01648039184510708,0.012568785808980465,0.03518828487720291,,,0.13609415911918532,7.347853915789609
Muon momentum,500,524288000,block08.q,0.05772252380847931,0.03151577338576317,0.014864007942378521,0.005996902473270893,0.0022232295013964176,0.008799929790351565,,,0.2168906194811484,4.610618948814969
Muon momentum,500,524288000,block08.k,0.052572380751371384,0.0288999006152153,0.013501371257007122,0.005409679841250181,0.0020860086660832167,0.00970620898014749,,,0.15315421687578468,6.529366415102023
Muon momentum,500,524288000,block08.v,0.03947845473885536,0.019970819354057312,0.009001286700367928,0.003630673047155142,0.0013448187382891774,0.02240091450144401,,,0.4814560015693701,2.077032993129936
Muon momentum,500,524288000,block08.o,0.040016598999500275,0.020425086840987206,0.009080992080271244,0.0037228057626634836,0.0013637460069730878,0.02509868853700867,,,0.5279359407114761,1.8941692029005335
Muon momentum,500,524288000,block08.up,0.05617142096161842,0.03653514385223389,0.023379595950245857,0.015446611680090427,0.011570786125957966,0.02423010436291962,,,0.21247928665923954,4.706341101397498
Muon momentum,500,524288000,block08.down,0.04282739758491516,0.025061065331101418,0.015243899077177048,0.010016771964728832,0.00751417875289917,0.05265496241575413,,,0.4802672832092867,2.082173895581034
Muon momentum,525,550502400,block02.q,0.03696729987859726,0.018960945308208466,0.0071321409195661545,0.0024180421605706215,0.000860626925714314,0.019212536423030863,,,0.3573451912072869,2.798414599120561
Muon momentum,525,550502400,block02.k,0.0351492241024971,0.017735103145241737,0.0068253418430686,0.002399628981947899,0.0008294393192045391,0.020025971685276207,,,0.23673998298903953,4.2240435577217115
Muon momentum,525,550502400,block02.v,0.02091357111930847,0.009789785370230675,0.003651274833828211,0.001257152296602726,0.000433709763456136,0.0856501509120669,,,0.8176122722090895,1.2230736181321262
Muon momentum,525,550502400,block02.o,0.04763259366154671,0.02399354614317417,0.010413534939289093,0.004119805991649628,0.0015074674738571048,0.042733877029385206,,,0.3671338660824155,2.7238021124848135
Muon momentum,525,550502400,block02.up,0.04115033522248268,0.02581176906824112,0.013393467292189598,0.007402086164802313,0.005168340168893337,0.04442897375535887,,,0.5498376603100041,1.818718636763058
Muon momentum,525,550502400,block02.down,0.052996810525655746,0.03435041010379791,0.022129707038402557,0.015045101754367352,0.011622638441622257,0.05296101511269604,,,0.2796179154844971,3.5763087578536905
Muon momentum,525,550502400,block04.q,0.05192035809159279,0.02874903194606304,0.013213572092354298,0.005127559881657362,0.0018866265891119838,0.014371373871075547,,,0.3825698187921631,2.613901962149464
Muon momentum,525,550502400,block04.k,0.04625348746776581,0.02432919666171074,0.010715870186686516,0.004067805130034685,0.0015038643032312393,0.018626184579370098,,,0.18356849871487757,5.447557761820676
Muon momentum,525,550502400,block04.v,0.023767849430441856,0.012208309024572372,0.005418775137513876,0.0021726982668042183,0.0008062662091106176,0.059672488285770854,,,0.7462558694423969,1.3400229612226715
Muon momentum,525,550502400,block04.o,0.057637810707092285,0.03077583573758602,0.014473249204456806,0.006041955202817917,0.0022545161191374063,0.027146199642244455,,,0.23125413716417498,4.324246961644914
Muon momentum,525,550502400,block04.up,0.0483710877597332,0.03122798167169094,0.018612727522850037,0.011900744400918484,0.008874895051121712,0.03175979749608111,,,0.4350736010142242,2.2984616802050146
Muon momentum,525,550502400,block04.down,0.060696080327034,0.04010447859764099,0.025980163365602493,0.01776338741183281,0.013699188828468323,0.03894064044160628,,,0.09302025959570503,10.750346261624198
Muon momentum,525,550502400,block06.q,0.058104682713747025,0.0322754941880703,0.015104880556464195,0.006170459091663361,0.0023084997665137053,0.012048955776142704,,,0.2750997628032934,3.6350449371889764
Muon momentum,525,550502400,block06.k,0.05776125565171242,0.0314343087375164,0.014609046280384064,0.005913194268941879,0.0022607161663472652,0.012626460321942734,,,0.11910461419128993,8.395980347108413
Muon momentum,525,550502400,block06.v,0.02999240532517433,0.01578671485185623,0.007265253458172083,0.0029229328501969576,0.001095057581551373,0.0360125367987824,,,0.646309361930836,1.5472466575642978
Muon momentum,525,550502400,block06.o,0.06490901857614517,0.03519522026181221,0.016359051689505577,0.0066449446603655815,0.002421145560219884,0.018880271552887292,,,0.11071771827357768,9.031978039224512
Muon momentum,525,550502400,block06.up,0.054217517375946045,0.035546742379665375,0.02249428816139698,0.014895113185048103,0.011258144862949848,0.024449185461654945,,,0.30955230811330026,3.230471793587747
Muon momentum,525,550502400,block06.down,0.061034392565488815,0.039044979959726334,0.02469530887901783,0.016650879755616188,0.012770140543580055,0.034926528282840534,,,0.16021956818907146,6.241434871550289
Muon momentum,525,550502400,block08.q,0.0579315610229969,0.03221418336033821,0.014766682870686054,0.006096919998526573,0.0021726512350142,0.008867936517419385,,,0.22532368325716678,4.438059885869514
Muon momentum,525,550502400,block08.k,0.053264010697603226,0.029908636584877968,0.013956056907773018,0.005635136738419533,0.0021031468641012907,0.009567438981997087,,,0.1443869730549716,6.925832565374688
Muon momentum,525,550502400,block08.v,0.03878724202513695,0.01947726495563984,0.008939872495830059,0.003588316263630986,0.0013212740886956453,0.022769640148309376,,,0.5573340898124037,1.7942559378282346
Muon momentum,525,550502400,block08.o,0.0374554842710495,0.019378576427698135,0.00864745955914259,0.0034602053929120302,0.0012822934659197927,0.02670507996782283,,,0.6274317776665725,1.5937987771658837
Muon momentum,525,550502400,block08.up,0.05570024996995926,0.03631288930773735,0.023437920957803726,0.015586677007377148,0.011693235486745834,0.02420032714879602,,,0.2644458699462717,3.7814922207072965
Muon momentum,525,550502400,block08.down,0.04331539198756218,0.025454074144363403,0.015318065881729126,0.010086466558277607,0.007622043136507273,0.052560408215238504,,,0.49346996918842834,2.02646576780472
Muon momentum,550,576716800,block02.q,0.037734564393758774,0.01933087222278118,0.007331718225032091,0.00250894739292562,0.0008884635753929615,0.018719680784145678,,,0.41199926738642034,2.4271887820181117
Muon momentum,550,576716800,block02.k,0.033748120069503784,0.017094237729907036,0.006554812658578157,0.0023464541882276535,0.000840356049593538,0.020636641727817158,,,0.34527613309718674,2.896232621206183
Muon momentum,550,576716800,block02.v,0.01957632414996624,0.009354722686111927,0.003483856562525034,0.001229624729603529,0.000426313781645149,0.08816226759773847,,,0.8164199961989915,1.2248597592608
Muon momentum,550,576716800,block02.o,0.0434994101524353,0.022317223250865936,0.009802009910345078,0.0039499965496361256,0.001405517221428454,0.0448245394546009,,,0.4076816855303811,2.45289409726373
Muon momentum,550,576716800,block02.up,0.04071658477187157,0.02552713081240654,0.013322344981133938,0.007365881465375423,0.005167403724044561,0.04370709940681562,,,0.546612893838816,1.8294482462297676
Muon momentum,550,576716800,block02.down,0.04983242228627205,0.03293510153889656,0.021382858976721764,0.014686518348753452,0.011382665485143661,0.053205009471959844,,,0.29118142701940997,3.434284975646268
Muon momentum,550,576716800,block04.q,0.05130597949028015,0.028619276359677315,0.013313439674675465,0.005208299495279789,0.0019397579599171877,0.014170996899089223,,,0.40578930623281906,2.46433305323787
Muon momentum,550,576716800,block04.k,0.045556068420410156,0.02445480413734913,0.01092893723398447,0.004266498610377312,0.0015857749385759234,0.018080461942540812,,,0.1721174827822871,5.809985039491361
Muon momentum,550,576716800,block04.v,0.022478947415947914,0.011460172943770885,0.005057263188064098,0.002059151418507099,0.0007755636470392346,0.06234046540432541,,,0.7582469972987838,1.3188314672691734
Muon momentum,550,576716800,block04.o,0.0529092438519001,0.028364257887005806,0.013597589917480946,0.0057110972702503204,0.0021326527930796146,0.028590659474915667,,,0.30076365966175445,3.3248697702529038
Muon momentum,550,576716800,block04.up,0.04634205251932144,0.03017178550362587,0.017949197441339493,0.011495268903672695,0.008708691224455833,0.03249724606170401,,,0.4547988414096018,2.198774290850442
Muon momentum,550,576716800,block04.down,0.05834599584341049,0.03826749324798584,0.024935176596045494,0.017136355862021446,0.013285216875374317,0.03996089626486733,,,0.14122614296610791,7.080841967340172
Muon momentum,550,576716800,block06.q,0.05438612774014473,0.03110354021191597,0.014508182182908058,0.005910129752010107,0.0022201272659003735,0.012631698054029649,,,0.341537430540658,2.9279367664533504
Muon momentum,550,576716800,block06.k,0.056783903390169144,0.03137069195508957,0.014552658423781395,0.005965635646134615,0.0022489374969154596,0.012722968239706006,,,0.11005763111430955,9.086148682969256
Muon momentum,550,576716800,block06.v,0.02590239606797695,0.013595504686236382,0.006369202863425016,0.0026006968691945076,0.000953949464019388,0.040602759475333254,,,0.6889918940669446,1.4513958852218904
Muon momentum,550,576716800,block06.o,0.06223216652870178,0.034922219812870026,0.01663401536643505,0.006828306242823601,0.002511377213522792,0.01871864263709409,,,0.15451846707077355,6.471718358052138
Muon momentum,550,576716800,block06.up,0.052487973123788834,0.03459988534450531,0.02205568738281727,0.014667073264718056,0.01111662294715643,0.024812436298553144,,,0.3285280240652497,3.0438803595074364
Muon momentum,550,576716800,block06.down,0.05906972661614418,0.03779508173465729,0.024267196655273438,0.01642010547220707,0.012553215026855469,0.03523841744726046,,,0.18541647756973223,5.393263927279148
Muon momentum,550,576716800,block08.q,0.058094508945941925,0.03207783028483391,0.01516079343855381,0.006178613286465406,0.0022453772835433483,0.008936811863968747,,,0.2338025432770161,4.2771134393314565
Muon momentum,550,576716800,block08.k,0.05283685773611069,0.029359346255660057,0.013886725530028343,0.005654693581163883,0.00215544574894011,0.009870966813927169,,,0.12917245459906113,7.741588584841124
Muon momentum,550,576716800,block08.v,0.035736873745918274,0.018462486565113068,0.008463148027658463,0.003454780438914895,0.001316089415922761,0.023878747491370332,,,0.5844515345621772,1.711005859107064
Muon momentum,550,576716800,block08.o,0.03894314542412758,0.019830970093607903,0.00918212253600359,0.0037329699844121933,0.0013812105171382427,0.025524483444414065,,,0.5978900964096425,1.6725481923936287
Muon momentum,550,576716800,block08.up,0.05606881156563759,0.03678010031580925,0.02386113628745079,0.016009816899895668,0.01212568674236536,0.023809397003795776,,,0.21147845311910718,4.728614122389046
Muon momentum,550,576716800,block08.down,0.04154809191823006,0.02495027706027031,0.015299147926270962,0.010101824067533016,0.007600314915180206,0.05241150684658293,,,0.4635143955216705,2.157430297012744
Muon momentum,575,602931200,block02.q,0.03797124698758125,0.019450748339295387,0.007401145063340664,0.0025461495388299227,0.000908089685253799,0.018604314696991264,,,0.42231324829486994,2.3679105593717353
Muon momentum,575,602931200,block02.k,0.03675680607557297,0.018207566812634468,0.0070763141848146915,0.002490535145625472,0.00088216841686517,0.019397500688334037,,,0.2314335463297681,4.320894770264233
Muon momentum,575,602931200,block02.v,0.022014329209923744,0.010480096563696861,0.003963119816035032,0.0013732592342421412,0.00048128789057955146,0.07823625557641506,,,0.7898344257192811,1.2660881413080047
Muon momentum,575,602931200,block02.o,0.04655664786696434,0.023532623425126076,0.01052067894488573,0.004244585055857897,0.001561670913361013,0.04205023737521973,,,0.31240751967346014,3.2009472788786804
Muon momentum,575,602931200,block02.up,0.04065639525651932,0.0262162983417511,0.01353581715375185,0.007538007106631994,0.005259063094854355,0.04267058401861883,,,0.5420651789074924,1.8447966017951094
Muon momentum,575,602931200,block02.down,0.0522376112639904,0.03430503234267235,0.02253020741045475,0.015412896871566772,0.011945209465920925,0.05044598539594324,,,0.26309061768223785,3.8009717290937566
Muon momentum,575,602931200,block04.q,0.051649779081344604,0.02904018945991993,0.013330575078725815,0.0054067703895270824,0.0019502415088936687,0.01404942276223273,,,0.3988812439389591,2.5070118367185756
Muon momentum,575,602931200,block04.k,0.04566381499171257,0.02452549897134304,0.010908694006502628,0.0042725116945803165,0.0015775382053107023,0.018253842564327907,,,0.2557377268375127,3.910256075105285
Muon momentum,575,602931200,block04.v,0.02550053596496582,0.012990754097700119,0.005838393233716488,0.0023354545701295137,0.0008647970971651375,0.054678494066383046,,,0.7306873975808834,1.368574308672547
Muon momentum,575,602931200,block04.o,0.05663490295410156,0.03046388365328312,0.01453367155045271,0.006069662049412727,0.002300226828083396,0.02692586714025642,,,0.2728766862966303,3.66465898414257
Muon momentum,575,602931200,block04.up,0.04727546125650406,0.03074428252875805,0.018466481938958168,0.011879220604896545,0.008921540342271328,0.0317081717980296,,,0.44261538143069856,2.2592978959918333
Muon momentum,575,602931200,block04.down,0.05985752120614052,0.039918333292007446,0.025949690490961075,0.017938943579792976,0.013832632452249527,0.03831223571615803,,,0.119160202109029,8.392063644580107
Muon momentum,575,602931200,block06.q,0.05378955602645874,0.03038470260798931,0.014391164295375347,0.0059523796662688255,0.002221740083768964,0.012985340536965534,,,0.3575155261371634,2.797081320648275
Muon momentum,575,602931200,block06.k,0.05549253523349762,0.03089519590139389,0.014327628538012505,0.005769194569438696,0.0022130487486720085,0.01314531976494026,,,0.12253913536260175,8.160658201487477
Muon momentum,575,602931200,block06.v,0.027393212541937828,0.014385308139026165,0.00670990627259016,0.0027364154811948538,0.0010366918286308646,0.03879407931527938,,,0.7221499950490831,1.3847538694949821
Muon momentum,575,602931200,block06.o,0.06496722996234894,0.03580555319786072,0.016848374158143997,0.006960059050470591,0.002572554163634777,0.018525798488862984,,,0.13992220275307332,7.146828597065061
Muon momentum,575,602931200,block06.up,0.05363503843545914,0.03542079031467438,0.02240740694105625,0.014840953052043915,0.01132175698876381,0.02459578091146493,,,0.33046063499498146,3.0260790366610126
Muon momentum,575,602931200,block06.down,0.06192108988761902,0.03994486480951309,0.02553219348192215,0.017471300438046455,0.013314190320670605,0.03352415966086867,,,0.1405765009026574,7.113564454790726
Muon momentum,575,602931200,block08.q,0.05840015783905983,0.03252611309289932,0.01548761036247015,0.0064843096770346165,0.002413277281448245,0.008975042326386611,,,0.21281585175216833,4.698898093195313
Muon momentum,575,602931200,block08.k,0.05406830459833145,0.03048599883913994,0.014294033870100975,0.0059524052776396275,0.002203173004090786,0.009691285811301513,,,0.16566947957486278,6.036114814666993
Muon momentum,575,602931200,block08.v,0.03915223851799965,0.01989401876926422,0.00918752234429121,0.0037605473771691322,0.0013909897534176707,0.022083200208739783,,,0.5479773741253133,1.82489286459356
Muon momentum,575,602931200,block08.o,0.04497519135475159,0.02343771792948246,0.010747650638222694,0.004351524170488119,0.001589831430464983,0.021819243868963317,,,0.4717214263997107,2.119895226367469
Muon momentum,575,602931200,block08.up,0.05811965838074684,0.0383162721991539,0.024985387921333313,0.016833804547786713,0.01272501889616251,0.02292405168034048,,,0.19278747769755,5.187058889627811
Muon momentum,575,602931200,block08.down,0.05040045082569122,0.02975715510547161,0.018142204731702805,0.012015258893370628,0.009087840095162392,0.04429200169282197,,,0.27202310657589024,3.676158296210824
Muon momentum,600,629145600,block02.q,0.03196112439036369,0.01604902558028698,0.006217359099537134,0.0021369282621890306,0.000732705055270344,0.02224063868087284,,,0.418321225375454,2.3905074362470478
Muon momentum,600,629145600,block02.k,0.03137609362602234,0.01573929749429226,0.00610383739694953,0.002140913624316454,0.0007493930170312524,0.022615801512200745,,,0.39613507502144785,2.524391459013967
Muon momentum,600,629145600,block02.v,0.017415665090084076,0.008199491538107395,0.0030846893787384033,0.0010780029697343707,0.00037813925882801414,0.09923440022984391,,,0.8484673029269949,1.1785958003923735
Muon momentum,600,629145600,block02.o,0.04169255122542381,0.021247562021017075,0.009602918289601803,0.0038109479937702417,0.001403727219440043,0.04643829063902988,,,0.31990225628436875,3.1259548201219194
Muon momentum,600,629145600,block02.up,0.03820081427693367,0.02418014220893383,0.012614062987267971,0.006971883587539196,0.004928645212203264,0.045349095187090245,,,0.587019886396579,1.7035198009023154
Muon momentum,600,629145600,block02.down,0.04964739829301834,0.0328594408929348,0.021441400051116943,0.01472363993525505,0.011373070068657398,0.05205683753517364,,,0.2774190013200304,3.6046557562450476
Muon momentum,600,629145600,block04.q,0.0484631322324276,0.027182793244719505,0.012600013986229897,0.005068609025329351,0.001877140486612916,0.014901403748451053,,,0.4759665071615018,2.100988168187823
Muon momentum,600,629145600,block04.k,0.042478058487176895,0.023076815530657768,0.010352445766329765,0.00417057191953063,0.001548162312246859,0.01925376747301222,,,0.25361055999850635,3.9430534753990116
Muon momentum,600,629145600,block04.v,0.020362356677651405,0.01031837984919548,0.004597977269440889,0.0018532227259129286,0.0006891422672197223,0.06847796754808451,,,0.7924005737721451,1.2619879806997087
Muon momentum,600,629145600,block04.o,0.05246603488922119,0.028426911681890488,0.013275758363306522,0.005606677383184433,0.00213816505856812,0.029061200153864913,,,0.34022894014657723,2.939197352139358
Muon momentum,600,629145600,block04.up,0.0436897948384285,0.028227493166923523,0.01709333248436451,0.010996407829225063,0.00823071040213108,0.03417501412433095,,,0.5056812408848579,1.9775303474777246
Muon momentum,600,629145600,block04.down,0.05693589150905609,0.037620868533849716,0.02456088364124298,0.017067700624465942,0.013233639299869537,0.03995572175976795,,,0.1690655526921967,5.914865471268503
Muon momentum,600,629145600,block06.q,0.05425017699599266,0.030380703508853912,0.014459356665611267,0.005985083524137735,0.00216827355325222,0.013016745413441144,,,0.3615088647436302,2.7661838962349266
Muon momentum,600,629145600,block06.k,0.052839066833257675,0.02996702305972576,0.013893427327275276,0.005723349750041962,0.0021029573399573565,0.013584341504620836,,,0.12122105001304817,8.249392328249595
Muon momentum,600,629145600,block06.v,0.02193845435976982,0.011692670173943043,0.0054343631491065025,0.002205881755799055,0.0007897220784798265,0.047107478636842406,,,0.7617296777325464,1.3128016791688055
Muon momentum,600,629145600,block06.o,0.062168367207050323,0.03457564488053322,0.016512051224708557,0.00677665276452899,0.0024734868202358484,0.018890069617436268,,,0.18360374222144404,5.446512080314259
Muon momentum,600,629145600,block06.up,0.0521731972694397,0.0341762900352478,0.021617230027914047,0.01449555717408657,0.01096345204859972,0.02522807387303334,,,0.35626063369267413,2.8069337598008186
Muon momentum,600,629145600,block06.down,0.05928543582558632,0.03791646286845207,0.02429850772023201,0.016543181613087654,0.012741982005536556,0.034959487208028744,,,0.20263484635968698,4.934985358959189
Muon momentum,600,629145600,block08.q,0.05652426555752754,0.031154168769717216,0.014848744496703148,0.0061295609921216965,0.002283231820911169,0.009462931025380126,,,0.2853187742179131,3.5048517320358563
Muon momentum,600,629145600,block08.k,0.0521925687789917,0.029546990990638733,0.01404799148440361,0.0059190792962908745,0.0021422957070171833,0.010071031977571813,,,0.16611977055635307,6.019753077258004
Muon momentum,600,629145600,block08.v,0.03673728555440903,0.018820902332663536,0.008669364266097546,0.003560073208063841,0.001316936337389052,0.02311687608444271,,,0.5657720327290008,1.7674963450853183
Muon momentum,600,629145600,block08.o,0.04095292463898659,0.02150721848011017,0.009794620797038078,0.004044278524816036,0.001487576519139111,0.023831076553584157,,,0.5347467691125054,1.8700440241268852
Muon momentum,600,629145600,block08.up,0.05675099790096283,0.03732290863990784,0.024154402315616608,0.016283588483929634,0.012408720329403877,0.023651703430312337,,,0.21375182466315223,4.678322636898574
Muon momentum,600,629145600,block08.down,0.04607481136918068,0.027620429173111916,0.016873545944690704,0.01121965516358614,0.008476532995700836,0.047518400369299434,,,0.3339653012022268,2.9943230521259085
Muon momentum,625,655360000,block02.q,0.03175840154290199,0.016388162970542908,0.0062593212351202965,0.002158774994313717,0.0007476385217159986,0.02205929468266498,,,0.48678840038363447,2.0542806673534275
Muon momentum,625,655360000,block02.k,0.03190859779715538,0.015840189531445503,0.006156952120363712,0.0021908876951783895,0.0007853511488065124,0.022012334180976253,,,0.38326905882513884,2.60913313238843
Muon momentum,625,655360000,block02.v,0.023157548159360886,0.010722803883254528,0.00405461760237813,0.0014079539105296135,0.0004924932145513594,0.07529393643806061,,,0.759869079833507,1.3160161750746686
Muon momentum,625,655360000,block02.o,0.04743518680334091,0.023559624329209328,0.01069280132651329,0.004298847168684006,0.001638517016544938,0.04129430541990866,,,0.32931775045767964,3.0365809271143713
Muon momentum,625,655360000,block02.up,0.039689596742391586,0.02533508837223053,0.013257420621812344,0.007386049721390009,0.005181889981031418,0.04296861365331216,,,0.5610977220965339,1.7822207444783662
Muon momentum,625,655360000,block02.down,0.048582449555397034,0.0325736477971077,0.021191250532865524,0.014627665281295776,0.011322680860757828,0.05225603137598407,,,0.3395680648452668,2.9449176866961166
Muon momentum,625,655360000,block04.q,0.04940539225935936,0.027979128062725067,0.013036780059337616,0.005175576079636812,0.0019255885854363441,0.0146493139352027,,,0.4387063367370416,2.2794291220812593
Muon momentum,625,655360000,block04.k,0.043966442346572876,0.02391156740486622,0.010815070010721684,0.004347753711044788,0.0016173897311091423,0.01875534649820549,,,0.19069422811913128,5.243997208847222
Muon momentum,625,655360000,block04.v,0.022266432642936707,0.011410403065383434,0.005124671384692192,0.0020639037247747183,0.0007775774574838579,0.06236525492446069,,,0.7671505353852268,1.3035251282173024
Muon momentum,625,655360000,block04.o,0.05757753923535347,0.030728045850992203,0.014728364534676075,0.006138353142887354,0.0023334319703280926,0.026647361770404533,,,0.24697150682972424,4.049050082078719
Muon momentum,625,655360000,block04.up,0.04597244784235954,0.029819026589393616,0.018115894868969917,0.011607358232140541,0.008769210427999496,0.03225781916596999,,,0.47638307619877196,2.0991509773591277
Muon momentum,625,655360000,block04.down,0.06084663048386574,0.04008488357067108,0.02623518742620945,0.018125256523489952,0.014098290354013443,0.03735971327812503,,,0.1133180023649425,8.824723160751489
Muon momentum,625,655360000,block06.q,0.05363317206501961,0.02955487370491028,0.014095142483711243,0.005920378491282463,0.0022179139778017998,0.013391983034348258,,,0.3544366867789819,2.821378365450007
Muon momentum,625,655360000,block06.k,0.0551399365067482,0.03063681349158287,0.014391670934855938,0.005983412265777588,0.0022158201318234205,0.013310045676000535,,,0.11785045984460396,8.485329639940197
Muon momentum,625,655360000,block06.v,0.02759191207587719,0.014475959353148937,0.006713020149618387,0.0027470896020531654,0.001053964369930327,0.038147161550431345,,,0.7129683595242255,1.40258678613356
Muon momentum,625,655360000,block06.o,0.06534824520349503,0.03626854717731476,0.017084820196032524,0.007107674144208431,0.002688215347006917,0.018202612386692876,,,0.11983489193526342,8.344814968750628
Muon momentum,625,655360000,block06.up,0.0531369112432003,0.035187747329473495,0.022566182538866997,0.015042908489704132,0.011331208050251007,0.024412870261586072,,,0.32515240453011884,3.0754808701018543
Muon momentum,625,655360000,block06.down,0.06132122501730919,0.039781663566827774,0.02549424022436142,0.017478683963418007,0.013393851928412914,0.033256184187632445,,,0.14842197302244475,6.737546871505187
Muon momentum,625,655360000,block08.q,0.05618906021118164,0.03127216547727585,0.014902297407388687,0.006226126104593277,0.00240523973479867,0.009459259621448711,,,0.25649389409167966,3.8987282856821763
Muon momentum,625,655360000,block08.k,0.05425965413451195,0.030582571402192116,0.01455871481448412,0.00603697681799531,0.0023151265922933817,0.009779549045746606,,,0.1557036830132894,6.422455658384455
Muon momentum,625,655360000,block08.v,0.0385839082300663,0.019394105300307274,0.008990908972918987,0.003715521888807416,0.0013835120480507612,0.022150218908045746,,,0.5528531334249784,1.8087986474905255
Muon momentum,625,655360000,block08.o,0.04191437363624573,0.022173292934894562,0.010110518895089626,0.004061239771544933,0.0015252913581207395,0.023101298496921156,,,0.5499783940379075,1.8182532456558185
Muon momentum,625,655360000,block08.up,0.05555073171854019,0.03654876723885536,0.023873018100857735,0.016116555780172348,0.01223305705934763,0.024117469832461078,,,0.25692804462881114,3.892140312844085
Muon momentum,625,655360000,block08.down,0.0421118400990963,0.025514306500554085,0.015654174610972404,0.010424298234283924,0.007854647003114223,0.0512261268058366,,,0.5078633126118461,1.9690337442513555
Muon momentum,650,681574400,block02.q,0.03104841522872448,0.016005396842956543,0.006097037810832262,0.0021199278999119997,0.0007355813286267221,0.022625273016966933,,,0.46767388013053335,2.138242143693995
Muon momentum,650,681574400,block02.k,0.028701214119791985,0.014668007381260395,0.005673195235431194,0.0019903434440493584,0.0006974442512728274,0.024227603836367646,,,0.455892686214586,2.1934986680819573
Muon momentum,650,681574400,block02.v,0.01955121010541916,0.009289172478020191,0.003570427419617772,0.0012429379858076572,0.00042674754513427615,0.08508624782341409,,,0.8129479144504472,1.2300911069757772
Muon momentum,650,681574400,block02.o,0.043890874832868576,0.022762775421142578,0.010321341454982758,0.0041643111035227776,0.0015039753634482622,0.04244359210036864,,,0.3142965331106531,3.181708656162409
Muon momentum,650,681574400,block02.up,0.0396990068256855,0.024983137845993042,0.013076083734631538,0.007319673430174589,0.0051058619283139706,0.04262477427835641,,,0.5713480839379059,1.750246527664351
Muon momentum,650,681574400,block02.down,0.052933089435100555,0.035228170454502106,0.023143233731389046,0.016037335619330406,0.012343240901827812,0.04695270997557207,,,0.21247057715939732,4.706534021648518
Muon momentum,650,681574400,block04.q,0.053074270486831665,0.029827779158949852,0.013808992691338062,0.005596444010734558,0.0021081906743347645,0.013564722768242382,,,0.3915252502043245,2.554113686098488
Muon momentum,650,681574400,block04.k,0.048978041857481,0.026950359344482422,0.01230588462203741,0.00486381771042943,0.0017818128690123558,0.016415707215482273,,,0.1770697309035194,5.64749262845423
Muon momentum,650,681574400,block04.v,0.023918885737657547,0.012104079127311707,0.005433249287307262,0.0022071264684200287,0.0008228200022131205,0.05749504707960829,,,0.7509286821734804,1.3316843846017574
Muon momentum,650,681574400,block04.o,0.05616084486246109,0.030152112245559692,0.014241852797567844,0.006038667168468237,0.0022569689899683,0.026904683551630205,,,0.2669231793877067,3.7463962563831785
Muon momentum,650,681574400,block04.up,0.04489884525537491,0.028912758454680443,0.017491543665528297,0.01128879003226757,0.00854433048516512,0.032701652293097495,,,0.503262395660645,1.987035011203798
Muon momentum,650,681574400,block04.down,0.05960286036133766,0.039656855165958405,0.02599058486521244,0.017994076013565063,0.014009684324264526,0.037161612949575956,,,0.12072095579942133,8.283565959016318
Muon momentum,650,681574400,block06.q,0.05120352655649185,0.02909047156572342,0.013940133154392242,0.0058020735159516335,0.002283846726641059,0.01364582407434196,,,0.36380927634315086,2.748692969161082
Muon momentum,650,681574400,block06.k,0.05479418858885765,0.03045867383480072,0.014058137312531471,0.005850610323250294,0.0022159055806696415,0.013611868954052475,,,0.1304301595095616,7.6669384117918815
Muon momentum,650,681574400,block06.v,0.024755150079727173,0.01346120797097683,0.006241547409445047,0.002556866267696023,0.0009723210241645575,0.04045473834337011,,,0.7370156043884357,1.3568233753066663
Muon momentum,650,681574400,block06.o,0.062181826680898666,0.034758564084768295,0.016790930181741714,0.006931264419108629,0.0025815137196332216,0.018480571144432106,,,0.14175510793958157,7.054419516411479
Muon momentum,650,681574400,block06.up,0.052704889327287674,0.03479529917240143,0.022116661071777344,0.014825701713562012,0.011303202249109745,0.024377507645066732,,,0.3323152070630755,3.0091912098689897
Muon momentum,650,681574400,block06.down,0.06028272956609726,0.03900091350078583,0.02507641166448593,0.01718311570584774,0.013231873512268066,0.033460816703418786,,,0.16176866250594912,6.18166698363612
Muon momentum,650,681574400,block08.q,0.05779435485601425,0.031477946788072586,0.015170666389167309,0.006336338352411985,0.00238649919629097,0.009519552788411392,,,0.20927032065218842,4.778508471165487
Muon momentum,650,681574400,block08.k,0.054129768162965775,0.030330682173371315,0.014269080013036728,0.0059804306365549564,0.0022820569574832916,0.010066486719927532,,,0.15780033815748684,6.337122034567421
Muon momentum,650,681574400,block08.v,0.03868357837200165,0.019816992804408073,0.009210309013724327,0.0038311248645186424,0.001428199582733214,0.021658079284985948,,,0.5321217193925101,1.8792692791071133
Muon momentum,650,681574400,block08.o,0.040235571563243866,0.021171173080801964,0.009822743013501167,0.003978334367275238,0.0014837326016277075,0.02383592016868239,,,0.5697810207421448,1.7550602136545217
Muon momentum,650,681574400,block08.up,0.05615825206041336,0.036722589284181595,0.024123016744852066,0.016355497762560844,0.012593223713338375,0.02361664612410657,,,0.21666810662432923,4.61535394193412
Muon momentum,650,681574400,block08.down,0.04421231523156166,0.02638087049126625,0.016215449199080467,0.010820348747074604,0.008218633942306042,0.04907673244758944,,,0.4240567776718116,2.3581747837878577
Muon momentum,675,707788800,block02.q,0.03499629348516464,0.017861267551779747,0.0069053927436470985,0.002392222173511982,0.0008322212961502373,0.019704346464838884,,,0.39260735143958314,2.5470740584282874
Muon momentum,675,707788800,block02.k,0.033743664622306824,0.01706095226109028,0.006672443822026253,0.0024026210885494947,0.0008330756099894643,0.02032717578936374,,,0.3126716974422017,3.1982427836624163
Muon momentum,675,707788800,block02.v,0.019396979361772537,0.009283733554184437,0.003574501257389784,0.0012336595682427287,0.00043736479710787535,0.0842978311666432,,,0.8097464545328172,1.2349544655640998
Muon momentum,675,707788800,block02.o,0.04394994676113129,0.022677429020404816,0.010226099751889706,0.004162485711276531,0.0014701596228405833,0.04249260418260362,,,0.31137853266125504,3.211525185931453
Muon momentum,675,707788800,block02.up,0.038180261850357056,0.02425808645784855,0.01272524893283844,0.007102643139660358,0.004939988721162081,0.04382864074006561,,,0.562453509337729,1.7779247233739692
Muon momentum,675,707788800,block02.down,0.05073615536093712,0.033217500895261765,0.02188919670879841,0.015036131255328655,0.011609623208642006,0.04943077893961622,,,0.26959800632662123,3.709226242528248
Muon momentum,675,707788800,block04.q,0.044016264379024506,0.024742230772972107,0.011636725626885891,0.0047447034157812595,0.0017517731757834554,0.016162520945367163,,,0.5323624497098969,1.8784194875970974
Muon momentum,675,707788800,block04.k,0.04592497646808624,0.024446474388241768,0.011225331574678421,0.004501525312662125,0.001650288701057434,0.017976530021937644,,,0.1832999675323812,5.45553833676126
Muon momentum,675,707788800,block04.v,0.02168917842209339,0.010808159597218037,0.004877982195466757,0.00197021896019578,0.000736736343242228,0.06372584762945971,,,0.7615070431762092,1.313185490483513
Muon momentum,675,707788800,block04.o,0.054998088628053665,0.029500233009457588,0.013865073211491108,0.005865974351763725,0.0022228299640119076,0.027573259775650904,,,0.19078940012926537,5.241381331051258
Muon momentum,675,707788800,block04.up,0.04492049664258957,0.028301220387220383,0.017201192677021027,0.011022161692380905,0.008243235759437084,0.03358626288811257,,,0.4780121892871456,2.0919968620283287
Muon momentum,675,707788800,block04.down,0.06004934757947922,0.03872685879468918,0.025459909811615944,0.017595689743757248,0.013576816767454147,0.03792613011551117,,,0.09912602017714622,10.088168557689686
Muon momentum,675,707788800,block06.q,0.051885880529880524,0.028975414112210274,0.013779225759208202,0.005737912841141224,0.002143913647159934,0.013852832883309617,,,0.35368748997603916,2.827354736430587
Muon momentum,675,707788800,block06.k,0.0531044527888298,0.029636086896061897,0.01373557560145855,0.005662061274051666,0.00214199791662395,0.014122539002319048,,,0.11298417372660996,8.850797125088686
Muon momentum,675,707788800,block06.v,0.025253845378756523,0.013265419751405716,0.006165471859276295,0.0025446442887187004,0.0009307705913670361,0.040889536519109704,,,0.6964596140642811,1.4358334349990076
Muon momentum,675,707788800,block06.o,0.06107846274971962,0.033690378069877625,0.0160398930311203,0.0066255186684429646,0.0024553174152970314,0.019262313427882632,,,0.13246583876996088,7.54911612900132
Muon momentum,675,707788800,block06.up,0.05137789249420166,0.03364148736000061,0.021359119564294815,0.014353235252201557,0.01091630570590496,0.02531259389007822,,,0.313790289554138,3.186841764354441
Muon momentum,675,707788800,block06.down,0.058472804725170135,0.03772957995533943,0.0243375264108181,0.01657075062394142,0.012781336903572083,0.03453854412743512,,,0.14972528698544707,6.678898535670848
Muon momentum,675,707788800,block08.q,0.05675545334815979,0.03150487691164017,0.015192355029284954,0.006324380170553923,0.002397236181423068,0.009619067403131435,,,0.23535679614795768,4.24886817107821
Muon momentum,675,707788800,block08.k,0.055407170206308365,0.030676521360874176,0.014671878889203072,0.00607354985550046,0.0022986012045294046,0.01008237892182835,,,0.17631766193132137,5.671581559364804
Muon momentum,675,707788800,block08.v,0.036012500524520874,0.018485840409994125,0.008617164567112923,0.0035784803330898285,0.0013433737913146615,0.023162748860806676,,,0.5074455101493847,1.9706549373264026
Muon momentum,675,707788800,block08.o,0.038249701261520386,0.019700126722455025,0.009213699959218502,0.0037381486035883427,0.0013641966506838799,0.025463285567940096,,,0.5333401058599065,1.8749761906386089
Muon momentum,675,707788800,block08.up,0.05278443917632103,0.03482532128691673,0.022729355841875076,0.015497936867177486,0.011792609468102455,0.025172451328967595,,,0.19211946806525138,5.205094569907723
Muon momentum,675,707788800,block08.down,0.043420080095529556,0.02581416815519333,0.015824083238840103,0.010548094287514687,0.00802627019584179,0.05034356086862118,,,0.37642276665428653,2.6565874558762226
Muon momentum,700,734003200,block02.q,0.029771778732538223,0.015382476150989532,0.005828552879393101,0.002021003980189562,0.0006960516911931336,0.023786322510885843,,,0.5364817050720525,1.8639964616606906
Muon momentum,700,734003200,block02.k,0.027232248336076736,0.01341788750141859,0.005213448777794838,0.001862820121459663,0.0006412146613001823,0.026619973467784327,,,0.581303249987414,1.7202725084052968
Muon momentum,700,734003200,block02.v,0.02402454800903797,0.01105145551264286,0.004178913775831461,0.0014630209188908339,0.0005075957742519677,0.07401106325239165,,,0.7608104281315633,1.3143878724899323
Muon momentum,700,734003200,block02.o,0.04745205119252205,0.023730026558041573,0.01069280318915844,0.004246705677360296,0.0015727137215435505,0.04175717097367711,,,0.3310925621616576,3.020303426543738
Muon momentum,700,734003200,block02.up,0.0401785746216774,0.024859672412276268,0.013053830713033676,0.007227892521768808,0.005041401367634535,0.043695298074083046,,,0.5605784999062422,1.7838714830612517
Muon momentum,700,734003200,block02.down,0.05378018692135811,0.034844979643821716,0.022813737392425537,0.015641026198863983,0.012121195904910564,0.04830159640038316,,,0.22602085921402537,4.42437040314528
Muon momentum,700,734003200,block04.q,0.05061257630586624,0.02834523469209671,0.013305854983627796,0.00538268219679594,0.0021390849724411964,0.01446172312076694,,,0.39012976795874366,2.563249672621112
Muon momentum,700,734003200,block04.k,0.04876193776726723,0.025840649381279945,0.01181463710963726,0.004787461832165718,0.0017580963904038072,0.017341928500732826,,,0.15326064962903363,6.524832058460493
Muon momentum,700,734003200,block04.v,0.02626562863588333,0.013003428466618061,0.0058501227758824825,0.002339256927371025,0.0008786895195953548,0.05479754418960422,,,0.7139659199776851,1.4006270775939205
Muon momentum,700,734003200,block04.o,0.05859137699007988,0.03141903877258301,0.014618726447224617,0.0061547523364424706,0.002285396447405219,0.026847853098106608,,,0.18742138556646726,5.335570415177404
Muon momentum,700,734003200,block04.up,0.04591580480337143,0.029478726908564568,0.017670489847660065,0.011382900178432465,0.008481194265186787,0.03304267793525455,,,0.4777700716801725,2.0930570148174064
Muon momentum,700,734003200,block04.down,0.062087878584861755,0.04042685776948929,0.026183534413576126,0.018116699531674385,0.013866718858480453,0.03727694714137134,,,0.08513965249968525,11.745408521648557
Muon momentum,700,734003200,block06.q,0.05243024230003357,0.029145075008273125,0.013918325304985046,0.005795750301331282,0.0022331082727760077,0.013993164320876684,,,0.3535173607384081,2.8287153929619
Muon momentum,700,734003200,block06.k,0.055514752864837646,0.030607374384999275,0.014374814927577972,0.005975741893053055,0.0022573373280465603,0.013813141467387527,,,0.12524621229161514,7.984273390014103
Muon momentum,700,734003200,block06.v,0.028697984293103218,0.015027576126158237,0.006958875339478254,0.0028468503151088953,0.0010416478617116809,0.037083917085072464,,,0.6832144739024102,1.4636692256944768
Muon momentum,700,734003200,block06.o,0.06446186453104019,0.03546782210469246,0.016761695966124535,0.0069480836391448975,0.002597074955701828,0.018804785217129156,,,0.11357407027753652,8.80482664358457
Muon momentum,700,734003200,block06.up,0.052854862064123154,0.03403342515230179,0.021585818380117416,0.014396741054952145,0.010952762328088284,0.0254989107473941,,,0.33644201991637956,2.972280335995318
Muon momentum,700,734003200,block06.down,0.06193917989730835,0.038940075784921646,0.024882206693291664,0.016968853771686554,0.013155940920114517,0.033925706219049175,,,0.14082930201411248,7.100794974470513
Muon momentum,700,734003200,block08.q,0.05285746604204178,0.02959178201854229,0.014193464070558548,0.0060161263681948185,0.002215426182374358,0.010427299552233205,,,0.28784655171421036,3.474073231187616
Muon momentum,700,734003200,block08.k,0.05208195373415947,0.029122915118932724,0.013797487132251263,0.005760906729847193,0.002157536568120122,0.010967464266473857,,,0.18127472519953702,5.516488848068898
Muon momentum,700,734003200,block08.v,0.038066357374191284,0.019396986812353134,0.008958542719483376,0.0037658046931028366,0.001389466691762209,0.022424530632607992,,,0.5323851514393851,1.8783393888735367
Muon momentum,700,734003200,block08.o,0.03969111293554306,0.020587977021932602,0.009472607634961605,0.003919360693544149,0.0014319027541205287,0.024966057575125537,,,0.5600482773061799,1.7855603534930566
Muon momentum,700,734003200,block08.up,0.0543241910636425,0.03483482450246811,0.022686509415507317,0.015460008755326271,0.011819264851510525,0.025519523929137842,,,0.2503850749645977,3.993848276065941
Muon momentum,700,734003200,block08.down,0.04344753175973892,0.025150137022137642,0.015458295121788979,0.010273216292262077,0.007785470224916935,0.05228536084478065,,,0.43573442723584677,2.2949758786416417
Muon momentum,725,760217600,block02.q,0.02966136857867241,0.015623359009623528,0.00588951725512743,0.002056852914392948,0.0007099147769622505,0.023136733223935287,,,0.509242455387696,1.9637011592811542
Muon momentum,725,760217600,block02.k,0.03228051960468292,0.01606334187090397,0.006210420746356249,0.002250345190986991,0.0007887184037826955,0.02184708995131857,,,0.37535861836295226,2.664118928083468
Muon momentum,725,760217600,block02.v,0.0178825780749321,0.008649813011288643,0.0032906364649534225,0.0011326221283525229,0.0003937436849810183,0.09203992949683941,,,0.8452647524132431,1.1830612800841223
Muon momentum,725,760217600,block02.o,0.04327421262860298,0.02274348959326744,0.010260856710374355,0.004141929559409618,0.0015260650543496013,0.04247570444822365,,,0.34690139476723303,2.8826635323014163
Muon momentum,725,760217600,block02.up,0.036798134446144104,0.02333393692970276,0.012420267798006535,0.006983369588851929,0.004865141585469246,0.0443966243015205,,,0.6105224721552283,1.6379413463191004
Muon momentum,725,760217600,block02.down,0.05015132948756218,0.03385131433606148,0.0222474317997694,0.015395390801131725,0.011931264773011208,0.04762936564159383,,,0.2560899713001987,3.9048776292288334
Muon momentum,725,760217600,block04.q,0.048796284943819046,0.02723335288465023,0.013058630749583244,0.0053768460638821125,0.0019738415721803904,0.01455544634981169,,,0.45276299426436495,2.2086610713951313
Muon momentum,725,760217600,block04.k,0.04468246176838875,0.024797210469841957,0.01139818038791418,0.004671059083193541,0.001774417469277978,0.017648483080686336,,,0.20674135141122463,4.836961706857194
Muon momentum,725,760217600,block04.v,0.020734554156661034,0.01057301927357912,0.004815064836293459,0.0019392813555896282,0.0007276691612787545,0.0647434151772337,,,0.7993506656896763,1.2510154090347874
Muon momentum,725,760217600,block04.o,0.05784288048744202,0.03135605901479721,0.014734093099832535,0.006239712703973055,0.0023411628790199757,0.02593699357181719,,,0.22515686858368156,4.441347964600694
Muon momentum,725,760217600,block04.up,0.0434940829873085,0.028453953564167023,0.017261020839214325,0.011174391023814678,0.008420675992965698,0.032931345485185226,,,0.5200151717701864,1.923020816096374
Muon momentum,725,760217600,block04.down,0.05930623784661293,0.03938308358192444,0.02600673772394657,0.018005255609750748,0.013935819268226624,0.03643658392445701,,,0.120100281645378,8.326375145003539
Muon momentum,725,760217600,block06.q,0.054848797619342804,0.03039502166211605,0.014580737799406052,0.006115700118243694,0.0023188660852611065,0.013265352831684101,,,0.34670426667648613,2.8843025486418714
Muon momentum,725,760217600,block06.k,0.05619565770030022,0.031159300357103348,0.01493236143141985,0.006187411956489086,0.002361091785132885,0.01323115192665668,,,0.10701681856632206,9.344325624670528
Muon momentum,725,760217600,block06.v,0.023999610915780067,0.012748707085847855,0.006003540009260178,0.002470823237672448,0.0009240144281648099,0.041930586592831616,,,0.74071340032107,1.3500498297540444
Muon momentum,725,760217600,block06.o,0.06367647647857666,0.03611215576529503,0.01733301766216755,0.007158151362091303,0.002658165292814374,0.01785032800374013,,,0.13643281983974376,7.3296146863681075
Muon momentum,725,760217600,block06.up,0.050538621842861176,0.03333822265267372,0.021498672664165497,0.014387623406946659,0.011033190414309502,0.025067212471125016,,,0.37942390637931567,2.63557457289021
Muon momentum,725,760217600,block06.down,0.059745606034994125,0.03857852518558502,0.025075875222682953,0.017336945980787277,0.013364757411181927,0.032668123742657505,,,0.1531544734644399,6.529355476072232
Muon momentum,725,760217600,block08.q,0.05758725851774216,0.03201537951827049,0.015535450540482998,0.0065194470807909966,0.0024807865265756845,0.009535085275711978,,,0.26180453526209035,3.8196435329086573
Muon momentum,725,760217600,block08.k,0.05068768933415413,0.028716273605823517,0.013859768398106098,0.005855165887624025,0.0022085870150476694,0.01078397742334594,,,0.25165168157503004,3.973746544196446
Muon momentum,725,760217600,block08.v,0.034331485629081726,0.01816098764538765,0.00848628394305706,0.003532040398567915,0.0013349190121516585,0.02320326387049615,,,0.5967681885005085,1.6756925373530493
Muon momentum,725,760217600,block08.o,0.04053117334842682,0.021462805569171906,0.010050688870251179,0.0041303252801299095,0.0015833171783015132,0.023344619217163395,,,0.5649470420490275,1.7700774153504066
Muon momentum,725,760217600,block08.up,0.05225992947816849,0.03457317501306534,0.02282877266407013,0.015622591599822044,0.012006498873233795,0.024988112182338908,,,0.2899384188278873,3.4490082550723233
Muon momentum,725,760217600,block08.down,0.04179708659648895,0.025338273495435715,0.015662197023630142,0.01053845789283514,0.008042946457862854,0.05030819450980411,,,0.4158102493687501,2.4049431237400234
Muon momentum,750,786432000,block02.q,0.03214498981833458,0.01661093719303608,0.006434226408600807,0.0022320556454360485,0.000781253504101187,0.021001308413468145,,,0.5010540404269683,1.9957927076046722
Muon momentum,750,786432000,block02.k,0.03491529822349548,0.017972005531191826,0.006942098494619131,0.0024742321111261845,0.0008452362380921841,0.019495050541242412,,,0.30536230939220843,3.2747983927367947
Muon momentum,750,786432000,block02.v,0.018546156585216522,0.008922234177589417,0.003416352206841111,0.0011961078271269798,0.0004126139101572335,0.08652273602409048,,,0.8396607412922528,1.1909571935696104
Muon momentum,750,786432000,block02.o,0.0430569052696228,0.0223031397908926,0.010272592306137085,0.004116398748010397,0.0014738510362803936,0.04205081124234086,,,0.36580861808568343,2.733669876978595
Muon momentum,750,786432000,block02.up,0.034223150461912155,0.02178063988685608,0.01154746301472187,0.006542164832353592,0.004499831236898899,0.046862515550710984,,,0.6447947898846564,1.5508810177868901
Muon momentum,750,786432000,block02.down,0.0476553700864315,0.031702782958745956,0.02090429700911045,0.014502076432108879,0.01127156987786293,0.04977009683609838,,,0.3331488257003947,3.0016614883683053
Muon momentum,750,786432000,block04.q,0.046675145626068115,0.026372624561190605,0.012547376565635204,0.005162547342479229,0.001936407177709043,0.014944707505145472,,,0.5042698534968082,1.9830652042068375
Muon momentum,750,786432000,block04.k,0.04350774362683296,0.023772237822413445,0.01107661984860897,0.004542965907603502,0.0016961973160505295,0.017998384594930257,,,0.18800496147282875,5.319008563210307
Muon momentum,750,786432000,block04.v,0.019590582698583603,0.009896323084831238,0.004444101359695196,0.0018093696562573314,0.0006937744910828769,0.0687884199591126,,,0.800620759693377,1.249030815017814
Muon momentum,750,786432000,block04.o,0.05666673555970192,0.030758053064346313,0.014732817187905312,0.006182106677442789,0.0023182753939181566,0.02595050032194236,,,0.27967181435178645,3.5756195250413954
Muon momentum,750,786432000,block04.up,0.040707509964704514,0.0266401506960392,0.01624552719295025,0.010569549165666103,0.008000577799975872,0.03458243457503773,,,0.5656604032840598,1.7678451491288605
Muon momentum,750,786432000,block04.down,0.0587758906185627,0.03907749429345131,0.02574765868484974,0.017888519912958145,0.013869774527847767,0.03624472695829951,,,0.12007035256012788,8.328450601485724
Muon momentum,750,786432000,block06.q,0.04871741309762001,0.027620404958724976,0.013433000072836876,0.005558819510042667,0.002087243366986513,0.014390321756786706,,,0.4433136565336646,2.255739215929301
Muon momentum,750,786432000,block06.k,0.054601822048425674,0.03010265715420246,0.014413210563361645,0.006009586155414581,0.0022728722542524338,0.013652103465639736,,,0.1485414047978475,6.732129680346816
Muon momentum,750,786432000,block06.v,0.023155542090535164,0.012079361826181412,0.005708310287445784,0.002326056594029069,0.0008725562365725636,0.04329254465503627,,,0.7761626492881,1.288389747841132
Muon momentum,750,786432000,block06.o,0.0634317696094513,0.03617827594280243,0.017462555319070816,0.007244663313031197,0.0026964156422764063,0.017396100076428077,,,0.14804981513840687,6.754483273519343
Muon momentum,750,786432000,block06.up,0.050521403551101685,0.03357246518135071,0.02159986086189747,0.014517894014716148,0.011152914725244045,0.02473816200962894,,,0.3711196300078292,2.6945489247736742
Muon momentum,750,786432000,block06.down,0.05903879180550575,0.038562241941690445,0.025113457813858986,0.01729261316359043,0.013454155996441841,0.032525066566290305,,,0.18514026285541352,5.40131025297807
Muon momentum,750,786432000,block08.q,0.05434480682015419,0.030639560893177986,0.01492038369178772,0.006310781929641962,0.00235852156765759,0.009953936503786053,,,0.30285548037881327,3.301904917649813
Muon momentum,750,786432000,block08.k,0.05444490537047386,0.030217058956623077,0.014803631231188774,0.006278641056269407,0.0023968040477484465,0.010155819270195144,,,0.1632042844814805,6.127290120949455
Muon momentum,750,786432000,block08.v,0.03249788656830788,0.017159713432192802,0.008116936311125755,0.003351150779053569,0.0012641178909689188,0.02407043395753076,,,0.6626939303855615,1.508992242343597
Muon momentum,750,786432000,block08.o,0.03529038652777672,0.01888536848127842,0.008888883516192436,0.003712354227900505,0.0013900722842663527,0.025958409684202086,,,0.6800355137786482,1.4705114361505247
Muon momentum,750,786432000,block08.up,0.04958217591047287,0.0329868420958519,0.021764341741800308,0.014979382045567036,0.011514028534293175,0.026088508740584136,,,0.3874906694905498,2.580707301455134
Muon momentum,750,786432000,block08.down,0.03427925333380699,0.02083260752260685,0.012875368818640709,0.008689474314451218,0.006585216615349054,0.06119647490888837,,,0.671929982907443,1.4882503020225368
Muon momentum,775,812646400,block02.q,0.032257385551929474,0.016949312761425972,0.006573452614247799,0.002288188086822629,0.0007894543814472854,0.02064950778832609,,,0.42881541580777593,2.3320057141981754
Muon momentum,775,812646400,block02.k,0.03471730649471283,0.017596198245882988,0.006937935948371887,0.0024546601343899965,0.0008256699657067657,0.01971258332226753,,,0.3393407400431592,2.9468904908759694
Muon momentum,775,812646400,block02.v,0.019550852477550507,0.009406744502484798,0.0035782719496637583,0.001246234867721796,0.0004362954932730645,0.08244910065248859,,,0.7985534274035366,1.2522643641408673
Muon momentum,775,812646400,block02.o,0.04279569163918495,0.02227531000971794,0.01009704452008009,0.004121368285268545,0.0015101213939487934,0.042317428035173396,,,0.3800303851060107,2.6313685410208625
Muon momentum,775,812646400,block02.up,0.03647216409444809,0.023127101361751556,0.012209897860884666,0.006890258751809597,0.004807579796761274,0.044233737641348136,,,0.6110683324011603,1.6364781923333411
Muon momentum,775,812646400,block02.down,0.049467556178569794,0.03313365951180458,0.022018710151314735,0.015185492113232613,0.011796449311077595,0.04740359668752154,,,0.2832625759822349,3.530293391325778
Muon momentum,775,812646400,block04.q,0.04855119064450264,0.027452554553747177,0.01316093374043703,0.005525073502212763,0.0020533334463834763,0.014254242103773887,,,0.4456079988961079,2.244124886620688
Muon momentum,775,812646400,block04.k,0.04782019555568695,0.026022279635071754,0.012163749895989895,0.004964224062860012,0.001800273428671062,0.016468084471798383,,,0.14447540728583252,6.921593223278364
Muon momentum,775,812646400,block04.v,0.020301438868045807,0.010339487344026566,0.004736446775496006,0.0019194057676941156,0.0007251834031194448,0.06499417259970211,,,0.7751094111282022,1.2901404442302677
Muon momentum,775,812646400,block04.o,0.05709875002503395,0.0305606871843338,0.014689018949866295,0.006182636599987745,0.0024135701823979616,0.025926697783307345,,,0.2325574788851279,4.300012215448687
Muon momentum,775,812646400,block04.up,0.04289324954152107,0.02822595275938511,0.017219288274645805,0.01119715441018343,0.008419889956712723,0.032824508967868496,,,0.5120423482090963,1.952963467763105
Muon momentum,775,812646400,block04.down,0.05998630449175835,0.0395551435649395,0.026054413989186287,0.01809927262365818,0.014110609889030457,0.035729935563660525,,,0.11532635632251242,8.671044780114967
Muon momentum,775,812646400,block06.q,0.0495801605284214,0.02771778032183647,0.013424906879663467,0.005623584613204002,0.002047276822850108,0.014411110340610041,,,0.43625362282742586,2.292244574426336
Muon momentum,775,812646400,block06.k,0.05561092495918274,0.03165321797132492,0.014757044613361359,0.006168560590595007,0.0023373409640043974,0.013326909468132551,,,0.10587468341788053,9.445128596541485
Muon momentum,775,812646400,block06.v,0.024343345314264297,0.012767909094691277,0.006003530230373144,0.0025045990478247404,0.0009393042419105768,0.041223570980598354,,,0.7483346328599261,1.3363005747552792
Muon momentum,775,812646400,block06.o,0.06474004685878754,0.03611837327480316,0.01720583066344261,0.007215822581201792,0.0026280139572918415,0.017600352362513,,,0.12380467431738484,8.07723945411307
Muon momentum,775,812646400,block06.up,0.05057479813694954,0.03339151665568352,0.021313710138201714,0.01433607004582882,0.010959628969430923,0.025171546017007326,,,0.3732254458821025,2.679345717268935
Muon momentum,775,812646400,block06.down,0.06078046187758446,0.03937952592968941,0.025430647656321526,0.017643462866544724,0.013579818420112133,0.03237611028413126,,,0.145945311991583,6.851881614790561
Muon momentum,775,812646400,block08.q,0.05536550655961037,0.03108130767941475,0.015160106122493744,0.006400301121175289,0.0024059293791651726,0.009947967786896992,,,0.2841831002526227,3.518858085195976
Muon momentum,775,812646400,block08.k,0.05648590996861458,0.03143400326371193,0.015337327495217323,0.006469469051808119,0.0024139885790646076,0.010015839476468093,,,0.17255904044028458,5.795117992360753
Muon momentum,775,812646400,block08.v,0.03710094466805458,0.018797950819134712,0.008907708339393139,0.0036567843053489923,0.001377519336529076,0.022173388712374262,,,0.5843620435925914,1.7112678877158307
Muon momentum,775,812646400,block08.o,0.040447741746902466,0.02126055583357811,0.010060250759124756,0.004132212605327368,0.001524347229860723,0.023265698921289654,,,0.5707662284172024,1.7520307793492096
Muon momentum,775,812646400,block08.up,0.05433191731572151,0.03584793582558632,0.02356714941561222,0.01616668328642845,0.012411312200129032,0.024346422430180932,,,0.2617041460895031,3.8211087403177744
Muon momentum,775,812646400,block08.down,0.04465651884675026,0.026611916720867157,0.016434242948889732,0.011033866554498672,0.008411174640059471,0.048257439409986974,,,0.4065782317633335,2.459551254534683
Muon momentum,800,838860800,block02.q,0.03166438639163971,0.016616184264421463,0.006435694172978401,0.0022483805660158396,0.0007971185841597617,0.020663165500281598,,,0.4201083472813174,2.3803383257471182
Muon momentum,800,838860800,block02.k,0.03276564180850983,0.01661239005625248,0.006475724745541811,0.002344756154343486,0.0008150605717673898,0.020274521975069553,,,0.32588892982636253,3.0685301293689595
Muon momentum,800,838860800,block02.v,0.020169002935290337,0.009651643224060535,0.0037232553586363792,0.0013044684892520308,0.0004479571070987731,0.07818099527207968,,,0.8015608642498506,1.2475658987366616
Muon momentum,800,838860800,block02.o,0.042105693370103836,0.02233252488076687,0.010212083347141743,0.004130421672016382,0.0015483323950320482,0.041588484661782374,,,0.4179326450049672,2.39273005339919
Muon momentum,800,838860800,block02.up,0.03579106554389,0.023047685623168945,0.01231155265122652,0.007020008750259876,0.004850943107157946,0.042745569741169234,,,0.6164727704623516,1.6221316624414812
Muon momentum,800,838860800,block02.down,0.05029144138097763,0.03385161980986595,0.022476859390735626,0.015693198889493942,0.012181593105196953,0.04493567258440413,,,0.2876371294235902,3.476602627776003
Muon momentum,800,838860800,block04.q,0.047699689865112305,0.02681158110499382,0.012903275899589062,0.005449462682008743,0.0020482237450778484,0.014214974609918938,,,0.46561638082727086,2.147690762561399
Muon momentum,800,838860800,block04.k,0.04680423066020012,0.02554842084646225,0.011964584700763226,0.004858403466641903,0.0018155724974349141,0.016514306234225895,,,0.15032833810096324,6.652105734903966
Muon momentum,800,838860800,block04.v,0.021453946828842163,0.011141519993543625,0.005090740974992514,0.0020419424399733543,0.0007728218333795667,0.059598197614930355,,,0.7603910320597151,1.3151128272663108
Muon momentum,800,838860800,block04.o,0.05859147384762764,0.03130588307976723,0.014865423552691936,0.0062460401095449924,0.002379725221544504,0.02481831053250595,,,0.21899035504431197,4.566411154489673
Muon momentum,800,838860800,block04.up,0.041300032287836075,0.026894982904195786,0.01654008962213993,0.010775173082947731,0.008100593462586403,0.033490333840366114,,,0.556621286158677,1.79655364404251
Muon momentum,800,838860800,block04.down,0.05916229262948036,0.03929876163601875,0.025951452553272247,0.018133265897631645,0.014199421741068363,0.03502041683119753,,,0.11834035492516737,8.450202812323411
Muon momentum,800,838860800,block06.q,0.050625428557395935,0.028330445289611816,0.013770862482488155,0.005746198818087578,0.002189920051023364,0.013897146735873951,,,0.3877879226711798,2.5787290978835826
Muon momentum,800,838860800,block06.k,0.05485651642084122,0.03102743998169899,0.014719837345182896,0.00613276194781065,0.0023636019323021173,0.013225275803431389,,,0.12934729785293886,7.731124009540175
Muon momentum,800,838860800,block06.v,0.024345815181732178,0.01272806990891695,0.00601339852437377,0.0025075767189264297,0.0009180956985801458,0.04001422617185709,,,0.7502994972015244,1.3328011063979268
Muon momentum,800,838860800,block06.o,0.06367433816194534,0.03637794777750969,0.017786597833037376,0.007286767940968275,0.0028022294864058495,0.017048336677257844,,,0.15646827657909146,6.391071863659985
Muon momentum,800,838860800,block06.up,0.04995936527848244,0.03277477249503136,0.021075589582324028,0.01417969074100256,0.010890713892877102,0.024940084079949465,,,0.4021439148121466,2.4866719678380056
Muon momentum,800,838860800,block06.down,0.05922864377498627,0.03867027536034584,0.02528333105146885,0.017376014962792397,0.01351204700767994,0.03192040843601619,,,0.19054089912359373,5.248217073602414
Muon momentum,800,838860800,block08.q,0.052862294018268585,0.02951345220208168,0.014422839507460594,0.006057337857782841,0.002305346541106701,0.010351909440186257,,,0.3188803764405215,3.1359722136633987
Muon momentum,800,838860800,block08.k,0.05341443791985512,0.030330589041113853,0.014598247595131397,0.006198498420417309,0.002313460921868682,0.010277410612480534,,,0.1869757807150485,5.348286265609994
Muon momentum,800,838860800,block08.v,0.033551424741744995,0.01750657707452774,0.008440625853836536,0.0035030145663768053,0.0013350051594898105,0.023019855412180032,,,0.6470804036217146,1.5454030046389775
Muon momentum,800,838860800,block08.o,0.031961411237716675,0.017429454252123833,0.00823537353426218,0.003394781844690442,0.0013175439089536667,0.028023554518190743,,,0.7393054114964457,1.3526209661794253
Muon momentum,800,838860800,block08.up,0.04418935626745224,0.029269376769661903,0.01941606216132641,0.013387681916356087,0.01031554862856865,0.029031272069732758,,,0.5171737317155589,1.9335862180834649
Muon momentum,800,838860800,block08.down,0.030236124992370605,0.018337668851017952,0.01143177505582571,0.007725479546934366,0.0059241740964353085,0.06802670725361847,,,0.7416332637810719,1.3483753343285818
Muon momentum,825,865075200,block02.q,0.033033765852451324,0.017178580164909363,0.006714076269418001,0.002332615200430155,0.0008044008864089847,0.02017272659908208,,,0.36936303119445313,2.7073635300375924
Muon momentum,825,865075200,block02.k,0.033018190413713455,0.016805140301585197,0.006620201747864485,0.002359252655878663,0.0008087297901511192,0.02055438381246949,,,0.3019619630218564,3.3116753845172835
Muon momentum,825,865075200,block02.v,0.01823626086115837,0.008901601657271385,0.0034560211934149265,0.001214385381899774,0.00042081589344888926,0.08538055667608134,,,0.8142376891892447,1.2281426090650793
Muon momentum,825,865075200,block02.o,0.04114535078406334,0.021748768165707588,0.00988270714879036,0.004056617617607117,0.001516762189567089,0.04304295612597463,,,0.3846914133939663,2.599486147032583
Muon momentum,825,865075200,block02.up,0.0348767451941967,0.02225649356842041,0.011929627507925034,0.006711803376674652,0.004697725642472506,0.044956604792776446,,,0.6279486796786138,1.5924868263307812
Muon momentum,825,865075200,block02.down,0.04930513724684715,0.033040426671504974,0.02188524231314659,0.015149225480854511,0.01187099702656269,0.046667110251832594,,,0.3034260411379961,3.295696032711994
Muon momentum,825,865075200,block04.q,0.046277470886707306,0.026291584596037865,0.012589112855494022,0.005193563178181648,0.0019805675838142633,0.014882560770936522,,,0.48224104598873296,2.073651772942123
Muon momentum,825,865075200,block04.k,0.04257696494460106,0.023288313299417496,0.010907373391091824,0.0044064647518098354,0.0016912015853449702,0.01843396139129028,,,0.24848889862136847,4.024324650107352
Muon momentum,825,865075200,block04.v,0.02048872783780098,0.010326841846108437,0.00465794000774622,0.0019180371891707182,0.0007104728720150888,0.06555137914678998,,,0.8046078502811724,1.2428414657532203
Muon momentum,825,865075200,block04.o,0.05728781968355179,0.03131280094385147,0.014875891618430614,0.006216475274413824,0.002396524650976062,0.02536172012762927,,,0.24015275877829723,4.164016291493757
Muon momentum,825,865075200,block04.up,0.041112471371889114,0.026808995753526688,0.016469275578856468,0.010698375292122364,0.008037328720092773,0.03409611496778032,,,0.5573615897520199,1.7941674101455716
Muon momentum,825,865075200,block04.down,0.05869369953870773,0.03942399471998215,0.026025529950857162,0.018142249435186386,0.014121676795184612,0.03540587162378676,,,0.1063605454190375,9.40198262485602
Muon momentum,825,865075200,block06.q,0.050259727984666824,0.027810676023364067,0.013449464924633503,0.005641816183924675,0.0021333422046154737,0.014435384337585466,,,0.42265666029430804,2.3659866126412656
Muon momentum,825,865075200,block06.k,0.05412672832608223,0.030873162671923637,0.014704903587698936,0.006171587388962507,0.0023198171984404325,0.013703117370198714,,,0.1242503191880795,8.048269063086153
Muon momentum,825,865075200,block06.v,0.02386525087058544,0.012770885601639748,0.005997891072183847,0.0025141839869320393,0.0009565810905769467,0.04087744195491289,,,0.7562916517994758,1.3222412248246544
Muon momentum,825,865075200,block06.o,0.06531453132629395,0.03670570254325867,0.017754383385181427,0.007401776034384966,0.0027985586784780025,0.01727043699803811,,,0.11245321088268057,8.892587345000521
Muon momentum,825,865075200,block06.up,0.05101057514548302,0.03388070687651634,0.021649053320288658,0.014525284990668297,0.01112964004278183,0.02458076867125389,,,0.37137254222105653,2.692713882451649
Muon momentum,825,865075200,block06.down,0.06051476299762726,0.03971049189567566,0.02579950913786888,0.017780426889657974,0.013782736845314503,0.03158184447325164,,,0.16349228079509093,6.116496724718922
Muon momentum,825,865075200,block08.q,0.05609344318509102,0.031409673392772675,0.015326477587223053,0.006493025459349155,0.002442793222144246,0.0099619972796473,,,0.2635510593188748,3.7943311728073286
Muon momentum,825,865075200,block08.k,0.05459977686405182,0.0307175200432539,0.014953671023249626,0.006221646908670664,0.0023961574770510197,0.01042787906851507,,,0.13248364983157046,7.548101228123796
Muon momentum,825,865075200,block08.v,0.035520002245903015,0.01844366453588009,0.00872822292149067,0.003629864426329732,0.001319470931775868,0.022316277493721223,,,0.6079788141846763,1.6447941551072627
Muon momentum,825,865075200,block08.o,0.04150285944342613,0.02197231352329254,0.010323889553546906,0.004277057014405727,0.0016176003264263272,0.02246076404812919,,,0.5621983813364437,1.7787315531268968
Muon momentum,825,865075200,block08.up,0.05648316815495491,0.03749185800552368,0.0246429480612278,0.017026463523507118,0.013138823211193085,0.023105506687613922,,,0.19877051631206033,5.030927214728603
Muon momentum,825,865075200,block08.down,0.043869730085134506,0.026615390554070473,0.016419626772403717,0.011074633337557316,0.008425340987741947,0.04786923789048063,,,0.41953592101471315,2.383586124356989
Muon momentum,850,891289600,block02.q,0.02895062230527401,0.01519271545112133,0.005946329329162836,0.002062310930341482,0.0007172183250077069,0.02266773579015025,,,0.4407346633751139,2.2689388493795177
Muon momentum,850,891289600,block02.k,0.03066830523312092,0.015599116683006287,0.006130744703114033,0.0021985643543303013,0.0007414690917357802,0.021960593538804397,,,0.31495335975529315,3.175073289508523
Muon momentum,850,891289600,block02.v,0.017684083431959152,0.008508751168847084,0.0032782331109046936,0.0011322011705487967,0.00040518908645026386,0.0896202384452475,,,0.8416763530777303,1.1881051384458323
Muon momentum,850,891289600,block02.o,0.04216526821255684,0.022047946229577065,0.010070697404444218,0.004102046601474285,0.001547069987282157,0.0421438724751429,,,0.31610812567055646,3.1634745164450035
Muon momentum,850,891289600,block02.up,0.033285629004240036,0.02120864950120449,0.011293879710137844,0.0063499221578240395,0.0044541493989527225,0.04700425732111349,,,0.6228065472664959,1.6056350152210344
Muon momentum,850,891289600,block02.down,0.05031558498740196,0.033392179757356644,0.022204674780368805,0.015376171097159386,0.011984771117568016,0.045742912254286124,,,0.2790586197812104,3.583476478110683
Muon momentum,850,891289600,block04.q,0.04554065689444542,0.02579483762383461,0.012463211081922054,0.005157167557626963,0.0019800716545432806,0.014894405860325664,,,0.4973490973542347,2.0106601285087975
Muon momentum,850,891289600,block04.k,0.04501346871256828,0.024906514212489128,0.011647309176623821,0.004798158537596464,0.0018094037659466267,0.01700144480857632,,,0.1849180757410105,5.407800162275988
Muon momentum,850,891289600,block04.v,0.01971007138490677,0.009824562817811966,0.004449200816452503,0.0018342938274145126,0.0006827502511441708,0.06786618093110444,,,0.8131602080547431,1.2297699642635225
Muon momentum,850,891289600,block04.o,0.057758308947086334,0.030806967988610268,0.014564665965735912,0.006160389166325331,0.0023376510944217443,0.025442770304011767,,,0.21073694403192267,4.745252450128151
Muon momentum,850,891289600,block04.up,0.04053502529859543,0.02634718269109726,0.016147760674357414,0.010463656857609749,0.007899871096014977,0.03440847546178647,,,0.5659279737387557,1.7670093128522768
Muon momentum,850,891289600,block04.down,0.05942744016647339,0.039008308202028275,0.02585023082792759,0.017873195931315422,0.01393034216016531,0.035303607447281865,,,0.13109271683959278,7.628188843043176
Muon momentum,850,891289600,block06.q,0.05155468359589577,0.029314912855625153,0.014161103405058384,0.005991015583276749,0.002279415028169751,0.013632850952959272,,,0.3941586447544445,2.537049518787001
Muon momentum,850,891289600,block06.k,0.05735934525728226,0.03180747851729393,0.01511540450155735,0.006320882588624954,0.0023972410708665848,0.013047178152428176,,,0.09492275440445841,10.534881823372702
Muon momentum,850,891289600,block06.v,0.023128731176257133,0.012234930880367756,0.005790442693978548,0.002412513131275773,0.0008795972098596394,0.04198039847160299,,,0.7647051744365605,1.307693518272328
Muon momentum,850,891289600,block06.o,0.06396699696779251,0.03587251529097557,0.01717708446085453,0.007189691066741943,0.0027242836076766253,0.01743987704630993,,,0.1331667950797879,7.509379492093673
Muon momentum,850,891289600,block06.up,0.05045415461063385,0.03315896913409233,0.021124716848134995,0.01428541261702776,0.010913860984146595,0.024834424316825327,,,0.38220588259116894,2.616390917953667
Muon momentum,850,891289600,block06.down,0.06120520830154419,0.03953764587640762,0.02562866173684597,0.017684342339634895,0.013702736236155033,0.03135220056960631,,,0.15114902930604135,6.615986914313782
Muon momentum,850,891289600,block08.q,0.055487342178821564,0.030935823917388916,0.015202689915895462,0.006443774327635765,0.00241972878575325,0.009936577847424105,,,0.3141599447809007,3.1830919778694677
Muon momentum,850,891289600,block08.k,0.056335482746362686,0.032257359474897385,0.01573486439883709,0.006679140031337738,0.0024846605956554413,0.009854987941751341,,,0.12878316332900397,7.764990190878348
Muon momentum,850,891289600,block08.v,0.03274160251021385,0.017402177676558495,0.008249092847108841,0.003481753636151552,0.001346035860478878,0.023205394243787928,,,0.6309893156175264,1.5848128886641073
Muon momentum,850,891289600,block08.o,0.03852245956659317,0.020814500749111176,0.009791717864573002,0.004060022067278624,0.0015283373650163412,0.023462224630085723,,,0.5797015267883445,1.7250256447316743
Muon momentum,850,891289600,block08.up,0.05266185104846954,0.03457311540842056,0.02278677001595497,0.01566409319639206,0.012087184004485607,0.02487010718437894,,,0.3164123520549289,3.160432876610332
Muon momentum,850,891289600,block08.down,0.04264279827475548,0.02584232948720455,0.015950709581375122,0.010848484002053738,0.008284642361104488,0.048732259887986226,,,0.43917420959191134,2.2770007394769793
Muon momentum,875,917504000,block02.q,0.032973844558000565,0.017204327508807182,0.006732120644301176,0.0023714180570095778,0.0008235315326601267,0.019771266941338895,,,0.3600619724239209,2.777299677797256
Muon momentum,875,917504000,block02.k,0.03222702816128731,0.016368355602025986,0.006503245327621698,0.002258624415844679,0.0007936699548736215,0.020534416409857127,,,0.37975353095680475,2.6332869044837017
Muon momentum,875,917504000,block02.v,0.016589105129241943,0.008056912571191788,0.0031198698561638594,0.0010859337635338306,0.00038547723670490086,0.09285075785139837,,,0.8498794512939298,1.1766374613217365
Muon momentum,875,917504000,block02.o,0.039812248200178146,0.021394338458776474,0.0099029541015625,0.003985820338129997,0.0015024973545223475,0.04286751291756092,,,0.3527566045741004,2.834815810769431
Muon momentum,875,917504000,block02.up,0.03373033553361893,0.02171749621629715,0.011642600409686565,0.006644222419708967,0.0046613444574177265,0.044488827806942924,,,0.6504499698643862,1.5373972577913906
Muon momentum,875,917504000,block02.down,0.04724988713860512,0.03185296431183815,0.021231168881058693,0.014699609950184822,0.011476832441985607,0.04689367327352487,,,0.3656368953311393,2.734953755403566
Muon momentum,875,917504000,block04.q,0.04599658399820328,0.026490960270166397,0.012619524262845516,0.005318579263985157,0.0019485355587676167,0.014371080360001502,,,0.4930632370808361,2.028137416856437
Muon momentum,875,917504000,block04.k,0.04661526530981064,0.025474920868873596,0.012172618880867958,0.005040304735302925,0.0018725247355177999,0.016165291400937212,,,0.1822642461306181,5.48653957772584
Muon momentum,875,917504000,block04.v,0.019313372671604156,0.009984411299228668,0.004537409171462059,0.0018597713205963373,0.0006957012810744345,0.0657749930666224,,,0.8099013620843643,1.2347182593030803
Muon momentum,875,917504000,block04.o,0.055477630347013474,0.030713483691215515,0.014488532207906246,0.006127100437879562,0.002268699463456869,0.02532825631722075,,,0.28237654770782683,3.5413705851900046
Muon momentum,875,917504000,block04.up,0.039890289306640625,0.025862278416752815,0.015887200832366943,0.010421166196465492,0.007913464680314064,0.03423449175272294,,,0.5825823980160294,1.7164953891595016
Muon momentum,875,917504000,block04.down,0.0578383207321167,0.03882855921983719,0.025694355368614197,0.01791493222117424,0.014022265560925007,0.03482806674348725,,,0.14633111905031004,6.833816391824287
Muon momentum,875,917504000,block06.q,0.04612550884485245,0.026203857734799385,0.01274429727345705,0.005335790570825338,0.001966941636055708,0.015239229696292855,,,0.5123081007528896,1.9519503957294388
Muon momentum,875,917504000,block06.k,0.05609625205397606,0.031071627512574196,0.014689949341118336,0.006210176274180412,0.002338466700166464,0.01335651558780355,,,0.12106327909084147,8.260143021978088
Muon momentum,875,917504000,block06.v,0.022840112447738647,0.012261033058166504,0.005755092017352581,0.002386312698945403,0.0008794729947112501,0.04117007870048857,,,0.7746780126183239,1.2908588906765448
Muon momentum,875,917504000,block06.o,0.06344646960496902,0.036834895610809326,0.01778048276901245,0.007345191203057766,0.0026900486554950476,0.016927413460347315,,,0.14512156576885005,6.8907746047393275
Muon momentum,875,917504000,block06.up,0.04936639964580536,0.03267764672636986,0.021127181127667427,0.01432119682431221,0.010879025794565678,0.02463485167045758,,,0.40259580550059937,2.483880821253393
Muon momentum,875,917504000,block06.down,0.059795036911964417,0.03917107731103897,0.02576470747590065,0.017830045893788338,0.013807401992380619,0.030780925128231915,,,0.1661479036641964,6.0187337784358235
Muon momentum,875,917504000,block08.q,0.055322691798210144,0.031069431453943253,0.015104743652045727,0.006428445689380169,0.0024102062452584505,0.010010197607352965,,,0.2964895248551933,3.3728004403811704
Muon momentum,875,917504000,block08.k,0.0564403161406517,0.03134766221046448,0.0154209453612566,0.006574446335434914,0.0024883009027689695,0.010007108530157618,,,0.1831599467697096,5.459708946396008
Muon momentum,875,917504000,block08.v,0.03304276242852211,0.01719549484550953,0.008185673505067825,0.003443207824602723,0.0012739328667521477,0.022804987483518776,,,0.6619608722909085,1.5106633063359298
Muon momentum,875,917504000,block08.o,0.04014880210161209,0.02159566432237625,0.010316614992916584,0.004297550301998854,0.0016328406054526567,0.02194198025152055,,,0.5898094534588303,1.6954628213157348
Muon momentum,875,917504000,block08.up,0.05454641580581665,0.03641896694898605,0.024061545729637146,0.016635237261652946,0.012795524671673775,0.023296734929740992,,,0.2115086328928193,4.727939405228645
Muon momentum,875,917504000,block08.down,0.04407032951712608,0.026656579226255417,0.016800491139292717,0.011354628950357437,0.008652475662529469,0.04611359146496849,,,0.38000334182675033,2.6315558047274124
Muon momentum,900,943718400,block02.q,0.03057248704135418,0.015686575323343277,0.0062451232224702835,0.002176570240408182,0.0007286967593245208,0.02100856232184492,,,0.46730758625039925,2.139918181135981
Muon momentum,900,943718400,block02.k,0.03269456326961517,0.016598781570792198,0.006571426056325436,0.00232861191034317,0.0008186417398974299,0.019964912096395213,,,0.38453911666471186,2.600515673602907
Muon momentum,900,943718400,block02.v,0.019192801788449287,0.009421433322131634,0.0036600318271666765,0.001274907379411161,0.00045189113006927073,0.07801357991307653,,,0.8312219060837975,1.203048178447775
Muon momentum,900,943718400,block02.o,0.04341168329119682,0.023001983761787415,0.010630320757627487,0.0043391454964876175,0.0016445909859612584,0.038586603390377804,,,0.3805496850045529,2.62777776307458
Muon momentum,900,943718400,block02.up,0.034343838691711426,0.022269446402788162,0.011914944276213646,0.006779426708817482,0.0047455537132918835,0.0429012541672929,,,0.6382974137596307,1.5666677922285597
Muon momentum,900,943718400,block02.down,0.05154716223478317,0.034677568823099136,0.023094385862350464,0.01599350944161415,0.012527446262538433,0.042214384733587566,,,0.25056244739659306,3.9910210424197716
Muon momentum,900,943718400,block04.q,0.04305434226989746,0.024945294484496117,0.012073458172380924,0.005092577543109655,0.001949740806594491,0.01484439716014519,,,0.5509307643535521,1.8151101094769577
Muon momentum,900,943718400,block04.k,0.04396691918373108,0.02455969899892807,0.011649824678897858,0.004804923664778471,0.001778956619091332,0.016530861949143147,,,0.2538123727721917,3.939918251729777
Muon momentum,900,943718400,block04.v,0.02112133614718914,0.010928371921181679,0.004950014408677816,0.002012987621128559,0.0007434862782247365,0.058759331640826404,,,0.7948827731254369,1.258047140797948
Muon momentum,900,943718400,block04.o,0.058976851403713226,0.031804557889699936,0.015179568901658058,0.0064782449044287205,0.0024483087472617626,0.02363029092611102,,,0.21533282771612505,4.6439737526611955
Muon momentum,900,943718400,block04.up,0.04090549051761627,0.026645777747035027,0.016499660909175873,0.010771805420517921,0.008127929642796516,0.03250498947314182,,,0.5713250166748054,1.7503171939155497
Muon momentum,900,943718400,block04.down,0.05909641459584236,0.039663754403591156,0.02631041593849659,0.018353590741753578,0.01430554036051035,0.0333532069809585,,,0.11688250065117334,8.555600662450075
Muon momentum,900,943718400,block06.q,0.051955949515104294,0.029677625745534897,0.01457197591662407,0.006009410601109266,0.002289518713951111,0.013221462283626235,,,0.40081157609394324,2.494937920070496
Muon momentum,900,943718400,block06.k,0.05721895769238472,0.03217403590679169,0.015617129392921925,0.006410676054656506,0.002415031660348177,0.01258256950424799,,,0.12514514943312438,7.990721210768016
Muon momentum,900,943718400,block06.v,0.02359125204384327,0.012677512131631374,0.006034669931977987,0.002527925418689847,0.000954059767536819,0.038848713507804625,,,0.7856643566256594,1.272808154737843
Muon momentum,900,943718400,block06.o,0.06612518429756165,0.03720766678452492,0.01823069341480732,0.007533046416938305,0.0028460335452109575,0.016236947364503783,,,0.11587663076024857,8.62986776055841
Muon momentum,900,943718400,block06.up,0.0502483993768692,0.03293663263320923,0.02134600467979908,0.014389353804290295,0.011044957675039768,0.02411639968347637,,,0.39521934523469326,2.53024051594987
Muon momentum,900,943718400,block06.down,0.06157631054520607,0.04026168957352638,0.02625303342938423,0.018205635249614716,0.014128499664366245,0.02975701479414349,,,0.14142301323092,7.070984963155666
Muon momentum,900,943718400,block08.q,0.05740945786237717,0.031870655715465546,0.015647977590560913,0.006657005753368139,0.0025581452064216137,0.00963358018928646,,,0.28258898933831134,3.538708292709929
Muon momentum,900,943718400,block08.k,0.056043919175863266,0.03169022127985954,0.015547012910246849,0.00652037700638175,0.002509057754650712,0.009884958597133517,,,0.18199059371823978,5.4947894809784135
Muon momentum,900,943718400,block08.v,0.035693276673555374,0.0185628030449152,0.008896863088011742,0.0037391483783721924,0.0014114854857325554,0.02091083244463268,,,0.6221602130969792,1.6073030369817702
Muon momentum,900,943718400,block08.o,0.04265664890408516,0.023509128019213676,0.011117886751890182,0.004611120093613863,0.0017320208717137575,0.02026490934833383,,,0.5283475359738219,1.8926936001638648
Muon momentum,900,943718400,block08.up,0.05577647686004639,0.03707192838191986,0.024561915546655655,0.017026877030730247,0.013191989623010159,0.022589561909332142,,,0.21020060423568854,4.757360254201481
Muon momentum,900,943718400,block08.down,0.04819604754447937,0.029514411464333534,0.018343955278396606,0.012453129515051842,0.009553656913340092,0.0415568240677488,,,0.3017811913856896,3.3136591296770255
Muon momentum,925,969932800,block02.q,0.03144541755318642,0.01607254147529602,0.0063584293238818645,0.0021851102355867624,0.0007387179066427052,0.020699015298830857,,,0.433476352767471,2.3069309170284273
Muon momentum,925,969932800,block02.k,0.032461781054735184,0.01665733940899372,0.00651948107406497,0.002344744745641947,0.0008146208710968494,0.020067675691629518,,,0.36548085147893516,2.736121457399078
Muon momentum,925,969932800,block02.v,0.017493199557065964,0.008490156382322311,0.003258167300373316,0.0011518917744979262,0.00040063218330033123,0.08609109580893096,,,0.8534883598631495,1.1716621421296742
Muon momentum,925,969932800,block02.o,0.04152708500623703,0.0221719853579998,0.010259815491735935,0.004166227299720049,0.0015197901520878077,0.040402567020191515,,,0.3754234765822275,2.6636586744754998
Muon momentum,925,969932800,block02.up,0.03355559706687927,0.021377848461270332,0.011471157893538475,0.0065286424942314625,0.004581769462674856,0.04477429222199168,,,0.6543896988945654,1.5281414143426468
Muon momentum,925,969932800,block02.down,0.05045046657323837,0.033804818987846375,0.02249978296458721,0.015592793934047222,0.012097101658582687,0.04377681876101469,,,0.25368740871739703,3.941859018765811
Muon momentum,925,969932800,block04.q,0.043078143149614334,0.02496032416820526,0.011950615793466568,0.004967281129211187,0.0018879084382206202,0.015244060331815176,,,0.5511382759388006,1.814426694093447
Muon momentum,925,969932800,block04.k,0.0449054129421711,0.024701492860913277,0.011753657832741737,0.004854592029005289,0.0018128873780369759,0.01661179746284571,,,0.198600930986359,5.035223123242486
Muon momentum,925,969932800,block04.v,0.020622318610548973,0.010515713132917881,0.00481368089094758,0.0019682180136442184,0.0007344211335293949,0.06190923723121155,,,0.7953959877068542,1.257235409098585
Muon momentum,925,969932800,block04.o,0.0579121857881546,0.03185165300965309,0.015206205658614635,0.006350906100124121,0.002385311061516404,0.024131670093593068,,,0.19356013636775415,5.16635304544347
Muon momentum,925,969932800,block04.up,0.04127200320363045,0.026852834969758987,0.01648814044892788,0.010731536895036697,0.008128667250275612,0.03308755105196495,,,0.553133527759897,1.8078817316495734
Muon momentum,925,969932800,block04.down,0.05982719361782074,0.03954186663031578,0.02594825252890587,0.018106097355484962,0.014059038832783699,0.03426354658763195,,,0.09505663779131002,10.520043873163575
Muon momentum,925,969932800,block06.q,0.04912430793046951,0.027840882539749146,0.013699189759790897,0.005827062763273716,0.002151575405150652,0.01419073792169333,,,0.40823652475916106,2.449560339045972
Muon momentum,925,969932800,block06.k,0.05661363527178764,0.032246511429548264,0.015144280157983303,0.006399471312761307,0.002444067969918251,0.013045159741831444,,,0.10281448030913598,9.726256428017379
Muon momentum,925,969932800,block06.v,0.024078283458948135,0.012839213013648987,0.00608857860788703,0.0025348407216370106,0.0009514764533378184,0.03880602425546193,,,0.7505198678391167,1.3324097640202144
Muon momentum,925,969932800,block06.o,0.06373227387666702,0.03594855219125748,0.01738785021007061,0.007287453860044479,0.0026780874468386173,0.016963747070029043,,,0.12657975158005286,7.90015770703713
Muon momentum,925,969932800,block06.up,0.049055490642786026,0.03210871294140816,0.02061796747148037,0.01380772702395916,0.010571971535682678,0.025264580366803596,,,0.4045759624933112,2.4717237124944935
Muon momentum,925,969932800,block06.down,0.06099219620227814,0.039196908473968506,0.02551407180726528,0.017675895243883133,0.013682966120541096,0.03106284901938649,,,0.13900876719506883,7.193790867857389
Muon momentum,925,969932800,block08.q,0.05368134379386902,0.030238477513194084,0.014809840358793736,0.0062451111152768135,0.002390572801232338,0.010392198878272406,,,0.3195685238888615,3.129219323076314
Muon momentum,925,969932800,block08.k,0.05453167110681534,0.030667472630739212,0.014944039285182953,0.006262726150453091,0.0023218216374516487,0.010537649237495025,,,0.15015510902025486,6.659780053605149
Muon momentum,925,969932800,block08.v,0.03387955576181412,0.017727481201291084,0.008462028577923775,0.0035248619969934225,0.0013153133913874626,0.022132467148001173,,,0.6196929018238997,1.6137025243580627
Muon momentum,925,969932800,block08.o,0.041076987981796265,0.022177711129188538,0.010498261079192162,0.004335900768637657,0.001641351031139493,0.021418406114578147,,,0.5549786487720212,1.8018711210109786
Muon momentum,925,969932800,block08.up,0.05147794261574745,0.03418919816613197,0.02258194237947464,0.015614786185324192,0.012046511285007,0.024843563024602684,,,0.2626176273120997,3.807817511090302
Muon momentum,925,969932800,block08.down,0.04355824738740921,0.026177214458584785,0.016321303322911263,0.01107448898255825,0.008455292321741581,0.047127565095026816,,,0.3264702221515705,3.0630664977944893
Muon momentum,950,996147200,block02.q,0.03043004684150219,0.015819638967514038,0.0062558576464653015,0.0021951606031507254,0.0007543348474428058,0.020753830926231936,,,0.3800004023978545,2.631576160682629
Muon momentum,950,996147200,block02.k,0.0329158641397953,0.01666240766644478,0.006697659380733967,0.00233763107098639,0.00080114632146433,0.019748843969923074,,,0.2816512502095101,3.550490186910715
Muon momentum,950,996147200,block02.v,0.019744353368878365,0.009493549354374409,0.0037022328469902277,0.0012985074426978827,0.0004528994031716138,0.07557042002938275,,,0.8100007081033347,1.2345668219742179
Muon momentum,950,996147200,block02.o,0.041336193680763245,0.02228412590920925,0.01031302846968174,0.004212810657918453,0.001554178772494197,0.03988593856677115,,,0.39391252771019936,2.5386346705268994
Muon momentum,950,996147200,block02.up,0.03388405591249466,0.02160739339888096,0.01168031431734562,0.0066801500506699085,0.004625128582119942,0.0433552088615957,,,0.643593248108246,1.553776399829182
Muon momentum,950,996147200,block02.down,0.04971364513039589,0.03363162651658058,0.022302361205220222,0.01549583300948143,0.012110015377402306,0.04322269797728708,,,0.26471566991814655,3.777638098678528
Muon momentum,950,996147200,block04.q,0.04573464021086693,0.025890707969665527,0.012365138158202171,0.0052933706901967525,0.002020356711000204,0.014349617514483803,,,0.5147293179526322,1.9427686846701524
Muon momentum,950,996147200,block04.k,0.0459526851773262,0.025750061497092247,0.012154916301369667,0.005091298371553421,0.0018795807845890522,0.015791677102225333,,,0.17410823807773568,5.743553613778579
Muon momentum,950,996147200,block04.v,0.0188469048589468,0.009597662836313248,0.004347007721662521,0.0017635017866268754,0.000662210222799331,0.06679986663950918,,,0.8127761650239904,1.2303510400929183
Muon momentum,950,996147200,block04.o,0.0583789199590683,0.03157816082239151,0.01487178634852171,0.006315052509307861,0.002385358791798353,0.024160826874485727,,,0.22599090796322585,4.4249567781847405
Muon momentum,950,996147200,block04.up,0.03878377005457878,0.025157783180475235,0.015692252665758133,0.010243749246001244,0.007737680338323116,0.03419842063106872,,,0.5967154220411999,1.6758407157959385
Muon momentum,950,996147200,block04.down,0.058975700289011,0.03924887627363205,0.026004943996667862,0.01813923381268978,0.014158587902784348,0.03350669220751059,,,0.10511230963926721,9.513633592791173
Muon momentum,950,996147200,block06.q,0.045854996889829636,0.02593761309981346,0.01260382030159235,0.00530320405960083,0.0020612135995179415,0.015089455965696127,,,0.5024188428817524,1.99037120953554
Muon momentum,950,996147200,block06.k,0.05506318435072899,0.03052821196615696,0.01456987764686346,0.006039853673428297,0.0023095374926924706,0.013437933976401724,,,0.16653756595300795,6.004651228553268
Muon momentum,950,996147200,block06.v,0.022712690755724907,0.012032090686261654,0.005698447581380606,0.0023659623693674803,0.0008728063548915088,0.040887119466494065,,,0.7806079189765605,1.281052850848708
Muon momentum,950,996147200,block06.o,0.06400968879461288,0.03634173795580864,0.017702274024486542,0.00744407856836915,0.0028388798236846924,0.0166331440492744,,,0.1395930872721607,7.163678514039368
Muon momentum,950,996147200,block06.up,0.04897953197360039,0.03209242224693298,0.020592577755451202,0.013936887495219707,0.010608121752738953,0.024778629767204127,,,0.4287426641681691,2.3324014229844927
Muon momentum,950,996147200,block06.down,0.05978933349251747,0.039415717124938965,0.0257569532841444,0.017824087291955948,0.013782251626253128,0.030184843652057904,,,0.16486536999768564,6.065555186113603
Muon momentum,950,996147200,block08.q,0.053055260330438614,0.03017568774521351,0.014958113431930542,0.006298188120126724,0.0023375358432531357,0.010241534276185007,,,0.32940730483916525,3.035755386445528
Muon momentum,950,996147200,block08.k,0.053119346499443054,0.030047519132494926,0.014752422459423542,0.0062580532394349575,0.0023272468242794275,0.010584516574422932,,,0.18375095873147984,5.442148475869051
Muon momentum,950,996147200,block08.v,0.032790590077638626,0.01694558933377266,0.008036119863390923,0.003372933715581894,0.0012836605310440063,0.023096120770138236,,,0.6562519973562111,1.5238048859715756
Muon momentum,950,996147200,block08.o,0.039197344332933426,0.02136133797466755,0.010213037952780724,0.004254878964275122,0.0015979405725374818,0.021913998167299026,,,0.5912782135985708,1.691251219817339
Muon momentum,950,996147200,block08.up,0.053120553493499756,0.03499843180179596,0.023296602070331573,0.016053302213549614,0.01242908462882042,0.023734165467608814,,,0.2848188826394562,3.5110031706214873
Muon momentum,950,996147200,block08.down,0.04272972047328949,0.025939615443348885,0.01619580015540123,0.011059419251978397,0.008405270054936409,0.046848890757338044,,,0.46653764740545967,2.1434497420760508
Muon momentum,975,1022361600,block02.q,0.028233297169208527,0.014744783751666546,0.005803756415843964,0.0020824570674449205,0.0006871442892588675,0.021772587162151098,,,0.4942289583227968,2.023353717260064
Muon momentum,975,1022361600,block02.k,0.029843317344784737,0.015405727550387383,0.006039440631866455,0.0021787630394101143,0.0007306519546546042,0.021244823685133783,,,0.3583643841625985,2.790455871714852
Muon momentum,975,1022361600,block02.v,0.016309421509504318,0.007967445999383926,0.003061020979657769,0.0010850995313376188,0.00038998626405373216,0.0888585559897471,,,0.8595048000078265,1.1634606345315281
Muon momentum,975,1022361600,block02.o,0.041573651134967804,0.02193674072623253,0.01021722424775362,0.00418990571051836,0.001552788307890296,0.03955595110233447,,,0.40083406677382527,2.494797929848264
Muon momentum,975,1022361600,block02.up,0.033381689339876175,0.02146288938820362,0.011565086431801319,0.006589735858142376,0.0045889923349022865,0.04334817950769516,,,0.6508254619181031,1.5365102604511123
Muon momentum,975,1022361600,block02.down,0.05029115825891495,0.03409732133150101,0.022644825279712677,0.015794608741998672,0.012375552207231522,0.04206172735072802,,,0.2666016584417754,3.7509144010759985
Muon momentum,975,1022361600,block04.q,0.04235946014523506,0.02428102307021618,0.01186054665595293,0.004967174958437681,0.0018334327032789588,0.015001540797752467,,,0.5578385412390077,1.7926333985079508
Muon momentum,975,1022361600,block04.k,0.04583954066038132,0.025575045496225357,0.01212020218372345,0.005013889633119106,0.0018618477042764425,0.01565999073015209,,,0.17072344537894768,5.857426305920326
Muon momentum,975,1022361600,block04.v,0.019236885011196136,0.00994527991861105,0.004523180890828371,0.0018425950547680259,0.0006991974078118801,0.0634595960818893,,,0.7895053965932028,1.266615787954209
Muon momentum,975,1022361600,block04.o,0.05646347627043724,0.030678503215312958,0.014632150530815125,0.006203119643032551,0.0023300268221646547,0.024332729694184818,,,0.2634569440600423,3.795686629433075
Muon momentum,975,1022361600,block04.up,0.03965054079890251,0.025943191722035408,0.01608281396329403,0.010452925227582455,0.00793518964201212,0.03302597329315948,,,0.589786931978896,1.6955275639029967
Muon momentum,975,1022361600,block04.down,0.05910899117588997,0.039468228816986084,0.025972001254558563,0.01810758002102375,0.014073983766138554,0.0331316359102897,,,0.12877477860742204,7.765495781193012
Muon momentum,975,1022361600,block06.q,0.04820232838392258,0.02737417444586754,0.013317826204001904,0.005618353374302387,0.0022079923655837774,0.014257364888813235,,,0.4550435110731996,2.19759204486082
Muon momentum,975,1022361600,block06.k,0.056622397154569626,0.03165062144398689,0.015097776427865028,0.006366850808262825,0.0024583947379142046,0.012844025255744402,,,0.12193968975381964,8.200775334256384
Muon momentum,975,1022361600,block06.v,0.02198120579123497,0.011688197031617165,0.0055653550662100315,0.0022934337612241507,0.0008690126705914736,0.04132768611039531,,,0.7837668204290118,1.2758896829195043
Muon momentum,975,1022361600,block06.o,0.06253429502248764,0.036044999957084656,0.017475465312600136,0.007315971422940493,0.002865780843421817,0.016635352850967372,,,0.13015603727360858,7.683085786469065
Muon momentum,975,1022361600,block06.up,0.048897214233875275,0.0321580208837986,0.020602356642484665,0.013950353488326073,0.010691581293940544,0.024545678777254627,,,0.42490583879137844,2.353462599724319
Muon momentum,975,1022361600,block06.down,0.061048176139593124,0.03963034600019455,0.025952231138944626,0.018024558201432228,0.014096024446189404,0.029605819414596876,,,0.14513596191045508,6.890091103795299
Muon momentum,975,1022361600,block08.q,0.054046496748924255,0.02996385097503662,0.014931573532521725,0.006372001487761736,0.002435755915939808,0.01017203887627426,,,0.3406252588683323,2.935777585380264
Muon momentum,975,1022361600,block08.k,0.0547722764313221,0.03129737451672554,0.01542440615594387,0.006527717225253582,0.002472231164574623,0.010012410997041093,,,0.157590720733908,6.345551282099283
Muon momentum,975,1022361600,block08.v,0.031880587339401245,0.016996823251247406,0.008084950968623161,0.0033832895569503307,0.0012686323607340455,0.022573247009077792,,,0.6513445981783015,1.5352856272959468
Muon momentum,975,1022361600,block08.o,0.03997825086116791,0.02162802405655384,0.01030793134123087,0.0043241893872618675,0.001663245027884841,0.02150351913651428,,,0.5705696410668679,1.7526344341247644
Muon momentum,975,1022361600,block08.up,0.05218587815761566,0.03469027578830719,0.023037493228912354,0.015934079885482788,0.01239191647619009,0.023942416322308934,,,0.3083968134473345,3.242575657062591
Muon momentum,975,1022361600,block08.down,0.044282834976911545,0.026813844218850136,0.016788655892014503,0.011411656625568867,0.008778152987360954,0.04503353374691579,,,0.41900454988378044,2.3866089288943777
Muon momentum,1000,1048576000,block02.q,0.028165126219391823,0.014655559323728085,0.005846991669386625,0.0020494163036346436,0.0007166967261582613,0.021726315543961112,,,0.4518400513306098,2.2131725531084085
Muon momentum,1000,1048576000,block02.k,0.030796557664871216,0.015669291839003563,0.006227286532521248,0.0022250195033848286,0.0007691410719417036,0.02068458155299267,,,0.4222233116776444,2.3684149414361846
Muon momentum,1000,1048576000,block02.v,0.015168191865086555,0.00737333856523037,0.0029124123975634575,0.0010366661008447409,0.0003594997979234904,0.0956336418816641,,,0.8797328999365028,1.1367086533562378
Muon momentum,1000,1048576000,block02.o,0.041855912655591965,0.022353187203407288,0.010403462685644627,0.004258517175912857,0.0015513524413108826,0.038894196672077115,,,0.33865499058913784,2.9528577100262416
Muon momentum,1000,1048576000,block02.up,0.031935226172208786,0.020579060539603233,0.011164387688040733,0.006387978792190552,0.004479947034269571,0.044449584097735126,,,0.6752863608631152,1.4808532467942237
Muon momentum,1000,1048576000,block02.down,0.04994659125804901,0.03352050483226776,0.022403310984373093,0.015713416039943695,0.01224702037870884,0.04184454490354314,,,0.2770888335547603,3.608950917187981
Muon momentum,1000,1048576000,block04.q,0.04014607146382332,0.023100530728697777,0.011344917118549347,0.004735019989311695,0.0017711565596982837,0.015615049994390008,,,0.6014137465695377,1.662748824256175
Muon momentum,1000,1048576000,block04.k,0.04389822483062744,0.02430090494453907,0.01172017864882946,0.004903027322143316,0.001819233293645084,0.01615943896173776,,,0.21770963698595214,4.593273930563422
Muon momentum,1000,1048576000,block04.v,0.01761694625020027,0.009166264906525612,0.004120292607694864,0.0016968145500868559,0.0006253520841710269,0.06866361151670161,,,0.8259630614234403,1.2107078956734816
Muon momentum,1000,1048576000,block04.o,0.05753789097070694,0.03128578141331673,0.015011794865131378,0.0063002631068229675,0.002327951602637768,0.02355478402154134,,,0.2548112673297318,3.9244732404473166
Muon momentum,1000,1048576000,block04.up,0.03772961348295212,0.02463550865650177,0.015346127562224865,0.010081646032631397,0.0076305256225168705,0.03422173534917167,,,0.6197403869063898,1.6135788809759262
Muon momentum,1000,1048576000,block04.down,0.058637477457523346,0.03889571130275726,0.02589140646159649,0.017983363941311836,0.014052916318178177,0.03282467200994704,,,0.13935643972903566,7.175843484121708
Muon momentum,1000,1048576000,block06.q,0.048983134329319,0.027727525681257248,0.013627640902996063,0.005792174953967333,0.002141145057976246,0.013834497803982201,,,0.44635370670136254,2.2403757042597165
Muon momentum,1000,1048576000,block06.k,0.05742776766419411,0.03210165351629257,0.015434478409588337,0.00653743464499712,0.002457359107211232,0.012421144838461197,,,0.10536298093762753,9.490999505718019
Muon momentum,1000,1048576000,block06.v,0.020208006724715233,0.010743498802185059,0.005088845267891884,0.0021243204828351736,0.0007889458793215454,0.04443785455172481,,,0.8292641263950742,1.2058884113884658
Muon momentum,1000,1048576000,block06.o,0.06337426602840424,0.0362619012594223,0.017641687765717506,0.007343658711761236,0.0027102776803076267,0.016404782556701077,,,0.16422938454859182,6.089044312920276
Muon momentum,1000,1048576000,block06.up,0.04717486724257469,0.031044330447912216,0.019926395267248154,0.013432146050035954,0.010275416076183319,0.025244745608043313,,,0.46314965337757386,2.159129328301082
Muon momentum,1000,1048576000,block06.down,0.05769270285964012,0.03760259225964546,0.024645928293466568,0.017188016325235367,0.013312788680195808,0.03086913329429725,,,0.2343527081086174,4.267072516766145
Muon momentum,1000,1048576000,block08.q,0.051153991371393204,0.02857021614909172,0.014131421223282814,0.006056301761418581,0.0023303760681301355,0.01069750536324675,,,0.3986764086950565,2.5082999098772603
Muon momentum,1000,1048576000,block08.k,0.0523868128657341,0.029483972117304802,0.014309965074062347,0.00615287572145462,0.002276062034070492,0.010696117939095548,,,0.18333926868578843,5.454368871263613
Muon momentum,1000,1048576000,block08.v,0.02871451899409294,0.015076620504260063,0.007236158940941095,0.003076577093452215,0.001140013337135315,0.02508563311819039,,,0.7412377644100729,1.3490947817477534
Muon momentum,1000,1048576000,block08.o,0.029711944982409477,0.01619875803589821,0.007801982574164867,0.0032748794183135033,0.0012172015849500895,0.02828567975611898,,,0.7817155808868534,1.2792376465945627
Muon momentum,1000,1048576000,block08.up,0.04130525514483452,0.027273841202259064,0.01815878599882126,0.012630589306354523,0.00979416724294424,0.029905002744808774,,,0.5854081122083841,1.7082100147666492
Muon momentum,1000,1048576000,block08.down,0.027096400037407875,0.016552066430449486,0.010449884459376335,0.007080522831529379,0.005439839791506529,0.07175870779749915,,,0.7938816950742336,1.2596335275201085
Muon momentum,1025,1074790400,block02.q,0.02767840027809143,0.014484615065157413,0.005725435446947813,0.0019963597878813744,0.0006839681300334632,0.02226504095877484,,,0.45754010988054006,2.185600734023279
Muon momentum,1025,1074790400,block02.k,0.030052172020077705,0.015405879355967045,0.006128306500613689,0.002213934203609824,0.0007569904555566609,0.021038338224348876,,,0.42845343598868624,2.333975914307771
Muon momentum,1025,1074790400,block02.v,0.016029484570026398,0.007761311251670122,0.0030166141223162413,0.001061871531419456,0.00037960789632052183,0.09101235258215969,,,0.8702335936864216,1.1491167512436187
Muon momentum,1025,1074790400,block02.o,0.04187599569559097,0.022062266245484352,0.010514729656279087,0.0042925868183374405,0.0015798512613400817,0.03892274041690064,,,0.34270542509547397,2.917957892616993
Muon momentum,1025,1074790400,block02.up,0.03212263062596321,0.020692281424999237,0.01124889962375164,0.006450008135288954,0.004517524037510157,0.04433702745469384,,,0.6652946234385695,1.5030934638123312
Muon momentum,1025,1074790400,block02.down,0.05110693350434303,0.03448262810707092,0.022993484511971474,0.016088681295514107,0.012559187598526478,0.0411385967462947,,,0.26495615303544184,3.7742093872650506
Muon momentum,1025,1074790400,block04.q,0.0440506674349308,0.025633152574300766,0.012470505200326443,0.005190573632717133,0.0020026029087603092,0.01430562128933629,,,0.5211216904317553,1.9189375885918096
Muon momentum,1025,1074790400,block04.k,0.046644460409879684,0.02575511857867241,0.012294082902371883,0.005109821446239948,0.0019290196942165494,0.01557607848671991,,,0.18649677879197046,5.362022907191653
Muon momentum,1025,1074790400,block04.v,0.019111793488264084,0.009711566381156445,0.004416868090629578,0.0017885687993839383,0.0007002535276114941,0.06504929159824525,,,0.804554278914086,1.2429242205382447
Muon momentum,1025,1074790400,block04.o,0.05970710888504982,0.031776878982782364,0.01526494137942791,0.006427276413887739,0.002445078920572996,0.02342097767040037,,,0.20043264268601035,4.989207279807009
Muon momentum,1025,1074790400,block04.up,0.03912939503788948,0.025565428659319878,0.015989111736416817,0.010398736223578453,0.007897560484707355,0.03324353173213127,,,0.5929374220077079,1.68651861542819
Muon momentum,1025,1074790400,block04.down,0.05948970839381218,0.039916470646858215,0.026327474042773247,0.018352791666984558,0.014410712756216526,0.032447108547340134,,,0.12041363497998248,8.304707354497186
Muon momentum,1025,1074790400,block06.q,0.048765428364276886,0.028095172718167305,0.013734384439885616,0.00582503667101264,0.0022105404641479254,0.014030773794959634,,,0.4450770614348585,2.2468019285832375
Muon momentum,1025,1074790400,block06.k,0.05722056329250336,0.032595161348581314,0.01565701514482498,0.006619313731789589,0.002502806717529893,0.012527065801351546,,,0.1298938248916679,7.698595378448553
Muon momentum,1025,1074790400,block06.v,0.02351737767457962,0.012648975476622581,0.005980209447443485,0.002513799350708723,0.000962563615757972,0.03819467787873045,,,0.7653136718923328,1.306653777042002
Muon momentum,1025,1074790400,block06.o,0.06402906030416489,0.03721315413713455,0.018050123006105423,0.007547656074166298,0.002834681188687682,0.016184178799356016,,,0.1128895282757334,8.858217544832799
Muon momentum,1025,1074790400,block06.up,0.0502639077603817,0.0327274389564991,0.020994406193494797,0.014264029450714588,0.010937121696770191,0.023993165305316682,,,0.4043698216663394,2.472983755017053
Muon momentum,1025,1074790400,block06.down,0.06102272495627403,0.04009335860610008,0.026261035352945328,0.018195057287812233,0.014272418804466724,0.02915394305189513,,,0.13033285732202504,7.672662293662531
Muon momentum,1025,1074790400,block08.q,0.0557122528553009,0.03117462247610092,0.015472098253667355,0.006541612558066845,0.002499361289665103,0.009953216875731507,,,0.27749541985100734,3.6036630822120213
Muon momentum,1025,1074790400,block08.k,0.0547337606549263,0.031158458441495895,0.015233896672725677,0.006521073170006275,0.002466237638145685,0.01027822141548284,,,0.14419714842228704,6.9349498997820715
Muon momentum,1025,1074790400,block08.v,0.03338088467717171,0.017610447481274605,0.00845825020223856,0.0035833294969052076,0.0013452027924358845,0.02136124632365199,,,0.6370863391914696,1.5696459623810275
Muon momentum,1025,1074790400,block08.o,0.04091211408376694,0.022735396400094032,0.010944287292659283,0.004560271743685007,0.0016791070811450481,0.020325571271126854,,,0.5446741404468867,1.8359601195304296
Muon momentum,1025,1074790400,block08.up,0.05465168133378029,0.03647427633404732,0.02440275251865387,0.016901174560189247,0.013101528398692608,0.02251041920352073,,,0.2206372479939498,4.532326291648731
Muon momentum,1025,1074790400,block08.down,0.04745027795433998,0.02886270172894001,0.01814238540828228,0.012391051277518272,0.009539781138300896,0.041444474049716,,,0.3013736060158898,3.3181406070021784
Muon momentum,1050,1101004800,block02.q,0.026276040822267532,0.013980557210743427,0.005548024084419012,0.0019437270238995552,0.0006635663448832929,0.022734259414620005,,,0.48177508920858614,2.0756573396991196
Muon momentum,1050,1101004800,block02.k,0.026549799367785454,0.01384489331394434,0.005576530005782843,0.0019656033255159855,0.0006725277053192258,0.023009328948695,,,0.5069609931996553,1.972538347947753
Muon momentum,1050,1101004800,block02.v,0.015210572630167007,0.007525463122874498,0.002953234827145934,0.0010407466907054186,0.0003679659857880324,0.09293576243579188,,,0.8694898960493767,1.150099621103834
Muon momentum,1050,1101004800,block02.o,0.03862667828798294,0.02088143117725849,0.009754346683621407,0.004011106211692095,0.001463543507270515,0.04112827861725272,,,0.3713333867626858,2.692997817185468
Muon momentum,1050,1101004800,block02.up,0.03069082461297512,0.020011847838759422,0.010874917730689049,0.006210622377693653,0.004351295996457338,0.045321488092927874,,,0.684113700480399,1.4617453199633028
Muon momentum,1050,1101004800,block02.down,0.04792292043566704,0.03209150210022926,0.021375488489866257,0.01506081409752369,0.011785830371081829,0.04298688777793069,,,0.32314872275671647,3.094550371325011
Muon momentum,1050,1101004800,block04.q,0.04180426150560379,0.02396387979388237,0.011609844863414764,0.004997800104320049,0.001837574178352952,0.014830766835961795,,,0.5771899163727632,1.7325319996653854
Muon momentum,1050,1101004800,block04.k,0.04331852123141289,0.02403545379638672,0.011601353995501995,0.004915731493383646,0.0018032909138128161,0.016162017699995472,,,0.19558573331377804,5.1128473588393115
Muon momentum,1050,1101004800,block04.v,0.016438394784927368,0.008528312668204308,0.0038366138469427824,0.0015836285892874002,0.0005982278962619603,0.07300915129103056,,,0.8455956640894478,1.1825983061027372
Muon momentum,1050,1101004800,block04.o,0.05598076432943344,0.030457142740488052,0.014716281555593014,0.006173764821141958,0.0023761827033013105,0.02387974157729606,,,0.2864599030411661,3.490889961853732
Muon momentum,1050,1101004800,block04.up,0.03631684184074402,0.023952333256602287,0.014949539676308632,0.009775989688932896,0.007427792996168137,0.03491508316816535,,,0.6351471356826011,1.574438336914307
Muon momentum,1050,1101004800,block04.down,0.058173514902591705,0.03887030482292175,0.02579033188521862,0.01806792989373207,0.014107891358435154,0.03259281658034239,,,0.1441788155862378,6.935831702694694
Muon momentum,1050,1101004800,block06.q,0.04718362167477608,0.02703780122101307,0.01326122134923935,0.005616612732410431,0.002088563283905387,0.014176790022863584,,,0.4886112506440874,2.046616811794243
Muon momentum,1050,1101004800,block06.k,0.057666100561618805,0.03282453119754791,0.015623525716364384,0.006493737921118736,0.002484736265614629,0.01228404361544259,,,0.13628515409397668,7.337556365900579
Muon momentum,1050,1101004800,block06.v,0.019760288298130035,0.01056133583188057,0.00497957831248641,0.0020811196882277727,0.0007907536346465349,0.04537114723601022,,,0.8264468721122853,1.2099991345410221
Muon momentum,1050,1101004800,block06.o,0.06262712925672531,0.036134976893663406,0.017689302563667297,0.007332177832722664,0.0027423796709626913,0.01637266354489766,,,0.17504453609844006,5.71283184433491
Muon momentum,1050,1101004800,block06.up,0.0470777191221714,0.030951518565416336,0.019929207861423492,0.013532482087612152,0.010378088802099228,0.024993349683092886,,,0.4532484138487156,2.2062956415193944
Muon momentum,1050,1101004800,block06.down,0.05903029814362526,0.038346052169799805,0.02521476335823536,0.017527969554066658,0.013647668063640594,0.029940476829183833,,,0.19869093530365944,5.032942234992752
Muon momentum,1050,1101004800,block08.q,0.05352262035012245,0.030103864148259163,0.014924159273505211,0.006335008889436722,0.002396693453192711,0.010196212970177539,,,0.320079068161764,3.124228040724651
Muon momentum,1050,1101004800,block08.k,0.05337783321738243,0.03017502836883068,0.01496769767254591,0.006273895967751741,0.002411273308098316,0.010414876651305126,,,0.1556463710737086,6.424820528108782
Muon momentum,1050,1101004800,block08.v,0.02936622127890587,0.015520812943577766,0.007477737497538328,0.0031215259805321693,0.001178194535896182,0.024050558687318018,,,0.7095825532876496,1.4092792943777768
Muon momentum,1050,1101004800,block08.o,0.03563438728451729,0.01926429197192192,0.009324301965534687,0.003897452959790826,0.001448298105970025,0.023623001654443133,,,0.6843879328703792,1.4611596025749867
Muon momentum,1050,1101004800,block08.up,0.044866614043712616,0.030024033039808273,0.019997550174593925,0.013911140151321888,0.01073742751032114,0.027255206346658657,,,0.49156735864656653,2.034309199767255
Muon momentum,1050,1101004800,block08.down,0.03475138545036316,0.021120816469192505,0.013299007900059223,0.008985274471342564,0.006913873832672834,0.056479134018128554,,,0.6532357051824569,1.530840999759325
Muon momentum,1075,1127219200,block02.q,0.028574593365192413,0.015003635548055172,0.005971383769065142,0.0021134521812200546,0.0007385453791357577,0.020891077265713345,,,0.500595610832054,1.997620391313204
Muon momentum,1075,1127219200,block02.k,0.03234462812542915,0.016782766208052635,0.006654358468949795,0.0023771009873598814,0.0008021489484235644,0.01909730299387542,,,0.38951319703503273,2.567307109520246
Muon momentum,1075,1127219200,block02.v,0.01606949046254158,0.008006449788808823,0.0031678215600550175,0.001103594433516264,0.0003841989964712411,0.08653860805724056,,,0.8607547741994495,1.1617710757748123
Muon momentum,1075,1127219200,block02.o,0.04132544621825218,0.022552967071533203,0.01060367189347744,0.0043261232785880566,0.0016160559607669711,0.03801738701115444,,,0.3386008126472575,2.953330183060621
Muon momentum,1075,1127219200,block02.up,0.0315525196492672,0.020539339631795883,0.01114781852811575,0.006455065216869116,0.004478205926716328,0.04362817921166735,,,0.6839023197115388,1.4621971167195151
Muon momentum,1075,1127219200,block02.down,0.049919430166482925,0.03386848419904709,0.022545969113707542,0.015832632780075073,0.012315493077039719,0.04078687302714055,,,0.2801194700617913,3.569905368517979
Muon momentum,1075,1127219200,block04.q,0.04146372899413109,0.023785211145877838,0.011682889424264431,0.004830219782888889,0.0017902801046147943,0.014906837211275765,,,0.598907605775878,1.6697066297972813
Muon momentum,1075,1127219200,block04.k,0.04394242912530899,0.024223854765295982,0.01148748304694891,0.0048783342353999615,0.0018082429887726903,0.016050995424169136,,,0.20999556270604458,4.762005382941435
Muon momentum,1075,1127219200,block04.v,0.017463525757193565,0.008979887701570988,0.004064321052283049,0.0016818017465993762,0.0006404438172467053,0.06881615802707954,,,0.8495041919420352,1.1771572282814982
Muon momentum,1075,1127219200,block04.o,0.05778464674949646,0.03164105862379074,0.015236022882163525,0.006369762122631073,0.002496032975614071,0.023049447516420477,,,0.23975243450483763,4.1709691168112935
Muon momentum,1075,1127219200,block04.up,0.038024503737688065,0.024726778268814087,0.015395425260066986,0.0101059814915061,0.007651084568351507,0.03384761993545231,,,0.6231005747688414,1.6048773512542196
Muon momentum,1075,1127219200,block04.down,0.0586337186396122,0.03924018144607544,0.025885935872793198,0.01811002939939499,0.0141596095636487,0.03243091909346708,,,0.14018296224662663,7.133534517844476
Muon momentum,1075,1127219200,block06.q,0.04778147116303444,0.027021585032343864,0.013352252542972565,0.005687945522367954,0.0021451038774102926,0.014112379864133993,,,0.4722063345995231,2.1177183081376856
Muon momentum,1075,1127219200,block06.k,0.055883683264255524,0.03165002167224884,0.01527203805744648,0.0065197632648050785,0.0025333957746624947,0.012658907382647633,,,0.12397597337008293,8.066079037870361
Muon momentum,1075,1127219200,block06.v,0.02064402401447296,0.011132068000733852,0.005268890410661697,0.0022126457188278437,0.0008321739151142538,0.04238585244792549,,,0.8110415252161864,1.2329824909192484
Muon momentum,1075,1127219200,block06.o,0.06387161463499069,0.03625880554318428,0.017730310559272766,0.007554921321570873,0.0028175339102745056,0.016037620667907614,,,0.14783990384694334,6.764073663327639
Muon momentum,1075,1127219200,block06.up,0.04815816506743431,0.03153611719608307,0.020333565771579742,0.01378366257995367,0.010551624931395054,0.024409966195963025,,,0.44778835881538726,2.233197849639224
Muon momentum,1075,1127219200,block06.down,0.06128472089767456,0.03956988826394081,0.026015754789114,0.017993055284023285,0.01412347424775362,0.028865890771849825,,,0.15294714997583814,6.5382061722495335
Muon momentum,1075,1127219200,block08.q,0.05463925004005432,0.030308065935969353,0.015272930264472961,0.00648812809959054,0.0025035501457750797,0.010138870556555846,,,0.31386628689645946,3.186070125237399
Muon momentum,1075,1127219200,block08.k,0.056233812123537064,0.03186161443591118,0.015707382932305336,0.006532488390803337,0.0024956706911325455,0.010057739647275039,,,0.13195797984986157,7.578169968483714
Muon momentum,1075,1127219200,block08.v,0.030159583315253258,0.01615442894399166,0.007749591488391161,0.003309449180960655,0.0012689920840784907,0.023085293643550678,,,0.6968312404977475,1.4350676919790488
Muon momentum,1075,1127219200,block08.o,0.03876199200749397,0.021092981100082397,0.010223357938230038,0.004256874788552523,0.0016208284068852663,0.0215166511362819,,,0.6112202365307553,1.636071484929773
Muon momentum,1075,1127219200,block08.up,0.05270502716302872,0.03540385141968727,0.023577677085995674,0.016442758962512016,0.01270561944693327,0.023028440492003456,,,0.27289499459286404,3.6644131252459005
Muon momentum,1075,1127219200,block08.down,0.042720116674900055,0.02626018412411213,0.01646057516336441,0.01124113705009222,0.008687375113368034,0.045077162865424014,,,0.4307268843611247,2.3216567999539874
Muon momentum,1100,1153433600,block02.q,0.025986509397625923,0.01379786990582943,0.0054738386534154415,0.001954443519935012,0.0006799599505029619,0.022584625006926602,,,0.5296251858897136,1.8881277300287505
Muon momentum,1100,1153433600,block02.k,0.029682330787181854,0.015505957417190075,0.006119942758232355,0.0022186182904988527,0.0007630312466062605,0.020500156845978314,,,0.41292495463779133,2.4217475567132483
Muon momentum,1100,1153433600,block02.v,0.014726098626852036,0.007184253539890051,0.00284077157266438,0.000980293145403266,0.00035045755794271827,0.09582005415551652,,,0.8889760015484995,1.1248897588440057
Muon momentum,1100,1153433600,block02.o,0.038093484938144684,0.0206606425344944,0.009697173722088337,0.003980814944952726,0.0014952038181945682,0.04082703239471988,,,0.37342407304107894,2.6779205525134793
Muon momentum,1100,1153433600,block02.up,0.029735419899225235,0.019039230421185493,0.01043705828487873,0.006011762656271458,0.0041863457299768925,0.04654344786778722,,,0.7208729223062313,1.3872070500314808
Muon momentum,1100,1153433600,block02.down,0.04907718673348427,0.033014267683029175,0.022276757284998894,0.015572424046695232,0.012128608301281929,0.04107232075386833,,,0.28200938262001785,3.545981309946023
Muon momentum,1100,1153433600,block04.q,0.042469482868909836,0.024828258901834488,0.012054813094437122,0.005072264466434717,0.0019251430639997125,0.01423922426104783,,,0.5700785458502686,1.754144244296207
Muon momentum,1100,1153433600,block04.k,0.04703928902745247,0.026142412796616554,0.012531633488833904,0.005198458209633827,0.0019786490593105555,0.014867671428474605,,,0.16899522208095963,5.917327056269883
Muon momentum,1100,1153433600,block04.v,0.015315365977585316,0.007878560572862625,0.0035833644215017557,0.0014663407346233726,0.0005540514830499887,0.07770944017915297,,,0.8691847929531491,1.1505033315210131
Muon momentum,1100,1153433600,block04.o,0.05626164376735687,0.031050309538841248,0.014820360578596592,0.006253079976886511,0.002357753459364176,0.02334514626564758,,,0.2805555497568015,3.5643565093146297
Muon momentum,1100,1153433600,block04.up,0.0350847952067852,0.022882767021656036,0.014311198145151138,0.009420465677976608,0.007088417652994394,0.03614430668727516,,,0.6650128698220357,1.503730296629613
Muon momentum,1100,1153433600,block04.down,0.05639946088194847,0.038149598985910416,0.02545250952243805,0.01778041571378708,0.01391503494232893,0.03259764200249884,,,0.1654779733314662,6.043100358722164
Muon momentum,1100,1153433600,block06.q,0.04543822258710861,0.026159508153796196,0.012734144926071167,0.00542116304859519,0.002047164598479867,0.014667466011278402,,,0.5167905078708692,1.9350200608751713
Muon momentum,1100,1153433600,block06.k,0.05446312204003334,0.03101550042629242,0.014918612316250801,0.006291600409895182,0.0023076303768903017,0.012833295495741729,,,0.1613118152202766,6.1991739330096
Muon momentum,1100,1153433600,block06.v,0.019149351865053177,0.01017527375370264,0.00484068226069212,0.002036773134022951,0.0007407377706840634,0.04582853315780061,,,0.8377573080942966,1.193663117394664
Muon momentum,1100,1153433600,block06.o,0.06446986645460129,0.03650389984250069,0.017980515956878662,0.007594419177621603,0.0028223886620253325,0.015928344724327376,,,0.16804401449082107,5.950821890503111
Muon momentum,1100,1153433600,block06.up,0.04681110382080078,0.030713556334376335,0.019795194268226624,0.013411568477749825,0.010375277139246464,0.02488855033330809,,,0.47177022534015123,2.119675948771438
Muon momentum,1100,1153433600,block06.down,0.05956757068634033,0.03947203606367111,0.025688786059617996,0.01796702668070793,0.014006956480443478,0.02894218231037068,,,0.18051430104041888,5.539727291612704
Muon momentum,1100,1153433600,block08.q,0.05280584469437599,0.029974916949868202,0.014959705993533134,0.00637659290805459,0.0023999614641070366,0.010267697373138646,,,0.3588714541199103,2.7865130773702287
Muon momentum,1100,1153433600,block08.k,0.055206578224897385,0.031601447612047195,0.01561217661947012,0.006567332427948713,0.002499715657904744,0.01012122924996207,,,0.14275537281902562,7.00499028689956
Muon momentum,1100,1153433600,block08.v,0.02945719286799431,0.015558253042399883,0.007570481393486261,0.003170219250023365,0.0012137418380007148,0.02337536846512765,,,0.7192564340263949,1.3903247196580553
Muon momentum,1100,1153433600,block08.o,0.03955123946070671,0.021386608481407166,0.010466081090271473,0.004363805986940861,0.0016497611068189144,0.02076387627628898,,,0.6051245776888869,1.65255227910133
Muon momentum,1100,1153433600,block08.up,0.05364062637090683,0.03595069795846939,0.024016400799155235,0.016664031893014908,0.012948472984135151,0.022495038906351503,,,0.24571470982552057,4.069760417315225
Muon momentum,1100,1153433600,block08.down,0.04458512365818024,0.027420300990343094,0.01729358732700348,0.011790957301855087,0.009085348807275295,0.042735498459143734,,,0.390680508797292,2.5596362692331263
Muon momentum,1125,1179648000,block02.q,0.02763489820063114,0.014528939500451088,0.00579213909804821,0.0020501224789768457,0.0007200899999588728,0.021397002960445315,,,0.45750721130895045,2.1857578968841853
Muon momentum,1125,1179648000,block02.k,0.029992597177624702,0.015354929491877556,0.006144451908767223,0.0021821861155331135,0.0007853959104977548,0.020581314470181224,,,0.40154888938804234,2.490356782019726
Muon momentum,1125,1179648000,block02.v,0.014922700822353363,0.007225747220218182,0.0027976229321211576,0.0009733772021718323,0.00034395026159472764,0.09656870215830399,,,0.8746771474470769,1.1432789834725914
Muon momentum,1125,1179648000,block02.o,0.03818540275096893,0.02044832520186901,0.009665989316999912,0.0039453329518437386,0.001475804834626615,0.04120632223505652,,,0.3867050009070141,2.585950524701016
Muon momentum,1125,1179648000,block02.up,0.029743729159235954,0.01918802782893181,0.010480507276952267,0.006019135005772114,0.004240367095917463,0.04619153431912796,,,0.7120714833429567,1.4043533878162169
Muon momentum,1125,1179648000,block02.down,0.05035003647208214,0.03366398066282272,0.022456059232354164,0.015662474557757378,0.012303191237151623,0.04038316230396101,,,0.26845901029537345,3.7249634456289797
Muon momentum,1125,1179648000,block04.q,0.0413944348692894,0.023673128336668015,0.011687487363815308,0.004928109236061573,0.0018985093338415027,0.014783784764622245,,,0.5938437753725481,1.6839445683717906
Muon momentum,1125,1179648000,block04.k,0.04347767308354378,0.0244904775172472,0.011755764484405518,0.004887804854661226,0.0018589167157188058,0.015865598832747952,,,0.19569817572019943,5.109909667373475
Muon momentum,1125,1179648000,block04.v,0.016385948285460472,0.008393962867558002,0.0038313521072268486,0.0015389748150482774,0.0005870237946510315,0.07273297613344834,,,0.859197918046025,1.1638761908015152
Muon momentum,1125,1179648000,block04.o,0.05665081739425659,0.030878569930791855,0.01476248912513256,0.006207125261425972,0.002397314878180623,0.023402213867208765,,,0.27041051836705776,3.6980809993588735
Muon momentum,1125,1179648000,block04.up,0.03569544851779938,0.023281289264559746,0.014502626843750477,0.009560993872582912,0.007248578127473593,0.03548140671221487,,,0.6569941598229576,1.5220835452623709
Muon momentum,1125,1179648000,block04.down,0.05771889165043831,0.03839254379272461,0.02548694796860218,0.017758460715413094,0.013879505917429924,0.03238047745205378,,,0.14977229435443462,6.676802303859418
Muon momentum,1125,1179648000,block06.q,0.04906638711690903,0.027813442051410675,0.01365941483527422,0.005880220793187618,0.0022395700216293335,0.013693391837514354,,,0.4413338812355647,2.265858214194626
Muon momentum,1125,1179648000,block06.k,0.05541374906897545,0.03140654414892197,0.015206276439130306,0.006443541031330824,0.0024040518328547478,0.012530050729153103,,,0.08730465148474398,11.454143427566912
Muon momentum,1125,1179648000,block06.v,0.0213529784232378,0.011334235779941082,0.005343402270227671,0.0022509456612169743,0.0008509864564985037,0.04119008057625881,,,0.7883017303194642,1.2685497970361472
Muon momentum,1125,1179648000,block06.o,0.06355435401201248,0.03686487674713135,0.017786268144845963,0.007428538054227829,0.002772332401946187,0.015898270959686028,,,0.14177514879571618,7.053422327497607
Muon momentum,1125,1179648000,block06.up,0.04774108901619911,0.031326960772275925,0.020192474126815796,0.013593362644314766,0.010480494238436222,0.024338387979870153,,,0.4509056424564193,2.2177588964117954
Muon momentum,1125,1179648000,block06.down,0.06103542819619179,0.03971242159605026,0.026085015386343002,0.018145380541682243,0.014106504619121552,0.028408334464735147,,,0.15965322231217272,6.263575426274095
Muon momentum,1125,1179648000,block08.q,0.05429169535636902,0.03049325756728649,0.015151175670325756,0.006425745785236359,0.002377137541770935,0.010121697879168098,,,0.32989633995288514,3.0312552122973453
Muon momentum,1125,1179648000,block08.k,0.05389343202114105,0.031106999143958092,0.01518444437533617,0.006423221901059151,0.0024234973825514317,0.010340858881855488,,,0.15961235665963613,6.265179093448514
Muon momentum,1125,1179648000,block08.v,0.03077925182878971,0.016257766634225845,0.007827063091099262,0.003284344682469964,0.00125141313765198,0.022651175578966298,,,0.6948240454376133,1.4392132894165761
Muon momentum,1125,1179648000,block08.o,0.03994543105363846,0.021842481568455696,0.01062547042965889,0.0044794161804020405,0.0016894923755899072,0.020512871867950373,,,0.5865997299725336,1.7047399596430484
Muon momentum,1125,1179648000,block08.up,0.0546535849571228,0.036270622164011,0.02423327974975109,0.016771681606769562,0.013020521961152554,0.02225647816324674,,,0.22025776497336924,4.540135055492401
Muon momentum,1125,1179648000,block08.down,0.04532039910554886,0.02762644737958908,0.017492711544036865,0.011882832273840904,0.009180961176753044,0.042149276743940055,,,0.3746829072554192,2.6689234567038995
Muon momentum,1150,1205862400,block02.q,0.02839130349457264,0.015004129149019718,0.00609923480078578,0.002130111213773489,0.0007146915304474533,0.020252242654682628,,,0.46448744521555696,2.1529107197632116
Muon momentum,1150,1205862400,block02.k,0.029959429055452347,0.01563415862619877,0.006260892376303673,0.0022303222212940454,0.0007662553107365966,0.01990997599592141,,,0.39035488865819445,2.5617714266046447
Muon momentum,1150,1205862400,block02.v,0.015430201776325703,0.007653757464140654,0.0030270933639258146,0.0010710469214245677,0.0003705446142703295,0.08833678358491795,,,0.8667058312507017,1.1537940140046685
Muon momentum,1150,1205862400,block02.o,0.03843820467591286,0.02054677903652191,0.009676098823547363,0.00408339174464345,0.0014492124319076538,0.040248029287600386,,,0.4339872123112265,2.3042153584997043
Muon momentum,1150,1205862400,block02.up,0.029607689008116722,0.01914769969880581,0.010547409765422344,0.0060273525305092335,0.004223532974720001,0.04541417627933933,,,0.7090182159641358,1.4104009988518869
Muon momentum,1150,1205862400,block02.down,0.048558659851551056,0.032759737223386765,0.022008975967764854,0.015487434342503548,0.012077256105840206,0.04049350276268136,,,0.2764934598972104,3.6167220749878184
Muon momentum,1150,1205862400,block04.q,0.04076007381081581,0.023588160052895546,0.01165213156491518,0.004916309844702482,0.0019073121948167682,0.014572681747512382,,,0.5840619981246711,1.7121470035900963
Muon momentum,1150,1205862400,block04.k,0.042492762207984924,0.02386368066072464,0.011475801467895508,0.004835186526179314,0.0018054726533591747,0.01579271376152981,,,0.24252810614093878,4.123233450802096
Muon momentum,1150,1205862400,block04.v,0.01597205176949501,0.008214996196329594,0.003809199435636401,0.001562889781780541,0.0005992099177092314,0.07227266913050717,,,0.8422506229413926,1.1872950553692665
Muon momentum,1150,1205862400,block04.o,0.057413361966609955,0.03090759366750717,0.01484146248549223,0.006297409534454346,0.0023494213819503784,0.02303396155182741,,,0.2723108023016927,3.672274443567985
Muon momentum,1150,1205862400,block04.up,0.03419337421655655,0.02247062884271145,0.014117933809757233,0.009357503615319729,0.0069912816397845745,0.03603017556021516,,,0.6703456477951342,1.4917677220537608
Muon momentum,1150,1205862400,block04.down,0.05761127546429634,0.038278982043266296,0.02544509246945381,0.017760848626494408,0.013936365954577923,0.031907021338279544,,,0.12767807987246105,7.8321979857381185
Muon momentum,1150,1205862400,block06.q,0.04445665702223778,0.025462158024311066,0.01258082129061222,0.005361682269722223,0.0020047659054398537,0.014765267641467269,,,0.5451522346231776,1.8343499970998451
Muon momentum,1150,1205862400,block06.k,0.05475401505827904,0.030843110755085945,0.014885050244629383,0.006268860772252083,0.002390085719525814,0.01265425841586869,,,0.12998614936961772,7.693127343563996
Muon momentum,1150,1205862400,block06.v,0.017449278384447098,0.009223494678735733,0.004358416423201561,0.0018204818479716778,0.0006912469398230314,0.04981366251447045,,,0.8575200435323929,1.1661534999003496
Muon momentum,1150,1205862400,block06.o,0.06133993715047836,0.035037778317928314,0.017335426062345505,0.007340812124311924,0.002753570443019271,0.016234960397833505,,,0.20290364810131223,4.928447612241491
Muon momentum,1150,1205862400,block06.up,0.0435706190764904,0.02856254018843174,0.018461979925632477,0.012541908770799637,0.009645163081586361,0.026263957002714562,,,0.5261512457570952,1.9005941885798814
Muon momentum,1150,1205862400,block06.down,0.05691336840391159,0.037055205553770065,0.024496344849467278,0.017013173550367355,0.013293124735355377,0.029883033462877257,,,0.23899200700537282,4.184240354019534
Muon momentum,1150,1205862400,block08.q,0.05529845878481865,0.031539734452962875,0.015656664967536926,0.006669338326901197,0.002577029401436448,0.009710091763304684,,,0.30428936624957714,3.2863455345981536
Muon momentum,1150,1205862400,block08.k,0.056253232061862946,0.03220314159989357,0.015858735889196396,0.006825496442615986,0.0025752773508429527,0.009766051859291814,,,0.13573068679664235,7.367530685954929
Muon momentum,1150,1205862400,block08.v,0.029099080711603165,0.015452047809958458,0.007470908109098673,0.0031731168273836374,0.0012208183761686087,0.023198158069213517,,,0.7316433320249338,1.3667861869694737
Muon momentum,1150,1205862400,block08.o,0.030257191509008408,0.016556566581130028,0.00813591480255127,0.003439972409978509,0.0013066557003185153,0.026442375323376413,,,0.769663175861016,1.2992696433492588
Muon momentum,1150,1205862400,block08.up,0.044942956417798996,0.03049607202410698,0.020246341824531555,0.014108438976109028,0.010970509611070156,0.026297719898012963,,,0.46915584118109166,2.131487902788373
Muon momentum,1150,1205862400,block08.down,0.031222546473145485,0.019169345498085022,0.012031586840748787,0.00820427667349577,0.006360354367643595,0.06031959220337698,,,0.70985732352813,1.4087337931935449
Muon momentum,1175,1232076800,block02.q,0.02508358471095562,0.013150478713214397,0.005305882543325424,0.001882141805253923,0.0006489029037766159,0.023257164345877903,,,0.39680064046027397,2.5201572226295736
Muon momentum,1175,1232076800,block02.k,0.029656274244189262,0.015142747201025486,0.006059381645172834,0.002171779051423073,0.0007577096694149077,0.02053914430303118,,,0.35788869427415193,2.7941648227478635
Muon momentum,1175,1232076800,block02.v,0.01491465326398611,0.007427720353007317,0.0028940648771822453,0.0010051274439319968,0.0003500759194139391,0.09257214830932507,,,0.8930844681387704,1.1197149157504067
Muon momentum,1175,1232076800,block02.o,0.039700884371995926,0.021432766690850258,0.010193598456680775,0.004178986418992281,0.001550671411678195,0.038614318397945026,,,0.38238241093182523,2.615183050818437
Muon momentum,1175,1232076800,block02.up,0.031092995777726173,0.020061660557985306,0.011139423586428165,0.0064100767485797405,0.004492784850299358,0.043104664036130516,,,0.6920557267193637,1.444970341825538
Muon momentum,1175,1232076800,block02.down,0.05025641992688179,0.0338236428797245,0.022655928507447243,0.01591227948665619,0.012475158087909222,0.03950751355172307,,,0.2515759789291714,3.9749422987698666
Muon momentum,1175,1232076800,block04.q,0.0400150902569294,0.023236045613884926,0.011412223801016808,0.004886950366199017,0.0018117710715159774,0.014881597459068573,,,0.6034451514133252,1.6571514373061182
Muon momentum,1175,1232076800,block04.k,0.04311321675777435,0.023794399574398994,0.011533636599779129,0.0048291729763150215,0.001813192036934197,0.01569395835860198,,,0.18880867174834748,5.296366902749277
Muon momentum,1175,1232076800,block04.v,0.017215363681316376,0.008768035098910332,0.003989997319877148,0.0016660098917782307,0.0006209422717802227,0.06909099519794758,,,0.8584677880913318,1.1648660717058967
Muon momentum,1175,1232076800,block04.o,0.05827796459197998,0.03155224397778511,0.014966169372200966,0.006297551095485687,0.002456344896927476,0.022867488905487215,,,0.22571526267687236,4.430360570838189
Muon momentum,1175,1232076800,block04.up,0.03592109680175781,0.02328076772391796,0.014538710936903954,0.009561823680996895,0.00723875779658556,0.03521798488742568,,,0.6550697322703094,1.5265550379411483
Muon momentum,1175,1232076800,block04.down,0.058863140642642975,0.03887874260544777,0.025856897234916687,0.017989670857787132,0.013985403813421726,0.03178743407545135,,,0.1251914999957373,7.9877627477428526
Muon momentum,1175,1232076800,block06.q,0.0428595133125782,0.024399470537900925,0.01209308672696352,0.005244347266852856,0.001954857259988785,0.015401262382624202,,,0.5477815753749979,1.8255451533130231
Muon momentum,1175,1232076800,block06.k,0.0534665584564209,0.030281489714980125,0.014639963395893574,0.006242759991437197,0.002370573580265045,0.012970087187475832,,,0.12649178247305404,7.9056518965018565
Muon momentum,1175,1232076800,block06.v,0.02003408782184124,0.010559430345892906,0.005006135441362858,0.0021035282406955957,0.0007907352992333472,0.04392505025782363,,,0.8266292724535482,1.2097321415098983
Muon momentum,1175,1232076800,block06.o,0.06271716952323914,0.03624468296766281,0.017810363322496414,0.007392685394734144,0.002725547645241022,0.015988763600118444,,,0.14145244575225835,7.069513677772762
Muon momentum,1175,1232076800,block06.up,0.0462806336581707,0.030383458361029625,0.019514989107847214,0.013234363868832588,0.01013903133571148,0.025033674701138865,,,0.4784793742690141,2.0899542462571707
Muon momentum,1175,1232076800,block06.down,0.060272201895713806,0.03921132534742355,0.025848787277936935,0.018039658665657043,0.014007752761244774,0.028527194874615514,,,0.1638439294369256,6.1033692455781
Muon momentum,1175,1232076800,block08.q,0.04943642392754555,0.028141561895608902,0.014004415832459927,0.005985482130199671,0.0022664167918264866,0.010903266803963947,,,0.41935317596045607,2.3846248396943044
Muon momentum,1175,1232076800,block08.k,0.05104837194085121,0.029371589422225952,0.014469916000962257,0.006166921462863684,0.0023594647645950317,0.01089050137538441,,,0.20366318547573403,4.910067559162024
Muon momentum,1175,1232076800,block08.v,0.030695367604494095,0.01637488603591919,0.00783588457852602,0.0033562621101737022,0.0013044294901192188,0.02216589740979107,,,0.6900388889406806,1.449193684627194
Muon momentum,1175,1232076800,block08.o,0.03938717767596245,0.021654553711414337,0.010401401668787003,0.004415537696331739,0.0016691993223503232,0.020561371890915583,,,0.5846208753266637,1.710510250666705
Muon momentum,1175,1232076800,block08.up,0.05172078683972359,0.0343656986951828,0.022880004718899727,0.015895340591669083,0.012272711843252182,0.023396707916057077,,,0.29147656879345973,3.4308075058637044
Muon momentum,1175,1232076800,block08.down,0.047002457082271576,0.02839103527367115,0.017884064465761185,0.012222163379192352,0.00939170178025961,0.04100081008724953,,,0.2990956702191774,3.3434118229367873
Muon momentum,1200,1258291200,block02.q,0.028849786147475243,0.015231460332870483,0.00622234120965004,0.0021997245494276285,0.0007625165744684637,0.019847752334463457,,,0.5003349378168878,1.9986611455983898
Muon momentum,1200,1258291200,block02.k,0.030446218326687813,0.015875132754445076,0.006261621601879597,0.0022368542850017548,0.0007805947097949684,0.019857491286311372,,,0.4795950438238492,2.0850924397110546
Muon momentum,1200,1258291200,block02.v,0.016353605315089226,0.007940007373690605,0.0031229807063937187,0.001086951931938529,0.0003844010061584413,0.08614896350681284,,,0.8614116342421454,1.160885179917244
Muon momentum,1200,1258291200,block02.o,0.04005466029047966,0.021454796195030212,0.01005665585398674,0.00409838417544961,0.0015476337866857648,0.038950864299891905,,,0.3599134163471298,2.7784460222386334
Muon momentum,1200,1258291200,block02.up,0.03085971623659134,0.019804175943136215,0.010939781554043293,0.006249170750379562,0.004421315621584654,0.04386329130788073,,,0.6886835993981464,1.4520456140873965
Muon momentum,1200,1258291200,block02.down,0.049446143209934235,0.0334511436522007,0.02224409021437168,0.0155988410115242,0.01212409045547247,0.040166902004779785,,,0.2774249662334114,3.604578252552261
Muon momentum,1200,1258291200,block04.q,0.039903853088617325,0.02267618291079998,0.011213400401175022,0.004744592122733593,0.0018298273207619786,0.015178459886553383,,,0.6239294940119322,1.6027451973297415
Muon momentum,1200,1258291200,block04.k,0.0438050739467144,0.02493922971189022,0.011966130696237087,0.005096363369375467,0.0018823868595063686,0.01525806656003814,,,0.17068320582605967,5.85880722804728
Muon momentum,1200,1258291200,block04.v,0.017881395295262337,0.009256042540073395,0.004182511009275913,0.0017194886459037662,0.0006473091780208051,0.06554133005144332,,,0.8372094414003328,1.194444246026873
Muon momentum,1200,1258291200,block04.o,0.056926339864730835,0.03124602511525154,0.015100514516234398,0.006325189955532551,0.002420533448457718,0.02285475901655698,,,0.21949556211433574,4.555900767957658
Muon momentum,1200,1258291200,block04.up,0.03614777699112892,0.023683449253439903,0.014733477495610714,0.009678587317466736,0.00731072248890996,0.03453755594756315,,,0.6458449265454789,1.548359302516844
Muon momentum,1200,1258291200,block04.down,0.05795466527342796,0.03885386139154434,0.025708314031362534,0.01796518824994564,0.014026390388607979,0.03173501542077227,,,0.1306324989104759,7.655062931049896
Muon momentum,1200,1258291200,block06.q,0.04676072299480438,0.026587963104248047,0.013191386125981808,0.005659237504005432,0.0021621931809931993,0.014164231514225013,,,0.5012312593427772,1.99508706083339
Muon momentum,1200,1258291200,block06.k,0.05618520826101303,0.03196584805846214,0.015523508191108704,0.0065983873791992664,0.002460932359099388,0.012317733409547102,,,0.11966043779427427,8.356980957392501
Muon momentum,1200,1258291200,block06.v,0.020610064268112183,0.011044369079172611,0.005237415432929993,0.0021979499142616987,0.0008300031768158078,0.04178061532931929,,,0.8039166920780225,1.2439099845223105
Muon momentum,1200,1258291200,block06.o,0.06437527388334274,0.03632928058505058,0.017887266352772713,0.007495023310184479,0.0028532210271805525,0.01571521926275309,,,0.132231174421805,7.562513184750929
Muon momentum,1200,1258291200,block06.up,0.04692252352833748,0.031006356701254845,0.019843989983201027,0.013530010357499123,0.010304584167897701,0.0245929344841198,,,0.4617898119169048,2.16548735852133
Muon momentum,1200,1258291200,block06.down,0.06025244668126106,0.039198774844408035,0.025616295635700226,0.017860569059848785,0.013983186334371567,0.02855693595309697,,,0.17180113197956448,5.820683417376719
Muon momentum,1200,1258291200,block08.q,0.05364404618740082,0.03019096329808235,0.015151960775256157,0.006462995894253254,0.002360758138820529,0.010156656923287434,,,0.3443144894168313,2.9043215744237467
Muon momentum,1200,1258291200,block08.k,0.055062003433704376,0.031680092215538025,0.015541345812380314,0.0065474011935293674,0.0024914925452321768,0.010102087510787052,,,0.13535112195951626,7.388191435155607
Muon momentum,1200,1258291200,block08.v,0.029315229505300522,0.015468098223209381,0.007486190181225538,0.003163494635373354,0.0011910567991435528,0.02291010272405159,,,0.709629248425486,1.4091865607551886
Muon momentum,1200,1258291200,block08.o,0.03796396031975746,0.019992152228951454,0.009843937121331692,0.004084920976310968,0.0015590472612529993,0.021745314730286312,,,0.6350956439202946,1.5745659879309477
Muon momentum,1200,1258291200,block08.up,0.05256935581564903,0.03495603799819946,0.023165946826338768,0.016134483739733696,0.012555974535644054,0.02301157974794102,,,0.26624914416339607,3.7558806175403285
Muon momentum,1200,1258291200,block08.down,0.04235927015542984,0.025917693972587585,0.016286928206682205,0.011120336130261421,0.008547356352210045,0.04477021624764655,,,0.42122380928782377,2.3740348431175606
Muon momentum,1225,1284505600,block02.q,0.025401636958122253,0.013427036814391613,0.005424407310783863,0.0019562765955924988,0.0006732348119840026,0.022121259165410242,,,0.4095494766557408,2.4417074297486656
Muon momentum,1225,1284505600,block02.k,0.03041195124387741,0.015885518863797188,0.006414293311536312,0.0022392405662685633,0.0007775549311190844,0.019206320261690668,,,0.3331105016018796,3.002006827137381
Muon momentum,1225,1284505600,block02.v,0.016277702525258064,0.00811256468296051,0.0031320962589234114,0.0011131123173981905,0.00039630415267311037,0.08291978351067504,,,0.8668779702679927,1.153564901056204
Muon momentum,1225,1284505600,block02.o,0.04048515111207962,0.02237846329808235,0.010584543459117413,0.0043223267421126366,0.0015825483715161681,0.03676070159274818,,,0.34547306502748043,2.8945816656371046
Muon momentum,1225,1284505600,block02.up,0.030188757926225662,0.019560648128390312,0.010736186057329178,0.006195215508341789,0.004334929399192333,0.043742389861423384,,,0.7003281769380578,1.4279019935655786
Muon momentum,1225,1284505600,block02.down,0.050375841557979584,0.033699970692396164,0.022691136226058006,0.015950974076986313,0.012443969957530499,0.03873607187892466,,,0.24504834317726765,4.0808274279030785
Muon momentum,1225,1284505600,block04.q,0.04076904058456421,0.02391948737204075,0.011686459183692932,0.004994580987840891,0.0018306572455912828,0.014388115139725224,,,0.587010752947382,1.7035463063989855
Muon momentum,1225,1284505600,block04.k,0.04425888881087303,0.02465035393834114,0.01184083241969347,0.004987755324691534,0.0018632212886586785,0.015255309872654135,,,0.19945256272340917,5.013723495680273
Muon momentum,1225,1284505600,block04.v,0.0167533066123724,0.008695617318153381,0.003991249483078718,0.0016164634143933654,0.0006036345730535686,0.0683173034118176,,,0.856675542399902,1.1673030809290843
Muon momentum,1225,1284505600,block04.o,0.06049879267811775,0.0325474888086319,0.01558667328208685,0.006593811791390181,0.0025045734364539385,0.021808271548303344,,,0.23048411145020342,4.338693863572683
Muon momentum,1225,1284505600,block04.up,0.0344591960310936,0.02294694073498249,0.014378889463841915,0.009509065188467503,0.0071879359893500805,0.034968034410101476,,,0.6687538240198734,1.4953185523321701
Muon momentum,1225,1284505600,block04.down,0.05826510861515999,0.03903477266430855,0.025880509987473488,0.018072005361318588,0.014102211222052574,0.030967826653887736,,,0.13520531408706038,7.396158995319427
Muon momentum,1225,1284505600,block06.q,0.04579081013798714,0.026747016236186028,0.013222593814134598,0.005668007768690586,0.00212014839053154,0.01402967906764641,,,0.5091181768547273,1.9641805094799079
Muon momentum,1225,1284505600,block06.k,0.05580700561404228,0.032129984349012375,0.015456672757863998,0.006599773652851582,0.0025117050390690565,0.01221343512254609,,,0.11293996085215952,8.854261967639765
Muon momentum,1225,1284505600,block06.v,0.019827712327241898,0.01069655828177929,0.00513677392154932,0.002138627227395773,0.0008064559078775346,0.04234359581008697,,,0.8238005959765502,1.2138859875605934
Muon momentum,1225,1284505600,block06.o,0.0653945803642273,0.03737792372703552,0.01846761628985405,0.00779454642906785,0.0029246844351291656,0.01518635181015661,,,0.141064980018478,7.088931638944057
Muon momentum,1225,1284505600,block06.up,0.047521501779556274,0.030885307118296623,0.02020329423248768,0.013680895790457726,0.010486212559044361,0.024001651201355736,,,0.4631520060925709,2.159118360377194
Muon momentum,1225,1284505600,block06.down,0.06097943335771561,0.04033315181732178,0.026433628052473068,0.01839992217719555,0.01437939889729023,0.027379565093690574,,,0.14715668561493445,6.795477866474273
Muon momentum,1225,1284505600,block08.q,0.05415954440832138,0.030559400096535683,0.015286295674741268,0.0066161369904875755,0.0024638983886688948,0.00992457761313323,,,0.3520741878645737,2.840310464295249
Muon momentum,1225,1284505600,block08.k,0.05655527114868164,0.03247738629579544,0.01602807082235813,0.006963969673961401,0.002642987994477153,0.009754178723144437,,,0.20194847398855487,4.951758140329763
Muon momentum,1225,1284505600,block08.v,0.02953391708433628,0.015848249197006226,0.007707186508923769,0.003289229702204466,0.0012571180704981089,0.022039880045385294,,,0.7169443139737588,1.3948084677000472
Muon momentum,1225,1284505600,block08.o,0.03966650366783142,0.02187502384185791,0.010710678063333035,0.004510956816375256,0.001720087486319244,0.0198401533884409,,,0.6009403219310094,1.6640587484405887
Muon momentum,1225,1284505600,block08.up,0.05353918299078941,0.036362119019031525,0.024167174473404884,0.01689334586262703,0.013152401894330978,0.021813797207377153,,,0.24097805034740816,4.149755542292508
Muon momentum,1225,1284505600,block08.down,0.04691024497151375,0.028758352622389793,0.018240392208099365,0.012469298206269741,0.009585030376911163,0.039541542952537395,,,0.3277981442725064,3.050657904788735
Muon momentum,1250,1310720000,block02.q,0.023266924545168877,0.012340434826910496,0.00496481591835618,0.0017662150785326958,0.0005982873844914138,0.024369682639062803,,,0.6399158124001048,1.562705563172979
Muon momentum,1250,1310720000,block02.k,0.024867042899131775,0.012841328978538513,0.005131482612341642,0.0018370996695011854,0.0006410170462913811,0.02385127752371669,,,0.602279832188529,1.6603577715133826
Muon momentum,1250,1310720000,block02.v,0.01397914532572031,0.007011299021542072,0.002747431630268693,0.0009755868813954294,0.0003391362552065402,0.09529935665399304,,,0.8791530305497872,1.1374584005865735
Muon momentum,1250,1310720000,block02.o,0.039245959371328354,0.021387707442045212,0.010144393891096115,0.004171557724475861,0.0015751251485198736,0.038129876897218584,,,0.380369168976987,2.6290248567977437
Muon momentum,1250,1310720000,block02.up,0.029745209962129593,0.019453637301921844,0.010674758814275265,0.006170468404889107,0.004304941277951002,0.04385408843932809,,,0.7030255139582096,1.4224234827122415
Muon momentum,1250,1310720000,block02.down,0.04957199469208717,0.033753037452697754,0.0225777979940176,0.01591893658041954,0.012400894425809383,0.0387402865298134,,,0.2838313379527335,3.523219131520037
Muon momentum,1250,1310720000,block04.q,0.03874973580241203,0.022716136649250984,0.011247064918279648,0.004794103559106588,0.0018283886602148414,0.014892114884006998,,,0.6269275476998395,1.595080649540671
Muon momentum,1250,1310720000,block04.k,0.044632960110902786,0.025208288803696632,0.012241972610354424,0.005165678448975086,0.0019345202017575502,0.014724565788091821,,,0.18101190969073233,5.524498369795384
Muon momentum,1250,1310720000,block04.v,0.01665227673947811,0.008679191581904888,0.0039440905675292015,0.0015966719947755337,0.000619061291217804,0.06858922017034426,,,0.8563011020364719,1.167813515154635
Muon momentum,1250,1310720000,block04.o,0.05816945061087608,0.03214416280388832,0.015251933597028255,0.00647445023059845,0.002477610018104315,0.02209577913364652,,,0.24530319116147226,4.0765878147167856
Muon momentum,1250,1310720000,block04.up,0.03635973110795021,0.0239766426384449,0.014995497651398182,0.009912188164889812,0.007531822193413973,0.033428521140290345,,,0.6402201460338155,1.5619627189101004
Muon momentum,1250,1310720000,block04.down,0.05860384553670883,0.03891187161207199,0.02575923129916191,0.018119052052497864,0.014200163073837757,0.030970832501803696,,,0.1528492617215358,6.542393392922122
Muon momentum,1250,1310720000,block06.q,0.04544404149055481,0.02616160735487938,0.013002969324588776,0.005608745384961367,0.0021164969075471163,0.014280950113501159,,,0.5078074144581848,1.9692504904974062
Muon momentum,1250,1310720000,block06.k,0.05541005730628967,0.031715910881757736,0.015248315408825874,0.006474719848483801,0.002494968008249998,0.012341656457965948,,,0.14586241587699078,6.8557756567210815
Muon momentum,1250,1310720000,block06.v,0.020221110433340073,0.010778643190860748,0.005089937709271908,0.0021438663825392723,0.0008201627642847598,0.042342831715955605,,,0.8284506936782101,1.2070724397128982
Muon momentum,1250,1310720000,block06.o,0.06417088210582733,0.036851219832897186,0.017835460603237152,0.007619127165526152,0.002837799722328782,0.015444653544076871,,,0.15094204920842458,6.625059121989095
Muon momentum,1250,1310720000,block06.up,0.04678534343838692,0.030641257762908936,0.01976294256746769,0.013453176245093346,0.010315182618796825,0.024418325878665943,,,0.47227219846206836,2.1174229676369936
Muon momentum,1250,1310720000,block06.down,0.060167767107486725,0.0397358238697052,0.02604224532842636,0.018115641549229622,0.014138231053948402,0.02782788270555212,,,0.15701888823640786,6.368660555629451
Muon momentum,1250,1310720000,block08.q,0.05405236408114433,0.030928539112210274,0.015369932167232037,0.006503988057374954,0.0025411881506443024,0.009890898087048515,,,0.34781672344707104,2.8750773973413466
Muon momentum,1250,1310720000,block08.k,0.054768603295087814,0.031363505870103836,0.015687568113207817,0.0066432044841349125,0.002532237907871604,0.009967983574818031,,,0.1312438050091922,7.619407254536402
Muon momentum,1250,1310720000,block08.v,0.029854338616132736,0.016024384647607803,0.007710155565291643,0.0032851770520210266,0.0012398092076182365,0.02205145082272843,,,0.7112011087663319,1.4060720486426495
Muon momentum,1250,1310720000,block08.o,0.037234626710414886,0.020439021289348602,0.009972134605050087,0.004156904295086861,0.0015875159297138453,0.021359689266476672,,,0.6656283715693121,1.5023398080859445
Muon momentum,1250,1310720000,block08.up,0.053016964346170425,0.0355013832449913,0.023783748969435692,0.016536250710487366,0.012801864184439182,0.022322881482108713,,,0.241957602880575,4.1329554768881485
Muon momentum,1250,1310720000,block08.down,0.0449468269944191,0.0273993369191885,0.017168113961815834,0.011784911155700684,0.009041986428201199,0.04199159048938048,,,0.3581315648301917,2.792269931510088
Muon momentum,1275,1336934400,block02.q,0.027563104405999184,0.014778421260416508,0.005895217880606651,0.002077150624245405,0.0007294071838259697,0.020429855593073042,,,0.47088396848053904,2.123665418525134
Muon momentum,1275,1336934400,block02.k,0.029987994581460953,0.015456768684089184,0.006286595948040485,0.0022400259040296078,0.0007857195450924337,0.019674269692096878,,,0.3653001273050904,2.7374750930892024
Muon momentum,1275,1336934400,block02.v,0.016329914331436157,0.008003770373761654,0.0031512142159044743,0.0011068093590438366,0.0003909500373993069,0.08414337390875219,,,0.8643558643996272,1.1569308906055609
Muon momentum,1275,1336934400,block02.o,0.039573218673467636,0.021547803655266762,0.010143925435841084,0.004188009072095156,0.0015527262585237622,0.03856398862736736,,,0.33099228563150973,3.0212184495238947
Muon momentum,1275,1336934400,block02.up,0.029666027054190636,0.01925875060260296,0.010607859119772911,0.006081896368414164,0.004285282921046019,0.04474947429624665,,,0.7043388088878579,1.4197712626100887
Muon momentum,1275,1336934400,block02.down,0.05137529969215393,0.034769851714372635,0.02325351908802986,0.01637434959411621,0.012705291621387005,0.03811232575532371,,,0.21040282037884683,4.752788000652374
Muon momentum,1275,1336934400,block04.q,0.03620550036430359,0.02075302042067051,0.01024728361517191,0.004325066227465868,0.0016510830027982593,0.01653282297227619,,,0.6773933839562041,1.476247072505588
Muon momentum,1275,1336934400,block04.k,0.041489481925964355,0.02296012081205845,0.011155307292938232,0.004704968072474003,0.0017965432489290833,0.01640704800438907,,,0.2449885682655415,4.081823111501703
Muon momentum,1275,1336934400,block04.v,0.018189458176493645,0.009273206815123558,0.004216829314827919,0.0017242920584976673,0.0006695283809676766,0.0651898587223782,,,0.8273202569097613,1.2087217636072864
Muon momentum,1275,1336934400,block04.o,0.058900535106658936,0.032108087092638016,0.015335535630583763,0.006528811063617468,0.0023862351663410664,0.02248764206650509,,,0.1887531473423678,5.297924903928415
Muon momentum,1275,1336934400,block04.up,0.03593425080180168,0.023406190797686577,0.014677555300295353,0.009672154672443867,0.007326406892389059,0.034641422610060944,,,0.6548293169986188,1.5271155002397507
Muon momentum,1275,1336934400,block04.down,0.05859759449958801,0.039331354200839996,0.02590879797935486,0.018184315413236618,0.014086888171732426,0.031209436698857375,,,0.11977155562956998,8.349227784039181
Muon momentum,1275,1336934400,block06.q,0.047821495682001114,0.027239695191383362,0.013450589030981064,0.005706779193133116,0.0021604690700769424,0.013871607122573766,,,0.4590044053453859,2.1786283276465124
Muon momentum,1275,1336934400,block06.k,0.05579468607902527,0.0318010188639164,0.015140686184167862,0.006510473787784576,0.0024833178613334894,0.012591984272889142,,,0.10744907284143679,9.306734563226113
Muon momentum,1275,1336934400,block06.v,0.02051668055355549,0.010853745974600315,0.005113181192427874,0.0021314993500709534,0.0007938977796584368,0.042546257186185536,,,0.8205682057098471,1.2186677390637286
Muon momentum,1275,1336934400,block06.o,0.06289748847484589,0.03610139712691307,0.017565783113241196,0.007393687963485718,0.002743966644629836,0.015822445371395568,,,0.12955143468060726,7.718941920368339
Muon momentum,1275,1336934400,block06.up,0.04557403549551964,0.029778514057397842,0.019221358001232147,0.013033220544457436,0.01006962638348341,0.025295237056183258,,,0.4911939947732016,2.035855508497674
Muon momentum,1275,1336934400,block06.down,0.06068569794297218,0.03958176076412201,0.026022251695394516,0.018090395256876945,0.014109737239778042,0.028042135022018393,,,0.15207374545394092,6.575757025086709
Muon momentum,1275,1336934400,block08.q,0.05221705883741379,0.029154323041439056,0.014434984885156155,0.006251789163798094,0.002340366831049323,0.01064740699326438,,,0.391815838427906,2.5522194406748047
Muon momentum,1275,1336934400,block08.k,0.05345858260989189,0.03054799884557724,0.015202292241156101,0.0064360592514276505,0.002326156245544553,0.010516323887344551,,,0.16483937845912155,6.066511590541999
Muon momentum,1275,1336934400,block08.v,0.030510324984788895,0.01598823256790638,0.007675735745579004,0.003237134078517556,0.0012417664984241128,0.022436908634898143,,,0.6861944456471889,1.457312874424163
Muon momentum,1275,1336934400,block08.o,0.038977183401584625,0.02129325456917286,0.010356356389820576,0.004363061394542456,0.0016465485095977783,0.02073465679629113,,,0.5989037310712462,1.6697174322345958
Muon momentum,1275,1336934400,block08.up,0.05196515843272209,0.03408904746174812,0.022891465574502945,0.01592111773788929,0.012304496951401234,0.023327359086042432,,,0.2939524971318406,3.4019102057550823
Muon momentum,1275,1336934400,block08.down,0.04437977820634842,0.026697738096117973,0.01684335246682167,0.011496112681925297,0.008866594173014164,0.04330179591362382,,,0.4161029454974283,2.4032514328985455
Muon momentum,1300,1363148800,block02.q,0.026169119402766228,0.01394900307059288,0.005581601057201624,0.00200345809571445,0.0007115736952982843,0.021312920883115143,,,0.412680397543582,2.4231827001048503
Muon momentum,1300,1363148800,block02.k,0.030771639198064804,0.015821129083633423,0.006347056943923235,0.0022836581338196993,0.0007886193925514817,0.019005340943488835,,,0.2923547051259199,3.4205025007868124
Muon momentum,1300,1363148800,block02.v,0.013865258544683456,0.0068602669052779675,0.0027231986168771982,0.0009557384764775634,0.00033091241493821144,0.09550547932922315,,,0.8891760796485784,1.1246366415920923
Muon momentum,1300,1363148800,block02.o,0.038015738129615784,0.02077283151447773,0.009971309453248978,0.004065820947289467,0.0015033212257549167,0.038600386501774435,,,0.39571787114040546,2.5270529155484818
Muon momentum,1300,1363148800,block02.up,0.02925008535385132,0.01911003515124321,0.010580780915915966,0.006171273533254862,0.004310884512960911,0.043658845903454535,,,0.6999661909687269,1.428640429927105
Muon momentum,1300,1363148800,block02.down,0.048062242567539215,0.03308272361755371,0.022230733186006546,0.015650451183319092,0.012243610806763172,0.038676225114423826,,,0.29442650643929724,3.396433330998929
Muon momentum,1300,1363148800,block04.q,0.039243582636117935,0.02290530689060688,0.011239663697779179,0.004812326282262802,0.0018163069617003202,0.014646181236363976,,,0.6122979927698999,1.6331917004598078
Muon momentum,1300,1363148800,block04.k,0.04429491236805916,0.02506094053387642,0.012237532995641232,0.005227058660238981,0.0019246847368776798,0.01455480896878696,,,0.18871816390903096,5.298907001246772
Muon momentum,1300,1363148800,block04.v,0.015889449045062065,0.008150864392518997,0.0037935359869152308,0.00152073975186795,0.0005683122435584664,0.07114321255168293,,,0.8633076220493798,1.1583356551702049
Muon momentum,1300,1363148800,block04.o,0.05785825103521347,0.03206256031990051,0.015342917293310165,0.006473786197602749,0.002503495430573821,0.021861076292700912,,,0.25678902577125484,3.894247415739605
Muon momentum,1300,1363148800,block04.up,0.03437139838933945,0.022616926580667496,0.014283576048910618,0.009426340460777283,0.007143854629248381,0.03468930369220886,,,0.6689756235618951,1.4948227779595287
Muon momentum,1300,1363148800,block04.down,0.05705360323190689,0.03858036547899246,0.025622306391596794,0.017895570024847984,0.014028452336788177,0.030690038571807167,,,0.17142820786517632,5.833345704613987
Muon momentum,1300,1363148800,block06.q,0.04625431448221207,0.02670719474554062,0.013245821930468082,0.005680141970515251,0.0021809993777424097,0.013845263608093041,,,0.506463388212083,1.974476385213549
Muon momentum,1300,1363148800,block06.k,0.05765184387564659,0.03274237737059593,0.0158234816044569,0.006701858248561621,0.0025943724904209375,0.011721989947271248,,,0.11046808219745774,9.052388528050445
Muon momentum,1300,1363148800,block06.v,0.01899370551109314,0.010238396935164928,0.00486930925399065,0.002071983413770795,0.0007758676074445248,0.043323855576329735,,,0.8319920071017037,1.2019346237274113
Muon momentum,1300,1363148800,block06.o,0.06312490254640579,0.03625011444091797,0.017966313287615776,0.00753427017480135,0.0028999531641602516,0.015439768605035013,,,0.17276337010280773,5.788264024977758
Muon momentum,1300,1363148800,block06.up,0.04559700936079025,0.02991352789103985,0.01939568668603897,0.013193026185035706,0.010112522169947624,0.024481934833803915,,,0.4891515330976439,2.044356262500727
Muon momentum,1300,1363148800,block06.down,0.05991167575120926,0.039257463067770004,0.02581799402832985,0.018070751801133156,0.014069882221519947,0.027515929084928902,,,0.1715830025531071,5.82808311499554
Muon momentum,1300,1363148800,block08.q,0.05387022718787193,0.030695771798491478,0.015267355367541313,0.006585048511624336,0.0024623838253319263,0.009837717071507296,,,0.3365400065153068,2.9714149302915556
Muon momentum,1300,1363148800,block08.k,0.05594872310757637,0.03252000734210014,0.01601211167871952,0.006897551007568836,0.002652972936630249,0.009613324238553517,,,0.13860305084223512,7.214848402855502
Muon momentum,1300,1363148800,block08.v,0.027171369642019272,0.014362071640789509,0.006965996231883764,0.0029591599013656378,0.0010917437030002475,0.02380164128001236,,,0.7592249415540806,1.3171327037189657
Muon momentum,1300,1363148800,block08.o,0.03516462817788124,0.019316405057907104,0.009468900971114635,0.0040688058361411095,0.0015487064374610782,0.02196344730322875,,,0.685678183085944,1.4584101181394282
Muon momentum,1300,1363148800,block08.up,0.0493839755654335,0.032901111990213394,0.02195470780134201,0.015340931713581085,0.011922506615519524,0.023656579081240574,,,0.37274435653842275,2.682803863985314
Muon momentum,1300,1363148800,block08.down,0.03693427890539169,0.02253933623433113,0.014225799590349197,0.009714862331748009,0.007518244441598654,0.0499929489387834,,,0.6116025033642281,1.635048899406596
Muon momentum,1325,1389363200,block02.q,0.026767807081341743,0.014052062295377254,0.005653034429997206,0.0020654750987887383,0.0007059101480990648,0.020662335074413816,,,0.40908058469449315,2.444506137456544
Muon momentum,1325,1389363200,block02.k,0.03114374168217182,0.016160964965820312,0.0064780218526721,0.0023072592448443174,0.0008047163719311357,0.01862454973512941,,,0.30585821673131264,3.269488754256585
Muon momentum,1325,1389363200,block02.v,0.014534296467900276,0.007216221187263727,0.0028948483522981405,0.001007137936539948,0.00035624817246571183,0.0897037426791391,,,0.8856400439089072,1.1291269030545952
Muon momentum,1325,1389363200,block02.o,0.0391998253762722,0.021403780207037926,0.010249577462673187,0.004234285093843937,0.0015180523041635752,0.03718270827872888,,,0.36639719308562135,2.729278550358096
Muon momentum,1325,1389363200,block02.up,0.028112150728702545,0.018241092562675476,0.01003191340714693,0.00580507330596447,0.004095596726983786,0.045604331420116904,,,0.7362318829792436,1.3582677185255678
Muon momentum,1325,1389363200,block02.down,0.0506097748875618,0.034166011959314346,0.02309172786772251,0.016217457130551338,0.01266326755285263,0.03712079082319645,,,0.2324305345339326,4.302360711793699
Muon momentum,1325,1389363200,block04.q,0.03747711703181267,0.021932102739810944,0.010701878927648067,0.004608847200870514,0.0017066732980310917,0.015137128374153923,,,0.6474201030120099,1.5445921363078983
Muon momentum,1325,1389363200,block04.k,0.04254388436675072,0.024067573249340057,0.011675556190311909,0.004948719404637814,0.0018743855180218816,0.01509899680482364,,,0.2118863498341037,4.719511194482086
Muon momentum,1325,1389363200,block04.v,0.01587350107729435,0.008250170387327671,0.0037688473239541054,0.0015634485753253102,0.0005760063068009913,0.07022278455172454,,,0.8740942659620146,1.1440413682378017
Muon momentum,1325,1389363200,block04.o,0.058166611939668655,0.03176891803741455,0.015102947130799294,0.006325339898467064,0.002380451885983348,0.0218934644050376,,,0.25627019753006053,3.902131459834302
Muon momentum,1325,1389363200,block04.up,0.033395905047655106,0.02206796407699585,0.013796532526612282,0.009042694233357906,0.006958496291190386,0.03571604872521583,,,0.6904042422229963,1.4484267894706913
Muon momentum,1325,1389363200,block04.down,0.058322083204984665,0.038392748683691025,0.025494365021586418,0.017837338149547577,0.013956495560705662,0.030554233759998127,,,0.14971880617526612,6.679187642128035
Muon momentum,1325,1389363200,block06.q,0.043114982545375824,0.024361401796340942,0.012250383384525776,0.005236502271145582,0.0020085100550204515,0.015002773413826498,,,0.5597085206893873,1.786644231837511
Muon momentum,1325,1389363200,block06.k,0.053835928440093994,0.030614323914051056,0.014981108717620373,0.006346680223941803,0.002490970538929105,0.012529474108038867,,,0.15768621003998362,6.341708636071826
Muon momentum,1325,1389363200,block06.v,0.0178010743111372,0.00954236276447773,0.004531465005129576,0.001902105868794024,0.0007320064469240606,0.046458122323091745,,,0.8563803079920582,1.167705504981408
Muon momentum,1325,1389363200,block06.o,0.062287766486406326,0.036007415503263474,0.017707157880067825,0.007484694477170706,0.0028007710352540016,0.015457747494796746,,,0.1857525432848215,5.3835063699055885
Muon momentum,1325,1389363200,block06.up,0.04498441517353058,0.029660359025001526,0.019039640203118324,0.012874961830675602,0.009888555854558945,0.02483353178025982,,,0.502302412287591,1.9908325652783339
Muon momentum,1325,1389363200,block06.down,0.05945851653814316,0.03856603056192398,0.025351161137223244,0.017657266929745674,0.013820442371070385,0.027987041401956528,,,0.1834185983896397,5.452009822230135
Muon momentum,1325,1389363200,block08.q,0.05261344462633133,0.03011224791407585,0.014989463612437248,0.00652667973190546,0.002518162364140153,0.010042570597982506,,,0.36647289103007097,2.728714795763556
Muon momentum,1325,1389363200,block08.k,0.057234909385442734,0.032939884811639786,0.01625116728246212,0.006996430456638336,0.0026322610210627317,0.009571618187106376,,,0.13656063095141135,7.322754684370217
Muon momentum,1325,1389363200,block08.v,0.026136470958590508,0.013946338556706905,0.006751430220901966,0.002854634542018175,0.001090340898372233,0.02465914737921954,,,0.7772250101504063,1.2866286943165697
Muon momentum,1325,1389363200,block08.o,0.033378444612026215,0.018500182777643204,0.008968415670096874,0.0038383568171411753,0.0014125157613307238,0.02319037997138996,,,0.7236961030070042,1.3817954744331706
Muon momentum,1325,1389363200,block08.up,0.048585403710603714,0.032303180545568466,0.021641183644533157,0.01512798573821783,0.01175595074892044,0.02401741257333764,,,0.38944490110381835,2.5677573314367765
Muon momentum,1325,1389363200,block08.down,0.0365598089993,0.022534245625138283,0.014275605790317059,0.009746716357767582,0.007527786772698164,0.04992033344920815,,,0.6017601060368669,1.6617917837490126
Muon momentum,1350,1415577600,block02.q,0.02427377551794052,0.012905317358672619,0.0052193026058375835,0.0018662288784980774,0.0006470461376011372,0.022505595365176108,,,0.505774408765447,1.977166069831244
Muon momentum,1350,1415577600,block02.k,0.023421641439199448,0.011931202374398708,0.004846499767154455,0.0017169190105050802,0.0005944581353105605,0.024969279723372404,,,0.6390428881647701,1.5648401985535612
Muon momentum,1350,1415577600,block02.v,0.015427740290760994,0.007531195413321257,0.0029689189977943897,0.0010293434606865048,0.00036892402567900717,0.08673699048971349,,,0.8802936108779171,1.1359846165448135
Muon momentum,1350,1415577600,block02.o,0.041000980883836746,0.02227654494345188,0.010631833225488663,0.004329812712967396,0.0016211322508752346,0.035727647928846674,,,0.37576027427589054,2.6612712105531955
Muon momentum,1350,1415577600,block02.up,0.029505789279937744,0.019141187891364098,0.0105592655017972,0.006075893994420767,0.004257763735949993,0.04374174864486976,,,0.7081080792268182,1.4122137980573504
Muon momentum,1350,1415577600,block02.down,0.05067339539527893,0.034291282296180725,0.022991912439465523,0.016091134399175644,0.012551169842481613,0.037487248474055206,,,0.2598180306672795,3.848847585487978
Muon momentum,1350,1415577600,block04.q,0.03802480548620224,0.022161144763231277,0.0109376460313797,0.004680622834712267,0.0017272295663133264,0.014905151898095945,,,0.6289985328159133,1.5898288276177368
Muon momentum,1350,1415577600,block04.k,0.04367728903889656,0.024090996012091637,0.011761760339140892,0.0049573699943721294,0.00186551280785352,0.015044069393688029,,,0.18475781264233238,5.412491010249579
Muon momentum,1350,1415577600,block04.v,0.017954962328076363,0.009247946552932262,0.0042286342941224575,0.001725426991470158,0.0006396605749614537,0.06373115502534246,,,0.8423164850682952,1.1872022187941862
Muon momentum,1350,1415577600,block04.o,0.06114332005381584,0.03366445377469063,0.015854569151997566,0.0067028929479420185,0.0025346928741782904,0.02119289224787014,,,0.20267104302087446,4.9341039799997635
Muon momentum,1350,1415577600,block04.up,0.03520998731255531,0.023126231506466866,0.01458030380308628,0.0095912404358387,0.007271178532391787,0.03429214465188958,,,0.6665457345399126,1.5002721466521067
Muon momentum,1350,1415577600,block04.down,0.05938534811139107,0.03968694433569908,0.02643868885934353,0.01841934211552143,0.014406233094632626,0.03003498630115279,,,0.1333619289628274,7.498391840738408
Muon momentum,1350,1415577600,block06.q,0.046245794743299484,0.026501862332224846,0.013066730462014675,0.00555082643404603,0.002162042073905468,0.014011322129869675,,,0.5018876640517647,1.9924777427820184
Muon momentum,1350,1415577600,block06.k,0.057344865053892136,0.032677385956048965,0.01578575372695923,0.006691901944577694,0.002541277091950178,0.011799157448459704,,,0.09884868263748103,10.116472706747274
Muon momentum,1350,1415577600,block06.v,0.021839091554284096,0.011648813262581825,0.005483452696353197,0.0023030692245811224,0.0008591850637458265,0.03846797658159049,,,0.7998664931268564,1.2502086393077638
Muon momentum,1350,1415577600,block06.o,0.0636461153626442,0.036664292216300964,0.017913803458213806,0.007591557689011097,0.0028560329228639603,0.015306967640874603,,,0.12867071955833254,7.771775920990732
Muon momentum,1350,1415577600,block06.up,0.04670478403568268,0.03078516013920307,0.01978846825659275,0.013376867398619652,0.010288551449775696,0.024230798966768226,,,0.4722572885785645,2.11748981791234
Muon momentum,1350,1415577600,block06.down,0.06192615628242493,0.0404561385512352,0.02666146121919155,0.01852032169699669,0.014429138042032719,0.026979319827248684,,,0.12650793647372982,7.904642411171226
Muon momentum,1350,1415577600,block08.q,0.05293254554271698,0.029969559982419014,0.015020252205431461,0.006383296102285385,0.002477657049894333,0.010151119337468997,,,0.3457681826585599,2.8921111026212687
Muon momentum,1350,1415577600,block08.k,0.05634579807519913,0.031961213797330856,0.01584944874048233,0.006722734309732914,0.0025940591003745794,0.00986059673864415,,,0.13133265497844437,7.614252526640309
Muon momentum,1350,1415577600,block08.v,0.031462762504816055,0.016420414671301842,0.007989829406142235,0.0033839154057204723,0.0012948481598868966,0.020968110607925926,,,0.6913139351149233,1.446520819566238
Muon momentum,1350,1415577600,block08.o,0.04051731526851654,0.02230105549097061,0.010886799544095993,0.0046454668045043945,0.0017471611499786377,0.019088518756575277,,,0.5780433717565678,1.729973993060734
Muon momentum,1350,1415577600,block08.up,0.05324758589267731,0.03559885546565056,0.023712098598480225,0.01663803867995739,0.012853361666202545,0.022179114173927216,,,0.2520747734600981,3.9670768568925996
Muon momentum,1350,1415577600,block08.down,0.045821256935596466,0.028208784759044647,0.017869876697659492,0.012229410000145435,0.009389117360115051,0.04036858929160095,,,0.3348438216317504,2.98646692994612
Muon momentum,1375,1441792000,block02.q,0.026838835328817368,0.014109478332102299,0.005664881318807602,0.002011900069192052,0.000699205556884408,0.020713475101842387,,,0.4706359756890812,2.124784444146776
Muon momentum,1375,1441792000,block02.k,0.031730543822050095,0.01597806066274643,0.006409972440451384,0.002292097546160221,0.0007819892489351332,0.01877523893869294,,,0.3172155870193052,3.15243021125296
Muon momentum,1375,1441792000,block02.v,0.016121061518788338,0.007957028225064278,0.0031013661064207554,0.001064961077645421,0.00037674763007089496,0.08368945715680406,,,0.8455652995048837,1.1826407736759594
Muon momentum,1375,1441792000,block02.o,0.03984718769788742,0.021577661857008934,0.010074757970869541,0.004145745653659105,0.001465087872929871,0.038180562338339524,,,0.3692045281782299,2.7085258269564334
Muon momentum,1375,1441792000,block02.up,0.02878875657916069,0.018289322033524513,0.010038286447525024,0.005720130633562803,0.004031340125948191,0.04656900936525352,,,0.7229104767953345,1.3832971468791055
Muon momentum,1375,1441792000,block02.down,0.050741925835609436,0.03383558988571167,0.02254832163453102,0.01576317846775055,0.012265912257134914,0.03881760840237434,,,0.26147757886747414,3.8244196857384645
Muon momentum,1375,1441792000,block04.q,0.03861278295516968,0.022313080728054047,0.010815218091011047,0.004590485244989395,0.0017858515493571758,0.015147803280348256,,,0.6038590689335912,1.656015536482692
Muon momentum,1375,1441792000,block04.k,0.04465975612401962,0.02451363019645214,0.011875676922500134,0.005051944870501757,0.0018751737661659718,0.015043825610769267,,,0.19281980017748257,5.186189380341344
Muon momentum,1375,1441792000,block04.v,0.017251577228307724,0.008782920427620411,0.003987922333180904,0.0016312742372974753,0.0006124676438048482,0.06782471914622638,,,0.8409950309425405,1.1890676677117291
Muon momentum,1375,1441792000,block04.o,0.06030365452170372,0.032941363751888275,0.015614252537488937,0.006641265470534563,0.002525379415601492,0.021729289655428488,,,0.20249663652386207,4.938353629800466
Muon momentum,1375,1441792000,block04.up,0.03372005745768547,0.021854545921087265,0.01366705447435379,0.008944506756961346,0.006812330801039934,0.037398158838071016,,,0.6887616559349432,1.451881055490195
Muon momentum,1375,1441792000,block04.down,0.05911510810256004,0.039017338305711746,0.025607921183109283,0.01792960613965988,0.013854012824594975,0.03149515175335234,,,0.12223242486044583,8.181135252300782
Muon momentum,1375,1441792000,block06.q,0.043279316276311874,0.023702094331383705,0.01171748898923397,0.004980813711881638,0.0019070579437538981,0.01582900799867429,,,0.5310265104881751,1.883145154242291
Muon momentum,1375,1441792000,block06.k,0.05354299396276474,0.03031616285443306,0.014610150828957558,0.006160911172628403,0.0022929811384528875,0.013090610216499704,,,0.14386622790249248,6.950901643697541
Muon momentum,1375,1441792000,block06.v,0.019878972321748734,0.010669474489986897,0.005034826695919037,0.002106310334056616,0.0007867183303460479,0.04238433231261964,,,0.8276396122130478,1.20825536289409
Muon momentum,1375,1441792000,block06.o,0.06517411023378372,0.03723185136914253,0.018295694142580032,0.007643629796802998,0.002788856625556946,0.015287846971407417,,,0.14207945892673024,7.038315091808561
Muon momentum,1375,1441792000,block06.up,0.04544315114617348,0.03010253794491291,0.019249940291047096,0.013001319952309132,0.009967268444597721,0.025418368901354467,,,0.4932093164907201,2.02753672034258
Muon momentum,1375,1441792000,block06.down,0.06095433235168457,0.03970112279057503,0.02614543028175831,0.01814962364733219,0.014100765809416771,0.027973572632685476,,,0.14330910014241116,6.9779239350904145
Muon momentum,1375,1441792000,block08.q,0.05217844247817993,0.02894703298807144,0.014266597107052803,0.006151516456156969,0.0023340170737355947,0.010801851879259108,,,0.3904934338267054,2.560862522579019
Muon momentum,1375,1441792000,block08.k,0.05319803208112717,0.03015672042965889,0.014664496295154095,0.006296542007476091,0.002354293130338192,0.010844146873955296,,,0.15689829068293282,6.373555732489434
Muon momentum,1375,1441792000,block08.v,0.02943563088774681,0.015480793081223965,0.007482633460313082,0.003173882607370615,0.0011783645022660494,0.0225839140800797,,,0.7277408668807226,1.3741154929037411
Muon momentum,1375,1441792000,block08.o,0.03494187444448471,0.01910640485584736,0.009406871162354946,0.003942249808460474,0.0015388218453153968,0.022654555285652946,,,0.7047351479104833,1.418972791359942
Muon momentum,1375,1441792000,block08.up,0.04677692428231239,0.031120184808969498,0.02066165767610073,0.01435546763241291,0.011160118505358696,0.02619545867676735,,,0.43719858595865446,2.2872901059532915
Muon momentum,1375,1441792000,block08.down,0.03576548397541046,0.021443165838718414,0.013513808138668537,0.00920676626265049,0.007086439523845911,0.054708776300501104,,,0.6468269818873331,1.5460084814059039
Muon momentum,1400,1468006400,block02.q,0.026928924024105072,0.014290106482803822,0.005736805032938719,0.002033431315794587,0.0007144006667658687,0.019754041955950822,,,0.34670693399036523,2.884280358891782
Muon momentum,1400,1468006400,block02.k,0.03119024820625782,0.016062216833233833,0.006399862002581358,0.002311899559572339,0.0007762312889099121,0.01806766182640779,,,0.2965398975219422,3.3722275092039036
Muon momentum,1400,1468006400,block02.v,0.016941489651799202,0.008514112792909145,0.0033195526339113712,0.0011715545551851392,0.0004036272584926337,0.0761996890898085,,,0.8555164109353086,1.1688846493391425
Muon momentum,1400,1468006400,block02.o,0.041042592376470566,0.022505825385451317,0.01059627253562212,0.004368006717413664,0.0015973992412909865,0.03528551872160571,,,0.40704256954890994,2.456745497426015
Muon momentum,1400,1468006400,block02.up,0.029498688876628876,0.019374292343854904,0.010623600333929062,0.0061025796458125114,0.004300267435610294,0.04330966698054078,,,0.7042511710801058,1.419947940542727
Muon momentum,1400,1468006400,block02.down,0.05087016522884369,0.03469357267022133,0.023202646523714066,0.016282780095934868,0.012752081267535686,0.03680562552616899,,,0.25556564282034344,3.912889029074132
Muon momentum,1400,1468006400,block04.q,0.03826364874839783,0.02218041755259037,0.010905886068940163,0.004615206737071276,0.0017636434640735388,0.014677761544639192,,,0.6159141164064295,1.6236029884077539
Muon momentum,1400,1468006400,block04.k,0.04390456900000572,0.02438642457127571,0.011853883974254131,0.004973497707396746,0.001957882661372423,0.014518518592267493,,,0.15611441722356645,6.405558293619558
Muon momentum,1400,1468006400,block04.v,0.01854320429265499,0.009458178654313087,0.00431926641613245,0.0017536039231345057,0.0006729388260282576,0.060694181977882046,,,0.8080046583217815,1.2376166272073124
Muon momentum,1400,1468006400,block04.o,0.06134895607829094,0.03409026190638542,0.01625821366906166,0.006846215575933456,0.002526757773011923,0.020452594803985088,,,0.19956459331196275,5.0109089162764615
Muon momentum,1400,1468006400,block04.up,0.03495235741138458,0.023087073117494583,0.014453180134296417,0.009476512670516968,0.007183809764683247,0.034738339469381325,,,0.6628700761001625,1.508591254991115
Muon momentum,1400,1468006400,block04.down,0.05981076508760452,0.039950501173734665,0.026344353333115578,0.01841466687619686,0.014363483525812626,0.030130008173590767,,,0.12917232606559992,7.741596288141099
Muon momentum,1400,1468006400,block06.q,0.04743952304124832,0.026559999212622643,0.013051539659500122,0.005574783310294151,0.0021076779812574387,0.013834415045729269,,,0.5053099262827487,1.9789834871370504
Muon momentum,1400,1468006400,block06.k,0.05746720731258392,0.032349858433008194,0.01570640318095684,0.0067298621870577335,0.0025540711358189583,0.011758045454536565,,,0.11123872816460789,8.989674877622015
Muon momentum,1400,1468006400,block06.v,0.02021992765367031,0.010822931304574013,0.005160104017704725,0.0021440384443849325,0.0008093061042018235,0.04022092634517086,,,0.8284332247194612,1.2070978929395761
Muon momentum,1400,1468006400,block06.o,0.06568382680416107,0.03829167038202286,0.018670666962862015,0.007943699136376381,0.002962381113320589,0.014513720538129535,,,0.14909580547693224,6.707096801289408
Muon momentum,1400,1468006400,block06.up,0.046677734702825546,0.030488010495901108,0.01970839686691761,0.013402201235294342,0.010288217104971409,0.024433726880295697,,,0.4797789131478716,2.0842933538677477
Muon momentum,1400,1468006400,block06.down,0.06168992444872856,0.04079390689730644,0.02669478952884674,0.018572691828012466,0.01441992074251175,0.02708487863299564,,,0.13535338061540703,7.388068147639394
Muon momentum,1400,1468006400,block08.q,0.0527668260037899,0.030292712152004242,0.01507048960775137,0.00651200395077467,0.0025316602550446987,0.009964392344550708,,,0.3154737305283426,3.1698360377748114
Muon momentum,1400,1468006400,block08.k,0.05480620265007019,0.03173127770423889,0.01546888705343008,0.006605202332139015,0.002476566005498171,0.010090657202034592,,,0.16412717684997435,6.09283617248886
Muon momentum,1400,1468006400,block08.v,0.0290982648730278,0.015523355454206467,0.007537199184298515,0.0031899157911539078,0.0012235288741067052,0.021672488032270443,,,0.7301914306016535,1.3695038836268363
Muon momentum,1400,1468006400,block08.o,0.03728977218270302,0.020371751859784126,0.010209865868091583,0.0043203458189964294,0.0016541876830160618,0.020605971136505984,,,0.6747213409494748,1.4820933314378195
Muon momentum,1400,1468006400,block08.up,0.05123310536146164,0.03480434790253639,0.023268043994903564,0.016192801296710968,0.012517936527729034,0.023084971179977456,,,0.3373998154828861,2.9638427589795846
Muon momentum,1400,1468006400,block08.down,0.04185545817017555,0.02602452039718628,0.016330968588590622,0.011162865906953812,0.008619462139904499,0.044807464035830434,,,0.5065763970936956,1.9740359119318414
Muon momentum,1425,1494220800,block02.q,0.023405171930789948,0.012507697567343712,0.004985408391803503,0.0017590903444215655,0.0006041284650564194,0.022894521120572758,,,0.4870443560707969,2.0532010843271937
Muon momentum,1425,1494220800,block02.k,0.029688626527786255,0.015301847830414772,0.006005608476698399,0.0021216704044491053,0.000722470402251929,0.019473190698086836,,,0.308191491898814,3.2447359070130393
Muon momentum,1425,1494220800,block02.v,0.013501530513167381,0.006542321760207415,0.002543079201132059,0.0008782456861808896,0.00030498989508487284,0.10142833556524711,,,0.8700398837036118,1.1493725962804946
Muon momentum,1425,1494220800,block02.o,0.03555413335561752,0.0192065741866827,0.0090705007314682,0.003716472303494811,0.0013599038356915116,0.04243772317241354,,,0.43561553434869893,2.295602248196057
Muon momentum,1425,1494220800,block02.up,0.028005234897136688,0.018009545281529427,0.009749711491167545,0.005580664612352848,0.003895381698384881,0.04878419437118779,,,0.7167870618754115,1.395114467305794
Muon momentum,1425,1494220800,block02.down,0.047574732452631,0.0322752483189106,0.021394843235611916,0.015000572428107262,0.011624060571193695,0.04142152476743146,,,0.32069329880927455,3.118244140781777
Muon momentum,1425,1494220800,block04.q,0.03774036094546318,0.02153007686138153,0.010515241883695126,0.00445864861831069,0.0017014393815770745,0.015400451279305657,,,0.6287534035786315,1.5904486469709274
Muon momentum,1425,1494220800,block04.k,0.04411721229553223,0.024367311969399452,0.011789875105023384,0.004944732878357172,0.0018196803284808993,0.014991755037592676,,,0.1409969327165692,7.092352867066911
Muon momentum,1425,1494220800,block04.v,0.01582164503633976,0.008107139728963375,0.0036778266075998545,0.0015081316232681274,0.0005641611060127616,0.07286649245222844,,,0.843500801414482,1.18553532886167
Muon momentum,1425,1494220800,block04.o,0.05993548408150673,0.03207259252667427,0.015408671461045742,0.006501004099845886,0.002493413398042321,0.02201359222014893,,,0.251464658131173,3.9767019645296
Muon momentum,1425,1494220800,block04.up,0.03304199501872063,0.021746419370174408,0.01358098816126585,0.008897082880139351,0.006704556290060282,0.0385973503890305,,,0.6909721231531876,1.4472363884039088
Muon momentum,1425,1494220800,block04.down,0.05867217108607292,0.038958609104156494,0.02567259781062603,0.017863625660538673,0.013873422518372536,0.03218350690530463,,,0.15843187685675364,6.3118610966412465
Muon momentum,1425,1494220800,block06.q,0.04457595944404602,0.02472146600484848,0.01212263386696577,0.005114422179758549,0.0020497473888099194,0.015171698997256079,,,0.5258790734403398,1.9015778541213402
Muon momentum,1425,1494220800,block06.k,0.055929530411958694,0.031355343759059906,0.014991923235356808,0.0064484793692827225,0.0024051780346781015,0.012467414909014174,,,0.1270614618129038,7.8702069512822534
Muon momentum,1425,1494220800,block06.v,0.0190261323004961,0.010272758081555367,0.0048416126519441605,0.0020226966589689255,0.0007786606438457966,0.04373408182426381,,,0.8314930966377041,1.2026558056148449
Muon momentum,1425,1494220800,block06.o,0.06416257470846176,0.03707332909107208,0.01829679124057293,0.0076583619229495525,0.0028056250885128975,0.01536806743643521,,,0.1532840081886775,6.5238377559197085
Muon momentum,1425,1494220800,block06.up,0.045180290937423706,0.02958376519382,0.01895728148519993,0.012837540358304977,0.009826778434216976,0.026383957994577333,,,0.5009914305685506,1.9960421256410497
Muon momentum,1425,1494220800,block06.down,0.061739835888147354,0.040351543575525284,0.026308851316571236,0.01817421242594719,0.014168393798172474,0.028666726819389143,,,0.14154203988437164,7.065038774465303
Muon momentum,1425,1494220800,block08.q,0.04926324635744095,0.027564730495214462,0.013655978254973888,0.005809925962239504,0.0022585575934499502,0.011413880967147832,,,0.394102889405076,2.537408445570052
Muon momentum,1425,1494220800,block08.k,0.05350808799266815,0.030010556802153587,0.014667214825749397,0.0062720817513763905,0.00235829153098166,0.010991119201353346,,,0.13865962012087696,7.21190494484441
Muon momentum,1425,1494220800,block08.v,0.028425438329577446,0.015152022242546082,0.007401225157082081,0.0031577483750879765,0.0011632749810814857,0.02281727206671802,,,0.7116326595326115,1.405219373513272
Muon momentum,1425,1494220800,block08.o,0.03780193254351616,0.0207727812230587,0.010149386711418629,0.004342429339885712,0.0016628318699076772,0.02105775703834472,,,0.6264768295815237,1.5962282286928051
Muon momentum,1425,1494220800,block08.up,0.05314743146300316,0.03586471825838089,0.023836828768253326,0.01649281196296215,0.012758966535329819,0.023636985798619572,,,0.22869617924152408,4.372613496720942
Muon momentum,1425,1494220800,block08.down,0.04674011841416359,0.028215494006872177,0.017723068594932556,0.012072009034454823,0.009341045282781124,0.04317304236956553,,,0.3126140406507716,3.1988326497373265
Muon momentum,1450,1520435200,block02.q,0.02148766629397869,0.011262133717536926,0.004481133539229631,0.001604793593287468,0.0005457353545352817,0.025282030145616655,,,0.4476307446602732,2.2339841754143683
Muon momentum,1450,1520435200,block02.k,0.026317743584513664,0.013572429306805134,0.005369320046156645,0.0018456093966960907,0.0006521207978948951,0.02203073060706607,,,0.3717620297976829,2.6898927804547745
Muon momentum,1450,1520435200,block02.v,0.01428451482206583,0.006841636728495359,0.0026031609158962965,0.0009163522045128047,0.00031828429200686514,0.10061273882163654,,,0.8661078615006232,1.154590605224844
Muon momentum,1450,1520435200,block02.o,0.03704816848039627,0.019837839528918266,0.009271573275327682,0.0037677630316466093,0.0013722556177526712,0.04248563389776634,,,0.42786427765549107,2.337189740353091
Muon momentum,1450,1520435200,block02.up,0.027163339778780937,0.01746930554509163,0.00949078518897295,0.005393131636083126,0.003746291156858206,0.05108765631947296,,,0.7351866837831587,1.360198738712394
Muon momentum,1450,1520435200,block02.down,0.049922093749046326,0.033267442137002945,0.021894434466958046,0.01522851549088955,0.011873998679220676,0.04112336562473204,,,0.26596786625590596,3.759852699791302
Muon momentum,1450,1520435200,block04.q,0.036471348255872726,0.020659243687987328,0.010156330652534962,0.00434356601908803,0.0016236325027421117,0.016217885913493976,,,0.6414815502445528,1.5588912878613093
Muon momentum,1450,1520435200,block04.k,0.04329140856862068,0.023511098697781563,0.011313077993690968,0.00474209152162075,0.0018001854186877608,0.015655949148533053,,,0.18484895472017016,5.409822314190684
Muon momentum,1450,1520435200,block04.v,0.01780114136636257,0.009036204777657986,0.004070250317454338,0.001661033253185451,0.0006159698241390288,0.06732458730271726,,,0.8179269453506812,1.222603076820334
Muon momentum,1450,1520435200,block04.o,0.060485534369945526,0.03336552530527115,0.0156259723007679,0.006545381620526314,0.0024717864580452442,0.022143891233002914,,,0.1821489146555999,5.490013497421938
Muon momentum,1450,1520435200,block04.up,0.033652715384960175,0.022135647013783455,0.013750829733908176,0.00905707385390997,0.0068194447085261345,0.038761475716348234,,,0.6741027250201093,1.4834534305882963
Muon momentum,1450,1520435200,block04.down,0.06061156466603279,0.04023539274930954,0.02614574320614338,0.01813442073762417,0.014085964299738407,0.03219119234001737,,,0.11107380835761038,9.003022537774394
Muon momentum,1450,1520435200,block06.q,0.041965633630752563,0.0238884836435318,0.01163182407617569,0.004955991171300411,0.001919395406730473,0.015968224466959863,,,0.563459566825486,1.7747502374198194
Muon momentum,1450,1520435200,block06.k,0.05609631910920143,0.03105565346777439,0.015005659312009811,0.006333957891911268,0.0024841048289090395,0.012759521403856227,,,0.10927649364551062,9.15109889272223
Muon momentum,1450,1520435200,block06.v,0.02175564505159855,0.011514906771481037,0.005421048030257225,0.0022722177673131227,0.0008447933942079544,0.03984172853138483,,,0.7790793662221098,1.283566274960114
Muon momentum,1450,1520435200,block06.o,0.06559961289167404,0.03716282546520233,0.01814720779657364,0.007588302716612816,0.0028344825841486454,0.015657007216685483,,,0.11940745990980961,8.37468614402581
Muon momentum,1450,1520435200,block06.up,0.04547840729355812,0.029740754514932632,0.018998945131897926,0.012841430492699146,0.009773525409400463,0.02708699697210305,,,0.4935938305607124,2.025957250851415
Muon momentum,1450,1520435200,block06.down,0.06383471190929413,0.04096990078687668,0.026485860347747803,0.018287599086761475,0.014168934896588326,0.029266831522238346,,,0.1076545941878635,9.288967252572075
Muon momentum,1450,1520435200,block08.q,0.0498083271086216,0.027693841606378555,0.013805634342133999,0.005881730001419783,0.002209323924034834,0.011491370160927083,,,0.4131206218226602,2.4206005393486962
Muon momentum,1450,1520435200,block08.k,0.05306269973516464,0.029881110414862633,0.014586769975721836,0.006118628662079573,0.002358966274186969,0.011209203647951698,,,0.16219309963363404,6.165490407784461
Muon momentum,1450,1520435200,block08.v,0.028642460703849792,0.01479480043053627,0.007098210044205189,0.0030275587923824787,0.001133904093876481,0.024015330925044084,,,0.7293950571826748,1.3709991453226327
Muon momentum,1450,1520435200,block08.o,0.04033251479268074,0.02200978621840477,0.010766441002488136,0.004569617100059986,0.001738961786031723,0.020343463784750715,,,0.5843314250378171,1.7113575569468669
Muon momentum,1450,1520435200,block08.up,0.05154406651854515,0.03443117067217827,0.022881383076310158,0.015754442662000656,0.012216757982969284,0.02528316915061473,,,0.2913473494616916,3.432329148858404
Muon momentum,1450,1520435200,block08.down,0.04454026743769646,0.02683262899518013,0.016855057328939438,0.011437940411269665,0.008834109641611576,0.04707734922026013,,,0.40472413732972257,2.470818781893691
Muon momentum,1469,1539870720,block02.q,0.019908102229237556,0.010399184189736843,0.004088954068720341,0.0014318429166451097,0.000493056490086019,0.02899675717288419,,,0.4404055795528308,2.2706342662946226
Muon momentum,1469,1539870720,block02.k,0.022730281576514244,0.011256339028477669,0.0044707790948450565,0.001532751601189375,0.0005297934985719621,0.027591678791159487,,,0.37143654658918024,2.6922498854320587
Muon momentum,1469,1539870720,block02.v,0.01244058832526207,0.0058842808939516544,0.0022224464919418097,0.0007438655593432486,0.0002556368999648839,0.1250637969624194,,,0.8601323269772685,1.1626118082484627
Muon momentum,1469,1539870720,block02.o,0.03140760958194733,0.016523417085409164,0.007561446167528629,0.0030552062671631575,0.0011465548304840922,0.05396110507389497,,,0.457870370614021,2.1840242657740947
Muon momentum,1469,1539870720,block02.up,0.02517057955265045,0.01577305607497692,0.00848078727722168,0.004762942437082529,0.0033106605987995863,0.06123138644748129,,,0.7517968778078199,1.3301465189851822
Muon momentum,1469,1539870720,block02.down,0.04433735832571983,0.028682058677077293,0.01866043359041214,0.012887888588011265,0.009974220767617226,0.0517370584786569,,,0.3736966431277189,2.6759673076812427
Muon momentum,1469,1539870720,block04.q,0.03320954740047455,0.018632184714078903,0.009015347808599472,0.0038700818549841642,0.0014735397417098284,0.0188917845374048,,,0.6725120162882412,1.4869622784128755
Muon momentum,1469,1539870720,block04.k,0.04037252441048622,0.021799298003315926,0.010433265008032322,0.004388606641441584,0.001665482996031642,0.01776760090161683,,,0.16819055169435515,5.945637194990914
Muon momentum,1469,1539870720,block04.v,0.013723482377827168,0.006817228626459837,0.0030034701339900494,0.0012213467853143811,0.00045443879207596183,0.09639680426411713,,,0.8537924581596066,1.1712448270573288
Muon momentum,1469,1539870720,block04.o,0.05563819035887718,0.029530327767133713,0.013776430860161781,0.005779767408967018,0.0021947408095002174,0.026564081828532014,,,0.25167948990885236,3.973307480725416
Muon momentum,1469,1539870720,block04.up,0.030032191425561905,0.019278794527053833,0.011843833141028881,0.0076937503181397915,0.005808364134281874,0.04818321815609147,,,0.7177458812003721,1.3932507677056685
Muon momentum,1469,1539870720,block04.down,0.05584463104605675,0.03590203821659088,0.02297753281891346,0.01578979752957821,0.012217443436384201,0.039391216101717016,,,0.1773867765441537,5.637398793089225
Muon momentum,1469,1539870720,block06.q,0.04122066870331764,0.022471833974123,0.01097287330776453,0.004659062251448631,0.0017578748520463705,0.017749901153055993,,,0.5709660924058113,1.7514174892355165
Muon momentum,1469,1539870720,block06.k,0.05389384925365448,0.029101915657520294,0.013742237351834774,0.005875640548765659,0.0021827814634889364,0.014463686583995048,,,0.15255338707433808,6.555082251387232
Muon momentum,1469,1539870720,block06.v,0.016410252079367638,0.008365429937839508,0.003817034652456641,0.001582084922119975,0.0005944971344433725,0.05933887257997334,,,0.8486026996198603,1.1784077524711618
Muon momentum,1469,1539870720,block06.o,0.060242827981710434,0.0336574986577034,0.01626860536634922,0.006793595384806395,0.002534613711759448,0.01853963038225774,,,0.18084364052896618,5.529638736949821
Muon momentum,1469,1539870720,block06.up,0.041181616485118866,0.026370426639914513,0.016627604141831398,0.011118793860077858,0.008448466658592224,0.03320961407149861,,,0.5636125934760372,1.7742683743678918
Muon momentum,1469,1539870720,block06.down,0.05922834947705269,0.03718934208154678,0.02380617894232273,0.016215777024626732,0.01261981762945652,0.03522246698639609,,,0.16533078094207454,6.048480472310604
Muon momentum,1469,1539870720,block08.q,0.0456484891474247,0.025183388963341713,0.012426373548805714,0.005433372221887112,0.0020660441368818283,0.013265310754252774,,,0.4502131692266289,2.2211700331151767
Muon momentum,1469,1539870720,block08.k,0.049919966608285904,0.028034359216690063,0.013535602018237114,0.0057251169346272945,0.002196264686062932,0.01269649217330351,,,0.22191185064539187,4.506293814826359
Muon momentum,1469,1539870720,block08.v,0.023916149511933327,0.012216322124004364,0.005847136490046978,0.0024847856257110834,0.0009189596166834235,0.030772163825064584,,,0.773330653149916,1.2931079298703843
Muon momentum,1469,1539870720,block08.o,0.03368110582232475,0.01820964366197586,0.008727898821234703,0.0037435018457472324,0.001385596813634038,0.026015240634652232,,,0.6851533327649442,1.459527308966722
Muon momentum,1469,1539870720,block08.up,0.05021338909864426,0.03301157057285309,0.02170124650001526,0.014967056922614574,0.01153966411948204,0.02861190238785891,,,0.27115242738604195,3.6879625590675307
Muon momentum,1469,1539870720,block08.down,0.04277518019080162,0.025354791432619095,0.015691077336668968,0.010552284307777882,0.008064350113272667,0.05451728236060034,,,0.326633305740188,3.0615371501503406
