file,batch,step,arm,prefix,band,lower,upper,nodes,energy_share,slope_share,curvature_share,slope,curvature,cstar
logs/muon_spectra/second_order_audit_20260926/step_spectrum/soaudit_batch16m_20260927__M_b16M_lr0.02_mom0.9_s260925_l40s__46.json,16,46,M,8,relative_1e-4,0.0,0.0004477881411072237,1,0.9885492071952144,0.1768397617794998,0.03421054143324754,-0.012762729994002965,0.003478972851539788,3.668533943389124
logs/muon_spectra/second_order_audit_20260926/step_spectrum/soaudit_batch16m_20260927__M_b16M_lr0.02_mom0.9_s260925_l40s__46.json,16,46,M,8,relative_1e-3,0.0,0.0044778814110722365,1,0.9885492071952144,0.1768397617794998,0.03421054143324754,-0.012762729994002965,0.003478972851539788,3.668533943389124
logs/muon_spectra/second_order_audit_20260926/step_spectrum/soaudit_batch16m_20260927__M_b16M_lr0.02_mom0.9_s260925_l40s__46.json,16,46,M,8,relative_1e-2,0.0,0.04477881411072237,1,0.9885492071952144,0.1768397617794998,0.03421054143324754,-0.012762729994002965,0.003478972851539788,3.668533943389124
logs/muon_spectra/second_order_audit_20260926/step_spectrum/soaudit_batch16m_20260927__M_b16M_lr0.02_mom0.9_s260925_l40s__46.json,16,46,M,8,absolute_1e-4,0.0,0.0001,0,0.0,-0.0,0.0,0.0,0.0,
logs/muon_spectra/second_order_audit_20260926/step_spectrum/soaudit_batch16m_20260927__M_b16M_lr0.02_mom0.9_s260925_l40s__46.json,16,46,M,8,absolute_1e-3,0.0,0.001,1,0.9885492071952144,0.1768397617794998,0.03421054143324754,-0.012762729994002965,0.003478972851539788,3.668533943389124
logs/muon_spectra/second_order_audit_20260926/step_spectrum/soaudit_batch16m_20260927__M_b16M_lr0.02_mom0.9_s260925_l40s__46.json,16,46,M,8,absolute_1e-2,0.0,0.01,1,0.9885492071952144,0.1768397617794998,0.03421054143324754,-0.012762729994002965,0.003478972851539788,3.668533943389124
logs/muon_spectra/second_order_audit_20260926/step_spectrum/soaudit_batch16m_20260927__M_b16M_lr0.02_mom0.9_s260925_l40s__46.json,16,46,M,8,shared_muon_relative_1e-4,0.0,0.0004477881411072237,1,0.9885492071952144,0.1768397617794998,0.03421054143324754,-0.012762729994002965,0.003478972851539788,3.668533943389124
logs/muon_spectra/second_order_audit_20260926/step_spectrum/soaudit_batch16m_20260927__M_b16M_lr0.02_mom0.9_s260925_l40s__46.json,16,46,M,8,band_0.0001_0.001,0.0004477881411072237,0.0044778814110722365,0,0.0,-0.0,0.0,0.0,0.0,
logs/muon_spectra/second_order_audit_20260926/step_spectrum/soaudit_batch16m_20260927__M_b16M_lr0.02_mom0.9_s260925_l40s__46.json,16,46,M,8,band_0.001_0.01,0.0044778814110722365,0.04477881411072237,0,0.0,-0.0,0.0,0.0,0.0,
logs/muon_spectra/second_order_audit_20260926/step_spectrum/soaudit_batch16m_20260927__M_b16M_lr0.02_mom0.9_s260925_l40s__46.json,16,46,M,8,band_0.01_0.1,0.04477881411072237,0.4477881411072237,1,0.0059830824676935564,0.14622735652533952,0.12973464847416172,-0.010553397325861262,0.013193106599214128,0.7999175362146999
logs/muon_spectra/second_order_audit_20260926/step_spectrum/soaudit_batch16m_20260927__M_b16M_lr0.02_mom0.9_s260925_l40s__46.json,16,46,M,8,band_0.1_inf,0.4477881411072237,inf,6,0.005467710337092035,0.6769328816951606,0.8360548100925906,-0.04885502845174735,0.08502092819509251,0.5746235602091123
logs/muon_spectra/second_order_audit_20260926/step_spectrum/soaudit_batch16m_20260927__M_b16M_lr0.02_mom0.9_s260925_l40s__46.json,16,46,M,16,relative_1e-4,0.0,0.0004477881411072237,1,0.9808137531451068,0.1290700651725181,0.011494911011286418,-0.009315135779017865,0.0011689520733590745,7.96879187035453
logs/muon_spectra/second_order_audit_20260926/step_spectrum/soaudit_batch16m_20260927__M_b16M_lr0.02_mom0.9_s260925_l40s__46.json,16,46,M,16,relative_1e-3,0.0,0.0044778814110722365,1,0.9808137531451068,0.1290700651725181,0.011494911011286418,-0.009315135779017865,0.0011689520733590745,7.96879187035453
logs/muon_spectra/second_order_audit_20260926/step_spectrum/soaudit_batch16m_20260927__M_b16M_lr0.02_mom0.9_s260925_l40s__46.json,16,46,M,16,relative_1e-2,0.0,0.04477881411072237,2,0.9891727443701505,0.19728815206683828,0.04760085534013074,-0.014238513954709181,0.004840674146052748,2.9414320247769115
logs/muon_spectra/second_order_audit_20260926/step_spectrum/soaudit_batch16m_20260927__M_b16M_lr0.02_mom0.9_s260925_l40s__46.json,16,46,M,16,absolute_1e-4,0.0,0.0001,0,0.0,-0.0,0.0,0.0,0.0,
logs/muon_spectra/second_order_audit_20260926/step_spectrum/soaudit_batch16m_20260927__M_b16M_lr0.02_mom0.9_s260925_l40s__46.json,16,46,M,16,absolute_1e-3,0.0,0.001,1,0.9808137531451068,0.1290700651725181,0.011494911011286418,-0.009315135779017865,0.0011689520733590745,7.96879187035453
logs/muon_spectra/second_order_audit_20260926/step_spectrum/soaudit_batch16m_20260927__M_b16M_lr0.02_mom0.9_s260925_l40s__46.json,16,46,M,16,absolute_1e-2,0.0,0.01,1,0.9808137531451068,0.1290700651725181,0.011494911011286418,-0.009315135779017865,0.0011689520733590745,7.96879187035453
logs/muon_spectra/second_order_audit_20260926/step_spectrum/soaudit_batch16m_20260927__M_b16M_lr0.02_mom0.9_s260925_l40s__46.json,16,46,M,16,shared_muon_relative_1e-4,0.0,0.0004477881411072237,1,0.9808137531451068,0.1290700651725181,0.011494911011286418,-0.009315135779017865,0.0011689520733590745,7.96879187035453
logs/muon_spectra/second_order_audit_20260926/step_spectrum/soaudit_batch16m_20260927__M_b16M_lr0.02_mom0.9_s260925_l40s__46.json,16,46,M,16,band_0.0001_0.001,0.0004477881411072237,0.0044778814110722365,0,0.0,-0.0,0.0,0.0,0.0,
logs/muon_spectra/second_order_audit_20260926/step_spectrum/soaudit_batch16m_20260927__M_b16M_lr0.02_mom0.9_s260925_l40s__46.json,16,46,M,16,band_0.001_0.01,0.0044778814110722365,0.04477881411072237,1,0.00835899122504375,0.06821808689432018,0.03610594432884432,-0.004923378175691317,0.003671722072693673,1.340890753226155
logs/muon_spectra/second_order_audit_20260926/step_spectrum/soaudit_batch16m_20260927__M_b16M_lr0.02_mom0.9_s260925_l40s__46.json,16,46,M,16,band_0.01_0.1,0.04477881411072237,0.4477881411072237,2,0.0053525271657784545,0.1229775487543068,0.12199193686142008,-0.008875431827558036,0.012405726967980013,0.7154302081986893
logs/muon_spectra/second_order_audit_20260926/step_spectrum/soaudit_batch16m_20260927__M_b16M_lr0.02_mom0.9_s260925_l40s__46.json,16,46,M,16,band_0.1_inf,0.4477881411072237,inf,12,0.00547472846407088,0.6797342991788549,0.8304072077984491,-0.049057209989344375,0.08444660653181371,0.5809257707811263
logs/muon_spectra/second_order_audit_20260926/step_spectrum/soaudit_batch16m_20260927__M_b16M_lr0.02_mom0.9_s260925_l40s__46.json,16,46,M,24,relative_1e-4,0.0,0.0004477881411072237,1,0.9737103050820115,0.10493029271936088,0.005937277540121844,-0.007572940501009799,0.0006037796102831233,12.542557535950424
logs/muon_spectra/second_order_audit_20260926/step_spectrum/soaudit_batch16m_20260927__M_b16M_lr0.02_mom0.9_s260925_l40s__46.json,16,46,M,24,relative_1e-3,0.0,0.0044778814110722365,1,0.9737103050820115,0.10493029271936088,0.005937277540121844,-0.007572940501009799,0.0006037796102831233,12.542557535950424
logs/muon_spectra/second_order_audit_20260926/step_spectrum/soaudit_batch16m_20260927__M_b16M_lr0.02_mom0.9_s260925_l40s__46.json,16,46,M,24,relative_1e-2,0.0,0.04477881411072237,2,0.9851257547528015,0.1597180553567759,0.024223074098248976,-0.011527036652692762,0.002463317259479139,4.679477078454003
logs/muon_spectra/second_order_audit_20260926/step_spectrum/soaudit_batch16m_20260927__M_b16M_lr0.02_mom0.9_s260925_l40s__46.json,16,46,M,24,absolute_1e-4,0.0,0.0001,1,0.9737103050820115,0.10493029271936088,0.005937277540121844,-0.007572940501009799,0.0006037796102831233,12.542557535950424
logs/muon_spectra/second_order_audit_20260926/step_spectrum/soaudit_batch16m_20260927__M_b16M_lr0.02_mom0.9_s260925_l40s__46.json,16,46,M,24,absolute_1e-3,0.0,0.001,1,0.9737103050820115,0.10493029271936088,0.005937277540121844,-0.007572940501009799,0.0006037796102831233,12.542557535950424
logs/muon_spectra/second_order_audit_20260926/step_spectrum/soaudit_batch16m_20260927__M_b16M_lr0.02_mom0.9_s260925_l40s__46.json,16,46,M,24,absolute_1e-2,0.0,0.01,1,0.9737103050820115,0.10493029271936088,0.005937277540121844,-0.007572940501009799,0.0006037796102831233,12.542557535950424
logs/muon_spectra/second_order_audit_20260926/step_spectrum/soaudit_batch16m_20260927__M_b16M_lr0.02_mom0.9_s260925_l40s__46.json,16,46,M,24,shared_muon_relative_1e-4,0.0,0.0004477881411072237,1,0.9737103050820115,0.10493029271936088,0.005937277540121844,-0.007572940501009799,0.0006037796102831233,12.542557535950424
logs/muon_spectra/second_order_audit_20260926/step_spectrum/soaudit_batch16m_20260927__M_b16M_lr0.02_mom0.9_s260925_l40s__46.json,16,46,M,24,band_0.0001_0.001,0.0004477881411072237,0.0044778814110722365,0,0.0,-0.0,0.0,0.0,0.0,
logs/muon_spectra/second_order_audit_20260926/step_spectrum/soaudit_batch16m_20260927__M_b16M_lr0.02_mom0.9_s260925_l40s__46.json,16,46,M,24,band_0.001_0.01,0.0044778814110722365,0.04477881411072237,1,0.011415449670789992,0.05478776263741502,0.01828579655812713,-0.003954096151682963,0.0018595376491960158,2.126386714134314
logs/muon_spectra/second_order_audit_20260926/step_spectrum/soaudit_batch16m_20260927__M_b16M_lr0.02_mom0.9_s260925_l40s__46.json,16,46,M,24,band_0.01_0.1,0.04477881411072237,0.4477881411072237,4,0.009113952890224358,0.15420956628644047,0.13404853238487008,-0.011129482629931364,0.013631798428729094,0.8164353873129399
logs/muon_spectra/second_order_audit_20260926/step_spectrum/soaudit_batch16m_20260927__M_b16M_lr0.02_mom0.9_s260925_l40s__46.json,16,46,M,24,band_0.1_inf,0.4477881411072237,inf,18,0.005760292356974029,0.6860723783567835,0.8417283935168809,-0.04951463648898748,0.08559789195763826,0.5784562605057132
logs/muon_spectra/second_order_audit_20260926/step_spectrum/soaudit_batch16m_20260927__M_b16M_lr0.02_mom0.9_s260925_l40s__46.json,16,46,M,32,relative_1e-4,0.0,0.0004477881411072237,1,0.966915527882182,0.09075360838895823,0.0036376703503918713,-0.006549792807875342,0.00036992563875546953,17.70570115094111
logs/muon_spectra/second_order_audit_20260926/step_spectrum/soaudit_batch16m_20260927__M_b16M_lr0.02_mom0.9_s260925_l40s__46.json,16,46,M,32,relative_1e-3,0.0,0.0044778814110722365,1,0.966915527882182,0.09075360838895823,0.0036376703503918713,-0.006549792807875342,0.00036992563875546953,17.70570115094111
logs/muon_spectra/second_order_audit_20260926/step_spectrum/soaudit_batch16m_20260927__M_b16M_lr0.02_mom0.9_s260925_l40s__46.json,16,46,M,32,relative_1e-2,0.0,0.04477881411072237,3,0.9863168503164145,0.17068743774368111,0.02974805777639344,-0.012318709657656468,0.0030251694669038605,4.0720725871480425
logs/muon_spectra/second_order_audit_20260926/step_spectrum/soaudit_batch16m_20260927__M_b16M_lr0.02_mom0.9_s260925_l40s__46.json,16,46,M,32,absolute_1e-4,0.0,0.0001,1,0.966915527882182,0.09075360838895823,0.0036376703503918713,-0.006549792807875342,0.00036992563875546953,17.70570115094111
logs/muon_spectra/second_order_audit_20260926/step_spectrum/soaudit_batch16m_20260927__M_b16M_lr0.02_mom0.9_s260925_l40s__46.json,16,46,M,32,absolute_1e-3,0.0,0.001,1,0.966915527882182,0.09075360838895823,0.0036376703503918713,-0.006549792807875342,0.00036992563875546953,17.70570115094111
logs/muon_spectra/second_order_audit_20260926/step_spectrum/soaudit_batch16m_20260927__M_b16M_lr0.02_mom0.9_s260925_l40s__46.json,16,46,M,32,absolute_1e-2,0.0,0.01,2,0.9816028655548978,0.13928505642738012,0.015404103257138192,-0.010052363504078163,0.0015664895903055626,6.417127548302015
logs/muon_spectra/second_order_audit_20260926/step_spectrum/soaudit_batch16m_20260927__M_b16M_lr0.02_mom0.9_s260925_l40s__46.json,16,46,M,32,shared_muon_relative_1e-4,0.0,0.0004477881411072237,1,0.966915527882182,0.09075360838895823,0.0036376703503918713,-0.006549792807875342,0.00036992563875546953,17.70570115094111
logs/muon_spectra/second_order_audit_20260926/step_spectrum/soaudit_batch16m_20260927__M_b16M_lr0.02_mom0.9_s260925_l40s__46.json,16,46,M,32,band_0.0001_0.001,0.0004477881411072237,0.0044778814110722365,0,0.0,-0.0,0.0,0.0,0.0,
logs/muon_spectra/second_order_audit_20260926/step_spectrum/soaudit_batch16m_20260927__M_b16M_lr0.02_mom0.9_s260925_l40s__46.json,16,46,M,32,band_0.001_0.01,0.0044778814110722365,0.04477881411072237,2,0.0194013224342324,0.07993382935472292,0.02611038742600157,-0.005768916849781128,0.002655243828148391,2.172650507130273
logs/muon_spectra/second_order_audit_20260926/step_spectrum/soaudit_batch16m_20260927__M_b16M_lr0.02_mom0.9_s260925_l40s__46.json,16,46,M,32,band_0.01_0.1,0.04477881411072237,0.4477881411072237,6,0.008406608276629044,0.15562428208273024,0.15037673241967642,-0.01123158430403795,0.015292262199711562,0.7344619231188566
logs/muon_spectra/second_order_audit_20260926/step_spectrum/soaudit_batch16m_20260927__M_b16M_lr0.02_mom0.9_s260925_l40s__46.json,16,46,M,32,band_0.1_inf,0.4477881411072237,inf,23,0.005276541406956596,0.6736882801735886,0.8198752098039302,-0.04862086180991719,0.08337557597923105,0.5831547337319589
logs/muon_spectra/second_order_audit_20260926/step_spectrum/soaudit_batch16m_20260927__M_b16M_lr0.02_mom0.9_s260925_l40s__46.json,16,46,M,40,relative_1e-4,0.0,0.0004477881411072237,1,0.9605053767802191,0.08094972946664421,0.0024593470573272733,-0.005842235535006994,0.0002500983991045721,23.359747826951164
logs/muon_spectra/second_order_audit_20260926/step_spectrum/soaudit_batch16m_20260927__M_b16M_lr0.02_mom0.9_s260925_l40s__46.json,16,46,M,40,relative_1e-3,0.0,0.0044778814110722365,2,0.9782139365514332,0.12605243212590028,0.010834008365081126,-0.009097349714348843,0.0011017428955053582,8.257234742753646
logs/muon_spectra/second_order_audit_20260926/step_spectrum/soaudit_batch16m_20260927__M_b16M_lr0.02_mom0.9_s260925_l40s__46.json,16,46,M,40,relative_1e-2,0.0,0.04477881411072237,4,0.98678544433615,0.1756539716368956,0.03231067372225674,-0.012677150148908634,0.0032857695898799015,3.8581981487545502
logs/muon_spectra/second_order_audit_20260926/step_spectrum/soaudit_batch16m_20260927__M_b16M_lr0.02_mom0.9_s260925_l40s__46.json,16,46,M,40,absolute_1e-4,0.0,0.0001,1,0.9605053767802191,0.08094972946664421,0.0024593470573272733,-0.005842235535006994,0.0002500983991045721,23.359747826951164
logs/muon_spectra/second_order_audit_20260926/step_spectrum/soaudit_batch16m_20260927__M_b16M_lr0.02_mom0.9_s260925_l40s__46.json,16,46,M,40,absolute_1e-3,0.0,0.001,1,0.9605053767802191,0.08094972946664421,0.0024593470573272733,-0.005842235535006994,0.0002500983991045721,23.359747826951164
logs/muon_spectra/second_order_audit_20260926/step_spectrum/soaudit_batch16m_20260927__M_b16M_lr0.02_mom0.9_s260925_l40s__46.json,16,46,M,40,absolute_1e-2,0.0,0.01,2,0.9782139365514332,0.12605243212590028,0.010834008365081126,-0.009097349714348843,0.0011017428955053582,8.257234742753646
logs/muon_spectra/second_order_audit_20260926/step_spectrum/soaudit_batch16m_20260927__M_b16M_lr0.02_mom0.9_s260925_l40s__46.json,16,46,M,40,shared_muon_relative_1e-4,0.0,0.0004477881411072237,1,0.9605053767802191,0.08094972946664421,0.0024593470573272733,-0.005842235535006994,0.0002500983991045721,23.359747826951164
logs/muon_spectra/second_order_audit_20260926/step_spectrum/soaudit_batch16m_20260927__M_b16M_lr0.02_mom0.9_s260925_l40s__46.json,16,46,M,40,band_0.0001_0.001,0.0004477881411072237,0.0044778814110722365,1,0.017708559771214015,0.045102702659256075,0.008374661307753852,-0.0032551141793418495,0.0008516444964007861,3.822151370787447
logs/muon_spectra/second_order_audit_20260926/step_spectrum/soaudit_batch16m_20260927__M_b16M_lr0.02_mom0.9_s260925_l40s__46.json,16,46,M,40,band_0.001_0.01,0.0044778814110722365,0.04477881411072237,2,0.008571507784716808,0.04960153951099536,0.021476665357175618,-0.0035798004345597915,0.0021840266943745435,1.6390827290620487
logs/muon_spectra/second_order_audit_20260926/step_spectrum/soaudit_batch16m_20260927__M_b16M_lr0.02_mom0.9_s260925_l40s__46.json,16,46,M,40,band_0.01_0.1,0.04477881411072237,0.4477881411072237,8,0.008118237868390063,0.16111768047126723,0.15682322628063206,-0.011628049214852566,0.01594782554920261,0.7291307005445622
logs/muon_spectra/second_order_audit_20260926/step_spectrum/soaudit_batch16m_20260927__M_b16M_lr0.02_mom0.9_s260925_l40s__46.json,16,46,M,40,band_0.1_inf,0.4477881411072237,inf,28,0.0050963177954599205,0.6632283478918372,0.8108660999971112,-0.047865956407850366,0.08245941250676385,0.5804789890289855
logs/muon_spectra/second_order_audit_20260926/step_spectrum/soaudit_batch16m_20260927__M_b16M_lr0.02_mom0.9_s260925_l40s__46.json,16,46,M,48,relative_1e-4,0.0,0.0004477881411072237,1,0.9544133370384855,0.07317262304268361,0.0017688602985369835,-0.005280952775830931,0.00017988072386355551,29.358080523606738
logs/muon_spectra/second_order_audit_20260926/step_spectrum/soaudit_batch16m_20260927__M_b16M_lr0.02_mom0.9_s260925_l40s__46.json,16,46,M,48,relative_1e-3,0.0,0.0044778814110722365,2,0.9748332458423448,0.11631881759001952,0.008041253033920186,-0.008394863503458968,0.0008177392062606306,10.26594229454537
logs/muon_spectra/second_order_audit_20260926/step_spectrum/soaudit_batch16m_20260927__M_b16M_lr0.02_mom0.9_s260925_l40s__46.json,16,46,M,48,relative_1e-2,0.0,0.04477881411072237,5,0.9870073478978605,0.17683493142955084,0.03361643053795832,-0.012762381382064359,0.0034185559277226584,3.7332668096982933
logs/muon_spectra/second_order_audit_20260926/step_spectrum/soaudit_batch16m_20260927__M_b16M_lr0.02_mom0.9_s260925_l40s__46.json,16,46,M,48,absolute_1e-4,0.0,0.0001,1,0.9544133370384855,0.07317262304268361,0.0017688602985369835,-0.005280952775830931,0.00017988072386355551,29.358080523606738
logs/muon_spectra/second_order_audit_20260926/step_spectrum/soaudit_batch16m_20260927__M_b16M_lr0.02_mom0.9_s260925_l40s__46.json,16,46,M,48,absolute_1e-3,0.0,0.001,1,0.9544133370384855,0.07317262304268361,0.0017688602985369835,-0.005280952775830931,0.00017988072386355551,29.358080523606738
logs/muon_spectra/second_order_audit_20260926/step_spectrum/soaudit_batch16m_20260927__M_b16M_lr0.02_mom0.9_s260925_l40s__46.json,16,46,M,48,absolute_1e-2,0.0,0.01,2,0.9748332458423448,0.11631881759001952,0.008041253033920186,-0.008394863503458968,0.0008177392062606306,10.26594229454537
logs/muon_spectra/second_order_audit_20260926/step_spectrum/soaudit_batch16m_20260927__M_b16M_lr0.02_mom0.9_s260925_l40s__46.json,16,46,M,48,shared_muon_relative_1e-4,0.0,0.0004477881411072237,1,0.9544133370384855,0.07317262304268361,0.0017688602985369835,-0.005280952775830931,0.00017988072386355551,29.358080523606738
logs/muon_spectra/second_order_audit_20260926/step_spectrum/soaudit_batch16m_20260927__M_b16M_lr0.02_mom0.9_s260925_l40s__46.json,16,46,M,48,band_0.0001_0.001,0.0004477881411072237,0.0044778814110722365,1,0.02041990880385929,0.04314619454733592,0.006272392735383203,-0.003113910727628037,0.0006378584823970751,4.8818206758432465
logs/muon_spectra/second_order_audit_20260926/step_spectrum/soaudit_batch16m_20260927__M_b16M_lr0.02_mom0.9_s260925_l40s__46.json,16,46,M,48,band_0.001_0.01,0.0044778814110722365,0.04477881411072237,3,0.012174102055515692,0.06051611383953131,0.02557517750403814,-0.004367517878605391,0.002600816721462028,1.6792870649302143
logs/muon_spectra/second_order_audit_20260926/step_spectrum/soaudit_batch16m_20260927__M_b16M_lr0.02_mom0.9_s260925_l40s__46.json,16,46,M,48,band_0.01_0.1,0.04477881411072237,0.4477881411072237,9,0.007490120731674661,0.14526889472293278,0.13621708479080716,-0.010484224029818618,0.013852325045126453,0.756856628447886
logs/muon_spectra/second_order_audit_20260926/step_spectrum/soaudit_batch16m_20260927__M_b16M_lr0.02_mom0.9_s260925_l40s__46.json,16,46,M,48,band_0.1_inf,0.4477881411072237,inf,34,0.005502531370464927,0.6778961738475164,0.8301664846712344,-0.048924550359728564,0.08442212667299723,0.5795228370547231
logs/muon_spectra/second_order_audit_20260926/step_spectrum/soaudit_batch16m_20260927__M_b16M_lr0.02_mom0.9_s260925_l40s__83.json,16,83,M,8,relative_1e-4,0.0,0.0004660276024313964,0,0.0,-0.0,0.0,0.0,0.0,
logs/muon_spectra/second_order_audit_20260926/step_spectrum/soaudit_batch16m_20260927__M_b16M_lr0.02_mom0.9_s260925_l40s__83.json,16,83,M,8,relative_1e-3,0.0,0.004660276024313964,1,0.9851134655224351,0.1620193867313428,0.03713296966394699,-0.014943051522301687,0.0055960879282379635,2.6702674643296387
logs/muon_spectra/second_order_audit_20260926/step_spectrum/soaudit_batch16m_20260927__M_b16M_lr0.02_mom0.9_s260925_l40s__83.json,16,83,M,8,relative_1e-2,0.0,0.04660276024313964,1,0.9851134655224351,0.1620193867313428,0.03713296966394699,-0.014943051522301687,0.0055960879282379635,2.6702674643296387
logs/muon_spectra/second_order_audit_20260926/step_spectrum/soaudit_batch16m_20260927__M_b16M_lr0.02_mom0.9_s260925_l40s__83.json,16,83,M,8,absolute_1e-4,0.0,0.0001,0,0.0,-0.0,0.0,0.0,0.0,
logs/muon_spectra/second_order_audit_20260926/step_spectrum/soaudit_batch16m_20260927__M_b16M_lr0.02_mom0.9_s260925_l40s__83.json,16,83,M,8,absolute_1e-3,0.0,0.001,1,0.9851134655224351,0.1620193867313428,0.03713296966394699,-0.014943051522301687,0.0055960879282379635,2.6702674643296387
logs/muon_spectra/second_order_audit_20260926/step_spectrum/soaudit_batch16m_20260927__M_b16M_lr0.02_mom0.9_s260925_l40s__83.json,16,83,M,8,absolute_1e-2,0.0,0.01,1,0.9851134655224351,0.1620193867313428,0.03713296966394699,-0.014943051522301687,0.0055960879282379635,2.6702674643296387
logs/muon_spectra/second_order_audit_20260926/step_spectrum/soaudit_batch16m_20260927__M_b16M_lr0.02_mom0.9_s260925_l40s__83.json,16,83,M,8,shared_muon_relative_1e-4,0.0,0.0004660276024313964,0,0.0,-0.0,0.0,0.0,0.0,
logs/muon_spectra/second_order_audit_20260926/step_spectrum/soaudit_batch16m_20260927__M_b16M_lr0.02_mom0.9_s260925_l40s__83.json,16,83,M,8,band_0.0001_0.001,0.0004660276024313964,0.004660276024313964,1,0.9851134655224351,0.1620193867313428,0.03713296966394699,-0.014943051522301687,0.0055960879282379635,2.6702674643296387
logs/muon_spectra/second_order_audit_20260926/step_spectrum/soaudit_batch16m_20260927__M_b16M_lr0.02_mom0.9_s260925_l40s__83.json,16,83,M,8,band_0.001_0.01,0.004660276024313964,0.04660276024313964,0,0.0,-0.0,0.0,0.0,0.0,
logs/muon_spectra/second_order_audit_20260926/step_spectrum/soaudit_batch16m_20260927__M_b16M_lr0.02_mom0.9_s260925_l40s__83.json,16,83,M,8,band_0.01_0.1,0.04660276024313964,0.4660276024313964,1,0.008800959611018682,0.15464412712693001,0.14992185426332058,-0.014262831170388884,0.022593826629400855,0.6312711611157081
logs/muon_spectra/second_order_audit_20260926/step_spectrum/soaudit_batch16m_20260927__M_b16M_lr0.02_mom0.9_s260925_l40s__83.json,16,83,M,8,band_0.1_inf,0.4660276024313964,inf,6,0.006085574866546259,0.6833364861417272,0.8129451760727325,-0.06302413881134059,0.12251410881788177,0.5144235175805465
logs/muon_spectra/second_order_audit_20260926/step_spectrum/soaudit_batch16m_20260927__M_b16M_lr0.02_mom0.9_s260925_l40s__83.json,16,83,M,16,relative_1e-4,0.0,0.0004660276024313964,1,0.9758537122739733,0.11169187493109657,0.013049682395972841,-0.010301344026720604,0.0019666396408458127,5.238043519904948
logs/muon_spectra/second_order_audit_20260926/step_spectrum/soaudit_batch16m_20260927__M_b16M_lr0.02_mom0.9_s260925_l40s__83.json,16,83,M,16,relative_1e-3,0.0,0.004660276024313964,1,0.9758537122739733,0.11169187493109657,0.013049682395972841,-0.010301344026720604,0.0019666396408458127,5.238043519904948
logs/muon_spectra/second_order_audit_20260926/step_spectrum/soaudit_batch16m_20260927__M_b16M_lr0.02_mom0.9_s260925_l40s__83.json,16,83,M,16,relative_1e-2,0.0,0.04660276024313964,1,0.9758537122739733,0.11169187493109657,0.013049682395972841,-0.010301344026720604,0.0019666396408458127,5.238043519904948
logs/muon_spectra/second_order_audit_20260926/step_spectrum/soaudit_batch16m_20260927__M_b16M_lr0.02_mom0.9_s260925_l40s__83.json,16,83,M,16,absolute_1e-4,0.0,0.0001,0,0.0,-0.0,0.0,0.0,0.0,
logs/muon_spectra/second_order_audit_20260926/step_spectrum/soaudit_batch16m_20260927__M_b16M_lr0.02_mom0.9_s260925_l40s__83.json,16,83,M,16,absolute_1e-3,0.0,0.001,1,0.9758537122739733,0.11169187493109657,0.013049682395972841,-0.010301344026720604,0.0019666396408458127,5.238043519904948
logs/muon_spectra/second_order_audit_20260926/step_spectrum/soaudit_batch16m_20260927__M_b16M_lr0.02_mom0.9_s260925_l40s__83.json,16,83,M,16,absolute_1e-2,0.0,0.01,1,0.9758537122739733,0.11169187493109657,0.013049682395972841,-0.010301344026720604,0.0019666396408458127,5.238043519904948
logs/muon_spectra/second_order_audit_20260926/step_spectrum/soaudit_batch16m_20260927__M_b16M_lr0.02_mom0.9_s260925_l40s__83.json,16,83,M,16,shared_muon_relative_1e-4,0.0,0.0004660276024313964,1,0.9758537122739733,0.11169187493109657,0.013049682395972841,-0.010301344026720604,0.0019666396408458127,5.238043519904948
logs/muon_spectra/second_order_audit_20260926/step_spectrum/soaudit_batch16m_20260927__M_b16M_lr0.02_mom0.9_s260925_l40s__83.json,16,83,M,16,band_0.0001_0.001,0.0004660276024313964,0.004660276024313964,0,0.0,-0.0,0.0,0.0,0.0,
logs/muon_spectra/second_order_audit_20260926/step_spectrum/soaudit_batch16m_20260927__M_b16M_lr0.02_mom0.9_s260925_l40s__83.json,16,83,M,16,band_0.001_0.01,0.004660276024313964,0.04660276024313964,0,0.0,-0.0,0.0,0.0,0.0,
logs/muon_spectra/second_order_audit_20260926/step_spectrum/soaudit_batch16m_20260927__M_b16M_lr0.02_mom0.9_s260925_l40s__83.json,16,83,M,16,band_0.01_0.1,0.04660276024313964,0.4660276024313964,3,0.018771657777929017,0.24584213707688496,0.20795298770383927,-0.022674025589198094,0.03133935191992877,0.7235001427958574
logs/muon_spectra/second_order_audit_20260926/step_spectrum/soaudit_batch16m_20260927__M_b16M_lr0.02_mom0.9_s260925_l40s__83.json,16,83,M,16,band_0.1_inf,0.4660276024313964,inf,12,0.005374629948097674,0.6424659879920185,0.7789973299001878,-0.05925465188811253,0.11739803181474615,0.5047329241568228
logs/muon_spectra/second_order_audit_20260926/step_spectrum/soaudit_batch16m_20260927__M_b16M_lr0.02_mom0.9_s260925_l40s__83.json,16,83,M,24,relative_1e-4,0.0,0.0004660276024313964,1,0.9684313510284523,0.09771653969348391,0.007026914855002373,-0.00901239855722954,0.0010589843405660706,8.510417210146887
logs/muon_spectra/second_order_audit_20260926/step_spectrum/soaudit_batch16m_20260927__M_b16M_lr0.02_mom0.9_s260925_l40s__83.json,16,83,M,24,relative_1e-3,0.0,0.004660276024313964,1,0.9684313510284523,0.09771653969348391,0.007026914855002373,-0.00901239855722954,0.0010589843405660706,8.510417210146887
logs/muon_spectra/second_order_audit_20260926/step_spectrum/soaudit_batch16m_20260927__M_b16M_lr0.02_mom0.9_s260925_l40s__83.json,16,83,M,24,relative_1e-2,0.0,0.04660276024313964,2,0.9819196293356791,0.14557694300279406,0.031091219807429647,-0.01342656458363882,0.004685571916632327,2.8655124331735644
logs/muon_spectra/second_order_audit_20260926/step_spectrum/soaudit_batch16m_20260927__M_b16M_lr0.02_mom0.9_s260925_l40s__83.json,16,83,M,24,absolute_1e-4,0.0,0.0001,1,0.9684313510284523,0.09771653969348391,0.007026914855002373,-0.00901239855722954,0.0010589843405660706,8.510417210146887
logs/muon_spectra/second_order_audit_20260926/step_spectrum/soaudit_batch16m_20260927__M_b16M_lr0.02_mom0.9_s260925_l40s__83.json,16,83,M,24,absolute_1e-3,0.0,0.001,1,0.9684313510284523,0.09771653969348391,0.007026914855002373,-0.00901239855722954,0.0010589843405660706,8.510417210146887
logs/muon_spectra/second_order_audit_20260926/step_spectrum/soaudit_batch16m_20260927__M_b16M_lr0.02_mom0.9_s260925_l40s__83.json,16,83,M,24,absolute_1e-2,0.0,0.01,1,0.9684313510284523,0.09771653969348391,0.007026914855002373,-0.00901239855722954,0.0010589843405660706,8.510417210146887
logs/muon_spectra/second_order_audit_20260926/step_spectrum/soaudit_batch16m_20260927__M_b16M_lr0.02_mom0.9_s260925_l40s__83.json,16,83,M,24,shared_muon_relative_1e-4,0.0,0.0004660276024313964,1,0.9684313510284523,0.09771653969348391,0.007026914855002373,-0.00901239855722954,0.0010589843405660706,8.510417210146887
logs/muon_spectra/second_order_audit_20260926/step_spectrum/soaudit_batch16m_20260927__M_b16M_lr0.02_mom0.9_s260925_l40s__83.json,16,83,M,24,band_0.0001_0.001,0.0004660276024313964,0.004660276024313964,0,0.0,-0.0,0.0,0.0,0.0,
logs/muon_spectra/second_order_audit_20260926/step_spectrum/soaudit_batch16m_20260927__M_b16M_lr0.02_mom0.9_s260925_l40s__83.json,16,83,M,24,band_0.001_0.01,0.004660276024313964,0.04660276024313964,1,0.013488278307226821,0.04786040330931014,0.024064304952427274,-0.004414166026409281,0.003626587576066256,1.2171679116590666
logs/muon_spectra/second_order_audit_20260926/step_spectrum/soaudit_batch16m_20260927__M_b16M_lr0.02_mom0.9_s260925_l40s__83.json,16,83,M,24,band_0.01_0.1,0.04660276024313964,0.4660276024313964,4,0.01270356128095929,0.21422582766462472,0.1909713162449828,-0.01975805269222722,0.028780145707437824,0.6865167707306301
logs/muon_spectra/second_order_audit_20260926/step_spectrum/soaudit_batch16m_20260927__M_b16M_lr0.02_mom0.9_s260925_l40s__83.json,16,83,M,24,band_0.1_inf,0.4660276024313964,inf,18,0.005376809383361531,0.640197229332581,0.7779374639475877,-0.05904540422816515,0.11723830575145047,0.5036357686142581
logs/muon_spectra/second_order_audit_20260926/step_spectrum/soaudit_batch16m_20260927__M_b16M_lr0.02_mom0.9_s260925_l40s__83.json,16,83,M,32,relative_1e-4,0.0,0.0004660276024313964,1,0.9616848224303259,0.09106426761463891,0.004490433400402379,-0.008398859360347002,0.0006767263801404589,12.411012200534822
logs/muon_spectra/second_order_audit_20260926/step_spectrum/soaudit_batch16m_20260927__M_b16M_lr0.02_mom0.9_s260925_l40s__83.json,16,83,M,32,relative_1e-3,0.0,0.004660276024313964,1,0.9616848224303259,0.09106426761463891,0.004490433400402379,-0.008398859360347002,0.0006767263801404589,12.411012200534822
logs/muon_spectra/second_order_audit_20260926/step_spectrum/soaudit_batch16m_20260927__M_b16M_lr0.02_mom0.9_s260925_l40s__83.json,16,83,M,32,relative_1e-2,0.0,0.04660276024313964,3,0.9837774672064991,0.1564928063826409,0.04025377073396094,-0.014433334897897167,0.0060664052056437,2.379223676728607
logs/muon_spectra/second_order_audit_20260926/step_spectrum/soaudit_batch16m_20260927__M_b16M_lr0.02_mom0.9_s260925_l40s__83.json,16,83,M,32,absolute_1e-4,0.0,0.0001,1,0.9616848224303259,0.09106426761463891,0.004490433400402379,-0.008398859360347002,0.0006767263801404589,12.411012200534822
logs/muon_spectra/second_order_audit_20260926/step_spectrum/soaudit_batch16m_20260927__M_b16M_lr0.02_mom0.9_s260925_l40s__83.json,16,83,M,32,absolute_1e-3,0.0,0.001,1,0.9616848224303259,0.09106426761463891,0.004490433400402379,-0.008398859360347002,0.0006767263801404589,12.411012200534822
logs/muon_spectra/second_order_audit_20260926/step_spectrum/soaudit_batch16m_20260927__M_b16M_lr0.02_mom0.9_s260925_l40s__83.json,16,83,M,32,absolute_1e-2,0.0,0.01,1,0.9616848224303259,0.09106426761463891,0.004490433400402379,-0.008398859360347002,0.0006767263801404589,12.411012200534822
logs/muon_spectra/second_order_audit_20260926/step_spectrum/soaudit_batch16m_20260927__M_b16M_lr0.02_mom0.9_s260925_l40s__83.json,16,83,M,32,shared_muon_relative_1e-4,0.0,0.0004660276024313964,1,0.9616848224303259,0.09106426761463891,0.004490433400402379,-0.008398859360347002,0.0006767263801404589,12.411012200534822
logs/muon_spectra/second_order_audit_20260926/step_spectrum/soaudit_batch16m_20260927__M_b16M_lr0.02_mom0.9_s260925_l40s__83.json,16,83,M,32,band_0.0001_0.001,0.0004660276024313964,0.004660276024313964,0,0.0,-0.0,0.0,0.0,0.0,
logs/muon_spectra/second_order_audit_20260926/step_spectrum/soaudit_batch16m_20260927__M_b16M_lr0.02_mom0.9_s260925_l40s__83.json,16,83,M,32,band_0.001_0.01,0.004660276024313964,0.04660276024313964,2,0.022092644776173054,0.065428538768002,0.03576333733355856,-0.006034475537550166,0.0053896788255032415,1.119635461207045
logs/muon_spectra/second_order_audit_20260926/step_spectrum/soaudit_batch16m_20260927__M_b16M_lr0.02_mom0.9_s260925_l40s__83.json,16,83,M,32,band_0.01_0.1,0.04660276024313964,0.4660276024313964,5,0.010746524435702853,0.19961000081471797,0.17804496169604397,-0.01841003466756113,0.026832092069334297,0.6861199872149172
logs/muon_spectra/second_order_audit_20260926/step_spectrum/soaudit_batch16m_20260927__M_b16M_lr0.02_mom0.9_s260925_l40s__83.json,16,83,M,32,band_0.1_inf,0.4660276024313964,inf,24,0.0054760083577980396,0.643897192802641,0.7817012675699951,-0.059386651938572926,0.1178055261005427,0.5041075228329153
logs/muon_spectra/second_order_audit_20260926/step_spectrum/soaudit_batch16m_20260927__M_b16M_lr0.02_mom0.9_s260925_l40s__83.json,16,83,M,40,relative_1e-4,0.0,0.0004660276024313964,1,0.9555305010470394,0.08590302497370075,0.0031821781035955973,-0.007922837840585756,0.00047956704330934154,16.520813828057783
logs/muon_spectra/second_order_audit_20260926/step_spectrum/soaudit_batch16m_20260927__M_b16M_lr0.02_mom0.9_s260925_l40s__83.json,16,83,M,40,relative_1e-3,0.0,0.004660276024313964,1,0.9555305010470394,0.08590302497370075,0.0031821781035955973,-0.007922837840585756,0.00047956704330934154,16.520813828057783
logs/muon_spectra/second_order_audit_20260926/step_spectrum/soaudit_batch16m_20260927__M_b16M_lr0.02_mom0.9_s260925_l40s__83.json,16,83,M,40,relative_1e-2,0.0,0.04660276024313964,3,0.9806931360974614,0.1368893813646646,0.027693408517578677,-0.012625310586936554,0.004173508084581026,3.0251074949586436
logs/muon_spectra/second_order_audit_20260926/step_spectrum/soaudit_batch16m_20260927__M_b16M_lr0.02_mom0.9_s260925_l40s__83.json,16,83,M,40,absolute_1e-4,0.0,0.0001,1,0.9555305010470394,0.08590302497370075,0.0031821781035955973,-0.007922837840585756,0.00047956704330934154,16.520813828057783
logs/muon_spectra/second_order_audit_20260926/step_spectrum/soaudit_batch16m_20260927__M_b16M_lr0.02_mom0.9_s260925_l40s__83.json,16,83,M,40,absolute_1e-3,0.0,0.001,1,0.9555305010470394,0.08590302497370075,0.0031821781035955973,-0.007922837840585756,0.00047956704330934154,16.520813828057783
logs/muon_spectra/second_order_audit_20260926/step_spectrum/soaudit_batch16m_20260927__M_b16M_lr0.02_mom0.9_s260925_l40s__83.json,16,83,M,40,absolute_1e-2,0.0,0.01,2,0.9739157500897804,0.11479421068517914,0.01352566070298664,-0.010587472520032368,0.0020383714867522624,5.1940838992510585
logs/muon_spectra/second_order_audit_20260926/step_spectrum/soaudit_batch16m_20260927__M_b16M_lr0.02_mom0.9_s260925_l40s__83.json,16,83,M,40,shared_muon_relative_1e-4,0.0,0.0004660276024313964,1,0.9555305010470394,0.08590302497370075,0.0031821781035955973,-0.007922837840585756,0.00047956704330934154,16.520813828057783
logs/muon_spectra/second_order_audit_20260926/step_spectrum/soaudit_batch16m_20260927__M_b16M_lr0.02_mom0.9_s260925_l40s__83.json,16,83,M,40,band_0.0001_0.001,0.0004660276024313964,0.004660276024313964,0,0.0,-0.0,0.0,0.0,0.0,
logs/muon_spectra/second_order_audit_20260926/step_spectrum/soaudit_batch16m_20260927__M_b16M_lr0.02_mom0.9_s260925_l40s__83.json,16,83,M,40,band_0.001_0.01,0.004660276024313964,0.04660276024313964,2,0.02516263505042196,0.05098635639096385,0.024511230413983082,-0.004702472746350798,0.003693941041271684,1.273023227444885
logs/muon_spectra/second_order_audit_20260926/step_spectrum/soaudit_batch16m_20260927__M_b16M_lr0.02_mom0.9_s260925_l40s__83.json,16,83,M,40,band_0.01_0.1,0.04660276024313964,0.4660276024313964,7,0.013735237885241279,0.2152301248513298,0.18686447097732203,-0.019850679043353484,0.02816122760222068,0.7048939529109214
logs/muon_spectra/second_order_audit_20260926/step_spectrum/soaudit_batch16m_20260927__M_b16M_lr0.02_mom0.9_s260925_l40s__83.json,16,83,M,40,band_0.1_inf,0.4660276024313964,inf,30,0.005571626017297427,0.6478804937840057,0.7854421205050991,-0.059754031873741245,0.11836928768871913,0.5048102682756613
logs/muon_spectra/second_order_audit_20260926/step_spectrum/soaudit_batch16m_20260927__M_b16M_lr0.02_mom0.9_s260925_l40s__83.json,16,83,M,48,relative_1e-4,0.0,0.0004660276024313964,1,0.949631295201191,0.08079797607846172,0.002381966151904709,-0.007451999071198723,0.00035897188263634674,20.75928347498989
logs/muon_spectra/second_order_audit_20260926/step_spectrum/soaudit_batch16m_20260927__M_b16M_lr0.02_mom0.9_s260925_l40s__83.json,16,83,M,48,relative_1e-3,0.0,0.004660276024313964,1,0.949631295201191,0.08079797607846172,0.002381966151904709,-0.007451999071198723,0.00035897188263634674,20.75928347498989
logs/muon_spectra/second_order_audit_20260926/step_spectrum/soaudit_batch16m_20260927__M_b16M_lr0.02_mom0.9_s260925_l40s__83.json,16,83,M,48,relative_1e-2,0.0,0.04660276024313964,4,0.9822490213796713,0.1481410837062374,0.033555997351686094,-0.013663055335856763,0.005057023809277417,2.7017977077329673
logs/muon_spectra/second_order_audit_20260926/step_spectrum/soaudit_batch16m_20260927__M_b16M_lr0.02_mom0.9_s260925_l40s__83.json,16,83,M,48,absolute_1e-4,0.0,0.0001,1,0.949631295201191,0.08079797607846172,0.002381966151904709,-0.007451999071198723,0.00035897188263634674,20.75928347498989
logs/muon_spectra/second_order_audit_20260926/step_spectrum/soaudit_batch16m_20260927__M_b16M_lr0.02_mom0.9_s260925_l40s__83.json,16,83,M,48,absolute_1e-3,0.0,0.001,1,0.949631295201191,0.08079797607846172,0.002381966151904709,-0.007451999071198723,0.00035897188263634674,20.75928347498989
logs/muon_spectra/second_order_audit_20260926/step_spectrum/soaudit_batch16m_20260927__M_b16M_lr0.02_mom0.9_s260925_l40s__83.json,16,83,M,48,absolute_1e-2,0.0,0.01,2,0.9705421417039956,0.10916498148560035,0.010186146832677666,-0.010068288589904087,0.0015350933103783428,6.558746964653655
logs/muon_spectra/second_order_audit_20260926/step_spectrum/soaudit_batch16m_20260927__M_b16M_lr0.02_mom0.9_s260925_l40s__83.json,16,83,M,48,shared_muon_relative_1e-4,0.0,0.0004660276024313964,1,0.949631295201191,0.08079797607846172,0.002381966151904709,-0.007451999071198723,0.00035897188263634674,20.75928347498989
logs/muon_spectra/second_order_audit_20260926/step_spectrum/soaudit_batch16m_20260927__M_b16M_lr0.02_mom0.9_s260925_l40s__83.json,16,83,M,48,band_0.0001_0.001,0.0004660276024313964,0.004660276024313964,0,0.0,-0.0,0.0,0.0,0.0,
logs/muon_spectra/second_order_audit_20260926/step_spectrum/soaudit_batch16m_20260927__M_b16M_lr0.02_mom0.9_s260925_l40s__83.json,16,83,M,48,band_0.001_0.01,0.004660276024313964,0.04660276024313964,3,0.032617726178480244,0.06734310762777569,0.03117403119978138,-0.00621105626465804,0.004698051926641069,1.3220493007829974
logs/muon_spectra/second_order_audit_20260926/step_spectrum/soaudit_batch16m_20260927__M_b16M_lr0.02_mom0.9_s260925_l40s__83.json,16,83,M,48,band_0.01_0.1,0.04660276024313964,0.4660276024313964,8,0.01208028800684055,0.1978131790324886,0.17711446407269663,-0.0182443137559472,0.02669186233375452,0.6835159543317233
logs/muon_spectra/second_order_audit_20260926/step_spectrum/soaudit_batch16m_20260927__M_b16M_lr0.02_mom0.9_s260925_l40s__83.json,16,83,M,48,band_0.1_inf,0.4660276024313964,inf,36,0.005670690613488159,0.6540457372612739,0.7893295385756172,-0.06032265241222723,0.1189551372324889,0.5071042227821664
logs/muon_spectra/second_order_audit_20260926/step_spectrum/soaudit_batch16m_20260927__M_b16M_lr0.02_mom0.9_s260925_l40s__9.json,16,9,M,8,relative_1e-4,0.0,0.013366909204811924,1,0.994762370869769,0.04913328911127133,0.00586529934875604,-0.02710396102650108,0.0071006637509615,3.8171024536728604
logs/muon_spectra/second_order_audit_20260926/step_spectrum/soaudit_batch16m_20260927__M_b16M_lr0.02_mom0.9_s260925_l40s__9.json,16,9,M,8,relative_1e-3,0.0,0.13366909204811925,1,0.994762370869769,0.04913328911127133,0.00586529934875604,-0.02710396102650108,0.0071006637509615,3.8171024536728604
logs/muon_spectra/second_order_audit_20260926/step_spectrum/soaudit_batch16m_20260927__M_b16M_lr0.02_mom0.9_s260925_l40s__9.json,16,9,M,8,relative_1e-2,0.0,1.3366909204811923,1,0.994762370869769,0.04913328911127133,0.00586529934875604,-0.02710396102650108,0.0071006637509615,3.8171024536728604
logs/muon_spectra/second_order_audit_20260926/step_spectrum/soaudit_batch16m_20260927__M_b16M_lr0.02_mom0.9_s260925_l40s__9.json,16,9,M,8,absolute_1e-4,0.0,0.0001,0,0.0,-0.0,0.0,0.0,0.0,
logs/muon_spectra/second_order_audit_20260926/step_spectrum/soaudit_batch16m_20260927__M_b16M_lr0.02_mom0.9_s260925_l40s__9.json,16,9,M,8,absolute_1e-3,0.0,0.001,0,0.0,-0.0,0.0,0.0,0.0,
logs/muon_spectra/second_order_audit_20260926/step_spectrum/soaudit_batch16m_20260927__M_b16M_lr0.02_mom0.9_s260925_l40s__9.json,16,9,M,8,absolute_1e-2,0.0,0.01,1,0.994762370869769,0.04913328911127133,0.00586529934875604,-0.02710396102650108,0.0071006637509615,3.8171024536728604
logs/muon_spectra/second_order_audit_20260926/step_spectrum/soaudit_batch16m_20260927__M_b16M_lr0.02_mom0.9_s260925_l40s__9.json,16,9,M,8,shared_muon_relative_1e-4,0.0,0.013366909204811924,1,0.994762370869769,0.04913328911127133,0.00586529934875604,-0.02710396102650108,0.0071006637509615,3.8171024536728604
logs/muon_spectra/second_order_audit_20260926/step_spectrum/soaudit_batch16m_20260927__M_b16M_lr0.02_mom0.9_s260925_l40s__9.json,16,9,M,8,band_0.0001_0.001,0.013366909204811924,0.13366909204811925,0,0.0,-0.0,0.0,0.0,0.0,
logs/muon_spectra/second_order_audit_20260926/step_spectrum/soaudit_batch16m_20260927__M_b16M_lr0.02_mom0.9_s260925_l40s__9.json,16,9,M,8,band_0.001_0.01,0.13366909204811925,1.3366909204811923,0,0.0,-0.0,0.0,0.0,0.0,
logs/muon_spectra/second_order_audit_20260926/step_spectrum/soaudit_batch16m_20260927__M_b16M_lr0.02_mom0.9_s260925_l40s__9.json,16,9,M,8,band_0.01_0.1,1.3366909204811923,13.366909204811925,3,0.00325971095536118,0.10689940050915263,0.0661924409697481,-0.058970145039439884,0.08013406277059547,0.7358936137839063
logs/muon_spectra/second_order_audit_20260926/step_spectrum/soaudit_batch16m_20260927__M_b16M_lr0.02_mom0.9_s260925_l40s__9.json,16,9,M,8,band_0.1_inf,13.366909204811925,inf,4,0.0019779181748697805,0.8439673103795761,0.9279422596814959,-0.4655673882602214,1.1233878399920287,0.41443157179227164
logs/muon_spectra/second_order_audit_20260926/step_spectrum/soaudit_batch16m_20260927__M_b16M_lr0.02_mom0.9_s260925_l40s__9.json,16,9,M,16,relative_1e-4,0.0,0.013366909204811924,1,0.9907711807494586,0.02204681960108374,0.001460711181540403,-0.01216194050988116,0.0017683699195315346,6.877486647761473
logs/muon_spectra/second_order_audit_20260926/step_spectrum/soaudit_batch16m_20260927__M_b16M_lr0.02_mom0.9_s260925_l40s__9.json,16,9,M,16,relative_1e-3,0.0,0.13366909204811925,1,0.9907711807494586,0.02204681960108374,0.001460711181540403,-0.01216194050988116,0.0017683699195315346,6.877486647761473
logs/muon_spectra/second_order_audit_20260926/step_spectrum/soaudit_batch16m_20260927__M_b16M_lr0.02_mom0.9_s260925_l40s__9.json,16,9,M,16,relative_1e-2,0.0,1.3366909204811923,3,0.9960154657354483,0.07689379188962843,0.013589627821134322,-0.04241780626239956,0.016451910110786058,2.5782906651422786
logs/muon_spectra/second_order_audit_20260926/step_spectrum/soaudit_batch16m_20260927__M_b16M_lr0.02_mom0.9_s260925_l40s__9.json,16,9,M,16,absolute_1e-4,0.0,0.0001,0,0.0,-0.0,0.0,0.0,0.0,
logs/muon_spectra/second_order_audit_20260926/step_spectrum/soaudit_batch16m_20260927__M_b16M_lr0.02_mom0.9_s260925_l40s__9.json,16,9,M,16,absolute_1e-3,0.0,0.001,1,0.9907711807494586,0.02204681960108374,0.001460711181540403,-0.01216194050988116,0.0017683699195315346,6.877486647761473
logs/muon_spectra/second_order_audit_20260926/step_spectrum/soaudit_batch16m_20260927__M_b16M_lr0.02_mom0.9_s260925_l40s__9.json,16,9,M,16,absolute_1e-2,0.0,0.01,1,0.9907711807494586,0.02204681960108374,0.001460711181540403,-0.01216194050988116,0.0017683699195315346,6.877486647761473
logs/muon_spectra/second_order_audit_20260926/step_spectrum/soaudit_batch16m_20260927__M_b16M_lr0.02_mom0.9_s260925_l40s__9.json,16,9,M,16,shared_muon_relative_1e-4,0.0,0.013366909204811924,1,0.9907711807494586,0.02204681960108374,0.001460711181540403,-0.01216194050988116,0.0017683699195315346,6.877486647761473
logs/muon_spectra/second_order_audit_20260926/step_spectrum/soaudit_batch16m_20260927__M_b16M_lr0.02_mom0.9_s260925_l40s__9.json,16,9,M,16,band_0.0001_0.001,0.013366909204811924,0.13366909204811925,0,0.0,-0.0,0.0,0.0,0.0,
logs/muon_spectra/second_order_audit_20260926/step_spectrum/soaudit_batch16m_20260927__M_b16M_lr0.02_mom0.9_s260925_l40s__9.json,16,9,M,16,band_0.001_0.01,0.13366909204811925,1.3366909204811923,2,0.005244284985989633,0.05484697228854468,0.012128916639593921,-0.0302558657525184,0.014683540191254525,2.06052936542774
logs/muon_spectra/second_order_audit_20260926/step_spectrum/soaudit_batch16m_20260927__M_b16M_lr0.02_mom0.9_s260925_l40s__9.json,16,9,M,16,band_0.01_0.1,1.3366909204811923,13.366909204811925,5,0.0017705881788725177,0.053393192921536936,0.04301405539096091,-0.029453900730081705,0.05207378613356263,0.5656185754294147
logs/muon_spectra/second_order_audit_20260926/step_spectrum/soaudit_batch16m_20260927__M_b16M_lr0.02_mom0.9_s260925_l40s__9.json,16,9,M,16,band_0.1_inf,13.366909204811925,inf,8,0.002213946085679395,0.8697130151888347,0.9433963167879047,-0.47976978733368103,1.1420968702692367,0.42007801599226924
logs/muon_spectra/second_order_audit_20260926/step_spectrum/soaudit_batch16m_20260927__M_b16M_lr0.02_mom0.9_s260925_l40s__9.json,16,9,M,24,relative_1e-4,0.0,0.013366909204811924,1,0.9878635107318589,0.013322978887247866,0.0006887903458570845,-0.007349507982237323,0.0008338651362912832,8.813784942401064
logs/muon_spectra/second_order_audit_20260926/step_spectrum/soaudit_batch16m_20260927__M_b16M_lr0.02_mom0.9_s260925_l40s__9.json,16,9,M,24,relative_1e-3,0.0,0.13366909204811925,2,0.9923897885397391,0.035470826877174726,0.0031124415670799052,-0.01956717994350926,0.003767991998061838,5.1929993358728295
logs/muon_spectra/second_order_audit_20260926/step_spectrum/soaudit_batch16m_20260927__M_b16M_lr0.02_mom0.9_s260925_l40s__9.json,16,9,M,24,relative_1e-2,0.0,1.3366909204811923,4,0.9955932704850166,0.0700772003435786,0.010867709289272175,-0.03865749151572555,0.013156694111902205,2.9382374620045355
logs/muon_spectra/second_order_audit_20260926/step_spectrum/soaudit_batch16m_20260927__M_b16M_lr0.02_mom0.9_s260925_l40s__9.json,16,9,M,24,absolute_1e-4,0.0,0.0001,0,0.0,-0.0,0.0,0.0,0.0,
logs/muon_spectra/second_order_audit_20260926/step_spectrum/soaudit_batch16m_20260927__M_b16M_lr0.02_mom0.9_s260925_l40s__9.json,16,9,M,24,absolute_1e-3,0.0,0.001,1,0.9878635107318589,0.013322978887247866,0.0006887903458570845,-0.007349507982237323,0.0008338651362912832,8.813784942401064
logs/muon_spectra/second_order_audit_20260926/step_spectrum/soaudit_batch16m_20260927__M_b16M_lr0.02_mom0.9_s260925_l40s__9.json,16,9,M,24,absolute_1e-2,0.0,0.01,1,0.9878635107318589,0.013322978887247866,0.0006887903458570845,-0.007349507982237323,0.0008338651362912832,8.813784942401064
logs/muon_spectra/second_order_audit_20260926/step_spectrum/soaudit_batch16m_20260927__M_b16M_lr0.02_mom0.9_s260925_l40s__9.json,16,9,M,24,shared_muon_relative_1e-4,0.0,0.013366909204811924,1,0.9878635107318589,0.013322978887247866,0.0006887903458570845,-0.007349507982237323,0.0008338651362912832,8.813784942401064
logs/muon_spectra/second_order_audit_20260926/step_spectrum/soaudit_batch16m_20260927__M_b16M_lr0.02_mom0.9_s260925_l40s__9.json,16,9,M,24,band_0.0001_0.001,0.013366909204811924,0.13366909204811925,1,0.004526277807880358,0.022147847989926858,0.0024236512212228206,-0.012217671961271938,0.0029341268617705547,4.16398899463378
logs/muon_spectra/second_order_audit_20260926/step_spectrum/soaudit_batch16m_20260927__M_b16M_lr0.02_mom0.9_s260925_l40s__9.json,16,9,M,24,band_0.001_0.01,0.13366909204811925,1.3366909204811923,2,0.0032034819452772686,0.034606373466403884,0.007755267722192269,-0.019090311572216287,0.009388702113840366,2.0333280724791853
logs/muon_spectra/second_order_audit_20260926/step_spectrum/soaudit_batch16m_20260927__M_b16M_lr0.02_mom0.9_s260925_l40s__9.json,16,9,M,24,band_0.01_0.1,1.3366909204811923,13.366909204811925,11,0.002200708856044683,0.06049638103301345,0.04622486125034923,-0.03337231403437643,0.05596086016363214,0.5963509841842003
logs/muon_spectra/second_order_audit_20260926/step_spectrum/soaudit_batch16m_20260927__M_b16M_lr0.02_mom0.9_s260925_l40s__9.json,16,9,M,24,band_0.1_inf,13.366909204811925,inf,9,0.002206020658938856,0.869426418623408,0.9429074294603785,-0.4796116887760602,1.1415050122380501,0.42015732181125254
logs/muon_spectra/second_order_audit_20260926/step_spectrum/soaudit_batch16m_20260927__M_b16M_lr0.02_mom0.9_s260925_l40s__9.json,16,9,M,32,relative_1e-4,0.0,0.013366909204811924,1,0.984719608449993,0.009723843169973165,0.00038408260344568036,-0.005364075376877246,0.00046497906713663,11.53616529429928
logs/muon_spectra/second_order_audit_20260926/step_spectrum/soaudit_batch16m_20260927__M_b16M_lr0.02_mom0.9_s260925_l40s__9.json,16,9,M,32,relative_1e-3,0.0,0.13366909204811925,2,0.990197814314841,0.022592072661884084,0.0015342046383108605,-0.01246272472312698,0.0018573427567889441,6.709975677657411
logs/muon_spectra/second_order_audit_20260926/step_spectrum/soaudit_batch16m_20260927__M_b16M_lr0.02_mom0.9_s260925_l40s__9.json,16,9,M,32,relative_1e-2,0.0,1.3366909204811923,6,0.9956013334183355,0.07008553023628725,0.010943969566947544,-0.03866208663018694,0.013249016524984631,2.9181099259163155
logs/muon_spectra/second_order_audit_20260926/step_spectrum/soaudit_batch16m_20260927__M_b16M_lr0.02_mom0.9_s260925_l40s__9.json,16,9,M,32,absolute_1e-4,0.0,0.0001,1,0.984719608449993,0.009723843169973165,0.00038408260344568036,-0.005364075376877246,0.00046497906713663,11.53616529429928
logs/muon_spectra/second_order_audit_20260926/step_spectrum/soaudit_batch16m_20260927__M_b16M_lr0.02_mom0.9_s260925_l40s__9.json,16,9,M,32,absolute_1e-3,0.0,0.001,1,0.984719608449993,0.009723843169973165,0.00038408260344568036,-0.005364075376877246,0.00046497906713663,11.53616529429928
logs/muon_spectra/second_order_audit_20260926/step_spectrum/soaudit_batch16m_20260927__M_b16M_lr0.02_mom0.9_s260925_l40s__9.json,16,9,M,32,absolute_1e-2,0.0,0.01,1,0.984719608449993,0.009723843169973165,0.00038408260344568036,-0.005364075376877246,0.00046497906713663,11.53616529429928
logs/muon_spectra/second_order_audit_20260926/step_spectrum/soaudit_batch16m_20260927__M_b16M_lr0.02_mom0.9_s260925_l40s__9.json,16,9,M,32,shared_muon_relative_1e-4,0.0,0.013366909204811924,1,0.984719608449993,0.009723843169973165,0.00038408260344568036,-0.005364075376877246,0.00046497906713663,11.53616529429928
logs/muon_spectra/second_order_audit_20260926/step_spectrum/soaudit_batch16m_20260927__M_b16M_lr0.02_mom0.9_s260925_l40s__9.json,16,9,M,32,band_0.0001_0.001,0.013366909204811924,0.13366909204811925,1,0.005478205864848116,0.012868229491910917,0.0011501220348651801,-0.007098649346249733,0.0013923636896523142,5.0982723831460515
logs/muon_spectra/second_order_audit_20260926/step_spectrum/soaudit_batch16m_20260927__M_b16M_lr0.02_mom0.9_s260925_l40s__9.json,16,9,M,32,band_0.001_0.01,0.13366909204811925,1.3366909204811923,4,0.005403519103494368,0.04749345757440317,0.009409764928636684,-0.026199361907059963,0.011391673768195687,2.2998693993683115
logs/muon_spectra/second_order_audit_20260926/step_spectrum/soaudit_batch16m_20260927__M_b16M_lr0.02_mom0.9_s260925_l40s__9.json,16,9,M,32,band_0.01_0.1,1.3366909204811923,13.366909204811925,17,0.002192646526092017,0.060490196280350864,0.046148639468560314,-0.033368902268175626,0.055868584354538724,0.5972748845114555
logs/muon_spectra/second_order_audit_20260926/step_spectrum/soaudit_batch16m_20260927__M_b16M_lr0.02_mom0.9_s260925_l40s__9.json,16,9,M,32,band_0.1_inf,13.366909204811925,inf,9,0.0022060200555724246,0.869424273483362,0.9429073909644919,-0.4796105054278,1.141504965634064,0.4201563023086755
logs/muon_spectra/second_order_audit_20260926/step_spectrum/soaudit_batch16m_20260927__M_b16M_lr0.02_mom0.9_s260925_l40s__9.json,16,9,M,40,relative_1e-4,0.0,0.013366909204811924,1,0.9813441209009827,0.007525667267634977,0.00023849077881692195,-0.004151470337319649,0.000288722318741166,14.378764881842619
logs/muon_spectra/second_order_audit_20260926/step_spectrum/soaudit_batch16m_20260927__M_b16M_lr0.02_mom0.9_s260925_l40s__9.json,16,9,M,40,relative_1e-3,0.0,0.13366909204811925,3,0.9907922664893574,0.024885736253147193,0.0018916152605847757,-0.013728004734092879,0.002290032121625407,5.9946778058069725
logs/muon_spectra/second_order_audit_20260926/step_spectrum/soaudit_batch16m_20260927__M_b16M_lr0.02_mom0.9_s260925_l40s__9.json,16,9,M,40,relative_1e-2,0.0,1.3366909204811923,9,0.9956812670631786,0.07220537699464526,0.01140668314392216,-0.03983148206371004,0.013809188023102303,2.8844188374489015
logs/muon_spectra/second_order_audit_20260926/step_spectrum/soaudit_batch16m_20260927__M_b16M_lr0.02_mom0.9_s260925_l40s__9.json,16,9,M,40,absolute_1e-4,0.0,0.0001,1,0.9813441209009827,0.007525667267634977,0.00023849077881692195,-0.004151470337319649,0.000288722318741166,14.378764881842619
logs/muon_spectra/second_order_audit_20260926/step_spectrum/soaudit_batch16m_20260927__M_b16M_lr0.02_mom0.9_s260925_l40s__9.json,16,9,M,40,absolute_1e-3,0.0,0.001,1,0.9813441209009827,0.007525667267634977,0.00023849077881692195,-0.004151470337319649,0.000288722318741166,14.378764881842619
logs/muon_spectra/second_order_audit_20260926/step_spectrum/soaudit_batch16m_20260927__M_b16M_lr0.02_mom0.9_s260925_l40s__9.json,16,9,M,40,absolute_1e-2,0.0,0.01,1,0.9813441209009827,0.007525667267634977,0.00023849077881692195,-0.004151470337319649,0.000288722318741166,14.378764881842619
logs/muon_spectra/second_order_audit_20260926/step_spectrum/soaudit_batch16m_20260927__M_b16M_lr0.02_mom0.9_s260925_l40s__9.json,16,9,M,40,shared_muon_relative_1e-4,0.0,0.013366909204811924,1,0.9813441209009827,0.007525667267634977,0.00023849077881692195,-0.004151470337319649,0.000288722318741166,14.378764881842619
logs/muon_spectra/second_order_audit_20260926/step_spectrum/soaudit_batch16m_20260927__M_b16M_lr0.02_mom0.9_s260925_l40s__9.json,16,9,M,40,band_0.0001_0.001,0.013366909204811924,0.13366909204811925,2,0.009448145588374614,0.017360068985512216,0.0016531244817678536,-0.00957653439677323,0.0020013098028842406,4.785133407617228
logs/muon_spectra/second_order_audit_20260926/step_spectrum/soaudit_batch16m_20260927__M_b16M_lr0.02_mom0.9_s260925_l40s__9.json,16,9,M,40,band_0.001_0.01,0.13366909204811925,1.3366909204811923,6,0.00488900057382136,0.04731964074149807,0.009515067883337383,-0.026103477329617163,0.011519155901476896,2.2660928936876683
logs/muon_spectra/second_order_audit_20260926/step_spectrum/soaudit_batch16m_20260927__M_b16M_lr0.02_mom0.9_s260925_l40s__9.json,16,9,M,40,band_0.01_0.1,1.3366909204811923,13.366909204811925,22,0.0021127128812488873,0.058370349533503965,0.04568592589158659,-0.03219950684100256,0.055308412856422046,0.5821809952238355
logs/muon_spectra/second_order_audit_20260926/step_spectrum/soaudit_batch16m_20260927__M_b16M_lr0.02_mom0.9_s260925_l40s__9.json,16,9,M,40,band_0.1_inf,13.366909204811925,inf,9,0.002206020055572421,0.8694242734718509,0.9429073909644914,-0.4796105054214502,1.1415049656340617,0.4201563023031136
logs/muon_spectra/second_order_audit_20260926/step_spectrum/soaudit_batch16m_20260927__M_b16M_lr0.02_mom0.9_s260925_l40s__9.json,16,9,M,48,relative_1e-4,0.0,0.013366909204811924,2,0.9866808544230468,0.013589086269631968,0.0006634020916849109,-0.00749630385630691,0.0008031295428660671,9.333866401621117
logs/muon_spectra/second_order_audit_20260926/step_spectrum/soaudit_batch16m_20260927__M_b16M_lr0.02_mom0.9_s260925_l40s__9.json,16,9,M,48,relative_1e-3,0.0,0.13366909204811925,4,0.9909746047582983,0.02592691723841421,0.00202216166626234,-0.014302363368669545,0.002448074546315901,5.842290787342698
logs/muon_spectra/second_order_audit_20260926/step_spectrum/soaudit_batch16m_20260927__M_b16M_lr0.02_mom0.9_s260925_l40s__9.json,16,9,M,48,relative_1e-2,0.0,1.3366909204811923,12,0.9956854321863776,0.07255198725407463,0.011436788356569558,-0.04002268666517039,0.013845634072902919,2.8906358823607934
logs/muon_spectra/second_order_audit_20260926/step_spectrum/soaudit_batch16m_20260927__M_b16M_lr0.02_mom0.9_s260925_l40s__9.json,16,9,M,48,absolute_1e-4,0.0,0.0001,1,0.9780077720815874,0.006257669733776842,0.0001626033083404622,-0.0034519902829402535,0.0001968512344667301,17.53603573933226
logs/muon_spectra/second_order_audit_20260926/step_spectrum/soaudit_batch16m_20260927__M_b16M_lr0.02_mom0.9_s260925_l40s__9.json,16,9,M,48,absolute_1e-3,0.0,0.001,1,0.9780077720815874,0.006257669733776842,0.0001626033083404622,-0.0034519902829402535,0.0001968512344667301,17.53603573933226
logs/muon_spectra/second_order_audit_20260926/step_spectrum/soaudit_batch16m_20260927__M_b16M_lr0.02_mom0.9_s260925_l40s__9.json,16,9,M,48,absolute_1e-2,0.0,0.01,1,0.9780077720815874,0.006257669733776842,0.0001626033083404622,-0.0034519902829402535,0.0001968512344667301,17.53603573933226
logs/muon_spectra/second_order_audit_20260926/step_spectrum/soaudit_batch16m_20260927__M_b16M_lr0.02_mom0.9_s260925_l40s__9.json,16,9,M,48,shared_muon_relative_1e-4,0.0,0.013366909204811924,2,0.9866808544230468,0.013589086269631968,0.0006634020916849109,-0.00749630385630691,0.0008031295428660671,9.333866401621117
logs/muon_spectra/second_order_audit_20260926/step_spectrum/soaudit_batch16m_20260927__M_b16M_lr0.02_mom0.9_s260925_l40s__9.json,16,9,M,48,band_0.0001_0.001,0.013366909204811924,0.13366909204811925,2,0.004293750335251605,0.01233783096878224,0.0013587595745774294,-0.006806059512362635,0.001644945003449834,4.137560525177886
logs/muon_spectra/second_order_audit_20260926/step_spectrum/soaudit_batch16m_20260927__M_b16M_lr0.02_mom0.9_s260925_l40s__9.json,16,9,M,48,band_0.001_0.01,0.13366909204811925,1.3366909204811923,8,0.004710827428079141,0.04662507001566041,0.009414626690307216,-0.02572032329650084,0.011397559526587017,2.256651806599755
logs/muon_spectra/second_order_audit_20260926/step_spectrum/soaudit_batch16m_20260927__M_b16M_lr0.02_mom0.9_s260925_l40s__9.json,16,9,M,48,band_0.01_0.1,1.3366909204811923,13.366909204811925,27,0.002108547758050121,0.05802373927407432,0.04565582067893922,-0.03200830223954197,0.055271966806621387,0.5791055409974571
logs/muon_spectra/second_order_audit_20260926/step_spectrum/soaudit_batch16m_20260927__M_b16M_lr0.02_mom0.9_s260925_l40s__9.json,16,9,M,48,band_0.1_inf,13.366909204811925,inf,9,0.0022060200555724194,0.869424273471851,0.9429073909644913,-0.4796105054214497,1.1415049656340603,0.4201563023031137
logs/muon_spectra/second_order_audit_20260926/step_spectrum/soaudit_batch16m_20260927__PD_a0.5_b16M_lr0.028_mom0.9_s260925_l40s__46.json,16,46,PD,8,relative_1e-4,0.0,0.014588921262596762,1,0.9998322610545137,0.2835078075116081,0.11843899363970378,-0.024969396881840876,0.012213371981978003,2.0444310480910275
logs/muon_spectra/second_order_audit_20260926/step_spectrum/soaudit_batch16m_20260927__PD_a0.5_b16M_lr0.028_mom0.9_s260925_l40s__46.json,16,46,PD,8,relative_1e-3,0.0,0.14588921262596763,1,0.9998322610545137,0.2835078075116081,0.11843899363970378,-0.024969396881840876,0.012213371981978003,2.0444310480910275
logs/muon_spectra/second_order_audit_20260926/step_spectrum/soaudit_batch16m_20260927__PD_a0.5_b16M_lr0.028_mom0.9_s260925_l40s__46.json,16,46,PD,8,relative_1e-2,0.0,1.4588921262596761,1,0.9998322610545137,0.2835078075116081,0.11843899363970378,-0.024969396881840876,0.012213371981978003,2.0444310480910275
logs/muon_spectra/second_order_audit_20260926/step_spectrum/soaudit_batch16m_20260927__PD_a0.5_b16M_lr0.028_mom0.9_s260925_l40s__46.json,16,46,PD,8,absolute_1e-4,0.0,0.0001,0,0.0,-0.0,0.0,0.0,0.0,
logs/muon_spectra/second_order_audit_20260926/step_spectrum/soaudit_batch16m_20260927__PD_a0.5_b16M_lr0.028_mom0.9_s260925_l40s__46.json,16,46,PD,8,absolute_1e-3,0.0,0.001,1,0.9998322610545137,0.2835078075116081,0.11843899363970378,-0.024969396881840876,0.012213371981978003,2.0444310480910275
logs/muon_spectra/second_order_audit_20260926/step_spectrum/soaudit_batch16m_20260927__PD_a0.5_b16M_lr0.028_mom0.9_s260925_l40s__46.json,16,46,PD,8,absolute_1e-2,0.0,0.01,1,0.9998322610545137,0.2835078075116081,0.11843899363970378,-0.024969396881840876,0.012213371981978003,2.0444310480910275
logs/muon_spectra/second_order_audit_20260926/step_spectrum/soaudit_batch16m_20260927__PD_a0.5_b16M_lr0.028_mom0.9_s260925_l40s__46.json,16,46,PD,8,shared_muon_relative_1e-4,0.0,0.0004477881411072237,1,0.9998322610545137,0.2835078075116081,0.11843899363970378,-0.024969396881840876,0.012213371981978003,2.0444310480910275
logs/muon_spectra/second_order_audit_20260926/step_spectrum/soaudit_batch16m_20260927__PD_a0.5_b16M_lr0.028_mom0.9_s260925_l40s__46.json,16,46,PD,8,band_0.0001_0.001,0.014588921262596762,0.14588921262596763,0,0.0,-0.0,0.0,0.0,0.0,
logs/muon_spectra/second_order_audit_20260926/step_spectrum/soaudit_batch16m_20260927__PD_a0.5_b16M_lr0.028_mom0.9_s260925_l40s__46.json,16,46,PD,8,band_0.001_0.01,0.14588921262596763,1.4588921262596761,0,0.0,-0.0,0.0,0.0,0.0,
logs/muon_spectra/second_order_audit_20260926/step_spectrum/soaudit_batch16m_20260927__PD_a0.5_b16M_lr0.028_mom0.9_s260925_l40s__46.json,16,46,PD,8,band_0.01_0.1,1.4588921262596761,14.588921262596763,1,0.00012857730891261866,0.13815550906957144,0.17870404373649723,-0.012167776851188307,0.018427874923329732,0.6602919165564703
logs/muon_spectra/second_order_audit_20260926/step_spectrum/soaudit_batch16m_20260927__PD_a0.5_b16M_lr0.028_mom0.9_s260925_l40s__46.json,16,46,PD,8,band_0.1_inf,14.588921262596763,inf,6,3.916163657376295e-05,0.5783366834188205,0.7028569626237989,-0.050935874769589266,0.07247827147840612,0.702774414049939
logs/muon_spectra/second_order_audit_20260926/step_spectrum/soaudit_batch16m_20260927__PD_a0.5_b16M_lr0.028_mom0.9_s260925_l40s__46.json,16,46,PD,16,relative_1e-4,0.0,0.014588921262596762,1,0.9995629185573744,0.24679038311129928,0.062496406010665806,-0.02173558138174126,0.006444599288532901,3.3726815909898593
logs/muon_spectra/second_order_audit_20260926/step_spectrum/soaudit_batch16m_20260927__PD_a0.5_b16M_lr0.028_mom0.9_s260925_l40s__46.json,16,46,PD,16,relative_1e-3,0.0,0.14588921262596763,1,0.9995629185573744,0.24679038311129928,0.062496406010665806,-0.02173558138174126,0.006444599288532901,3.3726815909898593
logs/muon_spectra/second_order_audit_20260926/step_spectrum/soaudit_batch16m_20260927__PD_a0.5_b16M_lr0.028_mom0.9_s260925_l40s__46.json,16,46,PD,16,relative_1e-2,0.0,1.4588921262596761,2,0.9998770537808233,0.31528215400956144,0.1640080473327754,-0.027767860442094137,0.016912430852009157,1.6418609888238143
logs/muon_spectra/second_order_audit_20260926/step_spectrum/soaudit_batch16m_20260927__PD_a0.5_b16M_lr0.028_mom0.9_s260925_l40s__46.json,16,46,PD,16,absolute_1e-4,0.0,0.0001,0,0.0,-0.0,0.0,0.0,0.0,
logs/muon_spectra/second_order_audit_20260926/step_spectrum/soaudit_batch16m_20260927__PD_a0.5_b16M_lr0.028_mom0.9_s260925_l40s__46.json,16,46,PD,16,absolute_1e-3,0.0,0.001,1,0.9995629185573744,0.24679038311129928,0.062496406010665806,-0.02173558138174126,0.006444599288532901,3.3726815909898593
logs/muon_spectra/second_order_audit_20260926/step_spectrum/soaudit_batch16m_20260927__PD_a0.5_b16M_lr0.028_mom0.9_s260925_l40s__46.json,16,46,PD,16,absolute_1e-2,0.0,0.01,1,0.9995629185573744,0.24679038311129928,0.062496406010665806,-0.02173558138174126,0.006444599288532901,3.3726815909898593
logs/muon_spectra/second_order_audit_20260926/step_spectrum/soaudit_batch16m_20260927__PD_a0.5_b16M_lr0.028_mom0.9_s260925_l40s__46.json,16,46,PD,16,shared_muon_relative_1e-4,0.0,0.0004477881411072237,1,0.9995629185573744,0.24679038311129928,0.062496406010665806,-0.02173558138174126,0.006444599288532901,3.3726815909898593
logs/muon_spectra/second_order_audit_20260926/step_spectrum/soaudit_batch16m_20260927__PD_a0.5_b16M_lr0.028_mom0.9_s260925_l40s__46.json,16,46,PD,16,band_0.0001_0.001,0.014588921262596762,0.14588921262596763,0,0.0,-0.0,0.0,0.0,0.0,
logs/muon_spectra/second_order_audit_20260926/step_spectrum/soaudit_batch16m_20260927__PD_a0.5_b16M_lr0.028_mom0.9_s260925_l40s__46.json,16,46,PD,16,band_0.001_0.01,0.14588921262596763,1.4588921262596761,1,0.0003141352234488495,0.06849177089826218,0.10151164132210962,-0.006032279060352879,0.010467831563476256,0.5762682580220676
logs/muon_spectra/second_order_audit_20260926/step_spectrum/soaudit_batch16m_20260927__PD_a0.5_b16M_lr0.028_mom0.9_s260925_l40s__46.json,16,46,PD,16,band_0.01_0.1,1.4588921262596761,14.588921262596763,2,8.840008495102752e-05,0.12403685508381057,0.1551642840758172,-0.010924303953908709,0.01600046624425204,0.6827491016290306
logs/muon_spectra/second_order_audit_20260926/step_spectrum/soaudit_batch16m_20260927__PD_a0.5_b16M_lr0.028_mom0.9_s260925_l40s__46.json,16,46,PD,16,band_0.1_inf,14.588921262596763,inf,12,3.454613422564513e-05,0.5606809909066279,0.6808276685914074,-0.04938088410661564,0.07020662128745273,0.7033650559030813
logs/muon_spectra/second_order_audit_20260926/step_spectrum/soaudit_batch16m_20260927__PD_a0.5_b16M_lr0.028_mom0.9_s260925_l40s__46.json,16,46,PD,24,relative_1e-4,0.0,0.014588921262596762,1,0.9992111122208504,0.21652991344683054,0.040912519964515434,-0.019070449569270488,0.004218879354604914,4.520264261279493
logs/muon_spectra/second_order_audit_20260926/step_spectrum/soaudit_batch16m_20260927__PD_a0.5_b16M_lr0.028_mom0.9_s260925_l40s__46.json,16,46,PD,24,relative_1e-3,0.0,0.14588921262596763,1,0.9992111122208504,0.21652991344683054,0.040912519964515434,-0.019070449569270488,0.004218879354604914,4.520264261279493
logs/muon_spectra/second_order_audit_20260926/step_spectrum/soaudit_batch16m_20260927__PD_a0.5_b16M_lr0.028_mom0.9_s260925_l40s__46.json,16,46,PD,24,relative_1e-2,0.0,1.4588921262596761,2,0.9997569222203082,0.2822171108413461,0.107541567305162,-0.024855721291398732,0.011089634626738065,2.2413471794164836
logs/muon_spectra/second_order_audit_20260926/step_spectrum/soaudit_batch16m_20260927__PD_a0.5_b16M_lr0.028_mom0.9_s260925_l40s__46.json,16,46,PD,24,absolute_1e-4,0.0,0.0001,0,0.0,-0.0,0.0,0.0,0.0,
logs/muon_spectra/second_order_audit_20260926/step_spectrum/soaudit_batch16m_20260927__PD_a0.5_b16M_lr0.028_mom0.9_s260925_l40s__46.json,16,46,PD,24,absolute_1e-3,0.0,0.001,1,0.9992111122208504,0.21652991344683054,0.040912519964515434,-0.019070449569270488,0.004218879354604914,4.520264261279493
logs/muon_spectra/second_order_audit_20260926/step_spectrum/soaudit_batch16m_20260927__PD_a0.5_b16M_lr0.028_mom0.9_s260925_l40s__46.json,16,46,PD,24,absolute_1e-2,0.0,0.01,1,0.9992111122208504,0.21652991344683054,0.040912519964515434,-0.019070449569270488,0.004218879354604914,4.520264261279493
logs/muon_spectra/second_order_audit_20260926/step_spectrum/soaudit_batch16m_20260927__PD_a0.5_b16M_lr0.028_mom0.9_s260925_l40s__46.json,16,46,PD,24,shared_muon_relative_1e-4,0.0,0.0004477881411072237,1,0.9992111122208504,0.21652991344683054,0.040912519964515434,-0.019070449569270488,0.004218879354604914,4.520264261279493
logs/muon_spectra/second_order_audit_20260926/step_spectrum/soaudit_batch16m_20260927__PD_a0.5_b16M_lr0.028_mom0.9_s260925_l40s__46.json,16,46,PD,24,band_0.0001_0.001,0.014588921262596762,0.14588921262596763,0,0.0,-0.0,0.0,0.0,0.0,
logs/muon_spectra/second_order_audit_20260926/step_spectrum/soaudit_batch16m_20260927__PD_a0.5_b16M_lr0.028_mom0.9_s260925_l40s__46.json,16,46,PD,24,band_0.001_0.01,0.14588921262596763,1.4588921262596761,1,0.0005458099994578683,0.06568719739451558,0.06662904734064656,-0.005785271722128245,0.006870755272133152,0.8420139406787663
logs/muon_spectra/second_order_audit_20260926/step_spectrum/soaudit_batch16m_20260927__PD_a0.5_b16M_lr0.028_mom0.9_s260925_l40s__46.json,16,46,PD,24,band_0.01_0.1,1.4588921262596761,14.588921262596763,4,0.0002067774108559707,0.15433567372604415,0.20553309314680696,-0.013592813277758188,0.021194473577213754,0.6413376217266309
logs/muon_spectra/second_order_audit_20260926/step_spectrum/soaudit_batch16m_20260927__PD_a0.5_b16M_lr0.028_mom0.9_s260925_l40s__46.json,16,46,PD,24,band_0.1_inf,14.588921262596763,inf,18,3.630036883580304e-05,0.5634472154326098,0.686925339548031,-0.049624513933461574,0.07083541017976215,0.7005608326051512
logs/muon_spectra/second_order_audit_20260926/step_spectrum/soaudit_batch16m_20260927__PD_a0.5_b16M_lr0.028_mom0.9_s260925_l40s__46.json,16,46,PD,32,relative_1e-4,0.0,0.014588921262596762,1,0.9987861367793037,0.1969480955211878,0.029765457194619607,-0.017345819169335912,0.003069399610380224,5.6512091520032435
logs/muon_spectra/second_order_audit_20260926/step_spectrum/soaudit_batch16m_20260927__PD_a0.5_b16M_lr0.028_mom0.9_s260925_l40s__46.json,16,46,PD,32,relative_1e-3,0.0,0.14588921262596763,1,0.9987861367793037,0.1969480955211878,0.029765457194619607,-0.017345819169335912,0.003069399610380224,5.6512091520032435
logs/muon_spectra/second_order_audit_20260926/step_spectrum/soaudit_batch16m_20260927__PD_a0.5_b16M_lr0.028_mom0.9_s260925_l40s__46.json,16,46,PD,32,relative_1e-2,0.0,1.4588921262596761,3,0.9997980312216816,0.29447038371413,0.12347453590589527,-0.02593490438743925,0.0127326346752685,2.0368843565279113
logs/muon_spectra/second_order_audit_20260926/step_spectrum/soaudit_batch16m_20260927__PD_a0.5_b16M_lr0.028_mom0.9_s260925_l40s__46.json,16,46,PD,32,absolute_1e-4,0.0,0.0001,0,0.0,-0.0,0.0,0.0,0.0,
logs/muon_spectra/second_order_audit_20260926/step_spectrum/soaudit_batch16m_20260927__PD_a0.5_b16M_lr0.028_mom0.9_s260925_l40s__46.json,16,46,PD,32,absolute_1e-3,0.0,0.001,1,0.9987861367793037,0.1969480955211878,0.029765457194619607,-0.017345819169335912,0.003069399610380224,5.6512091520032435
logs/muon_spectra/second_order_audit_20260926/step_spectrum/soaudit_batch16m_20260927__PD_a0.5_b16M_lr0.028_mom0.9_s260925_l40s__46.json,16,46,PD,32,absolute_1e-2,0.0,0.01,1,0.9987861367793037,0.1969480955211878,0.029765457194619607,-0.017345819169335912,0.003069399610380224,5.6512091520032435
logs/muon_spectra/second_order_audit_20260926/step_spectrum/soaudit_batch16m_20260927__PD_a0.5_b16M_lr0.028_mom0.9_s260925_l40s__46.json,16,46,PD,32,shared_muon_relative_1e-4,0.0,0.0004477881411072237,1,0.9987861367793037,0.1969480955211878,0.029765457194619607,-0.017345819169335912,0.003069399610380224,5.6512091520032435
logs/muon_spectra/second_order_audit_20260926/step_spectrum/soaudit_batch16m_20260927__PD_a0.5_b16M_lr0.028_mom0.9_s260925_l40s__46.json,16,46,PD,32,band_0.0001_0.001,0.014588921262596762,0.14588921262596763,0,0.0,-0.0,0.0,0.0,0.0,
logs/muon_spectra/second_order_audit_20260926/step_spectrum/soaudit_batch16m_20260927__PD_a0.5_b16M_lr0.028_mom0.9_s260925_l40s__46.json,16,46,PD,32,band_0.001_0.01,0.14588921262596763,1.4588921262596761,2,0.0010118944423779359,0.09752228819294219,0.09370907871127565,-0.008589085218103336,0.009663235064888276,0.8888415898431464
logs/muon_spectra/second_order_audit_20260926/step_spectrum/soaudit_batch16m_20260927__PD_a0.5_b16M_lr0.028_mom0.9_s260925_l40s__46.json,16,46,PD,32,band_0.01_0.1,1.4588921262596761,14.588921262596763,6,0.0001684358895182126,0.1480049395739892,0.2008095248063373,-0.01303524622172707,0.020707381484891936,0.6294975649739953
logs/muon_spectra/second_order_audit_20260926/step_spectrum/soaudit_batch16m_20260927__PD_a0.5_b16M_lr0.028_mom0.9_s260925_l40s__46.json,16,46,PD,32,band_0.1_inf,14.588921262596763,inf,23,3.353288880004304e-05,0.5575246767118808,0.6757159392877675,-0.04910289789345217,0.0696795022235534,0.7046964505560743
logs/muon_spectra/second_order_audit_20260926/step_spectrum/soaudit_batch16m_20260927__PD_a0.5_b16M_lr0.028_mom0.9_s260925_l40s__46.json,16,46,PD,40,relative_1e-4,0.0,0.014588921262596762,1,0.9982859644072805,0.17912965192156058,0.0228760102262556,-0.015776494521944767,0.0023589631570723898,6.6878935665635035
logs/muon_spectra/second_order_audit_20260926/step_spectrum/soaudit_batch16m_20260927__PD_a0.5_b16M_lr0.028_mom0.9_s260925_l40s__46.json,16,46,PD,40,relative_1e-3,0.0,0.14588921262596763,2,0.999459007099568,0.245366026389943,0.061873416431392894,-0.02161013394313621,0.006380356903160201,3.38697885888369
logs/muon_spectra/second_order_audit_20260926/step_spectrum/soaudit_batch16m_20260927__PD_a0.5_b16M_lr0.028_mom0.9_s260925_l40s__46.json,16,46,PD,40,relative_1e-2,0.0,1.4588921262596761,4,0.9998132644353267,0.29909137379992473,0.13047287305302663,-0.02634188907139556,0.01345429983136754,1.957878849256928
logs/muon_spectra/second_order_audit_20260926/step_spectrum/soaudit_batch16m_20260927__PD_a0.5_b16M_lr0.028_mom0.9_s260925_l40s__46.json,16,46,PD,40,absolute_1e-4,0.0,0.0001,1,0.9982859644072805,0.17912965192156058,0.0228760102262556,-0.015776494521944767,0.0023589631570723898,6.6878935665635035
logs/muon_spectra/second_order_audit_20260926/step_spectrum/soaudit_batch16m_20260927__PD_a0.5_b16M_lr0.028_mom0.9_s260925_l40s__46.json,16,46,PD,40,absolute_1e-3,0.0,0.001,1,0.9982859644072805,0.17912965192156058,0.0228760102262556,-0.015776494521944767,0.0023589631570723898,6.6878935665635035
logs/muon_spectra/second_order_audit_20260926/step_spectrum/soaudit_batch16m_20260927__PD_a0.5_b16M_lr0.028_mom0.9_s260925_l40s__46.json,16,46,PD,40,absolute_1e-2,0.0,0.01,1,0.9982859644072805,0.17912965192156058,0.0228760102262556,-0.015776494521944767,0.0023589631570723898,6.6878935665635035
logs/muon_spectra/second_order_audit_20260926/step_spectrum/soaudit_batch16m_20260927__PD_a0.5_b16M_lr0.028_mom0.9_s260925_l40s__46.json,16,46,PD,40,shared_muon_relative_1e-4,0.0,0.0004477881411072237,1,0.9982859644072805,0.17912965192156058,0.0228760102262556,-0.015776494521944767,0.0023589631570723898,6.6878935665635035
logs/muon_spectra/second_order_audit_20260926/step_spectrum/soaudit_batch16m_20260927__PD_a0.5_b16M_lr0.028_mom0.9_s260925_l40s__46.json,16,46,PD,40,band_0.0001_0.001,0.014588921262596762,0.14588921262596763,1,0.0011730426922875337,0.06623637446838244,0.0389974062051373,-0.005833639421191446,0.004021393746087812,1.450651139761349
logs/muon_spectra/second_order_audit_20260926/step_spectrum/soaudit_batch16m_20260927__PD_a0.5_b16M_lr0.028_mom0.9_s260925_l40s__46.json,16,46,PD,40,band_0.001_0.01,0.14588921262596763,1.4588921262596761,2,0.00035425733575882246,0.053725347409981764,0.06859945662163372,-0.004731755128259351,0.007073942928207338,0.6688992512777399
logs/muon_spectra/second_order_audit_20260926/step_spectrum/soaudit_batch16m_20260927__PD_a0.5_b16M_lr0.028_mom0.9_s260925_l40s__46.json,16,46,PD,40,band_0.01_0.1,1.4588921262596761,14.588921262596763,7,0.00015091140232315967,0.13665497310893773,0.1847195525749122,-0.012035620074747495,0.019048191297580053,0.6318510711448252
logs/muon_spectra/second_order_audit_20260926/step_spectrum/soaudit_batch16m_20260927__PD_a0.5_b16M_lr0.028_mom0.9_s260925_l40s__46.json,16,46,PD,40,band_0.1_inf,14.588921262596763,inf,29,3.5824162350142717e-05,0.5642536530911376,0.6848075743720613,-0.049695539356475416,0.07061702725476625,0.7037330979281806
logs/muon_spectra/second_order_audit_20260926/step_spectrum/soaudit_batch16m_20260927__PD_a0.5_b16M_lr0.028_mom0.9_s260925_l40s__46.json,16,46,PD,48,relative_1e-4,0.0,0.014588921262596762,1,0.9976993756305009,0.1673928802836252,0.0180951821955435,-0.014742801264212724,0.0018659664730699972,7.90089290294536
logs/muon_spectra/second_order_audit_20260926/step_spectrum/soaudit_batch16m_20260927__PD_a0.5_b16M_lr0.028_mom0.9_s260925_l40s__46.json,16,46,PD,48,relative_1e-3,0.0,0.14588921262596763,2,0.9992805422902447,0.23053670636600057,0.05048220537555968,-0.020304070521406672,0.0052057007052754385,3.9003530304442204
logs/muon_spectra/second_order_audit_20260926/step_spectrum/soaudit_batch16m_20260927__PD_a0.5_b16M_lr0.028_mom0.9_s260925_l40s__46.json,16,46,PD,48,relative_1e-2,0.0,1.4588921262596761,5,0.9998163033084794,0.3000879501321894,0.1321122427745462,-0.02642966058704366,0.013623350847503466,1.940026421024531
logs/muon_spectra/second_order_audit_20260926/step_spectrum/soaudit_batch16m_20260927__PD_a0.5_b16M_lr0.028_mom0.9_s260925_l40s__46.json,16,46,PD,48,absolute_1e-4,0.0,0.0001,1,0.9976993756305009,0.1673928802836252,0.0180951821955435,-0.014742801264212724,0.0018659664730699972,7.90089290294536
logs/muon_spectra/second_order_audit_20260926/step_spectrum/soaudit_batch16m_20260927__PD_a0.5_b16M_lr0.028_mom0.9_s260925_l40s__46.json,16,46,PD,48,absolute_1e-3,0.0,0.001,1,0.9976993756305009,0.1673928802836252,0.0180951821955435,-0.014742801264212724,0.0018659664730699972,7.90089290294536
logs/muon_spectra/second_order_audit_20260926/step_spectrum/soaudit_batch16m_20260927__PD_a0.5_b16M_lr0.028_mom0.9_s260925_l40s__46.json,16,46,PD,48,absolute_1e-2,0.0,0.01,1,0.9976993756305009,0.1673928802836252,0.0180951821955435,-0.014742801264212724,0.0018659664730699972,7.90089290294536
logs/muon_spectra/second_order_audit_20260926/step_spectrum/soaudit_batch16m_20260927__PD_a0.5_b16M_lr0.028_mom0.9_s260925_l40s__46.json,16,46,PD,48,shared_muon_relative_1e-4,0.0,0.0004477881411072237,1,0.9976993756305009,0.1673928802836252,0.0180951821955435,-0.014742801264212724,0.0018659664730699972,7.90089290294536
logs/muon_spectra/second_order_audit_20260926/step_spectrum/soaudit_batch16m_20260927__PD_a0.5_b16M_lr0.028_mom0.9_s260925_l40s__46.json,16,46,PD,48,band_0.0001_0.001,0.014588921262596762,0.14588921262596763,1,0.0015811666597436787,0.06314382608237534,0.03238702318001618,-0.0055612692571939465,0.003339734232205441,1.6651831764234375
logs/muon_spectra/second_order_audit_20260926/step_spectrum/soaudit_batch16m_20260927__PD_a0.5_b16M_lr0.028_mom0.9_s260925_l40s__46.json,16,46,PD,48,band_0.001_0.01,0.14588921262596763,1.4588921262596761,3,0.0005357610182347274,0.06955124376618887,0.08163003739898653,-0.006125590065636991,0.00841765014222803,0.7277078474558264
logs/muon_spectra/second_order_audit_20260926/step_spectrum/soaudit_batch16m_20260927__PD_a0.5_b16M_lr0.028_mom0.9_s260925_l40s__46.json,16,46,PD,48,band_0.01_0.1,1.4588921262596761,14.588921262596763,10,0.00015027191561708088,0.14193736039421104,0.19276425215894114,-0.01250085602633298,0.019877756844226758,0.6288866557880094
logs/muon_spectra/second_order_audit_20260926/step_spectrum/soaudit_batch16m_20260927__PD_a0.5_b16M_lr0.028_mom0.9_s260925_l40s__46.json,16,46,PD,48,band_0.1_inf,14.588921262596763,inf,33,3.3424775903662565e-05,0.5579746894735996,0.6751235050665128,-0.049142531889241794,0.0696184106919835,0.705884138991132
logs/muon_spectra/second_order_audit_20260926/step_spectrum/soaudit_batch16m_20260927__PD_a0.5_b16M_lr0.028_mom0.9_s260925_l40s__83.json,16,83,PD,8,relative_1e-4,0.0,0.015382513530530719,1,0.9996583281120028,0.34500967365486795,0.17957868340277214,-0.034593467909917124,0.028364920373446047,1.2195862866691478
logs/muon_spectra/second_order_audit_20260926/step_spectrum/soaudit_batch16m_20260927__PD_a0.5_b16M_lr0.028_mom0.9_s260925_l40s__83.json,16,83,PD,8,relative_1e-3,0.0,0.1538251353053072,1,0.9996583281120028,0.34500967365486795,0.17957868340277214,-0.034593467909917124,0.028364920373446047,1.2195862866691478
logs/muon_spectra/second_order_audit_20260926/step_spectrum/soaudit_batch16m_20260927__PD_a0.5_b16M_lr0.028_mom0.9_s260925_l40s__83.json,16,83,PD,8,relative_1e-2,0.0,1.538251353053072,1,0.9996583281120028,0.34500967365486795,0.17957868340277214,-0.034593467909917124,0.028364920373446047,1.2195862866691478
logs/muon_spectra/second_order_audit_20260926/step_spectrum/soaudit_batch16m_20260927__PD_a0.5_b16M_lr0.028_mom0.9_s260925_l40s__83.json,16,83,PD,8,absolute_1e-4,0.0,0.0001,0,0.0,-0.0,0.0,0.0,0.0,
logs/muon_spectra/second_order_audit_20260926/step_spectrum/soaudit_batch16m_20260927__PD_a0.5_b16M_lr0.028_mom0.9_s260925_l40s__83.json,16,83,PD,8,absolute_1e-3,0.0,0.001,0,0.0,-0.0,0.0,0.0,0.0,
logs/muon_spectra/second_order_audit_20260926/step_spectrum/soaudit_batch16m_20260927__PD_a0.5_b16M_lr0.028_mom0.9_s260925_l40s__83.json,16,83,PD,8,absolute_1e-2,0.0,0.01,1,0.9996583281120028,0.34500967365486795,0.17957868340277214,-0.034593467909917124,0.028364920373446047,1.2195862866691478
logs/muon_spectra/second_order_audit_20260926/step_spectrum/soaudit_batch16m_20260927__PD_a0.5_b16M_lr0.028_mom0.9_s260925_l40s__83.json,16,83,PD,8,shared_muon_relative_1e-4,0.0,0.0004660276024313964,0,0.0,-0.0,0.0,0.0,0.0,
logs/muon_spectra/second_order_audit_20260926/step_spectrum/soaudit_batch16m_20260927__PD_a0.5_b16M_lr0.028_mom0.9_s260925_l40s__83.json,16,83,PD,8,band_0.0001_0.001,0.015382513530530719,0.1538251353053072,0,0.0,-0.0,0.0,0.0,0.0,
logs/muon_spectra/second_order_audit_20260926/step_spectrum/soaudit_batch16m_20260927__PD_a0.5_b16M_lr0.028_mom0.9_s260925_l40s__83.json,16,83,PD,8,band_0.001_0.01,0.1538251353053072,1.538251353053072,0,0.0,-0.0,0.0,0.0,0.0,
logs/muon_spectra/second_order_audit_20260926/step_spectrum/soaudit_batch16m_20260927__PD_a0.5_b16M_lr0.028_mom0.9_s260925_l40s__83.json,16,83,PD,8,band_0.01_0.1,1.538251353053072,15.38251353053072,1,0.0002789958624789492,0.22095148700419256,0.22251494117926898,-0.022154388004129402,0.03514681402522502,0.6303384422903624
logs/muon_spectra/second_order_audit_20260926/step_spectrum/soaudit_batch16m_20260927__PD_a0.5_b16M_lr0.028_mom0.9_s260925_l40s__83.json,16,83,PD,8,band_0.1_inf,15.38251353053072,inf,6,6.267602551823372e-05,0.4340388393409394,0.5979063754179588,-0.0435202540883497,0.09444086797021442,0.4608201409380893
logs/muon_spectra/second_order_audit_20260926/step_spectrum/soaudit_batch16m_20260927__PD_a0.5_b16M_lr0.028_mom0.9_s260925_l40s__83.json,16,83,PD,16,relative_1e-4,0.0,0.015382513530530719,1,0.9989097557328727,0.23927240805032748,0.08685043563073004,-0.02399139213092849,0.013718252324745215,1.7488665146982616
logs/muon_spectra/second_order_audit_20260926/step_spectrum/soaudit_batch16m_20260927__PD_a0.5_b16M_lr0.028_mom0.9_s260925_l40s__83.json,16,83,PD,16,relative_1e-3,0.0,0.1538251353053072,1,0.9989097557328727,0.23927240805032748,0.08685043563073004,-0.02399139213092849,0.013718252324745215,1.7488665146982616
logs/muon_spectra/second_order_audit_20260926/step_spectrum/soaudit_batch16m_20260927__PD_a0.5_b16M_lr0.028_mom0.9_s260925_l40s__83.json,16,83,PD,16,relative_1e-2,0.0,1.538251353053072,2,0.9997872154380201,0.41851681645880623,0.2556966891013218,-0.041963890190544285,0.040387957460661705,1.0390198670338195
logs/muon_spectra/second_order_audit_20260926/step_spectrum/soaudit_batch16m_20260927__PD_a0.5_b16M_lr0.028_mom0.9_s260925_l40s__83.json,16,83,PD,16,absolute_1e-4,0.0,0.0001,0,0.0,-0.0,0.0,0.0,0.0,
logs/muon_spectra/second_order_audit_20260926/step_spectrum/soaudit_batch16m_20260927__PD_a0.5_b16M_lr0.028_mom0.9_s260925_l40s__83.json,16,83,PD,16,absolute_1e-3,0.0,0.001,1,0.9989097557328727,0.23927240805032748,0.08685043563073004,-0.02399139213092849,0.013718252324745215,1.7488665146982616
logs/muon_spectra/second_order_audit_20260926/step_spectrum/soaudit_batch16m_20260927__PD_a0.5_b16M_lr0.028_mom0.9_s260925_l40s__83.json,16,83,PD,16,absolute_1e-2,0.0,0.01,1,0.9989097557328727,0.23927240805032748,0.08685043563073004,-0.02399139213092849,0.013718252324745215,1.7488665146982616
logs/muon_spectra/second_order_audit_20260926/step_spectrum/soaudit_batch16m_20260927__PD_a0.5_b16M_lr0.028_mom0.9_s260925_l40s__83.json,16,83,PD,16,shared_muon_relative_1e-4,0.0,0.0004660276024313964,0,0.0,-0.0,0.0,0.0,0.0,
logs/muon_spectra/second_order_audit_20260926/step_spectrum/soaudit_batch16m_20260927__PD_a0.5_b16M_lr0.028_mom0.9_s260925_l40s__83.json,16,83,PD,16,band_0.0001_0.001,0.015382513530530719,0.1538251353053072,0,0.0,-0.0,0.0,0.0,0.0,
logs/muon_spectra/second_order_audit_20260926/step_spectrum/soaudit_batch16m_20260927__PD_a0.5_b16M_lr0.028_mom0.9_s260925_l40s__83.json,16,83,PD,16,band_0.001_0.01,0.1538251353053072,1.538251353053072,1,0.0008774597051475155,0.17924440840847874,0.1688462534705918,-0.017972498059615795,0.02666970513591649,0.6738918922433816
logs/muon_spectra/second_order_audit_20260926/step_spectrum/soaudit_batch16m_20260927__PD_a0.5_b16M_lr0.028_mom0.9_s260925_l40s__83.json,16,83,PD,16,band_0.01_0.1,1.538251353053072,15.38251353053072,2,0.0001629424748570683,0.1756998353067915,0.18441798980961266,-0.017617090413944284,0.029129301414066985,0.6047893206747732
logs/muon_spectra/second_order_audit_20260926/step_spectrum/soaudit_batch16m_20260927__PD_a0.5_b16M_lr0.028_mom0.9_s260925_l40s__83.json,16,83,PD,16,band_0.1_inf,15.38251353053072,inf,12,4.984208712281231e-05,0.40578334823440226,0.5598853210890656,-0.04068712939790773,0.08843534349415713,0.4600776995975133
logs/muon_spectra/second_order_audit_20260926/step_spectrum/soaudit_batch16m_20260927__PD_a0.5_b16M_lr0.028_mom0.9_s260925_l40s__83.json,16,83,PD,24,relative_1e-4,0.0,0.015382513530530719,1,0.9980783479602696,0.19792416522987236,0.0525688365551845,-0.019845481971401294,0.008303384537395998,2.39004732130893
logs/muon_spectra/second_order_audit_20260926/step_spectrum/soaudit_batch16m_20260927__PD_a0.5_b16M_lr0.028_mom0.9_s260925_l40s__83.json,16,83,PD,24,relative_1e-3,0.0,0.1538251353053072,1,0.9980783479602696,0.19792416522987236,0.0525688365551845,-0.019845481971401294,0.008303384537395998,2.39004732130893
logs/muon_spectra/second_order_audit_20260926/step_spectrum/soaudit_batch16m_20260927__PD_a0.5_b16M_lr0.028_mom0.9_s260925_l40s__83.json,16,83,PD,24,relative_1e-2,0.0,1.538251353053072,2,0.9995492786833458,0.34099392972806997,0.18130322997055645,-0.0341908168561235,0.028637316991733934,1.1939252851792144
logs/muon_spectra/second_order_audit_20260926/step_spectrum/soaudit_batch16m_20260927__PD_a0.5_b16M_lr0.028_mom0.9_s260925_l40s__83.json,16,83,PD,24,absolute_1e-4,0.0,0.0001,0,0.0,-0.0,0.0,0.0,0.0,
logs/muon_spectra/second_order_audit_20260926/step_spectrum/soaudit_batch16m_20260927__PD_a0.5_b16M_lr0.028_mom0.9_s260925_l40s__83.json,16,83,PD,24,absolute_1e-3,0.0,0.001,1,0.9980783479602696,0.19792416522987236,0.0525688365551845,-0.019845481971401294,0.008303384537395998,2.39004732130893
logs/muon_spectra/second_order_audit_20260926/step_spectrum/soaudit_batch16m_20260927__PD_a0.5_b16M_lr0.028_mom0.9_s260925_l40s__83.json,16,83,PD,24,absolute_1e-2,0.0,0.01,1,0.9980783479602696,0.19792416522987236,0.0525688365551845,-0.019845481971401294,0.008303384537395998,2.39004732130893
logs/muon_spectra/second_order_audit_20260926/step_spectrum/soaudit_batch16m_20260927__PD_a0.5_b16M_lr0.028_mom0.9_s260925_l40s__83.json,16,83,PD,24,shared_muon_relative_1e-4,0.0,0.0004660276024313964,1,0.9980783479602696,0.19792416522987236,0.0525688365551845,-0.019845481971401294,0.008303384537395998,2.39004732130893
logs/muon_spectra/second_order_audit_20260926/step_spectrum/soaudit_batch16m_20260927__PD_a0.5_b16M_lr0.028_mom0.9_s260925_l40s__83.json,16,83,PD,24,band_0.0001_0.001,0.015382513530530719,0.1538251353053072,0,0.0,-0.0,0.0,0.0,0.0,
logs/muon_spectra/second_order_audit_20260926/step_spectrum/soaudit_batch16m_20260927__PD_a0.5_b16M_lr0.028_mom0.9_s260925_l40s__83.json,16,83,PD,24,band_0.001_0.01,0.1538251353053072,1.538251353053072,1,0.0014709307230760986,0.14306976449819758,0.12873439341537193,-0.014345334884722201,0.020333932454337934,0.7054874858533251
logs/muon_spectra/second_order_audit_20260926/step_spectrum/soaudit_batch16m_20260927__PD_a0.5_b16M_lr0.028_mom0.9_s260925_l40s__83.json,16,83,PD,24,band_0.01_0.1,1.538251353053072,15.38251353053072,4,0.00040193886804461726,0.25348021713076774,0.26269725615248396,-0.02541598229469911,0.04149371524445059,0.6125260691882313
logs/muon_spectra/second_order_audit_20260926/step_spectrum/soaudit_batch16m_20260927__PD_a0.5_b16M_lr0.028_mom0.9_s260925_l40s__83.json,16,83,PD,24,band_0.1_inf,15.38251353053072,inf,18,4.87824486096537e-05,0.40552585314116235,0.5559995138769596,-0.04066131085157366,0.0878215701327011,0.46299913324406705
logs/muon_spectra/second_order_audit_20260926/step_spectrum/soaudit_batch16m_20260927__PD_a0.5_b16M_lr0.028_mom0.9_s260925_l40s__83.json,16,83,PD,32,relative_1e-4,0.0,0.015382513530530719,1,0.9972849454669439,0.17587264207436018,0.03654819337087436,-0.017634417421924023,0.005772882254810858,3.0546989603379315
logs/muon_spectra/second_order_audit_20260926/step_spectrum/soaudit_batch16m_20260927__PD_a0.5_b16M_lr0.028_mom0.9_s260925_l40s__83.json,16,83,PD,32,relative_1e-3,0.0,0.1538251353053072,1,0.9972849454669439,0.17587264207436018,0.03654819337087436,-0.017634417421924023,0.005772882254810858,3.0546989603379315
logs/muon_spectra/second_order_audit_20260926/step_spectrum/soaudit_batch16m_20260927__PD_a0.5_b16M_lr0.028_mom0.9_s260925_l40s__83.json,16,83,PD,32,relative_1e-2,0.0,1.538251353053072,3,0.9996704954374255,0.37572973188313574,0.2147564777588698,-0.03767371008762913,0.03392134453758919,1.1106195995822583
logs/muon_spectra/second_order_audit_20260926/step_spectrum/soaudit_batch16m_20260927__PD_a0.5_b16M_lr0.028_mom0.9_s260925_l40s__83.json,16,83,PD,32,absolute_1e-4,0.0,0.0001,0,0.0,-0.0,0.0,0.0,0.0,
logs/muon_spectra/second_order_audit_20260926/step_spectrum/soaudit_batch16m_20260927__PD_a0.5_b16M_lr0.028_mom0.9_s260925_l40s__83.json,16,83,PD,32,absolute_1e-3,0.0,0.001,1,0.9972849454669439,0.17587264207436018,0.03654819337087436,-0.017634417421924023,0.005772882254810858,3.0546989603379315
logs/muon_spectra/second_order_audit_20260926/step_spectrum/soaudit_batch16m_20260927__PD_a0.5_b16M_lr0.028_mom0.9_s260925_l40s__83.json,16,83,PD,32,absolute_1e-2,0.0,0.01,1,0.9972849454669439,0.17587264207436018,0.03654819337087436,-0.017634417421924023,0.005772882254810858,3.0546989603379315
logs/muon_spectra/second_order_audit_20260926/step_spectrum/soaudit_batch16m_20260927__PD_a0.5_b16M_lr0.028_mom0.9_s260925_l40s__83.json,16,83,PD,32,shared_muon_relative_1e-4,0.0,0.0004660276024313964,1,0.9972849454669439,0.17587264207436018,0.03654819337087436,-0.017634417421924023,0.005772882254810858,3.0546989603379315
logs/muon_spectra/second_order_audit_20260926/step_spectrum/soaudit_batch16m_20260927__PD_a0.5_b16M_lr0.028_mom0.9_s260925_l40s__83.json,16,83,PD,32,band_0.0001_0.001,0.015382513530530719,0.1538251353053072,0,0.0,-0.0,0.0,0.0,0.0,
logs/muon_spectra/second_order_audit_20260926/step_spectrum/soaudit_batch16m_20260927__PD_a0.5_b16M_lr0.028_mom0.9_s260925_l40s__83.json,16,83,PD,32,band_0.001_0.01,0.1538251353053072,1.538251353053072,2,0.00238554997048145,0.19985708980877556,0.17820828438799544,-0.02003929266570511,0.028148462282778328,0.7119142944431982
logs/muon_spectra/second_order_audit_20260926/step_spectrum/soaudit_batch16m_20260927__PD_a0.5_b16M_lr0.028_mom0.9_s260925_l40s__83.json,16,83,PD,32,band_0.01_0.1,1.538251353053072,15.38251353053072,5,0.0002787509724942189,0.21815171715911597,0.22424662205981857,-0.02187366037332189,0.035420337526780296,0.6175452268568544
logs/muon_spectra/second_order_audit_20260926/step_spectrum/soaudit_batch16m_20260927__PD_a0.5_b16M_lr0.028_mom0.9_s260925_l40s__83.json,16,83,PD,32,band_0.1_inf,15.38251353053072,inf,24,5.075359008057752e-05,0.40611855095774824,0.5609969001813115,-0.0407207395414453,0.08861092030451612,0.4595453856195864
logs/muon_spectra/second_order_audit_20260926/step_spectrum/soaudit_batch16m_20260927__PD_a0.5_b16M_lr0.028_mom0.9_s260925_l40s__83.json,16,83,PD,40,relative_1e-4,0.0,0.015382513530530719,1,0.9965018171651567,0.1617851141098442,0.027389605186798716,-0.016221887618316087,0.004326259417111188,3.7496335874255253
logs/muon_spectra/second_order_audit_20260926/step_spectrum/soaudit_batch16m_20260927__PD_a0.5_b16M_lr0.028_mom0.9_s260925_l40s__83.json,16,83,PD,40,relative_1e-3,0.0,0.1538251353053072,1,0.9965018171651567,0.1617851141098442,0.027389605186798716,-0.016221887618316087,0.004326259417111188,3.7496335874255253
logs/muon_spectra/second_order_audit_20260926/step_spectrum/soaudit_batch16m_20260927__PD_a0.5_b16M_lr0.028_mom0.9_s260925_l40s__83.json,16,83,PD,40,relative_1e-2,0.0,1.538251353053072,4,0.999716583920405,0.39340540564516174,0.2308716466906379,-0.039446016488766396,0.03646677740797621,1.0816973500964895
logs/muon_spectra/second_order_audit_20260926/step_spectrum/soaudit_batch16m_20260927__PD_a0.5_b16M_lr0.028_mom0.9_s260925_l40s__83.json,16,83,PD,40,absolute_1e-4,0.0,0.0001,0,0.0,-0.0,0.0,0.0,0.0,
logs/muon_spectra/second_order_audit_20260926/step_spectrum/soaudit_batch16m_20260927__PD_a0.5_b16M_lr0.028_mom0.9_s260925_l40s__83.json,16,83,PD,40,absolute_1e-3,0.0,0.001,1,0.9965018171651567,0.1617851141098442,0.027389605186798716,-0.016221887618316087,0.004326259417111188,3.7496335874255253
logs/muon_spectra/second_order_audit_20260926/step_spectrum/soaudit_batch16m_20260927__PD_a0.5_b16M_lr0.028_mom0.9_s260925_l40s__83.json,16,83,PD,40,absolute_1e-2,0.0,0.01,1,0.9965018171651567,0.1617851141098442,0.027389605186798716,-0.016221887618316087,0.004326259417111188,3.7496335874255253
logs/muon_spectra/second_order_audit_20260926/step_spectrum/soaudit_batch16m_20260927__PD_a0.5_b16M_lr0.028_mom0.9_s260925_l40s__83.json,16,83,PD,40,shared_muon_relative_1e-4,0.0,0.0004660276024313964,1,0.9965018171651567,0.1617851141098442,0.027389605186798716,-0.016221887618316087,0.004326259417111188,3.7496335874255253
logs/muon_spectra/second_order_audit_20260926/step_spectrum/soaudit_batch16m_20260927__PD_a0.5_b16M_lr0.028_mom0.9_s260925_l40s__83.json,16,83,PD,40,band_0.0001_0.001,0.015382513530530719,0.1538251353053072,0,0.0,-0.0,0.0,0.0,0.0,
logs/muon_spectra/second_order_audit_20260926/step_spectrum/soaudit_batch16m_20260927__PD_a0.5_b16M_lr0.028_mom0.9_s260925_l40s__83.json,16,83,PD,40,band_0.001_0.01,0.1538251353053072,1.538251353053072,3,0.003214766755248281,0.2316202915353176,0.20348204150383922,-0.023224128870450313,0.03214051799086502,0.7225810385834812
logs/muon_spectra/second_order_audit_20260926/step_spectrum/soaudit_batch16m_20260927__PD_a0.5_b16M_lr0.028_mom0.9_s260925_l40s__83.json,16,83,PD,40,band_0.01_0.1,1.538251353053072,15.38251353053072,6,0.00023048640453192395,0.19685555802687166,0.20263156802864538,-0.019738334746821466,0.032006183492212445,0.6167037926163261
logs/muon_spectra/second_order_audit_20260926/step_spectrum/soaudit_batch16m_20260927__PD_a0.5_b16M_lr0.028_mom0.9_s260925_l40s__83.json,16,83,PD,40,band_0.1_inf,15.38251353053072,inf,30,5.292967506310545e-05,0.40973903632796677,0.5664967852807168,-0.0410837587668084,0.08947964146869711,0.45914085139892785
logs/muon_spectra/second_order_audit_20260926/step_spectrum/soaudit_batch16m_20260927__PD_a0.5_b16M_lr0.028_mom0.9_s260925_l40s__83.json,16,83,PD,48,relative_1e-4,0.0,0.015382513530530719,1,0.9956772519085615,0.15281375988185167,0.021274893794296004,-0.015322346885713278,0.0033604248399307073,4.559645763727073
logs/muon_spectra/second_order_audit_20260926/step_spectrum/soaudit_batch16m_20260927__PD_a0.5_b16M_lr0.028_mom0.9_s260925_l40s__83.json,16,83,PD,48,relative_1e-3,0.0,0.1538251353053072,2,0.9984239095660938,0.22743302617645803,0.07654743270734182,-0.02280427968683897,0.012090866200781787,1.8860749352568686
logs/muon_spectra/second_order_audit_20260926/step_spectrum/soaudit_batch16m_20260927__PD_a0.5_b16M_lr0.028_mom0.9_s260925_l40s__83.json,16,83,PD,48,relative_1e-2,0.0,1.538251353053072,4,0.9995852052776121,0.3536454457716334,0.19346221784991782,-0.03545936045847661,0.030557860769450784,1.1604006159333622
logs/muon_spectra/second_order_audit_20260926/step_spectrum/soaudit_batch16m_20260927__PD_a0.5_b16M_lr0.028_mom0.9_s260925_l40s__83.json,16,83,PD,48,absolute_1e-4,0.0,0.0001,0,0.0,-0.0,0.0,0.0,0.0,
logs/muon_spectra/second_order_audit_20260926/step_spectrum/soaudit_batch16m_20260927__PD_a0.5_b16M_lr0.028_mom0.9_s260925_l40s__83.json,16,83,PD,48,absolute_1e-3,0.0,0.001,1,0.9956772519085615,0.15281375988185167,0.021274893794296004,-0.015322346885713278,0.0033604248399307073,4.559645763727073
logs/muon_spectra/second_order_audit_20260926/step_spectrum/soaudit_batch16m_20260927__PD_a0.5_b16M_lr0.028_mom0.9_s260925_l40s__83.json,16,83,PD,48,absolute_1e-2,0.0,0.01,1,0.9956772519085615,0.15281375988185167,0.021274893794296004,-0.015322346885713278,0.0033604248399307073,4.559645763727073
logs/muon_spectra/second_order_audit_20260926/step_spectrum/soaudit_batch16m_20260927__PD_a0.5_b16M_lr0.028_mom0.9_s260925_l40s__83.json,16,83,PD,48,shared_muon_relative_1e-4,0.0,0.0004660276024313964,1,0.9956772519085615,0.15281375988185167,0.021274893794296004,-0.015322346885713278,0.0033604248399307073,4.559645763727073
logs/muon_spectra/second_order_audit_20260926/step_spectrum/soaudit_batch16m_20260927__PD_a0.5_b16M_lr0.028_mom0.9_s260925_l40s__83.json,16,83,PD,48,band_0.0001_0.001,0.015382513530530719,0.1538251353053072,1,0.0027466576575323133,0.07461926629460636,0.055272538913045816,-0.007481932801125692,0.00873044136085108,0.8569936492187059
logs/muon_spectra/second_order_audit_20260926/step_spectrum/soaudit_batch16m_20260927__PD_a0.5_b16M_lr0.028_mom0.9_s260925_l40s__83.json,16,83,PD,48,band_0.001_0.01,0.1538251353053072,1.538251353053072,2,0.0011612957115182828,0.12621241959517532,0.11691478514257599,-0.012655080771637638,0.018466994568668994,0.685281014437952
logs/muon_spectra/second_order_audit_20260926/step_spectrum/soaudit_batch16m_20260927__PD_a0.5_b16M_lr0.028_mom0.9_s260925_l40s__83.json,16,83,PD,48,band_0.01_0.1,1.538251353053072,15.38251353053072,8,0.00035896635168191634,0.2294987097556347,0.2328839082946485,-0.023011401875186,0.03678461936497662,0.6255712923618185
logs/muon_spectra/second_order_audit_20260926/step_spectrum/soaudit_batch16m_20260927__PD_a0.5_b16M_lr0.028_mom0.9_s260925_l40s__83.json,16,83,PD,48,band_0.1_inf,15.38251353053072,inf,36,5.58283707057151e-05,0.41685584447273194,0.5736538738554336,-0.04179734766873369,0.09061012223445815,0.4612878411153778
logs/muon_spectra/second_order_audit_20260926/step_spectrum/soaudit_batch16m_20260927__PD_a0.5_b16M_lr0.028_mom0.9_s260925_l40s__9.json,16,9,PD,8,relative_1e-4,0.0,0.061752518060691,1,0.9999372634278416,0.09066260841207083,0.03494308453039246,-0.029278612404754552,0.013278553996779805,2.2049548777566397
logs/muon_spectra/second_order_audit_20260926/step_spectrum/soaudit_batch16m_20260927__PD_a0.5_b16M_lr0.028_mom0.9_s260925_l40s__9.json,16,9,PD,8,relative_1e-3,0.0,0.61752518060691,1,0.9999372634278416,0.09066260841207083,0.03494308453039246,-0.029278612404754552,0.013278553996779805,2.2049548777566397
logs/muon_spectra/second_order_audit_20260926/step_spectrum/soaudit_batch16m_20260927__PD_a0.5_b16M_lr0.028_mom0.9_s260925_l40s__9.json,16,9,PD,8,relative_1e-2,0.0,6.1752518060691,1,0.9999372634278416,0.09066260841207083,0.03494308453039246,-0.029278612404754552,0.013278553996779805,2.2049548777566397
logs/muon_spectra/second_order_audit_20260926/step_spectrum/soaudit_batch16m_20260927__PD_a0.5_b16M_lr0.028_mom0.9_s260925_l40s__9.json,16,9,PD,8,absolute_1e-4,0.0,0.0001,0,0.0,-0.0,0.0,0.0,0.0,
logs/muon_spectra/second_order_audit_20260926/step_spectrum/soaudit_batch16m_20260927__PD_a0.5_b16M_lr0.028_mom0.9_s260925_l40s__9.json,16,9,PD,8,absolute_1e-3,0.0,0.001,1,0.9999372634278416,0.09066260841207083,0.03494308453039246,-0.029278612404754552,0.013278553996779805,2.2049548777566397
logs/muon_spectra/second_order_audit_20260926/step_spectrum/soaudit_batch16m_20260927__PD_a0.5_b16M_lr0.028_mom0.9_s260925_l40s__9.json,16,9,PD,8,absolute_1e-2,0.0,0.01,1,0.9999372634278416,0.09066260841207083,0.03494308453039246,-0.029278612404754552,0.013278553996779805,2.2049548777566397
logs/muon_spectra/second_order_audit_20260926/step_spectrum/soaudit_batch16m_20260927__PD_a0.5_b16M_lr0.028_mom0.9_s260925_l40s__9.json,16,9,PD,8,shared_muon_relative_1e-4,0.0,0.013366909204811924,1,0.9999372634278416,0.09066260841207083,0.03494308453039246,-0.029278612404754552,0.013278553996779805,2.2049548777566397
logs/muon_spectra/second_order_audit_20260926/step_spectrum/soaudit_batch16m_20260927__PD_a0.5_b16M_lr0.028_mom0.9_s260925_l40s__9.json,16,9,PD,8,band_0.0001_0.001,0.061752518060691,0.61752518060691,0,0.0,-0.0,0.0,0.0,0.0,
logs/muon_spectra/second_order_audit_20260926/step_spectrum/soaudit_batch16m_20260927__PD_a0.5_b16M_lr0.028_mom0.9_s260925_l40s__9.json,16,9,PD,8,band_0.001_0.01,0.61752518060691,6.1752518060691,0,0.0,-0.0,0.0,0.0,0.0,
logs/muon_spectra/second_order_audit_20260926/step_spectrum/soaudit_batch16m_20260927__PD_a0.5_b16M_lr0.028_mom0.9_s260925_l40s__9.json,16,9,PD,8,band_0.01_0.1,6.1752518060691,61.752518060691,1,2.655955221393955e-05,0.06946649695490928,0.03693265811063363,-0.02243353324023777,0.014034602312801268,1.598444525911194
logs/muon_spectra/second_order_audit_20260926/step_spectrum/soaudit_batch16m_20260927__PD_a0.5_b16M_lr0.028_mom0.9_s260925_l40s__9.json,16,9,PD,8,band_0.1_inf,61.752518060691,inf,6,3.617701994458053e-05,0.8398708946330199,0.928124257358974,-0.2712281813272945,0.3526920485895604,0.7690226712282132
logs/muon_spectra/second_order_audit_20260926/step_spectrum/soaudit_batch16m_20260927__PD_a0.5_b16M_lr0.028_mom0.9_s260925_l40s__9.json,16,9,PD,16,relative_1e-4,0.0,0.061752518060691,1,0.9998436019465057,0.0651300760684274,0.014816773977347137,-0.021033128061267864,0.005630451231206068,3.7356025649763906
logs/muon_spectra/second_order_audit_20260926/step_spectrum/soaudit_batch16m_20260927__PD_a0.5_b16M_lr0.028_mom0.9_s260925_l40s__9.json,16,9,PD,16,relative_1e-3,0.0,0.61752518060691,1,0.9998436019465057,0.0651300760684274,0.014816773977347137,-0.021033128061267864,0.005630451231206068,3.7356025649763906
logs/muon_spectra/second_order_audit_20260926/step_spectrum/soaudit_batch16m_20260927__PD_a0.5_b16M_lr0.028_mom0.9_s260925_l40s__9.json,16,9,PD,16,relative_1e-2,0.0,6.1752518060691,2,0.9999457155755895,0.12404495615450142,0.045978921226513744,-0.04005911869979768,0.017472229381722847,2.2927308144032423
logs/muon_spectra/second_order_audit_20260926/step_spectrum/soaudit_batch16m_20260927__PD_a0.5_b16M_lr0.028_mom0.9_s260925_l40s__9.json,16,9,PD,16,absolute_1e-4,0.0,0.0001,0,0.0,-0.0,0.0,0.0,0.0,
logs/muon_spectra/second_order_audit_20260926/step_spectrum/soaudit_batch16m_20260927__PD_a0.5_b16M_lr0.028_mom0.9_s260925_l40s__9.json,16,9,PD,16,absolute_1e-3,0.0,0.001,1,0.9998436019465057,0.0651300760684274,0.014816773977347137,-0.021033128061267864,0.005630451231206068,3.7356025649763906
logs/muon_spectra/second_order_audit_20260926/step_spectrum/soaudit_batch16m_20260927__PD_a0.5_b16M_lr0.028_mom0.9_s260925_l40s__9.json,16,9,PD,16,absolute_1e-2,0.0,0.01,1,0.9998436019465057,0.0651300760684274,0.014816773977347137,-0.021033128061267864,0.005630451231206068,3.7356025649763906
logs/muon_spectra/second_order_audit_20260926/step_spectrum/soaudit_batch16m_20260927__PD_a0.5_b16M_lr0.028_mom0.9_s260925_l40s__9.json,16,9,PD,16,shared_muon_relative_1e-4,0.0,0.013366909204811924,1,0.9998436019465057,0.0651300760684274,0.014816773977347137,-0.021033128061267864,0.005630451231206068,3.7356025649763906
logs/muon_spectra/second_order_audit_20260926/step_spectrum/soaudit_batch16m_20260927__PD_a0.5_b16M_lr0.028_mom0.9_s260925_l40s__9.json,16,9,PD,16,band_0.0001_0.001,0.061752518060691,0.61752518060691,0,0.0,-0.0,0.0,0.0,0.0,
logs/muon_spectra/second_order_audit_20260926/step_spectrum/soaudit_batch16m_20260927__PD_a0.5_b16M_lr0.028_mom0.9_s260925_l40s__9.json,16,9,PD,16,band_0.001_0.01,0.61752518060691,6.1752518060691,1,0.00010211362908382896,0.058914880086074005,0.031162147249166616,-0.019025990638529815,0.01184177815051678,1.6066835906480408
logs/muon_spectra/second_order_audit_20260926/step_spectrum/soaudit_batch16m_20260927__PD_a0.5_b16M_lr0.028_mom0.9_s260925_l40s__9.json,16,9,PD,16,band_0.01_0.1,6.1752518060691,61.752518060691,2,1.7543382872315928e-05,0.027720386305245415,0.02436108105206395,-0.008952030617214059,0.009257337596754157,0.9670200015556151
logs/muon_spectra/second_order_audit_20260926/step_spectrum/soaudit_batch16m_20260927__PD_a0.5_b16M_lr0.028_mom0.9_s260925_l40s__9.json,16,9,PD,16,band_0.1_inf,61.752518060691,inf,12,3.674104153810368e-05,0.8482346575402534,0.9296599977214222,-0.27392917765527525,0.3532756379206645,0.7753978713833413
logs/muon_spectra/second_order_audit_20260926/step_spectrum/soaudit_batch16m_20260927__PD_a0.5_b16M_lr0.028_mom0.9_s260925_l40s__9.json,16,9,PD,24,relative_1e-4,0.0,0.061752518060691,1,0.9997264557154125,0.041882388663027105,0.008442197338725836,-0.013525512289218368,0.0032080789295014984,4.216078402821619
logs/muon_spectra/second_order_audit_20260926/step_spectrum/soaudit_batch16m_20260927__PD_a0.5_b16M_lr0.028_mom0.9_s260925_l40s__9.json,16,9,PD,24,relative_1e-3,0.0,0.61752518060691,1,0.9997264557154125,0.041882388663027105,0.008442197338725836,-0.013525512289218368,0.0032080789295014984,4.216078402821619
logs/muon_spectra/second_order_audit_20260926/step_spectrum/soaudit_batch16m_20260927__PD_a0.5_b16M_lr0.028_mom0.9_s260925_l40s__9.json,16,9,PD,24,relative_1e-2,0.0,6.1752518060691,3,0.999942436376863,0.12037987403207791,0.04463520914018433,-0.03887551588080193,0.01696161179503178,2.291970618746795
logs/muon_spectra/second_order_audit_20260926/step_spectrum/soaudit_batch16m_20260927__PD_a0.5_b16M_lr0.028_mom0.9_s260925_l40s__9.json,16,9,PD,24,absolute_1e-4,0.0,0.0001,0,0.0,-0.0,0.0,0.0,0.0,
logs/muon_spectra/second_order_audit_20260926/step_spectrum/soaudit_batch16m_20260927__PD_a0.5_b16M_lr0.028_mom0.9_s260925_l40s__9.json,16,9,PD,24,absolute_1e-3,0.0,0.001,1,0.9997264557154125,0.041882388663027105,0.008442197338725836,-0.013525512289218368,0.0032080789295014984,4.216078402821619
logs/muon_spectra/second_order_audit_20260926/step_spectrum/soaudit_batch16m_20260927__PD_a0.5_b16M_lr0.028_mom0.9_s260925_l40s__9.json,16,9,PD,24,absolute_1e-2,0.0,0.01,1,0.9997264557154125,0.041882388663027105,0.008442197338725836,-0.013525512289218368,0.0032080789295014984,4.216078402821619
logs/muon_spectra/second_order_audit_20260926/step_spectrum/soaudit_batch16m_20260927__PD_a0.5_b16M_lr0.028_mom0.9_s260925_l40s__9.json,16,9,PD,24,shared_muon_relative_1e-4,0.0,0.013366909204811924,1,0.9997264557154125,0.041882388663027105,0.008442197338725836,-0.013525512289218368,0.0032080789295014984,4.216078402821619
logs/muon_spectra/second_order_audit_20260926/step_spectrum/soaudit_batch16m_20260927__PD_a0.5_b16M_lr0.028_mom0.9_s260925_l40s__9.json,16,9,PD,24,band_0.0001_0.001,0.061752518060691,0.61752518060691,0,0.0,-0.0,0.0,0.0,0.0,
logs/muon_spectra/second_order_audit_20260926/step_spectrum/soaudit_batch16m_20260927__PD_a0.5_b16M_lr0.028_mom0.9_s260925_l40s__9.json,16,9,PD,24,band_0.001_0.01,0.61752518060691,6.1752518060691,2,0.00021598066145049412,0.07849748536905081,0.0361930118014585,-0.025350003591583563,0.013753532865530285,1.843163050500055
logs/muon_spectra/second_order_audit_20260926/step_spectrum/soaudit_batch16m_20260927__PD_a0.5_b16M_lr0.028_mom0.9_s260925_l40s__9.json,16,9,PD,24,band_0.01_0.1,6.1752518060691,61.752518060691,4,2.102261657339844e-05,0.03375210664602561,0.026705451010692053,-0.010899916356271005,0.01014821038324202,1.0740727620576624
logs/muon_spectra/second_order_audit_20260926/step_spectrum/soaudit_batch16m_20260927__PD_a0.5_b16M_lr0.028_mom0.9_s260925_l40s__9.json,16,9,PD,24,band_0.1_inf,61.752518060691,inf,17,3.6541006563539515e-05,0.8458680193218965,0.9286593398491235,-0.2731648947352138,0.3528953827208677,0.7740676362186385
logs/muon_spectra/second_order_audit_20260926/step_spectrum/soaudit_batch16m_20260927__PD_a0.5_b16M_lr0.028_mom0.9_s260925_l40s__9.json,16,9,PD,32,relative_1e-4,0.0,0.061752518060691,1,0.9995775519872037,0.03060413529162497,0.005442733905792018,-0.009883309457781486,0.0020682672130820042,4.778545729134287
logs/muon_spectra/second_order_audit_20260926/step_spectrum/soaudit_batch16m_20260927__PD_a0.5_b16M_lr0.028_mom0.9_s260925_l40s__9.json,16,9,PD,32,relative_1e-3,0.0,0.61752518060691,2,0.9998309794833021,0.06756536522488521,0.016218792705574206,-0.021819581137726442,0.006163225645298439,3.540285946592157
logs/muon_spectra/second_order_audit_20260926/step_spectrum/soaudit_batch16m_20260927__PD_a0.5_b16M_lr0.028_mom0.9_s260925_l40s__9.json,16,9,PD,32,relative_1e-2,0.0,6.1752518060691,4,0.9999341873842887,0.11519403567307344,0.040207515801474476,-0.03720079954551967,0.015279065280624806,2.434756240795276
logs/muon_spectra/second_order_audit_20260926/step_spectrum/soaudit_batch16m_20260927__PD_a0.5_b16M_lr0.028_mom0.9_s260925_l40s__9.json,16,9,PD,32,absolute_1e-4,0.0,0.0001,1,0.9995775519872037,0.03060413529162497,0.005442733905792018,-0.009883309457781486,0.0020682672130820042,4.778545729134287
logs/muon_spectra/second_order_audit_20260926/step_spectrum/soaudit_batch16m_20260927__PD_a0.5_b16M_lr0.028_mom0.9_s260925_l40s__9.json,16,9,PD,32,absolute_1e-3,0.0,0.001,1,0.9995775519872037,0.03060413529162497,0.005442733905792018,-0.009883309457781486,0.0020682672130820042,4.778545729134287
logs/muon_spectra/second_order_audit_20260926/step_spectrum/soaudit_batch16m_20260927__PD_a0.5_b16M_lr0.028_mom0.9_s260925_l40s__9.json,16,9,PD,32,absolute_1e-2,0.0,0.01,1,0.9995775519872037,0.03060413529162497,0.005442733905792018,-0.009883309457781486,0.0020682672130820042,4.778545729134287
logs/muon_spectra/second_order_audit_20260926/step_spectrum/soaudit_batch16m_20260927__PD_a0.5_b16M_lr0.028_mom0.9_s260925_l40s__9.json,16,9,PD,32,shared_muon_relative_1e-4,0.0,0.013366909204811924,1,0.9995775519872037,0.03060413529162497,0.005442733905792018,-0.009883309457781486,0.0020682672130820042,4.778545729134287
logs/muon_spectra/second_order_audit_20260926/step_spectrum/soaudit_batch16m_20260927__PD_a0.5_b16M_lr0.028_mom0.9_s260925_l40s__9.json,16,9,PD,32,band_0.0001_0.001,0.061752518060691,0.61752518060691,1,0.00025342749609843796,0.03696122993326024,0.01077605879978219,-0.011936271679944956,0.0040949584322164355,2.9148700475292335
logs/muon_spectra/second_order_audit_20260926/step_spectrum/soaudit_batch16m_20260927__PD_a0.5_b16M_lr0.028_mom0.9_s260925_l40s__9.json,16,9,PD,32,band_0.001_0.01,0.61752518060691,6.1752518060691,2,0.00010320790098659923,0.04762867044818822,0.023988723095900267,-0.015381218407793225,0.009115839635326365,1.6873068223125391
logs/muon_spectra/second_order_audit_20260926/step_spectrum/soaudit_batch16m_20260927__PD_a0.5_b16M_lr0.028_mom0.9_s260925_l40s__9.json,16,9,PD,32,band_0.01_0.1,6.1752518060691,61.752518060691,8,2.9505586770237402e-05,0.04065369638917237,0.03221684194291817,-0.013128718004551423,0.012242567623721896,1.0723827229765488
logs/muon_spectra/second_order_audit_20260926/step_spectrum/soaudit_batch16m_20260927__PD_a0.5_b16M_lr0.028_mom0.9_s260925_l40s__9.json,16,9,PD,32,band_0.1_inf,61.752518060691,inf,20,3.6307028941064555e-05,0.844152267937754,0.9275756422556074,-0.2726108094222162,0.3524835719947955,0.7734000421053421
logs/muon_spectra/second_order_audit_20260926/step_spectrum/soaudit_batch16m_20260927__PD_a0.5_b16M_lr0.028_mom0.9_s260925_l40s__9.json,16,9,PD,40,relative_1e-4,0.0,0.061752518060691,1,0.9994072789020585,0.024734285124669145,0.0038980643553739457,-0.007987698125586426,0.0014812847440739169,5.392412334996569
logs/muon_spectra/second_order_audit_20260926/step_spectrum/soaudit_batch16m_20260927__PD_a0.5_b16M_lr0.028_mom0.9_s260925_l40s__9.json,16,9,PD,40,relative_1e-3,0.0,0.61752518060691,2,0.9997609325231155,0.051563696784266234,0.011372642332974185,-0.016651997099410797,0.004321663279986508,3.853145425865475
logs/muon_spectra/second_order_audit_20260926/step_spectrum/soaudit_batch16m_20260927__PD_a0.5_b16M_lr0.028_mom0.9_s260925_l40s__9.json,16,9,PD,40,relative_1e-2,0.0,6.1752518060691,5,0.9999242146171723,0.11016758814786747,0.03578403784598423,-0.03557755693822056,0.01359812063378188,2.6163583848370235
logs/muon_spectra/second_order_audit_20260926/step_spectrum/soaudit_batch16m_20260927__PD_a0.5_b16M_lr0.028_mom0.9_s260925_l40s__9.json,16,9,PD,40,absolute_1e-4,0.0,0.0001,1,0.9994072789020585,0.024734285124669145,0.0038980643553739457,-0.007987698125586426,0.0014812847440739169,5.392412334996569
logs/muon_spectra/second_order_audit_20260926/step_spectrum/soaudit_batch16m_20260927__PD_a0.5_b16M_lr0.028_mom0.9_s260925_l40s__9.json,16,9,PD,40,absolute_1e-3,0.0,0.001,1,0.9994072789020585,0.024734285124669145,0.0038980643553739457,-0.007987698125586426,0.0014812847440739169,5.392412334996569
logs/muon_spectra/second_order_audit_20260926/step_spectrum/soaudit_batch16m_20260927__PD_a0.5_b16M_lr0.028_mom0.9_s260925_l40s__9.json,16,9,PD,40,absolute_1e-2,0.0,0.01,1,0.9994072789020585,0.024734285124669145,0.0038980643553739457,-0.007987698125586426,0.0014812847440739169,5.392412334996569
logs/muon_spectra/second_order_audit_20260926/step_spectrum/soaudit_batch16m_20260927__PD_a0.5_b16M_lr0.028_mom0.9_s260925_l40s__9.json,16,9,PD,40,shared_muon_relative_1e-4,0.0,0.013366909204811924,1,0.9994072789020585,0.024734285124669145,0.0038980643553739457,-0.007987698125586426,0.0014812847440739169,5.392412334996569
logs/muon_spectra/second_order_audit_20260926/step_spectrum/soaudit_batch16m_20260927__PD_a0.5_b16M_lr0.028_mom0.9_s260925_l40s__9.json,16,9,PD,40,band_0.0001_0.001,0.061752518060691,0.61752518060691,1,0.0003536536210570134,0.02682941165959709,0.007474577977600239,-0.008664298973824371,0.002840378535912591,3.0504029178774936
logs/muon_spectra/second_order_audit_20260926/step_spectrum/soaudit_batch16m_20260927__PD_a0.5_b16M_lr0.028_mom0.9_s260925_l40s__9.json,16,9,PD,40,band_0.001_0.01,0.61752518060691,6.1752518060691,3,0.000163282094056793,0.05860389136360122,0.024411395513010043,-0.01892555983880976,0.00927645735379537,2.0401710606761485
logs/muon_spectra/second_order_audit_20260926/step_spectrum/soaudit_batch16m_20260927__PD_a0.5_b16M_lr0.028_mom0.9_s260925_l40s__9.json,16,9,PD,40,band_0.01_0.1,6.1752518060691,61.752518060691,12,3.944679087743458e-05,0.045816666368413375,0.036493011247819715,-0.014796049217795596,0.013867534216614413,1.0669560274146466
logs/muon_spectra/second_order_audit_20260926/step_spectrum/soaudit_batch16m_20260927__PD_a0.5_b16M_lr0.028_mom0.9_s260925_l40s__9.json,16,9,PD,40,band_0.1_inf,61.752518060691,inf,23,3.633859195016651e-05,0.8440157454837192,0.9277229509061962,-0.27256672081627076,0.35253955004874543,0.7731521776169031
logs/muon_spectra/second_order_audit_20260926/step_spectrum/soaudit_batch16m_20260927__PD_a0.5_b16M_lr0.028_mom0.9_s260925_l40s__9.json,16,9,PD,48,relative_1e-4,0.0,0.061752518060691,1,0.9992119766973341,0.017967524457175654,0.00295992098083142,-0.00580243822308287,0.0011247853788061116,5.158707014169931
logs/muon_spectra/second_order_audit_20260926/step_spectrum/soaudit_batch16m_20260927__PD_a0.5_b16M_lr0.028_mom0.9_s260925_l40s__9.json,16,9,PD,48,relative_1e-3,0.0,0.61752518060691,2,0.9996835281204277,0.04429835246383888,0.008534023798110826,-0.014305724429005746,0.003242973462015254,4.411298641992543
logs/muon_spectra/second_order_audit_20260926/step_spectrum/soaudit_batch16m_20260927__PD_a0.5_b16M_lr0.028_mom0.9_s260925_l40s__9.json,16,9,PD,48,relative_1e-2,0.0,6.1752518060691,7,0.9999306410089842,0.11357541255866037,0.03868682972448579,-0.03667808086770617,0.014701196656351419,2.4949044438406305
logs/muon_spectra/second_order_audit_20260926/step_spectrum/soaudit_batch16m_20260927__PD_a0.5_b16M_lr0.028_mom0.9_s260925_l40s__9.json,16,9,PD,48,absolute_1e-4,0.0,0.0001,1,0.9992119766973341,0.017967524457175654,0.00295992098083142,-0.00580243822308287,0.0011247853788061116,5.158707014169931
logs/muon_spectra/second_order_audit_20260926/step_spectrum/soaudit_batch16m_20260927__PD_a0.5_b16M_lr0.028_mom0.9_s260925_l40s__9.json,16,9,PD,48,absolute_1e-3,0.0,0.001,1,0.9992119766973341,0.017967524457175654,0.00295992098083142,-0.00580243822308287,0.0011247853788061116,5.158707014169931
logs/muon_spectra/second_order_audit_20260926/step_spectrum/soaudit_batch16m_20260927__PD_a0.5_b16M_lr0.028_mom0.9_s260925_l40s__9.json,16,9,PD,48,absolute_1e-2,0.0,0.01,1,0.9992119766973341,0.017967524457175654,0.00295992098083142,-0.00580243822308287,0.0011247853788061116,5.158707014169931
logs/muon_spectra/second_order_audit_20260926/step_spectrum/soaudit_batch16m_20260927__PD_a0.5_b16M_lr0.028_mom0.9_s260925_l40s__9.json,16,9,PD,48,shared_muon_relative_1e-4,0.0,0.013366909204811924,1,0.9992119766973341,0.017967524457175654,0.00295992098083142,-0.00580243822308287,0.0011247853788061116,5.158707014169931
logs/muon_spectra/second_order_audit_20260926/step_spectrum/soaudit_batch16m_20260927__PD_a0.5_b16M_lr0.028_mom0.9_s260925_l40s__9.json,16,9,PD,48,band_0.0001_0.001,0.061752518060691,0.61752518060691,1,0.0004715514230937467,0.02633082800666323,0.005574102817279406,-0.008503286205922876,0.0021181880832091423,4.0144150905806475
logs/muon_spectra/second_order_audit_20260926/step_spectrum/soaudit_batch16m_20260927__PD_a0.5_b16M_lr0.028_mom0.9_s260925_l40s__9.json,16,9,PD,48,band_0.001_0.01,0.61752518060691,6.1752518060691,5,0.0002471128885565653,0.06927706009482149,0.030152805926374964,-0.022372356438700426,0.011458223194336165,1.9525153297554154
logs/muon_spectra/second_order_audit_20260926/step_spectrum/soaudit_batch16m_20260927__PD_a0.5_b16M_lr0.028_mom0.9_s260925_l40s__9.json,16,9,PD,48,band_0.01_0.1,6.1752518060691,61.752518060691,17,3.302799669540643e-05,0.04252556506136795,0.03362613193789182,-0.01373321988559943,0.012778105157024149,1.0747461941217673
logs/muon_spectra/second_order_audit_20260926/step_spectrum/soaudit_batch16m_20260927__PD_a0.5_b16M_lr0.028_mom0.9_s260925_l40s__9.json,16,9,PD,48,band_0.1_inf,61.752518060691,inf,24,3.633099432029755e-05,0.8438990223799716,0.9276870383376226,-0.2725290262189814,0.352525903085766,0.7730751806702778
logs/muon_spectra/second_order_audit_20260926/step_spectrum/soaudit_batch16m_20260927__SPD_a0.5_b16M_lr0.028_mom0.9_s260925_ada__46.json,16,46,SPD,8,relative_1e-4,0.0,0.046250312559326115,1,0.9999516709316274,0.22766889484041689,0.15355817328211674,-0.018521183760010572,0.016804356340448176,1.1021656161521631
logs/muon_spectra/second_order_audit_20260926/step_spectrum/soaudit_batch16m_20260927__SPD_a0.5_b16M_lr0.028_mom0.9_s260925_ada__46.json,16,46,SPD,8,relative_1e-3,0.0,0.4625031255932611,1,0.9999516709316274,0.22766889484041689,0.15355817328211674,-0.018521183760010572,0.016804356340448176,1.1021656161521631
logs/muon_spectra/second_order_audit_20260926/step_spectrum/soaudit_batch16m_20260927__SPD_a0.5_b16M_lr0.028_mom0.9_s260925_ada__46.json,16,46,SPD,8,relative_1e-2,0.0,4.625031255932611,1,0.9999516709316274,0.22766889484041689,0.15355817328211674,-0.018521183760010572,0.016804356340448176,1.1021656161521631
logs/muon_spectra/second_order_audit_20260926/step_spectrum/soaudit_batch16m_20260927__SPD_a0.5_b16M_lr0.028_mom0.9_s260925_ada__46.json,16,46,SPD,8,absolute_1e-4,0.0,0.0001,0,0.0,-0.0,0.0,0.0,0.0,
logs/muon_spectra/second_order_audit_20260926/step_spectrum/soaudit_batch16m_20260927__SPD_a0.5_b16M_lr0.028_mom0.9_s260925_ada__46.json,16,46,SPD,8,absolute_1e-3,0.0,0.001,1,0.9999516709316274,0.22766889484041689,0.15355817328211674,-0.018521183760010572,0.016804356340448176,1.1021656161521631
logs/muon_spectra/second_order_audit_20260926/step_spectrum/soaudit_batch16m_20260927__SPD_a0.5_b16M_lr0.028_mom0.9_s260925_ada__46.json,16,46,SPD,8,absolute_1e-2,0.0,0.01,1,0.9999516709316274,0.22766889484041689,0.15355817328211674,-0.018521183760010572,0.016804356340448176,1.1021656161521631
logs/muon_spectra/second_order_audit_20260926/step_spectrum/soaudit_batch16m_20260927__SPD_a0.5_b16M_lr0.028_mom0.9_s260925_ada__46.json,16,46,SPD,8,shared_muon_relative_1e-4,0.0,0.0004477881411072237,0,0.0,-0.0,0.0,0.0,0.0,
logs/muon_spectra/second_order_audit_20260926/step_spectrum/soaudit_batch16m_20260927__SPD_a0.5_b16M_lr0.028_mom0.9_s260925_ada__46.json,16,46,SPD,8,band_0.0001_0.001,0.046250312559326115,0.4625031255932611,0,0.0,-0.0,0.0,0.0,0.0,
logs/muon_spectra/second_order_audit_20260926/step_spectrum/soaudit_batch16m_20260927__SPD_a0.5_b16M_lr0.028_mom0.9_s260925_ada__46.json,16,46,SPD,8,band_0.001_0.01,0.4625031255932611,4.625031255932611,0,0.0,-0.0,0.0,0.0,0.0,
logs/muon_spectra/second_order_audit_20260926/step_spectrum/soaudit_batch16m_20260927__SPD_a0.5_b16M_lr0.028_mom0.9_s260925_ada__46.json,16,46,SPD,8,band_0.01_0.1,4.625031255932611,46.25031255932612,1,3.7670565883487256e-05,0.011091138261470788,0.12568947199252972,-0.000902279646028823,0.01375459625795918,0.0655984100955863
logs/muon_spectra/second_order_audit_20260926/step_spectrum/soaudit_batch16m_20260927__SPD_a0.5_b16M_lr0.028_mom0.9_s260925_ada__46.json,16,46,SPD,8,band_0.1_inf,46.25031255932612,inf,6,1.0658502489150377e-05,0.7612399668981125,0.7207523547253536,-0.061927938475156916,0.07887420866729258,0.7851481431196543
logs/muon_spectra/second_order_audit_20260926/step_spectrum/soaudit_batch16m_20260927__SPD_a0.5_b16M_lr0.028_mom0.9_s260925_ada__46.json,16,46,SPD,16,relative_1e-4,0.0,0.046250312559326115,1,0.9998256783486275,0.22114221127279857,0.0906055669654798,-0.017990228902149855,0.009915253621303532,1.814399266953368
logs/muon_spectra/second_order_audit_20260926/step_spectrum/soaudit_batch16m_20260927__SPD_a0.5_b16M_lr0.028_mom0.9_s260925_ada__46.json,16,46,SPD,16,relative_1e-3,0.0,0.4625031255932611,1,0.9998256783486275,0.22114221127279857,0.0906055669654798,-0.017990228902149855,0.009915253621303532,1.814399266953368
logs/muon_spectra/second_order_audit_20260926/step_spectrum/soaudit_batch16m_20260927__SPD_a0.5_b16M_lr0.028_mom0.9_s260925_ada__46.json,16,46,SPD,16,relative_1e-2,0.0,4.625031255932611,2,0.9999699712339384,0.23329960486665116,0.19910904564238105,-0.01897924991423124,0.021789132301242305,0.8710420246128452
logs/muon_spectra/second_order_audit_20260926/step_spectrum/soaudit_batch16m_20260927__SPD_a0.5_b16M_lr0.028_mom0.9_s260925_ada__46.json,16,46,SPD,16,absolute_1e-4,0.0,0.0001,0,0.0,-0.0,0.0,0.0,0.0,
logs/muon_spectra/second_order_audit_20260926/step_spectrum/soaudit_batch16m_20260927__SPD_a0.5_b16M_lr0.028_mom0.9_s260925_ada__46.json,16,46,SPD,16,absolute_1e-3,0.0,0.001,1,0.9998256783486275,0.22114221127279857,0.0906055669654798,-0.017990228902149855,0.009915253621303532,1.814399266953368
logs/muon_spectra/second_order_audit_20260926/step_spectrum/soaudit_batch16m_20260927__SPD_a0.5_b16M_lr0.028_mom0.9_s260925_ada__46.json,16,46,SPD,16,absolute_1e-2,0.0,0.01,1,0.9998256783486275,0.22114221127279857,0.0906055669654798,-0.017990228902149855,0.009915253621303532,1.814399266953368
logs/muon_spectra/second_order_audit_20260926/step_spectrum/soaudit_batch16m_20260927__SPD_a0.5_b16M_lr0.028_mom0.9_s260925_ada__46.json,16,46,SPD,16,shared_muon_relative_1e-4,0.0,0.0004477881411072237,1,0.9998256783486275,0.22114221127279857,0.0906055669654798,-0.017990228902149855,0.009915253621303532,1.814399266953368
logs/muon_spectra/second_order_audit_20260926/step_spectrum/soaudit_batch16m_20260927__SPD_a0.5_b16M_lr0.028_mom0.9_s260925_ada__46.json,16,46,SPD,16,band_0.0001_0.001,0.046250312559326115,0.4625031255932611,0,0.0,-0.0,0.0,0.0,0.0,
logs/muon_spectra/second_order_audit_20260926/step_spectrum/soaudit_batch16m_20260927__SPD_a0.5_b16M_lr0.028_mom0.9_s260925_ada__46.json,16,46,SPD,16,band_0.001_0.01,0.4625031255932611,4.625031255932611,1,0.0001442928853110111,0.012157393593852605,0.10850347867690122,-0.0009890210120813846,0.011873878679938771,0.08329384514870962
logs/muon_spectra/second_order_audit_20260926/step_spectrum/soaudit_batch16m_20260927__SPD_a0.5_b16M_lr0.028_mom0.9_s260925_ada__46.json,16,46,SPD,16,band_0.01_0.1,4.625031255932611,46.25031255932612,2,2.141176453687923e-05,0.019245387985588502,0.10559244543581965,-0.001565639292375157,0.01155531510981768,0.1354908349530816
logs/muon_spectra/second_order_audit_20260926/step_spectrum/soaudit_batch16m_20260927__SPD_a0.5_b16M_lr0.028_mom0.9_s260925_ada__46.json,16,46,SPD,16,band_0.1_inf,46.25031255932612,inf,12,8.617001524773066e-06,0.7474550071477603,0.6952985089217992,-0.0608065126745899,0.07608871385464,0.7991528519033028
logs/muon_spectra/second_order_audit_20260926/step_spectrum/soaudit_batch16m_20260927__SPD_a0.5_b16M_lr0.028_mom0.9_s260925_ada__46.json,16,46,SPD,24,relative_1e-4,0.0,0.046250312559326115,1,0.9996470521278011,0.20362861397637103,0.06218659360832995,-0.016565473210102752,0.0068052755269049124,2.4342105098626106
logs/muon_spectra/second_order_audit_20260926/step_spectrum/soaudit_batch16m_20260927__SPD_a0.5_b16M_lr0.028_mom0.9_s260925_ada__46.json,16,46,SPD,24,relative_1e-3,0.0,0.4625031255932611,1,0.9996470521278011,0.20362861397637103,0.06218659360832995,-0.016565473210102752,0.0068052755269049124,2.4342105098626106
logs/muon_spectra/second_order_audit_20260926/step_spectrum/soaudit_batch16m_20260927__SPD_a0.5_b16M_lr0.028_mom0.9_s260925_ada__46.json,16,46,SPD,24,relative_1e-2,0.0,4.625031255932611,2,0.9999329962639474,0.2449910581024067,0.15301838627348777,-0.01993036602498841,0.016745285741683744,1.1902075803565477
logs/muon_spectra/second_order_audit_20260926/step_spectrum/soaudit_batch16m_20260927__SPD_a0.5_b16M_lr0.028_mom0.9_s260925_ada__46.json,16,46,SPD,24,absolute_1e-4,0.0,0.0001,0,0.0,-0.0,0.0,0.0,0.0,
logs/muon_spectra/second_order_audit_20260926/step_spectrum/soaudit_batch16m_20260927__SPD_a0.5_b16M_lr0.028_mom0.9_s260925_ada__46.json,16,46,SPD,24,absolute_1e-3,0.0,0.001,1,0.9996470521278011,0.20362861397637103,0.06218659360832995,-0.016565473210102752,0.0068052755269049124,2.4342105098626106
logs/muon_spectra/second_order_audit_20260926/step_spectrum/soaudit_batch16m_20260927__SPD_a0.5_b16M_lr0.028_mom0.9_s260925_ada__46.json,16,46,SPD,24,absolute_1e-2,0.0,0.01,1,0.9996470521278011,0.20362861397637103,0.06218659360832995,-0.016565473210102752,0.0068052755269049124,2.4342105098626106
logs/muon_spectra/second_order_audit_20260926/step_spectrum/soaudit_batch16m_20260927__SPD_a0.5_b16M_lr0.028_mom0.9_s260925_ada__46.json,16,46,SPD,24,shared_muon_relative_1e-4,0.0,0.0004477881411072237,1,0.9996470521278011,0.20362861397637103,0.06218659360832995,-0.016565473210102752,0.0068052755269049124,2.4342105098626106
logs/muon_spectra/second_order_audit_20260926/step_spectrum/soaudit_batch16m_20260927__SPD_a0.5_b16M_lr0.028_mom0.9_s260925_ada__46.json,16,46,SPD,24,band_0.0001_0.001,0.046250312559326115,0.4625031255932611,0,0.0,-0.0,0.0,0.0,0.0,
logs/muon_spectra/second_order_audit_20260926/step_spectrum/soaudit_batch16m_20260927__SPD_a0.5_b16M_lr0.028_mom0.9_s260925_ada__46.json,16,46,SPD,24,band_0.001_0.01,0.4625031255932611,4.625031255932611,1,0.0002859441361462313,0.04136244412603566,0.09083179266515781,-0.0033648928148856555,0.009940010214778831,0.3385200560340194
logs/muon_spectra/second_order_audit_20260926/step_spectrum/soaudit_batch16m_20260927__SPD_a0.5_b16M_lr0.028_mom0.9_s260925_ada__46.json,16,46,SPD,24,band_0.01_0.1,4.625031255932611,46.25031255932612,4,5.777968509710194e-05,0.005434197561933643,0.1453475550473307,-0.000442079589762681,0.015905842431069732,0.027793535091177775
logs/muon_spectra/second_order_audit_20260926/step_spectrum/soaudit_batch16m_20260927__SPD_a0.5_b16M_lr0.028_mom0.9_s260925_ada__46.json,16,46,SPD,24,band_0.1_inf,46.25031255932612,inf,18,9.224050955551885e-06,0.7495747443356595,0.7016340586791815,-0.06097895626644523,0.0767820330929464,0.7941826207262422
logs/muon_spectra/second_order_audit_20260926/step_spectrum/soaudit_batch16m_20260927__SPD_a0.5_b16M_lr0.028_mom0.9_s260925_ada__46.json,16,46,SPD,32,relative_1e-4,0.0,0.046250312559326115,1,0.9994069167701584,0.19646561199506957,0.04550474570706339,-0.01598275295724606,0.004979728175315732,3.2095633324870585
logs/muon_spectra/second_order_audit_20260926/step_spectrum/soaudit_batch16m_20260927__SPD_a0.5_b16M_lr0.028_mom0.9_s260925_ada__46.json,16,46,SPD,32,relative_1e-3,0.0,0.4625031255932611,1,0.9994069167701584,0.19646561199506957,0.04550474570706339,-0.01598275295724606,0.004979728175315732,3.2095633324870585
logs/muon_spectra/second_order_audit_20260926/step_spectrum/soaudit_batch16m_20260927__SPD_a0.5_b16M_lr0.028_mom0.9_s260925_ada__46.json,16,46,SPD,32,relative_1e-2,0.0,4.625031255932611,3,0.9999475507696157,0.22597741424740275,0.16845303887280358,-0.01838357944251401,0.018434348568664723,0.9972459495402505
logs/muon_spectra/second_order_audit_20260926/step_spectrum/soaudit_batch16m_20260927__SPD_a0.5_b16M_lr0.028_mom0.9_s260925_ada__46.json,16,46,SPD,32,absolute_1e-4,0.0,0.0001,0,0.0,-0.0,0.0,0.0,0.0,
logs/muon_spectra/second_order_audit_20260926/step_spectrum/soaudit_batch16m_20260927__SPD_a0.5_b16M_lr0.028_mom0.9_s260925_ada__46.json,16,46,SPD,32,absolute_1e-3,0.0,0.001,1,0.9994069167701584,0.19646561199506957,0.04550474570706339,-0.01598275295724606,0.004979728175315732,3.2095633324870585
logs/muon_spectra/second_order_audit_20260926/step_spectrum/soaudit_batch16m_20260927__SPD_a0.5_b16M_lr0.028_mom0.9_s260925_ada__46.json,16,46,SPD,32,absolute_1e-2,0.0,0.01,1,0.9994069167701584,0.19646561199506957,0.04550474570706339,-0.01598275295724606,0.004979728175315732,3.2095633324870585
logs/muon_spectra/second_order_audit_20260926/step_spectrum/soaudit_batch16m_20260927__SPD_a0.5_b16M_lr0.028_mom0.9_s260925_ada__46.json,16,46,SPD,32,shared_muon_relative_1e-4,0.0,0.0004477881411072237,1,0.9994069167701584,0.19646561199506957,0.04550474570706339,-0.01598275295724606,0.004979728175315732,3.2095633324870585
logs/muon_spectra/second_order_audit_20260926/step_spectrum/soaudit_batch16m_20260927__SPD_a0.5_b16M_lr0.028_mom0.9_s260925_ada__46.json,16,46,SPD,32,band_0.0001_0.001,0.046250312559326115,0.4625031255932611,0,0.0,-0.0,0.0,0.0,0.0,
logs/muon_spectra/second_order_audit_20260926/step_spectrum/soaudit_batch16m_20260927__SPD_a0.5_b16M_lr0.028_mom0.9_s260925_ada__46.json,16,46,SPD,32,band_0.001_0.01,0.4625031255932611,4.625031255932611,2,0.0005406339994574735,0.02951180225233323,0.12294829316574019,-0.0024008264852679513,0.013454620393348991,0.17843881247327864
logs/muon_spectra/second_order_audit_20260926/step_spectrum/soaudit_batch16m_20260927__SPD_a0.5_b16M_lr0.028_mom0.9_s260925_ada__46.json,16,46,SPD,32,band_0.01_0.1,4.625031255932611,46.25031255932612,6,4.3847801016976214e-05,0.02579729900325297,0.1371646994059198,-0.002098646438663014,0.015010366670049268,0.13981313613414384
logs/muon_spectra/second_order_audit_20260926/step_spectrum/soaudit_batch16m_20260927__SPD_a0.5_b16M_lr0.028_mom0.9_s260925_ada__46.json,16,46,SPD,32,band_0.1_inf,46.25031255932612,inf,23,8.601429367101413e-06,0.7482252867493444,0.6943822617212767,-0.06086917600001916,0.07598844602698589,0.8010319881841327
logs/muon_spectra/second_order_audit_20260926/step_spectrum/soaudit_batch16m_20260927__SPD_a0.5_b16M_lr0.028_mom0.9_s260925_ada__46.json,16,46,SPD,40,relative_1e-4,0.0,0.046250312559326115,1,0.9991482963149595,0.1864170071923424,0.03602831575998136,-0.0151652848695941,0.003942692488693599,3.8464285290022904
logs/muon_spectra/second_order_audit_20260926/step_spectrum/soaudit_batch16m_20260927__SPD_a0.5_b16M_lr0.028_mom0.9_s260925_ada__46.json,16,46,SPD,40,relative_1e-3,0.0,0.4625031255932611,2,0.9997837193192833,0.23350213656956303,0.09286060989943139,-0.018995726152188495,0.010162030098355727,1.86928457880302
logs/muon_spectra/second_order_audit_20260926/step_spectrum/soaudit_batch16m_20260927__SPD_a0.5_b16M_lr0.028_mom0.9_s260925_ada__46.json,16,46,SPD,40,relative_1e-2,0.0,4.625031255932611,4,0.999952748100794,0.2270318108011563,0.17484549156536836,-0.01846935608030058,0.01913389487505353,0.9652690265577154
logs/muon_spectra/second_order_audit_20260926/step_spectrum/soaudit_batch16m_20260927__SPD_a0.5_b16M_lr0.028_mom0.9_s260925_ada__46.json,16,46,SPD,40,absolute_1e-4,0.0,0.0001,0,0.0,-0.0,0.0,0.0,0.0,
logs/muon_spectra/second_order_audit_20260926/step_spectrum/soaudit_batch16m_20260927__SPD_a0.5_b16M_lr0.028_mom0.9_s260925_ada__46.json,16,46,SPD,40,absolute_1e-3,0.0,0.001,1,0.9991482963149595,0.1864170071923424,0.03602831575998136,-0.0151652848695941,0.003942692488693599,3.8464285290022904
logs/muon_spectra/second_order_audit_20260926/step_spectrum/soaudit_batch16m_20260927__SPD_a0.5_b16M_lr0.028_mom0.9_s260925_ada__46.json,16,46,SPD,40,absolute_1e-2,0.0,0.01,1,0.9991482963149595,0.1864170071923424,0.03602831575998136,-0.0151652848695941,0.003942692488693599,3.8464285290022904
logs/muon_spectra/second_order_audit_20260926/step_spectrum/soaudit_batch16m_20260927__SPD_a0.5_b16M_lr0.028_mom0.9_s260925_ada__46.json,16,46,SPD,40,shared_muon_relative_1e-4,0.0,0.0004477881411072237,1,0.9991482963149595,0.1864170071923424,0.03602831575998136,-0.0151652848695941,0.003942692488693599,3.8464285290022904
logs/muon_spectra/second_order_audit_20260926/step_spectrum/soaudit_batch16m_20260927__SPD_a0.5_b16M_lr0.028_mom0.9_s260925_ada__46.json,16,46,SPD,40,band_0.0001_0.001,0.046250312559326115,0.4625031255932611,1,0.0006354230043238945,0.047085129377220626,0.056832294139450026,-0.0038304412825943953,0.006219337609662128,0.6158921613522904
logs/muon_spectra/second_order_audit_20260926/step_spectrum/soaudit_batch16m_20260927__SPD_a0.5_b16M_lr0.028_mom0.9_s260925_ada__46.json,16,46,SPD,40,band_0.001_0.01,0.4625031255932611,4.625031255932611,2,0.00016902878151070486,-0.006470325768406698,0.08198488166593695,0.0005263700718879133,0.008971864776697805,-0.0586689707200034
logs/muon_spectra/second_order_audit_20260926/step_spectrum/soaudit_batch16m_20260927__SPD_a0.5_b16M_lr0.028_mom0.9_s260925_ada__46.json,16,46,SPD,40,band_0.01_0.1,4.625031255932611,46.25031255932612,8,3.8788117770352574e-05,0.027237915334782127,0.13247523260946886,-0.002215842596805859,0.014497183493863116,0.15284641997832613
logs/muon_spectra/second_order_audit_20260926/step_spectrum/soaudit_batch16m_20260927__SPD_a0.5_b16M_lr0.028_mom0.9_s260925_ada__46.json,16,46,SPD,40,band_0.1_inf,46.25031255932612,inf,28,8.463781435731802e-06,0.7457302738640615,0.6926792758251626,-0.060666203204089816,0.07580208289678327,0.8003236967339884
logs/muon_spectra/second_order_audit_20260926/step_spectrum/soaudit_batch16m_20260927__SPD_a0.5_b16M_lr0.028_mom0.9_s260925_ada__46.json,16,46,SPD,48,relative_1e-4,0.0,0.046250312559326115,1,0.9988207371824991,0.17708514520478702,0.028901520161117068,-0.014406124814744611,0.0031627847166153973,4.554886312389005
logs/muon_spectra/second_order_audit_20260926/step_spectrum/soaudit_batch16m_20260927__SPD_a0.5_b16M_lr0.028_mom0.9_s260925_ada__46.json,16,46,SPD,48,relative_1e-3,0.0,0.4625031255932611,2,0.9996825331038881,0.22395581434121267,0.0757027310235042,-0.018219119456102554,0.008284389172349027,2.199210958957949
logs/muon_spectra/second_order_audit_20260926/step_spectrum/soaudit_batch16m_20260927__SPD_a0.5_b16M_lr0.028_mom0.9_s260925_ada__46.json,16,46,SPD,48,relative_1e-2,0.0,4.625031255932611,5,0.9999531801277924,0.2264770391284499,0.17562263984866316,-0.018424224627001922,0.019218940668466668,0.958649331658083
logs/muon_spectra/second_order_audit_20260926/step_spectrum/soaudit_batch16m_20260927__SPD_a0.5_b16M_lr0.028_mom0.9_s260925_ada__46.json,16,46,SPD,48,absolute_1e-4,0.0,0.0001,0,0.0,-0.0,0.0,0.0,0.0,
logs/muon_spectra/second_order_audit_20260926/step_spectrum/soaudit_batch16m_20260927__SPD_a0.5_b16M_lr0.028_mom0.9_s260925_ada__46.json,16,46,SPD,48,absolute_1e-3,0.0,0.001,1,0.9988207371824991,0.17708514520478702,0.028901520161117068,-0.014406124814744611,0.0031627847166153973,4.554886312389005
logs/muon_spectra/second_order_audit_20260926/step_spectrum/soaudit_batch16m_20260927__SPD_a0.5_b16M_lr0.028_mom0.9_s260925_ada__46.json,16,46,SPD,48,absolute_1e-2,0.0,0.01,1,0.9988207371824991,0.17708514520478702,0.028901520161117068,-0.014406124814744611,0.0031627847166153973,4.554886312389005
logs/muon_spectra/second_order_audit_20260926/step_spectrum/soaudit_batch16m_20260927__SPD_a0.5_b16M_lr0.028_mom0.9_s260925_ada__46.json,16,46,SPD,48,shared_muon_relative_1e-4,0.0,0.0004477881411072237,1,0.9988207371824991,0.17708514520478702,0.028901520161117068,-0.014406124814744611,0.0031627847166153973,4.554886312389005
logs/muon_spectra/second_order_audit_20260926/step_spectrum/soaudit_batch16m_20260927__SPD_a0.5_b16M_lr0.028_mom0.9_s260925_ada__46.json,16,46,SPD,48,band_0.0001_0.001,0.046250312559326115,0.4625031255932611,1,0.0008617959213889093,0.046870669136425645,0.046801210862387116,-0.0038129946413579417,0.005121604455733629,0.744492214171147
logs/muon_spectra/second_order_audit_20260926/step_spectrum/soaudit_batch16m_20260927__SPD_a0.5_b16M_lr0.028_mom0.9_s260925_ada__46.json,16,46,SPD,48,band_0.001_0.01,0.4625031255932611,4.625031255932611,3,0.0002706470239043671,0.002521224787237221,0.09991990882515896,-0.00020510517089936852,0.010934551496117637,0.018757529375776596
logs/muon_spectra/second_order_audit_20260926/step_spectrum/soaudit_batch16m_20260927__SPD_a0.5_b16M_lr0.028_mom0.9_s260925_ada__46.json,16,46,SPD,48,band_0.01_0.1,4.625031255932611,46.25031255932612,10,3.8179573067834256e-05,0.028382366747013093,0.12959042174649685,-0.002308945323575761,0.014181489521474437,0.16281402035233475
logs/muon_spectra/second_order_audit_20260926/step_spectrum/soaudit_batch16m_20260927__SPD_a0.5_b16M_lr0.028_mom0.9_s260925_ada__46.json,16,46,SPD,48,band_0.1_inf,46.25031255932612,inf,33,8.640299139742601e-06,0.7451405941245369,0.6947869384048403,-0.0606182319306185,0.0760327310757587,0.7972649551443673
logs/muon_spectra/second_order_audit_20260926/step_spectrum/soaudit_batch16m_20260927__SPD_a0.5_b16M_lr0.028_mom0.9_s260925_ada__83.json,16,83,SPD,8,relative_1e-4,0.0,0.049035295014695925,1,0.9999062149326018,0.35294118217667536,0.21014280265234156,-0.03325186230077984,0.03336307378834499,0.9966666294517503
logs/muon_spectra/second_order_audit_20260926/step_spectrum/soaudit_batch16m_20260927__SPD_a0.5_b16M_lr0.028_mom0.9_s260925_ada__83.json,16,83,SPD,8,relative_1e-3,0.0,0.49035295014695923,1,0.9999062149326018,0.35294118217667536,0.21014280265234156,-0.03325186230077984,0.03336307378834499,0.9966666294517503
logs/muon_spectra/second_order_audit_20260926/step_spectrum/soaudit_batch16m_20260927__SPD_a0.5_b16M_lr0.028_mom0.9_s260925_ada__83.json,16,83,SPD,8,relative_1e-2,0.0,4.903529501469593,1,0.9999062149326018,0.35294118217667536,0.21014280265234156,-0.03325186230077984,0.03336307378834499,0.9966666294517503
logs/muon_spectra/second_order_audit_20260926/step_spectrum/soaudit_batch16m_20260927__SPD_a0.5_b16M_lr0.028_mom0.9_s260925_ada__83.json,16,83,SPD,8,absolute_1e-4,0.0,0.0001,0,0.0,-0.0,0.0,0.0,0.0,
logs/muon_spectra/second_order_audit_20260926/step_spectrum/soaudit_batch16m_20260927__SPD_a0.5_b16M_lr0.028_mom0.9_s260925_ada__83.json,16,83,SPD,8,absolute_1e-3,0.0,0.001,0,0.0,-0.0,0.0,0.0,0.0,
logs/muon_spectra/second_order_audit_20260926/step_spectrum/soaudit_batch16m_20260927__SPD_a0.5_b16M_lr0.028_mom0.9_s260925_ada__83.json,16,83,SPD,8,absolute_1e-2,0.0,0.01,1,0.9999062149326018,0.35294118217667536,0.21014280265234156,-0.03325186230077984,0.03336307378834499,0.9966666294517503
logs/muon_spectra/second_order_audit_20260926/step_spectrum/soaudit_batch16m_20260927__SPD_a0.5_b16M_lr0.028_mom0.9_s260925_ada__83.json,16,83,SPD,8,shared_muon_relative_1e-4,0.0,0.0004660276024313964,0,0.0,-0.0,0.0,0.0,0.0,
logs/muon_spectra/second_order_audit_20260926/step_spectrum/soaudit_batch16m_20260927__SPD_a0.5_b16M_lr0.028_mom0.9_s260925_ada__83.json,16,83,SPD,8,band_0.0001_0.001,0.049035295014695925,0.49035295014695923,0,0.0,-0.0,0.0,0.0,0.0,
logs/muon_spectra/second_order_audit_20260926/step_spectrum/soaudit_batch16m_20260927__SPD_a0.5_b16M_lr0.028_mom0.9_s260925_ada__83.json,16,83,SPD,8,band_0.001_0.01,0.49035295014695923,4.903529501469593,0,0.0,-0.0,0.0,0.0,0.0,
logs/muon_spectra/second_order_audit_20260926/step_spectrum/soaudit_batch16m_20260927__SPD_a0.5_b16M_lr0.028_mom0.9_s260925_ada__83.json,16,83,SPD,8,band_0.01_0.1,4.903529501469593,49.035295014695926,1,7.520933678550987e-05,0.18766007673173266,0.18697773666308362,-0.017680132968200094,0.029685299455097403,0.5955854679836876
logs/muon_spectra/second_order_audit_20260926/step_spectrum/soaudit_batch16m_20260927__SPD_a0.5_b16M_lr0.028_mom0.9_s260925_ada__83.json,16,83,SPD,8,band_0.1_inf,49.035295014695926,inf,6,1.8575730612608062e-05,0.4593987410915921,0.6028794606845747,-0.043281613060054965,0.09571544529923005,0.4521904790260964
logs/muon_spectra/second_order_audit_20260926/step_spectrum/soaudit_batch16m_20260927__SPD_a0.5_b16M_lr0.028_mom0.9_s260925_ada__83.json,16,83,SPD,16,relative_1e-4,0.0,0.049035295014695925,1,0.9996683455874543,0.2738169441446748,0.1204875268579832,-0.025797282329499637,0.019129059850736242,1.3485912287794295
logs/muon_spectra/second_order_audit_20260926/step_spectrum/soaudit_batch16m_20260927__SPD_a0.5_b16M_lr0.028_mom0.9_s260925_ada__83.json,16,83,SPD,16,relative_1e-3,0.0,0.49035295014695923,1,0.9996683455874543,0.2738169441446748,0.1204875268579832,-0.025797282329499637,0.019129059850736242,1.3485912287794295
logs/muon_spectra/second_order_audit_20260926/step_spectrum/soaudit_batch16m_20260927__SPD_a0.5_b16M_lr0.028_mom0.9_s260925_ada__83.json,16,83,SPD,16,relative_1e-2,0.0,4.903529501469593,2,0.9999426602628385,0.4217612992588668,0.2774928980260524,-0.03973565385671979,0.044055832109088554,0.9019385619213505
logs/muon_spectra/second_order_audit_20260926/step_spectrum/soaudit_batch16m_20260927__SPD_a0.5_b16M_lr0.028_mom0.9_s260925_ada__83.json,16,83,SPD,16,absolute_1e-4,0.0,0.0001,0,0.0,-0.0,0.0,0.0,0.0,
logs/muon_spectra/second_order_audit_20260926/step_spectrum/soaudit_batch16m_20260927__SPD_a0.5_b16M_lr0.028_mom0.9_s260925_ada__83.json,16,83,SPD,16,absolute_1e-3,0.0,0.001,1,0.9996683455874543,0.2738169441446748,0.1204875268579832,-0.025797282329499637,0.019129059850736242,1.3485912287794295
logs/muon_spectra/second_order_audit_20260926/step_spectrum/soaudit_batch16m_20260927__SPD_a0.5_b16M_lr0.028_mom0.9_s260925_ada__83.json,16,83,SPD,16,absolute_1e-2,0.0,0.01,1,0.9996683455874543,0.2738169441446748,0.1204875268579832,-0.025797282329499637,0.019129059850736242,1.3485912287794295
logs/muon_spectra/second_order_audit_20260926/step_spectrum/soaudit_batch16m_20260927__SPD_a0.5_b16M_lr0.028_mom0.9_s260925_ada__83.json,16,83,SPD,16,shared_muon_relative_1e-4,0.0,0.0004660276024313964,0,0.0,-0.0,0.0,0.0,0.0,
logs/muon_spectra/second_order_audit_20260926/step_spectrum/soaudit_batch16m_20260927__SPD_a0.5_b16M_lr0.028_mom0.9_s260925_ada__83.json,16,83,SPD,16,band_0.0001_0.001,0.049035295014695925,0.49035295014695923,0,0.0,-0.0,0.0,0.0,0.0,
logs/muon_spectra/second_order_audit_20260926/step_spectrum/soaudit_batch16m_20260927__SPD_a0.5_b16M_lr0.028_mom0.9_s260925_ada__83.json,16,83,SPD,16,band_0.001_0.01,0.49035295014695923,4.903529501469593,1,0.00027431467538417855,0.14794435511419202,0.15700537116806923,-0.013938371527220151,0.02492677225835231,0.5591727393645909
logs/muon_spectra/second_order_audit_20260926/step_spectrum/soaudit_batch16m_20260927__SPD_a0.5_b16M_lr0.028_mom0.9_s260925_ada__83.json,16,83,SPD,16,band_0.01_0.1,4.903529501469593,49.035295014695926,2,4.138533424303432e-05,0.1307817116507849,0.145442302007504,-0.012321416958067839,0.023090975244347958,0.5336031426859628
logs/muon_spectra/second_order_audit_20260926/step_spectrum/soaudit_batch16m_20260927__SPD_a0.5_b16M_lr0.028_mom0.9_s260925_ada__83.json,16,83,SPD,16,band_0.1_inf,49.035295014695926,inf,12,1.5954402918505004e-05,0.44745698909034853,0.5770647999664437,-0.042156537514247375,0.09161701118923615,0.4601387555327742
logs/muon_spectra/second_order_audit_20260926/step_spectrum/soaudit_batch16m_20260927__SPD_a0.5_b16M_lr0.028_mom0.9_s260925_ada__83.json,16,83,SPD,24,relative_1e-4,0.0,0.049035295014695925,1,0.9993277964163834,0.23102360532901076,0.07938139502815302,-0.02176556746722898,0.012602893395913906,1.7270294037626142
logs/muon_spectra/second_order_audit_20260926/step_spectrum/soaudit_batch16m_20260927__SPD_a0.5_b16M_lr0.028_mom0.9_s260925_ada__83.json,16,83,SPD,24,relative_1e-3,0.0,0.49035295014695923,1,0.9993277964163834,0.23102360532901076,0.07938139502815302,-0.02176556746722898,0.012602893395913906,1.7270294037626142
logs/muon_spectra/second_order_audit_20260926/step_spectrum/soaudit_batch16m_20260927__SPD_a0.5_b16M_lr0.028_mom0.9_s260925_ada__83.json,16,83,SPD,24,relative_1e-2,0.0,4.903529501469593,2,0.9998760945376083,0.3602391148021156,0.21242386062779098,-0.033939426866764794,0.033725223262844606,1.006351436201052
logs/muon_spectra/second_order_audit_20260926/step_spectrum/soaudit_batch16m_20260927__SPD_a0.5_b16M_lr0.028_mom0.9_s260925_ada__83.json,16,83,SPD,24,absolute_1e-4,0.0,0.0001,0,0.0,-0.0,0.0,0.0,0.0,
logs/muon_spectra/second_order_audit_20260926/step_spectrum/soaudit_batch16m_20260927__SPD_a0.5_b16M_lr0.028_mom0.9_s260925_ada__83.json,16,83,SPD,24,absolute_1e-3,0.0,0.001,1,0.9993277964163834,0.23102360532901076,0.07938139502815302,-0.02176556746722898,0.012602893395913906,1.7270294037626142
logs/muon_spectra/second_order_audit_20260926/step_spectrum/soaudit_batch16m_20260927__SPD_a0.5_b16M_lr0.028_mom0.9_s260925_ada__83.json,16,83,SPD,24,absolute_1e-2,0.0,0.01,1,0.9993277964163834,0.23102360532901076,0.07938139502815302,-0.02176556746722898,0.012602893395913906,1.7270294037626142
logs/muon_spectra/second_order_audit_20260926/step_spectrum/soaudit_batch16m_20260927__SPD_a0.5_b16M_lr0.028_mom0.9_s260925_ada__83.json,16,83,SPD,24,shared_muon_relative_1e-4,0.0,0.0004660276024313964,0,0.0,-0.0,0.0,0.0,0.0,
logs/muon_spectra/second_order_audit_20260926/step_spectrum/soaudit_batch16m_20260927__SPD_a0.5_b16M_lr0.028_mom0.9_s260925_ada__83.json,16,83,SPD,24,band_0.0001_0.001,0.049035295014695925,0.49035295014695923,0,0.0,-0.0,0.0,0.0,0.0,
logs/muon_spectra/second_order_audit_20260926/step_spectrum/soaudit_batch16m_20260927__SPD_a0.5_b16M_lr0.028_mom0.9_s260925_ada__83.json,16,83,SPD,24,band_0.001_0.01,0.49035295014695923,4.903529501469593,1,0.0005482981212248983,0.12921550947310487,0.13304246559963795,-0.012173859399535813,0.021122329866930696,0.5763502168667157
logs/muon_spectra/second_order_audit_20260926/step_spectrum/soaudit_batch16m_20260927__SPD_a0.5_b16M_lr0.028_mom0.9_s260925_ada__83.json,16,83,SPD,24,band_0.01_0.1,4.903529501469593,49.035295014695926,4,0.00010784094478966501,0.19333994168865837,0.21054672257999438,-0.018215253540613725,0.03342720165844468,0.5449230757254258
logs/muon_spectra/second_order_audit_20260926/step_spectrum/soaudit_batch16m_20260927__SPD_a0.5_b16M_lr0.028_mom0.9_s260925_ada__83.json,16,83,SPD,24,band_0.1_inf,49.035295014695926,inf,18,1.6064517602107355e-05,0.4464209435092261,0.5770294167922146,-0.04205892792165649,0.09161139362138343,0.45910149664876754
logs/muon_spectra/second_order_audit_20260926/step_spectrum/soaudit_batch16m_20260927__SPD_a0.5_b16M_lr0.028_mom0.9_s260925_ada__83.json,16,83,SPD,32,relative_1e-4,0.0,0.049035295014695925,1,0.9989779367435377,0.2013049152096585,0.058845968004803365,-0.018965662436272346,0.009342610586282527,2.030017441176351
logs/muon_spectra/second_order_audit_20260926/step_spectrum/soaudit_batch16m_20260927__SPD_a0.5_b16M_lr0.028_mom0.9_s260925_ada__83.json,16,83,SPD,32,relative_1e-3,0.0,0.49035295014695923,1,0.9989779367435377,0.2013049152096585,0.058845968004803365,-0.018965662436272346,0.009342610586282527,2.030017441176351
logs/muon_spectra/second_order_audit_20260926/step_spectrum/soaudit_batch16m_20260927__SPD_a0.5_b16M_lr0.028_mom0.9_s260925_ada__83.json,16,83,SPD,32,relative_1e-2,0.0,4.903529501469593,3,0.9999114313976545,0.39057010299216904,0.24295983920313624,-0.03679701870833503,0.03857323182440367,0.9539521831057748
logs/muon_spectra/second_order_audit_20260926/step_spectrum/soaudit_batch16m_20260927__SPD_a0.5_b16M_lr0.028_mom0.9_s260925_ada__83.json,16,83,SPD,32,absolute_1e-4,0.0,0.0001,0,0.0,-0.0,0.0,0.0,0.0,
logs/muon_spectra/second_order_audit_20260926/step_spectrum/soaudit_batch16m_20260927__SPD_a0.5_b16M_lr0.028_mom0.9_s260925_ada__83.json,16,83,SPD,32,absolute_1e-3,0.0,0.001,1,0.9989779367435377,0.2013049152096585,0.058845968004803365,-0.018965662436272346,0.009342610586282527,2.030017441176351
logs/muon_spectra/second_order_audit_20260926/step_spectrum/soaudit_batch16m_20260927__SPD_a0.5_b16M_lr0.028_mom0.9_s260925_ada__83.json,16,83,SPD,32,absolute_1e-2,0.0,0.01,1,0.9989779367435377,0.2013049152096585,0.058845968004803365,-0.018965662436272346,0.009342610586282527,2.030017441176351
logs/muon_spectra/second_order_audit_20260926/step_spectrum/soaudit_batch16m_20260927__SPD_a0.5_b16M_lr0.028_mom0.9_s260925_ada__83.json,16,83,SPD,32,shared_muon_relative_1e-4,0.0,0.0004660276024313964,1,0.9989779367435377,0.2013049152096585,0.058845968004803365,-0.018965662436272346,0.009342610586282527,2.030017441176351
logs/muon_spectra/second_order_audit_20260926/step_spectrum/soaudit_batch16m_20260927__SPD_a0.5_b16M_lr0.028_mom0.9_s260925_ada__83.json,16,83,SPD,32,band_0.0001_0.001,0.049035295014695925,0.49035295014695923,0,0.0,-0.0,0.0,0.0,0.0,
logs/muon_spectra/second_order_audit_20260926/step_spectrum/soaudit_batch16m_20260927__SPD_a0.5_b16M_lr0.028_mom0.9_s260925_ada__83.json,16,83,SPD,32,band_0.001_0.01,0.49035295014695923,4.903529501469593,2,0.000933494654116653,0.18926518778251056,0.18411387119833286,-0.017831356272062688,0.02923062123812114,0.6100231714818264
logs/muon_spectra/second_order_audit_20260926/step_spectrum/soaudit_batch16m_20260927__SPD_a0.5_b16M_lr0.028_mom0.9_s260925_ada__83.json,16,83,SPD,32,band_0.01_0.1,4.903529501469593,49.035295014695926,5,7.233699029891612e-05,0.16479195164383456,0.17888257836391533,-0.015525644387949485,0.02840008121181409,0.5466760560350442
logs/muon_spectra/second_order_audit_20260926/step_spectrum/soaudit_batch16m_20260927__SPD_a0.5_b16M_lr0.028_mom0.9_s260925_ada__83.json,16,83,SPD,32,band_0.1_inf,49.035295014695926,inf,24,1.623161204648183e-05,0.44463794536399637,0.5781575824329486,-0.041890945232750366,0.09179050550645501,0.45637558047661536
logs/muon_spectra/second_order_audit_20260926/step_spectrum/soaudit_batch16m_20260927__SPD_a0.5_b16M_lr0.028_mom0.9_s260925_ada__83.json,16,83,SPD,40,relative_1e-4,0.0,0.049035295014695925,1,0.9985876067135474,0.18741147095108743,0.04546680582242849,-0.017656710920554063,0.0072184837093069625,2.4460415277780356
logs/muon_spectra/second_order_audit_20260926/step_spectrum/soaudit_batch16m_20260927__SPD_a0.5_b16M_lr0.028_mom0.9_s260925_ada__83.json,16,83,SPD,40,relative_1e-3,0.0,0.49035295014695923,1,0.9985876067135474,0.18741147095108743,0.04546680582242849,-0.017656710920554063,0.0072184837093069625,2.4460415277780356
logs/muon_spectra/second_order_audit_20260926/step_spectrum/soaudit_batch16m_20260927__SPD_a0.5_b16M_lr0.028_mom0.9_s260925_ada__83.json,16,83,SPD,40,relative_1e-2,0.0,4.903529501469593,4,0.9999234584502079,0.40240707842099166,0.2564610229799302,-0.037912222875186564,0.040716731315653794,0.9311214739040454
logs/muon_spectra/second_order_audit_20260926/step_spectrum/soaudit_batch16m_20260927__SPD_a0.5_b16M_lr0.028_mom0.9_s260925_ada__83.json,16,83,SPD,40,absolute_1e-4,0.0,0.0001,0,0.0,-0.0,0.0,0.0,0.0,
logs/muon_spectra/second_order_audit_20260926/step_spectrum/soaudit_batch16m_20260927__SPD_a0.5_b16M_lr0.028_mom0.9_s260925_ada__83.json,16,83,SPD,40,absolute_1e-3,0.0,0.001,1,0.9985876067135474,0.18741147095108743,0.04546680582242849,-0.017656710920554063,0.0072184837093069625,2.4460415277780356
logs/muon_spectra/second_order_audit_20260926/step_spectrum/soaudit_batch16m_20260927__SPD_a0.5_b16M_lr0.028_mom0.9_s260925_ada__83.json,16,83,SPD,40,absolute_1e-2,0.0,0.01,1,0.9985876067135474,0.18741147095108743,0.04546680582242849,-0.017656710920554063,0.0072184837093069625,2.4460415277780356
logs/muon_spectra/second_order_audit_20260926/step_spectrum/soaudit_batch16m_20260927__SPD_a0.5_b16M_lr0.028_mom0.9_s260925_ada__83.json,16,83,SPD,40,shared_muon_relative_1e-4,0.0,0.0004660276024313964,1,0.9985876067135474,0.18741147095108743,0.04546680582242849,-0.017656710920554063,0.0072184837093069625,2.4460415277780356
logs/muon_spectra/second_order_audit_20260926/step_spectrum/soaudit_batch16m_20260927__SPD_a0.5_b16M_lr0.028_mom0.9_s260925_ada__83.json,16,83,SPD,40,band_0.0001_0.001,0.049035295014695925,0.49035295014695923,0,0.0,-0.0,0.0,0.0,0.0,
logs/muon_spectra/second_order_audit_20260926/step_spectrum/soaudit_batch16m_20260927__SPD_a0.5_b16M_lr0.028_mom0.9_s260925_ada__83.json,16,83,SPD,40,band_0.001_0.01,0.49035295014695923,4.903529501469593,3,0.0013358517366605955,0.21499560746990426,0.21099421715750166,-0.020255511954632502,0.03349824760634683,0.6046737785410226
logs/muon_spectra/second_order_audit_20260926/step_spectrum/soaudit_batch16m_20260927__SPD_a0.5_b16M_lr0.028_mom0.9_s260925_ada__83.json,16,83,SPD,40,band_0.01_0.1,4.903529501469593,49.035295014695926,6,5.962447646811925e-05,0.14620205860581703,0.15967895234520865,-0.013774223486387061,0.025351240215218753,0.5433352912698203
logs/muon_spectra/second_order_audit_20260926/step_spectrum/soaudit_batch16m_20260927__SPD_a0.5_b16M_lr0.028_mom0.9_s260925_ada__83.json,16,83,SPD,40,band_0.1_inf,49.035295014695926,inf,30,1.691707332384677e-05,0.4513908629731913,0.5838600246748612,-0.042527161967461334,0.09269584701179995,0.4587817398340158
logs/muon_spectra/second_order_audit_20260926/step_spectrum/soaudit_batch16m_20260927__SPD_a0.5_b16M_lr0.028_mom0.9_s260925_ada__83.json,16,83,SPD,48,relative_1e-4,0.0,0.049035295014695925,1,0.998175089070463,0.1754020602337003,0.036452750693426836,-0.016525261002963636,0.005787377896472492,2.8553969169761784
logs/muon_spectra/second_order_audit_20260926/step_spectrum/soaudit_batch16m_20260927__SPD_a0.5_b16M_lr0.028_mom0.9_s260925_ada__83.json,16,83,SPD,48,relative_1e-3,0.0,0.49035295014695923,2,0.999514475357639,0.2640595775871645,0.11386014464474058,-0.02487800561832753,0.01807687134362002,1.3762340365999162
logs/muon_spectra/second_order_audit_20260926/step_spectrum/soaudit_batch16m_20260927__SPD_a0.5_b16M_lr0.028_mom0.9_s260925_ada__83.json,16,83,SPD,48,relative_1e-2,0.0,4.903529501469593,4,0.999889231487382,0.3757424431722716,0.2253237421130572,-0.03540005137362707,0.035773257706193315,0.9895674490807799
logs/muon_spectra/second_order_audit_20260926/step_spectrum/soaudit_batch16m_20260927__SPD_a0.5_b16M_lr0.028_mom0.9_s260925_ada__83.json,16,83,SPD,48,absolute_1e-4,0.0,0.0001,0,0.0,-0.0,0.0,0.0,0.0,
logs/muon_spectra/second_order_audit_20260926/step_spectrum/soaudit_batch16m_20260927__SPD_a0.5_b16M_lr0.028_mom0.9_s260925_ada__83.json,16,83,SPD,48,absolute_1e-3,0.0,0.001,1,0.998175089070463,0.1754020602337003,0.036452750693426836,-0.016525261002963636,0.005787377896472492,2.8553969169761784
logs/muon_spectra/second_order_audit_20260926/step_spectrum/soaudit_batch16m_20260927__SPD_a0.5_b16M_lr0.028_mom0.9_s260925_ada__83.json,16,83,SPD,48,absolute_1e-2,0.0,0.01,1,0.998175089070463,0.1754020602337003,0.036452750693426836,-0.016525261002963636,0.005787377896472492,2.8553969169761784
logs/muon_spectra/second_order_audit_20260926/step_spectrum/soaudit_batch16m_20260927__SPD_a0.5_b16M_lr0.028_mom0.9_s260925_ada__83.json,16,83,SPD,48,shared_muon_relative_1e-4,0.0,0.0004660276024313964,1,0.998175089070463,0.1754020602337003,0.036452750693426836,-0.016525261002963636,0.005787377896472492,2.8553969169761784
logs/muon_spectra/second_order_audit_20260926/step_spectrum/soaudit_batch16m_20260927__SPD_a0.5_b16M_lr0.028_mom0.9_s260925_ada__83.json,16,83,SPD,48,band_0.0001_0.001,0.049035295014695925,0.49035295014695923,1,0.0013393862871760136,0.0886575173534642,0.07740739395131373,-0.008352744615363894,0.012289493447147526,0.6796654924213026
logs/muon_spectra/second_order_audit_20260926/step_spectrum/soaudit_batch16m_20260927__SPD_a0.5_b16M_lr0.028_mom0.9_s260925_ada__83.json,16,83,SPD,48,band_0.001_0.01,0.49035295014695923,4.903529501469593,2,0.00037475612974295603,0.11168286558510716,0.11146359746831666,-0.010522045755299542,0.0176963863625733,0.5945872529971984
logs/muon_spectra/second_order_audit_20260926/step_spectrum/soaudit_batch16m_20260927__SPD_a0.5_b16M_lr0.028_mom0.9_s260925_ada__83.json,16,83,SPD,48,band_0.01_0.1,4.903529501469593,49.035295014695926,8,9.331019218734865e-05,0.17264821114448176,0.1864494724664943,-0.01626581094347473,0.029601430214047486,0.5494940895036795
logs/muon_spectra/second_order_audit_20260926/step_spectrum/soaudit_batch16m_20260927__SPD_a0.5_b16M_lr0.028_mom0.9_s260925_ada__83.json,16,83,SPD,48,band_0.1_inf,49.035295014695926,inf,36,1.7458320430667478e-05,0.4516093456832465,0.5882267854204484,-0.04254774601193313,0.09338913062243152,0.4555963389781617
logs/muon_spectra/second_order_audit_20260926/step_spectrum/soaudit_batch16m_20260927__SPD_a0.5_b16M_lr0.028_mom0.9_s260925_ada__9.json,16,9,SPD,8,relative_1e-4,0.0,0.22523225339164593,1,0.9999768061044472,0.26531040436384534,0.04099380194504134,-0.03979692296333158,0.014032395441380921,2.8360747906214354
logs/muon_spectra/second_order_audit_20260926/step_spectrum/soaudit_batch16m_20260927__SPD_a0.5_b16M_lr0.028_mom0.9_s260925_ada__9.json,16,9,SPD,8,relative_1e-3,0.0,2.2523225339164594,1,0.9999768061044472,0.26531040436384534,0.04099380194504134,-0.03979692296333158,0.014032395441380921,2.8360747906214354
logs/muon_spectra/second_order_audit_20260926/step_spectrum/soaudit_batch16m_20260927__SPD_a0.5_b16M_lr0.028_mom0.9_s260925_ada__9.json,16,9,SPD,8,relative_1e-2,0.0,22.523225339164593,1,0.9999768061044472,0.26531040436384534,0.04099380194504134,-0.03979692296333158,0.014032395441380921,2.8360747906214354
logs/muon_spectra/second_order_audit_20260926/step_spectrum/soaudit_batch16m_20260927__SPD_a0.5_b16M_lr0.028_mom0.9_s260925_ada__9.json,16,9,SPD,8,absolute_1e-4,0.0,0.0001,0,0.0,-0.0,0.0,0.0,0.0,
logs/muon_spectra/second_order_audit_20260926/step_spectrum/soaudit_batch16m_20260927__SPD_a0.5_b16M_lr0.028_mom0.9_s260925_ada__9.json,16,9,SPD,8,absolute_1e-3,0.0,0.001,1,0.9999768061044472,0.26531040436384534,0.04099380194504134,-0.03979692296333158,0.014032395441380921,2.8360747906214354
logs/muon_spectra/second_order_audit_20260926/step_spectrum/soaudit_batch16m_20260927__SPD_a0.5_b16M_lr0.028_mom0.9_s260925_ada__9.json,16,9,SPD,8,absolute_1e-2,0.0,0.01,1,0.9999768061044472,0.26531040436384534,0.04099380194504134,-0.03979692296333158,0.014032395441380921,2.8360747906214354
logs/muon_spectra/second_order_audit_20260926/step_spectrum/soaudit_batch16m_20260927__SPD_a0.5_b16M_lr0.028_mom0.9_s260925_ada__9.json,16,9,SPD,8,shared_muon_relative_1e-4,0.0,0.013366909204811924,1,0.9999768061044472,0.26531040436384534,0.04099380194504134,-0.03979692296333158,0.014032395441380921,2.8360747906214354
logs/muon_spectra/second_order_audit_20260926/step_spectrum/soaudit_batch16m_20260927__SPD_a0.5_b16M_lr0.028_mom0.9_s260925_ada__9.json,16,9,SPD,8,band_0.0001_0.001,0.22523225339164593,2.2523225339164594,0,0.0,-0.0,0.0,0.0,0.0,
logs/muon_spectra/second_order_audit_20260926/step_spectrum/soaudit_batch16m_20260927__SPD_a0.5_b16M_lr0.028_mom0.9_s260925_ada__9.json,16,9,SPD,8,band_0.001_0.01,2.2523225339164594,22.523225339164593,0,0.0,-0.0,0.0,0.0,0.0,
logs/muon_spectra/second_order_audit_20260926/step_spectrum/soaudit_batch16m_20260927__SPD_a0.5_b16M_lr0.028_mom0.9_s260925_ada__9.json,16,9,SPD,8,band_0.01_0.1,22.523225339164593,225.23225339164594,2,1.6580433180720424e-05,0.13782512416443155,0.07271496259416853,-0.020673956839104463,0.024890716674548875,0.8305890549243963
logs/muon_spectra/second_order_audit_20260926/step_spectrum/soaudit_batch16m_20260927__SPD_a0.5_b16M_lr0.028_mom0.9_s260925_ada__9.json,16,9,SPD,8,band_0.1_inf,225.23225339164594,inf,5,6.613462372240701e-06,0.596864471471723,0.8862912354607899,-0.0895304858008302,0.3033821822354836,0.2951079234156775
logs/muon_spectra/second_order_audit_20260926/step_spectrum/soaudit_batch16m_20260927__SPD_a0.5_b16M_lr0.028_mom0.9_s260925_ada__9.json,16,9,SPD,16,relative_1e-4,0.0,0.22523225339164593,1,0.9999334499758551,0.17428548690017198,0.02077171113985679,-0.02614306103985596,0.007110266695911217,3.676804564150824
logs/muon_spectra/second_order_audit_20260926/step_spectrum/soaudit_batch16m_20260927__SPD_a0.5_b16M_lr0.028_mom0.9_s260925_ada__9.json,16,9,SPD,16,relative_1e-3,0.0,2.2523225339164594,1,0.9999334499758551,0.17428548690017198,0.02077171113985679,-0.02614306103985596,0.007110266695911217,3.676804564150824
logs/muon_spectra/second_order_audit_20260926/step_spectrum/soaudit_batch16m_20260927__SPD_a0.5_b16M_lr0.028_mom0.9_s260925_ada__9.json,16,9,SPD,16,relative_1e-2,0.0,22.523225339164593,2,0.9999803332417309,0.3177440333571504,0.051334498911992675,-0.047662038915862334,0.017572070760451978,2.7123746293539512
logs/muon_spectra/second_order_audit_20260926/step_spectrum/soaudit_batch16m_20260927__SPD_a0.5_b16M_lr0.028_mom0.9_s260925_ada__9.json,16,9,SPD,16,absolute_1e-4,0.0,0.0001,0,0.0,-0.0,0.0,0.0,0.0,
logs/muon_spectra/second_order_audit_20260926/step_spectrum/soaudit_batch16m_20260927__SPD_a0.5_b16M_lr0.028_mom0.9_s260925_ada__9.json,16,9,SPD,16,absolute_1e-3,0.0,0.001,1,0.9999334499758551,0.17428548690017198,0.02077171113985679,-0.02614306103985596,0.007110266695911217,3.676804564150824
logs/muon_spectra/second_order_audit_20260926/step_spectrum/soaudit_batch16m_20260927__SPD_a0.5_b16M_lr0.028_mom0.9_s260925_ada__9.json,16,9,SPD,16,absolute_1e-2,0.0,0.01,1,0.9999334499758551,0.17428548690017198,0.02077171113985679,-0.02614306103985596,0.007110266695911217,3.676804564150824
logs/muon_spectra/second_order_audit_20260926/step_spectrum/soaudit_batch16m_20260927__SPD_a0.5_b16M_lr0.028_mom0.9_s260925_ada__9.json,16,9,SPD,16,shared_muon_relative_1e-4,0.0,0.013366909204811924,1,0.9999334499758551,0.17428548690017198,0.02077171113985679,-0.02614306103985596,0.007110266695911217,3.676804564150824
logs/muon_spectra/second_order_audit_20260926/step_spectrum/soaudit_batch16m_20260927__SPD_a0.5_b16M_lr0.028_mom0.9_s260925_ada__9.json,16,9,SPD,16,band_0.0001_0.001,0.22523225339164593,2.2523225339164594,0,0.0,-0.0,0.0,0.0,0.0,
logs/muon_spectra/second_order_audit_20260926/step_spectrum/soaudit_batch16m_20260927__SPD_a0.5_b16M_lr0.028_mom0.9_s260925_ada__9.json,16,9,SPD,16,band_0.001_0.01,2.2523225339164594,22.523225339164593,1,4.688326587566243e-05,0.14345854645697842,0.030562787772135887,-0.02151897787600637,0.010461804064540762,2.056908898623211
logs/muon_spectra/second_order_audit_20260926/step_spectrum/soaudit_batch16m_20260927__SPD_a0.5_b16M_lr0.028_mom0.9_s260925_ada__9.json,16,9,SPD,16,band_0.01_0.1,22.523225339164593,225.23225339164594,3,1.2373736550632927e-05,0.10663727983284262,0.04825782081667591,-0.015995737599144032,0.016518907559410025,0.9683290218566561
logs/muon_spectra/second_order_audit_20260926/step_spectrum/soaudit_batch16m_20260927__SPD_a0.5_b16M_lr0.028_mom0.9_s260925_ada__9.json,16,9,SPD,16,band_0.1_inf,225.23225339164594,inf,11,7.293021718496536e-06,0.5756186868100068,0.9004076802713313,-0.08634358908825983,0.30821431603155164,0.28014139706418084
logs/muon_spectra/second_order_audit_20260926/step_spectrum/soaudit_batch16m_20260927__SPD_a0.5_b16M_lr0.028_mom0.9_s260925_ada__9.json,16,9,SPD,24,relative_1e-4,0.0,0.22523225339164593,1,0.9998637712300181,0.1149701923730541,0.012205600897559237,-0.017245685859628337,0.004178041807974891,4.127695856635616
logs/muon_spectra/second_order_audit_20260926/step_spectrum/soaudit_batch16m_20260927__SPD_a0.5_b16M_lr0.028_mom0.9_s260925_ada__9.json,16,9,SPD,24,relative_1e-3,0.0,2.2523225339164594,1,0.9998637712300181,0.1149701923730541,0.012205600897559237,-0.017245685859628337,0.004178041807974891,4.127695856635616
logs/muon_spectra/second_order_audit_20260926/step_spectrum/soaudit_batch16m_20260927__SPD_a0.5_b16M_lr0.028_mom0.9_s260925_ada__9.json,16,9,SPD,24,relative_1e-2,0.0,22.523225339164593,3,0.9999790472485733,0.3176536126440727,0.049914528313183826,-0.047648475685421854,0.017086007306656353,2.788742555837431
logs/muon_spectra/second_order_audit_20260926/step_spectrum/soaudit_batch16m_20260927__SPD_a0.5_b16M_lr0.028_mom0.9_s260925_ada__9.json,16,9,SPD,24,absolute_1e-4,0.0,0.0001,0,0.0,-0.0,0.0,0.0,0.0,
logs/muon_spectra/second_order_audit_20260926/step_spectrum/soaudit_batch16m_20260927__SPD_a0.5_b16M_lr0.028_mom0.9_s260925_ada__9.json,16,9,SPD,24,absolute_1e-3,0.0,0.001,1,0.9998637712300181,0.1149701923730541,0.012205600897559237,-0.017245685859628337,0.004178041807974891,4.127695856635616
logs/muon_spectra/second_order_audit_20260926/step_spectrum/soaudit_batch16m_20260927__SPD_a0.5_b16M_lr0.028_mom0.9_s260925_ada__9.json,16,9,SPD,24,absolute_1e-2,0.0,0.01,1,0.9998637712300181,0.1149701923730541,0.012205600897559237,-0.017245685859628337,0.004178041807974891,4.127695856635616
logs/muon_spectra/second_order_audit_20260926/step_spectrum/soaudit_batch16m_20260927__SPD_a0.5_b16M_lr0.028_mom0.9_s260925_ada__9.json,16,9,SPD,24,shared_muon_relative_1e-4,0.0,0.013366909204811924,1,0.9998637712300181,0.1149701923730541,0.012205600897559237,-0.017245685859628337,0.004178041807974891,4.127695856635616
logs/muon_spectra/second_order_audit_20260926/step_spectrum/soaudit_batch16m_20260927__SPD_a0.5_b16M_lr0.028_mom0.9_s260925_ada__9.json,16,9,SPD,24,band_0.0001_0.001,0.22523225339164593,2.2523225339164594,0,0.0,-0.0,0.0,0.0,0.0,
logs/muon_spectra/second_order_audit_20260926/step_spectrum/soaudit_batch16m_20260927__SPD_a0.5_b16M_lr0.028_mom0.9_s260925_ada__9.json,16,9,SPD,24,band_0.001_0.01,2.2523225339164594,22.523225339164593,2,0.00011527601855515525,0.20268342027101857,0.0377089274156246,-0.030402789825793516,0.012907965498681465,2.3553510294785904
logs/muon_spectra/second_order_audit_20260926/step_spectrum/soaudit_batch16m_20260927__SPD_a0.5_b16M_lr0.028_mom0.9_s260925_ada__9.json,16,9,SPD,24,band_0.01_0.1,22.523225339164593,225.23225339164594,7,1.3867811009523664e-05,0.10261535593232218,0.05354168180918349,-0.015392443521713553,0.018327601151762275,0.8398504198261377
logs/muon_spectra/second_order_audit_20260926/step_spectrum/soaudit_batch16m_20260927__SPD_a0.5_b16M_lr0.028_mom0.9_s260925_ada__9.json,16,9,SPD,24,band_0.1_inf,225.23225339164594,inf,14,7.084940417111409e-06,0.579731031423605,0.8965437898776327,-0.08696044639613079,0.30689168589299487,0.2833587561783985
logs/muon_spectra/second_order_audit_20260926/step_spectrum/soaudit_batch16m_20260927__SPD_a0.5_b16M_lr0.028_mom0.9_s260925_ada__9.json,16,9,SPD,32,relative_1e-4,0.0,0.22523225339164593,1,0.9997703392444248,0.08558341771312454,0.007880115230161291,-0.012837629529963446,0.0026974051633834126,4.759251485179533
logs/muon_spectra/second_order_audit_20260926/step_spectrum/soaudit_batch16m_20260927__SPD_a0.5_b16M_lr0.028_mom0.9_s260925_ada__9.json,16,9,SPD,32,relative_1e-3,0.0,2.2523225339164594,2,0.9999304146341655,0.1824929572025823,0.02348648193482602,-0.027374192793365767,0.008039547111979763,3.4049421456309856
logs/muon_spectra/second_order_audit_20260926/step_spectrum/soaudit_batch16m_20260927__SPD_a0.5_b16M_lr0.028_mom0.9_s260925_ada__9.json,16,9,SPD,32,relative_1e-2,0.0,22.523225339164593,5,0.9999813445415869,0.3278903536793828,0.05429400339549169,-0.04918400082004537,0.018585124813810396,2.646417568500659
logs/muon_spectra/second_order_audit_20260926/step_spectrum/soaudit_batch16m_20260927__SPD_a0.5_b16M_lr0.028_mom0.9_s260925_ada__9.json,16,9,SPD,32,absolute_1e-4,0.0,0.0001,1,0.9997703392444248,0.08558341771312454,0.007880115230161291,-0.012837629529963446,0.0026974051633834126,4.759251485179533
logs/muon_spectra/second_order_audit_20260926/step_spectrum/soaudit_batch16m_20260927__SPD_a0.5_b16M_lr0.028_mom0.9_s260925_ada__9.json,16,9,SPD,32,absolute_1e-3,0.0,0.001,1,0.9997703392444248,0.08558341771312454,0.007880115230161291,-0.012837629529963446,0.0026974051633834126,4.759251485179533
logs/muon_spectra/second_order_audit_20260926/step_spectrum/soaudit_batch16m_20260927__SPD_a0.5_b16M_lr0.028_mom0.9_s260925_ada__9.json,16,9,SPD,32,absolute_1e-2,0.0,0.01,1,0.9997703392444248,0.08558341771312454,0.007880115230161291,-0.012837629529963446,0.0026974051633834126,4.759251485179533
logs/muon_spectra/second_order_audit_20260926/step_spectrum/soaudit_batch16m_20260927__SPD_a0.5_b16M_lr0.028_mom0.9_s260925_ada__9.json,16,9,SPD,32,shared_muon_relative_1e-4,0.0,0.013366909204811924,1,0.9997703392444248,0.08558341771312454,0.007880115230161291,-0.012837629529963446,0.0026974051633834126,4.759251485179533
logs/muon_spectra/second_order_audit_20260926/step_spectrum/soaudit_batch16m_20260927__SPD_a0.5_b16M_lr0.028_mom0.9_s260925_ada__9.json,16,9,SPD,32,band_0.0001_0.001,0.22523225339164593,2.2523225339164594,1,0.00016007538974072648,0.09690953948945775,0.015606366704664728,-0.01453656326340232,0.00534214194859635,2.7211113825273414
logs/muon_spectra/second_order_audit_20260926/step_spectrum/soaudit_batch16m_20260927__SPD_a0.5_b16M_lr0.028_mom0.9_s260925_ada__9.json,16,9,SPD,32,band_0.001_0.01,2.2523225339164594,22.523225339164593,3,5.092990742143102e-05,0.14539739647680053,0.030807521460665666,-0.02180980802667961,0.010545577701830632,2.068147297695563
logs/muon_spectra/second_order_audit_20260926/step_spectrum/soaudit_batch16m_20260927__SPD_a0.5_b16M_lr0.028_mom0.9_s260925_ada__9.json,16,9,SPD,32,band_0.01_0.1,22.523225339164593,225.23225339164594,11,1.1527680724300735e-05,0.09539030412401071,0.04833484836599186,-0.014308675883912486,0.016545274497351756,0.8648194918859001
logs/muon_spectra/second_order_audit_20260926/step_spectrum/soaudit_batch16m_20260927__SPD_a0.5_b16M_lr0.028_mom0.9_s260925_ada__9.json,16,9,SPD,32,band_0.1_inf,225.23225339164594,inf,16,7.127777688583956e-06,0.5767193421966066,0.8973711482385165,-0.08650868889930839,0.3071748950402508,0.281626820082327
logs/muon_spectra/second_order_audit_20260926/step_spectrum/soaudit_batch16m_20260927__SPD_a0.5_b16M_lr0.028_mom0.9_s260925_ada__9.json,16,9,SPD,40,relative_1e-4,0.0,0.22523225339164593,1,0.9996653771609748,0.06247889525419169,0.005664788620354994,-0.009371919609512192,0.0019390871361291571,4.833160632595705
logs/muon_spectra/second_order_audit_20260926/step_spectrum/soaudit_batch16m_20260927__SPD_a0.5_b16M_lr0.028_mom0.9_s260925_ada__9.json,16,9,SPD,40,relative_1e-3,0.0,2.2523225339164594,2,0.9998869086508072,0.14642494515615137,0.016591052001947992,-0.02196394173180609,0.005679204939126424,3.8674324957860358
logs/muon_spectra/second_order_audit_20260926/step_spectrum/soaudit_batch16m_20260927__SPD_a0.5_b16M_lr0.028_mom0.9_s260925_ada__9.json,16,9,SPD,40,relative_1e-2,0.0,22.523225339164593,7,0.9999812652091836,0.32724421438392554,0.054188541931935404,-0.04908707904335689,0.01854902479648509,2.646342844539113
logs/muon_spectra/second_order_audit_20260926/step_spectrum/soaudit_batch16m_20260927__SPD_a0.5_b16M_lr0.028_mom0.9_s260925_ada__9.json,16,9,SPD,40,absolute_1e-4,0.0,0.0001,1,0.9996653771609748,0.06247889525419169,0.005664788620354994,-0.009371919609512192,0.0019390871361291571,4.833160632595705
logs/muon_spectra/second_order_audit_20260926/step_spectrum/soaudit_batch16m_20260927__SPD_a0.5_b16M_lr0.028_mom0.9_s260925_ada__9.json,16,9,SPD,40,absolute_1e-3,0.0,0.001,1,0.9996653771609748,0.06247889525419169,0.005664788620354994,-0.009371919609512192,0.0019390871361291571,4.833160632595705
logs/muon_spectra/second_order_audit_20260926/step_spectrum/soaudit_batch16m_20260927__SPD_a0.5_b16M_lr0.028_mom0.9_s260925_ada__9.json,16,9,SPD,40,absolute_1e-2,0.0,0.01,1,0.9996653771609748,0.06247889525419169,0.005664788620354994,-0.009371919609512192,0.0019390871361291571,4.833160632595705
logs/muon_spectra/second_order_audit_20260926/step_spectrum/soaudit_batch16m_20260927__SPD_a0.5_b16M_lr0.028_mom0.9_s260925_ada__9.json,16,9,SPD,40,shared_muon_relative_1e-4,0.0,0.013366909204811924,1,0.9996653771609748,0.06247889525419169,0.005664788620354994,-0.009371919609512192,0.0019390871361291571,4.833160632595705
logs/muon_spectra/second_order_audit_20260926/step_spectrum/soaudit_batch16m_20260927__SPD_a0.5_b16M_lr0.028_mom0.9_s260925_ada__9.json,16,9,SPD,40,band_0.0001_0.001,0.22523225339164593,2.2523225339164594,1,0.00022153148983240333,0.08394604990195967,0.010926263381592995,-0.012592022122293897,0.003740117802997267,3.366744788680951
logs/muon_spectra/second_order_audit_20260926/step_spectrum/soaudit_batch16m_20260927__SPD_a0.5_b16M_lr0.028_mom0.9_s260925_ada__9.json,16,9,SPD,40,band_0.001_0.01,2.2523225339164594,22.523225339164593,5,9.435655837651125e-05,0.18081926922777417,0.0375974899299874,-0.027123137311550805,0.012869819857358663,2.1074993754510425
logs/muon_spectra/second_order_audit_20260926/step_spectrum/soaudit_batch16m_20260927__SPD_a0.5_b16M_lr0.028_mom0.9_s260925_ada__9.json,16,9,SPD,40,band_0.01_0.1,22.523225339164593,225.23225339164594,17,1.1607081334670577e-05,0.09603431363620259,0.048441624867753,-0.014405278190202774,0.016581824659216968,0.8687390251829514
logs/muon_spectra/second_order_audit_20260926/step_spectrum/soaudit_batch16m_20260927__SPD_a0.5_b16M_lr0.028_mom0.9_s260925_ada__9.json,16,9,SPD,40,band_0.1_inf,225.23225339164594,inf,16,7.12770948148515e-06,0.576721471979872,0.8973698332003113,-0.08650900836970672,0.3071744448957119,0.2816282728176727
logs/muon_spectra/second_order_audit_20260926/step_spectrum/soaudit_batch16m_20260927__SPD_a0.5_b16M_lr0.028_mom0.9_s260925_ada__9.json,16,9,SPD,48,relative_1e-4,0.0,0.22523225339164593,1,0.9995363620994361,0.0487284613819661,0.004263245005265305,-0.00730933575104094,0.001459331336419531,5.008688272928061
logs/muon_spectra/second_order_audit_20260926/step_spectrum/soaudit_batch16m_20260927__SPD_a0.5_b16M_lr0.028_mom0.9_s260925_ada__9.json,16,9,SPD,48,relative_1e-3,0.0,2.2523225339164594,3,0.9999097600301817,0.16584116407975721,0.02001045063421584,-0.024876401085198938,0.006849683194449669,3.6317593644851205
logs/muon_spectra/second_order_audit_20260926/step_spectrum/soaudit_batch16m_20260927__SPD_a0.5_b16M_lr0.028_mom0.9_s260925_ada__9.json,16,9,SPD,48,relative_1e-2,0.0,22.523225339164593,9,0.999980709664325,0.3220758598660694,0.053141972310833674,-0.04831181880775664,0.018190778474274555,2.65584119316715
logs/muon_spectra/second_order_audit_20260926/step_spectrum/soaudit_batch16m_20260927__SPD_a0.5_b16M_lr0.028_mom0.9_s260925_ada__9.json,16,9,SPD,48,absolute_1e-4,0.0,0.0001,1,0.9995363620994361,0.0487284613819661,0.004263245005265305,-0.00730933575104094,0.001459331336419531,5.008688272928061
logs/muon_spectra/second_order_audit_20260926/step_spectrum/soaudit_batch16m_20260927__SPD_a0.5_b16M_lr0.028_mom0.9_s260925_ada__9.json,16,9,SPD,48,absolute_1e-3,0.0,0.001,1,0.9995363620994361,0.0487284613819661,0.004263245005265305,-0.00730933575104094,0.001459331336419531,5.008688272928061
logs/muon_spectra/second_order_audit_20260926/step_spectrum/soaudit_batch16m_20260927__SPD_a0.5_b16M_lr0.028_mom0.9_s260925_ada__9.json,16,9,SPD,48,absolute_1e-2,0.0,0.01,1,0.9995363620994361,0.0487284613819661,0.004263245005265305,-0.00730933575104094,0.001459331336419531,5.008688272928061
logs/muon_spectra/second_order_audit_20260926/step_spectrum/soaudit_batch16m_20260927__SPD_a0.5_b16M_lr0.028_mom0.9_s260925_ada__9.json,16,9,SPD,48,shared_muon_relative_1e-4,0.0,0.013366909204811924,1,0.9995363620994361,0.0487284613819661,0.004263245005265305,-0.00730933575104094,0.001459331336419531,5.008688272928061
logs/muon_spectra/second_order_audit_20260926/step_spectrum/soaudit_batch16m_20260927__SPD_a0.5_b16M_lr0.028_mom0.9_s260925_ada__9.json,16,9,SPD,48,band_0.0001_0.001,0.22523225339164593,2.2523225339164594,2,0.00037339793074560963,0.11711270269779114,0.015747205628950527,-0.017567065334158,0.005390351858030136,3.258983049128402
logs/muon_spectra/second_order_audit_20260926/step_spectrum/soaudit_batch16m_20260927__SPD_a0.5_b16M_lr0.028_mom0.9_s260925_ada__9.json,16,9,SPD,48,band_0.001_0.01,2.2523225339164594,22.523225339164593,6,7.094963414335862e-05,0.15623469578631213,0.033131521676617835,-0.023435417722557694,0.011341095279824884,2.066415733606248
logs/muon_spectra/second_order_audit_20260926/step_spectrum/soaudit_batch16m_20260927__SPD_a0.5_b16M_lr0.028_mom0.9_s260925_ada__9.json,16,9,SPD,48,band_0.01_0.1,22.523225339164593,225.23225339164594,23,1.216262619348951e-05,0.10120266992931871,0.04948819448898034,-0.01518053869209442,0.016940070981470386,0.896131941164792
logs/muon_spectra/second_order_audit_20260926/step_spectrum/soaudit_batch16m_20260927__SPD_a0.5_b16M_lr0.028_mom0.9_s260925_ada__9.json,16,9,SPD,48,band_0.1_inf,225.23225339164594,inf,16,7.127709481478716e-06,0.576721470204612,0.8973698332001863,-0.08650900810341525,0.30717444489566803,0.2816282719508066
logs/muon_spectra/second_order_audit_20260926/step_spectrum/soaudit_batch16m_20260927__TS_a0.5_b0.5gn_b16M_lr0.028_mom0.9_s260925_l40s__46.json,16,46,TS,8,relative_1e-4,0.0,0.10285997270428666,1,0.9999806121866599,0.2757383414774884,0.15731594188010573,-0.015161091324638637,0.01036448177230713,1.462792994160844
logs/muon_spectra/second_order_audit_20260926/step_spectrum/soaudit_batch16m_20260927__TS_a0.5_b0.5gn_b16M_lr0.028_mom0.9_s260925_l40s__46.json,16,46,TS,8,relative_1e-3,0.0,1.0285997270428666,1,0.9999806121866599,0.2757383414774884,0.15731594188010573,-0.015161091324638637,0.01036448177230713,1.462792994160844
logs/muon_spectra/second_order_audit_20260926/step_spectrum/soaudit_batch16m_20260927__TS_a0.5_b0.5gn_b16M_lr0.028_mom0.9_s260925_l40s__46.json,16,46,TS,8,relative_1e-2,0.0,10.285997270428666,1,0.9999806121866599,0.2757383414774884,0.15731594188010573,-0.015161091324638637,0.01036448177230713,1.462792994160844
logs/muon_spectra/second_order_audit_20260926/step_spectrum/soaudit_batch16m_20260927__TS_a0.5_b0.5gn_b16M_lr0.028_mom0.9_s260925_l40s__46.json,16,46,TS,8,absolute_1e-4,0.0,0.0001,0,0.0,-0.0,0.0,0.0,0.0,
logs/muon_spectra/second_order_audit_20260926/step_spectrum/soaudit_batch16m_20260927__TS_a0.5_b0.5gn_b16M_lr0.028_mom0.9_s260925_l40s__46.json,16,46,TS,8,absolute_1e-3,0.0,0.001,1,0.9999806121866599,0.2757383414774884,0.15731594188010573,-0.015161091324638637,0.01036448177230713,1.462792994160844
logs/muon_spectra/second_order_audit_20260926/step_spectrum/soaudit_batch16m_20260927__TS_a0.5_b0.5gn_b16M_lr0.028_mom0.9_s260925_l40s__46.json,16,46,TS,8,absolute_1e-2,0.0,0.01,1,0.9999806121866599,0.2757383414774884,0.15731594188010573,-0.015161091324638637,0.01036448177230713,1.462792994160844
logs/muon_spectra/second_order_audit_20260926/step_spectrum/soaudit_batch16m_20260927__TS_a0.5_b0.5gn_b16M_lr0.028_mom0.9_s260925_l40s__46.json,16,46,TS,8,shared_muon_relative_1e-4,0.0,0.0004477881411072237,1,0.9999806121866599,0.2757383414774884,0.15731594188010573,-0.015161091324638637,0.01036448177230713,1.462792994160844
logs/muon_spectra/second_order_audit_20260926/step_spectrum/soaudit_batch16m_20260927__TS_a0.5_b0.5gn_b16M_lr0.028_mom0.9_s260925_l40s__46.json,16,46,TS,8,band_0.0001_0.001,0.10285997270428666,1.0285997270428666,0,0.0,-0.0,0.0,0.0,0.0,
logs/muon_spectra/second_order_audit_20260926/step_spectrum/soaudit_batch16m_20260927__TS_a0.5_b0.5gn_b16M_lr0.028_mom0.9_s260925_l40s__46.json,16,46,TS,8,band_0.001_0.01,1.0285997270428666,10.285997270428666,0,0.0,-0.0,0.0,0.0,0.0,
logs/muon_spectra/second_order_audit_20260926/step_spectrum/soaudit_batch16m_20260927__TS_a0.5_b0.5gn_b16M_lr0.028_mom0.9_s260925_l40s__46.json,16,46,TS,8,band_0.01_0.1,10.285997270428666,102.85997270428666,1,1.5668385799996746e-05,0.05862756457046348,0.17147242618286143,-0.003223555548463734,0.011297156628792342,0.2853422019703669
logs/muon_spectra/second_order_audit_20260926/step_spectrum/soaudit_batch16m_20260927__TS_a0.5_b0.5gn_b16M_lr0.028_mom0.9_s260925_l40s__46.json,16,46,TS,8,band_0.1_inf,102.85997270428666,inf,6,3.7194275400919224e-06,0.6656340939520481,0.6712116319370328,-0.03659896999860644,0.04422158772614294,0.8276267741732359
logs/muon_spectra/second_order_audit_20260926/step_spectrum/soaudit_batch16m_20260927__TS_a0.5_b0.5gn_b16M_lr0.028_mom0.9_s260925_l40s__46.json,16,46,TS,16,relative_1e-4,0.0,0.10285997270428666,1,0.999933091724017,0.24560075853199562,0.0841142720150368,-0.01350401801052431,0.005541719603695041,2.436792002525762
logs/muon_spectra/second_order_audit_20260926/step_spectrum/soaudit_batch16m_20260927__TS_a0.5_b0.5gn_b16M_lr0.028_mom0.9_s260925_l40s__46.json,16,46,TS,16,relative_1e-3,0.0,1.0285997270428666,1,0.999933091724017,0.24560075853199562,0.0841142720150368,-0.01350401801052431,0.005541719603695041,2.436792002525762
logs/muon_spectra/second_order_audit_20260926/step_spectrum/soaudit_batch16m_20260927__TS_a0.5_b0.5gn_b16M_lr0.028_mom0.9_s260925_l40s__46.json,16,46,TS,16,relative_1e-2,0.0,10.285997270428666,2,0.9999853605944728,0.3103706119969311,0.19945938562615986,-0.017065298818277043,0.01314102780640912,1.2986274034024938
logs/muon_spectra/second_order_audit_20260926/step_spectrum/soaudit_batch16m_20260927__TS_a0.5_b0.5gn_b16M_lr0.028_mom0.9_s260925_l40s__46.json,16,46,TS,16,absolute_1e-4,0.0,0.0001,0,0.0,-0.0,0.0,0.0,0.0,
logs/muon_spectra/second_order_audit_20260926/step_spectrum/soaudit_batch16m_20260927__TS_a0.5_b0.5gn_b16M_lr0.028_mom0.9_s260925_l40s__46.json,16,46,TS,16,absolute_1e-3,0.0,0.001,1,0.999933091724017,0.24560075853199562,0.0841142720150368,-0.01350401801052431,0.005541719603695041,2.436792002525762
logs/muon_spectra/second_order_audit_20260926/step_spectrum/soaudit_batch16m_20260927__TS_a0.5_b0.5gn_b16M_lr0.028_mom0.9_s260925_l40s__46.json,16,46,TS,16,absolute_1e-2,0.0,0.01,1,0.999933091724017,0.24560075853199562,0.0841142720150368,-0.01350401801052431,0.005541719603695041,2.436792002525762
logs/muon_spectra/second_order_audit_20260926/step_spectrum/soaudit_batch16m_20260927__TS_a0.5_b0.5gn_b16M_lr0.028_mom0.9_s260925_l40s__46.json,16,46,TS,16,shared_muon_relative_1e-4,0.0,0.0004477881411072237,1,0.999933091724017,0.24560075853199562,0.0841142720150368,-0.01350401801052431,0.005541719603695041,2.436792002525762
logs/muon_spectra/second_order_audit_20260926/step_spectrum/soaudit_batch16m_20260927__TS_a0.5_b0.5gn_b16M_lr0.028_mom0.9_s260925_l40s__46.json,16,46,TS,16,band_0.0001_0.001,0.10285997270428666,1.0285997270428666,0,0.0,-0.0,0.0,0.0,0.0,
logs/muon_spectra/second_order_audit_20260926/step_spectrum/soaudit_batch16m_20260927__TS_a0.5_b0.5gn_b16M_lr0.028_mom0.9_s260925_l40s__46.json,16,46,TS,16,band_0.001_0.01,1.0285997270428666,10.285997270428666,1,5.226887045578593e-05,0.06476985346493548,0.11534511361112308,-0.0035612808077527328,0.007599308202714079,0.46863223766616385
logs/muon_spectra/second_order_audit_20260926/step_spectrum/soaudit_batch16m_20260927__TS_a0.5_b0.5gn_b16M_lr0.028_mom0.9_s260925_l40s__46.json,16,46,TS,16,band_0.01_0.1,10.285997270428666,102.85997270428666,3,1.2369210606420878e-05,0.014594957013145246,0.19080239947255603,-0.0008024835246698374,0.012570677630070833,0.06383773001625495
logs/muon_spectra/second_order_audit_20260926/step_spectrum/soaudit_batch16m_20260927__TS_a0.5_b0.5gn_b16M_lr0.028_mom0.9_s260925_l40s__46.json,16,46,TS,16,band_0.1_inf,102.85997270428666,inf,11,2.2701949207869102e-06,0.6750344309899236,0.6097382149012841,-0.0371158345287619,0.04017152069076238,0.923934018193562
logs/muon_spectra/second_order_audit_20260926/step_spectrum/soaudit_batch16m_20260927__TS_a0.5_b0.5gn_b16M_lr0.028_mom0.9_s260925_l40s__46.json,16,46,TS,24,relative_1e-4,0.0,0.10285997270428666,1,0.9998719636600232,0.23666359503844253,0.05659498295030592,-0.013012620437074962,0.003728660059382428,3.4898918726396904
logs/muon_spectra/second_order_audit_20260926/step_spectrum/soaudit_batch16m_20260927__TS_a0.5_b0.5gn_b16M_lr0.028_mom0.9_s260925_l40s__46.json,16,46,TS,24,relative_1e-3,0.0,1.0285997270428666,1,0.9998719636600232,0.23666359503844253,0.05659498295030592,-0.013012620437074962,0.003728660059382428,3.4898918726396904
logs/muon_spectra/second_order_audit_20260926/step_spectrum/soaudit_batch16m_20260927__TS_a0.5_b0.5gn_b16M_lr0.028_mom0.9_s260925_l40s__46.json,16,46,TS,24,relative_1e-2,0.0,10.285997270428666,3,0.9999863344513771,0.3049632724468088,0.20823002937986437,-0.016767983732157876,0.013718866112115915,1.2222572620159264
logs/muon_spectra/second_order_audit_20260926/step_spectrum/soaudit_batch16m_20260927__TS_a0.5_b0.5gn_b16M_lr0.028_mom0.9_s260925_l40s__46.json,16,46,TS,24,absolute_1e-4,0.0,0.0001,0,0.0,-0.0,0.0,0.0,0.0,
logs/muon_spectra/second_order_audit_20260926/step_spectrum/soaudit_batch16m_20260927__TS_a0.5_b0.5gn_b16M_lr0.028_mom0.9_s260925_l40s__46.json,16,46,TS,24,absolute_1e-3,0.0,0.001,1,0.9998719636600232,0.23666359503844253,0.05659498295030592,-0.013012620437074962,0.003728660059382428,3.4898918726396904
logs/muon_spectra/second_order_audit_20260926/step_spectrum/soaudit_batch16m_20260927__TS_a0.5_b0.5gn_b16M_lr0.028_mom0.9_s260925_l40s__46.json,16,46,TS,24,absolute_1e-2,0.0,0.01,1,0.9998719636600232,0.23666359503844253,0.05659498295030592,-0.013012620437074962,0.003728660059382428,3.4898918726396904
logs/muon_spectra/second_order_audit_20260926/step_spectrum/soaudit_batch16m_20260927__TS_a0.5_b0.5gn_b16M_lr0.028_mom0.9_s260925_l40s__46.json,16,46,TS,24,shared_muon_relative_1e-4,0.0,0.0004477881411072237,1,0.9998719636600232,0.23666359503844253,0.05659498295030592,-0.013012620437074962,0.003728660059382428,3.4898918726396904
logs/muon_spectra/second_order_audit_20260926/step_spectrum/soaudit_batch16m_20260927__TS_a0.5_b0.5gn_b16M_lr0.028_mom0.9_s260925_l40s__46.json,16,46,TS,24,band_0.0001_0.001,0.10285997270428666,1.0285997270428666,0,0.0,-0.0,0.0,0.0,0.0,
logs/muon_spectra/second_order_audit_20260926/step_spectrum/soaudit_batch16m_20260927__TS_a0.5_b0.5gn_b16M_lr0.028_mom0.9_s260925_l40s__46.json,16,46,TS,24,band_0.001_0.01,1.0285997270428666,10.285997270428666,2,0.00011437079135388443,0.06829967740836625,0.15163504642955844,-0.0037553632950829132,0.009990206052733486,0.3759044883819372
logs/muon_spectra/second_order_audit_20260926/step_spectrum/soaudit_batch16m_20260927__TS_a0.5_b0.5gn_b16M_lr0.028_mom0.9_s260925_l40s__46.json,16,46,TS,24,band_0.01_0.1,10.285997270428666,102.85997270428666,5,1.1453620368591867e-05,0.01728281231570511,0.18537541274783567,-0.0009502715308323797,0.012213130236496535,0.07780736898986636
logs/muon_spectra/second_order_audit_20260926/step_spectrum/soaudit_batch16m_20260927__TS_a0.5_b0.5gn_b16M_lr0.028_mom0.9_s260925_l40s__46.json,16,46,TS,24,band_0.1_inf,102.85997270428666,inf,16,2.211928254376712e-06,0.677753915237486,0.6063945578723,-0.03726536160871851,0.03995122977862987,0.9327713268203813
logs/muon_spectra/second_order_audit_20260926/step_spectrum/soaudit_batch16m_20260927__TS_a0.5_b0.5gn_b16M_lr0.028_mom0.9_s260925_l40s__46.json,16,46,TS,32,relative_1e-4,0.0,0.10285997270428666,1,0.9997992033450245,0.23130853279499552,0.041774839939356066,-0.012718179746357134,0.0027522612261539543,4.620992958626127
logs/muon_spectra/second_order_audit_20260926/step_spectrum/soaudit_batch16m_20260927__TS_a0.5_b0.5gn_b16M_lr0.028_mom0.9_s260925_l40s__46.json,16,46,TS,32,relative_1e-3,0.0,1.0285997270428666,1,0.9997992033450245,0.23130853279499552,0.041774839939356066,-0.012718179746357134,0.0027522612261539543,4.620992958626127
logs/muon_spectra/second_order_audit_20260926/step_spectrum/soaudit_batch16m_20260927__TS_a0.5_b0.5gn_b16M_lr0.028_mom0.9_s260925_l40s__46.json,16,46,TS,32,relative_1e-2,0.0,10.285997270428666,4,0.9999860684998391,0.3059667074509472,0.20747484315989187,-0.016823156217981104,0.013669112007617314,1.2307424365683852
logs/muon_spectra/second_order_audit_20260926/step_spectrum/soaudit_batch16m_20260927__TS_a0.5_b0.5gn_b16M_lr0.028_mom0.9_s260925_l40s__46.json,16,46,TS,32,absolute_1e-4,0.0,0.0001,1,0.9997992033450245,0.23130853279499552,0.041774839939356066,-0.012718179746357134,0.0027522612261539543,4.620992958626127
logs/muon_spectra/second_order_audit_20260926/step_spectrum/soaudit_batch16m_20260927__TS_a0.5_b0.5gn_b16M_lr0.028_mom0.9_s260925_l40s__46.json,16,46,TS,32,absolute_1e-3,0.0,0.001,1,0.9997992033450245,0.23130853279499552,0.041774839939356066,-0.012718179746357134,0.0027522612261539543,4.620992958626127
logs/muon_spectra/second_order_audit_20260926/step_spectrum/soaudit_batch16m_20260927__TS_a0.5_b0.5gn_b16M_lr0.028_mom0.9_s260925_l40s__46.json,16,46,TS,32,absolute_1e-2,0.0,0.01,1,0.9997992033450245,0.23130853279499552,0.041774839939356066,-0.012718179746357134,0.0027522612261539543,4.620992958626127
logs/muon_spectra/second_order_audit_20260926/step_spectrum/soaudit_batch16m_20260927__TS_a0.5_b0.5gn_b16M_lr0.028_mom0.9_s260925_l40s__46.json,16,46,TS,32,shared_muon_relative_1e-4,0.0,0.0004477881411072237,1,0.9997992033450245,0.23130853279499552,0.041774839939356066,-0.012718179746357134,0.0027522612261539543,4.620992958626127
logs/muon_spectra/second_order_audit_20260926/step_spectrum/soaudit_batch16m_20260927__TS_a0.5_b0.5gn_b16M_lr0.028_mom0.9_s260925_l40s__46.json,16,46,TS,32,band_0.0001_0.001,0.10285997270428666,1.0285997270428666,0,0.0,-0.0,0.0,0.0,0.0,
logs/muon_spectra/second_order_audit_20260926/step_spectrum/soaudit_batch16m_20260927__TS_a0.5_b0.5gn_b16M_lr0.028_mom0.9_s260925_l40s__46.json,16,46,TS,32,band_0.001_0.01,1.0285997270428666,10.285997270428666,3,0.00018686515481446667,0.07465817465595166,0.16570000322053585,-0.00410497647162397,0.010916850781463362,0.3760220372888264
logs/muon_spectra/second_order_audit_20260926/step_spectrum/soaudit_batch16m_20260927__TS_a0.5_b0.5gn_b16M_lr0.028_mom0.9_s260925_l40s__46.json,16,46,TS,32,band_0.01_0.1,10.285997270428666,102.85997270428666,6,1.1269984753126665e-05,0.028254077018144187,0.16543051437263012,-0.0015535113458293938,0.010899095986758018,0.14253579817233009
logs/muon_spectra/second_order_audit_20260926/step_spectrum/soaudit_batch16m_20260927__TS_a0.5_b0.5gn_b16M_lr0.028_mom0.9_s260925_l40s__46.json,16,46,TS,32,band_0.1_inf,102.85997270428666,inf,22,2.661515407949594e-06,0.6657792155309086,0.6270946424674779,-0.036606949307898345,0.04131501813286709,0.8860446143378705
logs/muon_spectra/second_order_audit_20260926/step_spectrum/soaudit_batch16m_20260927__TS_a0.5_b0.5gn_b16M_lr0.028_mom0.9_s260925_l40s__46.json,16,46,TS,40,relative_1e-4,0.0,0.10285997270428666,1,0.9997096726842464,0.2199293931249607,0.032124632266197654,-0.012092513490410276,0.002116474411848408,5.713517452757373
logs/muon_spectra/second_order_audit_20260926/step_spectrum/soaudit_batch16m_20260927__TS_a0.5_b0.5gn_b16M_lr0.028_mom0.9_s260925_l40s__46.json,16,46,TS,40,relative_1e-3,0.0,1.0285997270428666,2,0.9999181866705237,0.25914383776198396,0.08625441945017959,-0.0142486654901692,0.005682719421110198,2.5073674123762255
logs/muon_spectra/second_order_audit_20260926/step_spectrum/soaudit_batch16m_20260927__TS_a0.5_b0.5gn_b16M_lr0.028_mom0.9_s260925_l40s__46.json,16,46,TS,40,relative_1e-2,0.0,10.285997270428666,5,0.9999848887848553,0.29846378990963457,0.20094463734883639,-0.016410618674469548,0.013238880981510109,1.239577476177118
logs/muon_spectra/second_order_audit_20260926/step_spectrum/soaudit_batch16m_20260927__TS_a0.5_b0.5gn_b16M_lr0.028_mom0.9_s260925_l40s__46.json,16,46,TS,40,absolute_1e-4,0.0,0.0001,1,0.9997096726842464,0.2199293931249607,0.032124632266197654,-0.012092513490410276,0.002116474411848408,5.713517452757373
logs/muon_spectra/second_order_audit_20260926/step_spectrum/soaudit_batch16m_20260927__TS_a0.5_b0.5gn_b16M_lr0.028_mom0.9_s260925_l40s__46.json,16,46,TS,40,absolute_1e-3,0.0,0.001,1,0.9997096726842464,0.2199293931249607,0.032124632266197654,-0.012092513490410276,0.002116474411848408,5.713517452757373
logs/muon_spectra/second_order_audit_20260926/step_spectrum/soaudit_batch16m_20260927__TS_a0.5_b0.5gn_b16M_lr0.028_mom0.9_s260925_l40s__46.json,16,46,TS,40,absolute_1e-2,0.0,0.01,1,0.9997096726842464,0.2199293931249607,0.032124632266197654,-0.012092513490410276,0.002116474411848408,5.713517452757373
logs/muon_spectra/second_order_audit_20260926/step_spectrum/soaudit_batch16m_20260927__TS_a0.5_b0.5gn_b16M_lr0.028_mom0.9_s260925_l40s__46.json,16,46,TS,40,shared_muon_relative_1e-4,0.0,0.0004477881411072237,1,0.9997096726842464,0.2199293931249607,0.032124632266197654,-0.012092513490410276,0.002116474411848408,5.713517452757373
logs/muon_spectra/second_order_audit_20260926/step_spectrum/soaudit_batch16m_20260927__TS_a0.5_b0.5gn_b16M_lr0.028_mom0.9_s260925_l40s__46.json,16,46,TS,40,band_0.0001_0.001,0.10285997270428666,1.0285997270428666,1,0.0002085139862773009,0.03921444463702325,0.05412978718398193,-0.002156151999758924,0.00356624500926179,0.6046000749133178
logs/muon_spectra/second_order_audit_20260926/step_spectrum/soaudit_batch16m_20260927__TS_a0.5_b0.5gn_b16M_lr0.028_mom0.9_s260925_l40s__46.json,16,46,TS,40,band_0.001_0.01,1.0285997270428666,10.285997270428666,3,6.67021143314534e-05,0.03931995214765063,0.1146902178986568,-0.002161953184300348,0.007556161560399911,0.28611791410478077
logs/muon_spectra/second_order_audit_20260926/step_spectrum/soaudit_batch16m_20260927__TS_a0.5_b0.5gn_b16M_lr0.028_mom0.9_s260925_l40s__46.json,16,46,TS,40,band_0.01_0.1,10.285997270428666,102.85997270428666,9,1.266556290187259e-05,0.03380410288659503,0.18157050976844957,-0.001858671841808368,0.01196245095311344,0.15537550365668296
logs/muon_spectra/second_order_audit_20260926/step_spectrum/soaudit_batch16m_20260927__TS_a0.5_b0.5gn_b16M_lr0.028_mom0.9_s260925_l40s__46.json,16,46,TS,40,band_0.1_inf,102.85997270428666,inf,26,2.445652243067681e-06,0.6677321072037704,0.617484852882714,-0.036714326355430926,0.04068189419261886,0.9024733750497834
logs/muon_spectra/second_order_audit_20260926/step_spectrum/soaudit_batch16m_20260927__TS_a0.5_b0.5gn_b16M_lr0.028_mom0.9_s260925_l40s__46.json,16,46,TS,48,relative_1e-4,0.0,0.10285997270428666,1,0.9996088331321669,0.21215083748597302,0.02579931680887328,-0.011664820367340907,0.0016997422232473648,6.862699653983542
logs/muon_spectra/second_order_audit_20260926/step_spectrum/soaudit_batch16m_20260927__TS_a0.5_b0.5gn_b16M_lr0.028_mom0.9_s260925_l40s__46.json,16,46,TS,48,relative_1e-3,0.0,1.0285997270428666,2,0.999883479738975,0.25249272510139215,0.06946988536819898,-0.013882963259868647,0.004576900166746663,3.033267660224472
logs/muon_spectra/second_order_audit_20260926/step_spectrum/soaudit_batch16m_20260927__TS_a0.5_b0.5gn_b16M_lr0.028_mom0.9_s260925_l40s__46.json,16,46,TS,48,relative_1e-2,0.0,10.285997270428666,6,0.9999835416793028,0.29674553449890506,0.19401016062632725,-0.016316142777278254,0.012782015283526944,1.2764921974632577
logs/muon_spectra/second_order_audit_20260926/step_spectrum/soaudit_batch16m_20260927__TS_a0.5_b0.5gn_b16M_lr0.028_mom0.9_s260925_l40s__46.json,16,46,TS,48,absolute_1e-4,0.0,0.0001,1,0.9996088331321669,0.21215083748597302,0.02579931680887328,-0.011664820367340907,0.0016997422232473648,6.862699653983542
logs/muon_spectra/second_order_audit_20260926/step_spectrum/soaudit_batch16m_20260927__TS_a0.5_b0.5gn_b16M_lr0.028_mom0.9_s260925_l40s__46.json,16,46,TS,48,absolute_1e-3,0.0,0.001,1,0.9996088331321669,0.21215083748597302,0.02579931680887328,-0.011664820367340907,0.0016997422232473648,6.862699653983542
logs/muon_spectra/second_order_audit_20260926/step_spectrum/soaudit_batch16m_20260927__TS_a0.5_b0.5gn_b16M_lr0.028_mom0.9_s260925_l40s__46.json,16,46,TS,48,absolute_1e-2,0.0,0.01,1,0.9996088331321669,0.21215083748597302,0.02579931680887328,-0.011664820367340907,0.0016997422232473648,6.862699653983542
logs/muon_spectra/second_order_audit_20260926/step_spectrum/soaudit_batch16m_20260927__TS_a0.5_b0.5gn_b16M_lr0.028_mom0.9_s260925_l40s__46.json,16,46,TS,48,shared_muon_relative_1e-4,0.0,0.0004477881411072237,1,0.9996088331321669,0.21215083748597302,0.02579931680887328,-0.011664820367340907,0.0016997422232473648,6.862699653983542
logs/muon_spectra/second_order_audit_20260926/step_spectrum/soaudit_batch16m_20260927__TS_a0.5_b0.5gn_b16M_lr0.028_mom0.9_s260925_l40s__46.json,16,46,TS,48,band_0.0001_0.001,0.10285997270428666,1.0285997270428666,1,0.00027464660680810325,0.04034188761541912,0.04367056855932569,-0.0022181428925277407,0.002877157943499298,0.770949296523485
logs/muon_spectra/second_order_audit_20260926/step_spectrum/soaudit_batch16m_20260927__TS_a0.5_b0.5gn_b16M_lr0.028_mom0.9_s260925_l40s__46.json,16,46,TS,48,band_0.001_0.01,1.0285997270428666,10.285997270428666,4,0.00010006194032782409,0.044252809397512874,0.1245402752581283,-0.0024331795174096045,0.008205115116780282,0.296544226714566
logs/muon_spectra/second_order_audit_20260926/step_spectrum/soaudit_batch16m_20260927__TS_a0.5_b0.5gn_b16M_lr0.028_mom0.9_s260925_l40s__46.json,16,46,TS,48,band_0.01_0.1,10.285997270428666,102.85997270428666,12,1.4044844285135974e-05,0.03251146215224599,0.19000007703633728,-0.001787597778918156,0.01251781803957849,0.142804262952711
logs/muon_spectra/second_order_audit_20260926/step_spectrum/soaudit_batch16m_20260927__TS_a0.5_b0.5gn_b16M_lr0.028_mom0.9_s260925_l40s__46.json,16,46,TS,48,band_0.1_inf,102.85997270428666,inf,30,2.4134764119803254e-06,0.670743003348849,0.6159897623373355,-0.036879876315512435,0.040583392804136996,0.9087430539260622
logs/muon_spectra/second_order_audit_20260926/step_spectrum/soaudit_batch16m_20260927__TS_a0.5_b0.5gn_b16M_lr0.028_mom0.9_s260925_l40s__83.json,16,83,TS,8,relative_1e-4,0.0,0.10257368576399456,1,0.9999690261527946,0.350826950874085,0.16558967192440568,-0.026932972158047744,0.02044058517147586,1.317622364140132
logs/muon_spectra/second_order_audit_20260926/step_spectrum/soaudit_batch16m_20260927__TS_a0.5_b0.5gn_b16M_lr0.028_mom0.9_s260925_l40s__83.json,16,83,TS,8,relative_1e-3,0.0,1.0257368576399457,1,0.9999690261527946,0.350826950874085,0.16558967192440568,-0.026932972158047744,0.02044058517147586,1.317622364140132
logs/muon_spectra/second_order_audit_20260926/step_spectrum/soaudit_batch16m_20260927__TS_a0.5_b0.5gn_b16M_lr0.028_mom0.9_s260925_l40s__83.json,16,83,TS,8,relative_1e-2,0.0,10.257368576399456,1,0.9999690261527946,0.350826950874085,0.16558967192440568,-0.026932972158047744,0.02044058517147586,1.317622364140132
logs/muon_spectra/second_order_audit_20260926/step_spectrum/soaudit_batch16m_20260927__TS_a0.5_b0.5gn_b16M_lr0.028_mom0.9_s260925_l40s__83.json,16,83,TS,8,absolute_1e-4,0.0,0.0001,0,0.0,-0.0,0.0,0.0,0.0,
logs/muon_spectra/second_order_audit_20260926/step_spectrum/soaudit_batch16m_20260927__TS_a0.5_b0.5gn_b16M_lr0.028_mom0.9_s260925_l40s__83.json,16,83,TS,8,absolute_1e-3,0.0,0.001,1,0.9999690261527946,0.350826950874085,0.16558967192440568,-0.026932972158047744,0.02044058517147586,1.317622364140132
logs/muon_spectra/second_order_audit_20260926/step_spectrum/soaudit_batch16m_20260927__TS_a0.5_b0.5gn_b16M_lr0.028_mom0.9_s260925_l40s__83.json,16,83,TS,8,absolute_1e-2,0.0,0.01,1,0.9999690261527946,0.350826950874085,0.16558967192440568,-0.026932972158047744,0.02044058517147586,1.317622364140132
logs/muon_spectra/second_order_audit_20260926/step_spectrum/soaudit_batch16m_20260927__TS_a0.5_b0.5gn_b16M_lr0.028_mom0.9_s260925_l40s__83.json,16,83,TS,8,shared_muon_relative_1e-4,0.0,0.0004660276024313964,0,0.0,-0.0,0.0,0.0,0.0,
logs/muon_spectra/second_order_audit_20260926/step_spectrum/soaudit_batch16m_20260927__TS_a0.5_b0.5gn_b16M_lr0.028_mom0.9_s260925_l40s__83.json,16,83,TS,8,band_0.0001_0.001,0.10257368576399456,1.0257368576399457,0,0.0,-0.0,0.0,0.0,0.0,
logs/muon_spectra/second_order_audit_20260926/step_spectrum/soaudit_batch16m_20260927__TS_a0.5_b0.5gn_b16M_lr0.028_mom0.9_s260925_l40s__83.json,16,83,TS,8,band_0.001_0.01,1.0257368576399457,10.257368576399456,0,0.0,-0.0,0.0,0.0,0.0,
logs/muon_spectra/second_order_audit_20260926/step_spectrum/soaudit_batch16m_20260927__TS_a0.5_b0.5gn_b16M_lr0.028_mom0.9_s260925_l40s__83.json,16,83,TS,8,band_0.01_0.1,10.257368576399456,102.57368576399456,1,2.418634648251582e-05,0.15952257450534357,0.1630328150308418,-0.012246542197023336,0.020124963729046604,0.6085249326113196
logs/muon_spectra/second_order_audit_20260926/step_spectrum/soaudit_batch16m_20260927__TS_a0.5_b0.5gn_b16M_lr0.028_mom0.9_s260925_l40s__83.json,16,83,TS,8,band_0.1_inf,102.57368576399456,inf,6,6.787500722829952e-06,0.4896504746205713,0.6713775130447525,-0.03759044898709595,0.08287563516563903,0.4535766020008892
logs/muon_spectra/second_order_audit_20260926/step_spectrum/soaudit_batch16m_20260927__TS_a0.5_b0.5gn_b16M_lr0.028_mom0.9_s260925_l40s__83.json,16,83,TS,16,relative_1e-4,0.0,0.10257368576399456,1,0.9998992849130144,0.2793343402387675,0.0921998314937151,-0.0214444870603386,0.011381256370284764,1.8841933054357556
logs/muon_spectra/second_order_audit_20260926/step_spectrum/soaudit_batch16m_20260927__TS_a0.5_b0.5gn_b16M_lr0.028_mom0.9_s260925_l40s__83.json,16,83,TS,16,relative_1e-3,0.0,1.0257368576399457,1,0.9998992849130144,0.2793343402387675,0.0921998314937151,-0.0214444870603386,0.011381256370284764,1.8841933054357556
logs/muon_spectra/second_order_audit_20260926/step_spectrum/soaudit_batch16m_20260927__TS_a0.5_b0.5gn_b16M_lr0.028_mom0.9_s260925_l40s__83.json,16,83,TS,16,relative_1e-2,0.0,10.257368576399456,2,0.9999806842884404,0.40792217901801003,0.22425058410010643,-0.03131617072966954,0.027681757628845477,1.131292714485617
logs/muon_spectra/second_order_audit_20260926/step_spectrum/soaudit_batch16m_20260927__TS_a0.5_b0.5gn_b16M_lr0.028_mom0.9_s260925_l40s__83.json,16,83,TS,16,absolute_1e-4,0.0,0.0001,0,0.0,-0.0,0.0,0.0,0.0,
logs/muon_spectra/second_order_audit_20260926/step_spectrum/soaudit_batch16m_20260927__TS_a0.5_b0.5gn_b16M_lr0.028_mom0.9_s260925_l40s__83.json,16,83,TS,16,absolute_1e-3,0.0,0.001,1,0.9998992849130144,0.2793343402387675,0.0921998314937151,-0.0214444870603386,0.011381256370284764,1.8841933054357556
logs/muon_spectra/second_order_audit_20260926/step_spectrum/soaudit_batch16m_20260927__TS_a0.5_b0.5gn_b16M_lr0.028_mom0.9_s260925_l40s__83.json,16,83,TS,16,absolute_1e-2,0.0,0.01,1,0.9998992849130144,0.2793343402387675,0.0921998314937151,-0.0214444870603386,0.011381256370284764,1.8841933054357556
logs/muon_spectra/second_order_audit_20260926/step_spectrum/soaudit_batch16m_20260927__TS_a0.5_b0.5gn_b16M_lr0.028_mom0.9_s260925_l40s__83.json,16,83,TS,16,shared_muon_relative_1e-4,0.0,0.0004660276024313964,1,0.9998992849130144,0.2793343402387675,0.0921998314937151,-0.0214444870603386,0.011381256370284764,1.8841933054357556
logs/muon_spectra/second_order_audit_20260926/step_spectrum/soaudit_batch16m_20260927__TS_a0.5_b0.5gn_b16M_lr0.028_mom0.9_s260925_l40s__83.json,16,83,TS,16,band_0.0001_0.001,0.10257368576399456,1.0257368576399457,0,0.0,-0.0,0.0,0.0,0.0,
logs/muon_spectra/second_order_audit_20260926/step_spectrum/soaudit_batch16m_20260927__TS_a0.5_b0.5gn_b16M_lr0.028_mom0.9_s260925_l40s__83.json,16,83,TS,16,band_0.001_0.01,1.0257368576399457,10.257368576399456,1,8.139937542604225e-05,0.1285878387792425,0.13205075260639132,-0.009871683669330935,0.016300501258560713,0.6056061413538749
logs/muon_spectra/second_order_audit_20260926/step_spectrum/soaudit_batch16m_20260927__TS_a0.5_b0.5gn_b16M_lr0.028_mom0.9_s260925_l40s__83.json,16,83,TS,16,band_0.01_0.1,10.257368576399456,102.57368576399456,2,1.3234109933375124e-05,0.12782047713593145,0.12428292528013819,-0.00981277334410376,0.01534163145578654,0.6396173296421215
logs/muon_spectra/second_order_audit_20260926/step_spectrum/soaudit_batch16m_20260927__TS_a0.5_b0.5gn_b16M_lr0.028_mom0.9_s260925_l40s__83.json,16,83,TS,16,band_0.1_inf,102.57368576399456,inf,12,6.081601626269918e-06,0.46425734384605855,0.6514664906197554,-0.03564101926839376,0.08041779498152953,0.44319816623397645
logs/muon_spectra/second_order_audit_20260926/step_spectrum/soaudit_batch16m_20260927__TS_a0.5_b0.5gn_b16M_lr0.028_mom0.9_s260925_l40s__83.json,16,83,TS,24,relative_1e-4,0.0,0.10257368576399456,1,0.9998016196154261,0.24176960301167483,0.059208583002412905,-0.01856064356045654,0.007308777592697436,2.539500391830421
logs/muon_spectra/second_order_audit_20260926/step_spectrum/soaudit_batch16m_20260927__TS_a0.5_b0.5gn_b16M_lr0.028_mom0.9_s260925_l40s__83.json,16,83,TS,24,relative_1e-3,0.0,1.0257368576399457,1,0.9998016196154261,0.24176960301167483,0.059208583002412905,-0.01856064356045654,0.007308777592697436,2.539500391830421
logs/muon_spectra/second_order_audit_20260926/step_spectrum/soaudit_batch16m_20260927__TS_a0.5_b0.5gn_b16M_lr0.028_mom0.9_s260925_l40s__83.json,16,83,TS,24,relative_1e-2,0.0,10.257368576399456,2,0.9999593087008357,0.3554560119037449,0.16669982968408367,-0.027288345003603366,0.0205776243598307,1.3261173654657907
logs/muon_spectra/second_order_audit_20260926/step_spectrum/soaudit_batch16m_20260927__TS_a0.5_b0.5gn_b16M_lr0.028_mom0.9_s260925_l40s__83.json,16,83,TS,24,absolute_1e-4,0.0,0.0001,0,0.0,-0.0,0.0,0.0,0.0,
logs/muon_spectra/second_order_audit_20260926/step_spectrum/soaudit_batch16m_20260927__TS_a0.5_b0.5gn_b16M_lr0.028_mom0.9_s260925_l40s__83.json,16,83,TS,24,absolute_1e-3,0.0,0.001,1,0.9998016196154261,0.24176960301167483,0.059208583002412905,-0.01856064356045654,0.007308777592697436,2.539500391830421
logs/muon_spectra/second_order_audit_20260926/step_spectrum/soaudit_batch16m_20260927__TS_a0.5_b0.5gn_b16M_lr0.028_mom0.9_s260925_l40s__83.json,16,83,TS,24,absolute_1e-2,0.0,0.01,1,0.9998016196154261,0.24176960301167483,0.059208583002412905,-0.01856064356045654,0.007308777592697436,2.539500391830421
logs/muon_spectra/second_order_audit_20260926/step_spectrum/soaudit_batch16m_20260927__TS_a0.5_b0.5gn_b16M_lr0.028_mom0.9_s260925_l40s__83.json,16,83,TS,24,shared_muon_relative_1e-4,0.0,0.0004660276024313964,1,0.9998016196154261,0.24176960301167483,0.059208583002412905,-0.01856064356045654,0.007308777592697436,2.539500391830421
logs/muon_spectra/second_order_audit_20260926/step_spectrum/soaudit_batch16m_20260927__TS_a0.5_b0.5gn_b16M_lr0.028_mom0.9_s260925_l40s__83.json,16,83,TS,24,band_0.0001_0.001,0.10257368576399456,1.0257368576399457,0,0.0,-0.0,0.0,0.0,0.0,
logs/muon_spectra/second_order_audit_20260926/step_spectrum/soaudit_batch16m_20260927__TS_a0.5_b0.5gn_b16M_lr0.028_mom0.9_s260925_l40s__83.json,16,83,TS,24,band_0.001_0.01,1.0257368576399457,10.257368576399456,1,0.00015768908540956768,0.11368640889207005,0.10749124668167076,-0.008727701443146824,0.013268846767133262,0.6577588539770624
logs/muon_spectra/second_order_audit_20260926/step_spectrum/soaudit_batch16m_20260927__TS_a0.5_b0.5gn_b16M_lr0.028_mom0.9_s260925_l40s__83.json,16,83,TS,24,band_0.01_0.1,10.257368576399456,102.57368576399456,4,3.444107300718944e-05,0.17461095769007695,0.17849466057743726,-0.013404876821007878,0.022033592251166405,0.6083836293329907
logs/muon_spectra/second_order_audit_20260926/step_spectrum/soaudit_batch16m_20260927__TS_a0.5_b0.5gn_b16M_lr0.028_mom0.9_s260925_l40s__83.json,16,83,TS,24,band_0.1_inf,102.57368576399456,inf,18,6.250226157098847e-06,0.4699330304061781,0.6548055097384792,-0.03607674151755574,0.08082996745516413,0.4463287893511435
logs/muon_spectra/second_order_audit_20260926/step_spectrum/soaudit_batch16m_20260927__TS_a0.5_b0.5gn_b16M_lr0.028_mom0.9_s260925_l40s__83.json,16,83,TS,32,relative_1e-4,0.0,0.10257368576399456,1,0.9997011806086451,0.2228343432234991,0.04305998327937576,-0.017106984360643892,0.005315375321875256,3.2183963172347676
logs/muon_spectra/second_order_audit_20260926/step_spectrum/soaudit_batch16m_20260927__TS_a0.5_b0.5gn_b16M_lr0.028_mom0.9_s260925_l40s__83.json,16,83,TS,32,relative_1e-3,0.0,1.0257368576399457,1,0.9997011806086451,0.2228343432234991,0.04305998327937576,-0.017106984360643892,0.005315375321875256,3.2183963172347676
logs/muon_spectra/second_order_audit_20260926/step_spectrum/soaudit_batch16m_20260927__TS_a0.5_b0.5gn_b16M_lr0.028_mom0.9_s260925_l40s__83.json,16,83,TS,32,relative_1e-2,0.0,10.257368576399456,3,0.9999695099927609,0.3781673521009075,0.19058184736879907,-0.02903189375799104,0.023525648900721008,1.2340528365660204
logs/muon_spectra/second_order_audit_20260926/step_spectrum/soaudit_batch16m_20260927__TS_a0.5_b0.5gn_b16M_lr0.028_mom0.9_s260925_l40s__83.json,16,83,TS,32,absolute_1e-4,0.0,0.0001,0,0.0,-0.0,0.0,0.0,0.0,
logs/muon_spectra/second_order_audit_20260926/step_spectrum/soaudit_batch16m_20260927__TS_a0.5_b0.5gn_b16M_lr0.028_mom0.9_s260925_l40s__83.json,16,83,TS,32,absolute_1e-3,0.0,0.001,1,0.9997011806086451,0.2228343432234991,0.04305998327937576,-0.017106984360643892,0.005315375321875256,3.2183963172347676
logs/muon_spectra/second_order_audit_20260926/step_spectrum/soaudit_batch16m_20260927__TS_a0.5_b0.5gn_b16M_lr0.028_mom0.9_s260925_l40s__83.json,16,83,TS,32,absolute_1e-2,0.0,0.01,1,0.9997011806086451,0.2228343432234991,0.04305998327937576,-0.017106984360643892,0.005315375321875256,3.2183963172347676
logs/muon_spectra/second_order_audit_20260926/step_spectrum/soaudit_batch16m_20260927__TS_a0.5_b0.5gn_b16M_lr0.028_mom0.9_s260925_l40s__83.json,16,83,TS,32,shared_muon_relative_1e-4,0.0,0.0004660276024313964,1,0.9997011806086451,0.2228343432234991,0.04305998327937576,-0.017106984360643892,0.005315375321875256,3.2183963172347676
logs/muon_spectra/second_order_audit_20260926/step_spectrum/soaudit_batch16m_20260927__TS_a0.5_b0.5gn_b16M_lr0.028_mom0.9_s260925_l40s__83.json,16,83,TS,32,band_0.0001_0.001,0.10257368576399456,1.0257368576399457,0,0.0,-0.0,0.0,0.0,0.0,
logs/muon_spectra/second_order_audit_20260926/step_spectrum/soaudit_batch16m_20260927__TS_a0.5_b0.5gn_b16M_lr0.028_mom0.9_s260925_l40s__83.json,16,83,TS,32,band_0.001_0.01,1.0257368576399457,10.257368576399456,2,0.00026832938411568456,0.15533300887740836,0.1475218640894233,-0.011924909397347146,0.01821027357884575,0.6548451535181713
logs/muon_spectra/second_order_audit_20260926/step_spectrum/soaudit_batch16m_20260927__TS_a0.5_b0.5gn_b16M_lr0.028_mom0.9_s260925_l40s__83.json,16,83,TS,32,band_0.01_0.1,10.257368576399456,102.57368576399456,5,2.415141215032573e-05,0.1482462193902167,0.15274720931305763,-0.011380856828201787,0.01885529638040563,0.6035893893467906
logs/muon_spectra/second_order_audit_20260926/step_spectrum/soaudit_batch16m_20260927__TS_a0.5_b0.5gn_b16M_lr0.028_mom0.9_s260925_l40s__83.json,16,83,TS,32,band_0.1_inf,102.57368576399456,inf,24,6.33859508878774e-06,0.4735864285088758,0.6566709433181432,-0.0363572127559742,0.08106023878503477,0.4485209185281406
logs/muon_spectra/second_order_audit_20260926/step_spectrum/soaudit_batch16m_20260927__TS_a0.5_b0.5gn_b16M_lr0.028_mom0.9_s260925_l40s__83.json,16,83,TS,40,relative_1e-4,0.0,0.10257368576399456,1,0.9996038311870493,0.20997300432913368,0.0339300680742817,-0.016119619845192255,0.00418836777853479,3.848663894275148
logs/muon_spectra/second_order_audit_20260926/step_spectrum/soaudit_batch16m_20260927__TS_a0.5_b0.5gn_b16M_lr0.028_mom0.9_s260925_l40s__83.json,16,83,TS,40,relative_1e-3,0.0,1.0257368576399457,1,0.9996038311870493,0.20997300432913368,0.0339300680742817,-0.016119619845192255,0.00418836777853479,3.848663894275148
logs/muon_spectra/second_order_audit_20260926/step_spectrum/soaudit_batch16m_20260927__TS_a0.5_b0.5gn_b16M_lr0.028_mom0.9_s260925_l40s__83.json,16,83,TS,40,relative_1e-2,0.0,10.257368576399456,4,0.9999736928486813,0.3894747405717912,0.20296425765475393,-0.029899961556396393,0.02505414828801226,1.1934136101007562
logs/muon_spectra/second_order_audit_20260926/step_spectrum/soaudit_batch16m_20260927__TS_a0.5_b0.5gn_b16M_lr0.028_mom0.9_s260925_l40s__83.json,16,83,TS,40,absolute_1e-4,0.0,0.0001,0,0.0,-0.0,0.0,0.0,0.0,
logs/muon_spectra/second_order_audit_20260926/step_spectrum/soaudit_batch16m_20260927__TS_a0.5_b0.5gn_b16M_lr0.028_mom0.9_s260925_l40s__83.json,16,83,TS,40,absolute_1e-3,0.0,0.001,1,0.9996038311870493,0.20997300432913368,0.0339300680742817,-0.016119619845192255,0.00418836777853479,3.848663894275148
logs/muon_spectra/second_order_audit_20260926/step_spectrum/soaudit_batch16m_20260927__TS_a0.5_b0.5gn_b16M_lr0.028_mom0.9_s260925_l40s__83.json,16,83,TS,40,absolute_1e-2,0.0,0.01,1,0.9996038311870493,0.20997300432913368,0.0339300680742817,-0.016119619845192255,0.00418836777853479,3.848663894275148
logs/muon_spectra/second_order_audit_20260926/step_spectrum/soaudit_batch16m_20260927__TS_a0.5_b0.5gn_b16M_lr0.028_mom0.9_s260925_l40s__83.json,16,83,TS,40,shared_muon_relative_1e-4,0.0,0.0004660276024313964,1,0.9996038311870493,0.20997300432913368,0.0339300680742817,-0.016119619845192255,0.00418836777853479,3.848663894275148
logs/muon_spectra/second_order_audit_20260926/step_spectrum/soaudit_batch16m_20260927__TS_a0.5_b0.5gn_b16M_lr0.028_mom0.9_s260925_l40s__83.json,16,83,TS,40,band_0.0001_0.001,0.10257368576399456,1.0257368576399457,0,0.0,-0.0,0.0,0.0,0.0,
logs/muon_spectra/second_order_audit_20260926/step_spectrum/soaudit_batch16m_20260927__TS_a0.5_b0.5gn_b16M_lr0.028_mom0.9_s260925_l40s__83.json,16,83,TS,40,band_0.001_0.01,1.0257368576399457,10.257368576399456,3,0.0003698616616321122,0.1795017362426575,0.1690341895804722,-0.013780341711204135,0.02086578050947747,0.6604278092997743
logs/muon_spectra/second_order_audit_20260926/step_spectrum/soaudit_batch16m_20260927__TS_a0.5_b0.5gn_b16M_lr0.028_mom0.9_s260925_l40s__83.json,16,83,TS,40,band_0.01_0.1,10.257368576399456,102.57368576399456,6,1.990716477813653e-05,0.13677475319464466,0.1390401274996661,-0.010500192788886802,0.017163277971268816,0.6117824815553321
logs/muon_spectra/second_order_audit_20260926/step_spectrum/soaudit_batch16m_20260927__TS_a0.5_b0.5gn_b16M_lr0.028_mom0.9_s260925_l40s__83.json,16,83,TS,40,band_0.1_inf,102.57368576399456,inf,30,6.399986540495733e-06,0.47375050623356424,0.65799561484558,-0.03636980899688376,0.08122375780688021,0.44777304053522854
logs/muon_spectra/second_order_audit_20260926/step_spectrum/soaudit_batch16m_20260927__TS_a0.5_b0.5gn_b16M_lr0.028_mom0.9_s260925_l40s__83.json,16,83,TS,48,relative_1e-4,0.0,0.10257368576399456,1,0.9994976738411356,0.2012155651390833,0.027533175520302947,-0.015447311559600782,0.0033987277873276486,4.545027588616237
logs/muon_spectra/second_order_audit_20260926/step_spectrum/soaudit_batch16m_20260927__TS_a0.5_b0.5gn_b16M_lr0.028_mom0.9_s260925_l40s__83.json,16,83,TS,48,relative_1e-3,0.0,1.0257368576399457,2,0.9998491349856808,0.27123296717266515,0.08435264877954664,-0.02082254494703261,0.010412590844464293,1.9997467736958687
logs/muon_spectra/second_order_audit_20260926/step_spectrum/soaudit_batch16m_20260927__TS_a0.5_b0.5gn_b16M_lr0.028_mom0.9_s260925_l40s__83.json,16,83,TS,48,relative_1e-2,0.0,10.257368576399456,4,0.9999628260293839,0.3647718738597578,0.17650424274410298,-0.028003523384467065,0.021787892717033273,1.2852791111172746
logs/muon_spectra/second_order_audit_20260926/step_spectrum/soaudit_batch16m_20260927__TS_a0.5_b0.5gn_b16M_lr0.028_mom0.9_s260925_l40s__83.json,16,83,TS,48,absolute_1e-4,0.0,0.0001,0,0.0,-0.0,0.0,0.0,0.0,
logs/muon_spectra/second_order_audit_20260926/step_spectrum/soaudit_batch16m_20260927__TS_a0.5_b0.5gn_b16M_lr0.028_mom0.9_s260925_l40s__83.json,16,83,TS,48,absolute_1e-3,0.0,0.001,1,0.9994976738411356,0.2012155651390833,0.027533175520302947,-0.015447311559600782,0.0033987277873276486,4.545027588616237
logs/muon_spectra/second_order_audit_20260926/step_spectrum/soaudit_batch16m_20260927__TS_a0.5_b0.5gn_b16M_lr0.028_mom0.9_s260925_l40s__83.json,16,83,TS,48,absolute_1e-2,0.0,0.01,1,0.9994976738411356,0.2012155651390833,0.027533175520302947,-0.015447311559600782,0.0033987277873276486,4.545027588616237
logs/muon_spectra/second_order_audit_20260926/step_spectrum/soaudit_batch16m_20260927__TS_a0.5_b0.5gn_b16M_lr0.028_mom0.9_s260925_l40s__83.json,16,83,TS,48,shared_muon_relative_1e-4,0.0,0.0004660276024313964,1,0.9994976738411356,0.2012155651390833,0.027533175520302947,-0.015447311559600782,0.0033987277873276486,4.545027588616237
logs/muon_spectra/second_order_audit_20260926/step_spectrum/soaudit_batch16m_20260927__TS_a0.5_b0.5gn_b16M_lr0.028_mom0.9_s260925_l40s__83.json,16,83,TS,48,band_0.0001_0.001,0.10257368576399456,1.0257368576399457,1,0.00035146114454525995,0.07001740203358185,0.05681947325924369,-0.005375233387431828,0.007013863057136644,0.7663727312101566
logs/muon_spectra/second_order_audit_20260926/step_spectrum/soaudit_batch16m_20260927__TS_a0.5_b0.5gn_b16M_lr0.028_mom0.9_s260925_l40s__83.json,16,83,TS,48,band_0.001_0.01,1.0257368576399457,10.257368576399456,2,0.00011369104370310764,0.09353890668709268,0.09215159396455634,-0.007180978437434457,0.01137530187256898,0.631278054673086
logs/muon_spectra/second_order_audit_20260926/step_spectrum/soaudit_batch16m_20260927__TS_a0.5_b0.5gn_b16M_lr0.028_mom0.9_s260925_l40s__83.json,16,83,TS,48,band_0.01_0.1,10.257368576399456,102.57368576399456,8,3.0579462674220096e-05,0.15807437553427012,0.16129271582206706,-0.012135364015101811,0.019910163822322864,0.609505985153969
logs/muon_spectra/second_order_audit_20260926/step_spectrum/soaudit_batch16m_20260927__TS_a0.5_b0.5gn_b16M_lr0.028_mom0.9_s260925_l40s__83.json,16,83,TS,48,band_0.1_inf,102.57368576399456,inf,36,6.5945079419169445e-06,0.47715375060597226,0.6622030414338299,-0.036631075942597846,0.08174312752680539,0.4481242283100277
logs/muon_spectra/second_order_audit_20260926/step_spectrum/soaudit_batch16m_20260927__TS_a0.5_b0.5gn_b16M_lr0.028_mom0.9_s260925_l40s__9.json,16,9,TS,8,relative_1e-4,0.0,0.18617404984638336,1,0.9999905136645059,0.1150781819180055,0.023965341483673717,-0.024018976010095602,0.005400536975609249,4.447516259693039
logs/muon_spectra/second_order_audit_20260926/step_spectrum/soaudit_batch16m_20260927__TS_a0.5_b0.5gn_b16M_lr0.028_mom0.9_s260925_l40s__9.json,16,9,TS,8,relative_1e-3,0.0,1.8617404984638335,1,0.9999905136645059,0.1150781819180055,0.023965341483673717,-0.024018976010095602,0.005400536975609249,4.447516259693039
logs/muon_spectra/second_order_audit_20260926/step_spectrum/soaudit_batch16m_20260927__TS_a0.5_b0.5gn_b16M_lr0.028_mom0.9_s260925_l40s__9.json,16,9,TS,8,relative_1e-2,0.0,18.617404984638338,1,0.9999905136645059,0.1150781819180055,0.023965341483673717,-0.024018976010095602,0.005400536975609249,4.447516259693039
logs/muon_spectra/second_order_audit_20260926/step_spectrum/soaudit_batch16m_20260927__TS_a0.5_b0.5gn_b16M_lr0.028_mom0.9_s260925_l40s__9.json,16,9,TS,8,absolute_1e-4,0.0,0.0001,0,0.0,-0.0,0.0,0.0,0.0,
logs/muon_spectra/second_order_audit_20260926/step_spectrum/soaudit_batch16m_20260927__TS_a0.5_b0.5gn_b16M_lr0.028_mom0.9_s260925_l40s__9.json,16,9,TS,8,absolute_1e-3,0.0,0.001,1,0.9999905136645059,0.1150781819180055,0.023965341483673717,-0.024018976010095602,0.005400536975609249,4.447516259693039
logs/muon_spectra/second_order_audit_20260926/step_spectrum/soaudit_batch16m_20260927__TS_a0.5_b0.5gn_b16M_lr0.028_mom0.9_s260925_l40s__9.json,16,9,TS,8,absolute_1e-2,0.0,0.01,1,0.9999905136645059,0.1150781819180055,0.023965341483673717,-0.024018976010095602,0.005400536975609249,4.447516259693039
logs/muon_spectra/second_order_audit_20260926/step_spectrum/soaudit_batch16m_20260927__TS_a0.5_b0.5gn_b16M_lr0.028_mom0.9_s260925_l40s__9.json,16,9,TS,8,shared_muon_relative_1e-4,0.0,0.013366909204811924,1,0.9999905136645059,0.1150781819180055,0.023965341483673717,-0.024018976010095602,0.005400536975609249,4.447516259693039
logs/muon_spectra/second_order_audit_20260926/step_spectrum/soaudit_batch16m_20260927__TS_a0.5_b0.5gn_b16M_lr0.028_mom0.9_s260925_l40s__9.json,16,9,TS,8,band_0.0001_0.001,0.18617404984638336,1.8617404984638335,0,0.0,-0.0,0.0,0.0,0.0,
logs/muon_spectra/second_order_audit_20260926/step_spectrum/soaudit_batch16m_20260927__TS_a0.5_b0.5gn_b16M_lr0.028_mom0.9_s260925_l40s__9.json,16,9,TS,8,band_0.001_0.01,1.8617404984638335,18.617404984638338,0,0.0,-0.0,0.0,0.0,0.0,
logs/muon_spectra/second_order_audit_20260926/step_spectrum/soaudit_batch16m_20260927__TS_a0.5_b0.5gn_b16M_lr0.028_mom0.9_s260925_l40s__9.json,16,9,TS,8,band_0.01_0.1,18.617404984638338,186.17404984638335,1,3.266432560766293e-06,0.055416400340078616,0.022400263836347925,-0.011566442640557065,0.005047850171215474,2.291360133173679
logs/muon_spectra/second_order_audit_20260926/step_spectrum/soaudit_batch16m_20260927__TS_a0.5_b0.5gn_b16M_lr0.028_mom0.9_s260925_l40s__9.json,16,9,TS,8,band_0.1_inf,186.17404984638335,inf,6,6.219902933489121e-06,0.8295054177419158,0.9536343946799783,-0.17313334636432984,0.2148994126868785,0.8056482993585266
logs/muon_spectra/second_order_audit_20260926/step_spectrum/soaudit_batch16m_20260927__TS_a0.5_b0.5gn_b16M_lr0.028_mom0.9_s260925_l40s__9.json,16,9,TS,16,relative_1e-4,0.0,0.18617404984638336,1,0.9999732132337174,0.06963821125114487,0.010709037106311634,-0.014534801450191415,0.0024132579502448136,6.022895914925683
logs/muon_spectra/second_order_audit_20260926/step_spectrum/soaudit_batch16m_20260927__TS_a0.5_b0.5gn_b16M_lr0.028_mom0.9_s260925_l40s__9.json,16,9,TS,16,relative_1e-3,0.0,1.8617404984638335,1,0.9999732132337174,0.06963821125114487,0.010709037106311634,-0.014534801450191415,0.0024132579502448136,6.022895914925683
logs/muon_spectra/second_order_audit_20260926/step_spectrum/soaudit_batch16m_20260927__TS_a0.5_b0.5gn_b16M_lr0.028_mom0.9_s260925_l40s__9.json,16,9,TS,16,relative_1e-2,0.0,18.617404984638338,2,0.9999906951682052,0.12138294636301919,0.027694176232000316,-0.02533489865876922,0.006240821682088105,4.059545353055571
logs/muon_spectra/second_order_audit_20260926/step_spectrum/soaudit_batch16m_20260927__TS_a0.5_b0.5gn_b16M_lr0.028_mom0.9_s260925_l40s__9.json,16,9,TS,16,absolute_1e-4,0.0,0.0001,1,0.9999732132337174,0.06963821125114487,0.010709037106311634,-0.014534801450191415,0.0024132579502448136,6.022895914925683
logs/muon_spectra/second_order_audit_20260926/step_spectrum/soaudit_batch16m_20260927__TS_a0.5_b0.5gn_b16M_lr0.028_mom0.9_s260925_l40s__9.json,16,9,TS,16,absolute_1e-3,0.0,0.001,1,0.9999732132337174,0.06963821125114487,0.010709037106311634,-0.014534801450191415,0.0024132579502448136,6.022895914925683
logs/muon_spectra/second_order_audit_20260926/step_spectrum/soaudit_batch16m_20260927__TS_a0.5_b0.5gn_b16M_lr0.028_mom0.9_s260925_l40s__9.json,16,9,TS,16,absolute_1e-2,0.0,0.01,1,0.9999732132337174,0.06963821125114487,0.010709037106311634,-0.014534801450191415,0.0024132579502448136,6.022895914925683
logs/muon_spectra/second_order_audit_20260926/step_spectrum/soaudit_batch16m_20260927__TS_a0.5_b0.5gn_b16M_lr0.028_mom0.9_s260925_l40s__9.json,16,9,TS,16,shared_muon_relative_1e-4,0.0,0.013366909204811924,1,0.9999732132337174,0.06963821125114487,0.010709037106311634,-0.014534801450191415,0.0024132579502448136,6.022895914925683
logs/muon_spectra/second_order_audit_20260926/step_spectrum/soaudit_batch16m_20260927__TS_a0.5_b0.5gn_b16M_lr0.028_mom0.9_s260925_l40s__9.json,16,9,TS,16,band_0.0001_0.001,0.18617404984638336,1.8617404984638335,0,0.0,-0.0,0.0,0.0,0.0,
logs/muon_spectra/second_order_audit_20260926/step_spectrum/soaudit_batch16m_20260927__TS_a0.5_b0.5gn_b16M_lr0.028_mom0.9_s260925_l40s__9.json,16,9,TS,16,band_0.001_0.01,1.8617404984638335,18.617404984638338,1,1.7481934487834415e-05,0.05174473511187431,0.016985139125688678,-0.010800097208577806,0.0038275637318432912,2.821663586872963
logs/muon_spectra/second_order_audit_20260926/step_spectrum/soaudit_batch16m_20260927__TS_a0.5_b0.5gn_b16M_lr0.028_mom0.9_s260925_l40s__9.json,16,9,TS,16,band_0.01_0.1,18.617404984638338,186.17404984638335,3,3.3198576976894077e-06,0.06437895632701195,0.024463257894947247,-0.013437096257527426,0.0055127413433908295,2.4374617672996806
logs/muon_spectra/second_order_audit_20260926/step_spectrum/soaudit_batch16m_20260927__TS_a0.5_b0.5gn_b16M_lr0.028_mom0.9_s260925_l40s__9.json,16,9,TS,16,band_0.1_inf,186.17404984638335,inf,11,5.9849740970935224e-06,0.8142380973099689,0.9478425658730524,-0.1699467700986858,0.21359423680822417,0.7956524138395771
logs/muon_spectra/second_order_audit_20260926/step_spectrum/soaudit_batch16m_20260927__TS_a0.5_b0.5gn_b16M_lr0.028_mom0.9_s260925_l40s__9.json,16,9,TS,24,relative_1e-4,0.0,0.18617404984638336,1,0.99995377150527,0.04628617075565234,0.007102710903702152,-0.009660792397392353,0.0016005802750041324,6.0358062311916285
logs/muon_spectra/second_order_audit_20260926/step_spectrum/soaudit_batch16m_20260927__TS_a0.5_b0.5gn_b16M_lr0.028_mom0.9_s260925_l40s__9.json,16,9,TS,24,relative_1e-3,0.0,1.8617404984638335,1,0.99995377150527,0.04628617075565234,0.007102710903702152,-0.009660792397392353,0.0016005802750041324,6.0358062311916285
logs/muon_spectra/second_order_audit_20260926/step_spectrum/soaudit_batch16m_20260927__TS_a0.5_b0.5gn_b16M_lr0.028_mom0.9_s260925_l40s__9.json,16,9,TS,24,relative_1e-2,0.0,18.617404984638338,3,0.9999906962528607,0.12397746600496652,0.02807212150441798,-0.02587642359424358,0.006325990817684973,4.0904933851474015
logs/muon_spectra/second_order_audit_20260926/step_spectrum/soaudit_batch16m_20260927__TS_a0.5_b0.5gn_b16M_lr0.028_mom0.9_s260925_l40s__9.json,16,9,TS,24,absolute_1e-4,0.0,0.0001,1,0.99995377150527,0.04628617075565234,0.007102710903702152,-0.009660792397392353,0.0016005802750041324,6.0358062311916285
logs/muon_spectra/second_order_audit_20260926/step_spectrum/soaudit_batch16m_20260927__TS_a0.5_b0.5gn_b16M_lr0.028_mom0.9_s260925_l40s__9.json,16,9,TS,24,absolute_1e-3,0.0,0.001,1,0.99995377150527,0.04628617075565234,0.007102710903702152,-0.009660792397392353,0.0016005802750041324,6.0358062311916285
logs/muon_spectra/second_order_audit_20260926/step_spectrum/soaudit_batch16m_20260927__TS_a0.5_b0.5gn_b16M_lr0.028_mom0.9_s260925_l40s__9.json,16,9,TS,24,absolute_1e-2,0.0,0.01,1,0.99995377150527,0.04628617075565234,0.007102710903702152,-0.009660792397392353,0.0016005802750041324,6.0358062311916285
logs/muon_spectra/second_order_audit_20260926/step_spectrum/soaudit_batch16m_20260927__TS_a0.5_b0.5gn_b16M_lr0.028_mom0.9_s260925_l40s__9.json,16,9,TS,24,shared_muon_relative_1e-4,0.0,0.013366909204811924,1,0.99995377150527,0.04628617075565234,0.007102710903702152,-0.009660792397392353,0.0016005802750041324,6.0358062311916285
logs/muon_spectra/second_order_audit_20260926/step_spectrum/soaudit_batch16m_20260927__TS_a0.5_b0.5gn_b16M_lr0.028_mom0.9_s260925_l40s__9.json,16,9,TS,24,band_0.0001_0.001,0.18617404984638336,1.8617404984638335,0,0.0,-0.0,0.0,0.0,0.0,
logs/muon_spectra/second_order_audit_20260926/step_spectrum/soaudit_batch16m_20260927__TS_a0.5_b0.5gn_b16M_lr0.028_mom0.9_s260925_l40s__9.json,16,9,TS,24,band_0.001_0.01,1.8617404984638335,18.617404984638338,2,3.6924747590718505e-05,0.07769129524931416,0.02096941060071583,-0.016215631196851224,0.004725410542680841,3.431581457396864
logs/muon_spectra/second_order_audit_20260926/step_spectrum/soaudit_batch16m_20260927__TS_a0.5_b0.5gn_b16M_lr0.028_mom0.9_s260925_l40s__9.json,16,9,TS,24,band_0.01_0.1,18.617404984638338,186.17404984638335,5,3.3289072545554553e-06,0.06163776915071064,0.0243612998306187,-0.012864959055414908,0.005489765317919086,2.3434442659001338
logs/muon_spectra/second_order_audit_20260926/step_spectrum/soaudit_batch16m_20260927__TS_a0.5_b0.5gn_b16M_lr0.028_mom0.9_s260925_l40s__9.json,16,9,TS,24,band_0.1_inf,186.17404984638335,inf,16,5.974839884729552e-06,0.8143847648443229,0.9475665786649634,-0.16997738236532395,0.21353204369809897,0.796027516158865
logs/muon_spectra/second_order_audit_20260926/step_spectrum/soaudit_batch16m_20260927__TS_a0.5_b0.5gn_b16M_lr0.028_mom0.9_s260925_l40s__9.json,16,9,TS,32,relative_1e-4,0.0,0.18617404984638336,1,0.9999255632735031,0.03081108581775737,0.005015934954350975,-0.006430851780652955,0.0011303299060719573,5.689358253822547
logs/muon_spectra/second_order_audit_20260926/step_spectrum/soaudit_batch16m_20260927__TS_a0.5_b0.5gn_b16M_lr0.028_mom0.9_s260925_l40s__9.json,16,9,TS,32,relative_1e-3,0.0,1.8617404984638335,2,0.9999740167285021,0.07723166355576254,0.012584748489320438,-0.016119697437411377,0.0028359453835288774,5.684064838143325
logs/muon_spectra/second_order_audit_20260926/step_spectrum/soaudit_batch16m_20260927__TS_a0.5_b0.5gn_b16M_lr0.028_mom0.9_s260925_l40s__9.json,16,9,TS,32,relative_1e-2,0.0,18.617404984638338,4,0.9999896934188854,0.12074208999574344,0.026071322871938973,-0.025201139909239424,0.0058751152479455445,4.289471584076917
logs/muon_spectra/second_order_audit_20260926/step_spectrum/soaudit_batch16m_20260927__TS_a0.5_b0.5gn_b16M_lr0.028_mom0.9_s260925_l40s__9.json,16,9,TS,32,absolute_1e-4,0.0,0.0001,1,0.9999255632735031,0.03081108581775737,0.005015934954350975,-0.006430851780652955,0.0011303299060719573,5.689358253822547
logs/muon_spectra/second_order_audit_20260926/step_spectrum/soaudit_batch16m_20260927__TS_a0.5_b0.5gn_b16M_lr0.028_mom0.9_s260925_l40s__9.json,16,9,TS,32,absolute_1e-3,0.0,0.001,1,0.9999255632735031,0.03081108581775737,0.005015934954350975,-0.006430851780652955,0.0011303299060719573,5.689358253822547
logs/muon_spectra/second_order_audit_20260926/step_spectrum/soaudit_batch16m_20260927__TS_a0.5_b0.5gn_b16M_lr0.028_mom0.9_s260925_l40s__9.json,16,9,TS,32,absolute_1e-2,0.0,0.01,1,0.9999255632735031,0.03081108581775737,0.005015934954350975,-0.006430851780652955,0.0011303299060719573,5.689358253822547
logs/muon_spectra/second_order_audit_20260926/step_spectrum/soaudit_batch16m_20260927__TS_a0.5_b0.5gn_b16M_lr0.028_mom0.9_s260925_l40s__9.json,16,9,TS,32,shared_muon_relative_1e-4,0.0,0.013366909204811924,1,0.9999255632735031,0.03081108581775737,0.005015934954350975,-0.006430851780652955,0.0011303299060719573,5.689358253822547
logs/muon_spectra/second_order_audit_20260926/step_spectrum/soaudit_batch16m_20260927__TS_a0.5_b0.5gn_b16M_lr0.028_mom0.9_s260925_l40s__9.json,16,9,TS,32,band_0.0001_0.001,0.18617404984638336,1.8617404984638335,1,4.845345499891478e-05,0.046420577738005175,0.007568813534969463,-0.009688845656758422,0.0017056154774569199,5.680556834067039
logs/muon_spectra/second_order_audit_20260926/step_spectrum/soaudit_batch16m_20260927__TS_a0.5_b0.5gn_b16M_lr0.028_mom0.9_s260925_l40s__9.json,16,9,TS,32,band_0.001_0.01,1.8617404984638335,18.617404984638338,2,1.5676690383324192e-05,0.043510426439980904,0.013486574382618532,-0.009081442471828047,0.0030391698644166667,2.9881325746730267
logs/muon_spectra/second_order_audit_20260926/step_spectrum/soaudit_batch16m_20260927__TS_a0.5_b0.5gn_b16M_lr0.028_mom0.9_s260925_l40s__9.json,16,9,TS,32,band_0.01_0.1,18.617404984638338,186.17404984638335,9,4.336717405600993e-06,0.06322077791019935,0.02648108774327936,-0.013195362688703284,0.005967454860151241,2.211221198641603
logs/muon_spectra/second_order_audit_20260926/step_spectrum/soaudit_batch16m_20260927__TS_a0.5_b0.5gn_b16M_lr0.028_mom0.9_s260925_l40s__9.json,16,9,TS,32,band_0.1_inf,186.17404984638335,inf,19,5.969863709167079e-06,0.8160371320940573,0.9474475893847817,-0.17032226241703963,0.21350522972560615,0.7977428123701482
logs/muon_spectra/second_order_audit_20260926/step_spectrum/soaudit_batch16m_20260927__TS_a0.5_b0.5gn_b16M_lr0.028_mom0.9_s260925_l40s__9.json,16,9,TS,40,relative_1e-4,0.0,0.18617404984638336,1,0.9998883472787198,0.02502225520296248,0.0037956944916128113,-0.005222614203852045,0.0008553514025258527,6.105811235510535
logs/muon_spectra/second_order_audit_20260926/step_spectrum/soaudit_batch16m_20260927__TS_a0.5_b0.5gn_b16M_lr0.028_mom0.9_s260925_l40s__9.json,16,9,TS,40,relative_1e-3,0.0,1.8617404984638335,2,0.9999601460760993,0.05614402854827541,0.009090183265647932,-0.011718312301561954,0.0020484527989989066,5.720567399594843
logs/muon_spectra/second_order_audit_20260926/step_spectrum/soaudit_batch16m_20260927__TS_a0.5_b0.5gn_b16M_lr0.028_mom0.9_s260925_l40s__9.json,16,9,TS,40,relative_1e-2,0.0,18.617404984638338,6,0.999990466792457,0.1247430476064521,0.027727747046294323,-0.02603621484062383,0.006248386791227882,4.166869899471669
logs/muon_spectra/second_order_audit_20260926/step_spectrum/soaudit_batch16m_20260927__TS_a0.5_b0.5gn_b16M_lr0.028_mom0.9_s260925_l40s__9.json,16,9,TS,40,absolute_1e-4,0.0,0.0001,1,0.9998883472787198,0.02502225520296248,0.0037956944916128113,-0.005222614203852045,0.0008553514025258527,6.105811235510535
logs/muon_spectra/second_order_audit_20260926/step_spectrum/soaudit_batch16m_20260927__TS_a0.5_b0.5gn_b16M_lr0.028_mom0.9_s260925_l40s__9.json,16,9,TS,40,absolute_1e-3,0.0,0.001,1,0.9998883472787198,0.02502225520296248,0.0037956944916128113,-0.005222614203852045,0.0008553514025258527,6.105811235510535
logs/muon_spectra/second_order_audit_20260926/step_spectrum/soaudit_batch16m_20260927__TS_a0.5_b0.5gn_b16M_lr0.028_mom0.9_s260925_l40s__9.json,16,9,TS,40,absolute_1e-2,0.0,0.01,1,0.9998883472787198,0.02502225520296248,0.0037956944916128113,-0.005222614203852045,0.0008553514025258527,6.105811235510535
logs/muon_spectra/second_order_audit_20260926/step_spectrum/soaudit_batch16m_20260927__TS_a0.5_b0.5gn_b16M_lr0.028_mom0.9_s260925_l40s__9.json,16,9,TS,40,shared_muon_relative_1e-4,0.0,0.013366909204811924,1,0.9998883472787198,0.02502225520296248,0.0037956944916128113,-0.005222614203852045,0.0008553514025258527,6.105811235510535
logs/muon_spectra/second_order_audit_20260926/step_spectrum/soaudit_batch16m_20260927__TS_a0.5_b0.5gn_b16M_lr0.028_mom0.9_s260925_l40s__9.json,16,9,TS,40,band_0.0001_0.001,0.18617404984638336,1.8617404984638335,1,7.179879737938556e-05,0.03112177334531293,0.005294488774035122,-0.00649569809770991,0.001193101396473054,5.444380600770351
logs/muon_spectra/second_order_audit_20260926/step_spectrum/soaudit_batch16m_20260927__TS_a0.5_b0.5gn_b16M_lr0.028_mom0.9_s260925_l40s__9.json,16,9,TS,40,band_0.001_0.01,1.8617404984638335,18.617404984638338,4,3.0320716357806503e-05,0.06859901905817668,0.01863756378064639,-0.014317902539061874,0.004199933992228975,3.40907799159556
logs/muon_spectra/second_order_audit_20260926/step_spectrum/soaudit_batch16m_20260927__TS_a0.5_b0.5gn_b16M_lr0.028_mom0.9_s260925_l40s__9.json,16,9,TS,40,band_0.01_0.1,18.617404984638338,186.17404984638335,14,3.5657692189768905e-06,0.05879094227601554,0.024879521469836418,-0.012270772865917079,0.0056065454241430125,2.1886512883809774
logs/muon_spectra/second_order_audit_20260926/step_spectrum/soaudit_batch16m_20260927__TS_a0.5_b0.5gn_b16M_lr0.028_mom0.9_s260925_l40s__9.json,16,9,TS,40,band_0.1_inf,186.17404984638335,inf,20,5.967438324171581e-06,0.8164660101175323,0.9473927314838692,-0.1704117773084414,0.21349286761833203,0.7982082924338809
logs/muon_spectra/second_order_audit_20260926/step_spectrum/soaudit_batch16m_20260927__TS_a0.5_b0.5gn_b16M_lr0.028_mom0.9_s260925_l40s__9.json,16,9,TS,48,relative_1e-4,0.0,0.18617404984638336,1,0.9998446158210355,0.021105486983029116,0.0030608877312213612,-0.004405111178137617,0.0006897643157687064,6.386400510192167
logs/muon_spectra/second_order_audit_20260926/step_spectrum/soaudit_batch16m_20260927__TS_a0.5_b0.5gn_b16M_lr0.028_mom0.9_s260925_l40s__9.json,16,9,TS,48,relative_1e-3,0.0,1.8617404984638335,3,0.9999682057032813,0.06696578470680914,0.011002566378658355,-0.013977015882264378,0.0024794041259549255,5.637247972587456
logs/muon_spectra/second_order_audit_20260926/step_spectrum/soaudit_batch16m_20260927__TS_a0.5_b0.5gn_b16M_lr0.028_mom0.9_s260925_l40s__9.json,16,9,TS,48,relative_1e-2,0.0,18.617404984638338,8,0.9999906145949637,0.1268579138994715,0.028085072302726326,-0.026477627121474626,0.006328909251589828,4.183600375502844
logs/muon_spectra/second_order_audit_20260926/step_spectrum/soaudit_batch16m_20260927__TS_a0.5_b0.5gn_b16M_lr0.028_mom0.9_s260925_l40s__9.json,16,9,TS,48,absolute_1e-4,0.0,0.0001,1,0.9998446158210355,0.021105486983029116,0.0030608877312213612,-0.004405111178137617,0.0006897643157687064,6.386400510192167
logs/muon_spectra/second_order_audit_20260926/step_spectrum/soaudit_batch16m_20260927__TS_a0.5_b0.5gn_b16M_lr0.028_mom0.9_s260925_l40s__9.json,16,9,TS,48,absolute_1e-3,0.0,0.001,1,0.9998446158210355,0.021105486983029116,0.0030608877312213612,-0.004405111178137617,0.0006897643157687064,6.386400510192167
logs/muon_spectra/second_order_audit_20260926/step_spectrum/soaudit_batch16m_20260927__TS_a0.5_b0.5gn_b16M_lr0.028_mom0.9_s260925_l40s__9.json,16,9,TS,48,absolute_1e-2,0.0,0.01,1,0.9998446158210355,0.021105486983029116,0.0030608877312213612,-0.004405111178137617,0.0006897643157687064,6.386400510192167
logs/muon_spectra/second_order_audit_20260926/step_spectrum/soaudit_batch16m_20260927__TS_a0.5_b0.5gn_b16M_lr0.028_mom0.9_s260925_l40s__9.json,16,9,TS,48,shared_muon_relative_1e-4,0.0,0.013366909204811924,1,0.9998446158210355,0.021105486983029116,0.0030608877312213612,-0.004405111178137617,0.0006897643157687064,6.386400510192167
logs/muon_spectra/second_order_audit_20260926/step_spectrum/soaudit_batch16m_20260927__TS_a0.5_b0.5gn_b16M_lr0.028_mom0.9_s260925_l40s__9.json,16,9,TS,48,band_0.0001_0.001,0.18617404984638336,1.8617404984638335,2,0.00012358988224573874,0.04586029772378003,0.007941678647436994,-0.009571904704126763,0.0017896398101862189,5.348509040559827
logs/muon_spectra/second_order_audit_20260926/step_spectrum/soaudit_batch16m_20260927__TS_a0.5_b0.5gn_b16M_lr0.028_mom0.9_s260925_l40s__9.json,16,9,TS,48,band_0.001_0.01,1.8617404984638335,18.617404984638338,5,2.240889168257025e-05,0.059892129192662354,0.017082505924067973,-0.012500611239210244,0.0038495051256349022,3.2473294179985035
logs/muon_spectra/second_order_audit_20260926/step_spectrum/soaudit_batch16m_20260927__TS_a0.5_b0.5gn_b16M_lr0.028_mom0.9_s260925_l40s__9.json,16,9,TS,48,band_0.01_0.1,18.617404984638338,186.17404984638335,20,3.417968071394958e-06,0.05667763639248198,0.024522227849595846,-0.011829686271807045,0.005526030092927164,2.140720566641143
logs/muon_spectra/second_order_audit_20260926/step_spectrum/soaudit_batch16m_20260927__TS_a0.5_b0.5gn_b16M_lr0.028_mom0.9_s260925_l40s__9.json,16,9,TS,48,band_0.1_inf,186.17404984638335,inf,20,5.967436965032294e-06,0.8164644497080467,0.9473926998476779,-0.17041145162170046,0.21349286048918528,0.7982067935725319
logs/muon_spectra/second_order_audit_20260926/step_spectrum/soaudit_mom4m4_20260927__PD_a0.5_b4M_lr0.02_mom0.9_s260925_ada__183.json,4,183,PD,8,relative_1e-4,0.0,0.01854823606458753,1,0.9997681668759705,0.2789056030745164,0.2040456282027526,-0.014172321974275221,0.01680537471181155,0.8433207957162834
logs/muon_spectra/second_order_audit_20260926/step_spectrum/soaudit_mom4m4_20260927__PD_a0.5_b4M_lr0.02_mom0.9_s260925_ada__183.json,4,183,PD,8,relative_1e-3,0.0,0.18548236064587528,1,0.9997681668759705,0.2789056030745164,0.2040456282027526,-0.014172321974275221,0.01680537471181155,0.8433207957162834
logs/muon_spectra/second_order_audit_20260926/step_spectrum/soaudit_mom4m4_20260927__PD_a0.5_b4M_lr0.02_mom0.9_s260925_ada__183.json,4,183,PD,8,relative_1e-2,0.0,1.8548236064587529,1,0.9997681668759705,0.2789056030745164,0.2040456282027526,-0.014172321974275221,0.01680537471181155,0.8433207957162834
logs/muon_spectra/second_order_audit_20260926/step_spectrum/soaudit_mom4m4_20260927__PD_a0.5_b4M_lr0.02_mom0.9_s260925_ada__183.json,4,183,PD,8,absolute_1e-4,0.0,0.0001,0,0.0,-0.0,0.0,0.0,0.0,
logs/muon_spectra/second_order_audit_20260926/step_spectrum/soaudit_mom4m4_20260927__PD_a0.5_b4M_lr0.02_mom0.9_s260925_ada__183.json,4,183,PD,8,absolute_1e-3,0.0,0.001,0,0.0,-0.0,0.0,0.0,0.0,
logs/muon_spectra/second_order_audit_20260926/step_spectrum/soaudit_mom4m4_20260927__PD_a0.5_b4M_lr0.02_mom0.9_s260925_ada__183.json,4,183,PD,8,absolute_1e-2,0.0,0.01,1,0.9997681668759705,0.2789056030745164,0.2040456282027526,-0.014172321974275221,0.01680537471181155,0.8433207957162834
logs/muon_spectra/second_order_audit_20260926/step_spectrum/soaudit_mom4m4_20260927__PD_a0.5_b4M_lr0.02_mom0.9_s260925_ada__183.json,4,183,PD,8,shared_muon_relative_1e-4,0.0,0.0007556866429365307,0,0.0,-0.0,0.0,0.0,0.0,
logs/muon_spectra/second_order_audit_20260926/step_spectrum/soaudit_mom4m4_20260927__PD_a0.5_b4M_lr0.02_mom0.9_s260925_ada__183.json,4,183,PD,8,band_0.0001_0.001,0.01854823606458753,0.18548236064587528,0,0.0,-0.0,0.0,0.0,0.0,
logs/muon_spectra/second_order_audit_20260926/step_spectrum/soaudit_mom4m4_20260927__PD_a0.5_b4M_lr0.02_mom0.9_s260925_ada__183.json,4,183,PD,8,band_0.001_0.01,0.18548236064587528,1.8548236064587529,0,0.0,-0.0,0.0,0.0,0.0,
logs/muon_spectra/second_order_audit_20260926/step_spectrum/soaudit_mom4m4_20260927__PD_a0.5_b4M_lr0.02_mom0.9_s260925_ada__183.json,4,183,PD,8,band_0.01_0.1,1.8548236064587529,18.548236064587527,1,0.00019026337221429392,0.13525590323914294,0.1941203514575428,-0.006872899606518141,0.015987920320404844,0.42988077678536407
logs/muon_spectra/second_order_audit_20260926/step_spectrum/soaudit_mom4m4_20260927__PD_a0.5_b4M_lr0.02_mom0.9_s260925_ada__183.json,4,183,PD,8,band_0.1_inf,18.548236064587527,inf,6,4.1569751815074844e-05,0.5858384936863407,0.6018340203397046,-0.029768823809641992,0.049567571308485936,0.6005705549778588
logs/muon_spectra/second_order_audit_20260926/step_spectrum/soaudit_mom4m4_20260927__PD_a0.5_b4M_lr0.02_mom0.9_s260925_ada__183.json,4,183,PD,16,relative_1e-4,0.0,0.01854823606458753,1,0.9991816351697556,0.1883851910489618,0.11430382047253779,-0.009572613648847775,0.009414161680170317,1.0168312351179623
logs/muon_spectra/second_order_audit_20260926/step_spectrum/soaudit_mom4m4_20260927__PD_a0.5_b4M_lr0.02_mom0.9_s260925_ada__183.json,4,183,PD,16,relative_1e-3,0.0,0.18548236064587528,1,0.9991816351697556,0.1883851910489618,0.11430382047253779,-0.009572613648847775,0.009414161680170317,1.0168312351179623
logs/muon_spectra/second_order_audit_20260926/step_spectrum/soaudit_mom4m4_20260927__PD_a0.5_b4M_lr0.02_mom0.9_s260925_ada__183.json,4,183,PD,16,relative_1e-2,0.0,1.8548236064587529,2,0.9998559676993612,0.3262392035337212,0.2705056891023411,-0.01657753369650198,0.022279082904557483,0.7440851029424925
logs/muon_spectra/second_order_audit_20260926/step_spectrum/soaudit_mom4m4_20260927__PD_a0.5_b4M_lr0.02_mom0.9_s260925_ada__183.json,4,183,PD,16,absolute_1e-4,0.0,0.0001,0,0.0,-0.0,0.0,0.0,0.0,
logs/muon_spectra/second_order_audit_20260926/step_spectrum/soaudit_mom4m4_20260927__PD_a0.5_b4M_lr0.02_mom0.9_s260925_ada__183.json,4,183,PD,16,absolute_1e-3,0.0,0.001,1,0.9991816351697556,0.1883851910489618,0.11430382047253779,-0.009572613648847775,0.009414161680170317,1.0168312351179623
logs/muon_spectra/second_order_audit_20260926/step_spectrum/soaudit_mom4m4_20260927__PD_a0.5_b4M_lr0.02_mom0.9_s260925_ada__183.json,4,183,PD,16,absolute_1e-2,0.0,0.01,1,0.9991816351697556,0.1883851910489618,0.11430382047253779,-0.009572613648847775,0.009414161680170317,1.0168312351179623
logs/muon_spectra/second_order_audit_20260926/step_spectrum/soaudit_mom4m4_20260927__PD_a0.5_b4M_lr0.02_mom0.9_s260925_ada__183.json,4,183,PD,16,shared_muon_relative_1e-4,0.0,0.0007556866429365307,1,0.9991816351697556,0.1883851910489618,0.11430382047253779,-0.009572613648847775,0.009414161680170317,1.0168312351179623
logs/muon_spectra/second_order_audit_20260926/step_spectrum/soaudit_mom4m4_20260927__PD_a0.5_b4M_lr0.02_mom0.9_s260925_ada__183.json,4,183,PD,16,band_0.0001_0.001,0.01854823606458753,0.18548236064587528,0,0.0,-0.0,0.0,0.0,0.0,
logs/muon_spectra/second_order_audit_20260926/step_spectrum/soaudit_mom4m4_20260927__PD_a0.5_b4M_lr0.02_mom0.9_s260925_ada__183.json,4,183,PD,16,band_0.001_0.01,0.18548236064587528,1.8548236064587529,1,0.0006743325296056642,0.13785401248475948,0.15620186862980323,-0.007004920047654206,0.012864921224387165,0.5444977023547918
logs/muon_spectra/second_order_audit_20260926/step_spectrum/soaudit_mom4m4_20260927__PD_a0.5_b4M_lr0.02_mom0.9_s260925_ada__183.json,4,183,PD,16,band_0.01_0.1,1.8548236064587529,18.548236064587527,2,0.00010878151493824087,0.10943129884303229,0.152652917064412,-0.005560646986544135,0.01257262649886035,0.4422820471958013
logs/muon_spectra/second_order_audit_20260926/step_spectrum/soaudit_mom4m4_20260927__PD_a0.5_b4M_lr0.02_mom0.9_s260925_ada__183.json,4,183,PD,16,band_0.1_inf,18.548236064587527,inf,12,3.5250785700524115e-05,0.5643294976232465,0.576841393833247,-0.028675864707389212,0.04750915693728447,0.6035860570046198
logs/muon_spectra/second_order_audit_20260926/step_spectrum/soaudit_mom4m4_20260927__PD_a0.5_b4M_lr0.02_mom0.9_s260925_ada__183.json,4,183,PD,24,relative_1e-4,0.0,0.01854823606458753,1,0.9984607691458163,0.16065556866807593,0.07752176863397332,-0.008163559358525814,0.006384760024957529,1.2786008129694926
logs/muon_spectra/second_order_audit_20260926/step_spectrum/soaudit_mom4m4_20260927__PD_a0.5_b4M_lr0.02_mom0.9_s260925_ada__183.json,4,183,PD,24,relative_1e-3,0.0,0.18548236064587528,1,0.9984607691458163,0.16065556866807593,0.07752176863397332,-0.008163559358525814,0.006384760024957529,1.2786008129694926
logs/muon_spectra/second_order_audit_20260926/step_spectrum/soaudit_mom4m4_20260927__PD_a0.5_b4M_lr0.02_mom0.9_s260925_ada__183.json,4,183,PD,24,relative_1e-2,0.0,1.8548236064587529,2,0.9997094339970604,0.2710776439689101,0.21058186004396331,-0.013774551704968472,0.01734370442885735,0.7942104734009224
logs/muon_spectra/second_order_audit_20260926/step_spectrum/soaudit_mom4m4_20260927__PD_a0.5_b4M_lr0.02_mom0.9_s260925_ada__183.json,4,183,PD,24,absolute_1e-4,0.0,0.0001,0,0.0,-0.0,0.0,0.0,0.0,
logs/muon_spectra/second_order_audit_20260926/step_spectrum/soaudit_mom4m4_20260927__PD_a0.5_b4M_lr0.02_mom0.9_s260925_ada__183.json,4,183,PD,24,absolute_1e-3,0.0,0.001,1,0.9984607691458163,0.16065556866807593,0.07752176863397332,-0.008163559358525814,0.006384760024957529,1.2786008129694926
logs/muon_spectra/second_order_audit_20260926/step_spectrum/soaudit_mom4m4_20260927__PD_a0.5_b4M_lr0.02_mom0.9_s260925_ada__183.json,4,183,PD,24,absolute_1e-2,0.0,0.01,1,0.9984607691458163,0.16065556866807593,0.07752176863397332,-0.008163559358525814,0.006384760024957529,1.2786008129694926
logs/muon_spectra/second_order_audit_20260926/step_spectrum/soaudit_mom4m4_20260927__PD_a0.5_b4M_lr0.02_mom0.9_s260925_ada__183.json,4,183,PD,24,shared_muon_relative_1e-4,0.0,0.0007556866429365307,1,0.9984607691458163,0.16065556866807593,0.07752176863397332,-0.008163559358525814,0.006384760024957529,1.2786008129694926
logs/muon_spectra/second_order_audit_20260926/step_spectrum/soaudit_mom4m4_20260927__PD_a0.5_b4M_lr0.02_mom0.9_s260925_ada__183.json,4,183,PD,24,band_0.0001_0.001,0.01854823606458753,0.18548236064587528,0,0.0,-0.0,0.0,0.0,0.0,
logs/muon_spectra/second_order_audit_20260926/step_spectrum/soaudit_mom4m4_20260927__PD_a0.5_b4M_lr0.02_mom0.9_s260925_ada__183.json,4,183,PD,24,band_0.001_0.01,0.18548236064587528,1.8548236064587529,1,0.0012486648512440603,0.11042207530083416,0.13306009140998998,-0.005610992346442657,0.010958944403899822,0.5120011690583943
logs/muon_spectra/second_order_audit_20260926/step_spectrum/soaudit_mom4m4_20260927__PD_a0.5_b4M_lr0.02_mom0.9_s260925_ada__183.json,4,183,PD,24,band_0.01_0.1,1.8548236064587529,18.548236064587527,4,0.00025654572693099,0.16724630122230838,0.21772724987060413,-0.008498461141692802,0.017932204925321528,0.4739217055060742
logs/muon_spectra/second_order_audit_20260926/step_spectrum/soaudit_mom4m4_20260927__PD_a0.5_b4M_lr0.02_mom0.9_s260925_ada__183.json,4,183,PD,24,band_0.1_inf,18.548236064587527,inf,18,3.4020276008753426e-05,0.5616760548087815,0.5716908900854327,-0.02854103254377408,0.04708495698652348,0.6061603189303754
logs/muon_spectra/second_order_audit_20260926/step_spectrum/soaudit_mom4m4_20260927__PD_a0.5_b4M_lr0.02_mom0.9_s260925_ada__183.json,4,183,PD,32,relative_1e-4,0.0,0.01854823606458753,1,0.9976454873771917,0.13705661255314225,0.05672117023742598,-0.006964400931334679,0.004671604720612863,1.490794137741394
logs/muon_spectra/second_order_audit_20260926/step_spectrum/soaudit_mom4m4_20260927__PD_a0.5_b4M_lr0.02_mom0.9_s260925_ada__183.json,4,183,PD,32,relative_1e-3,0.0,0.18548236064587528,1,0.9976454873771917,0.13705661255314225,0.05672117023742598,-0.006964400931334679,0.004671604720612863,1.490794137741394
logs/muon_spectra/second_order_audit_20260926/step_spectrum/soaudit_mom4m4_20260927__PD_a0.5_b4M_lr0.02_mom0.9_s260925_ada__183.json,4,183,PD,32,relative_1e-2,0.0,1.8548236064587529,3,0.9997934155315582,0.30007203683862765,0.24194661130000591,-0.01524787410031841,0.01992693251486564,0.7651892276417046
logs/muon_spectra/second_order_audit_20260926/step_spectrum/soaudit_mom4m4_20260927__PD_a0.5_b4M_lr0.02_mom0.9_s260925_ada__183.json,4,183,PD,32,absolute_1e-4,0.0,0.0001,0,0.0,-0.0,0.0,0.0,0.0,
logs/muon_spectra/second_order_audit_20260926/step_spectrum/soaudit_mom4m4_20260927__PD_a0.5_b4M_lr0.02_mom0.9_s260925_ada__183.json,4,183,PD,32,absolute_1e-3,0.0,0.001,1,0.9976454873771917,0.13705661255314225,0.05672117023742598,-0.006964400931334679,0.004671604720612863,1.490794137741394
logs/muon_spectra/second_order_audit_20260926/step_spectrum/soaudit_mom4m4_20260927__PD_a0.5_b4M_lr0.02_mom0.9_s260925_ada__183.json,4,183,PD,32,absolute_1e-2,0.0,0.01,1,0.9976454873771917,0.13705661255314225,0.05672117023742598,-0.006964400931334679,0.004671604720612863,1.490794137741394
logs/muon_spectra/second_order_audit_20260926/step_spectrum/soaudit_mom4m4_20260927__PD_a0.5_b4M_lr0.02_mom0.9_s260925_ada__183.json,4,183,PD,32,shared_muon_relative_1e-4,0.0,0.0007556866429365307,1,0.9976454873771917,0.13705661255314225,0.05672117023742598,-0.006964400931334679,0.004671604720612863,1.490794137741394
logs/muon_spectra/second_order_audit_20260926/step_spectrum/soaudit_mom4m4_20260927__PD_a0.5_b4M_lr0.02_mom0.9_s260925_ada__183.json,4,183,PD,32,band_0.0001_0.001,0.01854823606458753,0.18548236064587528,0,0.0,-0.0,0.0,0.0,0.0,
logs/muon_spectra/second_order_audit_20260926/step_spectrum/soaudit_mom4m4_20260927__PD_a0.5_b4M_lr0.02_mom0.9_s260925_ada__183.json,4,183,PD,32,band_0.001_0.01,0.18548236064587528,1.8548236064587529,2,0.002147928154366578,0.16301542428548543,0.18522544106257993,-0.008283473168983731,0.015255327794252777,0.5429888679353326
logs/muon_spectra/second_order_audit_20260926/step_spectrum/soaudit_mom4m4_20260927__PD_a0.5_b4M_lr0.02_mom0.9_s260925_ada__183.json,4,183,PD,32,band_0.01_0.1,1.8548236064587529,18.548236064587527,5,0.00017230767068352143,0.14031026369158858,0.1855642890823193,-0.007129732107968333,0.015283235610716345,0.46650671949132855
logs/muon_spectra/second_order_audit_20260926/step_spectrum/soaudit_mom4m4_20260927__PD_a0.5_b4M_lr0.02_mom0.9_s260925_ada__183.json,4,183,PD,32,band_0.1_inf,18.548236064587527,inf,24,3.427679775820012e-05,0.5596176994697837,0.5724890996176748,-0.02843643918214859,0.04715069821512032,0.6030968842160129
logs/muon_spectra/second_order_audit_20260926/step_spectrum/soaudit_mom4m4_20260927__PD_a0.5_b4M_lr0.02_mom0.9_s260925_ada__183.json,4,183,PD,40,relative_1e-4,0.0,0.01854823606458753,1,0.9967917630849739,0.1254334151279441,0.04388979390771091,-0.006373779249788671,0.0036148014497539497,1.7632446313814878
logs/muon_spectra/second_order_audit_20260926/step_spectrum/soaudit_mom4m4_20260927__PD_a0.5_b4M_lr0.02_mom0.9_s260925_ada__183.json,4,183,PD,40,relative_1e-3,0.0,0.18548236064587528,1,0.9967917630849739,0.1254334151279441,0.04388979390771091,-0.006373779249788671,0.0036148014497539497,1.7632446313814878
logs/muon_spectra/second_order_audit_20260926/step_spectrum/soaudit_mom4m4_20260927__PD_a0.5_b4M_lr0.02_mom0.9_s260925_ada__183.json,4,183,PD,40,relative_1e-2,0.0,1.8548236064587529,3,0.9996870946501295,0.2708243146475478,0.20774630536600264,-0.013761679017334041,0.017110165689024074,0.8042984075929762
logs/muon_spectra/second_order_audit_20260926/step_spectrum/soaudit_mom4m4_20260927__PD_a0.5_b4M_lr0.02_mom0.9_s260925_ada__183.json,4,183,PD,40,absolute_1e-4,0.0,0.0001,0,0.0,-0.0,0.0,0.0,0.0,
logs/muon_spectra/second_order_audit_20260926/step_spectrum/soaudit_mom4m4_20260927__PD_a0.5_b4M_lr0.02_mom0.9_s260925_ada__183.json,4,183,PD,40,absolute_1e-3,0.0,0.001,1,0.9967917630849739,0.1254334151279441,0.04388979390771091,-0.006373779249788671,0.0036148014497539497,1.7632446313814878
logs/muon_spectra/second_order_audit_20260926/step_spectrum/soaudit_mom4m4_20260927__PD_a0.5_b4M_lr0.02_mom0.9_s260925_ada__183.json,4,183,PD,40,absolute_1e-2,0.0,0.01,1,0.9967917630849739,0.1254334151279441,0.04388979390771091,-0.006373779249788671,0.0036148014497539497,1.7632446313814878
logs/muon_spectra/second_order_audit_20260926/step_spectrum/soaudit_mom4m4_20260927__PD_a0.5_b4M_lr0.02_mom0.9_s260925_ada__183.json,4,183,PD,40,shared_muon_relative_1e-4,0.0,0.0007556866429365307,1,0.9967917630849739,0.1254334151279441,0.04388979390771091,-0.006373779249788671,0.0036148014497539497,1.7632446313814878
logs/muon_spectra/second_order_audit_20260926/step_spectrum/soaudit_mom4m4_20260927__PD_a0.5_b4M_lr0.02_mom0.9_s260925_ada__183.json,4,183,PD,40,band_0.0001_0.001,0.01854823606458753,0.18548236064587528,0,0.0,-0.0,0.0,0.0,0.0,
logs/muon_spectra/second_order_audit_20260926/step_spectrum/soaudit_mom4m4_20260927__PD_a0.5_b4M_lr0.02_mom0.9_s260925_ada__183.json,4,183,PD,40,band_0.001_0.01,0.18548236064587528,1.8548236064587529,2,0.0028953315651555627,0.1453908995196037,0.16385651145829172,-0.007387899767545369,0.013495364239270124,0.5474398198195599
logs/muon_spectra/second_order_audit_20260926/step_spectrum/soaudit_mom4m4_20260927__PD_a0.5_b4M_lr0.02_mom0.9_s260925_ada__183.json,4,183,PD,40,band_0.01_0.1,1.8548236064587529,18.548236064587527,7,0.00027851879013999836,0.16912029888402716,0.21941496137893254,-0.008593686543936949,0.018071206307280627,0.47554581569215315
logs/muon_spectra/second_order_audit_20260926/step_spectrum/soaudit_mom4m4_20260927__PD_a0.5_b4M_lr0.02_mom0.9_s260925_ada__183.json,4,183,PD,40,band_0.1_inf,18.548236064587527,inf,30,3.438655973057432e-05,0.560055386468425,0.5728387332550648,-0.02845867982916436,0.04717949434439763,0.6032001873827567
logs/muon_spectra/second_order_audit_20260926/step_spectrum/soaudit_mom4m4_20260927__PD_a0.5_b4M_lr0.02_mom0.9_s260925_ada__183.json,4,183,PD,48,relative_1e-4,0.0,0.01854823606458753,1,0.9958893139635462,0.11969786308312197,0.035056752016035475,-0.006082332647843876,0.0028873044671318434,2.1065782002151896
logs/muon_spectra/second_order_audit_20260926/step_spectrum/soaudit_mom4m4_20260927__PD_a0.5_b4M_lr0.02_mom0.9_s260925_ada__183.json,4,183,PD,48,relative_1e-3,0.0,0.18548236064587528,2,0.9989183075951131,0.1881481381942277,0.11381052075563199,-0.00956056803432739,0.00937353308812033,1.0199535164007796
logs/muon_spectra/second_order_audit_20260926/step_spectrum/soaudit_mom4m4_20260927__PD_a0.5_b4M_lr0.02_mom0.9_s260925_ada__183.json,4,183,PD,48,relative_1e-2,0.0,1.8548236064587529,4,0.9997503801674202,0.2876294108989007,0.22698802705433102,-0.014615613941040922,0.01869493055716147,0.7817955726742251
logs/muon_spectra/second_order_audit_20260926/step_spectrum/soaudit_mom4m4_20260927__PD_a0.5_b4M_lr0.02_mom0.9_s260925_ada__183.json,4,183,PD,48,absolute_1e-4,0.0,0.0001,0,0.0,-0.0,0.0,0.0,0.0,
logs/muon_spectra/second_order_audit_20260926/step_spectrum/soaudit_mom4m4_20260927__PD_a0.5_b4M_lr0.02_mom0.9_s260925_ada__183.json,4,183,PD,48,absolute_1e-3,0.0,0.001,1,0.9958893139635462,0.11969786308312197,0.035056752016035475,-0.006082332647843876,0.0028873044671318434,2.1065782002151896
logs/muon_spectra/second_order_audit_20260926/step_spectrum/soaudit_mom4m4_20260927__PD_a0.5_b4M_lr0.02_mom0.9_s260925_ada__183.json,4,183,PD,48,absolute_1e-2,0.0,0.01,1,0.9958893139635462,0.11969786308312197,0.035056752016035475,-0.006082332647843876,0.0028873044671318434,2.1065782002151896
logs/muon_spectra/second_order_audit_20260926/step_spectrum/soaudit_mom4m4_20260927__PD_a0.5_b4M_lr0.02_mom0.9_s260925_ada__183.json,4,183,PD,48,shared_muon_relative_1e-4,0.0,0.0007556866429365307,1,0.9958893139635462,0.11969786308312197,0.035056752016035475,-0.006082332647843876,0.0028873044671318434,2.1065782002151896
logs/muon_spectra/second_order_audit_20260926/step_spectrum/soaudit_mom4m4_20260927__PD_a0.5_b4M_lr0.02_mom0.9_s260925_ada__183.json,4,183,PD,48,band_0.0001_0.001,0.01854823606458753,0.18548236064587528,1,0.0030289936315669383,0.06845027511110571,0.07875376873959652,-0.0034782353864835133,0.006486228620988487,0.5362492736115486
logs/muon_spectra/second_order_audit_20260926/step_spectrum/soaudit_mom4m4_20260927__PD_a0.5_b4M_lr0.02_mom0.9_s260925_ada__183.json,4,183,PD,48,band_0.001_0.01,0.18548236064587528,1.8548236064587529,2,0.0008320725723070906,0.09948127270467301,0.11317750629869902,-0.005055045906713532,0.009321397469041141,0.5423055849192885
logs/muon_spectra/second_order_audit_20260926/step_spectrum/soaudit_mom4m4_20260927__PD_a0.5_b4M_lr0.02_mom0.9_s260925_ada__183.json,4,183,PD,48,band_0.01_0.1,1.8548236064587529,18.548236064587527,8,0.0002147621092857392,0.15002670917256342,0.1984786917808872,-0.007623464009672281,0.016346877005243097,0.4663559900296021
logs/muon_spectra/second_order_audit_20260926/step_spectrum/soaudit_mom4m4_20260927__PD_a0.5_b4M_lr0.02_mom0.9_s260925_ada__183.json,4,183,PD,48,band_0.1_inf,18.548236064587527,inf,36,3.4857723294177476e-05,0.5623438799285359,0.574533281164782,-0.028574967439722147,0.047319058778297736,0.6038786099614407
logs/muon_spectra/second_order_audit_20260926/step_spectrum/soaudit_mom4m4_20260927__PD_a0.5_b4M_lr0.02_mom0.9_s260925_ada__330.json,4,330,PD,8,relative_1e-4,0.0,0.020764430935444996,1,0.9998566143377574,0.31384536276686065,0.2584859927346187,-0.009854799306360044,0.013738876077291325,0.7172929758533027
logs/muon_spectra/second_order_audit_20260926/step_spectrum/soaudit_mom4m4_20260927__PD_a0.5_b4M_lr0.02_mom0.9_s260925_ada__330.json,4,330,PD,8,relative_1e-3,0.0,0.20764430935444994,1,0.9998566143377574,0.31384536276686065,0.2584859927346187,-0.009854799306360044,0.013738876077291325,0.7172929758533027
logs/muon_spectra/second_order_audit_20260926/step_spectrum/soaudit_mom4m4_20260927__PD_a0.5_b4M_lr0.02_mom0.9_s260925_ada__330.json,4,330,PD,8,relative_1e-2,0.0,2.0764430935444995,1,0.9998566143377574,0.31384536276686065,0.2584859927346187,-0.009854799306360044,0.013738876077291325,0.7172929758533027
logs/muon_spectra/second_order_audit_20260926/step_spectrum/soaudit_mom4m4_20260927__PD_a0.5_b4M_lr0.02_mom0.9_s260925_ada__330.json,4,330,PD,8,absolute_1e-4,0.0,0.0001,0,0.0,-0.0,0.0,0.0,0.0,
logs/muon_spectra/second_order_audit_20260926/step_spectrum/soaudit_mom4m4_20260927__PD_a0.5_b4M_lr0.02_mom0.9_s260925_ada__330.json,4,330,PD,8,absolute_1e-3,0.0,0.001,1,0.9998566143377574,0.31384536276686065,0.2584859927346187,-0.009854799306360044,0.013738876077291325,0.7172929758533027
logs/muon_spectra/second_order_audit_20260926/step_spectrum/soaudit_mom4m4_20260927__PD_a0.5_b4M_lr0.02_mom0.9_s260925_ada__330.json,4,330,PD,8,absolute_1e-2,0.0,0.01,1,0.9998566143377574,0.31384536276686065,0.2584859927346187,-0.009854799306360044,0.013738876077291325,0.7172929758533027
logs/muon_spectra/second_order_audit_20260926/step_spectrum/soaudit_mom4m4_20260927__PD_a0.5_b4M_lr0.02_mom0.9_s260925_ada__330.json,4,330,PD,8,shared_muon_relative_1e-4,0.0,0.0005461575152425876,0,0.0,-0.0,0.0,0.0,0.0,
logs/muon_spectra/second_order_audit_20260926/step_spectrum/soaudit_mom4m4_20260927__PD_a0.5_b4M_lr0.02_mom0.9_s260925_ada__330.json,4,330,PD,8,band_0.0001_0.001,0.020764430935444996,0.20764430935444994,0,0.0,-0.0,0.0,0.0,0.0,
logs/muon_spectra/second_order_audit_20260926/step_spectrum/soaudit_mom4m4_20260927__PD_a0.5_b4M_lr0.02_mom0.9_s260925_ada__330.json,4,330,PD,8,band_0.001_0.01,0.20764430935444994,2.0764430935444995,0,0.0,-0.0,0.0,0.0,0.0,
logs/muon_spectra/second_order_audit_20260926/step_spectrum/soaudit_mom4m4_20260927__PD_a0.5_b4M_lr0.02_mom0.9_s260925_ada__330.json,4,330,PD,8,band_0.01_0.1,2.0764430935444995,20.764430935444995,1,0.00011875617322886308,0.15643259473543603,0.20204258411192608,-0.004912010846679483,0.010738833451216628,0.4574063718366905
logs/muon_spectra/second_order_audit_20260926/step_spectrum/soaudit_mom4m4_20260927__PD_a0.5_b4M_lr0.02_mom0.9_s260925_ada__330.json,4,330,PD,8,band_0.1_inf,20.764430935444995,inf,6,2.4629489013597354e-05,0.5297220424977033,0.5394714231534553,-0.01663336482319761,0.028673627346433264,0.5800928017315063
logs/muon_spectra/second_order_audit_20260926/step_spectrum/soaudit_mom4m4_20260927__PD_a0.5_b4M_lr0.02_mom0.9_s260925_ada__330.json,4,330,PD,16,relative_1e-4,0.0,0.020764430935444996,1,0.9994255182381391,0.2123729737815715,0.14844513195279188,-0.006668548536965168,0.00789005721586794,0.8451837996249054
logs/muon_spectra/second_order_audit_20260926/step_spectrum/soaudit_mom4m4_20260927__PD_a0.5_b4M_lr0.02_mom0.9_s260925_ada__330.json,4,330,PD,16,relative_1e-3,0.0,0.20764430935444994,1,0.9994255182381391,0.2123729737815715,0.14844513195279188,-0.006668548536965168,0.00789005721586794,0.8451837996249054
logs/muon_spectra/second_order_audit_20260926/step_spectrum/soaudit_mom4m4_20260927__PD_a0.5_b4M_lr0.02_mom0.9_s260925_ada__330.json,4,330,PD,16,relative_1e-2,0.0,2.0764430935444995,2,0.9999163930873518,0.3745631061392119,0.33539707774555255,-0.011761347072414139,0.01782680306612471,0.6597563808153342
logs/muon_spectra/second_order_audit_20260926/step_spectrum/soaudit_mom4m4_20260927__PD_a0.5_b4M_lr0.02_mom0.9_s260925_ada__330.json,4,330,PD,16,absolute_1e-4,0.0,0.0001,0,0.0,-0.0,0.0,0.0,0.0,
logs/muon_spectra/second_order_audit_20260926/step_spectrum/soaudit_mom4m4_20260927__PD_a0.5_b4M_lr0.02_mom0.9_s260925_ada__330.json,4,330,PD,16,absolute_1e-3,0.0,0.001,1,0.9994255182381391,0.2123729737815715,0.14844513195279188,-0.006668548536965168,0.00789005721586794,0.8451837996249054
logs/muon_spectra/second_order_audit_20260926/step_spectrum/soaudit_mom4m4_20260927__PD_a0.5_b4M_lr0.02_mom0.9_s260925_ada__330.json,4,330,PD,16,absolute_1e-2,0.0,0.01,1,0.9994255182381391,0.2123729737815715,0.14844513195279188,-0.006668548536965168,0.00789005721586794,0.8451837996249054
logs/muon_spectra/second_order_audit_20260926/step_spectrum/soaudit_mom4m4_20260927__PD_a0.5_b4M_lr0.02_mom0.9_s260925_ada__330.json,4,330,PD,16,shared_muon_relative_1e-4,0.0,0.0005461575152425876,1,0.9994255182381391,0.2123729737815715,0.14844513195279188,-0.006668548536965168,0.00789005721586794,0.8451837996249054
logs/muon_spectra/second_order_audit_20260926/step_spectrum/soaudit_mom4m4_20260927__PD_a0.5_b4M_lr0.02_mom0.9_s260925_ada__330.json,4,330,PD,16,band_0.0001_0.001,0.020764430935444996,0.20764430935444994,0,0.0,-0.0,0.0,0.0,0.0,
logs/muon_spectra/second_order_audit_20260926/step_spectrum/soaudit_mom4m4_20260927__PD_a0.5_b4M_lr0.02_mom0.9_s260925_ada__330.json,4,330,PD,16,band_0.001_0.01,0.20764430935444994,2.0764430935444995,1,0.0004908748492127017,0.16219013235764043,0.18695194579276064,-0.0050927985354489716,0.009936745850256768,0.5125217664007551
logs/muon_spectra/second_order_audit_20260926/step_spectrum/soaudit_mom4m4_20260927__PD_a0.5_b4M_lr0.02_mom0.9_s260925_ada__330.json,4,330,PD,16,band_0.01_0.1,2.0764430935444995,20.764430935444995,2,6.167658273828468e-05,0.12145875767337183,0.1452960028308323,-0.0038138262433402613,0.007722676793043979,0.49384770922634963
logs/muon_spectra/second_order_audit_20260926/step_spectrum/soaudit_mom4m4_20260927__PD_a0.5_b4M_lr0.02_mom0.9_s260925_ada__330.json,4,330,PD,16,band_0.1_inf,20.764430935444995,inf,12,2.193032990989852e-05,0.5039781361874163,0.5193069194236152,-0.015825001660482743,0.027601857015772516,0.5733310498434895
logs/muon_spectra/second_order_audit_20260926/step_spectrum/soaudit_mom4m4_20260927__PD_a0.5_b4M_lr0.02_mom0.9_s260925_ada__330.json,4,330,PD,24,relative_1e-4,0.0,0.020764430935444996,1,0.9988816786460554,0.18872457217989186,0.10295675361726966,-0.0059259845887641,0.005472289095061822,1.082907808016154
logs/muon_spectra/second_order_audit_20260926/step_spectrum/soaudit_mom4m4_20260927__PD_a0.5_b4M_lr0.02_mom0.9_s260925_ada__330.json,4,330,PD,24,relative_1e-3,0.0,0.20764430935444994,1,0.9988816786460554,0.18872457217989186,0.10295675361726966,-0.0059259845887641,0.005472289095061822,1.082907808016154
logs/muon_spectra/second_order_audit_20260926/step_spectrum/soaudit_mom4m4_20260927__PD_a0.5_b4M_lr0.02_mom0.9_s260925_ada__330.json,4,330,PD,24,relative_1e-2,0.0,2.0764430935444995,2,0.9998086887504679,0.3060797083682244,0.2633221473283159,-0.009610956399437882,0.013995924159280217,0.6866968047311964
logs/muon_spectra/second_order_audit_20260926/step_spectrum/soaudit_mom4m4_20260927__PD_a0.5_b4M_lr0.02_mom0.9_s260925_ada__330.json,4,330,PD,24,absolute_1e-4,0.0,0.0001,0,0.0,-0.0,0.0,0.0,0.0,
logs/muon_spectra/second_order_audit_20260926/step_spectrum/soaudit_mom4m4_20260927__PD_a0.5_b4M_lr0.02_mom0.9_s260925_ada__330.json,4,330,PD,24,absolute_1e-3,0.0,0.001,1,0.9988816786460554,0.18872457217989186,0.10295675361726966,-0.0059259845887641,0.005472289095061822,1.082907808016154
logs/muon_spectra/second_order_audit_20260926/step_spectrum/soaudit_mom4m4_20260927__PD_a0.5_b4M_lr0.02_mom0.9_s260925_ada__330.json,4,330,PD,24,absolute_1e-2,0.0,0.01,1,0.9988816786460554,0.18872457217989186,0.10295675361726966,-0.0059259845887641,0.005472289095061822,1.082907808016154
logs/muon_spectra/second_order_audit_20260926/step_spectrum/soaudit_mom4m4_20260927__PD_a0.5_b4M_lr0.02_mom0.9_s260925_ada__330.json,4,330,PD,24,shared_muon_relative_1e-4,0.0,0.0005461575152425876,1,0.9988816786460554,0.18872457217989186,0.10295675361726966,-0.0059259845887641,0.005472289095061822,1.082907808016154
logs/muon_spectra/second_order_audit_20260926/step_spectrum/soaudit_mom4m4_20260927__PD_a0.5_b4M_lr0.02_mom0.9_s260925_ada__330.json,4,330,PD,24,band_0.0001_0.001,0.020764430935444996,0.20764430935444994,0,0.0,-0.0,0.0,0.0,0.0,
logs/muon_spectra/second_order_audit_20260926/step_spectrum/soaudit_mom4m4_20260927__PD_a0.5_b4M_lr0.02_mom0.9_s260925_ada__330.json,4,330,PD,24,band_0.001_0.01,0.20764430935444994,2.0764430935444995,1,0.0009270101044124988,0.11735513618833253,0.1603653937110462,-0.003684971810673781,0.008523635064218394,0.432323977142455
logs/muon_spectra/second_order_audit_20260926/step_spectrum/soaudit_mom4m4_20260927__PD_a0.5_b4M_lr0.02_mom0.9_s260925_ada__330.json,4,330,PD,24,band_0.01_0.1,2.0764430935444995,20.764430935444995,4,0.00017044178016848715,0.19523783832022668,0.22477267619241628,-0.006130502285237415,0.011946968232585196,0.5131429301466252
logs/muon_spectra/second_order_audit_20260926/step_spectrum/soaudit_mom4m4_20260927__PD_a0.5_b4M_lr0.02_mom0.9_s260925_ada__330.json,4,330,PD,24,band_0.1_inf,20.764430935444995,inf,18,2.0869469363568167e-05,0.498682453311549,0.5119051764792678,-0.015658716291561847,0.027208444483075793,0.5755094269097922
logs/muon_spectra/second_order_audit_20260926/step_spectrum/soaudit_mom4m4_20260927__PD_a0.5_b4M_lr0.02_mom0.9_s260925_ada__330.json,4,330,PD,32,relative_1e-4,0.0,0.020764430935444996,1,0.9982642377737496,0.16798846564062922,0.07715764772947087,-0.005274867215105348,0.004101032126947146,1.286229186171243
logs/muon_spectra/second_order_audit_20260926/step_spectrum/soaudit_mom4m4_20260927__PD_a0.5_b4M_lr0.02_mom0.9_s260925_ada__330.json,4,330,PD,32,relative_1e-3,0.0,0.20764430935444994,1,0.9982642377737496,0.16798846564062922,0.07715764772947087,-0.005274867215105348,0.004101032126947146,1.286229186171243
logs/muon_spectra/second_order_audit_20260926/step_spectrum/soaudit_mom4m4_20260927__PD_a0.5_b4M_lr0.02_mom0.9_s260925_ada__330.json,4,330,PD,32,relative_1e-2,0.0,2.0764430935444995,3,0.999873985094391,0.3416090553525925,0.3033306416734346,-0.010726584111538463,0.01612242912007679,0.66532059354387
logs/muon_spectra/second_order_audit_20260926/step_spectrum/soaudit_mom4m4_20260927__PD_a0.5_b4M_lr0.02_mom0.9_s260925_ada__330.json,4,330,PD,32,absolute_1e-4,0.0,0.0001,0,0.0,-0.0,0.0,0.0,0.0,
logs/muon_spectra/second_order_audit_20260926/step_spectrum/soaudit_mom4m4_20260927__PD_a0.5_b4M_lr0.02_mom0.9_s260925_ada__330.json,4,330,PD,32,absolute_1e-3,0.0,0.001,1,0.9982642377737496,0.16798846564062922,0.07715764772947087,-0.005274867215105348,0.004101032126947146,1.286229186171243
logs/muon_spectra/second_order_audit_20260926/step_spectrum/soaudit_mom4m4_20260927__PD_a0.5_b4M_lr0.02_mom0.9_s260925_ada__330.json,4,330,PD,32,absolute_1e-2,0.0,0.01,1,0.9982642377737496,0.16798846564062922,0.07715764772947087,-0.005274867215105348,0.004101032126947146,1.286229186171243
logs/muon_spectra/second_order_audit_20260926/step_spectrum/soaudit_mom4m4_20260927__PD_a0.5_b4M_lr0.02_mom0.9_s260925_ada__330.json,4,330,PD,32,shared_muon_relative_1e-4,0.0,0.0005461575152425876,1,0.9982642377737496,0.16798846564062922,0.07715764772947087,-0.005274867215105348,0.004101032126947146,1.286229186171243
logs/muon_spectra/second_order_audit_20260926/step_spectrum/soaudit_mom4m4_20260927__PD_a0.5_b4M_lr0.02_mom0.9_s260925_ada__330.json,4,330,PD,32,band_0.0001_0.001,0.020764430935444996,0.20764430935444994,0,0.0,-0.0,0.0,0.0,0.0,
logs/muon_spectra/second_order_audit_20260926/step_spectrum/soaudit_mom4m4_20260927__PD_a0.5_b4M_lr0.02_mom0.9_s260925_ada__330.json,4,330,PD,32,band_0.001_0.01,0.20764430935444994,2.0764430935444995,2,0.0016097473206413023,0.17362058971196329,0.22617299394396373,-0.005451716896433115,0.012021396993129645,0.45350111135576243
logs/muon_spectra/second_order_audit_20260926/step_spectrum/soaudit_mom4m4_20260927__PD_a0.5_b4M_lr0.02_mom0.9_s260925_ada__330.json,4,330,PD,32,band_0.01_0.1,2.0764430935444995,20.764430935444995,5,0.00010524879378327253,0.16075272131808707,0.1856786864193427,-0.005047663577294211,0.009869070412371048,0.5114629206583509
logs/muon_spectra/second_order_audit_20260926/step_spectrum/soaudit_mom4m4_20260927__PD_a0.5_b4M_lr0.02_mom0.9_s260925_ada__330.json,4,330,PD,32,band_0.1_inf,20.764430935444995,inf,24,2.0766111825824236e-05,0.49763822332932056,0.5109906719072227,-0.01562592728740441,0.02715983734249333,0.5753321380521168
logs/muon_spectra/second_order_audit_20260926/step_spectrum/soaudit_mom4m4_20260927__PD_a0.5_b4M_lr0.02_mom0.9_s260925_ada__330.json,4,330,PD,40,relative_1e-4,0.0,0.020764430935444996,1,0.9975828553454312,0.15700746266124402,0.060390069700014974,-0.004930061800138081,0.003209812938526675,1.5359343035114723
logs/muon_spectra/second_order_audit_20260926/step_spectrum/soaudit_mom4m4_20260927__PD_a0.5_b4M_lr0.02_mom0.9_s260925_ada__330.json,4,330,PD,40,relative_1e-3,0.0,0.20764430935444994,1,0.9975828553454312,0.15700746266124402,0.060390069700014974,-0.004930061800138081,0.003209812938526675,1.5359343035114723
logs/muon_spectra/second_order_audit_20260926/step_spectrum/soaudit_mom4m4_20260927__PD_a0.5_b4M_lr0.02_mom0.9_s260925_ada__330.json,4,330,PD,40,relative_1e-2,0.0,2.0764430935444995,3,0.9997933369260357,0.306031024154038,0.2603535705488281,-0.009609427706593846,0.01383814033483453,0.6944161190795404
logs/muon_spectra/second_order_audit_20260926/step_spectrum/soaudit_mom4m4_20260927__PD_a0.5_b4M_lr0.02_mom0.9_s260925_ada__330.json,4,330,PD,40,absolute_1e-4,0.0,0.0001,0,0.0,-0.0,0.0,0.0,0.0,
logs/muon_spectra/second_order_audit_20260926/step_spectrum/soaudit_mom4m4_20260927__PD_a0.5_b4M_lr0.02_mom0.9_s260925_ada__330.json,4,330,PD,40,absolute_1e-3,0.0,0.001,1,0.9975828553454312,0.15700746266124402,0.060390069700014974,-0.004930061800138081,0.003209812938526675,1.5359343035114723
logs/muon_spectra/second_order_audit_20260926/step_spectrum/soaudit_mom4m4_20260927__PD_a0.5_b4M_lr0.02_mom0.9_s260925_ada__330.json,4,330,PD,40,absolute_1e-2,0.0,0.01,1,0.9975828553454312,0.15700746266124402,0.060390069700014974,-0.004930061800138081,0.003209812938526675,1.5359343035114723
logs/muon_spectra/second_order_audit_20260926/step_spectrum/soaudit_mom4m4_20260927__PD_a0.5_b4M_lr0.02_mom0.9_s260925_ada__330.json,4,330,PD,40,shared_muon_relative_1e-4,0.0,0.0005461575152425876,1,0.9975828553454312,0.15700746266124402,0.060390069700014974,-0.004930061800138081,0.003209812938526675,1.5359343035114723
logs/muon_spectra/second_order_audit_20260926/step_spectrum/soaudit_mom4m4_20260927__PD_a0.5_b4M_lr0.02_mom0.9_s260925_ada__330.json,4,330,PD,40,band_0.0001_0.001,0.020764430935444996,0.20764430935444994,0,0.0,-0.0,0.0,0.0,0.0,
logs/muon_spectra/second_order_audit_20260926/step_spectrum/soaudit_mom4m4_20260927__PD_a0.5_b4M_lr0.02_mom0.9_s260925_ada__330.json,4,330,PD,40,band_0.001_0.01,0.20764430935444994,2.0764430935444995,2,0.0022104815806045348,0.14902356149279394,0.1999635008488131,-0.004679365906455764,0.010628327396307855,0.44027302998600854
logs/muon_spectra/second_order_audit_20260926/step_spectrum/soaudit_mom4m4_20260927__PD_a0.5_b4M_lr0.02_mom0.9_s260925_ada__330.json,4,330,PD,40,band_0.01_0.1,2.0764430935444995,20.764430935444995,7,0.00018557537323696458,0.19460155195157727,0.22671641811773022,-0.006110522781926827,0.0120502807144555,0.5070855133355237
logs/muon_spectra/second_order_audit_20260926/step_spectrum/soaudit_mom4m4_20260927__PD_a0.5_b4M_lr0.02_mom0.9_s260925_ada__330.json,4,330,PD,40,band_0.1_inf,20.764430935444995,inf,30,2.108770072741968e-05,0.4993674238943848,0.5129300113334417,-0.015680224487716464,0.027262915825651168,0.5751484759734773
logs/muon_spectra/second_order_audit_20260926/step_spectrum/soaudit_mom4m4_20260927__PD_a0.5_b4M_lr0.02_mom0.9_s260925_ada__330.json,4,330,PD,48,relative_1e-4,0.0,0.020764430935444996,1,0.996900707363229,0.13961762600058455,0.04940283905524055,-0.004384017886185191,0.0026258269412035924,1.6695760933032782
logs/muon_spectra/second_order_audit_20260926/step_spectrum/soaudit_mom4m4_20260927__PD_a0.5_b4M_lr0.02_mom0.9_s260925_ada__330.json,4,330,PD,48,relative_1e-3,0.0,0.20764430935444994,2,0.9992500174111919,0.22917163188954684,0.14996530236000696,-0.007196029340921577,0.007970856305289145,0.9027925062639226
logs/muon_spectra/second_order_audit_20260926/step_spectrum/soaudit_mom4m4_20260927__PD_a0.5_b4M_lr0.02_mom0.9_s260925_ada__330.json,4,330,PD,48,relative_1e-2,0.0,2.0764430935444995,4,0.9998444516538166,0.33230123296686265,0.2861986022515108,-0.010434316859978827,0.015211838321407354,0.6859339837509839
logs/muon_spectra/second_order_audit_20260926/step_spectrum/soaudit_mom4m4_20260927__PD_a0.5_b4M_lr0.02_mom0.9_s260925_ada__330.json,4,330,PD,48,absolute_1e-4,0.0,0.0001,0,0.0,-0.0,0.0,0.0,0.0,
logs/muon_spectra/second_order_audit_20260926/step_spectrum/soaudit_mom4m4_20260927__PD_a0.5_b4M_lr0.02_mom0.9_s260925_ada__330.json,4,330,PD,48,absolute_1e-3,0.0,0.001,1,0.996900707363229,0.13961762600058455,0.04940283905524055,-0.004384017886185191,0.0026258269412035924,1.6695760933032782
logs/muon_spectra/second_order_audit_20260926/step_spectrum/soaudit_mom4m4_20260927__PD_a0.5_b4M_lr0.02_mom0.9_s260925_ada__330.json,4,330,PD,48,absolute_1e-2,0.0,0.01,1,0.996900707363229,0.13961762600058455,0.04940283905524055,-0.004384017886185191,0.0026258269412035924,1.6695760933032782
logs/muon_spectra/second_order_audit_20260926/step_spectrum/soaudit_mom4m4_20260927__PD_a0.5_b4M_lr0.02_mom0.9_s260925_ada__330.json,4,330,PD,48,shared_muon_relative_1e-4,0.0,0.0005461575152425876,1,0.996900707363229,0.13961762600058455,0.04940283905524055,-0.004384017886185191,0.0026258269412035924,1.6695760933032782
logs/muon_spectra/second_order_audit_20260926/step_spectrum/soaudit_mom4m4_20260927__PD_a0.5_b4M_lr0.02_mom0.9_s260925_ada__330.json,4,330,PD,48,band_0.0001_0.001,0.020764430935444996,0.20764430935444994,1,0.0023493100479629455,0.08955400588896227,0.10056246330476643,-0.0028120114547363862,0.005345029364085553,0.526098410914432
logs/muon_spectra/second_order_audit_20260926/step_spectrum/soaudit_mom4m4_20260927__PD_a0.5_b4M_lr0.02_mom0.9_s260925_ada__330.json,4,330,PD,48,band_0.001_0.01,0.20764430935444994,2.0764430935444995,2,0.0005944342426246414,0.10312960107731575,0.13623329989150382,-0.0032382875190572484,0.00724098201611821,0.4472166222549534
logs/muon_spectra/second_order_audit_20260926/step_spectrum/soaudit_mom4m4_20260927__PD_a0.5_b4M_lr0.02_mom0.9_s260925_ada__330.json,4,330,PD,48,band_0.01_0.1,2.0764430935444995,20.764430935444995,8,0.00013418799717443032,0.16689710994120152,0.19922032303086454,-0.0052405984551820144,0.010588826501748087,0.4949177752904777
logs/muon_spectra/second_order_audit_20260926/step_spectrum/soaudit_mom4m4_20260927__PD_a0.5_b4M_lr0.02_mom0.9_s260925_ada__330.json,4,330,PD,48,band_0.1_inf,20.764430935444995,inf,36,2.136034900908083e-05,0.500801657091936,0.5145810747176246,-0.0157252596610763,0.027350672051785752,0.5749496623447533
logs/muon_spectra/second_order_audit_20260926/step_spectrum/soaudit_mom4m4_20260927__PD_a0.5_b4M_lr0.02_mom0.9_s260925_ada__37.json,4,37,PD,8,relative_1e-4,0.0,0.015206066071037447,1,0.9998233266445938,0.3754232843698105,0.08253021222689585,-0.014780434844505997,0.005334622126281617,2.770662006534356
logs/muon_spectra/second_order_audit_20260926/step_spectrum/soaudit_mom4m4_20260927__PD_a0.5_b4M_lr0.02_mom0.9_s260925_ada__37.json,4,37,PD,8,relative_1e-3,0.0,0.15206066071037447,1,0.9998233266445938,0.3754232843698105,0.08253021222689585,-0.014780434844505997,0.005334622126281617,2.770662006534356
logs/muon_spectra/second_order_audit_20260926/step_spectrum/soaudit_mom4m4_20260927__PD_a0.5_b4M_lr0.02_mom0.9_s260925_ada__37.json,4,37,PD,8,relative_1e-2,0.0,1.5206066071037447,1,0.9998233266445938,0.3754232843698105,0.08253021222689585,-0.014780434844505997,0.005334622126281617,2.770662006534356
logs/muon_spectra/second_order_audit_20260926/step_spectrum/soaudit_mom4m4_20260927__PD_a0.5_b4M_lr0.02_mom0.9_s260925_ada__37.json,4,37,PD,8,absolute_1e-4,0.0,0.0001,0,0.0,-0.0,0.0,0.0,0.0,
logs/muon_spectra/second_order_audit_20260926/step_spectrum/soaudit_mom4m4_20260927__PD_a0.5_b4M_lr0.02_mom0.9_s260925_ada__37.json,4,37,PD,8,absolute_1e-3,0.0,0.001,1,0.9998233266445938,0.3754232843698105,0.08253021222689585,-0.014780434844505997,0.005334622126281617,2.770662006534356
logs/muon_spectra/second_order_audit_20260926/step_spectrum/soaudit_mom4m4_20260927__PD_a0.5_b4M_lr0.02_mom0.9_s260925_ada__37.json,4,37,PD,8,absolute_1e-2,0.0,0.01,1,0.9998233266445938,0.3754232843698105,0.08253021222689585,-0.014780434844505997,0.005334622126281617,2.770662006534356
logs/muon_spectra/second_order_audit_20260926/step_spectrum/soaudit_mom4m4_20260927__PD_a0.5_b4M_lr0.02_mom0.9_s260925_ada__37.json,4,37,PD,8,shared_muon_relative_1e-4,0.0,0.001267703560814719,1,0.9998233266445938,0.3754232843698105,0.08253021222689585,-0.014780434844505997,0.005334622126281617,2.770662006534356
logs/muon_spectra/second_order_audit_20260926/step_spectrum/soaudit_mom4m4_20260927__PD_a0.5_b4M_lr0.02_mom0.9_s260925_ada__37.json,4,37,PD,8,band_0.0001_0.001,0.015206066071037447,0.15206066071037447,0,0.0,-0.0,0.0,0.0,0.0,
logs/muon_spectra/second_order_audit_20260926/step_spectrum/soaudit_mom4m4_20260927__PD_a0.5_b4M_lr0.02_mom0.9_s260925_ada__37.json,4,37,PD,8,band_0.001_0.01,0.15206066071037447,1.5206066071037447,0,0.0,-0.0,0.0,0.0,0.0,
logs/muon_spectra/second_order_audit_20260926/step_spectrum/soaudit_mom4m4_20260927__PD_a0.5_b4M_lr0.02_mom0.9_s260925_ada__37.json,4,37,PD,8,band_0.01_0.1,1.5206066071037447,15.206066071037448,1,0.0001200152921853689,0.1322477218516213,0.10613913290376921,-0.005206599903475315,0.006860665343936544,0.7589059723014923
logs/muon_spectra/second_order_audit_20260926/step_spectrum/soaudit_mom4m4_20260927__PD_a0.5_b4M_lr0.02_mom0.9_s260925_ada__37.json,4,37,PD,8,band_0.1_inf,15.206066071037448,inf,6,5.665806322067474e-05,0.49232899377856826,0.8113306548693349,-0.019383018895112757,0.0524431277517787,0.36960074133746434
logs/muon_spectra/second_order_audit_20260926/step_spectrum/soaudit_mom4m4_20260927__PD_a0.5_b4M_lr0.02_mom0.9_s260925_ada__37.json,4,37,PD,16,relative_1e-4,0.0,0.015206066071037447,1,0.9995000186696039,0.2875113267248556,0.04166456118722839,-0.011319336356154716,0.002693131206062369,4.203039321171706
logs/muon_spectra/second_order_audit_20260926/step_spectrum/soaudit_mom4m4_20260927__PD_a0.5_b4M_lr0.02_mom0.9_s260925_ada__37.json,4,37,PD,16,relative_1e-3,0.0,0.15206066071037447,1,0.9995000186696039,0.2875113267248556,0.04166456118722839,-0.011319336356154716,0.002693131206062369,4.203039321171706
logs/muon_spectra/second_order_audit_20260926/step_spectrum/soaudit_mom4m4_20260927__PD_a0.5_b4M_lr0.02_mom0.9_s260925_ada__37.json,4,37,PD,16,relative_1e-2,0.0,1.5206066071037447,2,0.9998487568911688,0.40200159069392566,0.103884560432328,-0.01582682419022901,0.006714933352379458,2.3569592369253707
logs/muon_spectra/second_order_audit_20260926/step_spectrum/soaudit_mom4m4_20260927__PD_a0.5_b4M_lr0.02_mom0.9_s260925_ada__37.json,4,37,PD,16,absolute_1e-4,0.0,0.0001,0,0.0,-0.0,0.0,0.0,0.0,
logs/muon_spectra/second_order_audit_20260926/step_spectrum/soaudit_mom4m4_20260927__PD_a0.5_b4M_lr0.02_mom0.9_s260925_ada__37.json,4,37,PD,16,absolute_1e-3,0.0,0.001,1,0.9995000186696039,0.2875113267248556,0.04166456118722839,-0.011319336356154716,0.002693131206062369,4.203039321171706
logs/muon_spectra/second_order_audit_20260926/step_spectrum/soaudit_mom4m4_20260927__PD_a0.5_b4M_lr0.02_mom0.9_s260925_ada__37.json,4,37,PD,16,absolute_1e-2,0.0,0.01,1,0.9995000186696039,0.2875113267248556,0.04166456118722839,-0.011319336356154716,0.002693131206062369,4.203039321171706
logs/muon_spectra/second_order_audit_20260926/step_spectrum/soaudit_mom4m4_20260927__PD_a0.5_b4M_lr0.02_mom0.9_s260925_ada__37.json,4,37,PD,16,shared_muon_relative_1e-4,0.0,0.001267703560814719,1,0.9995000186696039,0.2875113267248556,0.04166456118722839,-0.011319336356154716,0.002693131206062369,4.203039321171706
logs/muon_spectra/second_order_audit_20260926/step_spectrum/soaudit_mom4m4_20260927__PD_a0.5_b4M_lr0.02_mom0.9_s260925_ada__37.json,4,37,PD,16,band_0.0001_0.001,0.015206066071037447,0.15206066071037447,0,0.0,-0.0,0.0,0.0,0.0,
logs/muon_spectra/second_order_audit_20260926/step_spectrum/soaudit_mom4m4_20260927__PD_a0.5_b4M_lr0.02_mom0.9_s260925_ada__37.json,4,37,PD,16,band_0.001_0.01,0.15206066071037447,1.5206066071037447,1,0.0003487382215650219,0.11449026396907015,0.06221999924509961,-0.004507487834074295,0.004021802146317089,1.1207631977127384
logs/muon_spectra/second_order_audit_20260926/step_spectrum/soaudit_mom4m4_20260927__PD_a0.5_b4M_lr0.02_mom0.9_s260925_ada__37.json,4,37,PD,16,band_0.01_0.1,1.5206066071037447,15.206066071037448,3,0.0001039494078365784,0.11675367832334194,0.11735179031593158,-0.004596598578618524,0.007585433749485913,0.6059770252334019
logs/muon_spectra/second_order_audit_20260926/step_spectrum/soaudit_mom4m4_20260927__PD_a0.5_b4M_lr0.02_mom0.9_s260925_ada__37.json,4,37,PD,16,band_0.1_inf,15.206066071037448,inf,11,4.729370099445947e-05,0.48124473098273235,0.7787636492517405,-0.01894663087424656,0.05033804812013164,0.3763878732252484
logs/muon_spectra/second_order_audit_20260926/step_spectrum/soaudit_mom4m4_20260927__PD_a0.5_b4M_lr0.02_mom0.9_s260925_ada__37.json,4,37,PD,24,relative_1e-4,0.0,0.015206066071037447,1,0.9990448171674041,0.2549814272680123,0.02641463452035888,-0.010038632469534348,0.001707400114064254,5.879484478678305
logs/muon_spectra/second_order_audit_20260926/step_spectrum/soaudit_mom4m4_20260927__PD_a0.5_b4M_lr0.02_mom0.9_s260925_ada__37.json,4,37,PD,24,relative_1e-3,0.0,0.15206066071037447,1,0.9990448171674041,0.2549814272680123,0.02641463452035888,-0.010038632469534348,0.001707400114064254,5.879484478678305
logs/muon_spectra/second_order_audit_20260926/step_spectrum/soaudit_mom4m4_20260927__PD_a0.5_b4M_lr0.02_mom0.9_s260925_ada__37.json,4,37,PD,24,relative_1e-2,0.0,1.5206066071037447,3,0.9998478282033486,0.39601618026156415,0.105289359671258,-0.015591178260431013,0.006805737348888965,2.2908874470414684
logs/muon_spectra/second_order_audit_20260926/step_spectrum/soaudit_mom4m4_20260927__PD_a0.5_b4M_lr0.02_mom0.9_s260925_ada__37.json,4,37,PD,24,absolute_1e-4,0.0,0.0001,0,0.0,-0.0,0.0,0.0,0.0,
logs/muon_spectra/second_order_audit_20260926/step_spectrum/soaudit_mom4m4_20260927__PD_a0.5_b4M_lr0.02_mom0.9_s260925_ada__37.json,4,37,PD,24,absolute_1e-3,0.0,0.001,1,0.9990448171674041,0.2549814272680123,0.02641463452035888,-0.010038632469534348,0.001707400114064254,5.879484478678305
logs/muon_spectra/second_order_audit_20260926/step_spectrum/soaudit_mom4m4_20260927__PD_a0.5_b4M_lr0.02_mom0.9_s260925_ada__37.json,4,37,PD,24,absolute_1e-2,0.0,0.01,1,0.9990448171674041,0.2549814272680123,0.02641463452035888,-0.010038632469534348,0.001707400114064254,5.879484478678305
logs/muon_spectra/second_order_audit_20260926/step_spectrum/soaudit_mom4m4_20260927__PD_a0.5_b4M_lr0.02_mom0.9_s260925_ada__37.json,4,37,PD,24,shared_muon_relative_1e-4,0.0,0.001267703560814719,1,0.9990448171674041,0.2549814272680123,0.02641463452035888,-0.010038632469534348,0.001707400114064254,5.879484478678305
logs/muon_spectra/second_order_audit_20260926/step_spectrum/soaudit_mom4m4_20260927__PD_a0.5_b4M_lr0.02_mom0.9_s260925_ada__37.json,4,37,PD,24,band_0.0001_0.001,0.015206066071037447,0.15206066071037447,0,0.0,-0.0,0.0,0.0,0.0,
logs/muon_spectra/second_order_audit_20260926/step_spectrum/soaudit_mom4m4_20260927__PD_a0.5_b4M_lr0.02_mom0.9_s260925_ada__37.json,4,37,PD,24,band_0.001_0.01,0.15206066071037447,1.5206066071037447,2,0.0008030110359444542,0.14103475299355184,0.07887472515089912,-0.005552545790896665,0.0050983372348247106,1.0890895472683597
logs/muon_spectra/second_order_audit_20260926/step_spectrum/soaudit_mom4m4_20260927__PD_a0.5_b4M_lr0.02_mom0.9_s260925_ada__37.json,4,37,PD,24,band_0.01_0.1,1.5206066071037447,15.206066071037448,4,9.967050653884749e-05,0.12166427327236294,0.09838620675552257,-0.004789928965180991,0.0063595284843807175,0.7531893247974701
logs/muon_spectra/second_order_audit_20260926/step_spectrum/soaudit_mom4m4_20260927__PD_a0.5_b4M_lr0.02_mom0.9_s260925_ada__37.json,4,37,PD,24,band_0.1_inf,15.206066071037448,inf,17,5.2501290112510964e-05,0.48231954646607283,0.7963244335732194,-0.018988946417482114,0.05147314938872735,0.3689097450415712
logs/muon_spectra/second_order_audit_20260926/step_spectrum/soaudit_mom4m4_20260927__PD_a0.5_b4M_lr0.02_mom0.9_s260925_ada__37.json,4,37,PD,32,relative_1e-4,0.0,0.015206066071037447,1,0.9984202359663917,0.23391158128981443,0.017842986963456996,-0.009209111503120959,0.0011533424001446124,7.984715988908644
logs/muon_spectra/second_order_audit_20260926/step_spectrum/soaudit_mom4m4_20260927__PD_a0.5_b4M_lr0.02_mom0.9_s260925_ada__37.json,4,37,PD,32,relative_1e-3,0.0,0.15206066071037447,2,0.9995454499876475,0.3097773788805508,0.05117291551095685,-0.012195952023944369,0.0033077361609173987,3.6870994029227013
logs/muon_spectra/second_order_audit_20260926/step_spectrum/soaudit_mom4m4_20260927__PD_a0.5_b4M_lr0.02_mom0.9_s260925_ada__37.json,4,37,PD,32,relative_1e-2,0.0,1.5206066071037447,4,0.9998352214761739,0.38691252341825344,0.10057105844582584,-0.015232766802161537,0.006500753835137017,2.343230829604314
logs/muon_spectra/second_order_audit_20260926/step_spectrum/soaudit_mom4m4_20260927__PD_a0.5_b4M_lr0.02_mom0.9_s260925_ada__37.json,4,37,PD,32,absolute_1e-4,0.0,0.0001,1,0.9984202359663917,0.23391158128981443,0.017842986963456996,-0.009209111503120959,0.0011533424001446124,7.984715988908644
logs/muon_spectra/second_order_audit_20260926/step_spectrum/soaudit_mom4m4_20260927__PD_a0.5_b4M_lr0.02_mom0.9_s260925_ada__37.json,4,37,PD,32,absolute_1e-3,0.0,0.001,1,0.9984202359663917,0.23391158128981443,0.017842986963456996,-0.009209111503120959,0.0011533424001446124,7.984715988908644
logs/muon_spectra/second_order_audit_20260926/step_spectrum/soaudit_mom4m4_20260927__PD_a0.5_b4M_lr0.02_mom0.9_s260925_ada__37.json,4,37,PD,32,absolute_1e-2,0.0,0.01,1,0.9984202359663917,0.23391158128981443,0.017842986963456996,-0.009209111503120959,0.0011533424001446124,7.984715988908644
logs/muon_spectra/second_order_audit_20260926/step_spectrum/soaudit_mom4m4_20260927__PD_a0.5_b4M_lr0.02_mom0.9_s260925_ada__37.json,4,37,PD,32,shared_muon_relative_1e-4,0.0,0.001267703560814719,1,0.9984202359663917,0.23391158128981443,0.017842986963456996,-0.009209111503120959,0.0011533424001446124,7.984715988908644
logs/muon_spectra/second_order_audit_20260926/step_spectrum/soaudit_mom4m4_20260927__PD_a0.5_b4M_lr0.02_mom0.9_s260925_ada__37.json,4,37,PD,32,band_0.0001_0.001,0.015206066071037447,0.15206066071037447,1,0.0011252140212557084,0.07586579759073636,0.03332992854749986,-0.0029868405208234093,0.0021543937607727865,1.3863948992091502
logs/muon_spectra/second_order_audit_20260926/step_spectrum/soaudit_mom4m4_20260927__PD_a0.5_b4M_lr0.02_mom0.9_s260925_ada__37.json,4,37,PD,32,band_0.001_0.01,0.15206066071037447,1.5206066071037447,2,0.0002897714885263977,0.07713514453770258,0.04939814293486897,-0.003036814778217167,0.0031930176742196175,0.9510798523717452
logs/muon_spectra/second_order_audit_20260926/step_spectrum/soaudit_mom4m4_20260927__PD_a0.5_b4M_lr0.02_mom0.9_s260925_ada__37.json,4,37,PD,32,band_0.01_0.1,1.5206066071037447,15.206066071037448,7,0.00011356756542490035,0.13259622784003605,0.10724573743734567,-0.005220320602934146,0.006932194507264415,0.7530545482334122
logs/muon_spectra/second_order_audit_20260926/step_spectrum/soaudit_mom4m4_20260927__PD_a0.5_b4M_lr0.02_mom0.9_s260925_ada__37.json,4,37,PD,32,band_0.1_inf,15.206066071037448,inf,21,5.121095840123567e-05,0.48049124874171073,0.7921832041168287,-0.01891696623799842,0.05120546687959556,0.36943255067822617
logs/muon_spectra/second_order_audit_20260926/step_spectrum/soaudit_mom4m4_20260927__PD_a0.5_b4M_lr0.02_mom0.9_s260925_ada__37.json,4,37,PD,40,relative_1e-4,0.0,0.015206066071037447,1,0.9977495020492433,0.20998164006436548,0.013127390115705604,-0.008266988433398953,0.0008485336930801185,9.742675512848946
logs/muon_spectra/second_order_audit_20260926/step_spectrum/soaudit_mom4m4_20260927__PD_a0.5_b4M_lr0.02_mom0.9_s260925_ada__37.json,4,37,PD,40,relative_1e-3,0.0,0.15206066071037447,2,0.999345563797148,0.2943288345592502,0.04021532172601516,-0.011587742005307058,0.0025994546640123665,4.457758839087002
logs/muon_spectra/second_order_audit_20260926/step_spectrum/soaudit_mom4m4_20260927__PD_a0.5_b4M_lr0.02_mom0.9_s260925_ada__37.json,4,37,PD,40,relative_1e-2,0.0,1.5206066071037447,5,0.9998266780961775,0.3829416297542252,0.09750264695808154,-0.015076432505597738,0.006302416579320261,2.392166927693597
logs/muon_spectra/second_order_audit_20260926/step_spectrum/soaudit_mom4m4_20260927__PD_a0.5_b4M_lr0.02_mom0.9_s260925_ada__37.json,4,37,PD,40,absolute_1e-4,0.0,0.0001,1,0.9977495020492433,0.20998164006436548,0.013127390115705604,-0.008266988433398953,0.0008485336930801185,9.742675512848946
logs/muon_spectra/second_order_audit_20260926/step_spectrum/soaudit_mom4m4_20260927__PD_a0.5_b4M_lr0.02_mom0.9_s260925_ada__37.json,4,37,PD,40,absolute_1e-3,0.0,0.001,1,0.9977495020492433,0.20998164006436548,0.013127390115705604,-0.008266988433398953,0.0008485336930801185,9.742675512848946
logs/muon_spectra/second_order_audit_20260926/step_spectrum/soaudit_mom4m4_20260927__PD_a0.5_b4M_lr0.02_mom0.9_s260925_ada__37.json,4,37,PD,40,absolute_1e-2,0.0,0.01,1,0.9977495020492433,0.20998164006436548,0.013127390115705604,-0.008266988433398953,0.0008485336930801185,9.742675512848946
logs/muon_spectra/second_order_audit_20260926/step_spectrum/soaudit_mom4m4_20260927__PD_a0.5_b4M_lr0.02_mom0.9_s260925_ada__37.json,4,37,PD,40,shared_muon_relative_1e-4,0.0,0.001267703560814719,1,0.9977495020492433,0.20998164006436548,0.013127390115705604,-0.008266988433398953,0.0008485336930801185,9.742675512848946
logs/muon_spectra/second_order_audit_20260926/step_spectrum/soaudit_mom4m4_20260927__PD_a0.5_b4M_lr0.02_mom0.9_s260925_ada__37.json,4,37,PD,40,band_0.0001_0.001,0.015206066071037447,0.15206066071037447,1,0.0015960617479046652,0.0843471944948847,0.02708793161030956,-0.003320753571908105,0.001750920970932248,1.89657536064579
logs/muon_spectra/second_order_audit_20260926/step_spectrum/soaudit_mom4m4_20260927__PD_a0.5_b4M_lr0.02_mom0.9_s260925_ada__37.json,4,37,PD,40,band_0.001_0.01,0.15206066071037447,1.5206066071037447,3,0.0004811142990296161,0.08861279519497502,0.05728732523206637,-0.0034886905002906804,0.003702961915307894,0.942135128603018
logs/muon_spectra/second_order_audit_20260926/step_spectrum/soaudit_mom4m4_20260927__PD_a0.5_b4M_lr0.02_mom0.9_s260925_ada__37.json,4,37,PD,40,band_0.01_0.1,1.5206066071037447,15.206066071037448,10,0.00012307106471785674,0.13440984940107856,0.1136649702571382,-0.005291722981080667,0.007347123543676843,0.7202441812258464
logs/muon_spectra/second_order_audit_20260926/step_spectrum/soaudit_mom4m4_20260927__PD_a0.5_b4M_lr0.02_mom0.9_s260925_ada__37.json,4,37,PD,40,band_0.1_inf,15.206066071037448,inf,25,5.025083910457444e-05,0.4826485208446963,0.7888323827847803,-0.01900189815641573,0.050988875098999936,0.37266753030973265
logs/muon_spectra/second_order_audit_20260926/step_spectrum/soaudit_mom4m4_20260927__PD_a0.5_b4M_lr0.02_mom0.9_s260925_ada__37.json,4,37,PD,48,relative_1e-4,0.0,0.015206066071037447,1,0.9970028334485209,0.19033472470302804,0.01001590851403276,-0.00749348832170176,0.0006474124533555839,11.574519895103172
logs/muon_spectra/second_order_audit_20260926/step_spectrum/soaudit_mom4m4_20260927__PD_a0.5_b4M_lr0.02_mom0.9_s260925_ada__37.json,4,37,PD,48,relative_1e-3,0.0,0.15206066071037447,2,0.9990962139836923,0.28007457284316184,0.03222074500603484,-0.011026550956901946,0.002082697894462164,5.294359295326143
logs/muon_spectra/second_order_audit_20260926/step_spectrum/soaudit_mom4m4_20260927__PD_a0.5_b4M_lr0.02_mom0.9_s260925_ada__37.json,4,37,PD,48,relative_1e-2,0.0,1.5206066071037447,6,0.9998175843061898,0.3781356705098154,0.09438853073505868,-0.014887221632338786,0.006101125041846943,2.4400781053050014
logs/muon_spectra/second_order_audit_20260926/step_spectrum/soaudit_mom4m4_20260927__PD_a0.5_b4M_lr0.02_mom0.9_s260925_ada__37.json,4,37,PD,48,absolute_1e-4,0.0,0.0001,1,0.9970028334485209,0.19033472470302804,0.01001590851403276,-0.00749348832170176,0.0006474124533555839,11.574519895103172
logs/muon_spectra/second_order_audit_20260926/step_spectrum/soaudit_mom4m4_20260927__PD_a0.5_b4M_lr0.02_mom0.9_s260925_ada__37.json,4,37,PD,48,absolute_1e-3,0.0,0.001,1,0.9970028334485209,0.19033472470302804,0.01001590851403276,-0.00749348832170176,0.0006474124533555839,11.574519895103172
logs/muon_spectra/second_order_audit_20260926/step_spectrum/soaudit_mom4m4_20260927__PD_a0.5_b4M_lr0.02_mom0.9_s260925_ada__37.json,4,37,PD,48,absolute_1e-2,0.0,0.01,1,0.9970028334485209,0.19033472470302804,0.01001590851403276,-0.00749348832170176,0.0006474124533555839,11.574519895103172
logs/muon_spectra/second_order_audit_20260926/step_spectrum/soaudit_mom4m4_20260927__PD_a0.5_b4M_lr0.02_mom0.9_s260925_ada__37.json,4,37,PD,48,shared_muon_relative_1e-4,0.0,0.001267703560814719,1,0.9970028334485209,0.19033472470302804,0.01001590851403276,-0.00749348832170176,0.0006474124533555839,11.574519895103172
logs/muon_spectra/second_order_audit_20260926/step_spectrum/soaudit_mom4m4_20260927__PD_a0.5_b4M_lr0.02_mom0.9_s260925_ada__37.json,4,37,PD,48,band_0.0001_0.001,0.015206066071037447,0.15206066071037447,1,0.0020933805351714433,0.0897398481401338,0.02220483649200208,-0.003533062635200186,0.0014352854411065804,2.461574913263424
logs/muon_spectra/second_order_audit_20260926/step_spectrum/soaudit_mom4m4_20260927__PD_a0.5_b4M_lr0.02_mom0.9_s260925_ada__37.json,4,37,PD,48,band_0.001_0.01,0.15206066071037447,1.5206066071037447,4,0.0007213703224974927,0.09806109766665355,0.06216778572902385,-0.0038606706754368393,0.0040184271473847795,0.9607417364650721
logs/muon_spectra/second_order_audit_20260926/step_spectrum/soaudit_mom4m4_20260927__PD_a0.5_b4M_lr0.02_mom0.9_s260925_ada__37.json,4,37,PD,48,band_0.01_0.1,1.5206066071037447,15.206066071037448,13,0.00013112245705536123,0.13950132016675504,0.1132031856864167,-0.00549217445824759,0.007317274520851423,0.7505765217085953
logs/muon_spectra/second_order_audit_20260926/step_spectrum/soaudit_mom4m4_20260927__PD_a0.5_b4M_lr0.02_mom0.9_s260925_ada__37.json,4,37,PD,48,band_0.1_inf,15.206066071037448,inf,29,5.129323675490448e-05,0.4823630093234296,0.7924082835785247,-0.01899065755250772,0.051220015659298575,0.37076633632500894
logs/muon_spectra/second_order_audit_20260926/step_spectrum/soaudit_mom4m_20260927__M_b4M_lr0.014_mom0.9_s260925_l40s__183.json,4,183,M,8,relative_1e-4,0.0,0.0007556866429365307,0,0.0,-0.0,0.0,0.0,0.0,
logs/muon_spectra/second_order_audit_20260926/step_spectrum/soaudit_mom4m_20260927__M_b4M_lr0.014_mom0.9_s260925_l40s__183.json,4,183,M,8,relative_1e-3,0.0,0.007556866429365307,1,0.981900847767662,0.10173463056056725,0.04329492246286678,-0.010061802188332006,0.008035315524313514,1.2521975220371477
logs/muon_spectra/second_order_audit_20260926/step_spectrum/soaudit_mom4m_20260927__M_b4M_lr0.014_mom0.9_s260925_l40s__183.json,4,183,M,8,relative_1e-2,0.0,0.07556866429365307,1,0.981900847767662,0.10173463056056725,0.04329492246286678,-0.010061802188332006,0.008035315524313514,1.2521975220371477
logs/muon_spectra/second_order_audit_20260926/step_spectrum/soaudit_mom4m_20260927__M_b4M_lr0.014_mom0.9_s260925_l40s__183.json,4,183,M,8,absolute_1e-4,0.0,0.0001,0,0.0,-0.0,0.0,0.0,0.0,
logs/muon_spectra/second_order_audit_20260926/step_spectrum/soaudit_mom4m_20260927__M_b4M_lr0.014_mom0.9_s260925_l40s__183.json,4,183,M,8,absolute_1e-3,0.0,0.001,0,0.0,-0.0,0.0,0.0,0.0,
logs/muon_spectra/second_order_audit_20260926/step_spectrum/soaudit_mom4m_20260927__M_b4M_lr0.014_mom0.9_s260925_l40s__183.json,4,183,M,8,absolute_1e-2,0.0,0.01,1,0.981900847767662,0.10173463056056725,0.04329492246286678,-0.010061802188332006,0.008035315524313514,1.2521975220371477
logs/muon_spectra/second_order_audit_20260926/step_spectrum/soaudit_mom4m_20260927__M_b4M_lr0.014_mom0.9_s260925_l40s__183.json,4,183,M,8,shared_muon_relative_1e-4,0.0,0.0007556866429365307,0,0.0,-0.0,0.0,0.0,0.0,
logs/muon_spectra/second_order_audit_20260926/step_spectrum/soaudit_mom4m_20260927__M_b4M_lr0.014_mom0.9_s260925_l40s__183.json,4,183,M,8,band_0.0001_0.001,0.0007556866429365307,0.007556866429365307,1,0.981900847767662,0.10173463056056725,0.04329492246286678,-0.010061802188332006,0.008035315524313514,1.2521975220371477
logs/muon_spectra/second_order_audit_20260926/step_spectrum/soaudit_mom4m_20260927__M_b4M_lr0.014_mom0.9_s260925_l40s__183.json,4,183,M,8,band_0.001_0.01,0.007556866429365307,0.07556866429365307,0,0.0,-0.0,0.0,0.0,0.0,
logs/muon_spectra/second_order_audit_20260926/step_spectrum/soaudit_mom4m_20260927__M_b4M_lr0.014_mom0.9_s260925_l40s__183.json,4,183,M,8,band_0.01_0.1,0.07556866429365307,0.7556866429365308,1,0.011322181596244523,0.13759230573915218,0.14506431364101016,-0.013608213401430065,0.02692319249268176,0.5054457566697946
logs/muon_spectra/second_order_audit_20260926/step_spectrum/soaudit_mom4m_20260927__M_b4M_lr0.014_mom0.9_s260925_l40s__183.json,4,183,M,8,band_0.1_inf,0.7556866429365308,inf,6,0.006776970636093568,0.7606730637002804,0.8116407638961229,-0.07523241451580318,0.15063636240239972,0.49943063756964884
logs/muon_spectra/second_order_audit_20260926/step_spectrum/soaudit_mom4m_20260927__M_b4M_lr0.014_mom0.9_s260925_l40s__183.json,4,183,M,16,relative_1e-4,0.0,0.0007556866429365307,1,0.9670515870709009,0.06917956179273409,0.01450864150592064,-0.006842026774939522,0.0026927294402528017,2.5409261965424834
logs/muon_spectra/second_order_audit_20260926/step_spectrum/soaudit_mom4m_20260927__M_b4M_lr0.014_mom0.9_s260925_l40s__183.json,4,183,M,16,relative_1e-3,0.0,0.007556866429365307,1,0.9670515870709009,0.06917956179273409,0.01450864150592064,-0.006842026774939522,0.0026927294402528017,2.5409261965424834
logs/muon_spectra/second_order_audit_20260926/step_spectrum/soaudit_mom4m_20260927__M_b4M_lr0.014_mom0.9_s260925_l40s__183.json,4,183,M,16,relative_1e-2,0.0,0.07556866429365307,1,0.9670515870709009,0.06917956179273409,0.01450864150592064,-0.006842026774939522,0.0026927294402528017,2.5409261965424834
logs/muon_spectra/second_order_audit_20260926/step_spectrum/soaudit_mom4m_20260927__M_b4M_lr0.014_mom0.9_s260925_l40s__183.json,4,183,M,16,absolute_1e-4,0.0,0.0001,0,0.0,-0.0,0.0,0.0,0.0,
logs/muon_spectra/second_order_audit_20260926/step_spectrum/soaudit_mom4m_20260927__M_b4M_lr0.014_mom0.9_s260925_l40s__183.json,4,183,M,16,absolute_1e-3,0.0,0.001,1,0.9670515870709009,0.06917956179273409,0.01450864150592064,-0.006842026774939522,0.0026927294402528017,2.5409261965424834
logs/muon_spectra/second_order_audit_20260926/step_spectrum/soaudit_mom4m_20260927__M_b4M_lr0.014_mom0.9_s260925_l40s__183.json,4,183,M,16,absolute_1e-2,0.0,0.01,1,0.9670515870709009,0.06917956179273409,0.01450864150592064,-0.006842026774939522,0.0026927294402528017,2.5409261965424834
logs/muon_spectra/second_order_audit_20260926/step_spectrum/soaudit_mom4m_20260927__M_b4M_lr0.014_mom0.9_s260925_l40s__183.json,4,183,M,16,shared_muon_relative_1e-4,0.0,0.0007556866429365307,1,0.9670515870709009,0.06917956179273409,0.01450864150592064,-0.006842026774939522,0.0026927294402528017,2.5409261965424834
logs/muon_spectra/second_order_audit_20260926/step_spectrum/soaudit_mom4m_20260927__M_b4M_lr0.014_mom0.9_s260925_l40s__183.json,4,183,M,16,band_0.0001_0.001,0.0007556866429365307,0.007556866429365307,0,0.0,-0.0,0.0,0.0,0.0,
logs/muon_spectra/second_order_audit_20260926/step_spectrum/soaudit_mom4m_20260927__M_b4M_lr0.014_mom0.9_s260925_l40s__183.json,4,183,M,16,band_0.001_0.01,0.007556866429365307,0.07556866429365307,0,0.0,-0.0,0.0,0.0,0.0,
logs/muon_spectra/second_order_audit_20260926/step_spectrum/soaudit_mom4m_20260927__M_b4M_lr0.014_mom0.9_s260925_l40s__183.json,4,183,M,16,band_0.01_0.1,0.07556866429365307,0.7556866429365308,3,0.026553055206697224,0.1944643042482715,0.1906374933732959,-0.019232992258942067,0.03538134087969519,0.5435913897197601
logs/muon_spectra/second_order_audit_20260926/step_spectrum/soaudit_mom4m_20260927__M_b4M_lr0.014_mom0.9_s260925_l40s__183.json,4,183,M,16,band_0.1_inf,0.7556866429365308,inf,12,0.006395357722401971,0.7363561339589945,0.7948538651207836,-0.07282741107168376,0.14752080009944735,0.49367554285625515
logs/muon_spectra/second_order_audit_20260926/step_spectrum/soaudit_mom4m_20260927__M_b4M_lr0.014_mom0.9_s260925_l40s__183.json,4,183,M,24,relative_1e-4,0.0,0.0007556866429365307,1,0.9546348976719028,0.05593705769015025,0.007303704093426374,-0.00553231093851106,0.001355530014801073,4.081289885213599
logs/muon_spectra/second_order_audit_20260926/step_spectrum/soaudit_mom4m_20260927__M_b4M_lr0.014_mom0.9_s260925_l40s__183.json,4,183,M,24,relative_1e-3,0.0,0.007556866429365307,1,0.9546348976719028,0.05593705769015025,0.007303704093426374,-0.00553231093851106,0.001355530014801073,4.081289885213599
logs/muon_spectra/second_order_audit_20260926/step_spectrum/soaudit_mom4m_20260927__M_b4M_lr0.014_mom0.9_s260925_l40s__183.json,4,183,M,24,relative_1e-2,0.0,0.07556866429365307,2,0.9765449577462753,0.09255283189064543,0.03462875238923137,-0.009153699987136697,0.006426918812464714,1.424275030421034
logs/muon_spectra/second_order_audit_20260926/step_spectrum/soaudit_mom4m_20260927__M_b4M_lr0.014_mom0.9_s260925_l40s__183.json,4,183,M,24,absolute_1e-4,0.0,0.0001,0,0.0,-0.0,0.0,0.0,0.0,
logs/muon_spectra/second_order_audit_20260926/step_spectrum/soaudit_mom4m_20260927__M_b4M_lr0.014_mom0.9_s260925_l40s__183.json,4,183,M,24,absolute_1e-3,0.0,0.001,1,0.9546348976719028,0.05593705769015025,0.007303704093426374,-0.00553231093851106,0.001355530014801073,4.081289885213599
logs/muon_spectra/second_order_audit_20260926/step_spectrum/soaudit_mom4m_20260927__M_b4M_lr0.014_mom0.9_s260925_l40s__183.json,4,183,M,24,absolute_1e-2,0.0,0.01,1,0.9546348976719028,0.05593705769015025,0.007303704093426374,-0.00553231093851106,0.001355530014801073,4.081289885213599
logs/muon_spectra/second_order_audit_20260926/step_spectrum/soaudit_mom4m_20260927__M_b4M_lr0.014_mom0.9_s260925_l40s__183.json,4,183,M,24,shared_muon_relative_1e-4,0.0,0.0007556866429365307,1,0.9546348976719028,0.05593705769015025,0.007303704093426374,-0.00553231093851106,0.001355530014801073,4.081289885213599
logs/muon_spectra/second_order_audit_20260926/step_spectrum/soaudit_mom4m_20260927__M_b4M_lr0.014_mom0.9_s260925_l40s__183.json,4,183,M,24,band_0.0001_0.001,0.0007556866429365307,0.007556866429365307,0,0.0,-0.0,0.0,0.0,0.0,
logs/muon_spectra/second_order_audit_20260926/step_spectrum/soaudit_mom4m_20260927__M_b4M_lr0.014_mom0.9_s260925_l40s__183.json,4,183,M,24,band_0.001_0.01,0.007556866429365307,0.07556866429365307,1,0.021910060074372458,0.03661577420049517,0.027325048295804996,-0.0036213890486256357,0.0050713887976636405,0.7140823141570192
logs/muon_spectra/second_order_audit_20260926/step_spectrum/soaudit_mom4m_20260927__M_b4M_lr0.014_mom0.9_s260925_l40s__183.json,4,183,M,24,band_0.01_0.1,0.07556866429365307,0.7556866429365308,4,0.016965154315561105,0.16946345645989339,0.16844616945839108,-0.016760347657972116,0.031262744993273556,0.5361124770578606
logs/muon_spectra/second_order_audit_20260926/step_spectrum/soaudit_mom4m_20260927__M_b4M_lr0.014_mom0.9_s260925_l40s__183.json,4,183,M,24,band_0.1_inf,0.7556866429365308,inf,18,0.006489887938163636,0.7379837116494611,0.7969250781523776,-0.0729883824604565,0.1479052066136568,0.49348081877272554
logs/muon_spectra/second_order_audit_20260926/step_spectrum/soaudit_mom4m_20260927__M_b4M_lr0.014_mom0.9_s260925_l40s__183.json,4,183,M,32,relative_1e-4,0.0,0.0007556866429365307,1,0.944517394205079,0.049659907152368364,0.004549106878075449,-0.004911485496185975,0.0008442909015603923,5.81729056550144
logs/muon_spectra/second_order_audit_20260926/step_spectrum/soaudit_mom4m_20260927__M_b4M_lr0.014_mom0.9_s260925_l40s__183.json,4,183,M,32,relative_1e-3,0.0,0.007556866429365307,1,0.944517394205079,0.049659907152368364,0.004549106878075449,-0.004911485496185975,0.0008442909015603923,5.81729056550144
logs/muon_spectra/second_order_audit_20260926/step_spectrum/soaudit_mom4m_20260927__M_b4M_lr0.014_mom0.9_s260925_l40s__183.json,4,183,M,32,relative_1e-2,0.0,0.07556866429365307,3,0.9795480533644877,0.1007400046735997,0.04514053085028538,-0.009963431271065018,0.008377850973821425,1.189258594142831
logs/muon_spectra/second_order_audit_20260926/step_spectrum/soaudit_mom4m_20260927__M_b4M_lr0.014_mom0.9_s260925_l40s__183.json,4,183,M,32,absolute_1e-4,0.0,0.0001,0,0.0,-0.0,0.0,0.0,0.0,
logs/muon_spectra/second_order_audit_20260926/step_spectrum/soaudit_mom4m_20260927__M_b4M_lr0.014_mom0.9_s260925_l40s__183.json,4,183,M,32,absolute_1e-3,0.0,0.001,1,0.944517394205079,0.049659907152368364,0.004549106878075449,-0.004911485496185975,0.0008442909015603923,5.81729056550144
logs/muon_spectra/second_order_audit_20260926/step_spectrum/soaudit_mom4m_20260927__M_b4M_lr0.014_mom0.9_s260925_l40s__183.json,4,183,M,32,absolute_1e-2,0.0,0.01,1,0.944517394205079,0.049659907152368364,0.004549106878075449,-0.004911485496185975,0.0008442909015603923,5.81729056550144
logs/muon_spectra/second_order_audit_20260926/step_spectrum/soaudit_mom4m_20260927__M_b4M_lr0.014_mom0.9_s260925_l40s__183.json,4,183,M,32,shared_muon_relative_1e-4,0.0,0.0007556866429365307,1,0.944517394205079,0.049659907152368364,0.004549106878075449,-0.004911485496185975,0.0008442909015603923,5.81729056550144
logs/muon_spectra/second_order_audit_20260926/step_spectrum/soaudit_mom4m_20260927__M_b4M_lr0.014_mom0.9_s260925_l40s__183.json,4,183,M,32,band_0.0001_0.001,0.0007556866429365307,0.007556866429365307,0,0.0,-0.0,0.0,0.0,0.0,
logs/muon_spectra/second_order_audit_20260926/step_spectrum/soaudit_mom4m_20260927__M_b4M_lr0.014_mom0.9_s260925_l40s__183.json,4,183,M,32,band_0.001_0.01,0.007556866429365307,0.07556866429365307,2,0.035030659159408686,0.05108009752123134,0.04059142397220993,-0.005051945774879043,0.007533560072261033,0.6705920874621515
logs/muon_spectra/second_order_audit_20260926/step_spectrum/soaudit_mom4m_20260927__M_b4M_lr0.014_mom0.9_s260925_l40s__183.json,4,183,M,32,band_0.01_0.1,0.07556866429365307,0.7556866429365308,5,0.013932533290690994,0.16011257286191763,0.15730119381444116,-0.015835522546498042,0.029194294682807372,0.542418397791389
logs/muon_spectra/second_order_audit_20260926/step_spectrum/soaudit_mom4m_20260927__M_b4M_lr0.014_mom0.9_s260925_l40s__183.json,4,183,M,32,band_0.1_inf,0.7556866429365308,inf,24,0.006519413344821382,0.7391474224644827,0.7975582753352735,-0.07310347628800226,0.14802272476276637,0.4938665762649892
logs/muon_spectra/second_order_audit_20260926/step_spectrum/soaudit_mom4m_20260927__M_b4M_lr0.014_mom0.9_s260925_l40s__183.json,4,183,M,40,relative_1e-4,0.0,0.0007556866429365307,1,0.9352414588613768,0.045137343212386626,0.0030919327881613144,-0.004464192932213982,0.000573846865164279,7.779415037731342
logs/muon_spectra/second_order_audit_20260926/step_spectrum/soaudit_mom4m_20260927__M_b4M_lr0.014_mom0.9_s260925_l40s__183.json,4,183,M,40,relative_1e-3,0.0,0.007556866429365307,1,0.9352414588613768,0.045137343212386626,0.0030919327881613144,-0.004464192932213982,0.000573846865164279,7.779415037731342
logs/muon_spectra/second_order_audit_20260926/step_spectrum/soaudit_mom4m_20260927__M_b4M_lr0.014_mom0.9_s260925_l40s__183.json,4,183,M,40,relative_1e-2,0.0,0.07556866429365307,3,0.9749054078509023,0.08771241171750041,0.031486589005808974,-0.008674970669280654,0.005843749406481876,1.4844871102204338
logs/muon_spectra/second_order_audit_20260926/step_spectrum/soaudit_mom4m_20260927__M_b4M_lr0.014_mom0.9_s260925_l40s__183.json,4,183,M,40,absolute_1e-4,0.0,0.0001,1,0.9352414588613768,0.045137343212386626,0.0030919327881613144,-0.004464192932213982,0.000573846865164279,7.779415037731342
logs/muon_spectra/second_order_audit_20260926/step_spectrum/soaudit_mom4m_20260927__M_b4M_lr0.014_mom0.9_s260925_l40s__183.json,4,183,M,40,absolute_1e-3,0.0,0.001,1,0.9352414588613768,0.045137343212386626,0.0030919327881613144,-0.004464192932213982,0.000573846865164279,7.779415037731342
logs/muon_spectra/second_order_audit_20260926/step_spectrum/soaudit_mom4m_20260927__M_b4M_lr0.014_mom0.9_s260925_l40s__183.json,4,183,M,40,absolute_1e-2,0.0,0.01,1,0.9352414588613768,0.045137343212386626,0.0030919327881613144,-0.004464192932213982,0.000573846865164279,7.779415037731342
logs/muon_spectra/second_order_audit_20260926/step_spectrum/soaudit_mom4m_20260927__M_b4M_lr0.014_mom0.9_s260925_l40s__183.json,4,183,M,40,shared_muon_relative_1e-4,0.0,0.0007556866429365307,1,0.9352414588613768,0.045137343212386626,0.0030919327881613144,-0.004464192932213982,0.000573846865164279,7.779415037731342
logs/muon_spectra/second_order_audit_20260926/step_spectrum/soaudit_mom4m_20260927__M_b4M_lr0.014_mom0.9_s260925_l40s__183.json,4,183,M,40,band_0.0001_0.001,0.0007556866429365307,0.007556866429365307,0,0.0,-0.0,0.0,0.0,0.0,
logs/muon_spectra/second_order_audit_20260926/step_spectrum/soaudit_mom4m_20260927__M_b4M_lr0.014_mom0.9_s260925_l40s__183.json,4,183,M,40,band_0.001_0.01,0.007556866429365307,0.07556866429365307,2,0.03966394898952547,0.042575068505113785,0.02839465621764766,-0.004210777737066672,0.005269902541317597,0.7990238347014822
logs/muon_spectra/second_order_audit_20260926/step_spectrum/soaudit_mom4m_20260927__M_b4M_lr0.014_mom0.9_s260925_l40s__183.json,4,183,M,40,band_0.01_0.1,0.07556866429365307,0.7556866429365308,7,0.018452520369438213,0.16992113064027806,0.16740358597689065,-0.016805612746608738,0.03106924684712313,0.5409082759328252
logs/muon_spectra/second_order_audit_20260926/step_spectrum/soaudit_mom4m_20260927__M_b4M_lr0.014_mom0.9_s260925_l40s__183.json,4,183,M,40,band_0.1_inf,0.7556866429365308,inf,30,0.006642071779659463,0.7423664576422215,0.8011098250173004,-0.07342184668967594,0.14868187416579037,0.4938184099549727
logs/muon_spectra/second_order_audit_20260926/step_spectrum/soaudit_mom4m_20260927__M_b4M_lr0.014_mom0.9_s260925_l40s__183.json,4,183,M,48,relative_1e-4,0.0,0.0007556866429365307,1,0.9266434573612485,0.0423055528138015,0.002230197194766553,-0.004184121980244307,0.0004139131593723974,10.108695231116958
logs/muon_spectra/second_order_audit_20260926/step_spectrum/soaudit_mom4m_20260927__M_b4M_lr0.014_mom0.9_s260925_l40s__183.json,4,183,M,48,relative_1e-3,0.0,0.007556866429365307,2,0.958242962916561,0.06366286267893102,0.0110330432268598,-0.00629641182642318,0.002047676228020632,3.074905954497284
logs/muon_spectra/second_order_audit_20260926/step_spectrum/soaudit_mom4m_20260927__M_b4M_lr0.014_mom0.9_s260925_l40s__183.json,4,183,M,48,relative_1e-2,0.0,0.07556866429365307,4,0.9770863324361346,0.0947507169780891,0.037380846775684186,-0.009371076163377661,0.006937693413500379,1.3507480952015045
logs/muon_spectra/second_order_audit_20260926/step_spectrum/soaudit_mom4m_20260927__M_b4M_lr0.014_mom0.9_s260925_l40s__183.json,4,183,M,48,absolute_1e-4,0.0,0.0001,1,0.9266434573612485,0.0423055528138015,0.002230197194766553,-0.004184121980244307,0.0004139131593723974,10.108695231116958
logs/muon_spectra/second_order_audit_20260926/step_spectrum/soaudit_mom4m_20260927__M_b4M_lr0.014_mom0.9_s260925_l40s__183.json,4,183,M,48,absolute_1e-3,0.0,0.001,1,0.9266434573612485,0.0423055528138015,0.002230197194766553,-0.004184121980244307,0.0004139131593723974,10.108695231116958
logs/muon_spectra/second_order_audit_20260926/step_spectrum/soaudit_mom4m_20260927__M_b4M_lr0.014_mom0.9_s260925_l40s__183.json,4,183,M,48,absolute_1e-2,0.0,0.01,2,0.958242962916561,0.06366286267893102,0.0110330432268598,-0.00629641182642318,0.002047676228020632,3.074905954497284
logs/muon_spectra/second_order_audit_20260926/step_spectrum/soaudit_mom4m_20260927__M_b4M_lr0.014_mom0.9_s260925_l40s__183.json,4,183,M,48,shared_muon_relative_1e-4,0.0,0.0007556866429365307,1,0.9266434573612485,0.0423055528138015,0.002230197194766553,-0.004184121980244307,0.0004139131593723974,10.108695231116958
logs/muon_spectra/second_order_audit_20260926/step_spectrum/soaudit_mom4m_20260927__M_b4M_lr0.014_mom0.9_s260925_l40s__183.json,4,183,M,48,band_0.0001_0.001,0.0007556866429365307,0.007556866429365307,1,0.03159950555531247,0.021357309865129518,0.008802846032093246,-0.0021122898461788733,0.0016337630686482345,1.2928985155274497
logs/muon_spectra/second_order_audit_20260926/step_spectrum/soaudit_mom4m_20260927__M_b4M_lr0.014_mom0.9_s260925_l40s__183.json,4,183,M,48,band_0.001_0.01,0.007556866429365307,0.07556866429365307,2,0.018843369519573615,0.03108785429915807,0.02634780354882439,-0.0030746643369544803,0.004890017185479748,0.6287635033439729
logs/muon_spectra/second_order_audit_20260926/step_spectrum/soaudit_mom4m_20260927__M_b4M_lr0.014_mom0.9_s260925_l40s__183.json,4,183,M,48,band_0.01_0.1,0.07556866429365307,0.7556866429365308,8,0.01613506145875931,0.1574081659105222,0.15761030655737368,-0.015568050127010655,0.029251664422276946,0.5322107454218785
logs/muon_spectra/second_order_audit_20260926/step_spectrum/soaudit_mom4m_20260927__M_b4M_lr0.014_mom0.9_s260925_l40s__183.json,4,183,M,48,band_0.1_inf,0.7556866429365308,inf,36,0.0067786061051060865,0.7478411171113889,0.8050088466669421,-0.07396330381517704,0.149405512583618,0.49505070151800384
logs/muon_spectra/second_order_audit_20260926/step_spectrum/soaudit_mom4m_20260927__M_b4M_lr0.014_mom0.9_s260925_l40s__330.json,4,330,M,8,relative_1e-4,0.0,0.0005461575152425876,0,0.0,-0.0,0.0,0.0,0.0,
logs/muon_spectra/second_order_audit_20260926/step_spectrum/soaudit_mom4m_20260927__M_b4M_lr0.014_mom0.9_s260925_l40s__330.json,4,330,M,8,relative_1e-3,0.0,0.0054615751524258755,1,0.9808458234890528,0.11813211999998992,0.04532629861733121,-0.009434156785685438,0.006796175608942812,1.388156711735261
logs/muon_spectra/second_order_audit_20260926/step_spectrum/soaudit_mom4m_20260927__M_b4M_lr0.014_mom0.9_s260925_l40s__330.json,4,330,M,8,relative_1e-2,0.0,0.05461575152425875,1,0.9808458234890528,0.11813211999998992,0.04532629861733121,-0.009434156785685438,0.006796175608942812,1.388156711735261
logs/muon_spectra/second_order_audit_20260926/step_spectrum/soaudit_mom4m_20260927__M_b4M_lr0.014_mom0.9_s260925_l40s__330.json,4,330,M,8,absolute_1e-4,0.0,0.0001,0,0.0,-0.0,0.0,0.0,0.0,
logs/muon_spectra/second_order_audit_20260926/step_spectrum/soaudit_mom4m_20260927__M_b4M_lr0.014_mom0.9_s260925_l40s__330.json,4,330,M,8,absolute_1e-3,0.0,0.001,1,0.9808458234890528,0.11813211999998992,0.04532629861733121,-0.009434156785685438,0.006796175608942812,1.388156711735261
logs/muon_spectra/second_order_audit_20260926/step_spectrum/soaudit_mom4m_20260927__M_b4M_lr0.014_mom0.9_s260925_l40s__330.json,4,330,M,8,absolute_1e-2,0.0,0.01,1,0.9808458234890528,0.11813211999998992,0.04532629861733121,-0.009434156785685438,0.006796175608942812,1.388156711735261
logs/muon_spectra/second_order_audit_20260926/step_spectrum/soaudit_mom4m_20260927__M_b4M_lr0.014_mom0.9_s260925_l40s__330.json,4,330,M,8,shared_muon_relative_1e-4,0.0,0.0005461575152425876,0,0.0,-0.0,0.0,0.0,0.0,
logs/muon_spectra/second_order_audit_20260926/step_spectrum/soaudit_mom4m_20260927__M_b4M_lr0.014_mom0.9_s260925_l40s__330.json,4,330,M,8,band_0.0001_0.001,0.0005461575152425876,0.0054615751524258755,1,0.9808458234890528,0.11813211999998992,0.04532629861733121,-0.009434156785685438,0.006796175608942812,1.388156711735261
logs/muon_spectra/second_order_audit_20260926/step_spectrum/soaudit_mom4m_20260927__M_b4M_lr0.014_mom0.9_s260925_l40s__330.json,4,330,M,8,band_0.001_0.01,0.0054615751524258755,0.05461575152425875,0,0.0,-0.0,0.0,0.0,0.0,
logs/muon_spectra/second_order_audit_20260926/step_spectrum/soaudit_mom4m_20260927__M_b4M_lr0.014_mom0.9_s260925_l40s__330.json,4,330,M,8,band_0.01_0.1,0.05461575152425875,0.5461575152425876,1,0.011959979304072194,0.12381731738304981,0.1312431827964082,-0.009888182697261055,0.01967845919410505,0.5024876490443517
logs/muon_spectra/second_order_audit_20260926/step_spectrum/soaudit_mom4m_20260927__M_b4M_lr0.014_mom0.9_s260925_l40s__330.json,4,330,M,8,band_0.1_inf,0.5461575152425876,inf,6,0.007194197206875038,0.7580505626169602,0.8234305185862608,-0.06053872443164543,0.12346427078286272,0.49033395692358
logs/muon_spectra/second_order_audit_20260926/step_spectrum/soaudit_mom4m_20260927__M_b4M_lr0.014_mom0.9_s260925_l40s__330.json,4,330,M,16,relative_1e-4,0.0,0.0005461575152425876,1,0.9634027646041455,0.07321171976521458,0.01563129092479612,-0.005846765831466998,0.0023437386541589086,2.4946321643379696
logs/muon_spectra/second_order_audit_20260926/step_spectrum/soaudit_mom4m_20260927__M_b4M_lr0.014_mom0.9_s260925_l40s__330.json,4,330,M,16,relative_1e-3,0.0,0.0054615751524258755,1,0.9634027646041455,0.07321171976521458,0.01563129092479612,-0.005846765831466998,0.0023437386541589086,2.4946321643379696
logs/muon_spectra/second_order_audit_20260926/step_spectrum/soaudit_mom4m_20260927__M_b4M_lr0.014_mom0.9_s260925_l40s__330.json,4,330,M,16,relative_1e-2,0.0,0.05461575152425875,1,0.9634027646041455,0.07321171976521458,0.01563129092479612,-0.005846765831466998,0.0023437386541589086,2.4946321643379696
logs/muon_spectra/second_order_audit_20260926/step_spectrum/soaudit_mom4m_20260927__M_b4M_lr0.014_mom0.9_s260925_l40s__330.json,4,330,M,16,absolute_1e-4,0.0,0.0001,0,0.0,-0.0,0.0,0.0,0.0,
logs/muon_spectra/second_order_audit_20260926/step_spectrum/soaudit_mom4m_20260927__M_b4M_lr0.014_mom0.9_s260925_l40s__330.json,4,330,M,16,absolute_1e-3,0.0,0.001,1,0.9634027646041455,0.07321171976521458,0.01563129092479612,-0.005846765831466998,0.0023437386541589086,2.4946321643379696
logs/muon_spectra/second_order_audit_20260926/step_spectrum/soaudit_mom4m_20260927__M_b4M_lr0.014_mom0.9_s260925_l40s__330.json,4,330,M,16,absolute_1e-2,0.0,0.01,1,0.9634027646041455,0.07321171976521458,0.01563129092479612,-0.005846765831466998,0.0023437386541589086,2.4946321643379696
logs/muon_spectra/second_order_audit_20260926/step_spectrum/soaudit_mom4m_20260927__M_b4M_lr0.014_mom0.9_s260925_l40s__330.json,4,330,M,16,shared_muon_relative_1e-4,0.0,0.0005461575152425876,1,0.9634027646041455,0.07321171976521458,0.01563129092479612,-0.005846765831466998,0.0023437386541589086,2.4946321643379696
logs/muon_spectra/second_order_audit_20260926/step_spectrum/soaudit_mom4m_20260927__M_b4M_lr0.014_mom0.9_s260925_l40s__330.json,4,330,M,16,band_0.0001_0.001,0.0005461575152425876,0.0054615751524258755,0,0.0,-0.0,0.0,0.0,0.0,
logs/muon_spectra/second_order_audit_20260926/step_spectrum/soaudit_mom4m_20260927__M_b4M_lr0.014_mom0.9_s260925_l40s__330.json,4,330,M,16,band_0.001_0.01,0.0054615751524258755,0.05461575152425875,0,0.0,-0.0,0.0,0.0,0.0,
logs/muon_spectra/second_order_audit_20260926/step_spectrum/soaudit_mom4m_20260927__M_b4M_lr0.014_mom0.9_s260925_l40s__330.json,4,330,M,16,band_0.01_0.1,0.05461575152425875,0.5461575152425876,3,0.02986964299027214,0.18666975679513864,0.17815869599225617,-0.014907645378337905,0.026712919897691867,0.5580687336102857
logs/muon_spectra/second_order_audit_20260926/step_spectrum/soaudit_mom4m_20260927__M_b4M_lr0.014_mom0.9_s260925_l40s__330.json,4,330,M,16,band_0.1_inf,0.5461575152425876,inf,12,0.0067275924055823335,0.7401185234396469,0.8062100130829479,-0.05910665270478707,0.12088224703405998,0.4889605724166683
logs/muon_spectra/second_order_audit_20260926/step_spectrum/soaudit_mom4m_20260927__M_b4M_lr0.014_mom0.9_s260925_l40s__330.json,4,330,M,24,relative_1e-4,0.0,0.0005461575152425876,1,0.9490619428655372,0.05869950810810135,0.008052917935124684,-0.00468780516877619,0.001207445701965746,3.8824148871823785
logs/muon_spectra/second_order_audit_20260926/step_spectrum/soaudit_mom4m_20260927__M_b4M_lr0.014_mom0.9_s260925_l40s__330.json,4,330,M,24,relative_1e-3,0.0,0.0054615751524258755,1,0.9490619428655372,0.05869950810810135,0.008052917935124684,-0.00468780516877619,0.001207445701965746,3.8824148871823785
logs/muon_spectra/second_order_audit_20260926/step_spectrum/soaudit_mom4m_20260927__M_b4M_lr0.014_mom0.9_s260925_l40s__330.json,4,330,M,24,relative_1e-2,0.0,0.05461575152425875,2,0.9751667436911085,0.1079175292978177,0.03806838015942042,-0.008618408704757868,0.0057079312585318915,1.509900577705024
logs/muon_spectra/second_order_audit_20260926/step_spectrum/soaudit_mom4m_20260927__M_b4M_lr0.014_mom0.9_s260925_l40s__330.json,4,330,M,24,absolute_1e-4,0.0,0.0001,0,0.0,-0.0,0.0,0.0,0.0,
logs/muon_spectra/second_order_audit_20260926/step_spectrum/soaudit_mom4m_20260927__M_b4M_lr0.014_mom0.9_s260925_l40s__330.json,4,330,M,24,absolute_1e-3,0.0,0.001,1,0.9490619428655372,0.05869950810810135,0.008052917935124684,-0.00468780516877619,0.001207445701965746,3.8824148871823785
logs/muon_spectra/second_order_audit_20260926/step_spectrum/soaudit_mom4m_20260927__M_b4M_lr0.014_mom0.9_s260925_l40s__330.json,4,330,M,24,absolute_1e-2,0.0,0.01,1,0.9490619428655372,0.05869950810810135,0.008052917935124684,-0.00468780516877619,0.001207445701965746,3.8824148871823785
logs/muon_spectra/second_order_audit_20260926/step_spectrum/soaudit_mom4m_20260927__M_b4M_lr0.014_mom0.9_s260925_l40s__330.json,4,330,M,24,shared_muon_relative_1e-4,0.0,0.0005461575152425876,1,0.9490619428655372,0.05869950810810135,0.008052917935124684,-0.00468780516877619,0.001207445701965746,3.8824148871823785
logs/muon_spectra/second_order_audit_20260926/step_spectrum/soaudit_mom4m_20260927__M_b4M_lr0.014_mom0.9_s260925_l40s__330.json,4,330,M,24,band_0.0001_0.001,0.0005461575152425876,0.0054615751524258755,0,0.0,-0.0,0.0,0.0,0.0,
logs/muon_spectra/second_order_audit_20260926/step_spectrum/soaudit_mom4m_20260927__M_b4M_lr0.014_mom0.9_s260925_l40s__330.json,4,330,M,24,band_0.001_0.01,0.0054615751524258755,0.05461575152425875,1,0.026104800825571175,0.04921802118971635,0.030015462224295738,-0.003930603535981678,0.004500485556566145,0.8733732141961844
logs/muon_spectra/second_order_audit_20260926/step_spectrum/soaudit_mom4m_20260927__M_b4M_lr0.014_mom0.9_s260925_l40s__330.json,4,330,M,24,band_0.01_0.1,0.05461575152425875,0.5461575152425876,4,0.018079256121118378,0.14999835989621582,0.15566155056319278,-0.011979028606755657,0.023339722533251013,0.5132464016952084
logs/muon_spectra/second_order_audit_20260926/step_spectrum/soaudit_mom4m_20260927__M_b4M_lr0.014_mom0.9_s260925_l40s__330.json,4,330,M,24,band_0.1_inf,0.5461575152425876,inf,18,0.0067540001877732375,0.7420841108059665,0.8062700692773869,-0.05926362660307841,0.12089125179412771,0.49022262342027584
logs/muon_spectra/second_order_audit_20260926/step_spectrum/soaudit_mom4m_20260927__M_b4M_lr0.014_mom0.9_s260925_l40s__330.json,4,330,M,32,relative_1e-4,0.0,0.0005461575152425876,1,0.9367207256604461,0.050827475395479584,0.004963910448364455,-0.004059136261175746,0.0007442833000542338,5.453751630434228
logs/muon_spectra/second_order_audit_20260926/step_spectrum/soaudit_mom4m_20260927__M_b4M_lr0.014_mom0.9_s260925_l40s__330.json,4,330,M,32,relative_1e-3,0.0,0.0054615751524258755,1,0.9367207256604461,0.050827475395479584,0.004963910448364455,-0.004059136261175746,0.0007442833000542338,5.453751630434228
logs/muon_spectra/second_order_audit_20260926/step_spectrum/soaudit_mom4m_20260927__M_b4M_lr0.014_mom0.9_s260925_l40s__330.json,4,330,M,32,relative_1e-2,0.0,0.05461575152425875,3,0.9786670756143719,0.12252155684478612,0.049277683056144606,-0.009784701882096777,0.007388641867247699,1.324289640491348
logs/muon_spectra/second_order_audit_20260926/step_spectrum/soaudit_mom4m_20260927__M_b4M_lr0.014_mom0.9_s260925_l40s__330.json,4,330,M,32,absolute_1e-4,0.0,0.0001,0,0.0,-0.0,0.0,0.0,0.0,
logs/muon_spectra/second_order_audit_20260926/step_spectrum/soaudit_mom4m_20260927__M_b4M_lr0.014_mom0.9_s260925_l40s__330.json,4,330,M,32,absolute_1e-3,0.0,0.001,1,0.9367207256604461,0.050827475395479584,0.004963910448364455,-0.004059136261175746,0.0007442833000542338,5.453751630434228
logs/muon_spectra/second_order_audit_20260926/step_spectrum/soaudit_mom4m_20260927__M_b4M_lr0.014_mom0.9_s260925_l40s__330.json,4,330,M,32,absolute_1e-2,0.0,0.01,1,0.9367207256604461,0.050827475395479584,0.004963910448364455,-0.004059136261175746,0.0007442833000542338,5.453751630434228
logs/muon_spectra/second_order_audit_20260926/step_spectrum/soaudit_mom4m_20260927__M_b4M_lr0.014_mom0.9_s260925_l40s__330.json,4,330,M,32,shared_muon_relative_1e-4,0.0,0.0005461575152425876,1,0.9367207256604461,0.050827475395479584,0.004963910448364455,-0.004059136261175746,0.0007442833000542338,5.453751630434228
logs/muon_spectra/second_order_audit_20260926/step_spectrum/soaudit_mom4m_20260927__M_b4M_lr0.014_mom0.9_s260925_l40s__330.json,4,330,M,32,band_0.0001_0.001,0.0005461575152425876,0.0054615751524258755,0,0.0,-0.0,0.0,0.0,0.0,
logs/muon_spectra/second_order_audit_20260926/step_spectrum/soaudit_mom4m_20260927__M_b4M_lr0.014_mom0.9_s260925_l40s__330.json,4,330,M,32,band_0.001_0.01,0.0054615751524258755,0.05461575152425875,2,0.04194634995392578,0.07169408144930654,0.044313772607780154,-0.005725565620921032,0.006644358567193465,0.8617183378981117
logs/muon_spectra/second_order_audit_20260926/step_spectrum/soaudit_mom4m_20260927__M_b4M_lr0.014_mom0.9_s260925_l40s__330.json,4,330,M,32,band_0.01_0.1,0.05461575152425875,0.5461575152425876,5,0.01450610438010619,0.13479604665489053,0.14261284570537508,-0.010764955697340534,0.021383214007556287,0.5034301996667325
logs/muon_spectra/second_order_audit_20260926/step_spectrum/soaudit_mom4m_20260927__M_b4M_lr0.014_mom0.9_s260925_l40s__330.json,4,330,M,32,band_0.1_inf,0.5461575152425876,inf,24,0.006826820005522006,0.7426823965003233,0.8081094712384804,-0.05931140633515465,0.12116704971110676,0.4895011183037651
logs/muon_spectra/second_order_audit_20260926/step_spectrum/soaudit_mom4m_20260927__M_b4M_lr0.014_mom0.9_s260925_l40s__330.json,4,330,M,40,relative_1e-4,0.0,0.0005461575152425876,1,0.9258024524659486,0.046562898704352644,0.00338864706251452,-0.003718562629476974,0.0005080900319703379,7.31870809402941
logs/muon_spectra/second_order_audit_20260926/step_spectrum/soaudit_mom4m_20260927__M_b4M_lr0.014_mom0.9_s260925_l40s__330.json,4,330,M,40,relative_1e-3,0.0,0.0054615751524258755,1,0.9258024524659486,0.046562898704352644,0.00338864706251452,-0.003718562629476974,0.0005080900319703379,7.31870809402941
logs/muon_spectra/second_order_audit_20260926/step_spectrum/soaudit_mom4m_20260927__M_b4M_lr0.014_mom0.9_s260925_l40s__330.json,4,330,M,40,relative_1e-2,0.0,0.05461575152425875,3,0.9731650791688036,0.10252181177044706,0.03453324048096039,-0.00818750096243943,0.0051778762840502665,1.581246926980449
logs/muon_spectra/second_order_audit_20260926/step_spectrum/soaudit_mom4m_20260927__M_b4M_lr0.014_mom0.9_s260925_l40s__330.json,4,330,M,40,absolute_1e-4,0.0,0.0001,1,0.9258024524659486,0.046562898704352644,0.00338864706251452,-0.003718562629476974,0.0005080900319703379,7.31870809402941
logs/muon_spectra/second_order_audit_20260926/step_spectrum/soaudit_mom4m_20260927__M_b4M_lr0.014_mom0.9_s260925_l40s__330.json,4,330,M,40,absolute_1e-3,0.0,0.001,1,0.9258024524659486,0.046562898704352644,0.00338864706251452,-0.003718562629476974,0.0005080900319703379,7.31870809402941
logs/muon_spectra/second_order_audit_20260926/step_spectrum/soaudit_mom4m_20260927__M_b4M_lr0.014_mom0.9_s260925_l40s__330.json,4,330,M,40,absolute_1e-2,0.0,0.01,2,0.9601228757407578,0.07491485189283777,0.01659935524743328,-0.005982779775166102,0.0024888891592318883,2.4037951842791125
logs/muon_spectra/second_order_audit_20260926/step_spectrum/soaudit_mom4m_20260927__M_b4M_lr0.014_mom0.9_s260925_l40s__330.json,4,330,M,40,shared_muon_relative_1e-4,0.0,0.0005461575152425876,1,0.9258024524659486,0.046562898704352644,0.00338864706251452,-0.003718562629476974,0.0005080900319703379,7.31870809402941
logs/muon_spectra/second_order_audit_20260926/step_spectrum/soaudit_mom4m_20260927__M_b4M_lr0.014_mom0.9_s260925_l40s__330.json,4,330,M,40,band_0.0001_0.001,0.0005461575152425876,0.0054615751524258755,0,0.0,-0.0,0.0,0.0,0.0,
logs/muon_spectra/second_order_audit_20260926/step_spectrum/soaudit_mom4m_20260927__M_b4M_lr0.014_mom0.9_s260925_l40s__330.json,4,330,M,40,band_0.001_0.01,0.0054615751524258755,0.05461575152425875,2,0.04736262670285498,0.05595891306609442,0.031144593418445873,-0.0044689383329624575,0.0046697862520799285,0.9569899116842847
logs/muon_spectra/second_order_audit_20260926/step_spectrum/soaudit_mom4m_20260927__M_b4M_lr0.014_mom0.9_s260925_l40s__330.json,4,330,M,40,band_0.01_0.1,0.05461575152425875,0.5461575152425876,7,0.019936254127855334,0.15159109474919735,0.15546656587837868,-0.012106226106648604,0.023310486743003973,0.5193467746992443
logs/muon_spectra/second_order_audit_20260926/step_spectrum/soaudit_mom4m_20260927__M_b4M_lr0.014_mom0.9_s260925_l40s__330.json,4,330,M,40,band_0.1_inf,0.5461575152425876,inf,30,0.006898666703341077,0.7458870934803558,0.810000193640661,-0.05956733684550386,0.12145054255885639,0.4904657944746259
logs/muon_spectra/second_order_audit_20260926/step_spectrum/soaudit_mom4m_20260927__M_b4M_lr0.014_mom0.9_s260925_l40s__330.json,4,330,M,48,relative_1e-4,0.0,0.0005461575152425876,1,0.915967267830057,0.043280014870709115,0.0024712901470722026,-0.0034563880338141896,0.0003705425400372504,9.327911536059318
logs/muon_spectra/second_order_audit_20260926/step_spectrum/soaudit_mom4m_20260927__M_b4M_lr0.014_mom0.9_s260925_l40s__330.json,4,330,M,48,relative_1e-3,0.0,0.0054615751524258755,1,0.915967267830057,0.043280014870709115,0.0024712901470722026,-0.0034563880338141896,0.0003705425400372504,9.327911536059318
logs/muon_spectra/second_order_audit_20260926/step_spectrum/soaudit_mom4m_20260927__M_b4M_lr0.014_mom0.9_s260925_l40s__330.json,4,330,M,48,relative_1e-2,0.0,0.05461575152425875,4,0.9760148356576593,0.11309818537673179,0.04162373448219448,-0.009032141410995544,0.006241017194658775,1.4472226448479402
logs/muon_spectra/second_order_audit_20260926/step_spectrum/soaudit_mom4m_20260927__M_b4M_lr0.014_mom0.9_s260925_l40s__330.json,4,330,M,48,absolute_1e-4,0.0,0.0001,1,0.915967267830057,0.043280014870709115,0.0024712901470722026,-0.0034563880338141896,0.0003705425400372504,9.327911536059318
logs/muon_spectra/second_order_audit_20260926/step_spectrum/soaudit_mom4m_20260927__M_b4M_lr0.014_mom0.9_s260925_l40s__330.json,4,330,M,48,absolute_1e-3,0.0,0.001,1,0.915967267830057,0.043280014870709115,0.0024712901470722026,-0.0034563880338141896,0.0003705425400372504,9.327911536059318
logs/muon_spectra/second_order_audit_20260926/step_spectrum/soaudit_mom4m_20260927__M_b4M_lr0.014_mom0.9_s260925_l40s__330.json,4,330,M,48,absolute_1e-2,0.0,0.01,2,0.9535911686646839,0.06736465000219216,0.012271214954688981,-0.005379812619409183,0.001839932540515527,2.9239184051290406
logs/muon_spectra/second_order_audit_20260926/step_spectrum/soaudit_mom4m_20260927__M_b4M_lr0.014_mom0.9_s260925_l40s__330.json,4,330,M,48,shared_muon_relative_1e-4,0.0,0.0005461575152425876,1,0.915967267830057,0.043280014870709115,0.0024712901470722026,-0.0034563880338141896,0.0003705425400372504,9.327911536059318
logs/muon_spectra/second_order_audit_20260926/step_spectrum/soaudit_mom4m_20260927__M_b4M_lr0.014_mom0.9_s260925_l40s__330.json,4,330,M,48,band_0.0001_0.001,0.0005461575152425876,0.0054615751524258755,0,0.0,-0.0,0.0,0.0,0.0,
logs/muon_spectra/second_order_audit_20260926/step_spectrum/soaudit_mom4m_20260927__M_b4M_lr0.014_mom0.9_s260925_l40s__330.json,4,330,M,48,band_0.001_0.01,0.0054615751524258755,0.05461575152425875,3,0.06004756782760219,0.06981817050602268,0.039152444335122286,-0.005575753377181354,0.005870474654621525,0.9497960054715249
logs/muon_spectra/second_order_audit_20260926/step_spectrum/soaudit_mom4m_20260927__M_b4M_lr0.014_mom0.9_s260925_l40s__330.json,4,330,M,48,band_0.01_0.1,0.05461575152425875,0.5461575152425876,8,0.017008221363665307,0.13989429067023396,0.1463154418353185,-0.011172106888502054,0.02193837721910663,0.5092494662172192
logs/muon_spectra/second_order_audit_20260926/step_spectrum/soaudit_mom4m_20260927__M_b4M_lr0.014_mom0.9_s260925_l40s__330.json,4,330,M,48,band_0.1_inf,0.5461575152425876,inf,36,0.006976942978675605,0.7470075239530343,0.812060823682487,-0.05965681561509433,0.12175951117214531,0.4899561031478739
logs/muon_spectra/second_order_audit_20260926/step_spectrum/soaudit_mom4m_20260927__M_b4M_lr0.014_mom0.9_s260925_l40s__37.json,4,37,M,8,relative_1e-4,0.0,0.001267703560814719,1,0.9908085383727097,0.1542150236665583,0.022261043701023053,-0.009056425994354153,0.0023071073351819396,3.9254463181011725
logs/muon_spectra/second_order_audit_20260926/step_spectrum/soaudit_mom4m_20260927__M_b4M_lr0.014_mom0.9_s260925_l40s__37.json,4,37,M,8,relative_1e-3,0.0,0.012677035608147189,1,0.9908085383727097,0.1542150236665583,0.022261043701023053,-0.009056425994354153,0.0023071073351819396,3.9254463181011725
logs/muon_spectra/second_order_audit_20260926/step_spectrum/soaudit_mom4m_20260927__M_b4M_lr0.014_mom0.9_s260925_l40s__37.json,4,37,M,8,relative_1e-2,0.0,0.12677035608147189,1,0.9908085383727097,0.1542150236665583,0.022261043701023053,-0.009056425994354153,0.0023071073351819396,3.9254463181011725
logs/muon_spectra/second_order_audit_20260926/step_spectrum/soaudit_mom4m_20260927__M_b4M_lr0.014_mom0.9_s260925_l40s__37.json,4,37,M,8,absolute_1e-4,0.0,0.0001,0,0.0,-0.0,0.0,0.0,0.0,
logs/muon_spectra/second_order_audit_20260926/step_spectrum/soaudit_mom4m_20260927__M_b4M_lr0.014_mom0.9_s260925_l40s__37.json,4,37,M,8,absolute_1e-3,0.0,0.001,1,0.9908085383727097,0.1542150236665583,0.022261043701023053,-0.009056425994354153,0.0023071073351819396,3.9254463181011725
logs/muon_spectra/second_order_audit_20260926/step_spectrum/soaudit_mom4m_20260927__M_b4M_lr0.014_mom0.9_s260925_l40s__37.json,4,37,M,8,absolute_1e-2,0.0,0.01,1,0.9908085383727097,0.1542150236665583,0.022261043701023053,-0.009056425994354153,0.0023071073351819396,3.9254463181011725
logs/muon_spectra/second_order_audit_20260926/step_spectrum/soaudit_mom4m_20260927__M_b4M_lr0.014_mom0.9_s260925_l40s__37.json,4,37,M,8,shared_muon_relative_1e-4,0.0,0.001267703560814719,1,0.9908085383727097,0.1542150236665583,0.022261043701023053,-0.009056425994354153,0.0023071073351819396,3.9254463181011725
logs/muon_spectra/second_order_audit_20260926/step_spectrum/soaudit_mom4m_20260927__M_b4M_lr0.014_mom0.9_s260925_l40s__37.json,4,37,M,8,band_0.0001_0.001,0.001267703560814719,0.012677035608147189,0,0.0,-0.0,0.0,0.0,0.0,
logs/muon_spectra/second_order_audit_20260926/step_spectrum/soaudit_mom4m_20260927__M_b4M_lr0.014_mom0.9_s260925_l40s__37.json,4,37,M,8,band_0.001_0.01,0.012677035608147189,0.12677035608147189,0,0.0,-0.0,0.0,0.0,0.0,
logs/muon_spectra/second_order_audit_20260926/step_spectrum/soaudit_mom4m_20260927__M_b4M_lr0.014_mom0.9_s260925_l40s__37.json,4,37,M,8,band_0.01_0.1,0.12677035608147189,1.267703560814719,1,0.004250609513383786,0.07238892041223756,0.08401029798810869,-0.0042511091652271136,0.008706724505925958,0.4882558489514317
logs/muon_spectra/second_order_audit_20260926/step_spectrum/soaudit_mom4m_20260927__M_b4M_lr0.014_mom0.9_s260925_l40s__37.json,4,37,M,8,band_0.1_inf,1.267703560814719,inf,6,0.004940852113906508,0.7733960559212042,0.8937286583108683,-0.045418429270031244,0.0926249447664737,0.4903477069221507
logs/muon_spectra/second_order_audit_20260926/step_spectrum/soaudit_mom4m_20260927__M_b4M_lr0.014_mom0.9_s260925_l40s__37.json,4,37,M,16,relative_1e-4,0.0,0.001267703560814719,1,0.9853095677487375,0.12213108561999757,0.007821192270627055,-0.007172265789869938,0.0008105787985404615,8.848326409208347
logs/muon_spectra/second_order_audit_20260926/step_spectrum/soaudit_mom4m_20260927__M_b4M_lr0.014_mom0.9_s260925_l40s__37.json,4,37,M,16,relative_1e-3,0.0,0.012677035608147189,1,0.9853095677487375,0.12213108561999757,0.007821192270627055,-0.007172265789869938,0.0008105787985404615,8.848326409208347
logs/muon_spectra/second_order_audit_20260926/step_spectrum/soaudit_mom4m_20260927__M_b4M_lr0.014_mom0.9_s260925_l40s__37.json,4,37,M,16,relative_1e-2,0.0,0.12677035608147189,2,0.9912582811286169,0.16798099344320944,0.030814287169752173,-0.009864845845796891,0.0031935550243078147,3.0889857136358696
logs/muon_spectra/second_order_audit_20260926/step_spectrum/soaudit_mom4m_20260927__M_b4M_lr0.014_mom0.9_s260925_l40s__37.json,4,37,M,16,absolute_1e-4,0.0,0.0001,0,0.0,-0.0,0.0,0.0,0.0,
logs/muon_spectra/second_order_audit_20260926/step_spectrum/soaudit_mom4m_20260927__M_b4M_lr0.014_mom0.9_s260925_l40s__37.json,4,37,M,16,absolute_1e-3,0.0,0.001,1,0.9853095677487375,0.12213108561999757,0.007821192270627055,-0.007172265789869938,0.0008105787985404615,8.848326409208347
logs/muon_spectra/second_order_audit_20260926/step_spectrum/soaudit_mom4m_20260927__M_b4M_lr0.014_mom0.9_s260925_l40s__37.json,4,37,M,16,absolute_1e-2,0.0,0.01,1,0.9853095677487375,0.12213108561999757,0.007821192270627055,-0.007172265789869938,0.0008105787985404615,8.848326409208347
logs/muon_spectra/second_order_audit_20260926/step_spectrum/soaudit_mom4m_20260927__M_b4M_lr0.014_mom0.9_s260925_l40s__37.json,4,37,M,16,shared_muon_relative_1e-4,0.0,0.001267703560814719,1,0.9853095677487375,0.12213108561999757,0.007821192270627055,-0.007172265789869938,0.0008105787985404615,8.848326409208347
logs/muon_spectra/second_order_audit_20260926/step_spectrum/soaudit_mom4m_20260927__M_b4M_lr0.014_mom0.9_s260925_l40s__37.json,4,37,M,16,band_0.0001_0.001,0.001267703560814719,0.012677035608147189,0,0.0,-0.0,0.0,0.0,0.0,
logs/muon_spectra/second_order_audit_20260926/step_spectrum/soaudit_mom4m_20260927__M_b4M_lr0.014_mom0.9_s260925_l40s__37.json,4,37,M,16,band_0.001_0.01,0.012677035608147189,0.12677035608147189,1,0.005948713379879462,0.04584990782321188,0.02299309489912512,-0.0026925800559269536,0.0023829762257673534,1.1299231720450351
logs/muon_spectra/second_order_audit_20260926/step_spectrum/soaudit_mom4m_20260927__M_b4M_lr0.014_mom0.9_s260925_l40s__37.json,4,37,M,16,band_0.01_0.1,0.12677035608147189,1.267703560814719,3,0.00503112491579357,0.12175033375843351,0.14381884775296735,-0.007149905769591219,0.014905209434229579,0.4796917347012631
logs/muon_spectra/second_order_audit_20260926/step_spectrum/soaudit_mom4m_20260927__M_b4M_lr0.014_mom0.9_s260925_l40s__37.json,4,37,M,16,band_0.1_inf,1.267703560814719,inf,11,0.003710593955589522,0.7102686727983571,0.8253668650772805,-0.041711212814224415,0.08554001214904425,0.48762224561702333
logs/muon_spectra/second_order_audit_20260926/step_spectrum/soaudit_mom4m_20260927__M_b4M_lr0.014_mom0.9_s260925_l40s__37.json,4,37,M,24,relative_1e-4,0.0,0.001267703560814719,1,0.9799154766397347,0.10165696799965337,0.004004745779508621,-0.005969903486769899,0.00041504695321264865,14.383682232962276
logs/muon_spectra/second_order_audit_20260926/step_spectrum/soaudit_mom4m_20260927__M_b4M_lr0.014_mom0.9_s260925_l40s__37.json,4,37,M,24,relative_1e-3,0.0,0.012677035608147189,1,0.9799154766397347,0.10165696799965337,0.004004745779508621,-0.005969903486769899,0.00041504695321264865,14.383682232962276
logs/muon_spectra/second_order_audit_20260926/step_spectrum/soaudit_mom4m_20260927__M_b4M_lr0.014_mom0.9_s260925_l40s__37.json,4,37,M,24,relative_1e-2,0.0,0.12677035608147189,3,0.9912311580770744,0.1635509423669151,0.03140690518508597,-0.009604686823869057,0.0032549732304126165,2.950772907785641
logs/muon_spectra/second_order_audit_20260926/step_spectrum/soaudit_mom4m_20260927__M_b4M_lr0.014_mom0.9_s260925_l40s__37.json,4,37,M,24,absolute_1e-4,0.0,0.0001,1,0.9799154766397347,0.10165696799965337,0.004004745779508621,-0.005969903486769899,0.00041504695321264865,14.383682232962276
logs/muon_spectra/second_order_audit_20260926/step_spectrum/soaudit_mom4m_20260927__M_b4M_lr0.014_mom0.9_s260925_l40s__37.json,4,37,M,24,absolute_1e-3,0.0,0.001,1,0.9799154766397347,0.10165696799965337,0.004004745779508621,-0.005969903486769899,0.00041504695321264865,14.383682232962276
logs/muon_spectra/second_order_audit_20260926/step_spectrum/soaudit_mom4m_20260927__M_b4M_lr0.014_mom0.9_s260925_l40s__37.json,4,37,M,24,absolute_1e-2,0.0,0.01,1,0.9799154766397347,0.10165696799965337,0.004004745779508621,-0.005969903486769899,0.00041504695321264865,14.383682232962276
logs/muon_spectra/second_order_audit_20260926/step_spectrum/soaudit_mom4m_20260927__M_b4M_lr0.014_mom0.9_s260925_l40s__37.json,4,37,M,24,shared_muon_relative_1e-4,0.0,0.001267703560814719,1,0.9799154766397347,0.10165696799965337,0.004004745779508621,-0.005969903486769899,0.00041504695321264865,14.383682232962276
logs/muon_spectra/second_order_audit_20260926/step_spectrum/soaudit_mom4m_20260927__M_b4M_lr0.014_mom0.9_s260925_l40s__37.json,4,37,M,24,band_0.0001_0.001,0.001267703560814719,0.012677035608147189,0,0.0,-0.0,0.0,0.0,0.0,
logs/muon_spectra/second_order_audit_20260926/step_spectrum/soaudit_mom4m_20260927__M_b4M_lr0.014_mom0.9_s260925_l40s__37.json,4,37,M,24,band_0.001_0.01,0.012677035608147189,0.12677035608147189,2,0.011315681437339678,0.0618939743672617,0.027402159405577352,-0.0036347833370991576,0.002839926277199968,1.279886511942444
logs/muon_spectra/second_order_audit_20260926/step_spectrum/soaudit_mom4m_20260927__M_b4M_lr0.014_mom0.9_s260925_l40s__37.json,4,37,M,24,band_0.01_0.1,0.12677035608147189,1.267703560814719,5,0.005124142654816845,0.13734875320975765,0.14821092293496313,-0.008065937995447851,0.015360398732860112,0.5251125400926341
logs/muon_spectra/second_order_audit_20260926/step_spectrum/soaudit_mom4m_20260927__M_b4M_lr0.014_mom0.9_s260925_l40s__37.json,4,37,M,24,band_0.1_inf,1.267703560814719,inf,16,0.003644699268108851,0.699100304423327,0.8203821718799509,-0.04105533961029557,0.08502340464430871,0.48287103747548793
logs/muon_spectra/second_order_audit_20260926/step_spectrum/soaudit_mom4m_20260927__M_b4M_lr0.014_mom0.9_s260925_l40s__37.json,4,37,M,32,relative_1e-4,0.0,0.001267703560814719,1,0.9746320632461714,0.07827258096466504,0.002381782311058618,-0.004596632805544884,0.0002468450048636936,18.621534626893176
logs/muon_spectra/second_order_audit_20260926/step_spectrum/soaudit_mom4m_20260927__M_b4M_lr0.014_mom0.9_s260925_l40s__37.json,4,37,M,32,relative_1e-3,0.0,0.012677035608147189,1,0.9746320632461714,0.07827258096466504,0.002381782311058618,-0.004596632805544884,0.0002468450048636936,18.621534626893176
logs/muon_spectra/second_order_audit_20260926/step_spectrum/soaudit_mom4m_20260927__M_b4M_lr0.014_mom0.9_s260925_l40s__37.json,4,37,M,32,relative_1e-2,0.0,0.12677035608147189,3,0.9893421565639229,0.1501200862056859,0.01984696662911071,-0.008815946842685473,0.002056915340812532,4.286003739562251
logs/muon_spectra/second_order_audit_20260926/step_spectrum/soaudit_mom4m_20260927__M_b4M_lr0.014_mom0.9_s260925_l40s__37.json,4,37,M,32,absolute_1e-4,0.0,0.0001,1,0.9746320632461714,0.07827258096466504,0.002381782311058618,-0.004596632805544884,0.0002468450048636936,18.621534626893176
logs/muon_spectra/second_order_audit_20260926/step_spectrum/soaudit_mom4m_20260927__M_b4M_lr0.014_mom0.9_s260925_l40s__37.json,4,37,M,32,absolute_1e-3,0.0,0.001,1,0.9746320632461714,0.07827258096466504,0.002381782311058618,-0.004596632805544884,0.0002468450048636936,18.621534626893176
logs/muon_spectra/second_order_audit_20260926/step_spectrum/soaudit_mom4m_20260927__M_b4M_lr0.014_mom0.9_s260925_l40s__37.json,4,37,M,32,absolute_1e-2,0.0,0.01,1,0.9746320632461714,0.07827258096466504,0.002381782311058618,-0.004596632805544884,0.0002468450048636936,18.621534626893176
logs/muon_spectra/second_order_audit_20260926/step_spectrum/soaudit_mom4m_20260927__M_b4M_lr0.014_mom0.9_s260925_l40s__37.json,4,37,M,32,shared_muon_relative_1e-4,0.0,0.001267703560814719,1,0.9746320632461714,0.07827258096466504,0.002381782311058618,-0.004596632805544884,0.0002468450048636936,18.621534626893176
logs/muon_spectra/second_order_audit_20260926/step_spectrum/soaudit_mom4m_20260927__M_b4M_lr0.014_mom0.9_s260925_l40s__37.json,4,37,M,32,band_0.0001_0.001,0.001267703560814719,0.012677035608147189,0,0.0,-0.0,0.0,0.0,0.0,
logs/muon_spectra/second_order_audit_20260926/step_spectrum/soaudit_mom4m_20260927__M_b4M_lr0.014_mom0.9_s260925_l40s__37.json,4,37,M,32,band_0.001_0.01,0.012677035608147189,0.12677035608147189,2,0.0147100933177516,0.07184750524102086,0.017465184318052093,-0.004219314037140589,0.0018100703359488386,2.3310221450200306
logs/muon_spectra/second_order_audit_20260926/step_spectrum/soaudit_mom4m_20260927__M_b4M_lr0.014_mom0.9_s260925_l40s__37.json,4,37,M,32,band_0.01_0.1,0.12677035608147189,1.267703560814719,8,0.0069208259922699565,0.1440484799697556,0.15399124430271605,-0.008459385910843617,0.015959464167812715,0.5300545069617458
logs/muon_spectra/second_order_audit_20260926/step_spectrum/soaudit_mom4m_20260927__M_b4M_lr0.014_mom0.9_s260925_l40s__37.json,4,37,M,32,band_0.1_inf,1.267703560814719,inf,21,0.0037370174438070792,0.7058314338245584,0.8261617890681733,-0.04145063167608341,0.08562239709895639,0.4841096848547427
logs/muon_spectra/second_order_audit_20260926/step_spectrum/soaudit_mom4m_20260927__M_b4M_lr0.014_mom0.9_s260925_l40s__37.json,4,37,M,40,relative_1e-4,0.0,0.001267703560814719,1,0.9697652546293895,0.06591999712857634,0.001576691945474145,-0.0038712154065729367,0.00016340642431596832,23.690717318967952
logs/muon_spectra/second_order_audit_20260926/step_spectrum/soaudit_mom4m_20260927__M_b4M_lr0.014_mom0.9_s260925_l40s__37.json,4,37,M,40,relative_1e-3,0.0,0.012677035608147189,2,0.9832910661385738,0.12776866769922057,0.007361216933296248,-0.007503338234523416,0.0007629075173098375,9.8351871809858
logs/muon_spectra/second_order_audit_20260926/step_spectrum/soaudit_mom4m_20260927__M_b4M_lr0.014_mom0.9_s260925_l40s__37.json,4,37,M,40,relative_1e-2,0.0,0.12677035608147189,4,0.9896215092680253,0.15421165996076794,0.021248426281264308,-0.009056228457487568,0.0022021609046266196,4.112428132958372
logs/muon_spectra/second_order_audit_20260926/step_spectrum/soaudit_mom4m_20260927__M_b4M_lr0.014_mom0.9_s260925_l40s__37.json,4,37,M,40,absolute_1e-4,0.0,0.0001,1,0.9697652546293895,0.06591999712857634,0.001576691945474145,-0.0038712154065729367,0.00016340642431596832,23.690717318967952
logs/muon_spectra/second_order_audit_20260926/step_spectrum/soaudit_mom4m_20260927__M_b4M_lr0.014_mom0.9_s260925_l40s__37.json,4,37,M,40,absolute_1e-3,0.0,0.001,1,0.9697652546293895,0.06591999712857634,0.001576691945474145,-0.0038712154065729367,0.00016340642431596832,23.690717318967952
logs/muon_spectra/second_order_audit_20260926/step_spectrum/soaudit_mom4m_20260927__M_b4M_lr0.014_mom0.9_s260925_l40s__37.json,4,37,M,40,absolute_1e-2,0.0,0.01,2,0.9832910661385738,0.12776866769922057,0.007361216933296248,-0.007503338234523416,0.0007629075173098375,9.8351871809858
logs/muon_spectra/second_order_audit_20260926/step_spectrum/soaudit_mom4m_20260927__M_b4M_lr0.014_mom0.9_s260925_l40s__37.json,4,37,M,40,shared_muon_relative_1e-4,0.0,0.001267703560814719,1,0.9697652546293895,0.06591999712857634,0.001576691945474145,-0.0038712154065729367,0.00016340642431596832,23.690717318967952
logs/muon_spectra/second_order_audit_20260926/step_spectrum/soaudit_mom4m_20260927__M_b4M_lr0.014_mom0.9_s260925_l40s__37.json,4,37,M,40,band_0.0001_0.001,0.001267703560814719,0.012677035608147189,1,0.013525811509184277,0.06184867057064424,0.005784524987822103,-0.0036321228279504797,0.0005995010929938692,6.058575823126353
logs/muon_spectra/second_order_audit_20260926/step_spectrum/soaudit_mom4m_20260927__M_b4M_lr0.014_mom0.9_s260925_l40s__37.json,4,37,M,40,band_0.001_0.01,0.012677035608147189,0.12677035608147189,2,0.006330443129451386,0.026442992261547404,0.013887209347968058,-0.0015528902229641533,0.001439253387316782,1.0789554060798328
logs/muon_spectra/second_order_audit_20260926/step_spectrum/soaudit_mom4m_20260927__M_b4M_lr0.014_mom0.9_s260925_l40s__37.json,4,37,M,40,band_0.01_0.1,0.12677035608147189,1.267703560814719,10,0.006454989155422012,0.13932410503270337,0.14116690235209023,-0.008181942436338144,0.014630365057252579,0.5592439015923382
logs/muon_spectra/second_order_audit_20260926/step_spectrum/soaudit_mom4m_20260927__M_b4M_lr0.014_mom0.9_s260925_l40s__37.json,4,37,M,40,band_0.1_inf,1.267703560814719,inf,26,0.003923501576552811,0.7064642350065286,0.8375846713666455,-0.041487793535786854,0.0868062506457025,0.4779355544927084
logs/muon_spectra/second_order_audit_20260926/step_spectrum/soaudit_mom4m_20260927__M_b4M_lr0.014_mom0.9_s260925_l40s__37.json,4,37,M,48,relative_1e-4,0.0,0.001267703560814719,1,0.9654088724938081,0.05887281530038013,0.0011319878597326719,-0.003457362857201272,0.0001173178369173288,29.4700528755708
logs/muon_spectra/second_order_audit_20260926/step_spectrum/soaudit_mom4m_20260927__M_b4M_lr0.014_mom0.9_s260925_l40s__37.json,4,37,M,48,relative_1e-3,0.0,0.012677035608147189,2,0.9806847358729017,0.1121938805345186,0.00543028882365692,-0.006588693837490337,0.0005627884903096266,11.707229182788488
logs/muon_spectra/second_order_audit_20260926/step_spectrum/soaudit_mom4m_20260927__M_b4M_lr0.014_mom0.9_s260925_l40s__37.json,4,37,M,48,relative_1e-2,0.0,0.12677035608147189,5,0.9897609740370281,0.15364570790493673,0.02198848604017035,-0.009022992377187952,0.002278859792656142,3.959432873520988
logs/muon_spectra/second_order_audit_20260926/step_spectrum/soaudit_mom4m_20260927__M_b4M_lr0.014_mom0.9_s260925_l40s__37.json,4,37,M,48,absolute_1e-4,0.0,0.0001,1,0.9654088724938081,0.05887281530038013,0.0011319878597326719,-0.003457362857201272,0.0001173178369173288,29.4700528755708
logs/muon_spectra/second_order_audit_20260926/step_spectrum/soaudit_mom4m_20260927__M_b4M_lr0.014_mom0.9_s260925_l40s__37.json,4,37,M,48,absolute_1e-3,0.0,0.001,1,0.9654088724938081,0.05887281530038013,0.0011319878597326719,-0.003457362857201272,0.0001173178369173288,29.4700528755708
logs/muon_spectra/second_order_audit_20260926/step_spectrum/soaudit_mom4m_20260927__M_b4M_lr0.014_mom0.9_s260925_l40s__37.json,4,37,M,48,absolute_1e-2,0.0,0.01,2,0.9806847358729017,0.1121938805345186,0.00543028882365692,-0.006588693837490337,0.0005627884903096266,11.707229182788488
logs/muon_spectra/second_order_audit_20260926/step_spectrum/soaudit_mom4m_20260927__M_b4M_lr0.014_mom0.9_s260925_l40s__37.json,4,37,M,48,shared_muon_relative_1e-4,0.0,0.001267703560814719,1,0.9654088724938081,0.05887281530038013,0.0011319878597326719,-0.003457362857201272,0.0001173178369173288,29.4700528755708
logs/muon_spectra/second_order_audit_20260926/step_spectrum/soaudit_mom4m_20260927__M_b4M_lr0.014_mom0.9_s260925_l40s__37.json,4,37,M,48,band_0.0001_0.001,0.001267703560814719,0.012677035608147189,1,0.015275863379093601,0.05332106523413847,0.004298300963924248,-0.0031313309802890655,0.00044547065339229784,7.029264344224939
logs/muon_spectra/second_order_audit_20260926/step_spectrum/soaudit_mom4m_20260927__M_b4M_lr0.014_mom0.9_s260925_l40s__37.json,4,37,M,48,band_0.001_0.01,0.012677035608147189,0.12677035608147189,3,0.009076238164126433,0.041451827370418116,0.016558197216513432,-0.0024342985396976135,0.0017160713023465154,1.4185299505731557
logs/muon_spectra/second_order_audit_20260926/step_spectrum/soaudit_mom4m_20260927__M_b4M_lr0.014_mom0.9_s260925_l40s__37.json,4,37,M,48,band_0.01_0.1,0.12677035608147189,1.267703560814719,12,0.006210231523747348,0.13345588630887165,0.13423070894452419,-0.00783732563229721,0.013911506458178848,0.5633700171766439
logs/muon_spectra/second_order_audit_20260926/step_spectrum/soaudit_mom4m_20260927__M_b4M_lr0.014_mom0.9_s260925_l40s__37.json,4,37,M,48,band_0.1_inf,1.267703560814719,inf,31,0.004028794439224526,0.7128984057861916,0.8437808050153056,-0.04186564642012737,0.08744841035674664,0.4787467976757503
logs/muon_spectra/second_order_audit_20260926/step_spectrum/soaudit_prefilter16m_20260928__SPD_a0.5_b16M_lr0.028_mom0.8_s260925_ada__46.json,16,46,SPD_b08,8,relative_1e-4,0.0,0.04932683242666723,1,0.9999028165285816,0.29153318007592116,0.15282456078179843,-0.037684407415878585,0.028345434121354655,1.329470109878762
logs/muon_spectra/second_order_audit_20260926/step_spectrum/soaudit_prefilter16m_20260928__SPD_a0.5_b16M_lr0.028_mom0.8_s260925_ada__46.json,16,46,SPD_b08,8,relative_1e-3,0.0,0.4932683242666723,1,0.9999028165285816,0.29153318007592116,0.15282456078179843,-0.037684407415878585,0.028345434121354655,1.329470109878762
logs/muon_spectra/second_order_audit_20260926/step_spectrum/soaudit_prefilter16m_20260928__SPD_a0.5_b16M_lr0.028_mom0.8_s260925_ada__46.json,16,46,SPD_b08,8,relative_1e-2,0.0,4.932683242666723,1,0.9999028165285816,0.29153318007592116,0.15282456078179843,-0.037684407415878585,0.028345434121354655,1.329470109878762
logs/muon_spectra/second_order_audit_20260926/step_spectrum/soaudit_prefilter16m_20260928__SPD_a0.5_b16M_lr0.028_mom0.8_s260925_ada__46.json,16,46,SPD_b08,8,absolute_1e-4,0.0,0.0001,0,0.0,-0.0,0.0,0.0,0.0,
logs/muon_spectra/second_order_audit_20260926/step_spectrum/soaudit_prefilter16m_20260928__SPD_a0.5_b16M_lr0.028_mom0.8_s260925_ada__46.json,16,46,SPD_b08,8,absolute_1e-3,0.0,0.001,1,0.9999028165285816,0.29153318007592116,0.15282456078179843,-0.037684407415878585,0.028345434121354655,1.329470109878762
logs/muon_spectra/second_order_audit_20260926/step_spectrum/soaudit_prefilter16m_20260928__SPD_a0.5_b16M_lr0.028_mom0.8_s260925_ada__46.json,16,46,SPD_b08,8,absolute_1e-2,0.0,0.01,1,0.9999028165285816,0.29153318007592116,0.15282456078179843,-0.037684407415878585,0.028345434121354655,1.329470109878762
logs/muon_spectra/second_order_audit_20260926/step_spectrum/soaudit_prefilter16m_20260928__SPD_a0.5_b16M_lr0.028_mom0.8_s260925_ada__46.json,16,46,SPD_b08,8,shared_muon_relative_1e-4,0.0,0.0004477881411072237,0,0.0,-0.0,0.0,0.0,0.0,
logs/muon_spectra/second_order_audit_20260926/step_spectrum/soaudit_prefilter16m_20260928__SPD_a0.5_b16M_lr0.028_mom0.8_s260925_ada__46.json,16,46,SPD_b08,8,band_0.0001_0.001,0.04932683242666723,0.4932683242666723,0,0.0,-0.0,0.0,0.0,0.0,
logs/muon_spectra/second_order_audit_20260926/step_spectrum/soaudit_prefilter16m_20260928__SPD_a0.5_b16M_lr0.028_mom0.8_s260925_ada__46.json,16,46,SPD_b08,8,band_0.001_0.01,0.4932683242666723,4.932683242666723,0,0.0,-0.0,0.0,0.0,0.0,
logs/muon_spectra/second_order_audit_20260926/step_spectrum/soaudit_prefilter16m_20260928__SPD_a0.5_b16M_lr0.028_mom0.8_s260925_ada__46.json,16,46,SPD_b08,8,band_0.01_0.1,4.932683242666723,49.32683242666723,1,7.523452700232105e-05,0.10678636153211297,0.1749407320917728,-0.01380350858652683,0.03244747422326304,0.4254108807221266
logs/muon_spectra/second_order_audit_20260926/step_spectrum/soaudit_prefilter16m_20260928__SPD_a0.5_b16M_lr0.028_mom0.8_s260925_ada__46.json,16,46,SPD_b08,8,band_0.1_inf,49.32683242666723,inf,6,2.1948944416142445e-05,0.6016804583919657,0.6722347071264289,-0.07777492607294531,0.1246840462518756,0.6237760837166877
logs/muon_spectra/second_order_audit_20260926/step_spectrum/soaudit_prefilter16m_20260928__SPD_a0.5_b16M_lr0.028_mom0.8_s260925_ada__46.json,16,46,SPD_b08,16,relative_1e-4,0.0,0.04932683242666723,1,0.999704811066649,0.21154624468995398,0.08377709286564963,-0.027345068818991028,0.015538720049668303,1.7598018840409413
logs/muon_spectra/second_order_audit_20260926/step_spectrum/soaudit_prefilter16m_20260928__SPD_a0.5_b16M_lr0.028_mom0.8_s260925_ada__46.json,16,46,SPD_b08,16,relative_1e-3,0.0,0.4932683242666723,1,0.999704811066649,0.21154624468995398,0.08377709286564963,-0.027345068818991028,0.015538720049668303,1.7598018840409413
logs/muon_spectra/second_order_audit_20260926/step_spectrum/soaudit_prefilter16m_20260928__SPD_a0.5_b16M_lr0.028_mom0.8_s260925_ada__46.json,16,46,SPD_b08,16,relative_1e-2,0.0,4.932683242666723,2,0.9999316182345255,0.332511024031157,0.20347109770258504,-0.0429813199876526,0.03773919955028102,1.1389038585830988
logs/muon_spectra/second_order_audit_20260926/step_spectrum/soaudit_prefilter16m_20260928__SPD_a0.5_b16M_lr0.028_mom0.8_s260925_ada__46.json,16,46,SPD_b08,16,absolute_1e-4,0.0,0.0001,0,0.0,-0.0,0.0,0.0,0.0,
logs/muon_spectra/second_order_audit_20260926/step_spectrum/soaudit_prefilter16m_20260928__SPD_a0.5_b16M_lr0.028_mom0.8_s260925_ada__46.json,16,46,SPD_b08,16,absolute_1e-3,0.0,0.001,1,0.999704811066649,0.21154624468995398,0.08377709286564963,-0.027345068818991028,0.015538720049668303,1.7598018840409413
logs/muon_spectra/second_order_audit_20260926/step_spectrum/soaudit_prefilter16m_20260928__SPD_a0.5_b16M_lr0.028_mom0.8_s260925_ada__46.json,16,46,SPD_b08,16,absolute_1e-2,0.0,0.01,1,0.999704811066649,0.21154624468995398,0.08377709286564963,-0.027345068818991028,0.015538720049668303,1.7598018840409413
logs/muon_spectra/second_order_audit_20260926/step_spectrum/soaudit_prefilter16m_20260928__SPD_a0.5_b16M_lr0.028_mom0.8_s260925_ada__46.json,16,46,SPD_b08,16,shared_muon_relative_1e-4,0.0,0.0004477881411072237,0,0.0,-0.0,0.0,0.0,0.0,
logs/muon_spectra/second_order_audit_20260926/step_spectrum/soaudit_prefilter16m_20260928__SPD_a0.5_b16M_lr0.028_mom0.8_s260925_ada__46.json,16,46,SPD_b08,16,band_0.0001_0.001,0.04932683242666723,0.4932683242666723,0,0.0,-0.0,0.0,0.0,0.0,
logs/muon_spectra/second_order_audit_20260926/step_spectrum/soaudit_prefilter16m_20260928__SPD_a0.5_b16M_lr0.028_mom0.8_s260925_ada__46.json,16,46,SPD_b08,16,band_0.001_0.01,0.4932683242666723,4.932683242666723,1,0.0002268071678764462,0.120964779341203,0.1196940048369354,-0.015636251168661575,0.02220047950061272,0.7043204255218912
logs/muon_spectra/second_order_audit_20260926/step_spectrum/soaudit_prefilter16m_20260928__SPD_a0.5_b16M_lr0.028_mom0.8_s260925_ada__46.json,16,46,SPD_b08,16,band_0.01_0.1,4.932683242666723,49.32683242666723,2,4.7777465649722205e-05,0.08776317441094926,0.13768586699514643,-0.011344517353913997,0.025537555301237594,0.44422879246253544
logs/muon_spectra/second_order_audit_20260926/step_spectrum/soaudit_prefilter16m_20260928__SPD_a0.5_b16M_lr0.028_mom0.8_s260925_ada__46.json,16,46,SPD_b08,16,band_0.1_inf,49.32683242666723,inf,12,2.0604299824869926e-05,0.5797258015578938,0.6588430353022686,-0.07493700473378415,0.12220019974497473,0.6132314422576531
logs/muon_spectra/second_order_audit_20260926/step_spectrum/soaudit_prefilter16m_20260928__SPD_a0.5_b16M_lr0.028_mom0.8_s260925_ada__46.json,16,46,SPD_b08,24,relative_1e-4,0.0,0.04932683242666723,1,0.9994354262642686,0.18778055712611066,0.055827703450240615,-0.024273048500613837,0.01035475241806679,2.344145714026214
logs/muon_spectra/second_order_audit_20260926/step_spectrum/soaudit_prefilter16m_20260928__SPD_a0.5_b16M_lr0.028_mom0.8_s260925_ada__46.json,16,46,SPD_b08,24,relative_1e-3,0.0,0.4932683242666723,1,0.9994354262642686,0.18778055712611066,0.055827703450240615,-0.024273048500613837,0.01035475241806679,2.344145714026214
logs/muon_spectra/second_order_audit_20260926/step_spectrum/soaudit_prefilter16m_20260928__SPD_a0.5_b16M_lr0.028_mom0.8_s260925_ada__46.json,16,46,SPD_b08,24,relative_1e-2,0.0,4.932683242666723,2,0.9998560324934374,0.27533369679324055,0.1425934674226731,-0.03559041616660718,0.026447802082911732,1.345685212519138
logs/muon_spectra/second_order_audit_20260926/step_spectrum/soaudit_prefilter16m_20260928__SPD_a0.5_b16M_lr0.028_mom0.8_s260925_ada__46.json,16,46,SPD_b08,24,absolute_1e-4,0.0,0.0001,0,0.0,-0.0,0.0,0.0,0.0,
logs/muon_spectra/second_order_audit_20260926/step_spectrum/soaudit_prefilter16m_20260928__SPD_a0.5_b16M_lr0.028_mom0.8_s260925_ada__46.json,16,46,SPD_b08,24,absolute_1e-3,0.0,0.001,1,0.9994354262642686,0.18778055712611066,0.055827703450240615,-0.024273048500613837,0.01035475241806679,2.344145714026214
logs/muon_spectra/second_order_audit_20260926/step_spectrum/soaudit_prefilter16m_20260928__SPD_a0.5_b16M_lr0.028_mom0.8_s260925_ada__46.json,16,46,SPD_b08,24,absolute_1e-2,0.0,0.01,1,0.9994354262642686,0.18778055712611066,0.055827703450240615,-0.024273048500613837,0.01035475241806679,2.344145714026214
logs/muon_spectra/second_order_audit_20260926/step_spectrum/soaudit_prefilter16m_20260928__SPD_a0.5_b16M_lr0.028_mom0.8_s260925_ada__46.json,16,46,SPD_b08,24,shared_muon_relative_1e-4,0.0,0.0004477881411072237,1,0.9994354262642686,0.18778055712611066,0.055827703450240615,-0.024273048500613837,0.01035475241806679,2.344145714026214
logs/muon_spectra/second_order_audit_20260926/step_spectrum/soaudit_prefilter16m_20260928__SPD_a0.5_b16M_lr0.028_mom0.8_s260925_ada__46.json,16,46,SPD_b08,24,band_0.0001_0.001,0.04932683242666723,0.4932683242666723,0,0.0,-0.0,0.0,0.0,0.0,
logs/muon_spectra/second_order_audit_20260926/step_spectrum/soaudit_prefilter16m_20260928__SPD_a0.5_b16M_lr0.028_mom0.8_s260925_ada__46.json,16,46,SPD_b08,24,band_0.001_0.01,0.4932683242666723,4.932683242666723,1,0.0004206062291687425,0.08755313966712988,0.08676576397243248,-0.011317367665993344,0.01609304966484494,0.7032456806938208
logs/muon_spectra/second_order_audit_20260926/step_spectrum/soaudit_prefilter16m_20260928__SPD_a0.5_b16M_lr0.028_mom0.8_s260925_ada__46.json,16,46,SPD_b08,24,band_0.01_0.1,4.932683242666723,49.32683242666723,4,0.0001229260893711341,0.13799611206581477,0.19587369941261729,-0.01783776964097583,0.03633005725260126,0.49099205974134913
logs/muon_spectra/second_order_audit_20260926/step_spectrum/soaudit_prefilter16m_20260928__SPD_a0.5_b16M_lr0.028_mom0.8_s260925_ada__46.json,16,46,SPD_b08,24,band_0.1_inf,49.32683242666723,inf,18,2.10414171915786e-05,0.5866701911409448,0.6615328331647096,-0.07583465626776782,0.12269909526098063,0.6180539156093019
logs/muon_spectra/second_order_audit_20260926/step_spectrum/soaudit_prefilter16m_20260928__SPD_a0.5_b16M_lr0.028_mom0.8_s260925_ada__46.json,16,46,SPD_b08,32,relative_1e-4,0.0,0.04932683242666723,1,0.9991076372075038,0.18092703825219977,0.04083959061747131,-0.023387143172755028,0.007574802894696094,3.0874919780593624
logs/muon_spectra/second_order_audit_20260926/step_spectrum/soaudit_prefilter16m_20260928__SPD_a0.5_b16M_lr0.028_mom0.8_s260925_ada__46.json,16,46,SPD_b08,32,relative_1e-3,0.0,0.4932683242666723,1,0.9991076372075038,0.18092703825219977,0.04083959061747131,-0.023387143172755028,0.007574802894696094,3.0874919780593624
logs/muon_spectra/second_order_audit_20260926/step_spectrum/soaudit_prefilter16m_20260928__SPD_a0.5_b16M_lr0.028_mom0.8_s260925_ada__46.json,16,46,SPD_b08,32,relative_1e-2,0.0,4.932683242666723,3,0.9998870753296449,0.2936177648071842,0.16365173272493216,-0.03795386676278851,0.030353625000259676,1.2503899208896405
logs/muon_spectra/second_order_audit_20260926/step_spectrum/soaudit_prefilter16m_20260928__SPD_a0.5_b16M_lr0.028_mom0.8_s260925_ada__46.json,16,46,SPD_b08,32,absolute_1e-4,0.0,0.0001,0,0.0,-0.0,0.0,0.0,0.0,
logs/muon_spectra/second_order_audit_20260926/step_spectrum/soaudit_prefilter16m_20260928__SPD_a0.5_b16M_lr0.028_mom0.8_s260925_ada__46.json,16,46,SPD_b08,32,absolute_1e-3,0.0,0.001,1,0.9991076372075038,0.18092703825219977,0.04083959061747131,-0.023387143172755028,0.007574802894696094,3.0874919780593624
logs/muon_spectra/second_order_audit_20260926/step_spectrum/soaudit_prefilter16m_20260928__SPD_a0.5_b16M_lr0.028_mom0.8_s260925_ada__46.json,16,46,SPD_b08,32,absolute_1e-2,0.0,0.01,1,0.9991076372075038,0.18092703825219977,0.04083959061747131,-0.023387143172755028,0.007574802894696094,3.0874919780593624
logs/muon_spectra/second_order_audit_20260926/step_spectrum/soaudit_prefilter16m_20260928__SPD_a0.5_b16M_lr0.028_mom0.8_s260925_ada__46.json,16,46,SPD_b08,32,shared_muon_relative_1e-4,0.0,0.0004477881411072237,1,0.9991076372075038,0.18092703825219977,0.04083959061747131,-0.023387143172755028,0.007574802894696094,3.0874919780593624
logs/muon_spectra/second_order_audit_20260926/step_spectrum/soaudit_prefilter16m_20260928__SPD_a0.5_b16M_lr0.028_mom0.8_s260925_ada__46.json,16,46,SPD_b08,32,band_0.0001_0.001,0.04932683242666723,0.4932683242666723,0,0.0,-0.0,0.0,0.0,0.0,
logs/muon_spectra/second_order_audit_20260926/step_spectrum/soaudit_prefilter16m_20260928__SPD_a0.5_b16M_lr0.028_mom0.8_s260925_ada__46.json,16,46,SPD_b08,32,band_0.001_0.01,0.4932683242666723,4.932683242666723,2,0.0007794381221410116,0.11269072655498445,0.12281214210746086,-0.01456672359003348,0.022778822105563583,0.6394853747277675
logs/muon_spectra/second_order_audit_20260926/step_spectrum/soaudit_prefilter16m_20260928__SPD_a0.5_b16M_lr0.028_mom0.8_s260925_ada__46.json,16,46,SPD_b08,32,band_0.01_0.1,4.932683242666723,49.32683242666723,6,9.250390892776138e-05,0.12463242537372797,0.17951602542157452,-0.016110341518552125,0.03329608569646029,0.4838509146516528
logs/muon_spectra/second_order_audit_20260926/step_spectrum/soaudit_prefilter16m_20260928__SPD_a0.5_b16M_lr0.028_mom0.8_s260925_ada__46.json,16,46,SPD_b08,32,band_0.1_inf,49.32683242666723,inf,23,2.0420761427325695e-05,0.5817498098190877,0.6568322418534935,-0.07519863379401003,0.12182724389977324,0.6172562998788319
logs/muon_spectra/second_order_audit_20260926/step_spectrum/soaudit_prefilter16m_20260928__SPD_a0.5_b16M_lr0.028_mom0.8_s260925_ada__46.json,16,46,SPD_b08,40,relative_1e-4,0.0,0.04932683242666723,1,0.9987366784626976,0.16794713604476566,0.03169238278462651,-0.021709324123561975,0.005878206642798852,3.6931883213321823
logs/muon_spectra/second_order_audit_20260926/step_spectrum/soaudit_prefilter16m_20260928__SPD_a0.5_b16M_lr0.028_mom0.8_s260925_ada__46.json,16,46,SPD_b08,40,relative_1e-3,0.0,0.4932683242666723,2,0.999647016620761,0.2226241851638014,0.08651780132623188,-0.028777034888982082,0.016047058308373927,1.793290354903565
logs/muon_spectra/second_order_audit_20260926/step_spectrum/soaudit_prefilter16m_20260928__SPD_a0.5_b16M_lr0.028_mom0.8_s260925_ada__46.json,16,46,SPD_b08,40,relative_1e-2,0.0,4.932683242666723,4,0.9998974107997343,0.30312808801396895,0.17216165454058582,-0.039183198169552666,0.03193201938248138,1.2270817482670529
logs/muon_spectra/second_order_audit_20260926/step_spectrum/soaudit_prefilter16m_20260928__SPD_a0.5_b16M_lr0.028_mom0.8_s260925_ada__46.json,16,46,SPD_b08,40,absolute_1e-4,0.0,0.0001,0,0.0,-0.0,0.0,0.0,0.0,
logs/muon_spectra/second_order_audit_20260926/step_spectrum/soaudit_prefilter16m_20260928__SPD_a0.5_b16M_lr0.028_mom0.8_s260925_ada__46.json,16,46,SPD_b08,40,absolute_1e-3,0.0,0.001,1,0.9987366784626976,0.16794713604476566,0.03169238278462651,-0.021709324123561975,0.005878206642798852,3.6931883213321823
logs/muon_spectra/second_order_audit_20260926/step_spectrum/soaudit_prefilter16m_20260928__SPD_a0.5_b16M_lr0.028_mom0.8_s260925_ada__46.json,16,46,SPD_b08,40,absolute_1e-2,0.0,0.01,1,0.9987366784626976,0.16794713604476566,0.03169238278462651,-0.021709324123561975,0.005878206642798852,3.6931883213321823
logs/muon_spectra/second_order_audit_20260926/step_spectrum/soaudit_prefilter16m_20260928__SPD_a0.5_b16M_lr0.028_mom0.8_s260925_ada__46.json,16,46,SPD_b08,40,shared_muon_relative_1e-4,0.0,0.0004477881411072237,1,0.9987366784626976,0.16794713604476566,0.03169238278462651,-0.021709324123561975,0.005878206642798852,3.6931883213321823
logs/muon_spectra/second_order_audit_20260926/step_spectrum/soaudit_prefilter16m_20260928__SPD_a0.5_b16M_lr0.028_mom0.8_s260925_ada__46.json,16,46,SPD_b08,40,band_0.0001_0.001,0.04932683242666723,0.4932683242666723,1,0.000910338158063374,0.054677049119035745,0.05482541854160538,-0.007067710765420108,0.010168851665575076,0.6950352899085592
logs/muon_spectra/second_order_audit_20260926/step_spectrum/soaudit_prefilter16m_20260928__SPD_a0.5_b16M_lr0.028_mom0.8_s260925_ada__46.json,16,46,SPD_b08,40,band_0.001_0.01,0.4932683242666723,4.932683242666723,2,0.00025039417897326614,0.08050390285016758,0.08564385321435393,-0.010406163280570584,0.01588496107410745,0.6550952962379412
logs/muon_spectra/second_order_audit_20260926/step_spectrum/soaudit_prefilter16m_20260928__SPD_a0.5_b16M_lr0.028_mom0.8_s260925_ada__46.json,16,46,SPD_b08,40,band_0.01_0.1,4.932683242666723,49.32683242666723,7,8.169278497203967e-05,0.11024642899580221,0.16746322845087652,-0.014250766740655741,0.031060569619965388,0.4588057113896426
logs/muon_spectra/second_order_audit_20260926/step_spectrum/soaudit_prefilter16m_20260928__SPD_a0.5_b16M_lr0.028_mom0.8_s260925_ada__46.json,16,46,SPD_b08,40,band_0.1_inf,49.32683242666723,inf,29,2.0896415293406016e-05,0.5866254829902287,0.6603751170085376,-0.07582887716514224,0.12248436559404638,0.6190902552940035
logs/muon_spectra/second_order_audit_20260926/step_spectrum/soaudit_prefilter16m_20260928__SPD_a0.5_b16M_lr0.028_mom0.8_s260925_ada__46.json,16,46,SPD_b08,48,relative_1e-4,0.0,0.04932683242666723,1,0.9983099028280266,0.15867564653612945,0.02532883981165058,-0.020510865039403862,0.004697916071727357,4.36594965219596
logs/muon_spectra/second_order_audit_20260926/step_spectrum/soaudit_prefilter16m_20260928__SPD_a0.5_b16M_lr0.028_mom0.8_s260925_ada__46.json,16,46,SPD_b08,48,relative_1e-3,0.0,0.4932683242666723,2,0.9995132510363236,0.21007920091796647,0.07099968269172116,-0.02715543457157496,0.01316880492297777,2.062103184791843
logs/muon_spectra/second_order_audit_20260926/step_spectrum/soaudit_prefilter16m_20260928__SPD_a0.5_b16M_lr0.028_mom0.8_s260925_ada__46.json,16,46,SPD_b08,48,relative_1e-2,0.0,4.932683242666723,5,0.9999001477054189,0.3070708285580381,0.1747061029692139,-0.039692848017844756,0.0324039559281511,1.2249383410425327
logs/muon_spectra/second_order_audit_20260926/step_spectrum/soaudit_prefilter16m_20260928__SPD_a0.5_b16M_lr0.028_mom0.8_s260925_ada__46.json,16,46,SPD_b08,48,absolute_1e-4,0.0,0.0001,0,0.0,-0.0,0.0,0.0,0.0,
logs/muon_spectra/second_order_audit_20260926/step_spectrum/soaudit_prefilter16m_20260928__SPD_a0.5_b16M_lr0.028_mom0.8_s260925_ada__46.json,16,46,SPD_b08,48,absolute_1e-3,0.0,0.001,1,0.9983099028280266,0.15867564653612945,0.02532883981165058,-0.020510865039403862,0.004697916071727357,4.36594965219596
logs/muon_spectra/second_order_audit_20260926/step_spectrum/soaudit_prefilter16m_20260928__SPD_a0.5_b16M_lr0.028_mom0.8_s260925_ada__46.json,16,46,SPD_b08,48,absolute_1e-2,0.0,0.01,1,0.9983099028280266,0.15867564653612945,0.02532883981165058,-0.020510865039403862,0.004697916071727357,4.36594965219596
logs/muon_spectra/second_order_audit_20260926/step_spectrum/soaudit_prefilter16m_20260928__SPD_a0.5_b16M_lr0.028_mom0.8_s260925_ada__46.json,16,46,SPD_b08,48,shared_muon_relative_1e-4,0.0,0.0004477881411072237,1,0.9983099028280266,0.15867564653612945,0.02532883981165058,-0.020510865039403862,0.004697916071727357,4.36594965219596
logs/muon_spectra/second_order_audit_20260926/step_spectrum/soaudit_prefilter16m_20260928__SPD_a0.5_b16M_lr0.028_mom0.8_s260925_ada__46.json,16,46,SPD_b08,48,band_0.0001_0.001,0.04932683242666723,0.4932683242666723,1,0.0012033482082970397,0.05140355438183701,0.04567084288007058,-0.006644569532171097,0.008470888851250413,0.7844005096572919
logs/muon_spectra/second_order_audit_20260926/step_spectrum/soaudit_prefilter16m_20260928__SPD_a0.5_b16M_lr0.028_mom0.8_s260925_ada__46.json,16,46,SPD_b08,48,band_0.001_0.01,0.4932683242666723,4.932683242666723,3,0.0003868966690952326,0.09699162764007166,0.10370642027749274,-0.0125374134462698,0.019235151005173333,0.6517969857838827
logs/muon_spectra/second_order_audit_20260926/step_spectrum/soaudit_prefilter16m_20260928__SPD_a0.5_b16M_lr0.028_mom0.8_s260925_ada__46.json,16,46,SPD_b08,48,band_0.01_0.1,4.932683242666723,49.32683242666723,9,7.904783900513183e-05,0.10756667560415209,0.16558910051944223,-0.013904374201189985,0.030712962078718688,0.45272006540927107
logs/muon_spectra/second_order_audit_20260926/step_spectrum/soaudit_prefilter16m_20260928__SPD_a0.5_b16M_lr0.028_mom0.8_s260925_ada__46.json,16,46,SPD_b08,48,band_0.1_inf,49.32683242666723,inf,34,2.0804455575766008e-05,0.5853624958378099,0.6597047965113438,-0.07566561985631592,0.1223600365896231,0.6183850705282712
logs/muon_spectra/second_order_audit_20260926/step_spectrum/soaudit_prefilter16m_20260928__SPD_a0.5_b16M_lr0.028_mom0.8_s260925_ada__83.json,16,83,SPD_b08,8,relative_1e-4,0.0,0.049963739096267126,1,0.9998645489197127,0.3354830892967072,0.21399861681661814,-0.04578082679226006,0.049301458807235916,0.9285896989632457
logs/muon_spectra/second_order_audit_20260926/step_spectrum/soaudit_prefilter16m_20260928__SPD_a0.5_b16M_lr0.028_mom0.8_s260925_ada__83.json,16,83,SPD_b08,8,relative_1e-3,0.0,0.49963739096267124,1,0.9998645489197127,0.3354830892967072,0.21399861681661814,-0.04578082679226006,0.049301458807235916,0.9285896989632457
logs/muon_spectra/second_order_audit_20260926/step_spectrum/soaudit_prefilter16m_20260928__SPD_a0.5_b16M_lr0.028_mom0.8_s260925_ada__83.json,16,83,SPD_b08,8,relative_1e-2,0.0,4.996373909626713,1,0.9998645489197127,0.3354830892967072,0.21399861681661814,-0.04578082679226006,0.049301458807235916,0.9285896989632457
logs/muon_spectra/second_order_audit_20260926/step_spectrum/soaudit_prefilter16m_20260928__SPD_a0.5_b16M_lr0.028_mom0.8_s260925_ada__83.json,16,83,SPD_b08,8,absolute_1e-4,0.0,0.0001,0,0.0,-0.0,0.0,0.0,0.0,
logs/muon_spectra/second_order_audit_20260926/step_spectrum/soaudit_prefilter16m_20260928__SPD_a0.5_b16M_lr0.028_mom0.8_s260925_ada__83.json,16,83,SPD_b08,8,absolute_1e-3,0.0,0.001,0,0.0,-0.0,0.0,0.0,0.0,
logs/muon_spectra/second_order_audit_20260926/step_spectrum/soaudit_prefilter16m_20260928__SPD_a0.5_b16M_lr0.028_mom0.8_s260925_ada__83.json,16,83,SPD_b08,8,absolute_1e-2,0.0,0.01,1,0.9998645489197127,0.3354830892967072,0.21399861681661814,-0.04578082679226006,0.049301458807235916,0.9285896989632457
logs/muon_spectra/second_order_audit_20260926/step_spectrum/soaudit_prefilter16m_20260928__SPD_a0.5_b16M_lr0.028_mom0.8_s260925_ada__83.json,16,83,SPD_b08,8,shared_muon_relative_1e-4,0.0,0.0004660276024313964,0,0.0,-0.0,0.0,0.0,0.0,
logs/muon_spectra/second_order_audit_20260926/step_spectrum/soaudit_prefilter16m_20260928__SPD_a0.5_b16M_lr0.028_mom0.8_s260925_ada__83.json,16,83,SPD_b08,8,band_0.0001_0.001,0.049963739096267126,0.49963739096267124,0,0.0,-0.0,0.0,0.0,0.0,
logs/muon_spectra/second_order_audit_20260926/step_spectrum/soaudit_prefilter16m_20260928__SPD_a0.5_b16M_lr0.028_mom0.8_s260925_ada__83.json,16,83,SPD_b08,8,band_0.001_0.01,0.49963739096267124,4.996373909626713,0,0.0,-0.0,0.0,0.0,0.0,
logs/muon_spectra/second_order_audit_20260926/step_spectrum/soaudit_prefilter16m_20260928__SPD_a0.5_b16M_lr0.028_mom0.8_s260925_ada__83.json,16,83,SPD_b08,8,band_0.01_0.1,4.996373909626713,49.963739096267126,1,0.00011177775280459288,0.13162025045293088,0.18146391768214187,-0.017961214977993408,0.04180604527118153,0.4296320032541979
logs/muon_spectra/second_order_audit_20260926/step_spectrum/soaudit_prefilter16m_20260928__SPD_a0.5_b16M_lr0.028_mom0.8_s260925_ada__83.json,16,83,SPD_b08,8,band_0.1_inf,49.963739096267126,inf,6,2.3673327482616835e-05,0.5328966602503618,0.6045374655012399,-0.0727203560460808,0.13927463362242487,0.522136401688383
logs/muon_spectra/second_order_audit_20260926/step_spectrum/soaudit_prefilter16m_20260928__SPD_a0.5_b16M_lr0.028_mom0.8_s260925_ada__83.json,16,83,SPD_b08,16,relative_1e-4,0.0,0.049963739096267126,1,0.9995095548673198,0.24016303581048426,0.12257031444325783,-0.03277322373354883,0.02823801106010218,1.1606066611346613
logs/muon_spectra/second_order_audit_20260926/step_spectrum/soaudit_prefilter16m_20260928__SPD_a0.5_b16M_lr0.028_mom0.8_s260925_ada__83.json,16,83,SPD_b08,16,relative_1e-3,0.0,0.49963739096267124,1,0.9995095548673198,0.24016303581048426,0.12257031444325783,-0.03277322373354883,0.02823801106010218,1.1606066611346613
logs/muon_spectra/second_order_audit_20260926/step_spectrum/soaudit_prefilter16m_20260928__SPD_a0.5_b16M_lr0.028_mom0.8_s260925_ada__83.json,16,83,SPD_b08,16,relative_1e-2,0.0,4.996373909626713,2,0.9999229122683498,0.3859032801173261,0.2855495903117967,-0.05266128692999882,0.0657855250356315,0.800499606888838
logs/muon_spectra/second_order_audit_20260926/step_spectrum/soaudit_prefilter16m_20260928__SPD_a0.5_b16M_lr0.028_mom0.8_s260925_ada__83.json,16,83,SPD_b08,16,absolute_1e-4,0.0,0.0001,0,0.0,-0.0,0.0,0.0,0.0,
logs/muon_spectra/second_order_audit_20260926/step_spectrum/soaudit_prefilter16m_20260928__SPD_a0.5_b16M_lr0.028_mom0.8_s260925_ada__83.json,16,83,SPD_b08,16,absolute_1e-3,0.0,0.001,0,0.0,-0.0,0.0,0.0,0.0,
logs/muon_spectra/second_order_audit_20260926/step_spectrum/soaudit_prefilter16m_20260928__SPD_a0.5_b16M_lr0.028_mom0.8_s260925_ada__83.json,16,83,SPD_b08,16,absolute_1e-2,0.0,0.01,1,0.9995095548673198,0.24016303581048426,0.12257031444325783,-0.03277322373354883,0.02823801106010218,1.1606066611346613
logs/muon_spectra/second_order_audit_20260926/step_spectrum/soaudit_prefilter16m_20260928__SPD_a0.5_b16M_lr0.028_mom0.8_s260925_ada__83.json,16,83,SPD_b08,16,shared_muon_relative_1e-4,0.0,0.0004660276024313964,0,0.0,-0.0,0.0,0.0,0.0,
logs/muon_spectra/second_order_audit_20260926/step_spectrum/soaudit_prefilter16m_20260928__SPD_a0.5_b16M_lr0.028_mom0.8_s260925_ada__83.json,16,83,SPD_b08,16,band_0.0001_0.001,0.049963739096267126,0.49963739096267124,0,0.0,-0.0,0.0,0.0,0.0,
logs/muon_spectra/second_order_audit_20260926/step_spectrum/soaudit_prefilter16m_20260928__SPD_a0.5_b16M_lr0.028_mom0.8_s260925_ada__83.json,16,83,SPD_b08,16,band_0.001_0.01,0.49963739096267124,4.996373909626713,1,0.00041335740102999957,0.14574024430684185,0.16297927586853891,-0.019888063196449993,0.037547513975529315,0.5296772300134586
logs/muon_spectra/second_order_audit_20260926/step_spectrum/soaudit_prefilter16m_20260928__SPD_a0.5_b16M_lr0.028_mom0.8_s260925_ada__83.json,16,83,SPD_b08,16,band_0.01_0.1,4.996373909626713,49.963739096267126,2,5.609436942626194e-05,0.09490277430563906,0.1288714476494436,-0.012950660141169901,0.029689679598081026,0.4362007376464568
logs/muon_spectra/second_order_audit_20260926/step_spectrum/soaudit_prefilter16m_20260928__SPD_a0.5_b16M_lr0.028_mom0.8_s260925_ada__83.json,16,83,SPD_b08,16,band_0.1_inf,49.963739096267126,inf,12,2.0993362223838693e-05,0.5191939455770349,0.5855789620387596,-0.07085045074516552,0.1349069330671299,0.5251802048595251
logs/muon_spectra/second_order_audit_20260926/step_spectrum/soaudit_prefilter16m_20260928__SPD_a0.5_b16M_lr0.028_mom0.8_s260925_ada__83.json,16,83,SPD_b08,24,relative_1e-4,0.0,0.049963739096267126,1,0.99907174102373,0.2037573503493087,0.08435313284939315,-0.02780521660136956,0.019433455067606346,1.430791205405266
logs/muon_spectra/second_order_audit_20260926/step_spectrum/soaudit_prefilter16m_20260928__SPD_a0.5_b16M_lr0.028_mom0.8_s260925_ada__83.json,16,83,SPD_b08,24,relative_1e-3,0.0,0.49963739096267124,1,0.99907174102373,0.2037573503493087,0.08435313284939315,-0.02780521660136956,0.019433455067606346,1.430791205405266
logs/muon_spectra/second_order_audit_20260926/step_spectrum/soaudit_prefilter16m_20260928__SPD_a0.5_b16M_lr0.028_mom0.8_s260925_ada__83.json,16,83,SPD_b08,24,relative_1e-2,0.0,4.996373909626713,2,0.9998337936533405,0.3304927835756537,0.22349036286555918,-0.04509983770772852,0.0514881875525045,0.8759259133318389
logs/muon_spectra/second_order_audit_20260926/step_spectrum/soaudit_prefilter16m_20260928__SPD_a0.5_b16M_lr0.028_mom0.8_s260925_ada__83.json,16,83,SPD_b08,24,absolute_1e-4,0.0,0.0001,0,0.0,-0.0,0.0,0.0,0.0,
logs/muon_spectra/second_order_audit_20260926/step_spectrum/soaudit_prefilter16m_20260928__SPD_a0.5_b16M_lr0.028_mom0.8_s260925_ada__83.json,16,83,SPD_b08,24,absolute_1e-3,0.0,0.001,1,0.99907174102373,0.2037573503493087,0.08435313284939315,-0.02780521660136956,0.019433455067606346,1.430791205405266
logs/muon_spectra/second_order_audit_20260926/step_spectrum/soaudit_prefilter16m_20260928__SPD_a0.5_b16M_lr0.028_mom0.8_s260925_ada__83.json,16,83,SPD_b08,24,absolute_1e-2,0.0,0.01,1,0.99907174102373,0.2037573503493087,0.08435313284939315,-0.02780521660136956,0.019433455067606346,1.430791205405266
logs/muon_spectra/second_order_audit_20260926/step_spectrum/soaudit_prefilter16m_20260928__SPD_a0.5_b16M_lr0.028_mom0.8_s260925_ada__83.json,16,83,SPD_b08,24,shared_muon_relative_1e-4,0.0,0.0004660276024313964,0,0.0,-0.0,0.0,0.0,0.0,
logs/muon_spectra/second_order_audit_20260926/step_spectrum/soaudit_prefilter16m_20260928__SPD_a0.5_b16M_lr0.028_mom0.8_s260925_ada__83.json,16,83,SPD_b08,24,band_0.0001_0.001,0.049963739096267126,0.49963739096267124,0,0.0,-0.0,0.0,0.0,0.0,
logs/muon_spectra/second_order_audit_20260926/step_spectrum/soaudit_prefilter16m_20260928__SPD_a0.5_b16M_lr0.028_mom0.8_s260925_ada__83.json,16,83,SPD_b08,24,band_0.001_0.01,0.49963739096267124,4.996373909626713,1,0.0007620526296103564,0.12673543322634498,0.13913723001616604,-0.017294621106358956,0.03205473248489815,0.53953409576907
logs/muon_spectra/second_order_audit_20260926/step_spectrum/soaudit_prefilter16m_20260928__SPD_a0.5_b16M_lr0.028_mom0.8_s260925_ada__83.json,16,83,SPD_b08,24,band_0.01_0.1,4.996373909626713,49.963739096267126,4,0.00014602514784885006,0.1575408485966533,0.19671374137522227,-0.02149840195351939,0.04531933225315436,0.4743759646198899
logs/muon_spectra/second_order_audit_20260926/step_spectrum/soaudit_prefilter16m_20260928__SPD_a0.5_b16M_lr0.028_mom0.8_s260925_ada__83.json,16,83,SPD_b08,24,band_0.1_inf,49.963739096267126,inf,18,2.0181198810927477e-05,0.511966367827693,0.5797958957592186,-0.06986415815508636,0.1335746178951836,0.5230346847026653
logs/muon_spectra/second_order_audit_20260926/step_spectrum/soaudit_prefilter16m_20260928__SPD_a0.5_b16M_lr0.028_mom0.8_s260925_ada__83.json,16,83,SPD_b08,32,relative_1e-4,0.0,0.049963739096267126,1,0.9985467019552015,0.18458922328076016,0.06146935192959894,-0.02518948801994725,0.014161440700626414,1.7787376688893684
logs/muon_spectra/second_order_audit_20260926/step_spectrum/soaudit_prefilter16m_20260928__SPD_a0.5_b16M_lr0.028_mom0.8_s260925_ada__83.json,16,83,SPD_b08,32,relative_1e-3,0.0,0.49963739096267124,1,0.9985467019552015,0.18458922328076016,0.06146935192959894,-0.02518948801994725,0.014161440700626414,1.7787376688893684
logs/muon_spectra/second_order_audit_20260926/step_spectrum/soaudit_prefilter16m_20260928__SPD_a0.5_b16M_lr0.028_mom0.8_s260925_ada__83.json,16,83,SPD_b08,32,relative_1e-2,0.0,4.996373909626713,3,0.999887298558086,0.36022857545335096,0.2578321941800458,-0.04915765516832658,0.05939993206329769,0.8275708988344171
logs/muon_spectra/second_order_audit_20260926/step_spectrum/soaudit_prefilter16m_20260928__SPD_a0.5_b16M_lr0.028_mom0.8_s260925_ada__83.json,16,83,SPD_b08,32,absolute_1e-4,0.0,0.0001,0,0.0,-0.0,0.0,0.0,0.0,
logs/muon_spectra/second_order_audit_20260926/step_spectrum/soaudit_prefilter16m_20260928__SPD_a0.5_b16M_lr0.028_mom0.8_s260925_ada__83.json,16,83,SPD_b08,32,absolute_1e-3,0.0,0.001,1,0.9985467019552015,0.18458922328076016,0.06146935192959894,-0.02518948801994725,0.014161440700626414,1.7787376688893684
logs/muon_spectra/second_order_audit_20260926/step_spectrum/soaudit_prefilter16m_20260928__SPD_a0.5_b16M_lr0.028_mom0.8_s260925_ada__83.json,16,83,SPD_b08,32,absolute_1e-2,0.0,0.01,1,0.9985467019552015,0.18458922328076016,0.06146935192959894,-0.02518948801994725,0.014161440700626414,1.7787376688893684
logs/muon_spectra/second_order_audit_20260926/step_spectrum/soaudit_prefilter16m_20260928__SPD_a0.5_b16M_lr0.028_mom0.8_s260925_ada__83.json,16,83,SPD_b08,32,shared_muon_relative_1e-4,0.0,0.0004660276024313964,0,0.0,-0.0,0.0,0.0,0.0,
logs/muon_spectra/second_order_audit_20260926/step_spectrum/soaudit_prefilter16m_20260928__SPD_a0.5_b16M_lr0.028_mom0.8_s260925_ada__83.json,16,83,SPD_b08,32,band_0.0001_0.001,0.049963739096267126,0.49963739096267124,0,0.0,-0.0,0.0,0.0,0.0,
logs/muon_spectra/second_order_audit_20260926/step_spectrum/soaudit_prefilter16m_20260928__SPD_a0.5_b16M_lr0.028_mom0.8_s260925_ada__83.json,16,83,SPD_b08,32,band_0.001_0.01,0.49963739096267124,4.996373909626713,2,0.0013405966028845644,0.17563935217259086,0.1963628422504469,-0.023968167148379335,0.04523849136267128,0.5298180029088406
logs/muon_spectra/second_order_audit_20260926/step_spectrum/soaudit_prefilter16m_20260928__SPD_a0.5_b16M_lr0.028_mom0.8_s260925_ada__83.json,16,83,SPD_b08,32,band_0.01_0.1,4.996373909626713,49.963739096267126,5,9.21381768562738e-05,0.12576271409718479,0.1600823069420202,-0.017161881521591947,0.036880104081385034,0.4653425457726483
logs/muon_spectra/second_order_audit_20260926/step_spectrum/soaudit_prefilter16m_20260928__SPD_a0.5_b16M_lr0.028_mom0.8_s260925_ada__83.json,16,83,SPD_b08,32,band_0.1_inf,49.963739096267126,inf,24,2.0563265057739174e-05,0.5140087104494642,0.582085498877934,-0.07014286112641578,0.13410210155615981,0.5230556442625254
logs/muon_spectra/second_order_audit_20260926/step_spectrum/soaudit_prefilter16m_20260928__SPD_a0.5_b16M_lr0.028_mom0.8_s260925_ada__83.json,16,83,SPD_b08,40,relative_1e-4,0.0,0.049963739096267126,1,0.9979546284194013,0.1726620518875305,0.04668646144499374,-0.02356187761246076,0.010755726789385618,2.1906355631599905
logs/muon_spectra/second_order_audit_20260926/step_spectrum/soaudit_prefilter16m_20260928__SPD_a0.5_b16M_lr0.028_mom0.8_s260925_ada__83.json,16,83,SPD_b08,40,relative_1e-3,0.0,0.49963739096267124,1,0.9979546284194013,0.1726620518875305,0.04668646144499374,-0.02356187761246076,0.010755726789385618,2.1906355631599905
logs/muon_spectra/second_order_audit_20260926/step_spectrum/soaudit_prefilter16m_20260928__SPD_a0.5_b16M_lr0.028_mom0.8_s260925_ada__83.json,16,83,SPD_b08,40,relative_1e-2,0.0,4.996373909626713,3,0.9998084193158332,0.32232057325203134,0.21549196617899782,-0.04398463829150766,0.04964549982567515,0.8859743268967983
logs/muon_spectra/second_order_audit_20260926/step_spectrum/soaudit_prefilter16m_20260928__SPD_a0.5_b16M_lr0.028_mom0.8_s260925_ada__83.json,16,83,SPD_b08,40,absolute_1e-4,0.0,0.0001,0,0.0,-0.0,0.0,0.0,0.0,
logs/muon_spectra/second_order_audit_20260926/step_spectrum/soaudit_prefilter16m_20260928__SPD_a0.5_b16M_lr0.028_mom0.8_s260925_ada__83.json,16,83,SPD_b08,40,absolute_1e-3,0.0,0.001,1,0.9979546284194013,0.1726620518875305,0.04668646144499374,-0.02356187761246076,0.010755726789385618,2.1906355631599905
logs/muon_spectra/second_order_audit_20260926/step_spectrum/soaudit_prefilter16m_20260928__SPD_a0.5_b16M_lr0.028_mom0.8_s260925_ada__83.json,16,83,SPD_b08,40,absolute_1e-2,0.0,0.01,1,0.9979546284194013,0.1726620518875305,0.04668646144499374,-0.02356187761246076,0.010755726789385618,2.1906355631599905
logs/muon_spectra/second_order_audit_20260926/step_spectrum/soaudit_prefilter16m_20260928__SPD_a0.5_b16M_lr0.028_mom0.8_s260925_ada__83.json,16,83,SPD_b08,40,shared_muon_relative_1e-4,0.0,0.0004660276024313964,1,0.9979546284194013,0.1726620518875305,0.04668646144499374,-0.02356187761246076,0.010755726789385618,2.1906355631599905
logs/muon_spectra/second_order_audit_20260926/step_spectrum/soaudit_prefilter16m_20260928__SPD_a0.5_b16M_lr0.028_mom0.8_s260925_ada__83.json,16,83,SPD_b08,40,band_0.0001_0.001,0.049963739096267126,0.49963739096267124,0,0.0,-0.0,0.0,0.0,0.0,
logs/muon_spectra/second_order_audit_20260926/step_spectrum/soaudit_prefilter16m_20260928__SPD_a0.5_b16M_lr0.028_mom0.8_s260925_ada__83.json,16,83,SPD_b08,40,band_0.001_0.01,0.49963739096267124,4.996373909626713,2,0.001853790896431951,0.1496585213645009,0.1688055047340041,-0.0204227606790469,0.038889773036289536,0.5251447638943442
logs/muon_spectra/second_order_audit_20260926/step_spectrum/soaudit_prefilter16m_20260928__SPD_a0.5_b16M_lr0.028_mom0.8_s260925_ada__83.json,16,83,SPD_b08,40,band_0.01_0.1,4.996373909626713,49.963739096267126,7,0.00017036093143034435,0.15979750409459947,0.1983405001863678,-0.02180635057381456,0.04569410842558975,0.47722455531274804
logs/muon_spectra/second_order_audit_20260926/step_spectrum/soaudit_prefilter16m_20260928__SPD_a0.5_b16M_lr0.028_mom0.8_s260925_ada__83.json,16,83,SPD_b08,40,band_0.1_inf,49.963739096267126,inf,30,2.1219752736326136e-05,0.517881922653369,0.5861675336346343,-0.07067140895101216,0.13504252944957748,0.5233270528852144
logs/muon_spectra/second_order_audit_20260926/step_spectrum/soaudit_prefilter16m_20260928__SPD_a0.5_b16M_lr0.028_mom0.8_s260925_ada__83.json,16,83,SPD_b08,48,relative_1e-4,0.0,0.049963739096267126,1,0.997329342880687,0.15896246672919753,0.0368410457585721,-0.021692399372665577,0.008487518876994391,2.5557998382145937
logs/muon_spectra/second_order_audit_20260926/step_spectrum/soaudit_prefilter16m_20260928__SPD_a0.5_b16M_lr0.028_mom0.8_s260925_ada__83.json,16,83,SPD_b08,48,relative_1e-3,0.0,0.49963739096267124,2,0.9993121709208623,0.23950534856599068,0.11872368534615886,-0.032683474155152055,0.027351816425770253,1.194928835671712
logs/muon_spectra/second_order_audit_20260926/step_spectrum/soaudit_prefilter16m_20260928__SPD_a0.5_b16M_lr0.028_mom0.8_s260925_ada__83.json,16,83,SPD_b08,48,relative_1e-2,0.0,4.996373909626713,4,0.9998467259811857,0.3401284713141511,0.23437001553944042,-0.04641474676113337,0.05399466519295593,0.8596172713594041
logs/muon_spectra/second_order_audit_20260926/step_spectrum/soaudit_prefilter16m_20260928__SPD_a0.5_b16M_lr0.028_mom0.8_s260925_ada__83.json,16,83,SPD_b08,48,absolute_1e-4,0.0,0.0001,0,0.0,-0.0,0.0,0.0,0.0,
logs/muon_spectra/second_order_audit_20260926/step_spectrum/soaudit_prefilter16m_20260928__SPD_a0.5_b16M_lr0.028_mom0.8_s260925_ada__83.json,16,83,SPD_b08,48,absolute_1e-3,0.0,0.001,1,0.997329342880687,0.15896246672919753,0.0368410457585721,-0.021692399372665577,0.008487518876994391,2.5557998382145937
logs/muon_spectra/second_order_audit_20260926/step_spectrum/soaudit_prefilter16m_20260928__SPD_a0.5_b16M_lr0.028_mom0.8_s260925_ada__83.json,16,83,SPD_b08,48,absolute_1e-2,0.0,0.01,1,0.997329342880687,0.15896246672919753,0.0368410457585721,-0.021692399372665577,0.008487518876994391,2.5557998382145937
logs/muon_spectra/second_order_audit_20260926/step_spectrum/soaudit_prefilter16m_20260928__SPD_a0.5_b16M_lr0.028_mom0.8_s260925_ada__83.json,16,83,SPD_b08,48,shared_muon_relative_1e-4,0.0,0.0004660276024313964,1,0.997329342880687,0.15896246672919753,0.0368410457585721,-0.021692399372665577,0.008487518876994391,2.5557998382145937
logs/muon_spectra/second_order_audit_20260926/step_spectrum/soaudit_prefilter16m_20260928__SPD_a0.5_b16M_lr0.028_mom0.8_s260925_ada__83.json,16,83,SPD_b08,48,band_0.0001_0.001,0.049963739096267126,0.49963739096267124,1,0.001982828040175351,0.08054288183679315,0.08188263958758676,-0.01099107478248648,0.01886429754877586,0.5826389641102598
logs/muon_spectra/second_order_audit_20260926/step_spectrum/soaudit_prefilter16m_20260928__SPD_a0.5_b16M_lr0.028_mom0.8_s260925_ada__83.json,16,83,SPD_b08,48,band_0.001_0.01,0.49963739096267124,4.996373909626713,2,0.0005345550603232565,0.10062312274816043,0.11564633019328158,-0.013731272605981316,0.02664284876718568,0.5153830480355112
logs/muon_spectra/second_order_audit_20260926/step_spectrum/soaudit_prefilter16m_20260928__SPD_a0.5_b16M_lr0.028_mom0.8_s260925_ada__83.json,16,83,SPD_b08,48,band_0.01_0.1,4.996373909626713,49.963739096267126,8,0.00013127946096258021,0.14037826628999422,0.1748833753866321,-0.019156354819232516,0.04029000586991118,0.47546170335851445
logs/muon_spectra/second_order_audit_20260926/step_spectrum/soaudit_prefilter16m_20260928__SPD_a0.5_b16M_lr0.028_mom0.8_s260925_ada__83.json,16,83,SPD_b08,48,band_0.1_inf,49.963739096267126,inf,36,2.1994557851663087e-05,0.5194932623958546,0.5907466090739276,-0.0708912962359685,0.13609746663797528,0.5208862294589376
logs/muon_spectra/second_order_audit_20260926/step_spectrum/soaudit_prefilter16m_20260928__SPD_a0.5_b16M_lr0.028_mom0.8_s260925_ada__9.json,16,9,SPD_b08,8,relative_1e-4,0.0,0.22863838200027373,1,0.9999711580467605,0.27307999432215974,0.04413834555220903,-0.04505430575358672,0.018014197097405826,2.5010443435236347
logs/muon_spectra/second_order_audit_20260926/step_spectrum/soaudit_prefilter16m_20260928__SPD_a0.5_b16M_lr0.028_mom0.8_s260925_ada__9.json,16,9,SPD_b08,8,relative_1e-3,0.0,2.286383820002737,1,0.9999711580467605,0.27307999432215974,0.04413834555220903,-0.04505430575358672,0.018014197097405826,2.5010443435236347
logs/muon_spectra/second_order_audit_20260926/step_spectrum/soaudit_prefilter16m_20260928__SPD_a0.5_b16M_lr0.028_mom0.8_s260925_ada__9.json,16,9,SPD_b08,8,relative_1e-2,0.0,22.86383820002737,1,0.9999711580467605,0.27307999432215974,0.04413834555220903,-0.04505430575358672,0.018014197097405826,2.5010443435236347
logs/muon_spectra/second_order_audit_20260926/step_spectrum/soaudit_prefilter16m_20260928__SPD_a0.5_b16M_lr0.028_mom0.8_s260925_ada__9.json,16,9,SPD_b08,8,absolute_1e-4,0.0,0.0001,0,0.0,-0.0,0.0,0.0,0.0,
logs/muon_spectra/second_order_audit_20260926/step_spectrum/soaudit_prefilter16m_20260928__SPD_a0.5_b16M_lr0.028_mom0.8_s260925_ada__9.json,16,9,SPD_b08,8,absolute_1e-3,0.0,0.001,1,0.9999711580467605,0.27307999432215974,0.04413834555220903,-0.04505430575358672,0.018014197097405826,2.5010443435236347
logs/muon_spectra/second_order_audit_20260926/step_spectrum/soaudit_prefilter16m_20260928__SPD_a0.5_b16M_lr0.028_mom0.8_s260925_ada__9.json,16,9,SPD_b08,8,absolute_1e-2,0.0,0.01,1,0.9999711580467605,0.27307999432215974,0.04413834555220903,-0.04505430575358672,0.018014197097405826,2.5010443435236347
logs/muon_spectra/second_order_audit_20260926/step_spectrum/soaudit_prefilter16m_20260928__SPD_a0.5_b16M_lr0.028_mom0.8_s260925_ada__9.json,16,9,SPD_b08,8,shared_muon_relative_1e-4,0.0,0.013366909204811924,1,0.9999711580467605,0.27307999432215974,0.04413834555220903,-0.04505430575358672,0.018014197097405826,2.5010443435236347
logs/muon_spectra/second_order_audit_20260926/step_spectrum/soaudit_prefilter16m_20260928__SPD_a0.5_b16M_lr0.028_mom0.8_s260925_ada__9.json,16,9,SPD_b08,8,band_0.0001_0.001,0.22863838200027373,2.286383820002737,0,0.0,-0.0,0.0,0.0,0.0,
logs/muon_spectra/second_order_audit_20260926/step_spectrum/soaudit_prefilter16m_20260928__SPD_a0.5_b16M_lr0.028_mom0.8_s260925_ada__9.json,16,9,SPD_b08,8,band_0.001_0.01,2.286383820002737,22.86383820002737,0,0.0,-0.0,0.0,0.0,0.0,
logs/muon_spectra/second_order_audit_20260926/step_spectrum/soaudit_prefilter16m_20260928__SPD_a0.5_b16M_lr0.028_mom0.8_s260925_ada__9.json,16,9,SPD_b08,8,band_0.01_0.1,22.86383820002737,228.63838200027374,2,2.1274485489741806e-05,0.12129607603144693,0.07047458062045307,-0.020012123223439104,0.028762813145141113,0.6957637670020376
logs/muon_spectra/second_order_audit_20260926/step_spectrum/soaudit_prefilter16m_20260928__SPD_a0.5_b16M_lr0.028_mom0.8_s260925_ada__9.json,16,9,SPD_b08,8,band_0.1_inf,228.63838200027374,inf,5,7.5674677496641185e-06,0.6056239296463934,0.885387073827338,-0.09991931399334703,0.36135330982343145,0.2765141795495681
logs/muon_spectra/second_order_audit_20260926/step_spectrum/soaudit_prefilter16m_20260928__SPD_a0.5_b16M_lr0.028_mom0.8_s260925_ada__9.json,16,9,SPD_b08,16,relative_1e-4,0.0,0.22863838200027373,1,0.9999121596800236,0.17768887135489914,0.022312458917039493,-0.029316130458055024,0.009106390999270311,3.2192918644064488
logs/muon_spectra/second_order_audit_20260926/step_spectrum/soaudit_prefilter16m_20260928__SPD_a0.5_b16M_lr0.028_mom0.8_s260925_ada__9.json,16,9,SPD_b08,16,relative_1e-3,0.0,2.286383820002737,1,0.9999121596800236,0.17768887135489914,0.022312458917039493,-0.029316130458055024,0.009106390999270311,3.2192918644064488
logs/muon_spectra/second_order_audit_20260926/step_spectrum/soaudit_prefilter16m_20260928__SPD_a0.5_b16M_lr0.028_mom0.8_s260925_ada__9.json,16,9,SPD_b08,16,relative_1e-2,0.0,22.86383820002737,2,0.99997660782067,0.3291823485642997,0.056145826155309365,-0.0543103943506132,0.022914813999135163,2.3700997246873987
logs/muon_spectra/second_order_audit_20260926/step_spectrum/soaudit_prefilter16m_20260928__SPD_a0.5_b16M_lr0.028_mom0.8_s260925_ada__9.json,16,9,SPD_b08,16,absolute_1e-4,0.0,0.0001,0,0.0,-0.0,0.0,0.0,0.0,
logs/muon_spectra/second_order_audit_20260926/step_spectrum/soaudit_prefilter16m_20260928__SPD_a0.5_b16M_lr0.028_mom0.8_s260925_ada__9.json,16,9,SPD_b08,16,absolute_1e-3,0.0,0.001,1,0.9999121596800236,0.17768887135489914,0.022312458917039493,-0.029316130458055024,0.009106390999270311,3.2192918644064488
logs/muon_spectra/second_order_audit_20260926/step_spectrum/soaudit_prefilter16m_20260928__SPD_a0.5_b16M_lr0.028_mom0.8_s260925_ada__9.json,16,9,SPD_b08,16,absolute_1e-2,0.0,0.01,1,0.9999121596800236,0.17768887135489914,0.022312458917039493,-0.029316130458055024,0.009106390999270311,3.2192918644064488
logs/muon_spectra/second_order_audit_20260926/step_spectrum/soaudit_prefilter16m_20260928__SPD_a0.5_b16M_lr0.028_mom0.8_s260925_ada__9.json,16,9,SPD_b08,16,shared_muon_relative_1e-4,0.0,0.013366909204811924,1,0.9999121596800236,0.17768887135489914,0.022312458917039493,-0.029316130458055024,0.009106390999270311,3.2192918644064488
logs/muon_spectra/second_order_audit_20260926/step_spectrum/soaudit_prefilter16m_20260928__SPD_a0.5_b16M_lr0.028_mom0.8_s260925_ada__9.json,16,9,SPD_b08,16,band_0.0001_0.001,0.22863838200027373,2.286383820002737,0,0.0,-0.0,0.0,0.0,0.0,
logs/muon_spectra/second_order_audit_20260926/step_spectrum/soaudit_prefilter16m_20260928__SPD_a0.5_b16M_lr0.028_mom0.8_s260925_ada__9.json,16,9,SPD_b08,16,band_0.001_0.01,2.286383820002737,22.86383820002737,1,6.444814064643207e-05,0.1514934772094005,0.03383336723826987,-0.02499426389255818,0.013808422999864853,1.8100737421501938
logs/muon_spectra/second_order_audit_20260926/step_spectrum/soaudit_prefilter16m_20260928__SPD_a0.5_b16M_lr0.028_mom0.8_s260925_ada__9.json,16,9,SPD_b08,16,band_0.01_0.1,22.86383820002737,228.63838200027374,4,1.5662980314747117e-05,0.06703069034524448,0.05580580681320803,-0.011059108248427152,0.022776041796214723,0.4855588318364048
logs/muon_spectra/second_order_audit_20260926/step_spectrum/soaudit_prefilter16m_20260928__SPD_a0.5_b16M_lr0.028_mom0.8_s260925_ada__9.json,16,9,SPD_b08,16,band_0.1_inf,228.63838200027374,inf,10,7.729199015317838e-06,0.6037869610904558,0.8880483670314826,-0.09961624037133242,0.362439464270628,0.27484932020799613
logs/muon_spectra/second_order_audit_20260926/step_spectrum/soaudit_prefilter16m_20260928__SPD_a0.5_b16M_lr0.028_mom0.8_s260925_ada__9.json,16,9,SPD_b08,24,relative_1e-4,0.0,0.22863838200027373,1,0.9998177050830921,0.1263178458666286,0.01325244766071983,-0.020840643650722745,0.005408725705427205,3.8531522554029496
logs/muon_spectra/second_order_audit_20260926/step_spectrum/soaudit_prefilter16m_20260928__SPD_a0.5_b16M_lr0.028_mom0.8_s260925_ada__9.json,16,9,SPD_b08,24,relative_1e-3,0.0,2.286383820002737,1,0.9998177050830921,0.1263178458666286,0.01325244766071983,-0.020840643650722745,0.005408725705427205,3.8531522554029496
logs/muon_spectra/second_order_audit_20260926/step_spectrum/soaudit_prefilter16m_20260928__SPD_a0.5_b16M_lr0.028_mom0.8_s260925_ada__9.json,16,9,SPD_b08,24,relative_1e-2,0.0,22.86383820002737,3,0.9999758168280539,0.3305009089987561,0.05586820410578093,-0.05452793802354333,0.022801508023203753,2.3914180574395982
logs/muon_spectra/second_order_audit_20260926/step_spectrum/soaudit_prefilter16m_20260928__SPD_a0.5_b16M_lr0.028_mom0.8_s260925_ada__9.json,16,9,SPD_b08,24,absolute_1e-4,0.0,0.0001,0,0.0,-0.0,0.0,0.0,0.0,
logs/muon_spectra/second_order_audit_20260926/step_spectrum/soaudit_prefilter16m_20260928__SPD_a0.5_b16M_lr0.028_mom0.8_s260925_ada__9.json,16,9,SPD_b08,24,absolute_1e-3,0.0,0.001,1,0.9998177050830921,0.1263178458666286,0.01325244766071983,-0.020840643650722745,0.005408725705427205,3.8531522554029496
logs/muon_spectra/second_order_audit_20260926/step_spectrum/soaudit_prefilter16m_20260928__SPD_a0.5_b16M_lr0.028_mom0.8_s260925_ada__9.json,16,9,SPD_b08,24,absolute_1e-2,0.0,0.01,1,0.9998177050830921,0.1263178458666286,0.01325244766071983,-0.020840643650722745,0.005408725705427205,3.8531522554029496
logs/muon_spectra/second_order_audit_20260926/step_spectrum/soaudit_prefilter16m_20260928__SPD_a0.5_b16M_lr0.028_mom0.8_s260925_ada__9.json,16,9,SPD_b08,24,shared_muon_relative_1e-4,0.0,0.013366909204811924,1,0.9998177050830921,0.1263178458666286,0.01325244766071983,-0.020840643650722745,0.005408725705427205,3.8531522554029496
logs/muon_spectra/second_order_audit_20260926/step_spectrum/soaudit_prefilter16m_20260928__SPD_a0.5_b16M_lr0.028_mom0.8_s260925_ada__9.json,16,9,SPD_b08,24,band_0.0001_0.001,0.22863838200027373,2.286383820002737,0,0.0,-0.0,0.0,0.0,0.0,
logs/muon_spectra/second_order_audit_20260926/step_spectrum/soaudit_prefilter16m_20260928__SPD_a0.5_b16M_lr0.028_mom0.8_s260925_ada__9.json,16,9,SPD_b08,24,band_0.001_0.01,2.286383820002737,22.86383820002737,2,0.00015811174496180026,0.20418306313212756,0.0426157564450611,-0.033687294372820586,0.017392782317776547,1.936854826176373
logs/muon_spectra/second_order_audit_20260926/step_spectrum/soaudit_prefilter16m_20260928__SPD_a0.5_b16M_lr0.028_mom0.8_s260925_ada__9.json,16,9,SPD_b08,24,band_0.01_0.1,22.86383820002737,228.63838200027374,7,1.6014866331079997e-05,0.09507002020927344,0.04869634063468348,-0.01568519791843533,0.019874453089275254,0.7892140653117871
logs/muon_spectra/second_order_audit_20260926/step_spectrum/soaudit_prefilter16m_20260928__SPD_a0.5_b16M_lr0.028_mom0.8_s260925_ada__9.json,16,9,SPD_b08,24,band_0.1_inf,228.63838200027374,inf,14,8.168305615020523e-06,0.5744290707919705,0.8954354552595356,-0.09477260702839409,0.3654543589534989,0.25932816152414023
logs/muon_spectra/second_order_audit_20260926/step_spectrum/soaudit_prefilter16m_20260928__SPD_a0.5_b16M_lr0.028_mom0.8_s260925_ada__9.json,16,9,SPD_b08,32,relative_1e-4,0.0,0.22863838200027373,1,0.9996971022309622,0.10279662608199686,0.00871007679636166,-0.01695997772898587,0.003554846430698339,4.770945260117505
logs/muon_spectra/second_order_audit_20260926/step_spectrum/soaudit_prefilter16m_20260928__SPD_a0.5_b16M_lr0.028_mom0.8_s260925_ada__9.json,16,9,SPD_b08,32,relative_1e-3,0.0,2.286383820002737,2,0.9999136887052306,0.19103449644471374,0.02624738049620075,-0.03151796832890216,0.010712351802807942,2.9422081079003224
logs/muon_spectra/second_order_audit_20260926/step_spectrum/soaudit_prefilter16m_20260928__SPD_a0.5_b16M_lr0.028_mom0.8_s260925_ada__9.json,16,9,SPD_b08,32,relative_1e-2,0.0,22.86383820002737,5,0.9999790303344649,0.3460484679289017,0.060852362137845346,-0.057093063585009124,0.024835694036089668,2.298831009193666
logs/muon_spectra/second_order_audit_20260926/step_spectrum/soaudit_prefilter16m_20260928__SPD_a0.5_b16M_lr0.028_mom0.8_s260925_ada__9.json,16,9,SPD_b08,32,absolute_1e-4,0.0,0.0001,0,0.0,-0.0,0.0,0.0,0.0,
logs/muon_spectra/second_order_audit_20260926/step_spectrum/soaudit_prefilter16m_20260928__SPD_a0.5_b16M_lr0.028_mom0.8_s260925_ada__9.json,16,9,SPD_b08,32,absolute_1e-3,0.0,0.001,1,0.9996971022309622,0.10279662608199686,0.00871007679636166,-0.01695997772898587,0.003554846430698339,4.770945260117505
logs/muon_spectra/second_order_audit_20260926/step_spectrum/soaudit_prefilter16m_20260928__SPD_a0.5_b16M_lr0.028_mom0.8_s260925_ada__9.json,16,9,SPD_b08,32,absolute_1e-2,0.0,0.01,1,0.9996971022309622,0.10279662608199686,0.00871007679636166,-0.01695997772898587,0.003554846430698339,4.770945260117505
logs/muon_spectra/second_order_audit_20260926/step_spectrum/soaudit_prefilter16m_20260928__SPD_a0.5_b16M_lr0.028_mom0.8_s260925_ada__9.json,16,9,SPD_b08,32,shared_muon_relative_1e-4,0.0,0.013366909204811924,1,0.9996971022309622,0.10279662608199686,0.00871007679636166,-0.01695997772898587,0.003554846430698339,4.770945260117505
logs/muon_spectra/second_order_audit_20260926/step_spectrum/soaudit_prefilter16m_20260928__SPD_a0.5_b16M_lr0.028_mom0.8_s260925_ada__9.json,16,9,SPD_b08,32,band_0.0001_0.001,0.22863838200027373,2.286383820002737,1,0.00021658647426837067,0.08823787036271687,0.017537303699839094,-0.014557990599916294,0.0071575053721096024,2.033947561764173
logs/muon_spectra/second_order_audit_20260926/step_spectrum/soaudit_prefilter16m_20260928__SPD_a0.5_b16M_lr0.028_mom0.8_s260925_ada__9.json,16,9,SPD_b08,32,band_0.001_0.01,2.286383820002737,22.86383820002737,3,6.534162923435358e-05,0.155013971484188,0.034604981641644585,-0.02557509525610696,0.014123342233281724,1.8108387401276111
logs/muon_spectra/second_order_audit_20260926/step_spectrum/soaudit_prefilter16m_20260928__SPD_a0.5_b16M_lr0.028_mom0.8_s260925_ada__9.json,16,9,SPD_b08,32,band_0.01_0.1,22.86383820002737,228.63838200027374,11,1.2810168443103352e-05,0.0776920092697187,0.04386180121385425,-0.01281807387222564,0.01790133096808067,0.7160402706972552
logs/muon_spectra/second_order_audit_20260926/step_spectrum/soaudit_prefilter16m_20260928__SPD_a0.5_b16M_lr0.028_mom0.8_s260925_ada__9.json,16,9,SPD_b08,32,band_0.1_inf,228.63838200027374,inf,16,8.159497092069185e-06,0.5762595228013794,0.8952858366483003,-0.09507460551313815,0.3653932950618084,0.26019800253054925
logs/muon_spectra/second_order_audit_20260926/step_spectrum/soaudit_prefilter16m_20260928__SPD_a0.5_b16M_lr0.028_mom0.8_s260925_ada__9.json,16,9,SPD_b08,40,relative_1e-4,0.0,0.22863838200027373,1,0.9995587409340688,0.07714904169625536,0.006233072204049666,-0.012728491963708961,0.0025439057536331415,5.003523399218093
logs/muon_spectra/second_order_audit_20260926/step_spectrum/soaudit_prefilter16m_20260928__SPD_a0.5_b16M_lr0.028_mom0.8_s260925_ada__9.json,16,9,SPD_b08,40,relative_1e-3,0.0,2.286383820002737,2,0.9998593418701182,0.16296230209535206,0.018923558596654764,-0.026886456487364,0.007723278026839999,3.4812234382768517
logs/muon_spectra/second_order_audit_20260926/step_spectrum/soaudit_prefilter16m_20260928__SPD_a0.5_b16M_lr0.028_mom0.8_s260925_ada__9.json,16,9,SPD_b08,40,relative_1e-2,0.0,22.86383820002737,7,0.9999795367154576,0.3488546159284265,0.06180946251529316,-0.05755603799759549,0.025226315719472668,2.2815871583327128
logs/muon_spectra/second_order_audit_20260926/step_spectrum/soaudit_prefilter16m_20260928__SPD_a0.5_b16M_lr0.028_mom0.8_s260925_ada__9.json,16,9,SPD_b08,40,absolute_1e-4,0.0,0.0001,1,0.9995587409340688,0.07714904169625536,0.006233072204049666,-0.012728491963708961,0.0025439057536331415,5.003523399218093
logs/muon_spectra/second_order_audit_20260926/step_spectrum/soaudit_prefilter16m_20260928__SPD_a0.5_b16M_lr0.028_mom0.8_s260925_ada__9.json,16,9,SPD_b08,40,absolute_1e-3,0.0,0.001,1,0.9995587409340688,0.07714904169625536,0.006233072204049666,-0.012728491963708961,0.0025439057536331415,5.003523399218093
logs/muon_spectra/second_order_audit_20260926/step_spectrum/soaudit_prefilter16m_20260928__SPD_a0.5_b16M_lr0.028_mom0.8_s260925_ada__9.json,16,9,SPD_b08,40,absolute_1e-2,0.0,0.01,1,0.9995587409340688,0.07714904169625536,0.006233072204049666,-0.012728491963708961,0.0025439057536331415,5.003523399218093
logs/muon_spectra/second_order_audit_20260926/step_spectrum/soaudit_prefilter16m_20260928__SPD_a0.5_b16M_lr0.028_mom0.8_s260925_ada__9.json,16,9,SPD_b08,40,shared_muon_relative_1e-4,0.0,0.013366909204811924,1,0.9995587409340688,0.07714904169625536,0.006233072204049666,-0.012728491963708961,0.0025439057536331415,5.003523399218093
logs/muon_spectra/second_order_audit_20260926/step_spectrum/soaudit_prefilter16m_20260928__SPD_a0.5_b16M_lr0.028_mom0.8_s260925_ada__9.json,16,9,SPD_b08,40,band_0.0001_0.001,0.22863838200027373,2.286383820002737,1,0.0003006009360493196,0.0858132603990967,0.012690486392605097,-0.01415796452365504,0.005179372273206857,2.7335290411339757
logs/muon_spectra/second_order_audit_20260926/step_spectrum/soaudit_prefilter16m_20260928__SPD_a0.5_b16M_lr0.028_mom0.8_s260925_ada__9.json,16,9,SPD_b08,40,band_0.001_0.01,2.286383820002737,22.86383820002737,5,0.00012019484533954413,0.18589231383307442,0.04288590391863839,-0.03066958151023149,0.01750303769263267,1.7522433561998696
logs/muon_spectra/second_order_audit_20260926/step_spectrum/soaudit_prefilter16m_20260928__SPD_a0.5_b16M_lr0.028_mom0.8_s260925_ada__9.json,16,9,SPD_b08,40,band_0.01_0.1,22.86383820002737,228.63838200027374,17,1.230394876938393e-05,0.07487335231811189,0.04290741941494413,-0.012353035660886174,0.017511818819026307,0.7054113446779612
logs/muon_spectra/second_order_audit_20260926/step_spectrum/soaudit_prefilter16m_20260928__SPD_a0.5_b16M_lr0.028_mom0.8_s260925_ada__9.json,16,9,SPD_b08,40,band_0.1_inf,228.63838200027374,inf,16,8.159335772964403e-06,0.5762720317534616,0.8952831180697628,-0.09507666931189114,0.3653921855274791,0.2602044408110117
logs/muon_spectra/second_order_audit_20260926/step_spectrum/soaudit_prefilter16m_20260928__SPD_a0.5_b16M_lr0.028_mom0.8_s260925_ada__9.json,16,9,SPD_b08,48,relative_1e-4,0.0,0.22863838200027373,1,0.9993863770296316,0.06308162065709667,0.004615283409905903,-0.01040756805188631,0.001883637095280096,5.525251163276072
logs/muon_spectra/second_order_audit_20260926/step_spectrum/soaudit_prefilter16m_20260928__SPD_a0.5_b16M_lr0.028_mom0.8_s260925_ada__9.json,16,9,SPD_b08,48,relative_1e-3,0.0,2.286383820002737,3,0.9998903350741509,0.18058885728411145,0.022920983676200775,-0.029794586791189744,0.009354748403994887,3.184969333698611
logs/muon_spectra/second_order_audit_20260926/step_spectrum/soaudit_prefilter16m_20260928__SPD_a0.5_b16M_lr0.028_mom0.8_s260925_ada__9.json,16,9,SPD_b08,48,relative_1e-2,0.0,22.86383820002737,9,0.9999782267665979,0.34108747920822213,0.05965385356092324,-0.05627457117506011,0.0243465463469886,2.3113985192409294
logs/muon_spectra/second_order_audit_20260926/step_spectrum/soaudit_prefilter16m_20260928__SPD_a0.5_b16M_lr0.028_mom0.8_s260925_ada__9.json,16,9,SPD_b08,48,absolute_1e-4,0.0,0.0001,1,0.9993863770296316,0.06308162065709667,0.004615283409905903,-0.01040756805188631,0.001883637095280096,5.525251163276072
logs/muon_spectra/second_order_audit_20260926/step_spectrum/soaudit_prefilter16m_20260928__SPD_a0.5_b16M_lr0.028_mom0.8_s260925_ada__9.json,16,9,SPD_b08,48,absolute_1e-3,0.0,0.001,1,0.9993863770296316,0.06308162065709667,0.004615283409905903,-0.01040756805188631,0.001883637095280096,5.525251163276072
logs/muon_spectra/second_order_audit_20260926/step_spectrum/soaudit_prefilter16m_20260928__SPD_a0.5_b16M_lr0.028_mom0.8_s260925_ada__9.json,16,9,SPD_b08,48,absolute_1e-2,0.0,0.01,1,0.9993863770296316,0.06308162065709667,0.004615283409905903,-0.01040756805188631,0.001883637095280096,5.525251163276072
logs/muon_spectra/second_order_audit_20260926/step_spectrum/soaudit_prefilter16m_20260928__SPD_a0.5_b16M_lr0.028_mom0.8_s260925_ada__9.json,16,9,SPD_b08,48,shared_muon_relative_1e-4,0.0,0.013366909204811924,1,0.9993863770296316,0.06308162065709667,0.004615283409905903,-0.01040756805188631,0.001883637095280096,5.525251163276072
logs/muon_spectra/second_order_audit_20260926/step_spectrum/soaudit_prefilter16m_20260928__SPD_a0.5_b16M_lr0.028_mom0.8_s260925_ada__9.json,16,9,SPD_b08,48,band_0.0001_0.001,0.22863838200027373,2.286383820002737,2,0.0005039580445193929,0.11750723662701476,0.018305700266294873,-0.01938701873930343,0.0074711113087147915,2.5949310535220036
logs/muon_spectra/second_order_audit_20260926/step_spectrum/soaudit_prefilter16m_20260928__SPD_a0.5_b16M_lr0.028_mom0.8_s260925_ada__9.json,16,9,SPD_b08,48,band_0.001_0.01,2.286383820002737,22.86383820002737,6,8.789169244689978e-05,0.1604986219241107,0.036732869884722456,-0.026479984383870364,0.014991797942993714,1.7662981107776705
logs/muon_spectra/second_order_audit_20260926/step_spectrum/soaudit_prefilter16m_20260928__SPD_a0.5_b16M_lr0.028_mom0.8_s260925_ada__9.json,16,9,SPD_b08,48,band_0.01_0.1,22.86383820002737,228.63838200027374,23,1.3613897629186646e-05,0.08264049122524533,0.04506302837058826,-0.013634502844233672,0.018391588192030447,0.7413445049917906
logs/muon_spectra/second_order_audit_20260926/step_spectrum/soaudit_prefilter16m_20260928__SPD_a0.5_b16M_lr0.028_mom0.8_s260925_ada__9.json,16,9,SPD_b08,48,band_0.1_inf,228.63838200027374,inf,16,8.159335772890128e-06,0.5762720295665327,0.8952831180684886,-0.09507666895107901,0.3653921855269593,0.2602044398239165
logs/muon_spectra/second_order_audit_20260926/step_spectrum/soaudit_soapside16m_20260928__SleftPD_a0.5_b16M_lr0.028_mom0.9_s260925_ada__46.json,16,46,SleftPD,8,relative_1e-4,0.0,0.026119710207414302,1,0.9998932357172744,0.19017672248806516,0.11599393875671023,-0.018230944966266212,0.013955697692371916,1.3063442164006687
logs/muon_spectra/second_order_audit_20260926/step_spectrum/soaudit_soapside16m_20260928__SleftPD_a0.5_b16M_lr0.028_mom0.9_s260925_ada__46.json,16,46,SleftPD,8,relative_1e-3,0.0,0.261197102074143,1,0.9998932357172744,0.19017672248806516,0.11599393875671023,-0.018230944966266212,0.013955697692371916,1.3063442164006687
logs/muon_spectra/second_order_audit_20260926/step_spectrum/soaudit_soapside16m_20260928__SleftPD_a0.5_b16M_lr0.028_mom0.9_s260925_ada__46.json,16,46,SleftPD,8,relative_1e-2,0.0,2.61197102074143,1,0.9998932357172744,0.19017672248806516,0.11599393875671023,-0.018230944966266212,0.013955697692371916,1.3063442164006687
logs/muon_spectra/second_order_audit_20260926/step_spectrum/soaudit_soapside16m_20260928__SleftPD_a0.5_b16M_lr0.028_mom0.9_s260925_ada__46.json,16,46,SleftPD,8,absolute_1e-4,0.0,0.0001,0,0.0,-0.0,0.0,0.0,0.0,
logs/muon_spectra/second_order_audit_20260926/step_spectrum/soaudit_soapside16m_20260928__SleftPD_a0.5_b16M_lr0.028_mom0.9_s260925_ada__46.json,16,46,SleftPD,8,absolute_1e-3,0.0,0.001,1,0.9998932357172744,0.19017672248806516,0.11599393875671023,-0.018230944966266212,0.013955697692371916,1.3063442164006687
logs/muon_spectra/second_order_audit_20260926/step_spectrum/soaudit_soapside16m_20260928__SleftPD_a0.5_b16M_lr0.028_mom0.9_s260925_ada__46.json,16,46,SleftPD,8,absolute_1e-2,0.0,0.01,1,0.9998932357172744,0.19017672248806516,0.11599393875671023,-0.018230944966266212,0.013955697692371916,1.3063442164006687
logs/muon_spectra/second_order_audit_20260926/step_spectrum/soaudit_soapside16m_20260928__SleftPD_a0.5_b16M_lr0.028_mom0.9_s260925_ada__46.json,16,46,SleftPD,8,shared_muon_relative_1e-4,0.0,0.0004477881411072237,0,0.0,-0.0,0.0,0.0,0.0,
logs/muon_spectra/second_order_audit_20260926/step_spectrum/soaudit_soapside16m_20260928__SleftPD_a0.5_b16M_lr0.028_mom0.9_s260925_ada__46.json,16,46,SleftPD,8,band_0.0001_0.001,0.026119710207414302,0.261197102074143,0,0.0,-0.0,0.0,0.0,0.0,
logs/muon_spectra/second_order_audit_20260926/step_spectrum/soaudit_soapside16m_20260928__SleftPD_a0.5_b16M_lr0.028_mom0.9_s260925_ada__46.json,16,46,SleftPD,8,band_0.001_0.01,0.261197102074143,2.61197102074143,0,0.0,-0.0,0.0,0.0,0.0,
logs/muon_spectra/second_order_audit_20260926/step_spectrum/soaudit_soapside16m_20260928__SleftPD_a0.5_b16M_lr0.028_mom0.9_s260925_ada__46.json,16,46,SleftPD,8,band_0.01_0.1,2.61197102074143,26.1197102074143,1,7.940467315033036e-05,0.06861845293504243,0.1467641751736522,-0.006577982955866714,0.017657788697819504,0.37252586201119314
logs/muon_spectra/second_order_audit_20260926/step_spectrum/soaudit_soapside16m_20260928__SleftPD_a0.5_b16M_lr0.028_mom0.9_s260925_ada__46.json,16,46,SleftPD,8,band_0.1_inf,26.1197102074143,inf,6,2.735960957526162e-05,0.7412048245768925,0.7372418860696377,-0.07105424990400888,0.08870053899731689,0.8010577016466406
logs/muon_spectra/second_order_audit_20260926/step_spectrum/soaudit_soapside16m_20260928__SleftPD_a0.5_b16M_lr0.028_mom0.9_s260925_ada__46.json,16,46,SleftPD,16,relative_1e-4,0.0,0.026119710207414302,1,0.9997006103671628,0.17019499695863868,0.06213157682968309,-0.016315433258565642,0.007475300112052413,2.18257902880184
logs/muon_spectra/second_order_audit_20260926/step_spectrum/soaudit_soapside16m_20260928__SleftPD_a0.5_b16M_lr0.028_mom0.9_s260925_ada__46.json,16,46,SleftPD,16,relative_1e-3,0.0,0.261197102074143,1,0.9997006103671628,0.17019499695863868,0.06213157682968309,-0.016315433258565642,0.007475300112052413,2.18257902880184
logs/muon_spectra/second_order_audit_20260926/step_spectrum/soaudit_soapside16m_20260928__SleftPD_a0.5_b16M_lr0.028_mom0.9_s260925_ada__46.json,16,46,SleftPD,16,relative_1e-2,0.0,2.61197102074143,2,0.9999205964062526,0.20502872940117264,0.15536897362186802,-0.019654705546052517,0.018693066636772535,1.0514436142536543
logs/muon_spectra/second_order_audit_20260926/step_spectrum/soaudit_soapside16m_20260928__SleftPD_a0.5_b16M_lr0.028_mom0.9_s260925_ada__46.json,16,46,SleftPD,16,absolute_1e-4,0.0,0.0001,0,0.0,-0.0,0.0,0.0,0.0,
logs/muon_spectra/second_order_audit_20260926/step_spectrum/soaudit_soapside16m_20260928__SleftPD_a0.5_b16M_lr0.028_mom0.9_s260925_ada__46.json,16,46,SleftPD,16,absolute_1e-3,0.0,0.001,1,0.9997006103671628,0.17019499695863868,0.06213157682968309,-0.016315433258565642,0.007475300112052413,2.18257902880184
logs/muon_spectra/second_order_audit_20260926/step_spectrum/soaudit_soapside16m_20260928__SleftPD_a0.5_b16M_lr0.028_mom0.9_s260925_ada__46.json,16,46,SleftPD,16,absolute_1e-2,0.0,0.01,1,0.9997006103671628,0.17019499695863868,0.06213157682968309,-0.016315433258565642,0.007475300112052413,2.18257902880184
logs/muon_spectra/second_order_audit_20260926/step_spectrum/soaudit_soapside16m_20260928__SleftPD_a0.5_b16M_lr0.028_mom0.9_s260925_ada__46.json,16,46,SleftPD,16,shared_muon_relative_1e-4,0.0,0.0004477881411072237,1,0.9997006103671628,0.17019499695863868,0.06213157682968309,-0.016315433258565642,0.007475300112052413,2.18257902880184
logs/muon_spectra/second_order_audit_20260926/step_spectrum/soaudit_soapside16m_20260928__SleftPD_a0.5_b16M_lr0.028_mom0.9_s260925_ada__46.json,16,46,SleftPD,16,band_0.0001_0.001,0.026119710207414302,0.261197102074143,0,0.0,-0.0,0.0,0.0,0.0,
logs/muon_spectra/second_order_audit_20260926/step_spectrum/soaudit_soapside16m_20260928__SleftPD_a0.5_b16M_lr0.028_mom0.9_s260925_ada__46.json,16,46,SleftPD,16,band_0.001_0.01,0.261197102074143,2.61197102074143,1,0.0002199860390897525,0.034833732442533946,0.09323739679218493,-0.0033392722874868762,0.011217766524720122,0.2976771071254034
logs/muon_spectra/second_order_audit_20260926/step_spectrum/soaudit_soapside16m_20260928__SleftPD_a0.5_b16M_lr0.028_mom0.9_s260925_ada__46.json,16,46,SleftPD,16,band_0.01_0.1,2.61197102074143,26.1197102074143,2,5.347914399880055e-05,0.062188253533406776,0.11969320481650811,-0.005961563607170164,0.014400771283005587,0.41397529965672264
logs/muon_spectra/second_order_audit_20260926/step_spectrum/soaudit_soapside16m_20260928__SleftPD_a0.5_b16M_lr0.028_mom0.9_s260925_ada__46.json,16,46,SleftPD,16,band_0.1_inf,26.1197102074143,inf,12,2.592444974861204e-05,0.7327830170654206,0.7249378215616237,-0.0702469086729191,0.08722018746773015,0.8053973594004158
logs/muon_spectra/second_order_audit_20260926/step_spectrum/soaudit_soapside16m_20260928__SleftPD_a0.5_b16M_lr0.028_mom0.9_s260925_ada__46.json,16,46,SleftPD,24,relative_1e-4,0.0,0.026119710207414302,1,0.9994573876810735,0.15552869515457857,0.04195473980417666,-0.014909474960671168,0.005047743629926024,2.9536910060722854
logs/muon_spectra/second_order_audit_20260926/step_spectrum/soaudit_soapside16m_20260928__SleftPD_a0.5_b16M_lr0.028_mom0.9_s260925_ada__46.json,16,46,SleftPD,24,relative_1e-3,0.0,0.261197102074143,1,0.9994573876810735,0.15552869515457857,0.04195473980417666,-0.014909474960671168,0.005047743629926024,2.9536910060722854
logs/muon_spectra/second_order_audit_20260926/step_spectrum/soaudit_soapside16m_20260928__SleftPD_a0.5_b16M_lr0.028_mom0.9_s260925_ada__46.json,16,46,SleftPD,24,relative_1e-2,0.0,2.61197102074143,2,0.9998465393728072,0.1883089601146574,0.10737319025383889,-0.01805189532972725,0.01291850073813815,1.3973676741322028
logs/muon_spectra/second_order_audit_20260926/step_spectrum/soaudit_soapside16m_20260928__SleftPD_a0.5_b16M_lr0.028_mom0.9_s260925_ada__46.json,16,46,SleftPD,24,absolute_1e-4,0.0,0.0001,0,0.0,-0.0,0.0,0.0,0.0,
logs/muon_spectra/second_order_audit_20260926/step_spectrum/soaudit_soapside16m_20260928__SleftPD_a0.5_b16M_lr0.028_mom0.9_s260925_ada__46.json,16,46,SleftPD,24,absolute_1e-3,0.0,0.001,1,0.9994573876810735,0.15552869515457857,0.04195473980417666,-0.014909474960671168,0.005047743629926024,2.9536910060722854
logs/muon_spectra/second_order_audit_20260926/step_spectrum/soaudit_soapside16m_20260928__SleftPD_a0.5_b16M_lr0.028_mom0.9_s260925_ada__46.json,16,46,SleftPD,24,absolute_1e-2,0.0,0.01,1,0.9994573876810735,0.15552869515457857,0.04195473980417666,-0.014909474960671168,0.005047743629926024,2.9536910060722854
logs/muon_spectra/second_order_audit_20260926/step_spectrum/soaudit_soapside16m_20260928__SleftPD_a0.5_b16M_lr0.028_mom0.9_s260925_ada__46.json,16,46,SleftPD,24,shared_muon_relative_1e-4,0.0,0.0004477881411072237,1,0.9994573876810735,0.15552869515457857,0.04195473980417666,-0.014909474960671168,0.005047743629926024,2.9536910060722854
logs/muon_spectra/second_order_audit_20260926/step_spectrum/soaudit_soapside16m_20260928__SleftPD_a0.5_b16M_lr0.028_mom0.9_s260925_ada__46.json,16,46,SleftPD,24,band_0.0001_0.001,0.026119710207414302,0.261197102074143,0,0.0,-0.0,0.0,0.0,0.0,
logs/muon_spectra/second_order_audit_20260926/step_spectrum/soaudit_soapside16m_20260928__SleftPD_a0.5_b16M_lr0.028_mom0.9_s260925_ada__46.json,16,46,SleftPD,24,band_0.001_0.01,0.261197102074143,2.61197102074143,1,0.00038915169173373785,0.03278026496007883,0.06541845044966223,-0.0031424203690560834,0.007870757108212128,0.3992526164703228
logs/muon_spectra/second_order_audit_20260926/step_spectrum/soaudit_soapside16m_20260928__SleftPD_a0.5_b16M_lr0.028_mom0.9_s260925_ada__46.json,16,46,SleftPD,24,band_0.01_0.1,2.61197102074143,26.1197102074143,4,0.0001268982174555385,0.07591347980934923,0.16486684817945255,-0.0072773074143648725,0.01983579415742116,0.36687754251786364
logs/muon_spectra/second_order_audit_20260926/step_spectrum/soaudit_soapside16m_20260928__SleftPD_a0.5_b16M_lr0.028_mom0.9_s260925_ada__46.json,16,46,SleftPD,24,band_0.1_inf,26.1197102074143,inf,18,2.656240973726577e-05,0.7357775600759933,0.7277599615667086,-0.0705339750820497,0.08755973049194918,0.8055526745657933
logs/muon_spectra/second_order_audit_20260926/step_spectrum/soaudit_soapside16m_20260928__SleftPD_a0.5_b16M_lr0.028_mom0.9_s260925_ada__46.json,16,46,SleftPD,32,relative_1e-4,0.0,0.026119710207414302,1,0.999165546313777,0.15293955588136413,0.031032437195417168,-0.014661271842106359,0.003733637436565682,3.9268065234508307
logs/muon_spectra/second_order_audit_20260926/step_spectrum/soaudit_soapside16m_20260928__SleftPD_a0.5_b16M_lr0.028_mom0.9_s260925_ada__46.json,16,46,SleftPD,32,relative_1e-3,0.0,0.261197102074143,1,0.999165546313777,0.15293955588136413,0.031032437195417168,-0.014661271842106359,0.003733637436565682,3.9268065234508307
logs/muon_spectra/second_order_audit_20260926/step_spectrum/soaudit_soapside16m_20260928__SleftPD_a0.5_b16M_lr0.028_mom0.9_s260925_ada__46.json,16,46,SleftPD,32,relative_1e-2,0.0,2.61197102074143,3,0.9998750239933465,0.19488365746853786,0.12316356540322843,-0.01868216671131535,0.01481830433474008,1.2607492928537591
logs/muon_spectra/second_order_audit_20260926/step_spectrum/soaudit_soapside16m_20260928__SleftPD_a0.5_b16M_lr0.028_mom0.9_s260925_ada__46.json,16,46,SleftPD,32,absolute_1e-4,0.0,0.0001,0,0.0,-0.0,0.0,0.0,0.0,
logs/muon_spectra/second_order_audit_20260926/step_spectrum/soaudit_soapside16m_20260928__SleftPD_a0.5_b16M_lr0.028_mom0.9_s260925_ada__46.json,16,46,SleftPD,32,absolute_1e-3,0.0,0.001,1,0.999165546313777,0.15293955588136413,0.031032437195417168,-0.014661271842106359,0.003733637436565682,3.9268065234508307
logs/muon_spectra/second_order_audit_20260926/step_spectrum/soaudit_soapside16m_20260928__SleftPD_a0.5_b16M_lr0.028_mom0.9_s260925_ada__46.json,16,46,SleftPD,32,absolute_1e-2,0.0,0.01,1,0.999165546313777,0.15293955588136413,0.031032437195417168,-0.014661271842106359,0.003733637436565682,3.9268065234508307
logs/muon_spectra/second_order_audit_20260926/step_spectrum/soaudit_soapside16m_20260928__SleftPD_a0.5_b16M_lr0.028_mom0.9_s260925_ada__46.json,16,46,SleftPD,32,shared_muon_relative_1e-4,0.0,0.0004477881411072237,1,0.999165546313777,0.15293955588136413,0.031032437195417168,-0.014661271842106359,0.003733637436565682,3.9268065234508307
logs/muon_spectra/second_order_audit_20260926/step_spectrum/soaudit_soapside16m_20260928__SleftPD_a0.5_b16M_lr0.028_mom0.9_s260925_ada__46.json,16,46,SleftPD,32,band_0.0001_0.001,0.026119710207414302,0.261197102074143,0,0.0,-0.0,0.0,0.0,0.0,
logs/muon_spectra/second_order_audit_20260926/step_spectrum/soaudit_soapside16m_20260928__SleftPD_a0.5_b16M_lr0.028_mom0.9_s260925_ada__46.json,16,46,SleftPD,32,band_0.001_0.01,0.261197102074143,2.61197102074143,2,0.0007094776795694942,0.04194410158717374,0.09213112820781126,-0.004020894869208992,0.011084666898174398,0.3627438610601116
logs/muon_spectra/second_order_audit_20260926/step_spectrum/soaudit_soapside16m_20260928__SleftPD_a0.5_b16M_lr0.028_mom0.9_s260925_ada__46.json,16,46,SleftPD,32,band_0.01_0.1,2.61197102074143,26.1197102074143,6,0.00010215462413590417,0.07998419490710859,0.17163820047649067,-0.007667539099660935,0.02065048280959476,0.37130071826206373
logs/muon_spectra/second_order_audit_20260926/step_spectrum/soaudit_soapside16m_20260928__SleftPD_a0.5_b16M_lr0.028_mom0.9_s260925_ada__46.json,16,46,SleftPD,32,band_0.1_inf,26.1197102074143,inf,23,2.282138251759535e-05,0.7251321476243535,0.7051982341202809,-0.0695134720151655,0.0848452382431736,0.8192972694110898
logs/muon_spectra/second_order_audit_20260926/step_spectrum/soaudit_soapside16m_20260928__SleftPD_a0.5_b16M_lr0.028_mom0.9_s260925_ada__46.json,16,46,SleftPD,40,relative_1e-4,0.0,0.026119710207414302,1,0.9988250574781731,0.1416752584242428,0.024179325889299205,-0.013581440491887777,0.0029091120288979827,4.668586275459677
logs/muon_spectra/second_order_audit_20260926/step_spectrum/soaudit_soapside16m_20260928__SleftPD_a0.5_b16M_lr0.028_mom0.9_s260925_ada__46.json,16,46,SleftPD,40,relative_1e-3,0.0,0.261197102074143,2,0.9996496222014288,0.17344459482964875,0.06464159307841562,-0.016626950037137725,0.007777290270725481,2.1378847205591995
logs/muon_spectra/second_order_audit_20260926/step_spectrum/soaudit_soapside16m_20260928__SleftPD_a0.5_b16M_lr0.028_mom0.9_s260925_ada__46.json,16,46,SleftPD,40,relative_1e-2,0.0,2.61197102074143,4,0.9998853164202368,0.2006359286930896,0.1300610995436111,-0.019233597710618746,0.015648174432417276,1.229127256581048
logs/muon_spectra/second_order_audit_20260926/step_spectrum/soaudit_soapside16m_20260928__SleftPD_a0.5_b16M_lr0.028_mom0.9_s260925_ada__46.json,16,46,SleftPD,40,absolute_1e-4,0.0,0.0001,0,0.0,-0.0,0.0,0.0,0.0,
logs/muon_spectra/second_order_audit_20260926/step_spectrum/soaudit_soapside16m_20260928__SleftPD_a0.5_b16M_lr0.028_mom0.9_s260925_ada__46.json,16,46,SleftPD,40,absolute_1e-3,0.0,0.001,1,0.9988250574781731,0.1416752584242428,0.024179325889299205,-0.013581440491887777,0.0029091120288979827,4.668586275459677
logs/muon_spectra/second_order_audit_20260926/step_spectrum/soaudit_soapside16m_20260928__SleftPD_a0.5_b16M_lr0.028_mom0.9_s260925_ada__46.json,16,46,SleftPD,40,absolute_1e-2,0.0,0.01,1,0.9988250574781731,0.1416752584242428,0.024179325889299205,-0.013581440491887777,0.0029091120288979827,4.668586275459677
logs/muon_spectra/second_order_audit_20260926/step_spectrum/soaudit_soapside16m_20260928__SleftPD_a0.5_b16M_lr0.028_mom0.9_s260925_ada__46.json,16,46,SleftPD,40,shared_muon_relative_1e-4,0.0,0.0004477881411072237,1,0.9988250574781731,0.1416752584242428,0.024179325889299205,-0.013581440491887777,0.0029091120288979827,4.668586275459677
logs/muon_spectra/second_order_audit_20260926/step_spectrum/soaudit_soapside16m_20260928__SleftPD_a0.5_b16M_lr0.028_mom0.9_s260925_ada__46.json,16,46,SleftPD,40,band_0.0001_0.001,0.026119710207414302,0.261197102074143,1,0.000824564723255801,0.03176933640540593,0.04046226718911641,-0.003045509545249948,0.004868178241827498,0.6255953241569631
logs/muon_spectra/second_order_audit_20260926/step_spectrum/soaudit_soapside16m_20260928__SleftPD_a0.5_b16M_lr0.028_mom0.9_s260925_ada__46.json,16,46,SleftPD,40,band_0.001_0.01,0.261197102074143,2.61197102074143,2,0.00023569421880801492,0.027191333863440883,0.06541950646519547,-0.0026066476734810237,0.007870884161691794,0.33117596701114993
logs/muon_spectra/second_order_audit_20260926/step_spectrum/soaudit_soapside16m_20260928__SleftPD_a0.5_b16M_lr0.028_mom0.9_s260925_ada__46.json,16,46,SleftPD,40,band_0.01_0.1,2.61197102074143,26.1197102074143,8,9.44781154064772e-05,0.08020970476628353,0.1818294644456637,-0.007689157191392569,0.02187663480151263,0.35147806146404714
logs/muon_spectra/second_order_audit_20260926/step_spectrum/soaudit_soapside16m_20260928__SleftPD_a0.5_b16M_lr0.028_mom0.9_s260925_ada__46.json,16,46,SleftPD,40,band_0.1_inf,26.1197102074143,inf,28,2.0205464356816305e-05,0.7191543665406268,0.6881094360107254,-0.06894042292413044,0.08278921615357847,0.832722256921025
logs/muon_spectra/second_order_audit_20260926/step_spectrum/soaudit_soapside16m_20260928__SleftPD_a0.5_b16M_lr0.028_mom0.9_s260925_ada__46.json,16,46,SleftPD,48,relative_1e-4,0.0,0.026119710207414302,1,0.9984435069652234,0.13599262092905026,0.019546858053014444,-0.01303668480316464,0.002351761176036402,5.543371042945923
logs/muon_spectra/second_order_audit_20260926/step_spectrum/soaudit_soapside16m_20260928__SleftPD_a0.5_b16M_lr0.028_mom0.9_s260925_ada__46.json,16,46,SleftPD,48,relative_1e-3,0.0,0.261197102074143,2,0.9995283995530668,0.16762656466269166,0.05318885002307257,-0.01606921517664487,0.006399364652008327,2.5110641525329913
logs/muon_spectra/second_order_audit_20260926/step_spectrum/soaudit_soapside16m_20260928__SleftPD_a0.5_b16M_lr0.028_mom0.9_s260925_ada__46.json,16,46,SleftPD,48,relative_1e-2,0.0,2.61197102074143,5,0.9998887915062598,0.2025026242458943,0.13263632492407493,-0.019412545078344542,0.015958010164220958,1.2164765455450648
logs/muon_spectra/second_order_audit_20260926/step_spectrum/soaudit_soapside16m_20260928__SleftPD_a0.5_b16M_lr0.028_mom0.9_s260925_ada__46.json,16,46,SleftPD,48,absolute_1e-4,0.0,0.0001,1,0.9984435069652234,0.13599262092905026,0.019546858053014444,-0.01303668480316464,0.002351761176036402,5.543371042945923
logs/muon_spectra/second_order_audit_20260926/step_spectrum/soaudit_soapside16m_20260928__SleftPD_a0.5_b16M_lr0.028_mom0.9_s260925_ada__46.json,16,46,SleftPD,48,absolute_1e-3,0.0,0.001,1,0.9984435069652234,0.13599262092905026,0.019546858053014444,-0.01303668480316464,0.002351761176036402,5.543371042945923
logs/muon_spectra/second_order_audit_20260926/step_spectrum/soaudit_soapside16m_20260928__SleftPD_a0.5_b16M_lr0.028_mom0.9_s260925_ada__46.json,16,46,SleftPD,48,absolute_1e-2,0.0,0.01,1,0.9984435069652234,0.13599262092905026,0.019546858053014444,-0.01303668480316464,0.002351761176036402,5.543371042945923
logs/muon_spectra/second_order_audit_20260926/step_spectrum/soaudit_soapside16m_20260928__SleftPD_a0.5_b16M_lr0.028_mom0.9_s260925_ada__46.json,16,46,SleftPD,48,shared_muon_relative_1e-4,0.0,0.0004477881411072237,1,0.9984435069652234,0.13599262092905026,0.019546858053014444,-0.01303668480316464,0.002351761176036402,5.543371042945923
logs/muon_spectra/second_order_audit_20260926/step_spectrum/soaudit_soapside16m_20260928__SleftPD_a0.5_b16M_lr0.028_mom0.9_s260925_ada__46.json,16,46,SleftPD,48,band_0.0001_0.001,0.026119710207414302,0.261197102074143,1,0.001084892587843448,0.03163394373364141,0.03364199197005812,-0.003032530373480231,0.0040476034759719245,0.7492162687087448
logs/muon_spectra/second_order_audit_20260926/step_spectrum/soaudit_soapside16m_20260928__SleftPD_a0.5_b16M_lr0.028_mom0.9_s260925_ada__46.json,16,46,SleftPD,48,band_0.001_0.01,0.261197102074143,2.61197102074143,3,0.0003603919531927882,0.034876059583202654,0.07944747490100237,-0.003343329901699673,0.009558645512212633,0.34977025745206863
logs/muon_spectra/second_order_audit_20260926/step_spectrum/soaudit_soapside16m_20260928__SleftPD_a0.5_b16M_lr0.028_mom0.9_s260925_ada__46.json,16,46,SleftPD,48,band_0.01_0.1,2.61197102074143,26.1197102074143,9,8.524852277902277e-05,0.0647262054436357,0.14320863847799192,-0.006204859742454638,0.017230007765551624,0.3601193816557742
logs/muon_spectra/second_order_audit_20260926/step_spectrum/soaudit_soapside16m_20260928__SleftPD_a0.5_b16M_lr0.028_mom0.9_s260925_ada__46.json,16,46,SleftPD,48,band_0.1_inf,26.1197102074143,inf,34,2.595997096143296e-05,0.7327711703104699,0.7241550365979332,-0.07024577300534263,0.08712600745773577,0.8062549295561187
logs/muon_spectra/second_order_audit_20260926/step_spectrum/soaudit_soapside16m_20260928__SrightPD_a0.5_b16M_lr0.028_mom0.9_s260925_l40s__46.json,16,46,SrightPD,8,relative_1e-4,0.0,0.0324070236970796,1,0.9999340740541647,0.2723794584416837,0.1291081223530209,-0.02421416806336814,0.0140433027592672,1.724250233613255
logs/muon_spectra/second_order_audit_20260926/step_spectrum/soaudit_soapside16m_20260928__SrightPD_a0.5_b16M_lr0.028_mom0.9_s260925_l40s__46.json,16,46,SrightPD,8,relative_1e-3,0.0,0.32407023697079596,1,0.9999340740541647,0.2723794584416837,0.1291081223530209,-0.02421416806336814,0.0140433027592672,1.724250233613255
logs/muon_spectra/second_order_audit_20260926/step_spectrum/soaudit_soapside16m_20260928__SrightPD_a0.5_b16M_lr0.028_mom0.9_s260925_l40s__46.json,16,46,SrightPD,8,relative_1e-2,0.0,3.24070236970796,1,0.9999340740541647,0.2723794584416837,0.1291081223530209,-0.02421416806336814,0.0140433027592672,1.724250233613255
logs/muon_spectra/second_order_audit_20260926/step_spectrum/soaudit_soapside16m_20260928__SrightPD_a0.5_b16M_lr0.028_mom0.9_s260925_l40s__46.json,16,46,SrightPD,8,absolute_1e-4,0.0,0.0001,0,0.0,-0.0,0.0,0.0,0.0,
logs/muon_spectra/second_order_audit_20260926/step_spectrum/soaudit_soapside16m_20260928__SrightPD_a0.5_b16M_lr0.028_mom0.9_s260925_l40s__46.json,16,46,SrightPD,8,absolute_1e-3,0.0,0.001,1,0.9999340740541647,0.2723794584416837,0.1291081223530209,-0.02421416806336814,0.0140433027592672,1.724250233613255
logs/muon_spectra/second_order_audit_20260926/step_spectrum/soaudit_soapside16m_20260928__SrightPD_a0.5_b16M_lr0.028_mom0.9_s260925_l40s__46.json,16,46,SrightPD,8,absolute_1e-2,0.0,0.01,1,0.9999340740541647,0.2723794584416837,0.1291081223530209,-0.02421416806336814,0.0140433027592672,1.724250233613255
logs/muon_spectra/second_order_audit_20260926/step_spectrum/soaudit_soapside16m_20260928__SrightPD_a0.5_b16M_lr0.028_mom0.9_s260925_l40s__46.json,16,46,SrightPD,8,shared_muon_relative_1e-4,0.0,0.0004477881411072237,0,0.0,-0.0,0.0,0.0,0.0,
logs/muon_spectra/second_order_audit_20260926/step_spectrum/soaudit_soapside16m_20260928__SrightPD_a0.5_b16M_lr0.028_mom0.9_s260925_l40s__46.json,16,46,SrightPD,8,band_0.0001_0.001,0.0324070236970796,0.32407023697079596,0,0.0,-0.0,0.0,0.0,0.0,
logs/muon_spectra/second_order_audit_20260926/step_spectrum/soaudit_soapside16m_20260928__SrightPD_a0.5_b16M_lr0.028_mom0.9_s260925_l40s__46.json,16,46,SrightPD,8,band_0.001_0.01,0.32407023697079596,3.24070236970796,0,0.0,-0.0,0.0,0.0,0.0,
logs/muon_spectra/second_order_audit_20260926/step_spectrum/soaudit_soapside16m_20260928__SrightPD_a0.5_b16M_lr0.028_mom0.9_s260925_l40s__46.json,16,46,SrightPD,8,band_0.01_0.1,3.24070236970796,32.4070236970796,1,4.868002212976744e-05,0.1188327339258326,0.1250710007310732,-0.010564070459541193,0.013604178402257536,0.7765313087770259
logs/muon_spectra/second_order_audit_20260926/step_spectrum/soaudit_soapside16m_20260928__SrightPD_a0.5_b16M_lr0.028_mom0.9_s260925_l40s__46.json,16,46,SrightPD,8,band_0.1_inf,32.4070236970796,inf,6,1.7245923705581867e-05,0.6087878076324837,0.7458208769159058,-0.05412041852670947,0.08112416312641972,0.6671306851248622
logs/muon_spectra/second_order_audit_20260926/step_spectrum/soaudit_soapside16m_20260928__SrightPD_a0.5_b16M_lr0.028_mom0.9_s260925_l40s__46.json,16,46,SrightPD,16,relative_1e-4,0.0,0.0324070236970796,1,0.9997873992522828,0.21921880772877814,0.0738022810600306,-0.019488257607106974,0.008027595463100548,2.4276581570018356
logs/muon_spectra/second_order_audit_20260926/step_spectrum/soaudit_soapside16m_20260928__SrightPD_a0.5_b16M_lr0.028_mom0.9_s260925_l40s__46.json,16,46,SrightPD,16,relative_1e-3,0.0,0.32407023697079596,1,0.9997873992522828,0.21921880772877814,0.0738022810600306,-0.019488257607106974,0.008027595463100548,2.4276581570018356
logs/muon_spectra/second_order_audit_20260926/step_spectrum/soaudit_soapside16m_20260928__SrightPD_a0.5_b16M_lr0.028_mom0.9_s260925_l40s__46.json,16,46,SrightPD,16,relative_1e-2,0.0,3.24070236970796,2,0.9999550189468939,0.3180167779212236,0.16892041249496548,-0.028271264476443646,0.018373751020875233,1.5386768028108908
logs/muon_spectra/second_order_audit_20260926/step_spectrum/soaudit_soapside16m_20260928__SrightPD_a0.5_b16M_lr0.028_mom0.9_s260925_l40s__46.json,16,46,SrightPD,16,absolute_1e-4,0.0,0.0001,0,0.0,-0.0,0.0,0.0,0.0,
logs/muon_spectra/second_order_audit_20260926/step_spectrum/soaudit_soapside16m_20260928__SrightPD_a0.5_b16M_lr0.028_mom0.9_s260925_l40s__46.json,16,46,SrightPD,16,absolute_1e-3,0.0,0.001,1,0.9997873992522828,0.21921880772877814,0.0738022810600306,-0.019488257607106974,0.008027595463100548,2.4276581570018356
logs/muon_spectra/second_order_audit_20260926/step_spectrum/soaudit_soapside16m_20260928__SrightPD_a0.5_b16M_lr0.028_mom0.9_s260925_l40s__46.json,16,46,SrightPD,16,absolute_1e-2,0.0,0.01,1,0.9997873992522828,0.21921880772877814,0.0738022810600306,-0.019488257607106974,0.008027595463100548,2.4276581570018356
logs/muon_spectra/second_order_audit_20260926/step_spectrum/soaudit_soapside16m_20260928__SrightPD_a0.5_b16M_lr0.028_mom0.9_s260925_l40s__46.json,16,46,SrightPD,16,shared_muon_relative_1e-4,0.0,0.0004477881411072237,1,0.9997873992522828,0.21921880772877814,0.0738022810600306,-0.019488257607106974,0.008027595463100548,2.4276581570018356
logs/muon_spectra/second_order_audit_20260926/step_spectrum/soaudit_soapside16m_20260928__SrightPD_a0.5_b16M_lr0.028_mom0.9_s260925_l40s__46.json,16,46,SrightPD,16,band_0.0001_0.001,0.0324070236970796,0.32407023697079596,0,0.0,-0.0,0.0,0.0,0.0,
logs/muon_spectra/second_order_audit_20260926/step_spectrum/soaudit_soapside16m_20260928__SrightPD_a0.5_b16M_lr0.028_mom0.9_s260925_l40s__46.json,16,46,SrightPD,16,band_0.001_0.01,0.32407023697079596,3.24070236970796,1,0.00016761969461114048,0.09879797019244545,0.09511813143493487,-0.00878300686933667,0.010346155557774683,0.8489150216513635
logs/muon_spectra/second_order_audit_20260926/step_spectrum/soaudit_soapside16m_20260928__SrightPD_a0.5_b16M_lr0.028_mom0.9_s260925_l40s__46.json,16,46,SrightPD,16,band_0.01_0.1,3.24070236970796,32.4070236970796,2,2.9082769355395083e-05,0.07467813834085879,0.0990356305686731,-0.006638786209467996,0.010772268380047988,0.6162848877553143
logs/muon_spectra/second_order_audit_20260926/step_spectrum/soaudit_soapside16m_20260928__SrightPD_a0.5_b16M_lr0.028_mom0.9_s260925_l40s__46.json,16,46,SrightPD,16,band_0.1_inf,32.4070236970796,inf,12,1.5898283750664755e-05,0.6073050837379177,0.7320439569363613,-0.05398860636370718,0.07962562488702121,0.6780305516008226
logs/muon_spectra/second_order_audit_20260926/step_spectrum/soaudit_soapside16m_20260928__SrightPD_a0.5_b16M_lr0.028_mom0.9_s260925_l40s__46.json,16,46,SrightPD,24,relative_1e-4,0.0,0.0324070236970796,1,0.9995794166212724,0.20243961737577765,0.04978014421114521,-0.017996610118345305,0.0054146681387372605,3.3236773994688886
logs/muon_spectra/second_order_audit_20260926/step_spectrum/soaudit_soapside16m_20260928__SrightPD_a0.5_b16M_lr0.028_mom0.9_s260925_l40s__46.json,16,46,SrightPD,24,relative_1e-3,0.0,0.32407023697079596,1,0.9995794166212724,0.20243961737577765,0.04978014421114521,-0.017996610118345305,0.0054146681387372605,3.3236773994688886
logs/muon_spectra/second_order_audit_20260926/step_spectrum/soaudit_soapside16m_20260928__SrightPD_a0.5_b16M_lr0.028_mom0.9_s260925_l40s__46.json,16,46,SrightPD,24,relative_1e-2,0.0,3.24070236970796,2,0.9999055307175257,0.2684925315155532,0.12444479589205908,-0.023868625479585126,0.013536065072256891,1.7633356039714627
logs/muon_spectra/second_order_audit_20260926/step_spectrum/soaudit_soapside16m_20260928__SrightPD_a0.5_b16M_lr0.028_mom0.9_s260925_l40s__46.json,16,46,SrightPD,24,absolute_1e-4,0.0,0.0001,0,0.0,-0.0,0.0,0.0,0.0,
logs/muon_spectra/second_order_audit_20260926/step_spectrum/soaudit_soapside16m_20260928__SrightPD_a0.5_b16M_lr0.028_mom0.9_s260925_l40s__46.json,16,46,SrightPD,24,absolute_1e-3,0.0,0.001,1,0.9995794166212724,0.20243961737577765,0.04978014421114521,-0.017996610118345305,0.0054146681387372605,3.3236773994688886
logs/muon_spectra/second_order_audit_20260926/step_spectrum/soaudit_soapside16m_20260928__SrightPD_a0.5_b16M_lr0.028_mom0.9_s260925_l40s__46.json,16,46,SrightPD,24,absolute_1e-2,0.0,0.01,1,0.9995794166212724,0.20243961737577765,0.04978014421114521,-0.017996610118345305,0.0054146681387372605,3.3236773994688886
logs/muon_spectra/second_order_audit_20260926/step_spectrum/soaudit_soapside16m_20260928__SrightPD_a0.5_b16M_lr0.028_mom0.9_s260925_l40s__46.json,16,46,SrightPD,24,shared_muon_relative_1e-4,0.0,0.0004477881411072237,1,0.9995794166212724,0.20243961737577765,0.04978014421114521,-0.017996610118345305,0.0054146681387372605,3.3236773994688886
logs/muon_spectra/second_order_audit_20260926/step_spectrum/soaudit_soapside16m_20260928__SrightPD_a0.5_b16M_lr0.028_mom0.9_s260925_l40s__46.json,16,46,SrightPD,24,band_0.0001_0.001,0.0324070236970796,0.32407023697079596,0,0.0,-0.0,0.0,0.0,0.0,
logs/muon_spectra/second_order_audit_20260926/step_spectrum/soaudit_soapside16m_20260928__SrightPD_a0.5_b16M_lr0.028_mom0.9_s260925_l40s__46.json,16,46,SrightPD,24,band_0.001_0.01,0.32407023697079596,3.24070236970796,1,0.0003261140962533105,0.06605291413977553,0.07466465168091387,-0.005872015361239821,0.00812139693351963,0.7230302138052278
logs/muon_spectra/second_order_audit_20260926/step_spectrum/soaudit_soapside16m_20260928__SrightPD_a0.5_b16M_lr0.028_mom0.9_s260925_l40s__46.json,16,46,SrightPD,24,band_0.01_0.1,3.24070236970796,32.4070236970796,4,7.790123814691117e-05,0.12263539451143132,0.13869098551477668,-0.010902121878816435,0.015085646542357736,0.7226817788820168
logs/muon_spectra/second_order_audit_20260926/step_spectrum/soaudit_soapside16m_20260928__SrightPD_a0.5_b16M_lr0.028_mom0.9_s260925_l40s__46.json,16,46,SrightPD,24,band_0.1_inf,32.4070236970796,inf,18,1.6568044327476912e-05,0.6088720739730157,0.7368642185931642,-0.05412790969121724,0.08014993267332975,0.6753331897586053
logs/muon_spectra/second_order_audit_20260926/step_spectrum/soaudit_soapside16m_20260928__SrightPD_a0.5_b16M_lr0.028_mom0.9_s260925_l40s__46.json,16,46,SrightPD,32,relative_1e-4,0.0,0.0324070236970796,1,0.9993360839231253,0.17936572918280394,0.03727817466124213,-0.01594537244507689,0.004054808353956491,3.9324601937149875
logs/muon_spectra/second_order_audit_20260926/step_spectrum/soaudit_soapside16m_20260928__SrightPD_a0.5_b16M_lr0.028_mom0.9_s260925_l40s__46.json,16,46,SrightPD,32,relative_1e-3,0.0,0.32407023697079596,1,0.9993360839231253,0.17936572918280394,0.03727817466124213,-0.01594537244507689,0.004054808353956491,3.9324601937149875
logs/muon_spectra/second_order_audit_20260926/step_spectrum/soaudit_soapside16m_20260928__SrightPD_a0.5_b16M_lr0.028_mom0.9_s260925_l40s__46.json,16,46,SrightPD,32,relative_1e-2,0.0,3.24070236970796,3,0.9999274306183585,0.2807586055254148,0.14101931278659963,-0.024959062986333064,0.015338902528154383,1.627173974182376
logs/muon_spectra/second_order_audit_20260926/step_spectrum/soaudit_soapside16m_20260928__SrightPD_a0.5_b16M_lr0.028_mom0.9_s260925_l40s__46.json,16,46,SrightPD,32,absolute_1e-4,0.0,0.0001,0,0.0,-0.0,0.0,0.0,0.0,
logs/muon_spectra/second_order_audit_20260926/step_spectrum/soaudit_soapside16m_20260928__SrightPD_a0.5_b16M_lr0.028_mom0.9_s260925_l40s__46.json,16,46,SrightPD,32,absolute_1e-3,0.0,0.001,1,0.9993360839231253,0.17936572918280394,0.03727817466124213,-0.01594537244507689,0.004054808353956491,3.9324601937149875
logs/muon_spectra/second_order_audit_20260926/step_spectrum/soaudit_soapside16m_20260928__SrightPD_a0.5_b16M_lr0.028_mom0.9_s260925_l40s__46.json,16,46,SrightPD,32,absolute_1e-2,0.0,0.01,1,0.9993360839231253,0.17936572918280394,0.03727817466124213,-0.01594537244507689,0.004054808353956491,3.9324601937149875
logs/muon_spectra/second_order_audit_20260926/step_spectrum/soaudit_soapside16m_20260928__SrightPD_a0.5_b16M_lr0.028_mom0.9_s260925_l40s__46.json,16,46,SrightPD,32,shared_muon_relative_1e-4,0.0,0.0004477881411072237,1,0.9993360839231253,0.17936572918280394,0.03727817466124213,-0.01594537244507689,0.004054808353956491,3.9324601937149875
logs/muon_spectra/second_order_audit_20260926/step_spectrum/soaudit_soapside16m_20260928__SrightPD_a0.5_b16M_lr0.028_mom0.9_s260925_l40s__46.json,16,46,SrightPD,32,band_0.0001_0.001,0.0324070236970796,0.32407023697079596,0,0.0,-0.0,0.0,0.0,0.0,
logs/muon_spectra/second_order_audit_20260926/step_spectrum/soaudit_soapside16m_20260928__SrightPD_a0.5_b16M_lr0.028_mom0.9_s260925_l40s__46.json,16,46,SrightPD,32,band_0.001_0.01,0.32407023697079596,3.24070236970796,2,0.0005913466952331792,0.10139287634261089,0.10374113812535748,-0.009013690541256173,0.01128409417419789,0.7987961108891486
logs/muon_spectra/second_order_audit_20260926/step_spectrum/soaudit_soapside16m_20260928__SrightPD_a0.5_b16M_lr0.028_mom0.9_s260925_l40s__46.json,16,46,SrightPD,32,band_0.01_0.1,3.24070236970796,32.4070236970796,6,5.749505368969186e-05,0.11802886702354545,0.13488085431990612,-0.010492607771481229,0.014671212307338876,0.7151834184985917
logs/muon_spectra/second_order_audit_20260926/step_spectrum/soaudit_soapside16m_20260928__SrightPD_a0.5_b16M_lr0.028_mom0.9_s260925_l40s__46.json,16,46,SrightPD,32,band_0.1_inf,32.4070236970796,inf,23,1.5074327951824925e-05,0.6012125274510398,0.7240998328934942,-0.05344698629180451,0.07876152945245113,0.6785925395731532
logs/muon_spectra/second_order_audit_20260926/step_spectrum/soaudit_soapside16m_20260928__SrightPD_a0.5_b16M_lr0.028_mom0.9_s260925_l40s__46.json,16,46,SrightPD,40,relative_1e-4,0.0,0.0324070236970796,1,0.999034149243326,0.16964430226578983,0.029012122017752565,-0.015081150647548312,0.0031556962161534198,4.77902485364425
logs/muon_spectra/second_order_audit_20260926/step_spectrum/soaudit_soapside16m_20260928__SrightPD_a0.5_b16M_lr0.028_mom0.9_s260925_l40s__46.json,16,46,SrightPD,40,relative_1e-3,0.0,0.32407023697079596,2,0.9997376583331161,0.22859461596768585,0.07528921556690882,-0.020321754368300606,0.008189331774362167,2.4814911555935075
logs/muon_spectra/second_order_audit_20260926/step_spectrum/soaudit_soapside16m_20260928__SrightPD_a0.5_b16M_lr0.028_mom0.9_s260925_l40s__46.json,16,46,SrightPD,40,relative_1e-2,0.0,3.24070236970796,4,0.9999320298134649,0.2861471837390479,0.14539218390764738,-0.025438100352931863,0.015814546910250006,1.60852539736339
logs/muon_spectra/second_order_audit_20260926/step_spectrum/soaudit_soapside16m_20260928__SrightPD_a0.5_b16M_lr0.028_mom0.9_s260925_l40s__46.json,16,46,SrightPD,40,absolute_1e-4,0.0,0.0001,0,0.0,-0.0,0.0,0.0,0.0,
logs/muon_spectra/second_order_audit_20260926/step_spectrum/soaudit_soapside16m_20260928__SrightPD_a0.5_b16M_lr0.028_mom0.9_s260925_l40s__46.json,16,46,SrightPD,40,absolute_1e-3,0.0,0.001,1,0.999034149243326,0.16964430226578983,0.029012122017752565,-0.015081150647548312,0.0031556962161534198,4.77902485364425
logs/muon_spectra/second_order_audit_20260926/step_spectrum/soaudit_soapside16m_20260928__SrightPD_a0.5_b16M_lr0.028_mom0.9_s260925_l40s__46.json,16,46,SrightPD,40,absolute_1e-2,0.0,0.01,1,0.999034149243326,0.16964430226578983,0.029012122017752565,-0.015081150647548312,0.0031556962161534198,4.77902485364425
logs/muon_spectra/second_order_audit_20260926/step_spectrum/soaudit_soapside16m_20260928__SrightPD_a0.5_b16M_lr0.028_mom0.9_s260925_l40s__46.json,16,46,SrightPD,40,shared_muon_relative_1e-4,0.0,0.0004477881411072237,1,0.999034149243326,0.16964430226578983,0.029012122017752565,-0.015081150647548312,0.0031556962161534198,4.77902485364425
logs/muon_spectra/second_order_audit_20260926/step_spectrum/soaudit_soapside16m_20260928__SrightPD_a0.5_b16M_lr0.028_mom0.9_s260925_l40s__46.json,16,46,SrightPD,40,band_0.0001_0.001,0.0324070236970796,0.32407023697079596,1,0.0007035090897901543,0.05895031370189601,0.04627709354915626,-0.005240603720752295,0.005033635558208748,1.041117033633082
logs/muon_spectra/second_order_audit_20260926/step_spectrum/soaudit_soapside16m_20260928__SrightPD_a0.5_b16M_lr0.028_mom0.9_s260925_l40s__46.json,16,46,SrightPD,40,band_0.001_0.01,0.32407023697079596,3.24070236970796,2,0.00019437148034867076,0.05755256777136204,0.07010296834073856,-0.005116345984631255,0.007625215135887839,0.6709772633891116
logs/muon_spectra/second_order_audit_20260926/step_spectrum/soaudit_soapside16m_20260928__SrightPD_a0.5_b16M_lr0.028_mom0.9_s260925_l40s__46.json,16,46,SrightPD,40,band_0.01_0.1,3.24070236970796,32.4070236970796,8,5.288950035766366e-05,0.11116030050731993,0.1305070407047723,-0.009882001432332794,0.014195465408611763,0.69613789670734
logs/muon_spectra/second_order_audit_20260926/step_spectrum/soaudit_soapside16m_20260928__SrightPD_a0.5_b16M_lr0.028_mom0.9_s260925_l40s__46.json,16,46,SrightPD,40,band_0.1_inf,32.4070236970796,inf,28,1.5080686177325683e-05,0.6026925157536324,0.7241007753875803,-0.05357855526435411,0.07876163196908256,0.6802621266835364
logs/muon_spectra/second_order_audit_20260926/step_spectrum/soaudit_soapside16m_20260928__SrightPD_a0.5_b16M_lr0.028_mom0.9_s260925_l40s__46.json,16,46,SrightPD,48,relative_1e-4,0.0,0.0324070236970796,1,0.9986836356312245,0.15923617064712917,0.023369019351604077,-0.014155881724253722,0.0025418866602707714,5.569045207840142
logs/muon_spectra/second_order_audit_20260926/step_spectrum/soaudit_soapside16m_20260928__SrightPD_a0.5_b16M_lr0.028_mom0.9_s260925_l40s__46.json,16,46,SrightPD,48,relative_1e-3,0.0,0.32407023697079596,2,0.9996290717289286,0.2137682283990113,0.06164927525179791,-0.0190037084245483,0.006705693038298146,2.8339663500868055
logs/muon_spectra/second_order_audit_20260926/step_spectrum/soaudit_soapside16m_20260928__SrightPD_a0.5_b16M_lr0.028_mom0.9_s260925_l40s__46.json,16,46,SrightPD,48,relative_1e-2,0.0,3.24070236970796,5,0.9999332118801791,0.28924630093416914,0.1466725593555273,-0.025713607709617555,0.015953815453021852,1.6117528615856638
logs/muon_spectra/second_order_audit_20260926/step_spectrum/soaudit_soapside16m_20260928__SrightPD_a0.5_b16M_lr0.028_mom0.9_s260925_l40s__46.json,16,46,SrightPD,48,absolute_1e-4,0.0,0.0001,1,0.9986836356312245,0.15923617064712917,0.023369019351604077,-0.014155881724253722,0.0025418866602707714,5.569045207840142
logs/muon_spectra/second_order_audit_20260926/step_spectrum/soaudit_soapside16m_20260928__SrightPD_a0.5_b16M_lr0.028_mom0.9_s260925_l40s__46.json,16,46,SrightPD,48,absolute_1e-3,0.0,0.001,1,0.9986836356312245,0.15923617064712917,0.023369019351604077,-0.014155881724253722,0.0025418866602707714,5.569045207840142
logs/muon_spectra/second_order_audit_20260926/step_spectrum/soaudit_soapside16m_20260928__SrightPD_a0.5_b16M_lr0.028_mom0.9_s260925_l40s__46.json,16,46,SrightPD,48,absolute_1e-2,0.0,0.01,1,0.9986836356312245,0.15923617064712917,0.023369019351604077,-0.014155881724253722,0.0025418866602707714,5.569045207840142
logs/muon_spectra/second_order_audit_20260926/step_spectrum/soaudit_soapside16m_20260928__SrightPD_a0.5_b16M_lr0.028_mom0.9_s260925_l40s__46.json,16,46,SrightPD,48,shared_muon_relative_1e-4,0.0,0.0004477881411072237,1,0.9986836356312245,0.15923617064712917,0.023369019351604077,-0.014155881724253722,0.0025418866602707714,5.569045207840142
logs/muon_spectra/second_order_audit_20260926/step_spectrum/soaudit_soapside16m_20260928__SrightPD_a0.5_b16M_lr0.028_mom0.9_s260925_l40s__46.json,16,46,SrightPD,48,band_0.0001_0.001,0.0324070236970796,0.32407023697079596,1,0.0009454360977039816,0.05453205775188213,0.038280255900193835,-0.004847826700294579,0.004163806378027375,1.1642776489024118
logs/muon_spectra/second_order_audit_20260926/step_spectrum/soaudit_soapside16m_20260928__SrightPD_a0.5_b16M_lr0.028_mom0.9_s260925_l40s__46.json,16,46,SrightPD,48,band_0.001_0.01,0.32407023697079596,3.24070236970796,3,0.00030414015125061636,0.07547807253515783,0.08502328410372939,-0.006709899285069251,0.009248122414723704,0.7255417893676006
logs/muon_spectra/second_order_audit_20260926/step_spectrum/soaudit_soapside16m_20260928__SrightPD_a0.5_b16M_lr0.028_mom0.9_s260925_l40s__46.json,16,46,SrightPD,48,band_0.01_0.1,3.24070236970796,32.4070236970796,10,5.143357796105401e-05,0.10805025385496952,0.12682067732972627,-0.009605522461577193,0.01379449360286518,0.6963301979843669
logs/muon_spectra/second_order_audit_20260926/step_spectrum/soaudit_soapside16m_20260928__SrightPD_a0.5_b16M_lr0.028_mom0.9_s260925_l40s__46.json,16,46,SrightPD,48,band_0.1_inf,32.4070236970796,inf,33,1.5354541859806288e-05,0.6027034452108614,0.7265067633147464,-0.053579526878424114,0.07902333523205753,0.6780215833852634
logs/muon_spectra/second_order_audit_20260926/step_spectrum/soaudit_strength4m_20260927__SPD_a0.5_b4M_lr0.02_mom0.9_s260925_l40s__183.json,4,183,SPD,8,relative_1e-4,0.0,0.11226096820619672,1,0.9999559359668277,0.4740159268148918,0.3360486085624569,-0.021423055091483855,0.025725485955148085,0.8327560897716203
logs/muon_spectra/second_order_audit_20260926/step_spectrum/soaudit_strength4m_20260927__SPD_a0.5_b4M_lr0.02_mom0.9_s260925_l40s__183.json,4,183,SPD,8,relative_1e-3,0.0,1.122609682061967,1,0.9999559359668277,0.4740159268148918,0.3360486085624569,-0.021423055091483855,0.025725485955148085,0.8327560897716203
logs/muon_spectra/second_order_audit_20260926/step_spectrum/soaudit_strength4m_20260927__SPD_a0.5_b4M_lr0.02_mom0.9_s260925_l40s__183.json,4,183,SPD,8,relative_1e-2,0.0,11.226096820619672,1,0.9999559359668277,0.4740159268148918,0.3360486085624569,-0.021423055091483855,0.025725485955148085,0.8327560897716203
logs/muon_spectra/second_order_audit_20260926/step_spectrum/soaudit_strength4m_20260927__SPD_a0.5_b4M_lr0.02_mom0.9_s260925_l40s__183.json,4,183,SPD,8,absolute_1e-4,0.0,0.0001,0,0.0,-0.0,0.0,0.0,0.0,
logs/muon_spectra/second_order_audit_20260926/step_spectrum/soaudit_strength4m_20260927__SPD_a0.5_b4M_lr0.02_mom0.9_s260925_l40s__183.json,4,183,SPD,8,absolute_1e-3,0.0,0.001,0,0.0,-0.0,0.0,0.0,0.0,
logs/muon_spectra/second_order_audit_20260926/step_spectrum/soaudit_strength4m_20260927__SPD_a0.5_b4M_lr0.02_mom0.9_s260925_l40s__183.json,4,183,SPD,8,absolute_1e-2,0.0,0.01,1,0.9999559359668277,0.4740159268148918,0.3360486085624569,-0.021423055091483855,0.025725485955148085,0.8327560897716203
logs/muon_spectra/second_order_audit_20260926/step_spectrum/soaudit_strength4m_20260927__SPD_a0.5_b4M_lr0.02_mom0.9_s260925_l40s__183.json,4,183,SPD,8,shared_muon_relative_1e-4,0.0,0.0007556866429365307,0,0.0,-0.0,0.0,0.0,0.0,
logs/muon_spectra/second_order_audit_20260926/step_spectrum/soaudit_strength4m_20260927__SPD_a0.5_b4M_lr0.02_mom0.9_s260925_l40s__183.json,4,183,SPD,8,band_0.0001_0.001,0.11226096820619672,1.122609682061967,0,0.0,-0.0,0.0,0.0,0.0,
logs/muon_spectra/second_order_audit_20260926/step_spectrum/soaudit_strength4m_20260927__SPD_a0.5_b4M_lr0.02_mom0.9_s260925_l40s__183.json,4,183,SPD,8,band_0.001_0.01,1.122609682061967,11.226096820619672,0,0.0,-0.0,0.0,0.0,0.0,
logs/muon_spectra/second_order_audit_20260926/step_spectrum/soaudit_strength4m_20260927__SPD_a0.5_b4M_lr0.02_mom0.9_s260925_l40s__183.json,4,183,SPD,8,band_0.01_0.1,11.226096820619672,112.26096820619671,1,3.7855663613328124e-05,0.19314920434495897,0.2210982503961525,-0.00872933969405252,0.01692570595547313,0.5157444963901067
logs/muon_spectra/second_order_audit_20260926/step_spectrum/soaudit_strength4m_20260927__SPD_a0.5_b4M_lr0.02_mom0.9_s260925_l40s__183.json,4,183,SPD,8,band_0.1_inf,112.26096820619671,inf,6,6.20836955886041e-06,0.33283486884014934,0.44285314104139073,-0.015042405388023587,0.033901679607568194,0.4437067886354966
logs/muon_spectra/second_order_audit_20260926/step_spectrum/soaudit_strength4m_20260927__SPD_a0.5_b4M_lr0.02_mom0.9_s260925_l40s__183.json,4,183,SPD,16,relative_1e-4,0.0,0.11226096820619672,1,0.9998155611323571,0.36610787012645357,0.20952115159807572,-0.016546172032332704,0.01603944579863056,1.0315925026378037
logs/muon_spectra/second_order_audit_20260926/step_spectrum/soaudit_strength4m_20260927__SPD_a0.5_b4M_lr0.02_mom0.9_s260925_l40s__183.json,4,183,SPD,16,relative_1e-3,0.0,1.122609682061967,1,0.9998155611323571,0.36610787012645357,0.20952115159807572,-0.016546172032332704,0.01603944579863056,1.0315925026378037
logs/muon_spectra/second_order_audit_20260926/step_spectrum/soaudit_strength4m_20260927__SPD_a0.5_b4M_lr0.02_mom0.9_s260925_l40s__183.json,4,183,SPD,16,relative_1e-2,0.0,11.226096820619672,2,0.9999768813924427,0.5562647053174266,0.42836035122103244,-0.025140272200425296,0.032792214930510155,0.7666536784325164
logs/muon_spectra/second_order_audit_20260926/step_spectrum/soaudit_strength4m_20260927__SPD_a0.5_b4M_lr0.02_mom0.9_s260925_l40s__183.json,4,183,SPD,16,absolute_1e-4,0.0,0.0001,0,0.0,-0.0,0.0,0.0,0.0,
logs/muon_spectra/second_order_audit_20260926/step_spectrum/soaudit_strength4m_20260927__SPD_a0.5_b4M_lr0.02_mom0.9_s260925_l40s__183.json,4,183,SPD,16,absolute_1e-3,0.0,0.001,0,0.0,-0.0,0.0,0.0,0.0,
logs/muon_spectra/second_order_audit_20260926/step_spectrum/soaudit_strength4m_20260927__SPD_a0.5_b4M_lr0.02_mom0.9_s260925_l40s__183.json,4,183,SPD,16,absolute_1e-2,0.0,0.01,1,0.9998155611323571,0.36610787012645357,0.20952115159807572,-0.016546172032332704,0.01603944579863056,1.0315925026378037
logs/muon_spectra/second_order_audit_20260926/step_spectrum/soaudit_strength4m_20260927__SPD_a0.5_b4M_lr0.02_mom0.9_s260925_l40s__183.json,4,183,SPD,16,shared_muon_relative_1e-4,0.0,0.0007556866429365307,0,0.0,-0.0,0.0,0.0,0.0,
logs/muon_spectra/second_order_audit_20260926/step_spectrum/soaudit_strength4m_20260927__SPD_a0.5_b4M_lr0.02_mom0.9_s260925_l40s__183.json,4,183,SPD,16,band_0.0001_0.001,0.11226096820619672,1.122609682061967,0,0.0,-0.0,0.0,0.0,0.0,
logs/muon_spectra/second_order_audit_20260926/step_spectrum/soaudit_strength4m_20260927__SPD_a0.5_b4M_lr0.02_mom0.9_s260925_l40s__183.json,4,183,SPD,16,band_0.001_0.01,1.122609682061967,11.226096820619672,1,0.0001613202600854547,0.19015683519097293,0.2188391996229567,-0.008594100168092592,0.01675276913187959,0.5129957979148949
logs/muon_spectra/second_order_audit_20260926/step_spectrum/soaudit_strength4m_20260927__SPD_a0.5_b4M_lr0.02_mom0.9_s260925_l40s__183.json,4,183,SPD,16,band_0.01_0.1,11.226096820619672,112.26096820619671,2,1.771138776995427e-05,0.12533077341232773,0.15026817927456312,-0.005664299259967871,0.011503460621277873,0.4923995870851816
logs/muon_spectra/second_order_audit_20260926/step_spectrum/soaudit_strength4m_20260927__SPD_a0.5_b4M_lr0.02_mom0.9_s260925_l40s__183.json,4,183,SPD,16,band_0.1_inf,112.26096820619671,inf,12,5.407219787425006e-06,0.3184045212702458,0.42137146950440446,-0.014390228713166774,0.03225719596640131,0.446109101614271
logs/muon_spectra/second_order_audit_20260926/step_spectrum/soaudit_strength4m_20260927__SPD_a0.5_b4M_lr0.02_mom0.9_s260925_l40s__183.json,4,183,SPD,24,relative_1e-4,0.0,0.11226096820619672,1,0.9996212307211318,0.2985459783312845,0.15085172358621457,-0.013492725833302362,0.011548132613992903,1.1683902743680992
logs/muon_spectra/second_order_audit_20260926/step_spectrum/soaudit_strength4m_20260927__SPD_a0.5_b4M_lr0.02_mom0.9_s260925_l40s__183.json,4,183,SPD,24,relative_1e-3,0.0,1.122609682061967,1,0.9996212307211318,0.2985459783312845,0.15085172358621457,-0.013492725833302362,0.011548132613992903,1.1683902743680992
logs/muon_spectra/second_order_audit_20260926/step_spectrum/soaudit_strength4m_20260927__SPD_a0.5_b4M_lr0.02_mom0.9_s260925_l40s__183.json,4,183,SPD,24,relative_1e-2,0.0,11.226096820619672,2,0.9999450913940255,0.4946039522421523,0.34974303642042975,-0.022353526786637063,0.026773833731474586,0.8349019797026255
logs/muon_spectra/second_order_audit_20260926/step_spectrum/soaudit_strength4m_20260927__SPD_a0.5_b4M_lr0.02_mom0.9_s260925_l40s__183.json,4,183,SPD,24,absolute_1e-4,0.0,0.0001,0,0.0,-0.0,0.0,0.0,0.0,
logs/muon_spectra/second_order_audit_20260926/step_spectrum/soaudit_strength4m_20260927__SPD_a0.5_b4M_lr0.02_mom0.9_s260925_l40s__183.json,4,183,SPD,24,absolute_1e-3,0.0,0.001,1,0.9996212307211318,0.2985459783312845,0.15085172358621457,-0.013492725833302362,0.011548132613992903,1.1683902743680992
logs/muon_spectra/second_order_audit_20260926/step_spectrum/soaudit_strength4m_20260927__SPD_a0.5_b4M_lr0.02_mom0.9_s260925_l40s__183.json,4,183,SPD,24,absolute_1e-2,0.0,0.01,1,0.9996212307211318,0.2985459783312845,0.15085172358621457,-0.013492725833302362,0.011548132613992903,1.1683902743680992
logs/muon_spectra/second_order_audit_20260926/step_spectrum/soaudit_strength4m_20260927__SPD_a0.5_b4M_lr0.02_mom0.9_s260925_l40s__183.json,4,183,SPD,24,shared_muon_relative_1e-4,0.0,0.0007556866429365307,0,0.0,-0.0,0.0,0.0,0.0,
logs/muon_spectra/second_order_audit_20260926/step_spectrum/soaudit_strength4m_20260927__SPD_a0.5_b4M_lr0.02_mom0.9_s260925_l40s__183.json,4,183,SPD,24,band_0.0001_0.001,0.11226096820619672,1.122609682061967,0,0.0,-0.0,0.0,0.0,0.0,
logs/muon_spectra/second_order_audit_20260926/step_spectrum/soaudit_strength4m_20260927__SPD_a0.5_b4M_lr0.02_mom0.9_s260925_l40s__183.json,4,183,SPD,24,band_0.001_0.01,1.122609682061967,11.226096820619672,1,0.00032386067289377757,0.19605797391086782,0.19889131283421518,-0.008860800953334701,0.015225701117481685,0.5819634107463859
logs/muon_spectra/second_order_audit_20260926/step_spectrum/soaudit_strength4m_20260927__SPD_a0.5_b4M_lr0.02_mom0.9_s260925_l40s__183.json,4,183,SPD,24,band_0.01_0.1,11.226096820619672,112.26096820619671,4,4.969644931460975e-05,0.19489132603047682,0.23425101570464948,-0.008808074535507523,0.017932587908243394,0.4911769890980742
logs/muon_spectra/second_order_audit_20260926/step_spectrum/soaudit_strength4m_20260927__SPD_a0.5_b4M_lr0.02_mom0.9_s260925_l40s__183.json,4,183,SPD,24,band_0.1_inf,112.26096820619671,inf,18,5.2121566597688275e-06,0.31050472172737104,0.4160059478749208,-0.014033198851415372,0.0318464498784714,0.4406519064124002
logs/muon_spectra/second_order_audit_20260926/step_spectrum/soaudit_strength4m_20260927__SPD_a0.5_b4M_lr0.02_mom0.9_s260925_l40s__183.json,4,183,SPD,32,relative_1e-4,0.0,0.11226096820619672,1,0.9993813589642843,0.26839951880638396,0.11488178697138372,-0.012130262619134174,0.008794530677800344,1.3792961857253025
logs/muon_spectra/second_order_audit_20260926/step_spectrum/soaudit_strength4m_20260927__SPD_a0.5_b4M_lr0.02_mom0.9_s260925_l40s__183.json,4,183,SPD,32,relative_1e-3,0.0,1.122609682061967,1,0.9993813589642843,0.26839951880638396,0.11488178697138372,-0.012130262619134174,0.008794530677800344,1.3792961857253025
logs/muon_spectra/second_order_audit_20260926/step_spectrum/soaudit_strength4m_20260927__SPD_a0.5_b4M_lr0.02_mom0.9_s260925_l40s__183.json,4,183,SPD,32,relative_1e-2,0.0,11.226096820619672,3,0.9999653151681193,0.5360037696134615,0.3958283602675222,-0.024224583259955267,0.030301797606815215,0.7994437681316598
logs/muon_spectra/second_order_audit_20260926/step_spectrum/soaudit_strength4m_20260927__SPD_a0.5_b4M_lr0.02_mom0.9_s260925_l40s__183.json,4,183,SPD,32,absolute_1e-4,0.0,0.0001,0,0.0,-0.0,0.0,0.0,0.0,
logs/muon_spectra/second_order_audit_20260926/step_spectrum/soaudit_strength4m_20260927__SPD_a0.5_b4M_lr0.02_mom0.9_s260925_l40s__183.json,4,183,SPD,32,absolute_1e-3,0.0,0.001,1,0.9993813589642843,0.26839951880638396,0.11488178697138372,-0.012130262619134174,0.008794530677800344,1.3792961857253025
logs/muon_spectra/second_order_audit_20260926/step_spectrum/soaudit_strength4m_20260927__SPD_a0.5_b4M_lr0.02_mom0.9_s260925_l40s__183.json,4,183,SPD,32,absolute_1e-2,0.0,0.01,1,0.9993813589642843,0.26839951880638396,0.11488178697138372,-0.012130262619134174,0.008794530677800344,1.3792961857253025
logs/muon_spectra/second_order_audit_20260926/step_spectrum/soaudit_strength4m_20260927__SPD_a0.5_b4M_lr0.02_mom0.9_s260925_l40s__183.json,4,183,SPD,32,shared_muon_relative_1e-4,0.0,0.0007556866429365307,1,0.9993813589642843,0.26839951880638396,0.11488178697138372,-0.012130262619134174,0.008794530677800344,1.3792961857253025
logs/muon_spectra/second_order_audit_20260926/step_spectrum/soaudit_strength4m_20260927__SPD_a0.5_b4M_lr0.02_mom0.9_s260925_l40s__183.json,4,183,SPD,32,band_0.0001_0.001,0.11226096820619672,1.122609682061967,0,0.0,-0.0,0.0,0.0,0.0,
logs/muon_spectra/second_order_audit_20260926/step_spectrum/soaudit_strength4m_20260927__SPD_a0.5_b4M_lr0.02_mom0.9_s260925_l40s__183.json,4,183,SPD,32,band_0.001_0.01,1.122609682061967,11.226096820619672,2,0.0005839562038349592,0.2676042508070776,0.2809465732961385,-0.012094320640821096,0.02150726692901487,0.5623364735621046
logs/muon_spectra/second_order_audit_20260926/step_spectrum/soaudit_strength4m_20260927__SPD_a0.5_b4M_lr0.02_mom0.9_s260925_l40s__183.json,4,183,SPD,32,band_0.01_0.1,11.226096820619672,112.26096820619671,5,2.9436584668183003e-05,0.15260843743322236,0.18750498670537005,-0.006897107834593713,0.014354045156276005,0.48049924321006454
logs/muon_spectra/second_order_audit_20260926/step_spectrum/soaudit_strength4m_20260927__SPD_a0.5_b4M_lr0.02_mom0.9_s260925_l40s__183.json,4,183,SPD,32,band_0.1_inf,112.26096820619671,inf,24,5.248247212407632e-06,0.3113877929533161,0.4166666530271077,-0.014073109079010986,0.03189702875509818,0.4412043888809439
logs/muon_spectra/second_order_audit_20260926/step_spectrum/soaudit_strength4m_20260927__SPD_a0.5_b4M_lr0.02_mom0.9_s260925_l40s__183.json,4,183,SPD,40,relative_1e-4,0.0,0.11226096820619672,1,0.9991131512564086,0.24700045132489712,0.09130262823996796,-0.011163136040407846,0.0069894783689272745,1.5971343569836576
logs/muon_spectra/second_order_audit_20260926/step_spectrum/soaudit_strength4m_20260927__SPD_a0.5_b4M_lr0.02_mom0.9_s260925_l40s__183.json,4,183,SPD,40,relative_1e-3,0.0,1.122609682061967,1,0.9991131512564086,0.24700045132489712,0.09130262823996796,-0.011163136040407846,0.0069894783689272745,1.5971343569836576
logs/muon_spectra/second_order_audit_20260926/step_spectrum/soaudit_strength4m_20260927__SPD_a0.5_b4M_lr0.02_mom0.9_s260925_l40s__183.json,4,183,SPD,40,relative_1e-2,0.0,11.226096820619672,4,0.9999710877103425,0.5501434523448698,0.4132901137113323,-0.024863623395518793,0.03163854497468149,0.7858649446558216
logs/muon_spectra/second_order_audit_20260926/step_spectrum/soaudit_strength4m_20260927__SPD_a0.5_b4M_lr0.02_mom0.9_s260925_l40s__183.json,4,183,SPD,40,absolute_1e-4,0.0,0.0001,0,0.0,-0.0,0.0,0.0,0.0,
logs/muon_spectra/second_order_audit_20260926/step_spectrum/soaudit_strength4m_20260927__SPD_a0.5_b4M_lr0.02_mom0.9_s260925_l40s__183.json,4,183,SPD,40,absolute_1e-3,0.0,0.001,1,0.9991131512564086,0.24700045132489712,0.09130262823996796,-0.011163136040407846,0.0069894783689272745,1.5971343569836576
logs/muon_spectra/second_order_audit_20260926/step_spectrum/soaudit_strength4m_20260927__SPD_a0.5_b4M_lr0.02_mom0.9_s260925_l40s__183.json,4,183,SPD,40,absolute_1e-2,0.0,0.01,1,0.9991131512564086,0.24700045132489712,0.09130262823996796,-0.011163136040407846,0.0069894783689272745,1.5971343569836576
logs/muon_spectra/second_order_audit_20260926/step_spectrum/soaudit_strength4m_20260927__SPD_a0.5_b4M_lr0.02_mom0.9_s260925_l40s__183.json,4,183,SPD,40,shared_muon_relative_1e-4,0.0,0.0007556866429365307,1,0.9991131512564086,0.24700045132489712,0.09130262823996796,-0.011163136040407846,0.0069894783689272745,1.5971343569836576
logs/muon_spectra/second_order_audit_20260926/step_spectrum/soaudit_strength4m_20260927__SPD_a0.5_b4M_lr0.02_mom0.9_s260925_l40s__183.json,4,183,SPD,40,band_0.0001_0.001,0.11226096820619672,1.122609682061967,0,0.0,-0.0,0.0,0.0,0.0,
logs/muon_spectra/second_order_audit_20260926/step_spectrum/soaudit_strength4m_20260927__SPD_a0.5_b4M_lr0.02_mom0.9_s260925_l40s__183.json,4,183,SPD,40,band_0.001_0.01,1.122609682061967,11.226096820619672,3,0.0008579364539338548,0.3031430010199726,0.32198748547136435,-0.013700487355110943,0.02464906660575422,0.5558217507478609
logs/muon_spectra/second_order_audit_20260926/step_spectrum/soaudit_strength4m_20260927__SPD_a0.5_b4M_lr0.02_mom0.9_s260925_l40s__183.json,4,183,SPD,40,band_0.01_0.1,11.226096820619672,112.26096820619671,6,2.3550206756805246e-05,0.13629240671476556,0.1674098119775575,-0.0061597080866473905,0.012815701827202198,0.48063759360981634
logs/muon_spectra/second_order_audit_20260926/step_spectrum/soaudit_strength4m_20260927__SPD_a0.5_b4M_lr0.02_mom0.9_s260925_l40s__183.json,4,183,SPD,40,band_0.1_inf,112.26096820619671,inf,30,5.3620829006715405e-06,0.31356414094036467,0.4193000743111103,-0.01417146869139377,0.03209862471630568,0.4414976908401577
logs/muon_spectra/second_order_audit_20260926/step_spectrum/soaudit_strength4m_20260927__SPD_a0.5_b4M_lr0.02_mom0.9_s260925_l40s__183.json,4,183,SPD,48,relative_1e-4,0.0,0.11226096820619672,1,0.9988372433865658,0.23175237787135944,0.07549342149122078,-0.010474002407643457,0.005779238195885939,1.812350010958118
logs/muon_spectra/second_order_audit_20260926/step_spectrum/soaudit_strength4m_20260927__SPD_a0.5_b4M_lr0.02_mom0.9_s260925_l40s__183.json,4,183,SPD,48,relative_1e-3,0.0,1.122609682061967,2,0.9997582479027993,0.36110609156867846,0.21380967563403136,-0.01632011764990168,0.016367744628157745,0.9970901929778321
logs/muon_spectra/second_order_audit_20260926/step_spectrum/soaudit_strength4m_20260927__SPD_a0.5_b4M_lr0.02_mom0.9_s260925_l40s__183.json,4,183,SPD,48,relative_1e-2,0.0,11.226096820619672,4,0.9999555509741226,0.5167319885496333,0.3749013216524858,-0.023353598965786967,0.028699772708462128,0.8137206939935506
logs/muon_spectra/second_order_audit_20260926/step_spectrum/soaudit_strength4m_20260927__SPD_a0.5_b4M_lr0.02_mom0.9_s260925_l40s__183.json,4,183,SPD,48,absolute_1e-4,0.0,0.0001,0,0.0,-0.0,0.0,0.0,0.0,
logs/muon_spectra/second_order_audit_20260926/step_spectrum/soaudit_strength4m_20260927__SPD_a0.5_b4M_lr0.02_mom0.9_s260925_l40s__183.json,4,183,SPD,48,absolute_1e-3,0.0,0.001,1,0.9988372433865658,0.23175237787135944,0.07549342149122078,-0.010474002407643457,0.005779238195885939,1.812350010958118
logs/muon_spectra/second_order_audit_20260926/step_spectrum/soaudit_strength4m_20260927__SPD_a0.5_b4M_lr0.02_mom0.9_s260925_l40s__183.json,4,183,SPD,48,absolute_1e-2,0.0,0.01,1,0.9988372433865658,0.23175237787135944,0.07549342149122078,-0.010474002407643457,0.005779238195885939,1.812350010958118
logs/muon_spectra/second_order_audit_20260926/step_spectrum/soaudit_strength4m_20260927__SPD_a0.5_b4M_lr0.02_mom0.9_s260925_l40s__183.json,4,183,SPD,48,shared_muon_relative_1e-4,0.0,0.0007556866429365307,1,0.9988372433865658,0.23175237787135944,0.07549342149122078,-0.010474002407643457,0.005779238195885939,1.812350010958118
logs/muon_spectra/second_order_audit_20260926/step_spectrum/soaudit_strength4m_20260927__SPD_a0.5_b4M_lr0.02_mom0.9_s260925_l40s__183.json,4,183,SPD,48,band_0.0001_0.001,0.11226096820619672,1.122609682061967,1,0.0009210045162335688,0.129353713697319,0.13831625414281057,-0.005846115242258222,0.010588506432271804,0.5521189678310386
logs/muon_spectra/second_order_audit_20260926/step_spectrum/soaudit_strength4m_20260927__SPD_a0.5_b4M_lr0.02_mom0.9_s260925_l40s__183.json,4,183,SPD,48,band_0.001_0.01,1.122609682061967,11.226096820619672,2,0.00019730307132328462,0.1556258969809548,0.16109164601845447,-0.007033481315885286,0.012332028080304385,0.5703426289726452
logs/muon_spectra/second_order_audit_20260926/step_spectrum/soaudit_strength4m_20260927__SPD_a0.5_b4M_lr0.02_mom0.9_s260925_l40s__183.json,4,183,SPD,48,band_0.01_0.1,11.226096820619672,112.26096820619671,8,3.8984014286810916e-05,0.1678029660732295,0.20345424425373337,-0.007583821520210274,0.015575006620186366,0.48692252306211403
logs/muon_spectra/second_order_audit_20260926/step_spectrum/soaudit_strength4m_20260927__SPD_a0.5_b4M_lr0.02_mom0.9_s260925_l40s__183.json,4,183,SPD,48,band_0.1_inf,112.26096820619671,inf,36,5.4650115907935234e-06,0.31546504537713715,0.4216444340937807,-0.01425737968756275,0.032278092189540857,0.4417045345753923
logs/muon_spectra/second_order_audit_20260926/step_spectrum/soaudit_strength4m_20260927__TS_a0.5_b0.5gn_b4M_lr0.02_mom0.9_s260925_ada__183.json,4,183,TS,8,relative_1e-4,0.0,0.0783769739997878,1,0.9999727662833005,0.4173678235947289,0.2848213389250406,-0.00991279049978294,0.010972891031558185,0.903389131567389
logs/muon_spectra/second_order_audit_20260926/step_spectrum/soaudit_strength4m_20260927__TS_a0.5_b0.5gn_b4M_lr0.02_mom0.9_s260925_ada__183.json,4,183,TS,8,relative_1e-3,0.0,0.7837697399978779,1,0.9999727662833005,0.4173678235947289,0.2848213389250406,-0.00991279049978294,0.010972891031558185,0.903389131567389
logs/muon_spectra/second_order_audit_20260926/step_spectrum/soaudit_strength4m_20260927__TS_a0.5_b0.5gn_b4M_lr0.02_mom0.9_s260925_ada__183.json,4,183,TS,8,relative_1e-2,0.0,7.837697399978779,1,0.9999727662833005,0.4173678235947289,0.2848213389250406,-0.00991279049978294,0.010972891031558185,0.903389131567389
logs/muon_spectra/second_order_audit_20260926/step_spectrum/soaudit_strength4m_20260927__TS_a0.5_b0.5gn_b4M_lr0.02_mom0.9_s260925_ada__183.json,4,183,TS,8,absolute_1e-4,0.0,0.0001,0,0.0,-0.0,0.0,0.0,0.0,
logs/muon_spectra/second_order_audit_20260926/step_spectrum/soaudit_strength4m_20260927__TS_a0.5_b0.5gn_b4M_lr0.02_mom0.9_s260925_ada__183.json,4,183,TS,8,absolute_1e-3,0.0,0.001,1,0.9999727662833005,0.4173678235947289,0.2848213389250406,-0.00991279049978294,0.010972891031558185,0.903389131567389
logs/muon_spectra/second_order_audit_20260926/step_spectrum/soaudit_strength4m_20260927__TS_a0.5_b0.5gn_b4M_lr0.02_mom0.9_s260925_ada__183.json,4,183,TS,8,absolute_1e-2,0.0,0.01,1,0.9999727662833005,0.4173678235947289,0.2848213389250406,-0.00991279049978294,0.010972891031558185,0.903389131567389
logs/muon_spectra/second_order_audit_20260926/step_spectrum/soaudit_strength4m_20260927__TS_a0.5_b0.5gn_b4M_lr0.02_mom0.9_s260925_ada__183.json,4,183,TS,8,shared_muon_relative_1e-4,0.0,0.0007556866429365307,1,0.9999727662833005,0.4173678235947289,0.2848213389250406,-0.00991279049978294,0.010972891031558185,0.903389131567389
logs/muon_spectra/second_order_audit_20260926/step_spectrum/soaudit_strength4m_20260927__TS_a0.5_b0.5gn_b4M_lr0.02_mom0.9_s260925_ada__183.json,4,183,TS,8,band_0.0001_0.001,0.0783769739997878,0.7837697399978779,0,0.0,-0.0,0.0,0.0,0.0,
logs/muon_spectra/second_order_audit_20260926/step_spectrum/soaudit_strength4m_20260927__TS_a0.5_b0.5gn_b4M_lr0.02_mom0.9_s260925_ada__183.json,4,183,TS,8,band_0.001_0.01,0.7837697399978779,7.837697399978779,0,0.0,-0.0,0.0,0.0,0.0,
logs/muon_spectra/second_order_audit_20260926/step_spectrum/soaudit_strength4m_20260927__TS_a0.5_b0.5gn_b4M_lr0.02_mom0.9_s260925_ada__183.json,4,183,TS,8,band_0.01_0.1,7.837697399978779,78.3769739997878,1,2.3055835786973605e-05,0.1170306953709325,0.1830592901182935,-0.0027795644505227797,0.007052454884046024,0.3941272218289089
logs/muon_spectra/second_order_audit_20260926/step_spectrum/soaudit_strength4m_20260927__TS_a0.5_b0.5gn_b4M_lr0.02_mom0.9_s260925_ada__183.json,4,183,TS,8,band_0.1_inf,78.3769739997878,inf,6,4.177880912584418e-06,0.4656014810343386,0.5321193709566658,-0.011058375075802918,0.02050017704195072,0.5394282719204578
logs/muon_spectra/second_order_audit_20260926/step_spectrum/soaudit_strength4m_20260927__TS_a0.5_b0.5gn_b4M_lr0.02_mom0.9_s260925_ada__183.json,4,183,TS,16,relative_1e-4,0.0,0.0783769739997878,1,0.9998873194125839,0.3451035630611334,0.178580415597264,-0.008196461557313132,0.00687990390086209,1.1913627974201892
logs/muon_spectra/second_order_audit_20260926/step_spectrum/soaudit_strength4m_20260927__TS_a0.5_b0.5gn_b4M_lr0.02_mom0.9_s260925_ada__183.json,4,183,TS,16,relative_1e-3,0.0,0.7837697399978779,1,0.9998873194125839,0.3451035630611334,0.178580415597264,-0.008196461557313132,0.00687990390086209,1.1913627974201892
logs/muon_spectra/second_order_audit_20260926/step_spectrum/soaudit_strength4m_20260927__TS_a0.5_b0.5gn_b4M_lr0.02_mom0.9_s260925_ada__183.json,4,183,TS,16,relative_1e-2,0.0,7.837697399978779,2,0.9999856550745139,0.4750651181289862,0.36296967666842406,-0.011283143365502953,0.013983596611385651,0.8068842143455461
logs/muon_spectra/second_order_audit_20260926/step_spectrum/soaudit_strength4m_20260927__TS_a0.5_b0.5gn_b4M_lr0.02_mom0.9_s260925_ada__183.json,4,183,TS,16,absolute_1e-4,0.0,0.0001,0,0.0,-0.0,0.0,0.0,0.0,
logs/muon_spectra/second_order_audit_20260926/step_spectrum/soaudit_strength4m_20260927__TS_a0.5_b0.5gn_b4M_lr0.02_mom0.9_s260925_ada__183.json,4,183,TS,16,absolute_1e-3,0.0,0.001,1,0.9998873194125839,0.3451035630611334,0.178580415597264,-0.008196461557313132,0.00687990390086209,1.1913627974201892
logs/muon_spectra/second_order_audit_20260926/step_spectrum/soaudit_strength4m_20260927__TS_a0.5_b0.5gn_b4M_lr0.02_mom0.9_s260925_ada__183.json,4,183,TS,16,absolute_1e-2,0.0,0.01,1,0.9998873194125839,0.3451035630611334,0.178580415597264,-0.008196461557313132,0.00687990390086209,1.1913627974201892
logs/muon_spectra/second_order_audit_20260926/step_spectrum/soaudit_strength4m_20260927__TS_a0.5_b0.5gn_b4M_lr0.02_mom0.9_s260925_ada__183.json,4,183,TS,16,shared_muon_relative_1e-4,0.0,0.0007556866429365307,1,0.9998873194125839,0.3451035630611334,0.178580415597264,-0.008196461557313132,0.00687990390086209,1.1913627974201892
logs/muon_spectra/second_order_audit_20260926/step_spectrum/soaudit_strength4m_20260927__TS_a0.5_b0.5gn_b4M_lr0.02_mom0.9_s260925_ada__183.json,4,183,TS,16,band_0.0001_0.001,0.0783769739997878,0.7837697399978779,0,0.0,-0.0,0.0,0.0,0.0,
logs/muon_spectra/second_order_audit_20260926/step_spectrum/soaudit_strength4m_20260927__TS_a0.5_b0.5gn_b4M_lr0.02_mom0.9_s260925_ada__183.json,4,183,TS,16,band_0.001_0.01,0.7837697399978779,7.837697399978779,1,9.833566192994284e-05,0.12996155506785284,0.18438926107116002,-0.003086681808189822,0.00710369271052356,0.4345179238422217
logs/muon_spectra/second_order_audit_20260926/step_spectrum/soaudit_strength4m_20260927__TS_a0.5_b0.5gn_b4M_lr0.02_mom0.9_s260925_ada__183.json,4,183,TS,16,band_0.01_0.1,7.837697399978779,78.3769739997878,2,1.0819447367014536e-05,0.06893851782533622,0.12780511831376562,-0.0016373401252696375,0.004923759019689998,0.33253863942608736
logs/muon_spectra/second_order_audit_20260926/step_spectrum/soaudit_strength4m_20260927__TS_a0.5_b0.5gn_b4M_lr0.02_mom0.9_s260925_ada__183.json,4,183,TS,16,band_0.1_inf,78.3769739997878,inf,12,3.525478119213263e-06,0.4559963640456776,0.5092252050178103,-0.010830246535336034,0.019618167326479252,0.5520518994003132
logs/muon_spectra/second_order_audit_20260926/step_spectrum/soaudit_strength4m_20260927__TS_a0.5_b0.5gn_b4M_lr0.02_mom0.9_s260925_ada__183.json,4,183,TS,24,relative_1e-4,0.0,0.0783769739997878,1,0.9997680530656047,0.3013709341280043,0.12966340449277336,-0.007157779694190392,0.004995350466541062,1.432888391341772
logs/muon_spectra/second_order_audit_20260926/step_spectrum/soaudit_strength4m_20260927__TS_a0.5_b0.5gn_b4M_lr0.02_mom0.9_s260925_ada__183.json,4,183,TS,24,relative_1e-3,0.0,0.7837697399978779,1,0.9997680530656047,0.3013709341280043,0.12966340449277336,-0.007157779694190392,0.004995350466541062,1.432888391341772
logs/muon_spectra/second_order_audit_20260926/step_spectrum/soaudit_strength4m_20260927__TS_a0.5_b0.5gn_b4M_lr0.02_mom0.9_s260925_ada__183.json,4,183,TS,24,relative_1e-2,0.0,7.837697399978779,2,0.9999649287300512,0.43034770585990767,0.293519071278046,-0.010221072179233867,0.011307975719002543,0.9038816878654785
logs/muon_spectra/second_order_audit_20260926/step_spectrum/soaudit_strength4m_20260927__TS_a0.5_b0.5gn_b4M_lr0.02_mom0.9_s260925_ada__183.json,4,183,TS,24,absolute_1e-4,0.0,0.0001,0,0.0,-0.0,0.0,0.0,0.0,
logs/muon_spectra/second_order_audit_20260926/step_spectrum/soaudit_strength4m_20260927__TS_a0.5_b0.5gn_b4M_lr0.02_mom0.9_s260925_ada__183.json,4,183,TS,24,absolute_1e-3,0.0,0.001,1,0.9997680530656047,0.3013709341280043,0.12966340449277336,-0.007157779694190392,0.004995350466541062,1.432888391341772
logs/muon_spectra/second_order_audit_20260926/step_spectrum/soaudit_strength4m_20260927__TS_a0.5_b0.5gn_b4M_lr0.02_mom0.9_s260925_ada__183.json,4,183,TS,24,absolute_1e-2,0.0,0.01,1,0.9997680530656047,0.3013709341280043,0.12966340449277336,-0.007157779694190392,0.004995350466541062,1.432888391341772
logs/muon_spectra/second_order_audit_20260926/step_spectrum/soaudit_strength4m_20260927__TS_a0.5_b0.5gn_b4M_lr0.02_mom0.9_s260925_ada__183.json,4,183,TS,24,shared_muon_relative_1e-4,0.0,0.0007556866429365307,1,0.9997680530656047,0.3013709341280043,0.12966340449277336,-0.007157779694190392,0.004995350466541062,1.432888391341772
logs/muon_spectra/second_order_audit_20260926/step_spectrum/soaudit_strength4m_20260927__TS_a0.5_b0.5gn_b4M_lr0.02_mom0.9_s260925_ada__183.json,4,183,TS,24,band_0.0001_0.001,0.0783769739997878,0.7837697399978779,0,0.0,-0.0,0.0,0.0,0.0,
logs/muon_spectra/second_order_audit_20260926/step_spectrum/soaudit_strength4m_20260927__TS_a0.5_b0.5gn_b4M_lr0.02_mom0.9_s260925_ada__183.json,4,183,TS,24,band_0.001_0.01,0.7837697399978779,7.837697399978779,1,0.00019687566444648958,0.1289767717319034,0.16385566678527266,-0.0030632924850434746,0.006312625252461481,0.4852644284323714
logs/muon_spectra/second_order_audit_20260926/step_spectrum/soaudit_strength4m_20260927__TS_a0.5_b0.5gn_b4M_lr0.02_mom0.9_s260925_ada__183.json,4,183,TS,24,band_0.01_0.1,7.837697399978779,78.3769739997878,4,3.166671587841157e-05,0.11478459019190565,0.20164944882729421,-0.0027262178128054657,0.007768650470174207,0.350925533755457
logs/muon_spectra/second_order_audit_20260926/step_spectrum/soaudit_strength4m_20260927__TS_a0.5_b0.5gn_b4M_lr0.02_mom0.9_s260925_ada__183.json,4,183,TS,24,band_0.1_inf,78.3769739997878,inf,18,3.404554070430669e-06,0.45486770394818654,0.5048314798946599,-0.010803440034069278,0.019448896768378115,0.5554782959018297
logs/muon_spectra/second_order_audit_20260926/step_spectrum/soaudit_strength4m_20260927__TS_a0.5_b0.5gn_b4M_lr0.02_mom0.9_s260925_ada__183.json,4,183,TS,32,relative_1e-4,0.0,0.0783769739997878,1,0.9996234032755608,0.2732611801641141,0.10044400759672831,-0.006490152516693706,0.003869657920616575,1.6771902451934544
logs/muon_spectra/second_order_audit_20260926/step_spectrum/soaudit_strength4m_20260927__TS_a0.5_b0.5gn_b4M_lr0.02_mom0.9_s260925_ada__183.json,4,183,TS,32,relative_1e-3,0.0,0.7837697399978779,1,0.9996234032755608,0.2732611801641141,0.10044400759672831,-0.006490152516693706,0.003869657920616575,1.6771902451934544
logs/muon_spectra/second_order_audit_20260926/step_spectrum/soaudit_strength4m_20260927__TS_a0.5_b0.5gn_b4M_lr0.02_mom0.9_s260925_ada__183.json,4,183,TS,32,relative_1e-2,0.0,7.837697399978779,3,0.9999769860625626,0.45594410690490805,0.3303894329787562,-0.010829005390093684,0.012728425685156617,0.8507733523339056
logs/muon_spectra/second_order_audit_20260926/step_spectrum/soaudit_strength4m_20260927__TS_a0.5_b0.5gn_b4M_lr0.02_mom0.9_s260925_ada__183.json,4,183,TS,32,absolute_1e-4,0.0,0.0001,0,0.0,-0.0,0.0,0.0,0.0,
logs/muon_spectra/second_order_audit_20260926/step_spectrum/soaudit_strength4m_20260927__TS_a0.5_b0.5gn_b4M_lr0.02_mom0.9_s260925_ada__183.json,4,183,TS,32,absolute_1e-3,0.0,0.001,1,0.9996234032755608,0.2732611801641141,0.10044400759672831,-0.006490152516693706,0.003869657920616575,1.6771902451934544
logs/muon_spectra/second_order_audit_20260926/step_spectrum/soaudit_strength4m_20260927__TS_a0.5_b0.5gn_b4M_lr0.02_mom0.9_s260925_ada__183.json,4,183,TS,32,absolute_1e-2,0.0,0.01,1,0.9996234032755608,0.2732611801641141,0.10044400759672831,-0.006490152516693706,0.003869657920616575,1.6771902451934544
logs/muon_spectra/second_order_audit_20260926/step_spectrum/soaudit_strength4m_20260927__TS_a0.5_b0.5gn_b4M_lr0.02_mom0.9_s260925_ada__183.json,4,183,TS,32,shared_muon_relative_1e-4,0.0,0.0007556866429365307,1,0.9996234032755608,0.2732611801641141,0.10044400759672831,-0.006490152516693706,0.003869657920616575,1.6771902451934544
logs/muon_spectra/second_order_audit_20260926/step_spectrum/soaudit_strength4m_20260927__TS_a0.5_b0.5gn_b4M_lr0.02_mom0.9_s260925_ada__183.json,4,183,TS,32,band_0.0001_0.001,0.0783769739997878,0.7837697399978779,0,0.0,-0.0,0.0,0.0,0.0,
logs/muon_spectra/second_order_audit_20260926/step_spectrum/soaudit_strength4m_20260927__TS_a0.5_b0.5gn_b4M_lr0.02_mom0.9_s260925_ada__183.json,4,183,TS,32,band_0.001_0.01,0.7837697399978779,7.837697399978779,2,0.0003535827870018629,0.182682926740794,0.22994542538202792,-0.00433885287339998,0.008858767764540042,0.4897806318806076
logs/muon_spectra/second_order_audit_20260926/step_spectrum/soaudit_strength4m_20260927__TS_a0.5_b0.5gn_b4M_lr0.02_mom0.9_s260925_ada__183.json,4,183,TS,32,band_0.01_0.1,7.837697399978779,78.3769739997878,5,1.959381629073334e-05,0.0910462531731984,0.1644369813842074,-0.0021624149790053717,0.00633502070138831,0.34134300122041933
logs/muon_spectra/second_order_audit_20260926/step_spectrum/soaudit_strength4m_20260927__TS_a0.5_b0.5gn_b4M_lr0.02_mom0.9_s260925_ada__183.json,4,183,TS,32,band_0.1_inf,78.3769739997878,inf,24,3.4201211468105766e-06,0.45300963992189347,0.5051735856370362,-0.010759309657009575,0.019462076571009963,0.5528346175061438
logs/muon_spectra/second_order_audit_20260926/step_spectrum/soaudit_strength4m_20260927__TS_a0.5_b0.5gn_b4M_lr0.02_mom0.9_s260925_ada__183.json,4,183,TS,40,relative_1e-4,0.0,0.0783769739997878,1,0.9994613320815641,0.25067219381093137,0.08127432775282949,-0.0059536476002558045,0.0031311359797014694,1.9014337412530518
logs/muon_spectra/second_order_audit_20260926/step_spectrum/soaudit_strength4m_20260927__TS_a0.5_b0.5gn_b4M_lr0.02_mom0.9_s260925_ada__183.json,4,183,TS,40,relative_1e-3,0.0,0.7837697399978779,2,0.999896381177694,0.36944196053229444,0.20847867903229403,-0.008774516264918798,0.008031750135219352,1.0924787396513251
logs/muon_spectra/second_order_audit_20260926/step_spectrum/soaudit_strength4m_20260927__TS_a0.5_b0.5gn_b4M_lr0.02_mom0.9_s260925_ada__183.json,4,183,TS,40,relative_1e-2,0.0,7.837697399978779,4,0.9999814766119105,0.4667416681575591,0.348379735970063,-0.011085455352345761,0.013421511516061559,0.8259468644108949
logs/muon_spectra/second_order_audit_20260926/step_spectrum/soaudit_strength4m_20260927__TS_a0.5_b0.5gn_b4M_lr0.02_mom0.9_s260925_ada__183.json,4,183,TS,40,absolute_1e-4,0.0,0.0001,0,0.0,-0.0,0.0,0.0,0.0,
logs/muon_spectra/second_order_audit_20260926/step_spectrum/soaudit_strength4m_20260927__TS_a0.5_b0.5gn_b4M_lr0.02_mom0.9_s260925_ada__183.json,4,183,TS,40,absolute_1e-3,0.0,0.001,1,0.9994613320815641,0.25067219381093137,0.08127432775282949,-0.0059536476002558045,0.0031311359797014694,1.9014337412530518
logs/muon_spectra/second_order_audit_20260926/step_spectrum/soaudit_strength4m_20260927__TS_a0.5_b0.5gn_b4M_lr0.02_mom0.9_s260925_ada__183.json,4,183,TS,40,absolute_1e-2,0.0,0.01,1,0.9994613320815641,0.25067219381093137,0.08127432775282949,-0.0059536476002558045,0.0031311359797014694,1.9014337412530518
logs/muon_spectra/second_order_audit_20260926/step_spectrum/soaudit_strength4m_20260927__TS_a0.5_b0.5gn_b4M_lr0.02_mom0.9_s260925_ada__183.json,4,183,TS,40,shared_muon_relative_1e-4,0.0,0.0007556866429365307,1,0.9994613320815641,0.25067219381093137,0.08127432775282949,-0.0059536476002558045,0.0031311359797014694,1.9014337412530518
logs/muon_spectra/second_order_audit_20260926/step_spectrum/soaudit_strength4m_20260927__TS_a0.5_b0.5gn_b4M_lr0.02_mom0.9_s260925_ada__183.json,4,183,TS,40,band_0.0001_0.001,0.0783769739997878,0.7837697399978779,1,0.00043504909612980465,0.11876976672136312,0.12720435127946456,-0.0028208686646629946,0.004900614155517883,0.5756153361894073
logs/muon_spectra/second_order_audit_20260926/step_spectrum/soaudit_strength4m_20260927__TS_a0.5_b0.5gn_b4M_lr0.02_mom0.9_s260925_ada__183.json,4,183,TS,40,band_0.001_0.01,0.7837697399978779,7.837697399978779,2,8.509543421658452e-05,0.09729970762526464,0.13990105693776897,-0.002310939087426962,0.005389761380842207,0.4287646380118323
logs/muon_spectra/second_order_audit_20260926/step_spectrum/soaudit_strength4m_20260927__TS_a0.5_b0.5gn_b4M_lr0.02_mom0.9_s260925_ada__183.json,4,183,TS,40,band_0.01_0.1,7.837697399978779,78.3769739997878,6,1.5053191883847188e-05,0.07889540310897551,0.1449276830769519,-0.0018738234195422876,0.005583414781566343,0.3356052689706521
logs/muon_spectra/second_order_audit_20260926/step_spectrum/soaudit_strength4m_20260927__TS_a0.5_b0.5gn_b4M_lr0.02_mom0.9_s260925_ada__183.json,4,183,TS,40,band_0.1_inf,78.3769739997878,inf,30,3.4701962055547053e-06,0.4543629287334653,0.5066925809529851,-0.010791451254220562,0.019520596659926944,0.5528238425403206
logs/muon_spectra/second_order_audit_20260926/step_spectrum/soaudit_strength4m_20260927__TS_a0.5_b0.5gn_b4M_lr0.02_mom0.9_s260925_ada__183.json,4,183,TS,48,relative_1e-4,0.0,0.0783769739997878,1,0.9992925152325786,0.2340211389416692,0.06820627564041841,-0.005558172891406039,0.0026276824380342583,2.115237675205551
logs/muon_spectra/second_order_audit_20260926/step_spectrum/soaudit_strength4m_20260927__TS_a0.5_b0.5gn_b4M_lr0.02_mom0.9_s260925_ada__183.json,4,183,TS,48,relative_1e-3,0.0,0.7837697399978779,2,0.999851960285062,0.34823927994880854,0.18136029529531938,-0.008270937122550611,0.006987000219988766,1.1837608218314768
logs/muon_spectra/second_order_audit_20260926/step_spectrum/soaudit_strength4m_20260927__TS_a0.5_b0.5gn_b4M_lr0.02_mom0.9_s260925_ada__183.json,4,183,TS,48,relative_1e-2,0.0,7.837697399978779,4,0.9999718215031382,0.44329295423007026,0.31548855755691285,-0.010528531278394522,0.012154361667004732,0.8662348189766454
logs/muon_spectra/second_order_audit_20260926/step_spectrum/soaudit_strength4m_20260927__TS_a0.5_b0.5gn_b4M_lr0.02_mom0.9_s260925_ada__183.json,4,183,TS,48,absolute_1e-4,0.0,0.0001,0,0.0,-0.0,0.0,0.0,0.0,
logs/muon_spectra/second_order_audit_20260926/step_spectrum/soaudit_strength4m_20260927__TS_a0.5_b0.5gn_b4M_lr0.02_mom0.9_s260925_ada__183.json,4,183,TS,48,absolute_1e-3,0.0,0.001,1,0.9992925152325786,0.2340211389416692,0.06820627564041841,-0.005558172891406039,0.0026276824380342583,2.115237675205551
logs/muon_spectra/second_order_audit_20260926/step_spectrum/soaudit_strength4m_20260927__TS_a0.5_b0.5gn_b4M_lr0.02_mom0.9_s260925_ada__183.json,4,183,TS,48,absolute_1e-2,0.0,0.01,1,0.9992925152325786,0.2340211389416692,0.06820627564041841,-0.005558172891406039,0.0026276824380342583,2.115237675205551
logs/muon_spectra/second_order_audit_20260926/step_spectrum/soaudit_strength4m_20260927__TS_a0.5_b0.5gn_b4M_lr0.02_mom0.9_s260925_ada__183.json,4,183,TS,48,shared_muon_relative_1e-4,0.0,0.0007556866429365307,1,0.9992925152325786,0.2340211389416692,0.06820627564041841,-0.005558172891406039,0.0026276824380342583,2.115237675205551
logs/muon_spectra/second_order_audit_20260926/step_spectrum/soaudit_strength4m_20260927__TS_a0.5_b0.5gn_b4M_lr0.02_mom0.9_s260925_ada__183.json,4,183,TS,48,band_0.0001_0.001,0.0783769739997878,0.7837697399978779,1,0.0005594450524833892,0.1142181410071393,0.11315401965490098,-0.0027127642311445713,0.004359317781954508,0.622291002132058
logs/muon_spectra/second_order_audit_20260926/step_spectrum/soaudit_strength4m_20260927__TS_a0.5_b0.5gn_b4M_lr0.02_mom0.9_s260925_ada__183.json,4,183,TS,48,band_0.001_0.01,0.7837697399978779,7.837697399978779,2,0.00011986121807633818,0.0950536742812617,0.13412826226159344,-0.0022575941558439106,0.005167361447015965,0.4368949567380506
logs/muon_spectra/second_order_audit_20260926/step_spectrum/soaudit_strength4m_20260927__TS_a0.5_b0.5gn_b4M_lr0.02_mom0.9_s260925_ada__183.json,4,183,TS,48,band_0.01_0.1,7.837697399978779,78.3769739997878,8,2.4700430684392633e-05,0.10179383547734053,0.17760711065777288,-0.002417677904744432,0.006842406819071025,0.3533373517058247
logs/muon_spectra/second_order_audit_20260926/step_spectrum/soaudit_strength4m_20260927__TS_a0.5_b0.5gn_b4M_lr0.02_mom0.9_s260925_ada__183.json,4,183,TS,48,band_0.1_inf,78.3769739997878,inf,36,3.478066177365868e-06,0.4549132102925894,0.5069043317853142,-0.010804520842969666,0.01952875447147916,0.5532621580525869
logs/muon_spectra/second_order_audit_20260926/step_spectrum/soaudit_traj_20260926__M_lr0.007_s260925_l40s__100.json,1,100,M,8,relative_1e-4,0.0,0.0025499344897389684,1,0.9936182666064313,0.21932704816370724,0.057922545537114074,-0.007479212299991203,0.002550897459856168,2.931992531135657
logs/muon_spectra/second_order_audit_20260926/step_spectrum/soaudit_traj_20260926__M_lr0.007_s260925_l40s__100.json,1,100,M,8,relative_1e-3,0.0,0.025499344897389684,1,0.9936182666064313,0.21932704816370724,0.057922545537114074,-0.007479212299991203,0.002550897459856168,2.931992531135657
logs/muon_spectra/second_order_audit_20260926/step_spectrum/soaudit_traj_20260926__M_lr0.007_s260925_l40s__100.json,1,100,M,8,relative_1e-2,0.0,0.25499344897389686,1,0.9936182666064313,0.21932704816370724,0.057922545537114074,-0.007479212299991203,0.002550897459856168,2.931992531135657
logs/muon_spectra/second_order_audit_20260926/step_spectrum/soaudit_traj_20260926__M_lr0.007_s260925_l40s__100.json,1,100,M,8,absolute_1e-4,0.0,0.0001,0,0.0,-0.0,0.0,0.0,0.0,
logs/muon_spectra/second_order_audit_20260926/step_spectrum/soaudit_traj_20260926__M_lr0.007_s260925_l40s__100.json,1,100,M,8,absolute_1e-3,0.0,0.001,0,0.0,-0.0,0.0,0.0,0.0,
logs/muon_spectra/second_order_audit_20260926/step_spectrum/soaudit_traj_20260926__M_lr0.007_s260925_l40s__100.json,1,100,M,8,absolute_1e-2,0.0,0.01,1,0.9936182666064313,0.21932704816370724,0.057922545537114074,-0.007479212299991203,0.002550897459856168,2.931992531135657
logs/muon_spectra/second_order_audit_20260926/step_spectrum/soaudit_traj_20260926__M_lr0.007_s260925_l40s__100.json,1,100,M,8,shared_muon_relative_1e-4,0.0,0.0025499344897389684,1,0.9936182666064313,0.21932704816370724,0.057922545537114074,-0.007479212299991203,0.002550897459856168,2.931992531135657
logs/muon_spectra/second_order_audit_20260926/step_spectrum/soaudit_traj_20260926__M_lr0.007_s260925_l40s__100.json,1,100,M,8,band_0.0001_0.001,0.0025499344897389684,0.025499344897389684,0,0.0,-0.0,0.0,0.0,0.0,
logs/muon_spectra/second_order_audit_20260926/step_spectrum/soaudit_traj_20260926__M_lr0.007_s260925_l40s__100.json,1,100,M,8,band_0.001_0.01,0.025499344897389684,0.25499344897389686,0,0.0,-0.0,0.0,0.0,0.0,
logs/muon_spectra/second_order_audit_20260926/step_spectrum/soaudit_traj_20260926__M_lr0.007_s260925_l40s__100.json,1,100,M,8,band_0.01_0.1,0.25499344897389686,2.5499344897389684,1,0.004101497779902871,0.1341612137007584,0.16096938063072078,-0.00457499523243253,0.007089059715140149,0.6453599512868659
logs/muon_spectra/second_order_audit_20260926/step_spectrum/soaudit_traj_20260926__M_lr0.007_s260925_l40s__100.json,1,100,M,8,band_0.1_inf,2.5499344897389684,inf,6,0.0022802356136658983,0.6465117381355342,0.7811080738321651,-0.022046521778484904,0.03439984522321961,0.6408901445755252
logs/muon_spectra/second_order_audit_20260926/step_spectrum/soaudit_traj_20260926__M_lr0.007_s260925_l40s__100.json,1,100,M,16,relative_1e-4,0.0,0.0025499344897389684,1,0.987772382677367,0.18682072822323972,0.02297453880378395,-0.00637072308280752,0.0010117941491087888,6.2964616749553235
logs/muon_spectra/second_order_audit_20260926/step_spectrum/soaudit_traj_20260926__M_lr0.007_s260925_l40s__100.json,1,100,M,16,relative_1e-3,0.0,0.025499344897389684,1,0.987772382677367,0.18682072822323972,0.02297453880378395,-0.00637072308280752,0.0010117941491087888,6.2964616749553235
logs/muon_spectra/second_order_audit_20260926/step_spectrum/soaudit_traj_20260926__M_lr0.007_s260925_l40s__100.json,1,100,M,16,relative_1e-2,0.0,0.25499344897389686,1,0.987772382677367,0.18682072822323972,0.02297453880378395,-0.00637072308280752,0.0010117941491087888,6.2964616749553235
logs/muon_spectra/second_order_audit_20260926/step_spectrum/soaudit_traj_20260926__M_lr0.007_s260925_l40s__100.json,1,100,M,16,absolute_1e-4,0.0,0.0001,0,0.0,-0.0,0.0,0.0,0.0,
logs/muon_spectra/second_order_audit_20260926/step_spectrum/soaudit_traj_20260926__M_lr0.007_s260925_l40s__100.json,1,100,M,16,absolute_1e-3,0.0,0.001,1,0.987772382677367,0.18682072822323972,0.02297453880378395,-0.00637072308280752,0.0010117941491087888,6.2964616749553235
logs/muon_spectra/second_order_audit_20260926/step_spectrum/soaudit_traj_20260926__M_lr0.007_s260925_l40s__100.json,1,100,M,16,absolute_1e-2,0.0,0.01,1,0.987772382677367,0.18682072822323972,0.02297453880378395,-0.00637072308280752,0.0010117941491087888,6.2964616749553235
logs/muon_spectra/second_order_audit_20260926/step_spectrum/soaudit_traj_20260926__M_lr0.007_s260925_l40s__100.json,1,100,M,16,shared_muon_relative_1e-4,0.0,0.0025499344897389684,1,0.987772382677367,0.18682072822323972,0.02297453880378395,-0.00637072308280752,0.0010117941491087888,6.2964616749553235
logs/muon_spectra/second_order_audit_20260926/step_spectrum/soaudit_traj_20260926__M_lr0.007_s260925_l40s__100.json,1,100,M,16,band_0.0001_0.001,0.0025499344897389684,0.025499344897389684,0,0.0,-0.0,0.0,0.0,0.0,
logs/muon_spectra/second_order_audit_20260926/step_spectrum/soaudit_traj_20260926__M_lr0.007_s260925_l40s__100.json,1,100,M,16,band_0.001_0.01,0.025499344897389684,0.25499344897389686,0,0.0,-0.0,0.0,0.0,0.0,
logs/muon_spectra/second_order_audit_20260926/step_spectrum/soaudit_traj_20260926__M_lr0.007_s260925_l40s__100.json,1,100,M,16,band_0.01_0.1,0.25499344897389686,2.5499344897389684,3,0.010215195452694024,0.18879616552424738,0.22729962716700058,-0.006438086935479855,0.010010230665622854,0.643150707564566
logs/muon_spectra/second_order_audit_20260926/step_spectrum/soaudit_traj_20260926__M_lr0.007_s260925_l40s__100.json,1,100,M,16,band_0.1_inf,2.5499344897389684,inf,12,0.0020124218699390174,0.6243831062525129,0.7497258340292152,-0.021291919292621225,0.03301777758348425,0.6448622787764979
logs/muon_spectra/second_order_audit_20260926/step_spectrum/soaudit_traj_20260926__M_lr0.007_s260925_l40s__100.json,1,100,M,24,relative_1e-4,0.0,0.0025499344897389684,1,0.981975104275952,0.1556927143327275,0.012498909221620742,-0.005309235107140959,0.0005504494923134159,9.645272057255305
logs/muon_spectra/second_order_audit_20260926/step_spectrum/soaudit_traj_20260926__M_lr0.007_s260925_l40s__100.json,1,100,M,24,relative_1e-3,0.0,0.025499344897389684,1,0.981975104275952,0.1556927143327275,0.012498909221620742,-0.005309235107140959,0.0005504494923134159,9.645272057255305
logs/muon_spectra/second_order_audit_20260926/step_spectrum/soaudit_traj_20260926__M_lr0.007_s260925_l40s__100.json,1,100,M,24,relative_1e-2,0.0,0.25499344897389686,2,0.9917214047430923,0.22244850585107098,0.049499258519911465,-0.007585656283643438,0.0021799375640751055,3.479758507148735
logs/muon_spectra/second_order_audit_20260926/step_spectrum/soaudit_traj_20260926__M_lr0.007_s260925_l40s__100.json,1,100,M,24,absolute_1e-4,0.0,0.0001,0,0.0,-0.0,0.0,0.0,0.0,
logs/muon_spectra/second_order_audit_20260926/step_spectrum/soaudit_traj_20260926__M_lr0.007_s260925_l40s__100.json,1,100,M,24,absolute_1e-3,0.0,0.001,1,0.981975104275952,0.1556927143327275,0.012498909221620742,-0.005309235107140959,0.0005504494923134159,9.645272057255305
logs/muon_spectra/second_order_audit_20260926/step_spectrum/soaudit_traj_20260926__M_lr0.007_s260925_l40s__100.json,1,100,M,24,absolute_1e-2,0.0,0.01,1,0.981975104275952,0.1556927143327275,0.012498909221620742,-0.005309235107140959,0.0005504494923134159,9.645272057255305
logs/muon_spectra/second_order_audit_20260926/step_spectrum/soaudit_traj_20260926__M_lr0.007_s260925_l40s__100.json,1,100,M,24,shared_muon_relative_1e-4,0.0,0.0025499344897389684,1,0.981975104275952,0.1556927143327275,0.012498909221620742,-0.005309235107140959,0.0005504494923134159,9.645272057255305
logs/muon_spectra/second_order_audit_20260926/step_spectrum/soaudit_traj_20260926__M_lr0.007_s260925_l40s__100.json,1,100,M,24,band_0.0001_0.001,0.0025499344897389684,0.025499344897389684,0,0.0,-0.0,0.0,0.0,0.0,
logs/muon_spectra/second_order_audit_20260926/step_spectrum/soaudit_traj_20260926__M_lr0.007_s260925_l40s__100.json,1,100,M,24,band_0.001_0.01,0.025499344897389684,0.25499344897389686,1,0.009746300467140331,0.06675579151834347,0.03700034929829073,-0.0022764211765024787,0.0016294880717616896,1.3970161647402364
logs/muon_spectra/second_order_audit_20260926/step_spectrum/soaudit_traj_20260926__M_lr0.007_s260925_l40s__100.json,1,100,M,24,band_0.01_0.1,0.25499344897389686,2.5499344897389684,4,0.006218957315221904,0.14938779469625774,0.19689619745208578,-0.005094232749290672,0.008671269628749957,0.587484067200555
logs/muon_spectra/second_order_audit_20260926/step_spectrum/soaudit_traj_20260926__M_lr0.007_s260925_l40s__100.json,1,100,M,24,band_0.1_inf,2.5499344897389684,inf,18,0.002059637941685949,0.6281636994526713,0.7536045440280026,-0.021420840277974484,0.033188595205390824,0.6454277484602632
logs/muon_spectra/second_order_audit_20260926/step_spectrum/soaudit_traj_20260926__M_lr0.007_s260925_l40s__100.json,1,100,M,32,relative_1e-4,0.0,0.0025499344897389684,1,0.9765424861600033,0.13986627485729553,0.00797525433688246,-0.00476954197863377,0.0003512286250718172,13.579593570024429
logs/muon_spectra/second_order_audit_20260926/step_spectrum/soaudit_traj_20260926__M_lr0.007_s260925_l40s__100.json,1,100,M,32,relative_1e-3,0.0,0.025499344897389684,1,0.9765424861600033,0.13986627485729553,0.00797525433688246,-0.00476954197863377,0.0003512286250718172,13.579593570024429
logs/muon_spectra/second_order_audit_20260926/step_spectrum/soaudit_traj_20260926__M_lr0.007_s260925_l40s__100.json,1,100,M,32,relative_1e-2,0.0,0.25499344897389686,3,0.9928513186936981,0.23625959541309444,0.0622764098447685,-0.008056624510286707,0.0027426407836339066,2.9375427355863755
logs/muon_spectra/second_order_audit_20260926/step_spectrum/soaudit_traj_20260926__M_lr0.007_s260925_l40s__100.json,1,100,M,32,absolute_1e-4,0.0,0.0001,0,0.0,-0.0,0.0,0.0,0.0,
logs/muon_spectra/second_order_audit_20260926/step_spectrum/soaudit_traj_20260926__M_lr0.007_s260925_l40s__100.json,1,100,M,32,absolute_1e-3,0.0,0.001,1,0.9765424861600033,0.13986627485729553,0.00797525433688246,-0.00476954197863377,0.0003512286250718172,13.579593570024429
logs/muon_spectra/second_order_audit_20260926/step_spectrum/soaudit_traj_20260926__M_lr0.007_s260925_l40s__100.json,1,100,M,32,absolute_1e-2,0.0,0.01,1,0.9765424861600033,0.13986627485729553,0.00797525433688246,-0.00476954197863377,0.0003512286250718172,13.579593570024429
logs/muon_spectra/second_order_audit_20260926/step_spectrum/soaudit_traj_20260926__M_lr0.007_s260925_l40s__100.json,1,100,M,32,shared_muon_relative_1e-4,0.0,0.0025499344897389684,1,0.9765424861600033,0.13986627485729553,0.00797525433688246,-0.00476954197863377,0.0003512286250718172,13.579593570024429
logs/muon_spectra/second_order_audit_20260926/step_spectrum/soaudit_traj_20260926__M_lr0.007_s260925_l40s__100.json,1,100,M,32,band_0.0001_0.001,0.0025499344897389684,0.025499344897389684,0,0.0,-0.0,0.0,0.0,0.0,
logs/muon_spectra/second_order_audit_20260926/step_spectrum/soaudit_traj_20260926__M_lr0.007_s260925_l40s__100.json,1,100,M,32,band_0.001_0.01,0.025499344897389684,0.25499344897389686,2,0.01630883253369476,0.09639332055579895,0.05430115550788604,-0.003287082531652938,0.0023914121585620896,1.3745361793382358
logs/muon_spectra/second_order_audit_20260926/step_spectrum/soaudit_traj_20260926__M_lr0.007_s260925_l40s__100.json,1,100,M,32,band_0.01_0.1,0.25499344897389686,2.5499344897389684,5,0.0050755299695233345,0.13532692631707863,0.18306302561141954,-0.0046147468828159665,0.008062059474346437,0.572402981831149
logs/muon_spectra/second_order_audit_20260926/step_spectrum/soaudit_traj_20260926__M_lr0.007_s260925_l40s__100.json,1,100,M,32,band_0.1_inf,2.5499344897389684,inf,24,0.0020731513367785166,0.6284134782698271,0.7546605645438119,-0.02142935791780589,0.033235102140235465,0.6447808653448618
logs/muon_spectra/second_order_audit_20260926/step_spectrum/soaudit_traj_20260926__M_lr0.007_s260925_l40s__100.json,1,100,M,40,relative_1e-4,0.0,0.0025499344897389684,1,0.9714539770579884,0.12574140865264816,0.005549268102696938,-0.004287873739636291,0.0002443886706974955,17.5453048924016
logs/muon_spectra/second_order_audit_20260926/step_spectrum/soaudit_traj_20260926__M_lr0.007_s260925_l40s__100.json,1,100,M,40,relative_1e-3,0.0,0.025499344897389684,1,0.9714539770579884,0.12574140865264816,0.005549268102696938,-0.004287873739636291,0.0002443886706974955,17.5453048924016
logs/muon_spectra/second_order_audit_20260926/step_spectrum/soaudit_traj_20260926__M_lr0.007_s260925_l40s__100.json,1,100,M,40,relative_1e-2,0.0,0.25499344897389686,3,0.9910821154643216,0.2145557672919461,0.04563384962452511,-0.007316508142516943,0.0020097057201339838,3.640586812893762
logs/muon_spectra/second_order_audit_20260926/step_spectrum/soaudit_traj_20260926__M_lr0.007_s260925_l40s__100.json,1,100,M,40,absolute_1e-4,0.0,0.0001,0,0.0,-0.0,0.0,0.0,0.0,
logs/muon_spectra/second_order_audit_20260926/step_spectrum/soaudit_traj_20260926__M_lr0.007_s260925_l40s__100.json,1,100,M,40,absolute_1e-3,0.0,0.001,1,0.9714539770579884,0.12574140865264816,0.005549268102696938,-0.004287873739636291,0.0002443886706974955,17.5453048924016
logs/muon_spectra/second_order_audit_20260926/step_spectrum/soaudit_traj_20260926__M_lr0.007_s260925_l40s__100.json,1,100,M,40,absolute_1e-2,0.0,0.01,1,0.9714539770579884,0.12574140865264816,0.005549268102696938,-0.004287873739636291,0.0002443886706974955,17.5453048924016
logs/muon_spectra/second_order_audit_20260926/step_spectrum/soaudit_traj_20260926__M_lr0.007_s260925_l40s__100.json,1,100,M,40,shared_muon_relative_1e-4,0.0,0.0025499344897389684,1,0.9714539770579884,0.12574140865264816,0.005549268102696938,-0.004287873739636291,0.0002443886706974955,17.5453048924016
logs/muon_spectra/second_order_audit_20260926/step_spectrum/soaudit_traj_20260926__M_lr0.007_s260925_l40s__100.json,1,100,M,40,band_0.0001_0.001,0.0025499344897389684,0.025499344897389684,0,0.0,-0.0,0.0,0.0,0.0,
logs/muon_spectra/second_order_audit_20260926/step_spectrum/soaudit_traj_20260926__M_lr0.007_s260925_l40s__100.json,1,100,M,40,band_0.001_0.01,0.025499344897389684,0.25499344897389686,2,0.019628138406333127,0.08881435863929793,0.04008458152182817,-0.003028634402880652,0.0017653170494364883,1.715631990212427
logs/muon_spectra/second_order_audit_20260926/step_spectrum/soaudit_traj_20260926__M_lr0.007_s260925_l40s__100.json,1,100,M,40,band_0.01_0.1,0.25499344897389686,2.5499344897389684,7,0.006797917023083745,0.15667354290025515,0.1952689404830558,-0.005342682076622621,0.008599605553382754,0.6212705970590727
logs/muon_spectra/second_order_audit_20260926/step_spectrum/soaudit_traj_20260926__M_lr0.007_s260925_l40s__100.json,1,100,M,40,band_0.1_inf,2.5499344897389684,inf,30,0.0021199675125946516,0.6287706898077988,0.7590972098924189,-0.021441539091769005,0.03343049112469913,0.6413767303564247
logs/muon_spectra/second_order_audit_20260926/step_spectrum/soaudit_traj_20260926__M_lr0.007_s260925_l40s__100.json,1,100,M,48,relative_1e-4,0.0,0.0025499344897389684,1,0.9662468290331409,0.11508964036981717,0.003981079330366124,-0.003924640672740957,0.0001753259470409457,22.38482517265054
logs/muon_spectra/second_order_audit_20260926/step_spectrum/soaudit_traj_20260926__M_lr0.007_s260925_l40s__100.json,1,100,M,48,relative_1e-3,0.0,0.025499344897389684,2,0.9837899629834195,0.17555627404849666,0.01830984113152517,-0.005986596980159476,0.000806361785375094,7.4242072091433515
logs/muon_spectra/second_order_audit_20260926/step_spectrum/soaudit_traj_20260926__M_lr0.007_s260925_l40s__100.json,1,100,M,48,relative_1e-2,0.0,0.25499344897389686,4,0.9918471727442587,0.2267383420501688,0.05222068490876962,-0.007731942826657016,0.002299788644481708,3.362023221224977
logs/muon_spectra/second_order_audit_20260926/step_spectrum/soaudit_traj_20260926__M_lr0.007_s260925_l40s__100.json,1,100,M,48,absolute_1e-4,0.0,0.0001,0,0.0,-0.0,0.0,0.0,0.0,
logs/muon_spectra/second_order_audit_20260926/step_spectrum/soaudit_traj_20260926__M_lr0.007_s260925_l40s__100.json,1,100,M,48,absolute_1e-3,0.0,0.001,1,0.9662468290331409,0.11508964036981717,0.003981079330366124,-0.003924640672740957,0.0001753259470409457,22.38482517265054
logs/muon_spectra/second_order_audit_20260926/step_spectrum/soaudit_traj_20260926__M_lr0.007_s260925_l40s__100.json,1,100,M,48,absolute_1e-2,0.0,0.01,1,0.9662468290331409,0.11508964036981717,0.003981079330366124,-0.003924640672740957,0.0001753259470409457,22.38482517265054
logs/muon_spectra/second_order_audit_20260926/step_spectrum/soaudit_traj_20260926__M_lr0.007_s260925_l40s__100.json,1,100,M,48,shared_muon_relative_1e-4,0.0,0.0025499344897389684,1,0.9662468290331409,0.11508964036981717,0.003981079330366124,-0.003924640672740957,0.0001753259470409457,22.38482517265054
logs/muon_spectra/second_order_audit_20260926/step_spectrum/soaudit_traj_20260926__M_lr0.007_s260925_l40s__100.json,1,100,M,48,band_0.0001_0.001,0.0025499344897389684,0.025499344897389684,1,0.01754313395027864,0.060466633678679466,0.014328761801159046,-0.0020619563074185192,0.0006310358383341483,3.2675740142775616
logs/muon_spectra/second_order_audit_20260926/step_spectrum/soaudit_traj_20260926__M_lr0.007_s260925_l40s__100.json,1,100,M,48,band_0.001_0.01,0.025499344897389684,0.25499344897389686,2,0.008057209760839188,0.051182068001672125,0.03391084377724445,-0.0017453458464975389,0.0014934268591066141,1.1686851859230827
logs/muon_spectra/second_order_audit_20260926/step_spectrum/soaudit_traj_20260926__M_lr0.007_s260925_l40s__100.json,1,100,M,48,band_0.01_0.1,0.25499344897389686,2.5499344897389684,8,0.005950357165666287,0.14289122361397563,0.1811207061076781,-0.004872694937364697,0.007976520107207476,0.6108797911713147
logs/muon_spectra/second_order_audit_20260926/step_spectrum/soaudit_traj_20260926__M_lr0.007_s260925_l40s__100.json,1,100,M,48,band_0.1_inf,2.5499344897389684,inf,36,0.002202470090075177,0.6303704343358556,0.7666586089835522,-0.02149609154688691,0.03376349364652669,0.6366666841983708
logs/muon_spectra/second_order_audit_20260926/step_spectrum/soaudit_traj_20260926__M_lr0.007_s260925_l40s__1300.json,1,1300,M,8,relative_1e-4,0.0,0.001564682775046903,1,0.9952908119486361,0.25975472667341054,0.11480790218906557,-0.0025376646214767167,0.0022277031578878275,1.1391394820676088
logs/muon_spectra/second_order_audit_20260926/step_spectrum/soaudit_traj_20260926__M_lr0.007_s260925_l40s__1300.json,1,1300,M,8,relative_1e-3,0.0,0.01564682775046903,1,0.9952908119486361,0.25975472667341054,0.11480790218906557,-0.0025376646214767167,0.0022277031578878275,1.1391394820676088
logs/muon_spectra/second_order_audit_20260926/step_spectrum/soaudit_traj_20260926__M_lr0.007_s260925_l40s__1300.json,1,1300,M,8,relative_1e-2,0.0,0.1564682775046903,1,0.9952908119486361,0.25975472667341054,0.11480790218906557,-0.0025376646214767167,0.0022277031578878275,1.1391394820676088
logs/muon_spectra/second_order_audit_20260926/step_spectrum/soaudit_traj_20260926__M_lr0.007_s260925_l40s__1300.json,1,1300,M,8,absolute_1e-4,0.0,0.0001,0,0.0,-0.0,0.0,0.0,0.0,
logs/muon_spectra/second_order_audit_20260926/step_spectrum/soaudit_traj_20260926__M_lr0.007_s260925_l40s__1300.json,1,1300,M,8,absolute_1e-3,0.0,0.001,0,0.0,-0.0,0.0,0.0,0.0,
logs/muon_spectra/second_order_audit_20260926/step_spectrum/soaudit_traj_20260926__M_lr0.007_s260925_l40s__1300.json,1,1300,M,8,absolute_1e-2,0.0,0.01,1,0.9952908119486361,0.25975472667341054,0.11480790218906557,-0.0025376646214767167,0.0022277031578878275,1.1391394820676088
logs/muon_spectra/second_order_audit_20260926/step_spectrum/soaudit_traj_20260926__M_lr0.007_s260925_l40s__1300.json,1,1300,M,8,shared_muon_relative_1e-4,0.0,0.001564682775046903,1,0.9952908119486361,0.25975472667341054,0.11480790218906557,-0.0025376646214767167,0.0022277031578878275,1.1391394820676088
logs/muon_spectra/second_order_audit_20260926/step_spectrum/soaudit_traj_20260926__M_lr0.007_s260925_l40s__1300.json,1,1300,M,8,band_0.0001_0.001,0.001564682775046903,0.01564682775046903,0,0.0,-0.0,0.0,0.0,0.0,
logs/muon_spectra/second_order_audit_20260926/step_spectrum/soaudit_traj_20260926__M_lr0.007_s260925_l40s__1300.json,1,1300,M,8,band_0.001_0.01,0.01564682775046903,0.1564682775046903,0,0.0,-0.0,0.0,0.0,0.0,
logs/muon_spectra/second_order_audit_20260926/step_spectrum/soaudit_traj_20260926__M_lr0.007_s260925_l40s__1300.json,1,1300,M,8,band_0.01_0.1,0.1564682775046903,1.564682775046903,1,0.003209457624547158,0.17620264556261978,0.1701371354280325,-0.0017214055181257759,0.003301297442425655,0.5214330269074329
logs/muon_spectra/second_order_audit_20260926/step_spectrum/soaudit_traj_20260926__M_lr0.007_s260925_l40s__1300.json,1,1300,M,8,band_0.1_inf,1.564682775046903,inf,6,0.0014997304268166449,0.5640426277639695,0.715054962382902,-0.005510394516443287,0.013874743527153,0.3971528919190033
logs/muon_spectra/second_order_audit_20260926/step_spectrum/soaudit_traj_20260926__M_lr0.007_s260925_l40s__1300.json,1,1300,M,16,relative_1e-4,0.0,0.001564682775046903,1,0.9865231243213032,0.17230943157724557,0.04870354572032531,-0.001683370901697239,0.0009450311392575559,1.7812861732997967
logs/muon_spectra/second_order_audit_20260926/step_spectrum/soaudit_traj_20260926__M_lr0.007_s260925_l40s__1300.json,1,1300,M,16,relative_1e-3,0.0,0.01564682775046903,1,0.9865231243213032,0.17230943157724557,0.04870354572032531,-0.001683370901697239,0.0009450311392575559,1.7812861732997967
logs/muon_spectra/second_order_audit_20260926/step_spectrum/soaudit_traj_20260926__M_lr0.007_s260925_l40s__1300.json,1,1300,M,16,relative_1e-2,0.0,0.1564682775046903,2,0.9964570615475343,0.3064199662156681,0.16078020593783607,-0.0029935590298507107,0.0031197379767791333,0.9595546331558614
logs/muon_spectra/second_order_audit_20260926/step_spectrum/soaudit_traj_20260926__M_lr0.007_s260925_l40s__1300.json,1,1300,M,16,absolute_1e-4,0.0,0.0001,0,0.0,-0.0,0.0,0.0,0.0,
logs/muon_spectra/second_order_audit_20260926/step_spectrum/soaudit_traj_20260926__M_lr0.007_s260925_l40s__1300.json,1,1300,M,16,absolute_1e-3,0.0,0.001,1,0.9865231243213032,0.17230943157724557,0.04870354572032531,-0.001683370901697239,0.0009450311392575559,1.7812861732997967
logs/muon_spectra/second_order_audit_20260926/step_spectrum/soaudit_traj_20260926__M_lr0.007_s260925_l40s__1300.json,1,1300,M,16,absolute_1e-2,0.0,0.01,1,0.9865231243213032,0.17230943157724557,0.04870354572032531,-0.001683370901697239,0.0009450311392575559,1.7812861732997967
logs/muon_spectra/second_order_audit_20260926/step_spectrum/soaudit_traj_20260926__M_lr0.007_s260925_l40s__1300.json,1,1300,M,16,shared_muon_relative_1e-4,0.0,0.001564682775046903,1,0.9865231243213032,0.17230943157724557,0.04870354572032531,-0.001683370901697239,0.0009450311392575559,1.7812861732997967
logs/muon_spectra/second_order_audit_20260926/step_spectrum/soaudit_traj_20260926__M_lr0.007_s260925_l40s__1300.json,1,1300,M,16,band_0.0001_0.001,0.001564682775046903,0.01564682775046903,0,0.0,-0.0,0.0,0.0,0.0,
logs/muon_spectra/second_order_audit_20260926/step_spectrum/soaudit_traj_20260926__M_lr0.007_s260925_l40s__1300.json,1,1300,M,16,band_0.001_0.01,0.01564682775046903,0.1564682775046903,1,0.009933937226231215,0.13411053463842249,0.11207666021751077,-0.0013101881281534717,0.0021747068375215775,0.6024665511451825
logs/muon_spectra/second_order_audit_20260926/step_spectrum/soaudit_traj_20260926__M_lr0.007_s260925_l40s__1300.json,1,1300,M,16,band_0.01_0.1,0.1564682775046903,1.564682775046903,2,0.00215156193155508,0.14262636758485273,0.14574759430033912,-0.001393383257140412,0.0028280490269975683,0.4927012381463959
logs/muon_spectra/second_order_audit_20260926/step_spectrum/soaudit_traj_20260926__M_lr0.007_s260925_l40s__1300.json,1,1300,M,16,band_0.1_inf,1.564682775046903,inf,12,0.0013913765209105436,0.5509536661994793,0.6934721997618248,-0.0053825223690546565,0.01345595712368975,0.4000103686105324
logs/muon_spectra/second_order_audit_20260926/step_spectrum/soaudit_traj_20260926__M_lr0.007_s260925_l40s__1300.json,1,1300,M,24,relative_1e-4,0.0,0.001564682775046903,1,0.9775976479642804,0.13125586338651576,0.027423882998034794,-0.001282299518253339,0.000532126008675445,2.40976666681865
logs/muon_spectra/second_order_audit_20260926/step_spectrum/soaudit_traj_20260926__M_lr0.007_s260925_l40s__1300.json,1,1300,M,24,relative_1e-3,0.0,0.01564682775046903,1,0.9775976479642804,0.13125586338651576,0.027423882998034794,-0.001282299518253339,0.000532126008675445,2.40976666681865
logs/muon_spectra/second_order_audit_20260926/step_spectrum/soaudit_traj_20260926__M_lr0.007_s260925_l40s__1300.json,1,1300,M,24,relative_1e-2,0.0,0.1564682775046903,2,0.9933842741164693,0.24710700664164345,0.10703783407577665,-0.0024141031676468056,0.0020769347443645807,1.1623394399834062
logs/muon_spectra/second_order_audit_20260926/step_spectrum/soaudit_traj_20260926__M_lr0.007_s260925_l40s__1300.json,1,1300,M,24,absolute_1e-4,0.0,0.0001,0,0.0,-0.0,0.0,0.0,0.0,
logs/muon_spectra/second_order_audit_20260926/step_spectrum/soaudit_traj_20260926__M_lr0.007_s260925_l40s__1300.json,1,1300,M,24,absolute_1e-3,0.0,0.001,1,0.9775976479642804,0.13125586338651576,0.027423882998034794,-0.001282299518253339,0.000532126008675445,2.40976666681865
logs/muon_spectra/second_order_audit_20260926/step_spectrum/soaudit_traj_20260926__M_lr0.007_s260925_l40s__1300.json,1,1300,M,24,absolute_1e-2,0.0,0.01,1,0.9775976479642804,0.13125586338651576,0.027423882998034794,-0.001282299518253339,0.000532126008675445,2.40976666681865
logs/muon_spectra/second_order_audit_20260926/step_spectrum/soaudit_traj_20260926__M_lr0.007_s260925_l40s__1300.json,1,1300,M,24,shared_muon_relative_1e-4,0.0,0.001564682775046903,1,0.9775976479642804,0.13125586338651576,0.027423882998034794,-0.001282299518253339,0.000532126008675445,2.40976666681865
logs/muon_spectra/second_order_audit_20260926/step_spectrum/soaudit_traj_20260926__M_lr0.007_s260925_l40s__1300.json,1,1300,M,24,band_0.0001_0.001,0.001564682775046903,0.01564682775046903,0,0.0,-0.0,0.0,0.0,0.0,
logs/muon_spectra/second_order_audit_20260926/step_spectrum/soaudit_traj_20260926__M_lr0.007_s260925_l40s__1300.json,1,1300,M,24,band_0.001_0.01,0.01564682775046903,0.1564682775046903,1,0.015786626152189023,0.1158511432551277,0.07961395107774187,-0.0011318036493934665,0.0015448087356891359,0.7326496952314109
logs/muon_spectra/second_order_audit_20260926/step_spectrum/soaudit_traj_20260926__M_lr0.007_s260925_l40s__1300.json,1,1300,M,24,band_0.01_0.1,0.1564682775046903,1.564682775046903,4,0.005204602023299029,0.1937483160995744,0.19740689318227927,-0.0018928173263031778,0.0038304328443070504,0.49415233297102756
logs/muon_spectra/second_order_audit_20260926/step_spectrum/soaudit_traj_20260926__M_lr0.007_s260925_l40s__1300.json,1,1300,M,24,band_0.1_inf,1.564682775046903,inf,18,0.0014111238602314857,0.5591446772587823,0.6955552727419441,-0.005462544162095798,0.013496376538794829,0.40474153535905877
logs/muon_spectra/second_order_audit_20260926/step_spectrum/soaudit_traj_20260926__M_lr0.007_s260925_l40s__1300.json,1,1300,M,32,relative_1e-4,0.0,0.001564682775046903,1,0.9691908947018105,0.10422646498789996,0.017782734800399217,-0.0010182367659238804,0.0003450516359535397,2.950969245834798
logs/muon_spectra/second_order_audit_20260926/step_spectrum/soaudit_traj_20260926__M_lr0.007_s260925_l40s__1300.json,1,1300,M,32,relative_1e-3,0.0,0.01564682775046903,1,0.9691908947018105,0.10422646498789996,0.017782734800399217,-0.0010182367659238804,0.0003450516359535397,2.950969245834798
logs/muon_spectra/second_order_audit_20260926/step_spectrum/soaudit_traj_20260926__M_lr0.007_s260925_l40s__1300.json,1,1300,M,32,relative_1e-2,0.0,0.1564682775046903,3,0.9948954078253044,0.2771308575734786,0.1300038922004063,-0.002707420118163753,0.0025225622598314163,1.0732817822877803
logs/muon_spectra/second_order_audit_20260926/step_spectrum/soaudit_traj_20260926__M_lr0.007_s260925_l40s__1300.json,1,1300,M,32,absolute_1e-4,0.0,0.0001,0,0.0,-0.0,0.0,0.0,0.0,
logs/muon_spectra/second_order_audit_20260926/step_spectrum/soaudit_traj_20260926__M_lr0.007_s260925_l40s__1300.json,1,1300,M,32,absolute_1e-3,0.0,0.001,1,0.9691908947018105,0.10422646498789996,0.017782734800399217,-0.0010182367659238804,0.0003450516359535397,2.950969245834798
logs/muon_spectra/second_order_audit_20260926/step_spectrum/soaudit_traj_20260926__M_lr0.007_s260925_l40s__1300.json,1,1300,M,32,absolute_1e-2,0.0,0.01,1,0.9691908947018105,0.10422646498789996,0.017782734800399217,-0.0010182367659238804,0.0003450516359535397,2.950969245834798
logs/muon_spectra/second_order_audit_20260926/step_spectrum/soaudit_traj_20260926__M_lr0.007_s260925_l40s__1300.json,1,1300,M,32,shared_muon_relative_1e-4,0.0,0.001564682775046903,1,0.9691908947018105,0.10422646498789996,0.017782734800399217,-0.0010182367659238804,0.0003450516359535397,2.950969245834798
logs/muon_spectra/second_order_audit_20260926/step_spectrum/soaudit_traj_20260926__M_lr0.007_s260925_l40s__1300.json,1,1300,M,32,band_0.0001_0.001,0.001564682775046903,0.01564682775046903,0,0.0,-0.0,0.0,0.0,0.0,
logs/muon_spectra/second_order_audit_20260926/step_spectrum/soaudit_traj_20260926__M_lr0.007_s260925_l40s__1300.json,1,1300,M,32,band_0.001_0.01,0.01564682775046903,0.1564682775046903,2,0.02570451312349372,0.17290439258557866,0.11222115740000711,-0.0016891833522398726,0.0021775106238778766,0.7757405790432592
logs/muon_spectra/second_order_audit_20260926/step_spectrum/soaudit_traj_20260926__M_lr0.007_s260925_l40s__1300.json,1,1300,M,32,band_0.01_0.1,0.1564682775046903,1.564682775046903,5,0.0036744573534685594,0.1658710048303285,0.17192400660875765,-0.0016204709191526912,0.003335969433605185,0.4857571243995023
logs/muon_spectra/second_order_audit_20260926/step_spectrum/soaudit_traj_20260926__M_lr0.007_s260925_l40s__1300.json,1,1300,M,32,band_0.1_inf,1.564682775046903,inf,24,0.0014301348212271809,0.556998137596193,0.698072101190836,-0.005441573618729325,0.013545212434029853,0.4017340920440917
logs/muon_spectra/second_order_audit_20260926/step_spectrum/soaudit_traj_20260926__M_lr0.007_s260925_l40s__1300.json,1,1300,M,40,relative_1e-4,0.0,0.001564682775046903,1,0.9611791797633814,0.09669995474583787,0.012459823299555374,-0.0009447067901306902,0.0002417672231780179,3.907505648253586
logs/muon_spectra/second_order_audit_20260926/step_spectrum/soaudit_traj_20260926__M_lr0.007_s260925_l40s__1300.json,1,1300,M,40,relative_1e-3,0.0,0.01564682775046903,1,0.9611791797633814,0.09669995474583787,0.012459823299555374,-0.0009447067901306902,0.0002417672231780179,3.907505648253586
logs/muon_spectra/second_order_audit_20260926/step_spectrum/soaudit_traj_20260926__M_lr0.007_s260925_l40s__1300.json,1,1300,M,40,relative_1e-2,0.0,0.1564682775046903,4,0.9954383562590531,0.2866827004557715,0.14039952003813136,-0.002800736509602421,0.002724276362439007,1.0280662227289452
logs/muon_spectra/second_order_audit_20260926/step_spectrum/soaudit_traj_20260926__M_lr0.007_s260925_l40s__1300.json,1,1300,M,40,absolute_1e-4,0.0,0.0001,0,0.0,-0.0,0.0,0.0,0.0,
logs/muon_spectra/second_order_audit_20260926/step_spectrum/soaudit_traj_20260926__M_lr0.007_s260925_l40s__1300.json,1,1300,M,40,absolute_1e-3,0.0,0.001,1,0.9611791797633814,0.09669995474583787,0.012459823299555374,-0.0009447067901306902,0.0002417672231780179,3.907505648253586
logs/muon_spectra/second_order_audit_20260926/step_spectrum/soaudit_traj_20260926__M_lr0.007_s260925_l40s__1300.json,1,1300,M,40,absolute_1e-2,0.0,0.01,1,0.9611791797633814,0.09669995474583787,0.012459823299555374,-0.0009447067901306902,0.0002417672231780179,3.907505648253586
logs/muon_spectra/second_order_audit_20260926/step_spectrum/soaudit_traj_20260926__M_lr0.007_s260925_l40s__1300.json,1,1300,M,40,shared_muon_relative_1e-4,0.0,0.001564682775046903,1,0.9611791797633814,0.09669995474583787,0.012459823299555374,-0.0009447067901306902,0.0002417672231780179,3.907505648253586
logs/muon_spectra/second_order_audit_20260926/step_spectrum/soaudit_traj_20260926__M_lr0.007_s260925_l40s__1300.json,1,1300,M,40,band_0.0001_0.001,0.001564682775046903,0.01564682775046903,0,0.0,-0.0,0.0,0.0,0.0,
logs/muon_spectra/second_order_audit_20260926/step_spectrum/soaudit_traj_20260926__M_lr0.007_s260925_l40s__1300.json,1,1300,M,40,band_0.001_0.01,0.01564682775046903,0.1564682775046903,3,0.03425917649567163,0.1899827457099336,0.12793969673857597,-0.0018560297194717306,0.002482509139260989,0.7476426532005626
logs/muon_spectra/second_order_audit_20260926/step_spectrum/soaudit_traj_20260926__M_lr0.007_s260925_l40s__1300.json,1,1300,M,40,band_0.01_0.1,0.1564682775046903,1.564682775046903,6,0.003099751227807857,0.15287786285538796,0.1571298979013523,-0.001493534877857528,0.003048908333652776,0.4898588984694673
logs/muon_spectra/second_order_audit_20260926/step_spectrum/soaudit_traj_20260926__M_lr0.007_s260925_l40s__1300.json,1,1300,M,40,band_0.1_inf,1.564682775046903,inf,30,0.0014618925131390339,0.5604394366888406,0.7024705820605163,-0.005475193268585838,0.01363055943137472,0.4016851469781262
logs/muon_spectra/second_order_audit_20260926/step_spectrum/soaudit_traj_20260926__M_lr0.007_s260925_l40s__1300.json,1,1300,M,48,relative_1e-4,0.0,0.001564682775046903,1,0.9538242726944413,0.0836149095969657,0.009297319940907692,-0.0008168729040260177,0.00018040281720456435,4.528049598581048
logs/muon_spectra/second_order_audit_20260926/step_spectrum/soaudit_traj_20260926__M_lr0.007_s260925_l40s__1300.json,1,1300,M,48,relative_1e-3,0.0,0.01564682775046903,2,0.9812581296936324,0.15619252148157914,0.041805564103358485,-0.0015259173181529555,0.0008111844689659645,1.8810977977648873
logs/muon_spectra/second_order_audit_20260926/step_spectrum/soaudit_traj_20260926__M_lr0.007_s260925_l40s__1300.json,1,1300,M,48,relative_1e-2,0.0,0.1564682775046903,4,0.9939121444228061,0.2692584090682924,0.11641762899761168,-0.0026305105107357935,0.0022589378849959757,1.1644899703563472
logs/muon_spectra/second_order_audit_20260926/step_spectrum/soaudit_traj_20260926__M_lr0.007_s260925_l40s__1300.json,1,1300,M,48,absolute_1e-4,0.0,0.0001,0,0.0,-0.0,0.0,0.0,0.0,
logs/muon_spectra/second_order_audit_20260926/step_spectrum/soaudit_traj_20260926__M_lr0.007_s260925_l40s__1300.json,1,1300,M,48,absolute_1e-3,0.0,0.001,1,0.9538242726944413,0.0836149095969657,0.009297319940907692,-0.0008168729040260177,0.00018040281720456435,4.528049598581048
logs/muon_spectra/second_order_audit_20260926/step_spectrum/soaudit_traj_20260926__M_lr0.007_s260925_l40s__1300.json,1,1300,M,48,absolute_1e-2,0.0,0.01,1,0.9538242726944413,0.0836149095969657,0.009297319940907692,-0.0008168729040260177,0.00018040281720456435,4.528049598581048
logs/muon_spectra/second_order_audit_20260926/step_spectrum/soaudit_traj_20260926__M_lr0.007_s260925_l40s__1300.json,1,1300,M,48,shared_muon_relative_1e-4,0.0,0.001564682775046903,1,0.9538242726944413,0.0836149095969657,0.009297319940907692,-0.0008168729040260177,0.00018040281720456435,4.528049598581048
logs/muon_spectra/second_order_audit_20260926/step_spectrum/soaudit_traj_20260926__M_lr0.007_s260925_l40s__1300.json,1,1300,M,48,band_0.0001_0.001,0.001564682775046903,0.01564682775046903,1,0.027433856999191084,0.07257761188461345,0.032508244162450795,-0.0007090444141269377,0.0006307816517614001,1.1240726678510637
logs/muon_spectra/second_order_audit_20260926/step_spectrum/soaudit_traj_20260926__M_lr0.007_s260925_l40s__1300.json,1,1300,M,48,band_0.001_0.01,0.01564682775046903,0.1564682775046903,2,0.012654014729173685,0.11306588758671327,0.07461206489425318,-0.0011045931925828382,0.0014477534160300108,0.7629705309981744
logs/muon_spectra/second_order_audit_20260926/step_spectrum/soaudit_traj_20260926__M_lr0.007_s260925_l40s__1300.json,1,1300,M,48,band_0.01_0.1,0.1564682775046903,1.564682775046903,8,0.004607827997751749,0.16551017329031548,0.17867197499572848,-0.0016169457881757459,0.0034669052855661993,0.4663945666204358
logs/muon_spectra/second_order_audit_20260926/step_spectrum/soaudit_traj_20260926__M_lr0.007_s260925_l40s__1300.json,1,1300,M,48,band_0.1_inf,1.564682775046903,inf,36,0.0014800275794423067,0.5652314176413921,0.7049103960066598,-0.00552200835713422,0.013677900956904276,0.4037175276040322
logs/muon_spectra/second_order_audit_20260926/step_spectrum/soaudit_traj_20260926__M_lr0.007_s260925_l40s__500.json,1,500,M,8,relative_1e-4,0.0,0.0015909797501104336,0,0.0,-0.0,0.0,0.0,0.0,
logs/muon_spectra/second_order_audit_20260926/step_spectrum/soaudit_traj_20260926__M_lr0.007_s260925_l40s__500.json,1,500,M,8,relative_1e-3,0.0,0.015909797501104335,1,0.992299652383953,0.15802712861322027,0.0914016306259024,-0.0026768877233868094,0.0029838402922835296,0.89712835177857
logs/muon_spectra/second_order_audit_20260926/step_spectrum/soaudit_traj_20260926__M_lr0.007_s260925_l40s__500.json,1,500,M,8,relative_1e-2,0.0,0.15909797501104334,1,0.992299652383953,0.15802712861322027,0.0914016306259024,-0.0026768877233868094,0.0029838402922835296,0.89712835177857
logs/muon_spectra/second_order_audit_20260926/step_spectrum/soaudit_traj_20260926__M_lr0.007_s260925_l40s__500.json,1,500,M,8,absolute_1e-4,0.0,0.0001,0,0.0,-0.0,0.0,0.0,0.0,
logs/muon_spectra/second_order_audit_20260926/step_spectrum/soaudit_traj_20260926__M_lr0.007_s260925_l40s__500.json,1,500,M,8,absolute_1e-3,0.0,0.001,0,0.0,-0.0,0.0,0.0,0.0,
logs/muon_spectra/second_order_audit_20260926/step_spectrum/soaudit_traj_20260926__M_lr0.007_s260925_l40s__500.json,1,500,M,8,absolute_1e-2,0.0,0.01,1,0.992299652383953,0.15802712861322027,0.0914016306259024,-0.0026768877233868094,0.0029838402922835296,0.89712835177857
logs/muon_spectra/second_order_audit_20260926/step_spectrum/soaudit_traj_20260926__M_lr0.007_s260925_l40s__500.json,1,500,M,8,shared_muon_relative_1e-4,0.0,0.0015909797501104336,0,0.0,-0.0,0.0,0.0,0.0,
logs/muon_spectra/second_order_audit_20260926/step_spectrum/soaudit_traj_20260926__M_lr0.007_s260925_l40s__500.json,1,500,M,8,band_0.0001_0.001,0.0015909797501104336,0.015909797501104335,1,0.992299652383953,0.15802712861322027,0.0914016306259024,-0.0026768877233868094,0.0029838402922835296,0.89712835177857
logs/muon_spectra/second_order_audit_20260926/step_spectrum/soaudit_traj_20260926__M_lr0.007_s260925_l40s__500.json,1,500,M,8,band_0.001_0.01,0.015909797501104335,0.15909797501104334,0,0.0,-0.0,0.0,0.0,0.0,
logs/muon_spectra/second_order_audit_20260926/step_spectrum/soaudit_traj_20260926__M_lr0.007_s260925_l40s__500.json,1,500,M,8,band_0.01_0.1,0.15909797501104334,1.5909797501104335,1,0.005576180131060363,0.12384464616505533,0.172020221517521,-0.0020978563354006655,0.005615664234178971,0.3735722521714084
logs/muon_spectra/second_order_audit_20260926/step_spectrum/soaudit_traj_20260926__M_lr0.007_s260925_l40s__500.json,1,500,M,8,band_0.1_inf,1.5909797501104335,inf,6,0.0021241674849866543,0.7181282252217243,0.7365781478565766,-0.012164674804783936,0.0240458681200725,0.5058945987743053
logs/muon_spectra/second_order_audit_20260926/step_spectrum/soaudit_traj_20260926__M_lr0.007_s260925_l40s__500.json,1,500,M,16,relative_1e-4,0.0,0.0015909797501104336,1,0.9814522751985014,0.09618153530491214,0.03689653049133415,-0.001629259313471288,0.0012045009872538447,1.352642572079459
logs/muon_spectra/second_order_audit_20260926/step_spectrum/soaudit_traj_20260926__M_lr0.007_s260925_l40s__500.json,1,500,M,16,relative_1e-3,0.0,0.015909797501104335,1,0.9814522751985014,0.09618153530491214,0.03689653049133415,-0.001629259313471288,0.0012045009872538447,1.352642572079459
logs/muon_spectra/second_order_audit_20260926/step_spectrum/soaudit_traj_20260926__M_lr0.007_s260925_l40s__500.json,1,500,M,16,relative_1e-2,0.0,0.15909797501104334,2,0.9943603030562965,0.19031708551395773,0.13973382713255555,-0.0032238608284150686,0.00456166285806878,0.7067293065537767
logs/muon_spectra/second_order_audit_20260926/step_spectrum/soaudit_traj_20260926__M_lr0.007_s260925_l40s__500.json,1,500,M,16,absolute_1e-4,0.0,0.0001,0,0.0,-0.0,0.0,0.0,0.0,
logs/muon_spectra/second_order_audit_20260926/step_spectrum/soaudit_traj_20260926__M_lr0.007_s260925_l40s__500.json,1,500,M,16,absolute_1e-3,0.0,0.001,1,0.9814522751985014,0.09618153530491214,0.03689653049133415,-0.001629259313471288,0.0012045009872538447,1.352642572079459
logs/muon_spectra/second_order_audit_20260926/step_spectrum/soaudit_traj_20260926__M_lr0.007_s260925_l40s__500.json,1,500,M,16,absolute_1e-2,0.0,0.01,1,0.9814522751985014,0.09618153530491214,0.03689653049133415,-0.001629259313471288,0.0012045009872538447,1.352642572079459
logs/muon_spectra/second_order_audit_20260926/step_spectrum/soaudit_traj_20260926__M_lr0.007_s260925_l40s__500.json,1,500,M,16,shared_muon_relative_1e-4,0.0,0.0015909797501104336,1,0.9814522751985014,0.09618153530491214,0.03689653049133415,-0.001629259313471288,0.0012045009872538447,1.352642572079459
logs/muon_spectra/second_order_audit_20260926/step_spectrum/soaudit_traj_20260926__M_lr0.007_s260925_l40s__500.json,1,500,M,16,band_0.0001_0.001,0.0015909797501104336,0.015909797501104335,0,0.0,-0.0,0.0,0.0,0.0,
logs/muon_spectra/second_order_audit_20260926/step_spectrum/soaudit_traj_20260926__M_lr0.007_s260925_l40s__500.json,1,500,M,16,band_0.001_0.01,0.015909797501104335,0.15909797501104334,1,0.012908027857794997,0.09413555020904558,0.1028372966412214,-0.0015946015149437803,0.0033571618708149354,0.4749849951550588
logs/muon_spectra/second_order_audit_20260926/step_spectrum/soaudit_traj_20260926__M_lr0.007_s260925_l40s__500.json,1,500,M,16,band_0.01_0.1,0.15909797501104334,1.5909797501104335,2,0.0036875085870358413,0.12204660787677642,0.1441631209386638,-0.0020673986117027694,0.0047062588049301725,0.43928706375794896
logs/muon_spectra/second_order_audit_20260926/step_spectrum/soaudit_traj_20260926__M_lr0.007_s260925_l40s__500.json,1,500,M,16,band_0.1_inf,1.5909797501104335,inf,12,0.001952188356667777,0.6876363066092659,0.7161030519287808,-0.011648159423453572,0.023377450983536056,0.4982647351782269
logs/muon_spectra/second_order_audit_20260926/step_spectrum/soaudit_traj_20260926__M_lr0.007_s260925_l40s__500.json,1,500,M,24,relative_1e-4,0.0,0.0015909797501104336,1,0.9708230209506943,0.07754181791045398,0.019853762057217155,-0.0013135133330279642,0.0006481334607934919,2.0266093520613273
logs/muon_spectra/second_order_audit_20260926/step_spectrum/soaudit_traj_20260926__M_lr0.007_s260925_l40s__500.json,1,500,M,24,relative_1e-3,0.0,0.015909797501104335,1,0.9708230209506943,0.07754181791045398,0.019853762057217155,-0.0013135133330279642,0.0006481334607934919,2.0266093520613273
logs/muon_spectra/second_order_audit_20260926/step_spectrum/soaudit_traj_20260926__M_lr0.007_s260925_l40s__500.json,1,500,M,24,relative_1e-2,0.0,0.15909797501104334,2,0.9896127658607025,0.14193103041578042,0.08412545052431912,-0.0024042291739511997,0.002746306681424043,0.875440893114142
logs/muon_spectra/second_order_audit_20260926/step_spectrum/soaudit_traj_20260926__M_lr0.007_s260925_l40s__500.json,1,500,M,24,absolute_1e-4,0.0,0.0001,0,0.0,-0.0,0.0,0.0,0.0,
logs/muon_spectra/second_order_audit_20260926/step_spectrum/soaudit_traj_20260926__M_lr0.007_s260925_l40s__500.json,1,500,M,24,absolute_1e-3,0.0,0.001,1,0.9708230209506943,0.07754181791045398,0.019853762057217155,-0.0013135133330279642,0.0006481334607934919,2.0266093520613273
logs/muon_spectra/second_order_audit_20260926/step_spectrum/soaudit_traj_20260926__M_lr0.007_s260925_l40s__500.json,1,500,M,24,absolute_1e-2,0.0,0.01,1,0.9708230209506943,0.07754181791045398,0.019853762057217155,-0.0013135133330279642,0.0006481334607934919,2.0266093520613273
logs/muon_spectra/second_order_audit_20260926/step_spectrum/soaudit_traj_20260926__M_lr0.007_s260925_l40s__500.json,1,500,M,24,shared_muon_relative_1e-4,0.0,0.0015909797501104336,1,0.9708230209506943,0.07754181791045398,0.019853762057217155,-0.0013135133330279642,0.0006481334607934919,2.0266093520613273
logs/muon_spectra/second_order_audit_20260926/step_spectrum/soaudit_traj_20260926__M_lr0.007_s260925_l40s__500.json,1,500,M,24,band_0.0001_0.001,0.0015909797501104336,0.015909797501104335,0,0.0,-0.0,0.0,0.0,0.0,
logs/muon_spectra/second_order_audit_20260926/step_spectrum/soaudit_traj_20260926__M_lr0.007_s260925_l40s__500.json,1,500,M,24,band_0.001_0.01,0.015909797501104335,0.15909797501104334,1,0.018789744910008118,0.06438921250532645,0.06427168846710196,-0.0010907158409232357,0.002098173220630551,0.5198407024732922
logs/muon_spectra/second_order_audit_20260926/step_spectrum/soaudit_traj_20260926__M_lr0.007_s260925_l40s__500.json,1,500,M,24,band_0.01_0.1,0.15909797501104334,1.5909797501104335,4,0.008419429064267837,0.17185712972484812,0.1991257817718054,-0.002911159905100333,0.006500535349473199,0.4478338703805761
logs/muon_spectra/second_order_audit_20260926/step_spectrum/soaudit_traj_20260926__M_lr0.007_s260925_l40s__500.json,1,500,M,24,band_0.1_inf,1.5909797501104335,inf,18,0.0019678050750295832,0.6862118398593715,0.7167487677038756,-0.011624029784519888,0.023398530615637788,0.4967846047884424
logs/muon_spectra/second_order_audit_20260926/step_spectrum/soaudit_traj_20260926__M_lr0.007_s260925_l40s__500.json,1,500,M,32,relative_1e-4,0.0,0.0015909797501104336,1,0.9611390475210783,0.06484046066328533,0.012452425102519003,-0.0010983597224823159,0.00040651405782479965,2.7018984985648133
logs/muon_spectra/second_order_audit_20260926/step_spectrum/soaudit_traj_20260926__M_lr0.007_s260925_l40s__500.json,1,500,M,32,relative_1e-3,0.0,0.015909797501104335,1,0.9611390475210783,0.06484046066328533,0.012452425102519003,-0.0010983597224823159,0.00040651405782479965,2.7018984985648133
logs/muon_spectra/second_order_audit_20260926/step_spectrum/soaudit_traj_20260926__M_lr0.007_s260925_l40s__500.json,1,500,M,32,relative_1e-2,0.0,0.15909797501104334,3,0.9916395835705335,0.15501784641050817,0.10453258917404497,-0.0026259122316763784,0.003412505327293848,0.7694968885979011
logs/muon_spectra/second_order_audit_20260926/step_spectrum/soaudit_traj_20260926__M_lr0.007_s260925_l40s__500.json,1,500,M,32,absolute_1e-4,0.0,0.0001,0,0.0,-0.0,0.0,0.0,0.0,
logs/muon_spectra/second_order_audit_20260926/step_spectrum/soaudit_traj_20260926__M_lr0.007_s260925_l40s__500.json,1,500,M,32,absolute_1e-3,0.0,0.001,1,0.9611390475210783,0.06484046066328533,0.012452425102519003,-0.0010983597224823159,0.00040651405782479965,2.7018984985648133
logs/muon_spectra/second_order_audit_20260926/step_spectrum/soaudit_traj_20260926__M_lr0.007_s260925_l40s__500.json,1,500,M,32,absolute_1e-2,0.0,0.01,1,0.9611390475210783,0.06484046066328533,0.012452425102519003,-0.0010983597224823159,0.00040651405782479965,2.7018984985648133
logs/muon_spectra/second_order_audit_20260926/step_spectrum/soaudit_traj_20260926__M_lr0.007_s260925_l40s__500.json,1,500,M,32,shared_muon_relative_1e-4,0.0,0.0015909797501104336,1,0.9611390475210783,0.06484046066328533,0.012452425102519003,-0.0010983597224823159,0.00040651405782479965,2.7018984985648133
logs/muon_spectra/second_order_audit_20260926/step_spectrum/soaudit_traj_20260926__M_lr0.007_s260925_l40s__500.json,1,500,M,32,band_0.0001_0.001,0.0015909797501104336,0.015909797501104335,0,0.0,-0.0,0.0,0.0,0.0,
logs/muon_spectra/second_order_audit_20260926/step_spectrum/soaudit_traj_20260926__M_lr0.007_s260925_l40s__500.json,1,500,M,32,band_0.001_0.01,0.015909797501104335,0.15909797501104334,2,0.030500536049455268,0.09017738574722281,0.09208016407152596,-0.001527552509194062,0.003005991269469048,0.5081693099740358
logs/muon_spectra/second_order_audit_20260926/step_spectrum/soaudit_traj_20260926__M_lr0.007_s260925_l40s__500.json,1,500,M,32,band_0.01_0.1,0.15909797501104334,1.5909797501104335,5,0.006353193801792355,0.15436523035289185,0.1752959436323925,-0.002614857294919323,0.005722601403305447,0.45693507386499926
logs/muon_spectra/second_order_audit_20260926/step_spectrum/soaudit_traj_20260926__M_lr0.007_s260925_l40s__500.json,1,500,M,32,band_0.1_inf,1.5909797501104335,inf,24,0.0020072226276741,0.6906169232366001,0.7201714671935626,-0.011698649336975713,0.023510265915935705,0.4975974911898443
logs/muon_spectra/second_order_audit_20260926/step_spectrum/soaudit_traj_20260926__M_lr0.007_s260925_l40s__500.json,1,500,M,40,relative_1e-4,0.0,0.0015909797501104336,1,0.9523001170997819,0.0642738438049691,0.008559566865751994,-0.0010887615621841362,0.00027943025002540706,3.896362552319017
logs/muon_spectra/second_order_audit_20260926/step_spectrum/soaudit_traj_20260926__M_lr0.007_s260925_l40s__500.json,1,500,M,40,relative_1e-3,0.0,0.015909797501104335,1,0.9523001170997819,0.0642738438049691,0.008559566865751994,-0.0010887615621841362,0.00027943025002540706,3.896362552319017
logs/muon_spectra/second_order_audit_20260926/step_spectrum/soaudit_traj_20260926__M_lr0.007_s260925_l40s__500.json,1,500,M,40,relative_1e-2,0.0,0.15909797501104334,3,0.9883850335244203,0.1383768903794536,0.0774271713660142,-0.00234402410717607,0.0025276388622106545,0.9273572036813851
logs/muon_spectra/second_order_audit_20260926/step_spectrum/soaudit_traj_20260926__M_lr0.007_s260925_l40s__500.json,1,500,M,40,absolute_1e-4,0.0,0.0001,0,0.0,-0.0,0.0,0.0,0.0,
logs/muon_spectra/second_order_audit_20260926/step_spectrum/soaudit_traj_20260926__M_lr0.007_s260925_l40s__500.json,1,500,M,40,absolute_1e-3,0.0,0.001,1,0.9523001170997819,0.0642738438049691,0.008559566865751994,-0.0010887615621841362,0.00027943025002540706,3.896362552319017
logs/muon_spectra/second_order_audit_20260926/step_spectrum/soaudit_traj_20260926__M_lr0.007_s260925_l40s__500.json,1,500,M,40,absolute_1e-2,0.0,0.01,1,0.9523001170997819,0.0642738438049691,0.008559566865751994,-0.0010887615621841362,0.00027943025002540706,3.896362552319017
logs/muon_spectra/second_order_audit_20260926/step_spectrum/soaudit_traj_20260926__M_lr0.007_s260925_l40s__500.json,1,500,M,40,shared_muon_relative_1e-4,0.0,0.0015909797501104336,1,0.9523001170997819,0.0642738438049691,0.008559566865751994,-0.0010887615621841362,0.00027943025002540706,3.896362552319017
logs/muon_spectra/second_order_audit_20260926/step_spectrum/soaudit_traj_20260926__M_lr0.007_s260925_l40s__500.json,1,500,M,40,band_0.0001_0.001,0.0015909797501104336,0.015909797501104335,0,0.0,-0.0,0.0,0.0,0.0,
logs/muon_spectra/second_order_audit_20260926/step_spectrum/soaudit_traj_20260926__M_lr0.007_s260925_l40s__500.json,1,500,M,40,band_0.001_0.01,0.015909797501104335,0.15909797501104334,2,0.03608491642463843,0.07410304657448451,0.0688676045002622,-0.0012552625449919338,0.0022482086121852476,0.5583389985201707
logs/muon_spectra/second_order_audit_20260926/step_spectrum/soaudit_traj_20260926__M_lr0.007_s260925_l40s__500.json,1,500,M,40,band_0.01_0.1,0.15909797501104334,1.5909797501104335,7,0.009566345364243388,0.1652855570706991,0.19877120232709183,-0.00279984128331931,0.006488959971367709,0.4314776629341996
logs/muon_spectra/second_order_audit_20260926/step_spectrum/soaudit_traj_20260926__M_lr0.007_s260925_l40s__500.json,1,500,M,40,band_0.1_inf,1.5909797501104335,inf,30,0.0020486211113361352,0.6963375525498472,0.7238016263068939,-0.011795553473076032,0.023628773812956593,0.4992029449538368
logs/muon_spectra/second_order_audit_20260926/step_spectrum/soaudit_traj_20260926__M_lr0.007_s260925_l40s__500.json,1,500,M,48,relative_1e-4,0.0,0.0015909797501104336,1,0.9441340058257432,0.057284911058823995,0.006252124210103124,-0.0009703731029878542,0.00020410292467123976,4.754332180937092
logs/muon_spectra/second_order_audit_20260926/step_spectrum/soaudit_traj_20260926__M_lr0.007_s260925_l40s__500.json,1,500,M,48,relative_1e-3,0.0,0.015909797501104335,2,0.9744230652319933,0.0913337797339035,0.02996439208519286,-0.0015471411513057621,0.0009781987457480048,1.5816225056828312
logs/muon_spectra/second_order_audit_20260926/step_spectrum/soaudit_traj_20260926__M_lr0.007_s260925_l40s__500.json,1,500,M,48,relative_1e-2,0.0,0.15909797501104334,4,0.9900867112974502,0.1517643698398414,0.0905258143951825,-0.002570800229283039,0.0029552489450617946,0.8699098712407402
logs/muon_spectra/second_order_audit_20260926/step_spectrum/soaudit_traj_20260926__M_lr0.007_s260925_l40s__500.json,1,500,M,48,absolute_1e-4,0.0,0.0001,0,0.0,-0.0,0.0,0.0,0.0,
logs/muon_spectra/second_order_audit_20260926/step_spectrum/soaudit_traj_20260926__M_lr0.007_s260925_l40s__500.json,1,500,M,48,absolute_1e-3,0.0,0.001,1,0.9441340058257432,0.057284911058823995,0.006252124210103124,-0.0009703731029878542,0.00020410292467123976,4.754332180937092
logs/muon_spectra/second_order_audit_20260926/step_spectrum/soaudit_traj_20260926__M_lr0.007_s260925_l40s__500.json,1,500,M,48,absolute_1e-2,0.0,0.01,1,0.9441340058257432,0.057284911058823995,0.006252124210103124,-0.0009703731029878542,0.00020410292467123976,4.754332180937092
logs/muon_spectra/second_order_audit_20260926/step_spectrum/soaudit_traj_20260926__M_lr0.007_s260925_l40s__500.json,1,500,M,48,shared_muon_relative_1e-4,0.0,0.0015909797501104336,1,0.9441340058257432,0.057284911058823995,0.006252124210103124,-0.0009703731029878542,0.00020410292467123976,4.754332180937092
logs/muon_spectra/second_order_audit_20260926/step_spectrum/soaudit_traj_20260926__M_lr0.007_s260925_l40s__500.json,1,500,M,48,band_0.0001_0.001,0.0015909797501104336,0.015909797501104335,1,0.03028905940625003,0.03404886867507951,0.02371226787508974,-0.0005767680483179079,0.0007740958210767651,0.7450861154574187
logs/muon_spectra/second_order_audit_20260926/step_spectrum/soaudit_traj_20260926__M_lr0.007_s260925_l40s__500.json,1,500,M,48,band_0.001_0.01,0.015909797501104335,0.15909797501104334,2,0.01566364606545687,0.0604305901059379,0.06056142230998962,-0.0010236590779772769,0.0019770501993137896,0.5177709085649806
logs/muon_spectra/second_order_audit_20260926/step_spectrum/soaudit_traj_20260926__M_lr0.007_s260925_l40s__500.json,1,500,M,48,band_0.01_0.1,0.15909797501104334,1.5909797501104335,8,0.00782600363841383,0.15180201822728331,0.18236504342946236,-0.0025714379710874554,0.0059533748004563375,0.4319294614023545
logs/muon_spectra/second_order_audit_20260926/step_spectrum/soaudit_traj_20260926__M_lr0.007_s260925_l40s__500.json,1,500,M,48,band_0.1_inf,1.5909797501104335,inf,36,0.0020872850641360284,0.6964336119328751,0.7271091421753552,-0.011797180663200924,0.023736748901016867,0.49700069341406483
logs/muon_spectra/second_order_audit_20260926/step_spectrum/soaudit_traj_20260926__PD_a0.25_lr0.01_s260925_ada__100.json,1,100,PD,8,relative_1e-4,0.0,0.022418198242408604,1,0.9995447839294423,0.3178579761992112,0.16063613258471993,-0.011041078847051815,0.006801961543475558,1.6232198280571606
logs/muon_spectra/second_order_audit_20260926/step_spectrum/soaudit_traj_20260926__PD_a0.25_lr0.01_s260925_ada__100.json,1,100,PD,8,relative_1e-3,0.0,0.22418198242408602,1,0.9995447839294423,0.3178579761992112,0.16063613258471993,-0.011041078847051815,0.006801961543475558,1.6232198280571606
logs/muon_spectra/second_order_audit_20260926/step_spectrum/soaudit_traj_20260926__PD_a0.25_lr0.01_s260925_ada__100.json,1,100,PD,8,relative_1e-2,0.0,2.24181982424086,1,0.9995447839294423,0.3178579761992112,0.16063613258471993,-0.011041078847051815,0.006801961543475558,1.6232198280571606
logs/muon_spectra/second_order_audit_20260926/step_spectrum/soaudit_traj_20260926__PD_a0.25_lr0.01_s260925_ada__100.json,1,100,PD,8,absolute_1e-4,0.0,0.0001,0,0.0,-0.0,0.0,0.0,0.0,
logs/muon_spectra/second_order_audit_20260926/step_spectrum/soaudit_traj_20260926__PD_a0.25_lr0.01_s260925_ada__100.json,1,100,PD,8,absolute_1e-3,0.0,0.001,0,0.0,-0.0,0.0,0.0,0.0,
logs/muon_spectra/second_order_audit_20260926/step_spectrum/soaudit_traj_20260926__PD_a0.25_lr0.01_s260925_ada__100.json,1,100,PD,8,absolute_1e-2,0.0,0.01,1,0.9995447839294423,0.3178579761992112,0.16063613258471993,-0.011041078847051815,0.006801961543475558,1.6232198280571606
logs/muon_spectra/second_order_audit_20260926/step_spectrum/soaudit_traj_20260926__PD_a0.25_lr0.01_s260925_ada__100.json,1,100,PD,8,shared_muon_relative_1e-4,0.0,0.0025499344897389684,1,0.9995447839294423,0.3178579761992112,0.16063613258471993,-0.011041078847051815,0.006801961543475558,1.6232198280571606
logs/muon_spectra/second_order_audit_20260926/step_spectrum/soaudit_traj_20260926__PD_a0.25_lr0.01_s260925_ada__100.json,1,100,PD,8,band_0.0001_0.001,0.022418198242408604,0.22418198242408602,0,0.0,-0.0,0.0,0.0,0.0,
logs/muon_spectra/second_order_audit_20260926/step_spectrum/soaudit_traj_20260926__PD_a0.25_lr0.01_s260925_ada__100.json,1,100,PD,8,band_0.001_0.01,0.22418198242408602,2.24181982424086,0,0.0,-0.0,0.0,0.0,0.0,
logs/muon_spectra/second_order_audit_20260926/step_spectrum/soaudit_traj_20260926__PD_a0.25_lr0.01_s260925_ada__100.json,1,100,PD,8,band_0.01_0.1,2.24181982424086,22.418198242408604,1,0.00035693500748310383,0.18156840143217887,0.21542831851319225,-0.006306939534181862,0.009122076797569288,0.6913929441881523
logs/muon_spectra/second_order_audit_20260926/step_spectrum/soaudit_traj_20260926__PD_a0.25_lr0.01_s260925_ada__100.json,1,100,PD,8,band_0.1_inf,22.418198242408604,inf,6,9.828106307460513e-05,0.5005736223686098,0.6239355489020879,-0.017387868945161544,0.026419869184792697,0.6581360726483089
logs/muon_spectra/second_order_audit_20260926/step_spectrum/soaudit_traj_20260926__PD_a0.25_lr0.01_s260925_ada__100.json,1,100,PD,16,relative_1e-4,0.0,0.022418198242408604,1,0.9986280615793123,0.275159924248389,0.07851879036377073,-0.009557924125431484,0.0033247923982041316,2.8747431360208067
logs/muon_spectra/second_order_audit_20260926/step_spectrum/soaudit_traj_20260926__PD_a0.25_lr0.01_s260925_ada__100.json,1,100,PD,16,relative_1e-3,0.0,0.22418198242408602,1,0.9986280615793123,0.275159924248389,0.07851879036377073,-0.009557924125431484,0.0033247923982041316,2.8747431360208067
logs/muon_spectra/second_order_audit_20260926/step_spectrum/soaudit_traj_20260926__PD_a0.25_lr0.01_s260925_ada__100.json,1,100,PD,16,relative_1e-2,0.0,2.24181982424086,2,0.9996599960793501,0.3644930723415375,0.21620467438203184,-0.01266099029210727,0.009154950738686572,1.3829665121631989
logs/muon_spectra/second_order_audit_20260926/step_spectrum/soaudit_traj_20260926__PD_a0.25_lr0.01_s260925_ada__100.json,1,100,PD,16,absolute_1e-4,0.0,0.0001,0,0.0,-0.0,0.0,0.0,0.0,
logs/muon_spectra/second_order_audit_20260926/step_spectrum/soaudit_traj_20260926__PD_a0.25_lr0.01_s260925_ada__100.json,1,100,PD,16,absolute_1e-3,0.0,0.001,1,0.9986280615793123,0.275159924248389,0.07851879036377073,-0.009557924125431484,0.0033247923982041316,2.8747431360208067
logs/muon_spectra/second_order_audit_20260926/step_spectrum/soaudit_traj_20260926__PD_a0.25_lr0.01_s260925_ada__100.json,1,100,PD,16,absolute_1e-2,0.0,0.01,1,0.9986280615793123,0.275159924248389,0.07851879036377073,-0.009557924125431484,0.0033247923982041316,2.8747431360208067
logs/muon_spectra/second_order_audit_20260926/step_spectrum/soaudit_traj_20260926__PD_a0.25_lr0.01_s260925_ada__100.json,1,100,PD,16,shared_muon_relative_1e-4,0.0,0.0025499344897389684,1,0.9986280615793123,0.275159924248389,0.07851879036377073,-0.009557924125431484,0.0033247923982041316,2.8747431360208067
logs/muon_spectra/second_order_audit_20260926/step_spectrum/soaudit_traj_20260926__PD_a0.25_lr0.01_s260925_ada__100.json,1,100,PD,16,band_0.0001_0.001,0.022418198242408604,0.22418198242408602,0,0.0,-0.0,0.0,0.0,0.0,
logs/muon_spectra/second_order_audit_20260926/step_spectrum/soaudit_traj_20260926__PD_a0.25_lr0.01_s260925_ada__100.json,1,100,PD,16,band_0.001_0.01,0.22418198242408602,2.24181982424086,1,0.0010319345000378505,0.08933314809314853,0.1376858840182611,-0.003103066166675786,0.00583015834048244,0.5322438920962497
logs/muon_spectra/second_order_audit_20260926/step_spectrum/soaudit_traj_20260926__PD_a0.25_lr0.01_s260925_ada__100.json,1,100,PD,16,band_0.01_0.1,2.24181982424086,22.418198242408604,2,0.0002459219312535596,0.15908953393636463,0.17313204756868836,-0.005526116125622291,0.0073310874120074455,0.7537921477475733
logs/muon_spectra/second_order_audit_20260926/step_spectrum/soaudit_traj_20260926__PD_a0.25_lr0.01_s260925_ada__100.json,1,100,PD,16,band_0.1_inf,22.418198242408604,inf,12,9.408198939623941e-05,0.4764173937220978,0.6106632780492798,-0.01654878090866566,0.025857869375143522,0.6399901193937332
logs/muon_spectra/second_order_audit_20260926/step_spectrum/soaudit_traj_20260926__PD_a0.25_lr0.01_s260925_ada__100.json,1,100,PD,24,relative_1e-4,0.0,0.022418198242408604,1,0.9975468059512175,0.25951419304055723,0.049815382154023195,-0.009014455769057178,0.0021093779352942188,4.273513825202609
logs/muon_spectra/second_order_audit_20260926/step_spectrum/soaudit_traj_20260926__PD_a0.25_lr0.01_s260925_ada__100.json,1,100,PD,24,relative_1e-3,0.0,0.22418198242408602,1,0.9975468059512175,0.25951419304055723,0.049815382154023195,-0.009014455769057178,0.0021093779352942188,4.273513825202609
logs/muon_spectra/second_order_audit_20260926/step_spectrum/soaudit_traj_20260926__PD_a0.25_lr0.01_s260925_ada__100.json,1,100,PD,24,relative_1e-2,0.0,2.24181982424086,2,0.9993213112988598,0.31989131257431674,0.1466163257275785,-0.011111708590274147,0.006208308138386667,1.7898126740148743
logs/muon_spectra/second_order_audit_20260926/step_spectrum/soaudit_traj_20260926__PD_a0.25_lr0.01_s260925_ada__100.json,1,100,PD,24,absolute_1e-4,0.0,0.0001,0,0.0,-0.0,0.0,0.0,0.0,
logs/muon_spectra/second_order_audit_20260926/step_spectrum/soaudit_traj_20260926__PD_a0.25_lr0.01_s260925_ada__100.json,1,100,PD,24,absolute_1e-3,0.0,0.001,1,0.9975468059512175,0.25951419304055723,0.049815382154023195,-0.009014455769057178,0.0021093779352942188,4.273513825202609
logs/muon_spectra/second_order_audit_20260926/step_spectrum/soaudit_traj_20260926__PD_a0.25_lr0.01_s260925_ada__100.json,1,100,PD,24,absolute_1e-2,0.0,0.01,1,0.9975468059512175,0.25951419304055723,0.049815382154023195,-0.009014455769057178,0.0021093779352942188,4.273513825202609
logs/muon_spectra/second_order_audit_20260926/step_spectrum/soaudit_traj_20260926__PD_a0.25_lr0.01_s260925_ada__100.json,1,100,PD,24,shared_muon_relative_1e-4,0.0,0.0025499344897389684,1,0.9975468059512175,0.25951419304055723,0.049815382154023195,-0.009014455769057178,0.0021093779352942188,4.273513825202609
logs/muon_spectra/second_order_audit_20260926/step_spectrum/soaudit_traj_20260926__PD_a0.25_lr0.01_s260925_ada__100.json,1,100,PD,24,band_0.0001_0.001,0.022418198242408604,0.22418198242408602,0,0.0,-0.0,0.0,0.0,0.0,
logs/muon_spectra/second_order_audit_20260926/step_spectrum/soaudit_traj_20260926__PD_a0.25_lr0.01_s260925_ada__100.json,1,100,PD,24,band_0.001_0.01,0.22418198242408602,2.24181982424086,1,0.001774505347642377,0.06037711953375952,0.09680094357355529,-0.0020972528212169677,0.004098930203092448,0.5116585834115179
logs/muon_spectra/second_order_audit_20260926/step_spectrum/soaudit_traj_20260926__PD_a0.25_lr0.01_s260925_ada__100.json,1,100,PD,24,band_0.01_0.1,2.24181982424086,22.418198242408604,4,0.0005855222900898457,0.2065141465635474,0.2452420459347841,-0.007173452126338055,0.010384506514509714,0.6907841134593131
logs/muon_spectra/second_order_audit_20260926/step_spectrum/soaudit_traj_20260926__PD_a0.25_lr0.01_s260925_ada__100.json,1,100,PD,24,band_0.1_inf,22.418198242408604,inf,18,9.316641105033481e-05,0.4735945408621358,0.6081416283376376,-0.016450726609783035,0.025751092872941223,0.6388360560444081
logs/muon_spectra/second_order_audit_20260926/step_spectrum/soaudit_traj_20260926__PD_a0.25_lr0.01_s260925_ada__100.json,1,100,PD,32,relative_1e-4,0.0,0.022418198242408604,1,0.9962302482193645,0.2383672795272544,0.03398250563190135,-0.00827989896395807,0.0014389520759734865,5.754117251164543
logs/muon_spectra/second_order_audit_20260926/step_spectrum/soaudit_traj_20260926__PD_a0.25_lr0.01_s260925_ada__100.json,1,100,PD,32,relative_1e-3,0.0,0.22418198242408602,1,0.9962302482193645,0.2383672795272544,0.03398250563190135,-0.00827989896395807,0.0014389520759734865,5.754117251164543
logs/muon_spectra/second_order_audit_20260926/step_spectrum/soaudit_traj_20260926__PD_a0.25_lr0.01_s260925_ada__100.json,1,100,PD,32,relative_1e-2,0.0,2.24181982424086,3,0.9994505971035993,0.3280402461260896,0.16941190486833435,-0.011394769027958815,0.007173562033520748,1.5884394635068513
logs/muon_spectra/second_order_audit_20260926/step_spectrum/soaudit_traj_20260926__PD_a0.25_lr0.01_s260925_ada__100.json,1,100,PD,32,absolute_1e-4,0.0,0.0001,0,0.0,-0.0,0.0,0.0,0.0,
logs/muon_spectra/second_order_audit_20260926/step_spectrum/soaudit_traj_20260926__PD_a0.25_lr0.01_s260925_ada__100.json,1,100,PD,32,absolute_1e-3,0.0,0.001,1,0.9962302482193645,0.2383672795272544,0.03398250563190135,-0.00827989896395807,0.0014389520759734865,5.754117251164543
logs/muon_spectra/second_order_audit_20260926/step_spectrum/soaudit_traj_20260926__PD_a0.25_lr0.01_s260925_ada__100.json,1,100,PD,32,absolute_1e-2,0.0,0.01,1,0.9962302482193645,0.2383672795272544,0.03398250563190135,-0.00827989896395807,0.0014389520759734865,5.754117251164543
logs/muon_spectra/second_order_audit_20260926/step_spectrum/soaudit_traj_20260926__PD_a0.25_lr0.01_s260925_ada__100.json,1,100,PD,32,shared_muon_relative_1e-4,0.0,0.0025499344897389684,1,0.9962302482193645,0.2383672795272544,0.03398250563190135,-0.00827989896395807,0.0014389520759734865,5.754117251164543
logs/muon_spectra/second_order_audit_20260926/step_spectrum/soaudit_traj_20260926__PD_a0.25_lr0.01_s260925_ada__100.json,1,100,PD,32,band_0.0001_0.001,0.022418198242408604,0.22418198242408602,0,0.0,-0.0,0.0,0.0,0.0,
logs/muon_spectra/second_order_audit_20260926/step_spectrum/soaudit_traj_20260926__PD_a0.25_lr0.01_s260925_ada__100.json,1,100,PD,32,band_0.001_0.01,0.22418198242408602,2.24181982424086,2,0.0032203488842347653,0.08967296659883521,0.135429399236433,-0.0031148700640007444,0.005734609957547261,0.5431703441140397
logs/muon_spectra/second_order_audit_20260926/step_spectrum/soaudit_traj_20260926__PD_a0.25_lr0.01_s260925_ada__100.json,1,100,PD,32,band_0.01_0.1,2.24181982424086,22.418198242408604,6,0.0004659003917658552,0.21472702196565602,0.2410861600720705,-0.0074587336409314255,0.010208530067851038,0.7306373778944589
logs/muon_spectra/second_order_audit_20260926/step_spectrum/soaudit_traj_20260926__PD_a0.25_lr0.01_s260925_ada__100.json,1,100,PD,32,band_0.1_inf,22.418198242408604,inf,23,8.350250463497831e-05,0.4572327319082542,0.589501935059595,-0.015882384657505005,0.024961815424465822,0.6362672100338586
logs/muon_spectra/second_order_audit_20260926/step_spectrum/soaudit_traj_20260926__PD_a0.25_lr0.01_s260925_ada__100.json,1,100,PD,40,relative_1e-4,0.0,0.022418198242408604,1,0.9947250695645091,0.22020219626504237,0.024345023567984427,-0.007648918678487275,0.001030863426677069,7.41991468563701
logs/muon_spectra/second_order_audit_20260926/step_spectrum/soaudit_traj_20260926__PD_a0.25_lr0.01_s260925_ada__100.json,1,100,PD,40,relative_1e-3,0.0,0.22418198242408602,2,0.9983713756623664,0.2909033115794166,0.08132573546739894,-0.010104784653897855,0.0034436494221022703,2.9343244376278905
logs/muon_spectra/second_order_audit_20260926/step_spectrum/soaudit_traj_20260926__PD_a0.25_lr0.01_s260925_ada__100.json,1,100,PD,40,relative_1e-2,0.0,2.24181982424086,4,0.9994830817561742,0.3334363948945239,0.17648110706229087,-0.011582209043575601,0.0074728996775030865,1.549894892667093
logs/muon_spectra/second_order_audit_20260926/step_spectrum/soaudit_traj_20260926__PD_a0.25_lr0.01_s260925_ada__100.json,1,100,PD,40,absolute_1e-4,0.0,0.0001,0,0.0,-0.0,0.0,0.0,0.0,
logs/muon_spectra/second_order_audit_20260926/step_spectrum/soaudit_traj_20260926__PD_a0.25_lr0.01_s260925_ada__100.json,1,100,PD,40,absolute_1e-3,0.0,0.001,1,0.9947250695645091,0.22020219626504237,0.024345023567984427,-0.007648918678487275,0.001030863426677069,7.41991468563701
logs/muon_spectra/second_order_audit_20260926/step_spectrum/soaudit_traj_20260926__PD_a0.25_lr0.01_s260925_ada__100.json,1,100,PD,40,absolute_1e-2,0.0,0.01,1,0.9947250695645091,0.22020219626504237,0.024345023567984427,-0.007648918678487275,0.001030863426677069,7.41991468563701
logs/muon_spectra/second_order_audit_20260926/step_spectrum/soaudit_traj_20260926__PD_a0.25_lr0.01_s260925_ada__100.json,1,100,PD,40,shared_muon_relative_1e-4,0.0,0.0025499344897389684,1,0.9947250695645091,0.22020219626504237,0.024345023567984427,-0.007648918678487275,0.001030863426677069,7.41991468563701
logs/muon_spectra/second_order_audit_20260926/step_spectrum/soaudit_traj_20260926__PD_a0.25_lr0.01_s260925_ada__100.json,1,100,PD,40,band_0.0001_0.001,0.022418198242408604,0.22418198242408602,1,0.0036463060978572538,0.07070111531437429,0.05698071189941451,-0.00245586597541058,0.0024127859954252012,1.017854869875348
logs/muon_spectra/second_order_audit_20260926/step_spectrum/soaudit_traj_20260926__PD_a0.25_lr0.01_s260925_ada__100.json,1,100,PD,40,band_0.001_0.01,0.22418198242408602,2.24181982424086,2,0.0011117060938077954,0.04253308331510724,0.0951553715948919,-0.0014774243896777451,0.004029250255400815,0.3666747647896535
logs/muon_spectra/second_order_audit_20260926/step_spectrum/soaudit_traj_20260926__PD_a0.25_lr0.01_s260925_ada__100.json,1,100,PD,40,band_0.01_0.1,2.24181982424086,22.418198242408604,8,0.00043440987659552606,0.21091928336573326,0.23617412503680163,-0.007326468461956134,0.010000535310553931,0.7326076289360474
logs/muon_spectra/second_order_audit_20260926/step_spectrum/soaudit_traj_20260926__PD_a0.25_lr0.01_s260925_ada__100.json,1,100,PD,40,band_0.1_inf,22.418198242408604,inf,28,8.250836723024792e-05,0.4556443217397428,0.5873447679009074,-0.015827209820863473,0.02487047253778056,0.6363855691451166
logs/muon_spectra/second_order_audit_20260926/step_spectrum/soaudit_traj_20260926__PD_a0.25_lr0.01_s260925_ada__100.json,1,100,PD,48,relative_1e-4,0.0,0.022418198242408604,1,0.993213592798541,0.208546824592609,0.018524304939346096,-0.007244059001326374,0.0007843914553320874,9.23525996118795
logs/muon_spectra/second_order_audit_20260926/step_spectrum/soaudit_traj_20260926__PD_a0.25_lr0.01_s260925_ada__100.json,1,100,PD,48,relative_1e-3,0.0,0.22418198242408602,2,0.9978016650869513,0.27632312524067537,0.06465810655247223,-0.009598328944037494,0.002737876884653637,3.5057562295215323
logs/muon_spectra/second_order_audit_20260926/step_spectrum/soaudit_traj_20260926__PD_a0.25_lr0.01_s260925_ada__100.json,1,100,PD,48,relative_1e-2,0.0,2.24181982424086,5,0.9995007299963299,0.33564503782931976,0.1804472573987825,-0.011658928215702911,0.007640841980585058,1.5258695632402266
logs/muon_spectra/second_order_audit_20260926/step_spectrum/soaudit_traj_20260926__PD_a0.25_lr0.01_s260925_ada__100.json,1,100,PD,48,absolute_1e-4,0.0,0.0001,0,0.0,-0.0,0.0,0.0,0.0,
logs/muon_spectra/second_order_audit_20260926/step_spectrum/soaudit_traj_20260926__PD_a0.25_lr0.01_s260925_ada__100.json,1,100,PD,48,absolute_1e-3,0.0,0.001,1,0.993213592798541,0.208546824592609,0.018524304939346096,-0.007244059001326374,0.0007843914553320874,9.23525996118795
logs/muon_spectra/second_order_audit_20260926/step_spectrum/soaudit_traj_20260926__PD_a0.25_lr0.01_s260925_ada__100.json,1,100,PD,48,absolute_1e-2,0.0,0.01,1,0.993213592798541,0.208546824592609,0.018524304939346096,-0.007244059001326374,0.0007843914553320874,9.23525996118795
logs/muon_spectra/second_order_audit_20260926/step_spectrum/soaudit_traj_20260926__PD_a0.25_lr0.01_s260925_ada__100.json,1,100,PD,48,shared_muon_relative_1e-4,0.0,0.0025499344897389684,1,0.993213592798541,0.208546824592609,0.018524304939346096,-0.007244059001326374,0.0007843914553320874,9.23525996118795
logs/muon_spectra/second_order_audit_20260926/step_spectrum/soaudit_traj_20260926__PD_a0.25_lr0.01_s260925_ada__100.json,1,100,PD,48,band_0.0001_0.001,0.022418198242408604,0.22418198242408602,1,0.004588072288410403,0.06777630064806636,0.046133801613126135,-0.00235426994271112,0.0019534854293215497,1.20516380996441
logs/muon_spectra/second_order_audit_20260926/step_spectrum/soaudit_traj_20260926__PD_a0.25_lr0.01_s260925_ada__100.json,1,100,PD,48,band_0.001_0.01,0.22418198242408602,2.24181982424086,3,0.0016990649093784104,0.05932191258864441,0.1157891508463103,-0.0020605992716654182,0.004902965095931421,0.42027614542378544
logs/muon_spectra/second_order_audit_20260926/step_spectrum/soaudit_traj_20260926__PD_a0.25_lr0.01_s260925_ada__100.json,1,100,PD,48,band_0.01_0.1,2.24181982424086,22.418198242408604,10,0.0004156105532575949,0.20924063808134818,0.22994574531065315,-0.007268159228496751,0.009736801375394098,0.7464627189442459
logs/muon_spectra/second_order_audit_20260926/step_spectrum/soaudit_traj_20260926__PD_a0.25_lr0.01_s260925_ada__100.json,1,100,PD,48,band_0.1_inf,22.418198242408604,inf,33,8.36594504125518e-05,0.45511432408933195,0.5896069972905643,-0.01580879988219555,0.024966264169858424,0.6332064651178926
logs/muon_spectra/second_order_audit_20260926/step_spectrum/soaudit_traj_20260926__PD_a0.25_lr0.01_s260925_ada__1300.json,1,1300,PD,8,relative_1e-4,0.0,0.01898286903601023,1,0.9998373640284509,0.2633690756176751,0.26389331533611704,-0.002195621224745859,0.003195699830182358,0.6870548992145389
logs/muon_spectra/second_order_audit_20260926/step_spectrum/soaudit_traj_20260926__PD_a0.25_lr0.01_s260925_ada__1300.json,1,1300,PD,8,relative_1e-3,0.0,0.1898286903601023,1,0.9998373640284509,0.2633690756176751,0.26389331533611704,-0.002195621224745859,0.003195699830182358,0.6870548992145389
logs/muon_spectra/second_order_audit_20260926/step_spectrum/soaudit_traj_20260926__PD_a0.25_lr0.01_s260925_ada__1300.json,1,1300,PD,8,relative_1e-2,0.0,1.8982869036010228,1,0.9998373640284509,0.2633690756176751,0.26389331533611704,-0.002195621224745859,0.003195699830182358,0.6870548992145389
logs/muon_spectra/second_order_audit_20260926/step_spectrum/soaudit_traj_20260926__PD_a0.25_lr0.01_s260925_ada__1300.json,1,1300,PD,8,absolute_1e-4,0.0,0.0001,0,0.0,-0.0,0.0,0.0,0.0,
logs/muon_spectra/second_order_audit_20260926/step_spectrum/soaudit_traj_20260926__PD_a0.25_lr0.01_s260925_ada__1300.json,1,1300,PD,8,absolute_1e-3,0.0,0.001,1,0.9998373640284509,0.2633690756176751,0.26389331533611704,-0.002195621224745859,0.003195699830182358,0.6870548992145389
logs/muon_spectra/second_order_audit_20260926/step_spectrum/soaudit_traj_20260926__PD_a0.25_lr0.01_s260925_ada__1300.json,1,1300,PD,8,absolute_1e-2,0.0,0.01,1,0.9998373640284509,0.2633690756176751,0.26389331533611704,-0.002195621224745859,0.003195699830182358,0.6870548992145389
logs/muon_spectra/second_order_audit_20260926/step_spectrum/soaudit_traj_20260926__PD_a0.25_lr0.01_s260925_ada__1300.json,1,1300,PD,8,shared_muon_relative_1e-4,0.0,0.001564682775046903,1,0.9998373640284509,0.2633690756176751,0.26389331533611704,-0.002195621224745859,0.003195699830182358,0.6870548992145389
logs/muon_spectra/second_order_audit_20260926/step_spectrum/soaudit_traj_20260926__PD_a0.25_lr0.01_s260925_ada__1300.json,1,1300,PD,8,band_0.0001_0.001,0.01898286903601023,0.1898286903601023,0,0.0,-0.0,0.0,0.0,0.0,
logs/muon_spectra/second_order_audit_20260926/step_spectrum/soaudit_traj_20260926__PD_a0.25_lr0.01_s260925_ada__1300.json,1,1300,PD,8,band_0.001_0.01,0.1898286903601023,1.8982869036010228,0,0.0,-0.0,0.0,0.0,0.0,
logs/muon_spectra/second_order_audit_20260926/step_spectrum/soaudit_traj_20260926__PD_a0.25_lr0.01_s260925_ada__1300.json,1,1300,PD,8,band_0.01_0.1,1.8982869036010228,18.98286903601023,1,0.00012851251317265086,0.23339706860439025,0.20691171225011637,-0.0019457544756134352,0.0025056630284789206,0.7765427567467516
logs/muon_spectra/second_order_audit_20260926/step_spectrum/soaudit_traj_20260926__PD_a0.25_lr0.01_s260925_ada__1300.json,1,1300,PD,8,band_0.1_inf,18.98286903601023,inf,6,3.41234583763875e-05,0.5032338557779346,0.5291949724137667,-0.00419529488101593,0.006408454421522733,0.6546500302672158
logs/muon_spectra/second_order_audit_20260926/step_spectrum/soaudit_traj_20260926__PD_a0.25_lr0.01_s260925_ada__1300.json,1,1300,PD,16,relative_1e-4,0.0,0.01898286903601023,1,0.9994001208064902,0.2194069289880656,0.17074722046294924,-0.0018291232902446887,0.0020677176409056104,0.8846098007093351
logs/muon_spectra/second_order_audit_20260926/step_spectrum/soaudit_traj_20260926__PD_a0.25_lr0.01_s260925_ada__1300.json,1,1300,PD,16,relative_1e-3,0.0,0.1898286903601023,1,0.9994001208064902,0.2194069289880656,0.17074722046294924,-0.0018291232902446887,0.0020677176409056104,0.8846098007093351
logs/muon_spectra/second_order_audit_20260926/step_spectrum/soaudit_traj_20260926__PD_a0.25_lr0.01_s260925_ada__1300.json,1,1300,PD,16,relative_1e-2,0.0,1.8982869036010228,2,0.9998836915726284,0.3147725953622085,0.31890915285885807,-0.0026241554355792497,0.0038619315700990416,0.6794929915114865
logs/muon_spectra/second_order_audit_20260926/step_spectrum/soaudit_traj_20260926__PD_a0.25_lr0.01_s260925_ada__1300.json,1,1300,PD,16,absolute_1e-4,0.0,0.0001,0,0.0,-0.0,0.0,0.0,0.0,
logs/muon_spectra/second_order_audit_20260926/step_spectrum/soaudit_traj_20260926__PD_a0.25_lr0.01_s260925_ada__1300.json,1,1300,PD,16,absolute_1e-3,0.0,0.001,1,0.9994001208064902,0.2194069289880656,0.17074722046294924,-0.0018291232902446887,0.0020677176409056104,0.8846098007093351
logs/muon_spectra/second_order_audit_20260926/step_spectrum/soaudit_traj_20260926__PD_a0.25_lr0.01_s260925_ada__1300.json,1,1300,PD,16,absolute_1e-2,0.0,0.01,1,0.9994001208064902,0.2194069289880656,0.17074722046294924,-0.0018291232902446887,0.0020677176409056104,0.8846098007093351
logs/muon_spectra/second_order_audit_20260926/step_spectrum/soaudit_traj_20260926__PD_a0.25_lr0.01_s260925_ada__1300.json,1,1300,PD,16,shared_muon_relative_1e-4,0.0,0.001564682775046903,1,0.9994001208064902,0.2194069289880656,0.17074722046294924,-0.0018291232902446887,0.0020677176409056104,0.8846098007093351
logs/muon_spectra/second_order_audit_20260926/step_spectrum/soaudit_traj_20260926__PD_a0.25_lr0.01_s260925_ada__1300.json,1,1300,PD,16,band_0.0001_0.001,0.01898286903601023,0.1898286903601023,0,0.0,-0.0,0.0,0.0,0.0,
logs/muon_spectra/second_order_audit_20260926/step_spectrum/soaudit_traj_20260926__PD_a0.25_lr0.01_s260925_ada__1300.json,1,1300,PD,16,band_0.001_0.01,0.1898286903601023,1.8982869036010228,1,0.0004835707661381882,0.09536566637414286,0.14816193239590886,-0.000795032145334561,0.0017942139291934314,0.44310889153110006
logs/muon_spectra/second_order_audit_20260926/step_spectrum/soaudit_traj_20260926__PD_a0.25_lr0.01_s260925_ada__1300.json,1,1300,PD,16,band_0.01_0.1,1.8982869036010228,18.98286903601023,2,8.623135601118064e-05,0.2105512098425789,0.1767682955993793,-0.0017552960769675885,0.0021406317606380374,0.8199897381903762
logs/muon_spectra/second_order_audit_20260926/step_spectrum/soaudit_traj_20260926__PD_a0.25_lr0.01_s260925_ada__1300.json,1,1300,PD,16,band_0.1_inf,18.98286903601023,inf,12,3.00770713604376e-05,0.47467619479521267,0.5043225515417628,-0.003957219068828384,0.006107253949446927,0.6479539088409365
logs/muon_spectra/second_order_audit_20260926/step_spectrum/soaudit_traj_20260926__PD_a0.25_lr0.01_s260925_ada__1300.json,1,1300,PD,24,relative_1e-4,0.0,0.01898286903601023,1,0.9986239368889854,0.19521247190195756,0.12044201252971626,-0.0016274220716225873,0.0014585307645924963,1.11579550540182
logs/muon_spectra/second_order_audit_20260926/step_spectrum/soaudit_traj_20260926__PD_a0.25_lr0.01_s260925_ada__1300.json,1,1300,PD,24,relative_1e-3,0.0,0.1898286903601023,1,0.9986239368889854,0.19521247190195756,0.12044201252971626,-0.0016274220716225873,0.0014585307645924963,1.11579550540182
logs/muon_spectra/second_order_audit_20260926/step_spectrum/soaudit_traj_20260926__PD_a0.25_lr0.01_s260925_ada__1300.json,1,1300,PD,24,relative_1e-2,0.0,1.8982869036010228,2,0.9997885012963319,0.2757496794026173,0.2648193713253547,-0.0022988342400994495,0.0032069141990032453,0.7168368398549484
logs/muon_spectra/second_order_audit_20260926/step_spectrum/soaudit_traj_20260926__PD_a0.25_lr0.01_s260925_ada__1300.json,1,1300,PD,24,absolute_1e-4,0.0,0.0001,0,0.0,-0.0,0.0,0.0,0.0,
logs/muon_spectra/second_order_audit_20260926/step_spectrum/soaudit_traj_20260926__PD_a0.25_lr0.01_s260925_ada__1300.json,1,1300,PD,24,absolute_1e-3,0.0,0.001,1,0.9986239368889854,0.19521247190195756,0.12044201252971626,-0.0016274220716225873,0.0014585307645924963,1.11579550540182
logs/muon_spectra/second_order_audit_20260926/step_spectrum/soaudit_traj_20260926__PD_a0.25_lr0.01_s260925_ada__1300.json,1,1300,PD,24,absolute_1e-2,0.0,0.01,1,0.9986239368889854,0.19521247190195756,0.12044201252971626,-0.0016274220716225873,0.0014585307645924963,1.11579550540182
logs/muon_spectra/second_order_audit_20260926/step_spectrum/soaudit_traj_20260926__PD_a0.25_lr0.01_s260925_ada__1300.json,1,1300,PD,24,shared_muon_relative_1e-4,0.0,0.001564682775046903,1,0.9986239368889854,0.19521247190195756,0.12044201252971626,-0.0016274220716225873,0.0014585307645924963,1.11579550540182
logs/muon_spectra/second_order_audit_20260926/step_spectrum/soaudit_traj_20260926__PD_a0.25_lr0.01_s260925_ada__1300.json,1,1300,PD,24,band_0.0001_0.001,0.01898286903601023,0.1898286903601023,0,0.0,-0.0,0.0,0.0,0.0,
logs/muon_spectra/second_order_audit_20260926/step_spectrum/soaudit_traj_20260926__PD_a0.25_lr0.01_s260925_ada__1300.json,1,1300,PD,24,band_0.001_0.01,0.1898286903601023,1.8982869036010228,1,0.0011645644073465034,0.08053720750065974,0.14437735879563846,-0.0006714121684768622,0.0017483834344107487,0.38401883434862544
logs/muon_spectra/second_order_audit_20260926/step_spectrum/soaudit_traj_20260926__PD_a0.25_lr0.01_s260925_ada__1300.json,1,1300,PD,24,band_0.01_0.1,1.8982869036010228,18.98286903601023,4,0.00018159593658836028,0.2508442157386152,0.23275300383295489,-0.0020912055938562537,0.002818596347831051,0.7419315630155646
logs/muon_spectra/second_order_audit_20260926/step_spectrum/soaudit_traj_20260926__PD_a0.25_lr0.01_s260925_ada__1300.json,1,1300,PD,24,band_0.1_inf,18.98286903601023,inf,18,2.990276707976673e-05,0.4734061048587674,0.5024276248416903,-0.003946630747419521,0.0060843067333497085,0.6486574264553404
logs/muon_spectra/second_order_audit_20260926/step_spectrum/soaudit_traj_20260926__PD_a0.25_lr0.01_s260925_ada__1300.json,1,1300,PD,32,relative_1e-4,0.0,0.01898286903601023,1,0.9976782020990443,0.16781647583573134,0.091316916148835,-0.0013990306771698075,0.001105831169152276,1.265139486204116
logs/muon_spectra/second_order_audit_20260926/step_spectrum/soaudit_traj_20260926__PD_a0.25_lr0.01_s260925_ada__1300.json,1,1300,PD,32,relative_1e-3,0.0,0.1898286903601023,1,0.9976782020990443,0.16781647583573134,0.091316916148835,-0.0013990306771698075,0.001105831169152276,1.265139486204116
logs/muon_spectra/second_order_audit_20260926/step_spectrum/soaudit_traj_20260926__PD_a0.25_lr0.01_s260925_ada__1300.json,1,1300,PD,32,relative_1e-2,0.0,1.8982869036010228,3,0.9998386199582977,0.28611106563411637,0.2898852100859351,-0.0023852137038778537,0.003510456926368428,0.6794596127819065
logs/muon_spectra/second_order_audit_20260926/step_spectrum/soaudit_traj_20260926__PD_a0.25_lr0.01_s260925_ada__1300.json,1,1300,PD,32,absolute_1e-4,0.0,0.0001,0,0.0,-0.0,0.0,0.0,0.0,
logs/muon_spectra/second_order_audit_20260926/step_spectrum/soaudit_traj_20260926__PD_a0.25_lr0.01_s260925_ada__1300.json,1,1300,PD,32,absolute_1e-3,0.0,0.001,1,0.9976782020990443,0.16781647583573134,0.091316916148835,-0.0013990306771698075,0.001105831169152276,1.265139486204116
logs/muon_spectra/second_order_audit_20260926/step_spectrum/soaudit_traj_20260926__PD_a0.25_lr0.01_s260925_ada__1300.json,1,1300,PD,32,absolute_1e-2,0.0,0.01,1,0.9976782020990443,0.16781647583573134,0.091316916148835,-0.0013990306771698075,0.001105831169152276,1.265139486204116
logs/muon_spectra/second_order_audit_20260926/step_spectrum/soaudit_traj_20260926__PD_a0.25_lr0.01_s260925_ada__1300.json,1,1300,PD,32,shared_muon_relative_1e-4,0.0,0.001564682775046903,1,0.9976782020990443,0.16781647583573134,0.091316916148835,-0.0013990306771698075,0.001105831169152276,1.265139486204116
logs/muon_spectra/second_order_audit_20260926/step_spectrum/soaudit_traj_20260926__PD_a0.25_lr0.01_s260925_ada__1300.json,1,1300,PD,32,band_0.0001_0.001,0.01898286903601023,0.1898286903601023,0,0.0,-0.0,0.0,0.0,0.0,
logs/muon_spectra/second_order_audit_20260926/step_spectrum/soaudit_traj_20260926__PD_a0.25_lr0.01_s260925_ada__1300.json,1,1300,PD,32,band_0.001_0.01,0.1898286903601023,1.8982869036010228,2,0.00216041785925326,0.11829458979838504,0.19856829393710013,-0.0009861830267080462,0.0024046257572161523,0.4101191313236848
logs/muon_spectra/second_order_audit_20260926/step_spectrum/soaudit_traj_20260926__PD_a0.25_lr0.01_s260925_ada__1300.json,1,1300,PD,32,band_0.01_0.1,1.8982869036010228,18.98286903601023,6,0.00013651938599184332,0.2618391133061929,0.2365902993252446,-0.002182866432953112,0.0028650652950927536,0.7618906405700062
logs/muon_spectra/second_order_audit_20260926/step_spectrum/soaudit_traj_20260926__PD_a0.25_lr0.01_s260925_ada__1300.json,1,1300,PD,32,band_0.1_inf,18.98286903601023,inf,23,2.4860655710527758e-05,0.45204982105969077,0.4735244905888203,-0.003768590444544258,0.005734295058722825,0.6572020459274414
logs/muon_spectra/second_order_audit_20260926/step_spectrum/soaudit_traj_20260926__PD_a0.25_lr0.01_s260925_ada__1300.json,1,1300,PD,40,relative_1e-4,0.0,0.01898286903601023,1,0.9966314065866065,0.15028426816079085,0.07242394530531666,-0.0012528704372195706,0.0008770407443574251,1.428520220160925
logs/muon_spectra/second_order_audit_20260926/step_spectrum/soaudit_traj_20260926__PD_a0.25_lr0.01_s260925_ada__1300.json,1,1300,PD,40,relative_1e-3,0.0,0.1898286903601023,2,0.9994269887030928,0.2465148751339523,0.19554294799194338,-0.002055113307400607,0.0023679893706109586,0.8678726910291716
logs/muon_spectra/second_order_audit_20260926/step_spectrum/soaudit_traj_20260926__PD_a0.25_lr0.01_s260925_ada__1300.json,1,1300,PD,40,relative_1e-2,0.0,1.8982869036010228,4,0.9998571986480493,0.29856259184027995,0.30202011610875723,-0.0024890179760940004,0.0036574084210170086,0.6805414352389674
logs/muon_spectra/second_order_audit_20260926/step_spectrum/soaudit_traj_20260926__PD_a0.25_lr0.01_s260925_ada__1300.json,1,1300,PD,40,absolute_1e-4,0.0,0.0001,0,0.0,-0.0,0.0,0.0,0.0,
logs/muon_spectra/second_order_audit_20260926/step_spectrum/soaudit_traj_20260926__PD_a0.25_lr0.01_s260925_ada__1300.json,1,1300,PD,40,absolute_1e-3,0.0,0.001,1,0.9966314065866065,0.15028426816079085,0.07242394530531666,-0.0012528704372195706,0.0008770407443574251,1.428520220160925
logs/muon_spectra/second_order_audit_20260926/step_spectrum/soaudit_traj_20260926__PD_a0.25_lr0.01_s260925_ada__1300.json,1,1300,PD,40,absolute_1e-2,0.0,0.01,1,0.9966314065866065,0.15028426816079085,0.07242394530531666,-0.0012528704372195706,0.0008770407443574251,1.428520220160925
logs/muon_spectra/second_order_audit_20260926/step_spectrum/soaudit_traj_20260926__PD_a0.25_lr0.01_s260925_ada__1300.json,1,1300,PD,40,shared_muon_relative_1e-4,0.0,0.001564682775046903,1,0.9966314065866065,0.15028426816079085,0.07242394530531666,-0.0012528704372195706,0.0008770407443574251,1.428520220160925
logs/muon_spectra/second_order_audit_20260926/step_spectrum/soaudit_traj_20260926__PD_a0.25_lr0.01_s260925_ada__1300.json,1,1300,PD,40,band_0.0001_0.001,0.01898286903601023,0.1898286903601023,1,0.002795582116486246,0.09623060697316144,0.1231190026866267,-0.0008022428701810365,0.0014909486262535334,0.538075461524733
logs/muon_spectra/second_order_audit_20260926/step_spectrum/soaudit_traj_20260926__PD_a0.25_lr0.01_s260925_ada__1300.json,1,1300,PD,40,band_0.001_0.01,0.1898286903601023,1.8982869036010228,2,0.00043020994495644965,0.0520477167063276,0.10647716811681385,-0.0004339046686933931,0.00128941905040605,0.33651175586148857
logs/muon_spectra/second_order_audit_20260926/step_spectrum/soaudit_traj_20260926__PD_a0.25_lr0.01_s260925_ada__1300.json,1,1300,PD,40,band_0.01_0.1,1.8982869036010228,18.98286903601023,7,0.00011637097840914102,0.24373496886573015,0.21496869885599648,-0.002031938144595339,0.0026032316641050185,0.780544494987891
logs/muon_spectra/second_order_audit_20260926/step_spectrum/soaudit_traj_20260926__PD_a0.25_lr0.01_s260925_ada__1300.json,1,1300,PD,40,band_0.1_inf,18.98286903601023,inf,29,2.643037354169508e-05,0.4577024392939898,0.48301118503524637,-0.0038157144606858844,0.005849177195061982,0.6523506355572889
logs/muon_spectra/second_order_audit_20260926/step_spectrum/soaudit_traj_20260926__PD_a0.25_lr0.01_s260925_ada__1300.json,1,1300,PD,48,relative_1e-4,0.0,0.01898286903601023,1,0.9954743923030869,0.1269447569900451,0.05881981280377365,-0.0010582966210587361,0.0007122971855083271,1.4857515129776744
logs/muon_spectra/second_order_audit_20260926/step_spectrum/soaudit_traj_20260926__PD_a0.25_lr0.01_s260925_ada__1300.json,1,1300,PD,48,relative_1e-3,0.0,0.1898286903601023,2,0.9991472850627051,0.23800133015150796,0.16959191389435108,-0.001984138687402249,0.0020537270894572923,0.9661160421887252
logs/muon_spectra/second_order_audit_20260926/step_spectrum/soaudit_traj_20260926__PD_a0.25_lr0.01_s260925_ada__1300.json,1,1300,PD,48,relative_1e-2,0.0,1.8982869036010228,5,0.9998639544862666,0.302970150511868,0.3071067133839013,-0.0025257623408071143,0.003719006184596887,0.6791498092334817
logs/muon_spectra/second_order_audit_20260926/step_spectrum/soaudit_traj_20260926__PD_a0.25_lr0.01_s260925_ada__1300.json,1,1300,PD,48,absolute_1e-4,0.0,0.0001,0,0.0,-0.0,0.0,0.0,0.0,
logs/muon_spectra/second_order_audit_20260926/step_spectrum/soaudit_traj_20260926__PD_a0.25_lr0.01_s260925_ada__1300.json,1,1300,PD,48,absolute_1e-3,0.0,0.001,1,0.9954743923030869,0.1269447569900451,0.05881981280377365,-0.0010582966210587361,0.0007122971855083271,1.4857515129776744
logs/muon_spectra/second_order_audit_20260926/step_spectrum/soaudit_traj_20260926__PD_a0.25_lr0.01_s260925_ada__1300.json,1,1300,PD,48,absolute_1e-2,0.0,0.01,1,0.9954743923030869,0.1269447569900451,0.05881981280377365,-0.0010582966210587361,0.0007122971855083271,1.4857515129776744
logs/muon_spectra/second_order_audit_20260926/step_spectrum/soaudit_traj_20260926__PD_a0.25_lr0.01_s260925_ada__1300.json,1,1300,PD,48,shared_muon_relative_1e-4,0.0,0.001564682775046903,1,0.9954743923030869,0.1269447569900451,0.05881981280377365,-0.0010582966210587361,0.0007122971855083271,1.4857515129776744
logs/muon_spectra/second_order_audit_20260926/step_spectrum/soaudit_traj_20260926__PD_a0.25_lr0.01_s260925_ada__1300.json,1,1300,PD,48,band_0.0001_0.001,0.01898286903601023,0.1898286903601023,1,0.003672892759618193,0.11105657316146285,0.11077210109057742,-0.0009258420663435129,0.001341429903948965,0.690190418163465
logs/muon_spectra/second_order_audit_20260926/step_spectrum/soaudit_traj_20260926__PD_a0.25_lr0.01_s260925_ada__1300.json,1,1300,PD,48,band_0.001_0.01,0.1898286903601023,1.8982869036010228,3,0.0007166694235615657,0.06496882036035999,0.13751479948955023,-0.000541623653404865,0.0016652790951395952,0.32524497244076817
logs/muon_spectra/second_order_audit_20260926/step_spectrum/soaudit_traj_20260926__PD_a0.25_lr0.01_s260925_ada__1300.json,1,1300,PD,48,band_0.01_0.1,1.8982869036010228,18.98286903601023,8,0.00010830090170633063,0.2399579406343605,0.2024304198544162,-0.002000450304453856,0.0024513953963879146,0.8160455499759371
logs/muon_spectra/second_order_audit_20260926/step_spectrum/soaudit_traj_20260926__PD_a0.25_lr0.01_s260925_ada__1300.json,1,1300,PD,48,band_0.1_inf,18.98286903601023,inf,35,2.7744612027017405e-05,0.4570719088537714,0.49046286676168255,-0.0038104579361142553,0.005939415699199213,0.6415543429007677
logs/muon_spectra/second_order_audit_20260926/step_spectrum/soaudit_traj_20260926__PD_a0.25_lr0.01_s260925_ada__500.json,1,500,PD,8,relative_1e-4,0.0,0.013599679250449912,1,0.9996305807767594,0.30746260697657934,0.22746884409854148,-0.003589570232009416,0.005299170097909467,0.6773834705599483
logs/muon_spectra/second_order_audit_20260926/step_spectrum/soaudit_traj_20260926__PD_a0.25_lr0.01_s260925_ada__500.json,1,500,PD,8,relative_1e-3,0.0,0.13599679250449914,1,0.9996305807767594,0.30746260697657934,0.22746884409854148,-0.003589570232009416,0.005299170097909467,0.6773834705599483
logs/muon_spectra/second_order_audit_20260926/step_spectrum/soaudit_traj_20260926__PD_a0.25_lr0.01_s260925_ada__500.json,1,500,PD,8,relative_1e-2,0.0,1.3599679250449912,1,0.9996305807767594,0.30746260697657934,0.22746884409854148,-0.003589570232009416,0.005299170097909467,0.6773834705599483
logs/muon_spectra/second_order_audit_20260926/step_spectrum/soaudit_traj_20260926__PD_a0.25_lr0.01_s260925_ada__500.json,1,500,PD,8,absolute_1e-4,0.0,0.0001,0,0.0,-0.0,0.0,0.0,0.0,
logs/muon_spectra/second_order_audit_20260926/step_spectrum/soaudit_traj_20260926__PD_a0.25_lr0.01_s260925_ada__500.json,1,500,PD,8,absolute_1e-3,0.0,0.001,0,0.0,-0.0,0.0,0.0,0.0,
logs/muon_spectra/second_order_audit_20260926/step_spectrum/soaudit_traj_20260926__PD_a0.25_lr0.01_s260925_ada__500.json,1,500,PD,8,absolute_1e-2,0.0,0.01,1,0.9996305807767594,0.30746260697657934,0.22746884409854148,-0.003589570232009416,0.005299170097909467,0.6773834705599483
logs/muon_spectra/second_order_audit_20260926/step_spectrum/soaudit_traj_20260926__PD_a0.25_lr0.01_s260925_ada__500.json,1,500,PD,8,shared_muon_relative_1e-4,0.0,0.0015909797501104336,1,0.9996305807767594,0.30746260697657934,0.22746884409854148,-0.003589570232009416,0.005299170097909467,0.6773834705599483
logs/muon_spectra/second_order_audit_20260926/step_spectrum/soaudit_traj_20260926__PD_a0.25_lr0.01_s260925_ada__500.json,1,500,PD,8,band_0.0001_0.001,0.013599679250449912,0.13599679250449914,0,0.0,-0.0,0.0,0.0,0.0,
logs/muon_spectra/second_order_audit_20260926/step_spectrum/soaudit_traj_20260926__PD_a0.25_lr0.01_s260925_ada__500.json,1,500,PD,8,band_0.001_0.01,0.13599679250449914,1.3599679250449912,0,0.0,-0.0,0.0,0.0,0.0,
logs/muon_spectra/second_order_audit_20260926/step_spectrum/soaudit_traj_20260926__PD_a0.25_lr0.01_s260925_ada__500.json,1,500,PD,8,band_0.01_0.1,1.3599679250449912,13.599679250449913,1,0.000296677277597255,0.11991012931460682,0.1904515400341406,-0.0013999290350676676,0.004436805884556728,0.3155263203964876
logs/muon_spectra/second_order_audit_20260926/step_spectrum/soaudit_traj_20260926__PD_a0.25_lr0.01_s260925_ada__500.json,1,500,PD,8,band_0.1_inf,13.599679250449913,inf,6,7.274194564345486e-05,0.5726272637088139,0.5820796158673179,-0.006685319558234081,0.013560269790927811,0.49300785760964294
logs/muon_spectra/second_order_audit_20260926/step_spectrum/soaudit_traj_20260926__PD_a0.25_lr0.01_s260925_ada__500.json,1,500,PD,16,relative_1e-4,0.0,0.013599679250449912,1,0.9986289023309614,0.22141351901020656,0.13129921720491353,-0.002584962719918752,0.0030587788338599102,0.8450963146808349
logs/muon_spectra/second_order_audit_20260926/step_spectrum/soaudit_traj_20260926__PD_a0.25_lr0.01_s260925_ada__500.json,1,500,PD,16,relative_1e-3,0.0,0.13599679250449914,1,0.9986289023309614,0.22141351901020656,0.13129921720491353,-0.002584962719918752,0.0030587788338599102,0.8450963146808349
logs/muon_spectra/second_order_audit_20260926/step_spectrum/soaudit_traj_20260926__PD_a0.25_lr0.01_s260925_ada__500.json,1,500,PD,16,relative_1e-2,0.0,1.3599679250449912,2,0.9997729530195252,0.3535416020522166,0.2959420691111312,-0.004127534151169888,0.006894339176699672,0.5986845215157724
logs/muon_spectra/second_order_audit_20260926/step_spectrum/soaudit_traj_20260926__PD_a0.25_lr0.01_s260925_ada__500.json,1,500,PD,16,absolute_1e-4,0.0,0.0001,0,0.0,-0.0,0.0,0.0,0.0,
logs/muon_spectra/second_order_audit_20260926/step_spectrum/soaudit_traj_20260926__PD_a0.25_lr0.01_s260925_ada__500.json,1,500,PD,16,absolute_1e-3,0.0,0.001,1,0.9986289023309614,0.22141351901020656,0.13129921720491353,-0.002584962719918752,0.0030587788338599102,0.8450963146808349
logs/muon_spectra/second_order_audit_20260926/step_spectrum/soaudit_traj_20260926__PD_a0.25_lr0.01_s260925_ada__500.json,1,500,PD,16,absolute_1e-2,0.0,0.01,1,0.9986289023309614,0.22141351901020656,0.13129921720491353,-0.002584962719918752,0.0030587788338599102,0.8450963146808349
logs/muon_spectra/second_order_audit_20260926/step_spectrum/soaudit_traj_20260926__PD_a0.25_lr0.01_s260925_ada__500.json,1,500,PD,16,shared_muon_relative_1e-4,0.0,0.0015909797501104336,1,0.9986289023309614,0.22141351901020656,0.13129921720491353,-0.002584962719918752,0.0030587788338599102,0.8450963146808349
logs/muon_spectra/second_order_audit_20260926/step_spectrum/soaudit_traj_20260926__PD_a0.25_lr0.01_s260925_ada__500.json,1,500,PD,16,band_0.0001_0.001,0.013599679250449912,0.13599679250449914,0,0.0,-0.0,0.0,0.0,0.0,
logs/muon_spectra/second_order_audit_20260926/step_spectrum/soaudit_traj_20260926__PD_a0.25_lr0.01_s260925_ada__500.json,1,500,PD,16,band_0.001_0.01,0.13599679250449914,1.3599679250449912,1,0.0011440506885638632,0.13212808304201,0.1646428519062177,-0.0015425714312511359,0.003835560342839762,0.40217629065093813
logs/muon_spectra/second_order_audit_20260926/step_spectrum/soaudit_traj_20260926__PD_a0.25_lr0.01_s260925_ada__500.json,1,500,PD,16,band_0.01_0.1,1.3599679250449912,13.599679250449913,2,0.0001645193483336488,0.10836323693230257,0.14853202335223198,-0.0012651211585089006,0.0034602385212330966,0.36561674888760554
logs/muon_spectra/second_order_audit_20260926/step_spectrum/soaudit_traj_20260926__PD_a0.25_lr0.01_s260925_ada__500.json,1,500,PD,16,band_0.1_inf,13.599679250449913,inf,12,6.252763214117197e-05,0.5380951610154809,0.5555259075366367,-0.006282163515632382,0.01294166807546125,0.4854214680056598
logs/muon_spectra/second_order_audit_20260926/step_spectrum/soaudit_traj_20260926__PD_a0.25_lr0.01_s260925_ada__500.json,1,500,PD,24,relative_1e-4,0.0,0.013599679250449912,1,0.9972005628075835,0.15259506058330127,0.08715158441209415,-0.0017815196859474241,0.0020303047300048406,0.8774641853605772
logs/muon_spectra/second_order_audit_20260926/step_spectrum/soaudit_traj_20260926__PD_a0.25_lr0.01_s260925_ada__500.json,1,500,PD,24,relative_1e-3,0.0,0.13599679250449914,1,0.9972005628075835,0.15259506058330127,0.08715158441209415,-0.0017815196859474241,0.0020303047300048406,0.8774641853605772
logs/muon_spectra/second_order_audit_20260926/step_spectrum/soaudit_traj_20260926__PD_a0.25_lr0.01_s260925_ada__500.json,1,500,PD,24,relative_1e-2,0.0,1.3599679250449912,2,0.999515057722527,0.3215476862717918,0.23096186946557654,-0.003754010980921165,0.0053805444753526185,0.6977009479463773
logs/muon_spectra/second_order_audit_20260926/step_spectrum/soaudit_traj_20260926__PD_a0.25_lr0.01_s260925_ada__500.json,1,500,PD,24,absolute_1e-4,0.0,0.0001,0,0.0,-0.0,0.0,0.0,0.0,
logs/muon_spectra/second_order_audit_20260926/step_spectrum/soaudit_traj_20260926__PD_a0.25_lr0.01_s260925_ada__500.json,1,500,PD,24,absolute_1e-3,0.0,0.001,1,0.9972005628075835,0.15259506058330127,0.08715158441209415,-0.0017815196859474241,0.0020303047300048406,0.8774641853605772
logs/muon_spectra/second_order_audit_20260926/step_spectrum/soaudit_traj_20260926__PD_a0.25_lr0.01_s260925_ada__500.json,1,500,PD,24,absolute_1e-2,0.0,0.01,1,0.9972005628075835,0.15259506058330127,0.08715158441209415,-0.0017815196859474241,0.0020303047300048406,0.8774641853605772
logs/muon_spectra/second_order_audit_20260926/step_spectrum/soaudit_traj_20260926__PD_a0.25_lr0.01_s260925_ada__500.json,1,500,PD,24,shared_muon_relative_1e-4,0.0,0.0015909797501104336,1,0.9972005628075835,0.15259506058330127,0.08715158441209415,-0.0017815196859474241,0.0020303047300048406,0.8774641853605772
logs/muon_spectra/second_order_audit_20260926/step_spectrum/soaudit_traj_20260926__PD_a0.25_lr0.01_s260925_ada__500.json,1,500,PD,24,band_0.0001_0.001,0.013599679250449912,0.13599679250449914,0,0.0,-0.0,0.0,0.0,0.0,
logs/muon_spectra/second_order_audit_20260926/step_spectrum/soaudit_traj_20260926__PD_a0.25_lr0.01_s260925_ada__500.json,1,500,PD,24,band_0.001_0.01,0.13599679250449914,1.3599679250449912,1,0.0023144949149435123,0.1689526256884905,0.14381028505348237,-0.0019724912949737406,0.003350239745347778,0.5887612364795053
logs/muon_spectra/second_order_audit_20260926/step_spectrum/soaudit_traj_20260926__PD_a0.25_lr0.01_s260925_ada__500.json,1,500,PD,24,band_0.01_0.1,1.3599679250449912,13.599679250449913,4,0.00042381670988415844,0.13915207801300175,0.2176221237979094,-0.0016245752999673616,0.005069778481724077,0.32044305403554696
logs/muon_spectra/second_order_audit_20260926/step_spectrum/soaudit_traj_20260926__PD_a0.25_lr0.01_s260925_ada__500.json,1,500,PD,24,band_0.1_inf,13.599679250449913,inf,18,6.112556758884182e-05,0.5393002357152064,0.551416006736514,-0.006296232544422643,0.012845922816317322,0.4901347014497828
logs/muon_spectra/second_order_audit_20260926/step_spectrum/soaudit_traj_20260926__PD_a0.25_lr0.01_s260925_ada__500.json,1,500,PD,32,relative_1e-4,0.0,0.013599679250449912,1,0.9955892210138255,0.1358665635889458,0.06283526386705486,-0.0015862175143185613,0.0014638257502829748,1.0836108833390359
logs/muon_spectra/second_order_audit_20260926/step_spectrum/soaudit_traj_20260926__PD_a0.25_lr0.01_s260925_ada__500.json,1,500,PD,32,relative_1e-3,0.0,0.13599679250449914,1,0.9955892210138255,0.1358665635889458,0.06283526386705486,-0.0015862175143185613,0.0014638257502829748,1.0836108833390359
logs/muon_spectra/second_order_audit_20260926/step_spectrum/soaudit_traj_20260926__PD_a0.25_lr0.01_s260925_ada__500.json,1,500,PD,32,relative_1e-2,0.0,1.3599679250449912,3,0.9996583378729934,0.3443483291042941,0.2633495360085489,-0.004020204355091258,0.006135055515164433,0.6552841038119779
logs/muon_spectra/second_order_audit_20260926/step_spectrum/soaudit_traj_20260926__PD_a0.25_lr0.01_s260925_ada__500.json,1,500,PD,32,absolute_1e-4,0.0,0.0001,0,0.0,-0.0,0.0,0.0,0.0,
logs/muon_spectra/second_order_audit_20260926/step_spectrum/soaudit_traj_20260926__PD_a0.25_lr0.01_s260925_ada__500.json,1,500,PD,32,absolute_1e-3,0.0,0.001,1,0.9955892210138255,0.1358665635889458,0.06283526386705486,-0.0015862175143185613,0.0014638257502829748,1.0836108833390359
logs/muon_spectra/second_order_audit_20260926/step_spectrum/soaudit_traj_20260926__PD_a0.25_lr0.01_s260925_ada__500.json,1,500,PD,32,absolute_1e-2,0.0,0.01,1,0.9955892210138255,0.1358665635889458,0.06283526386705486,-0.0015862175143185613,0.0014638257502829748,1.0836108833390359
logs/muon_spectra/second_order_audit_20260926/step_spectrum/soaudit_traj_20260926__PD_a0.25_lr0.01_s260925_ada__500.json,1,500,PD,32,shared_muon_relative_1e-4,0.0,0.0015909797501104336,1,0.9955892210138255,0.1358665635889458,0.06283526386705486,-0.0015862175143185613,0.0014638257502829748,1.0836108833390359
logs/muon_spectra/second_order_audit_20260926/step_spectrum/soaudit_traj_20260926__PD_a0.25_lr0.01_s260925_ada__500.json,1,500,PD,32,band_0.0001_0.001,0.013599679250449912,0.13599679250449914,0,0.0,-0.0,0.0,0.0,0.0,
logs/muon_spectra/second_order_audit_20260926/step_spectrum/soaudit_traj_20260926__PD_a0.25_lr0.01_s260925_ada__500.json,1,500,PD,32,band_0.001_0.01,0.13599679250449914,1.3599679250449912,2,0.004069116859168024,0.20848176551534825,0.20051427214149395,-0.0024339868407726967,0.0046712297648814575,0.5210591136131931
logs/muon_spectra/second_order_audit_20260926/step_spectrum/soaudit_traj_20260926__PD_a0.25_lr0.01_s260925_ada__500.json,1,500,PD,32,band_0.01_0.1,1.3599679250449912,13.599679250449913,5,0.00028026308940315057,0.11742282965647508,0.1849055779408044,-0.0013708902621947217,0.004307605788580443,0.3182487742562195
logs/muon_spectra/second_order_audit_20260926/step_spectrum/soaudit_traj_20260926__PD_a0.25_lr0.01_s260925_ada__500.json,1,500,PD,32,band_0.1_inf,13.599679250449913,inf,24,6.139903760313407e-05,0.5382288412392309,0.5517448860506469,-0.006283724208025189,0.012853584469649149,0.48886940626272707
logs/muon_spectra/second_order_audit_20260926/step_spectrum/soaudit_traj_20260926__PD_a0.25_lr0.01_s260925_ada__500.json,1,500,PD,40,relative_1e-4,0.0,0.013599679250449912,1,0.9938605163321593,0.11218822622599864,0.0475574963330949,-0.0013097772155215577,0.0011079111229430631,1.1822042295615338
logs/muon_spectra/second_order_audit_20260926/step_spectrum/soaudit_traj_20260926__PD_a0.25_lr0.01_s260925_ada__500.json,1,500,PD,40,relative_1e-3,0.0,0.13599679250449914,1,0.9938605163321593,0.11218822622599864,0.0475574963330949,-0.0013097772155215577,0.0011079111229430631,1.1822042295615338
logs/muon_spectra/second_order_audit_20260926/step_spectrum/soaudit_traj_20260926__PD_a0.25_lr0.01_s260925_ada__500.json,1,500,PD,40,relative_1e-2,0.0,1.3599679250449912,4,0.9997062379498953,0.3517514815930524,0.2774069576863121,-0.004106634819133665,0.006462540665509838,0.6354520662516694
logs/muon_spectra/second_order_audit_20260926/step_spectrum/soaudit_traj_20260926__PD_a0.25_lr0.01_s260925_ada__500.json,1,500,PD,40,absolute_1e-4,0.0,0.0001,0,0.0,-0.0,0.0,0.0,0.0,
logs/muon_spectra/second_order_audit_20260926/step_spectrum/soaudit_traj_20260926__PD_a0.25_lr0.01_s260925_ada__500.json,1,500,PD,40,absolute_1e-3,0.0,0.001,1,0.9938605163321593,0.11218822622599864,0.0475574963330949,-0.0013097772155215577,0.0011079111229430631,1.1822042295615338
logs/muon_spectra/second_order_audit_20260926/step_spectrum/soaudit_traj_20260926__PD_a0.25_lr0.01_s260925_ada__500.json,1,500,PD,40,absolute_1e-2,0.0,0.01,1,0.9938605163321593,0.11218822622599864,0.0475574963330949,-0.0013097772155215577,0.0011079111229430631,1.1822042295615338
logs/muon_spectra/second_order_audit_20260926/step_spectrum/soaudit_traj_20260926__PD_a0.25_lr0.01_s260925_ada__500.json,1,500,PD,40,shared_muon_relative_1e-4,0.0,0.0015909797501104336,1,0.9938605163321593,0.11218822622599864,0.0475574963330949,-0.0013097772155215577,0.0011079111229430631,1.1822042295615338
logs/muon_spectra/second_order_audit_20260926/step_spectrum/soaudit_traj_20260926__PD_a0.25_lr0.01_s260925_ada__500.json,1,500,PD,40,band_0.0001_0.001,0.013599679250449912,0.13599679250449914,0,0.0,-0.0,0.0,0.0,0.0,
logs/muon_spectra/second_order_audit_20260926/step_spectrum/soaudit_traj_20260926__PD_a0.25_lr0.01_s260925_ada__500.json,1,500,PD,40,band_0.001_0.01,0.13599679250449914,1.3599679250449912,3,0.005845721617735929,0.23956325536705375,0.2298494613532172,-0.002796857603612107,0.005354629542566776,0.5223251359180705
logs/muon_spectra/second_order_audit_20260926/step_spectrum/soaudit_traj_20260926__PD_a0.25_lr0.01_s260925_ada__500.json,1,500,PD,40,band_0.01_0.1,1.3599679250449912,13.599679250449913,6,0.00023012809170616918,0.10660411374767886,0.16591219157693687,-0.001244583714037015,0.0038651311917787525,0.3220029676312879
logs/muon_spectra/second_order_audit_20260926/step_spectrum/soaudit_traj_20260926__PD_a0.25_lr0.01_s260925_ada__500.json,1,500,PD,40,band_0.1_inf,13.599679250449913,inf,30,6.363395839859912e-05,0.5416444046592687,0.5566808507367511,-0.006323600292140493,0.01296857391610542,0.48760953463721535
logs/muon_spectra/second_order_audit_20260926/step_spectrum/soaudit_traj_20260926__PD_a0.25_lr0.01_s260925_ada__500.json,1,500,PD,48,relative_1e-4,0.0,0.013599679250449912,1,0.9921208186206992,0.09854010058658158,0.03755307408171656,-0.0011504378213762782,0.0008748456433541416,1.3150180607467181
logs/muon_spectra/second_order_audit_20260926/step_spectrum/soaudit_traj_20260926__PD_a0.25_lr0.01_s260925_ada__500.json,1,500,PD,48,relative_1e-3,0.0,0.13599679250449914,2,0.998084245829381,0.21002934178722044,0.1285802360244659,-0.0024520545133651537,0.002995436780026968,0.8185966499827373
logs/muon_spectra/second_order_audit_20260926/step_spectrum/soaudit_traj_20260926__PD_a0.25_lr0.01_s260925_ada__500.json,1,500,PD,48,relative_1e-2,0.0,1.3599679250449912,4,0.9995808334391663,0.3276059338225979,0.2471488193805098,-0.0038247399234757093,0.0057576396388925215,0.66428956366769
logs/muon_spectra/second_order_audit_20260926/step_spectrum/soaudit_traj_20260926__PD_a0.25_lr0.01_s260925_ada__500.json,1,500,PD,48,absolute_1e-4,0.0,0.0001,0,0.0,-0.0,0.0,0.0,0.0,
logs/muon_spectra/second_order_audit_20260926/step_spectrum/soaudit_traj_20260926__PD_a0.25_lr0.01_s260925_ada__500.json,1,500,PD,48,absolute_1e-3,0.0,0.001,1,0.9921208186206992,0.09854010058658158,0.03755307408171656,-0.0011504378213762782,0.0008748456433541416,1.3150180607467181
logs/muon_spectra/second_order_audit_20260926/step_spectrum/soaudit_traj_20260926__PD_a0.25_lr0.01_s260925_ada__500.json,1,500,PD,48,absolute_1e-2,0.0,0.01,1,0.9921208186206992,0.09854010058658158,0.03755307408171656,-0.0011504378213762782,0.0008748456433541416,1.3150180607467181
logs/muon_spectra/second_order_audit_20260926/step_spectrum/soaudit_traj_20260926__PD_a0.25_lr0.01_s260925_ada__500.json,1,500,PD,48,shared_muon_relative_1e-4,0.0,0.0015909797501104336,1,0.9921208186206992,0.09854010058658158,0.03755307408171656,-0.0011504378213762782,0.0008748456433541416,1.3150180607467181
logs/muon_spectra/second_order_audit_20260926/step_spectrum/soaudit_traj_20260926__PD_a0.25_lr0.01_s260925_ada__500.json,1,500,PD,48,band_0.0001_0.001,0.013599679250449912,0.13599679250449914,1,0.0059634272086818525,0.11148924120063886,0.09102716194274933,-0.0013016166919888755,0.0021205911366728265,0.613798987215938
logs/muon_spectra/second_order_audit_20260926/step_spectrum/soaudit_traj_20260926__PD_a0.25_lr0.01_s260925_ada__500.json,1,500,PD,48,band_0.001_0.01,0.13599679250449914,1.3599679250449912,2,0.0014965876097852583,0.11757659203537747,0.11856858335604391,-0.0013726854101105555,0.0027622028588655534,0.49695314944186336
logs/muon_spectra/second_order_audit_20260926/step_spectrum/soaudit_traj_20260926__PD_a0.25_lr0.01_s260925_ada__500.json,1,500,PD,48,band_0.01_0.1,1.3599679250449912,13.599679250449913,8,0.00035373357009189986,0.1216139199905887,0.19230026545839107,-0.0014198204825260105,0.00447987424640759,0.3169331111614493
logs/muon_spectra/second_order_audit_20260926/step_spectrum/soaudit_traj_20260926__PD_a0.25_lr0.01_s260925_ada__500.json,1,500,PD,48,band_0.1_inf,13.599679250449913,inf,36,6.543299074168878e-05,0.5507801461868133,0.560550915161099,-0.006430258419309442,0.013058731888093898,0.4924106317836369
logs/muon_spectra/second_order_audit_20260926/step_spectrum/soaudit_traj_20260926__SPD_a0.25_lr0.01_s260925_ada__100.json,1,100,SPD,8,relative_1e-4,0.0,0.15638640564770018,1,0.9999428349819307,0.4153718072699544,0.2454488012107917,-0.012965468274362688,0.008888893469112447,1.4586144292780332
logs/muon_spectra/second_order_audit_20260926/step_spectrum/soaudit_traj_20260926__SPD_a0.25_lr0.01_s260925_ada__100.json,1,100,SPD,8,relative_1e-3,0.0,1.5638640564770017,1,0.9999428349819307,0.4153718072699544,0.2454488012107917,-0.012965468274362688,0.008888893469112447,1.4586144292780332
logs/muon_spectra/second_order_audit_20260926/step_spectrum/soaudit_traj_20260926__SPD_a0.25_lr0.01_s260925_ada__100.json,1,100,SPD,8,relative_1e-2,0.0,15.638640564770016,1,0.9999428349819307,0.4153718072699544,0.2454488012107917,-0.012965468274362688,0.008888893469112447,1.4586144292780332
logs/muon_spectra/second_order_audit_20260926/step_spectrum/soaudit_traj_20260926__SPD_a0.25_lr0.01_s260925_ada__100.json,1,100,SPD,8,absolute_1e-4,0.0,0.0001,0,0.0,-0.0,0.0,0.0,0.0,
logs/muon_spectra/second_order_audit_20260926/step_spectrum/soaudit_traj_20260926__SPD_a0.25_lr0.01_s260925_ada__100.json,1,100,SPD,8,absolute_1e-3,0.0,0.001,0,0.0,-0.0,0.0,0.0,0.0,
logs/muon_spectra/second_order_audit_20260926/step_spectrum/soaudit_traj_20260926__SPD_a0.25_lr0.01_s260925_ada__100.json,1,100,SPD,8,absolute_1e-2,0.0,0.01,1,0.9999428349819307,0.4153718072699544,0.2454488012107917,-0.012965468274362688,0.008888893469112447,1.4586144292780332
logs/muon_spectra/second_order_audit_20260926/step_spectrum/soaudit_traj_20260926__SPD_a0.25_lr0.01_s260925_ada__100.json,1,100,SPD,8,shared_muon_relative_1e-4,0.0,0.0025499344897389684,1,0.9999428349819307,0.4153718072699544,0.2454488012107917,-0.012965468274362688,0.008888893469112447,1.4586144292780332
logs/muon_spectra/second_order_audit_20260926/step_spectrum/soaudit_traj_20260926__SPD_a0.25_lr0.01_s260925_ada__100.json,1,100,SPD,8,band_0.0001_0.001,0.15638640564770018,1.5638640564770017,0,0.0,-0.0,0.0,0.0,0.0,
logs/muon_spectra/second_order_audit_20260926/step_spectrum/soaudit_traj_20260926__SPD_a0.25_lr0.01_s260925_ada__100.json,1,100,SPD,8,band_0.001_0.01,1.5638640564770017,15.638640564770016,0,0.0,-0.0,0.0,0.0,0.0,
logs/muon_spectra/second_order_audit_20260926/step_spectrum/soaudit_traj_20260926__SPD_a0.25_lr0.01_s260925_ada__100.json,1,100,SPD,8,band_0.01_0.1,15.638640564770016,156.38640564770017,1,4.664342318198701e-05,0.17395593811886928,0.2211782859879161,-0.005429882715538703,0.008009940208015291,0.6778930397139786
logs/muon_spectra/second_order_audit_20260926/step_spectrum/soaudit_traj_20260926__SPD_a0.25_lr0.01_s260925_ada__100.json,1,100,SPD,8,band_0.1_inf,156.38640564770017,inf,6,1.0521594887462853e-05,0.4106722546111762,0.5333729128012922,-0.012818775841620172,0.01931602426988116,0.6636342791103275
logs/muon_spectra/second_order_audit_20260926/step_spectrum/soaudit_traj_20260926__SPD_a0.25_lr0.01_s260925_ada__100.json,1,100,SPD,16,relative_1e-4,0.0,0.15638640564770018,1,0.9998054734849005,0.3699772147780424,0.14780670983792746,-0.011548515706854908,0.0053527990003953045,2.1574723254136856
logs/muon_spectra/second_order_audit_20260926/step_spectrum/soaudit_traj_20260926__SPD_a0.25_lr0.01_s260925_ada__100.json,1,100,SPD,16,relative_1e-3,0.0,1.5638640564770017,1,0.9998054734849005,0.3699772147780424,0.14780670983792746,-0.011548515706854908,0.0053527990003953045,2.1574723254136856
logs/muon_spectra/second_order_audit_20260926/step_spectrum/soaudit_traj_20260926__SPD_a0.25_lr0.01_s260925_ada__100.json,1,100,SPD,16,relative_1e-2,0.0,15.638640564770016,2,0.9999631133279503,0.4617891663078053,0.31752806103061526,-0.014414345606554437,0.011499233624412901,1.2535048923567174
logs/muon_spectra/second_order_audit_20260926/step_spectrum/soaudit_traj_20260926__SPD_a0.25_lr0.01_s260925_ada__100.json,1,100,SPD,16,absolute_1e-4,0.0,0.0001,0,0.0,-0.0,0.0,0.0,0.0,
logs/muon_spectra/second_order_audit_20260926/step_spectrum/soaudit_traj_20260926__SPD_a0.25_lr0.01_s260925_ada__100.json,1,100,SPD,16,absolute_1e-3,0.0,0.001,0,0.0,-0.0,0.0,0.0,0.0,
logs/muon_spectra/second_order_audit_20260926/step_spectrum/soaudit_traj_20260926__SPD_a0.25_lr0.01_s260925_ada__100.json,1,100,SPD,16,absolute_1e-2,0.0,0.01,1,0.9998054734849005,0.3699772147780424,0.14780670983792746,-0.011548515706854908,0.0053527990003953045,2.1574723254136856
logs/muon_spectra/second_order_audit_20260926/step_spectrum/soaudit_traj_20260926__SPD_a0.25_lr0.01_s260925_ada__100.json,1,100,SPD,16,shared_muon_relative_1e-4,0.0,0.0025499344897389684,1,0.9998054734849005,0.3699772147780424,0.14780670983792746,-0.011548515706854908,0.0053527990003953045,2.1574723254136856
logs/muon_spectra/second_order_audit_20260926/step_spectrum/soaudit_traj_20260926__SPD_a0.25_lr0.01_s260925_ada__100.json,1,100,SPD,16,band_0.0001_0.001,0.15638640564770018,1.5638640564770017,0,0.0,-0.0,0.0,0.0,0.0,
logs/muon_spectra/second_order_audit_20260926/step_spectrum/soaudit_traj_20260926__SPD_a0.25_lr0.01_s260925_ada__100.json,1,100,SPD,16,band_0.001_0.01,1.5638640564770017,15.638640564770016,1,0.00015763984304984028,0.09181195152976289,0.16972135119268777,-0.0028658298996995287,0.0061464346240175955,0.4662589086201472
logs/muon_spectra/second_order_audit_20260926/step_spectrum/soaudit_traj_20260926__SPD_a0.25_lr0.01_s260925_ada__100.json,1,100,SPD,16,band_0.01_0.1,15.638640564770016,156.38640564770017,2,2.7855989381236017e-05,0.14136639944921434,0.17666685920388084,-0.004412628722123316,0.006397965210012764,0.6896925158670115
logs/muon_spectra/second_order_audit_20260926/step_spectrum/soaudit_traj_20260926__SPD_a0.25_lr0.01_s260925_ada__100.json,1,100,SPD,16,band_0.1_inf,156.38640564770017,inf,12,9.030682668561163e-06,0.39684443424298027,0.5058050797655039,-0.012387152502843803,0.018317659112583227,0.6762410211212255
logs/muon_spectra/second_order_audit_20260926/step_spectrum/soaudit_traj_20260926__SPD_a0.25_lr0.01_s260925_ada__100.json,1,100,SPD,24,relative_1e-4,0.0,0.15638640564770018,1,0.9995707798824087,0.3087249400276844,0.09941156030148994,-0.009636579434078023,0.0036001755346089653,2.6766971058606184
logs/muon_spectra/second_order_audit_20260926/step_spectrum/soaudit_traj_20260926__SPD_a0.25_lr0.01_s260925_ada__100.json,1,100,SPD,24,relative_1e-3,0.0,1.5638640564770017,1,0.9995707798824087,0.3087249400276844,0.09941156030148994,-0.009636579434078023,0.0036001755346089653,2.6766971058606184
logs/muon_spectra/second_order_audit_20260926/step_spectrum/soaudit_traj_20260926__SPD_a0.25_lr0.01_s260925_ada__100.json,1,100,SPD,24,relative_1e-2,0.0,15.638640564770016,2,0.9999124318978339,0.42168786807360525,0.23287588117079489,-0.013162618597363437,0.008433566955884856,1.5607415778182325
logs/muon_spectra/second_order_audit_20260926/step_spectrum/soaudit_traj_20260926__SPD_a0.25_lr0.01_s260925_ada__100.json,1,100,SPD,24,absolute_1e-4,0.0,0.0001,0,0.0,-0.0,0.0,0.0,0.0,
logs/muon_spectra/second_order_audit_20260926/step_spectrum/soaudit_traj_20260926__SPD_a0.25_lr0.01_s260925_ada__100.json,1,100,SPD,24,absolute_1e-3,0.0,0.001,1,0.9995707798824087,0.3087249400276844,0.09941156030148994,-0.009636579434078023,0.0036001755346089653,2.6766971058606184
logs/muon_spectra/second_order_audit_20260926/step_spectrum/soaudit_traj_20260926__SPD_a0.25_lr0.01_s260925_ada__100.json,1,100,SPD,24,absolute_1e-2,0.0,0.01,1,0.9995707798824087,0.3087249400276844,0.09941156030148994,-0.009636579434078023,0.0036001755346089653,2.6766971058606184
logs/muon_spectra/second_order_audit_20260926/step_spectrum/soaudit_traj_20260926__SPD_a0.25_lr0.01_s260925_ada__100.json,1,100,SPD,24,shared_muon_relative_1e-4,0.0,0.0025499344897389684,1,0.9995707798824087,0.3087249400276844,0.09941156030148994,-0.009636579434078023,0.0036001755346089653,2.6766971058606184
logs/muon_spectra/second_order_audit_20260926/step_spectrum/soaudit_traj_20260926__SPD_a0.25_lr0.01_s260925_ada__100.json,1,100,SPD,24,band_0.0001_0.001,0.15638640564770018,1.5638640564770017,0,0.0,-0.0,0.0,0.0,0.0,
logs/muon_spectra/second_order_audit_20260926/step_spectrum/soaudit_traj_20260926__SPD_a0.25_lr0.01_s260925_ada__100.json,1,100,SPD,24,band_0.001_0.01,1.5638640564770017,15.638640564770016,1,0.00034165201542517607,0.11296292804592083,0.13346432086930493,-0.0035260391632854146,0.00483339142127589,0.7295165766555343
logs/muon_spectra/second_order_audit_20260926/step_spectrum/soaudit_traj_20260926__SPD_a0.25_lr0.01_s260925_ada__100.json,1,100,SPD,24,band_0.01_0.1,15.638640564770016,156.38640564770017,4,7.7819138840994e-05,0.18003629673845994,0.25164198964207035,-0.005619675800671737,0.009113178908390257,0.6166537338027955
logs/muon_spectra/second_order_audit_20260926/step_spectrum/soaudit_traj_20260926__SPD_a0.25_lr0.01_s260925_ada__100.json,1,100,SPD,24,band_0.1_inf,156.38640564770017,inf,18,9.748963325131023e-06,0.3982758351879347,0.5154821291871349,-0.012431832433486363,0.01866811208273377,0.665939457530075
logs/muon_spectra/second_order_audit_20260926/step_spectrum/soaudit_traj_20260926__SPD_a0.25_lr0.01_s260925_ada__100.json,1,100,SPD,32,relative_1e-4,0.0,0.15638640564770018,1,0.9992612978710284,0.2824924970372753,0.07241461622863363,-0.00881775663147475,0.0026224850400071347,3.3623667997933597
logs/muon_spectra/second_order_audit_20260926/step_spectrum/soaudit_traj_20260926__SPD_a0.25_lr0.01_s260925_ada__100.json,1,100,SPD,32,relative_1e-3,0.0,1.5638640564770017,1,0.9992612978710284,0.2824924970372753,0.07241461622863363,-0.00881775663147475,0.0026224850400071347,3.3623667997933597
logs/muon_spectra/second_order_audit_20260926/step_spectrum/soaudit_traj_20260926__SPD_a0.25_lr0.01_s260925_ada__100.json,1,100,SPD,32,relative_1e-2,0.0,15.638640564770016,3,0.9999298665860494,0.4388599325242409,0.2568796072101814,-0.013698629595084664,0.00930285848460017,1.4725183251751273
logs/muon_spectra/second_order_audit_20260926/step_spectrum/soaudit_traj_20260926__SPD_a0.25_lr0.01_s260925_ada__100.json,1,100,SPD,32,absolute_1e-4,0.0,0.0001,0,0.0,-0.0,0.0,0.0,0.0,
logs/muon_spectra/second_order_audit_20260926/step_spectrum/soaudit_traj_20260926__SPD_a0.25_lr0.01_s260925_ada__100.json,1,100,SPD,32,absolute_1e-3,0.0,0.001,1,0.9992612978710284,0.2824924970372753,0.07241461622863363,-0.00881775663147475,0.0026224850400071347,3.3623667997933597
logs/muon_spectra/second_order_audit_20260926/step_spectrum/soaudit_traj_20260926__SPD_a0.25_lr0.01_s260925_ada__100.json,1,100,SPD,32,absolute_1e-2,0.0,0.01,1,0.9992612978710284,0.2824924970372753,0.07241461622863363,-0.00881775663147475,0.0026224850400071347,3.3623667997933597
logs/muon_spectra/second_order_audit_20260926/step_spectrum/soaudit_traj_20260926__SPD_a0.25_lr0.01_s260925_ada__100.json,1,100,SPD,32,shared_muon_relative_1e-4,0.0,0.0025499344897389684,1,0.9992612978710284,0.2824924970372753,0.07241461622863363,-0.00881775663147475,0.0026224850400071347,3.3623667997933597
logs/muon_spectra/second_order_audit_20260926/step_spectrum/soaudit_traj_20260926__SPD_a0.25_lr0.01_s260925_ada__100.json,1,100,SPD,32,band_0.0001_0.001,0.15638640564770018,1.5638640564770017,0,0.0,-0.0,0.0,0.0,0.0,
logs/muon_spectra/second_order_audit_20260926/step_spectrum/soaudit_traj_20260926__SPD_a0.25_lr0.01_s260925_ada__100.json,1,100,SPD,32,band_0.001_0.01,1.5638640564770017,15.638640564770016,2,0.0006685687150210064,0.1563674354869656,0.18446499098154776,-0.0048808729636099155,0.006680373444593036,0.7306287596182813
logs/muon_spectra/second_order_audit_20260926/step_spectrum/soaudit_traj_20260926__SPD_a0.25_lr0.01_s260925_ada__100.json,1,100,SPD,32,band_0.01_0.1,15.638640564770016,156.38640564770017,6,6.117761527679421e-05,0.1694061939329833,0.23955004589055456,-0.005287866423469486,0.008675270883125905,0.6095332923557244
logs/muon_spectra/second_order_audit_20260926/step_spectrum/soaudit_traj_20260926__SPD_a0.25_lr0.01_s260925_ada__100.json,1,100,SPD,32,band_0.1_inf,156.38640564770017,inf,23,8.95579867368191e-06,0.39173387354277567,0.5035703468992639,-0.012227630812967441,0.018236728579282855,0.6704947523788987
logs/muon_spectra/second_order_audit_20260926/step_spectrum/soaudit_traj_20260926__SPD_a0.25_lr0.01_s260925_ada__100.json,1,100,SPD,40,relative_1e-4,0.0,0.15638640564770018,1,0.9988910014025634,0.2664414873014315,0.05559364424070051,-0.008316738377806132,0.002013315928933518,4.130866029660644
logs/muon_spectra/second_order_audit_20260926/step_spectrum/soaudit_traj_20260926__SPD_a0.25_lr0.01_s260925_ada__100.json,1,100,SPD,40,relative_1e-3,0.0,1.5638640564770017,2,0.9997416979937619,0.35098510715839654,0.14732732621669922,-0.010955693650817385,0.005335438190650401,2.0533821701871995
logs/muon_spectra/second_order_audit_20260926/step_spectrum/soaudit_traj_20260926__SPD_a0.25_lr0.01_s260925_ada__100.json,1,100,SPD,40,relative_1e-2,0.0,15.638640564770016,4,0.9999350965471643,0.44470016874766094,0.2654074073195244,-0.013880927469288542,0.009611691554160504,1.444171131696383
logs/muon_spectra/second_order_audit_20260926/step_spectrum/soaudit_traj_20260926__SPD_a0.25_lr0.01_s260925_ada__100.json,1,100,SPD,40,absolute_1e-4,0.0,0.0001,0,0.0,-0.0,0.0,0.0,0.0,
logs/muon_spectra/second_order_audit_20260926/step_spectrum/soaudit_traj_20260926__SPD_a0.25_lr0.01_s260925_ada__100.json,1,100,SPD,40,absolute_1e-3,0.0,0.001,1,0.9988910014025634,0.2664414873014315,0.05559364424070051,-0.008316738377806132,0.002013315928933518,4.130866029660644
logs/muon_spectra/second_order_audit_20260926/step_spectrum/soaudit_traj_20260926__SPD_a0.25_lr0.01_s260925_ada__100.json,1,100,SPD,40,absolute_1e-2,0.0,0.01,1,0.9988910014025634,0.2664414873014315,0.05559364424070051,-0.008316738377806132,0.002013315928933518,4.130866029660644
logs/muon_spectra/second_order_audit_20260926/step_spectrum/soaudit_traj_20260926__SPD_a0.25_lr0.01_s260925_ada__100.json,1,100,SPD,40,shared_muon_relative_1e-4,0.0,0.0025499344897389684,1,0.9988910014025634,0.2664414873014315,0.05559364424070051,-0.008316738377806132,0.002013315928933518,4.130866029660644
logs/muon_spectra/second_order_audit_20260926/step_spectrum/soaudit_traj_20260926__SPD_a0.25_lr0.01_s260925_ada__100.json,1,100,SPD,40,band_0.0001_0.001,0.15638640564770018,1.5638640564770017,1,0.0008506965911984812,0.084543619856965,0.09173368197599871,-0.0026389552730112526,0.0033221222617168832,0.7943582641198257
logs/muon_spectra/second_order_audit_20260926/step_spectrum/soaudit_traj_20260926__SPD_a0.25_lr0.01_s260925_ada__100.json,1,100,SPD,40,band_0.001_0.01,1.5638640564770017,15.638640564770016,2,0.00019339855340235506,0.09371506158926445,0.11808008110282518,-0.0029252338184711578,0.004276253363510103,0.6840646635750367
logs/muon_spectra/second_order_audit_20260926/step_spectrum/soaudit_traj_20260926__SPD_a0.25_lr0.01_s260925_ada__100.json,1,100,SPD,40,band_0.01_0.1,15.638640564770016,156.38640564770017,8,5.604953034945512e-05,0.16380938472366519,0.232715228063798,-0.005113166910958001,0.008427748926436222,0.6067061270559428
logs/muon_spectra/second_order_audit_20260926/step_spectrum/soaudit_traj_20260926__SPD_a0.25_lr0.01_s260925_ada__100.json,1,100,SPD,40,band_0.1_inf,156.38640564770017,inf,28,8.853922486257338e-06,0.39149044652867376,0.5018773646166775,-0.012220032451275044,0.018175417466412165,0.6723384744178469
logs/muon_spectra/second_order_audit_20260926/step_spectrum/soaudit_traj_20260926__SPD_a0.25_lr0.01_s260925_ada__100.json,1,100,SPD,48,relative_1e-4,0.0,0.15638640564770018,1,0.9984368170057248,0.2470792647229822,0.04355563117768057,-0.007712363506502252,0.0015773609958920135,4.889409289685671
logs/muon_spectra/second_order_audit_20260926/step_spectrum/soaudit_traj_20260926__SPD_a0.25_lr0.01_s260925_ada__100.json,1,100,SPD,48,relative_1e-3,0.0,1.5638640564770017,2,0.999612848855425,0.33272005091787527,0.12058158149155786,-0.010385565868740863,0.004366844844742444,2.3782768195313344
logs/muon_spectra/second_order_audit_20260926/step_spectrum/soaudit_traj_20260926__SPD_a0.25_lr0.01_s260925_ada__100.json,1,100,SPD,48,relative_1e-2,0.0,15.638640564770016,5,0.999934464888376,0.44360146879099066,0.26487670943120833,-0.013846632509491226,0.00959247240552236,1.4434894283896775
logs/muon_spectra/second_order_audit_20260926/step_spectrum/soaudit_traj_20260926__SPD_a0.25_lr0.01_s260925_ada__100.json,1,100,SPD,48,absolute_1e-4,0.0,0.0001,0,0.0,-0.0,0.0,0.0,0.0,
logs/muon_spectra/second_order_audit_20260926/step_spectrum/soaudit_traj_20260926__SPD_a0.25_lr0.01_s260925_ada__100.json,1,100,SPD,48,absolute_1e-3,0.0,0.001,1,0.9984368170057248,0.2470792647229822,0.04355563117768057,-0.007712363506502252,0.0015773609958920135,4.889409289685671
logs/muon_spectra/second_order_audit_20260926/step_spectrum/soaudit_traj_20260926__SPD_a0.25_lr0.01_s260925_ada__100.json,1,100,SPD,48,absolute_1e-2,0.0,0.01,1,0.9984368170057248,0.2470792647229822,0.04355563117768057,-0.007712363506502252,0.0015773609958920135,4.889409289685671
logs/muon_spectra/second_order_audit_20260926/step_spectrum/soaudit_traj_20260926__SPD_a0.25_lr0.01_s260925_ada__100.json,1,100,SPD,48,shared_muon_relative_1e-4,0.0,0.0025499344897389684,1,0.9984368170057248,0.2470792647229822,0.04355563117768057,-0.007712363506502252,0.0015773609958920135,4.889409289685671
logs/muon_spectra/second_order_audit_20260926/step_spectrum/soaudit_traj_20260926__SPD_a0.25_lr0.01_s260925_ada__100.json,1,100,SPD,48,band_0.0001_0.001,0.15638640564770018,1.5638640564770017,1,0.0011760318497001721,0.08564078619489306,0.0770259503138773,-0.002673202362238611,0.002789483848850431,0.9583143359443573
logs/muon_spectra/second_order_audit_20260926/step_spectrum/soaudit_traj_20260926__SPD_a0.25_lr0.01_s260925_ada__100.json,1,100,SPD,48,band_0.001_0.01,1.5638640564770017,15.638640564770016,3,0.00032161603295108424,0.11088141787311541,0.1442951279396505,-0.003461066640750364,0.0052256275607799165,0.6623255485574263
logs/muon_spectra/second_order_audit_20260926/step_spectrum/soaudit_traj_20260926__SPD_a0.25_lr0.01_s260925_ada__100.json,1,100,SPD,48,band_0.01_0.1,15.638640564770016,156.38640564770017,11,5.6903380488638596e-05,0.1690233814622766,0.23682298677094063,-0.005275917266456149,0.008576510824495981,0.6151589351915965
logs/muon_spectra/second_order_audit_20260926/step_spectrum/soaudit_traj_20260926__SPD_a0.25_lr0.01_s260925_ada__100.json,1,100,SPD,48,band_0.1_inf,156.38640564770017,inf,32,8.631731135314066e-06,0.38737514974673276,0.498300303797851,-0.012091577055574166,0.01804587471699055,0.670046603182372
logs/muon_spectra/second_order_audit_20260926/step_spectrum/soaudit_traj_20260926__SPD_a0.25_lr0.01_s260925_ada__1300.json,1,1300,SPD,8,relative_1e-4,0.0,0.09107537380202603,1,0.9999812350364774,0.4121576940820151,0.34893041244499956,-0.0021268428152465043,0.0028238947625325917,0.7531593752945167
logs/muon_spectra/second_order_audit_20260926/step_spectrum/soaudit_traj_20260926__SPD_a0.25_lr0.01_s260925_ada__1300.json,1,1300,SPD,8,relative_1e-3,0.0,0.9107537380202603,1,0.9999812350364774,0.4121576940820151,0.34893041244499956,-0.0021268428152465043,0.0028238947625325917,0.7531593752945167
logs/muon_spectra/second_order_audit_20260926/step_spectrum/soaudit_traj_20260926__SPD_a0.25_lr0.01_s260925_ada__1300.json,1,1300,SPD,8,relative_1e-2,0.0,9.107537380202603,1,0.9999812350364774,0.4121576940820151,0.34893041244499956,-0.0021268428152465043,0.0028238947625325917,0.7531593752945167
logs/muon_spectra/second_order_audit_20260926/step_spectrum/soaudit_traj_20260926__SPD_a0.25_lr0.01_s260925_ada__1300.json,1,1300,SPD,8,absolute_1e-4,0.0,0.0001,0,0.0,-0.0,0.0,0.0,0.0,
logs/muon_spectra/second_order_audit_20260926/step_spectrum/soaudit_traj_20260926__SPD_a0.25_lr0.01_s260925_ada__1300.json,1,1300,SPD,8,absolute_1e-3,0.0,0.001,1,0.9999812350364774,0.4121576940820151,0.34893041244499956,-0.0021268428152465043,0.0028238947625325917,0.7531593752945167
logs/muon_spectra/second_order_audit_20260926/step_spectrum/soaudit_traj_20260926__SPD_a0.25_lr0.01_s260925_ada__1300.json,1,1300,SPD,8,absolute_1e-2,0.0,0.01,1,0.9999812350364774,0.4121576940820151,0.34893041244499956,-0.0021268428152465043,0.0028238947625325917,0.7531593752945167
logs/muon_spectra/second_order_audit_20260926/step_spectrum/soaudit_traj_20260926__SPD_a0.25_lr0.01_s260925_ada__1300.json,1,1300,SPD,8,shared_muon_relative_1e-4,0.0,0.001564682775046903,1,0.9999812350364774,0.4121576940820151,0.34893041244499956,-0.0021268428152465043,0.0028238947625325917,0.7531593752945167
logs/muon_spectra/second_order_audit_20260926/step_spectrum/soaudit_traj_20260926__SPD_a0.25_lr0.01_s260925_ada__1300.json,1,1300,SPD,8,band_0.0001_0.001,0.09107537380202603,0.9107537380202603,0,0.0,-0.0,0.0,0.0,0.0,
logs/muon_spectra/second_order_audit_20260926/step_spectrum/soaudit_traj_20260926__SPD_a0.25_lr0.01_s260925_ada__1300.json,1,1300,SPD,8,band_0.001_0.01,0.9107537380202603,9.107537380202603,0,0.0,-0.0,0.0,0.0,0.0,
logs/muon_spectra/second_order_audit_20260926/step_spectrum/soaudit_traj_20260926__SPD_a0.25_lr0.01_s260925_ada__1300.json,1,1300,SPD,8,band_0.01_0.1,9.107537380202603,91.07537380202604,1,1.5299467680625557e-05,0.2391115799591537,0.18379725998078036,-0.0012338790544989058,0.0014874717173281031,0.8295142960534957
logs/muon_spectra/second_order_audit_20260926/step_spectrum/soaudit_traj_20260926__SPD_a0.25_lr0.01_s260925_ada__1300.json,1,1300,SPD,8,band_0.1_inf,91.07537380202604,inf,6,3.465495841984925e-06,0.34873072595883137,0.46727232757422005,-0.0017995428682053148,0.003781636198653923,0.47586356108127587
logs/muon_spectra/second_order_audit_20260926/step_spectrum/soaudit_traj_20260926__SPD_a0.25_lr0.01_s260925_ada__1300.json,1,1300,SPD,16,relative_1e-4,0.0,0.09107537380202603,1,0.9999239089768293,0.3475383064941747,0.25798598918659255,-0.0017933896680890008,0.0020878813015063353,0.8589519273893258
logs/muon_spectra/second_order_audit_20260926/step_spectrum/soaudit_traj_20260926__SPD_a0.25_lr0.01_s260925_ada__1300.json,1,1300,SPD,16,relative_1e-3,0.0,0.9107537380202603,1,0.9999239089768293,0.3475383064941747,0.25798598918659255,-0.0017933896680890008,0.0020878813015063353,0.8589519273893258
logs/muon_spectra/second_order_audit_20260926/step_spectrum/soaudit_traj_20260926__SPD_a0.25_lr0.01_s260925_ada__1300.json,1,1300,SPD,16,relative_1e-2,0.0,9.107537380202603,2,0.9999857339850349,0.4683762396399557,0.394040091525662,-0.0024169453935080215,0.003188967516159326,0.7579084394120454
logs/muon_spectra/second_order_audit_20260926/step_spectrum/soaudit_traj_20260926__SPD_a0.25_lr0.01_s260925_ada__1300.json,1,1300,SPD,16,absolute_1e-4,0.0,0.0001,0,0.0,-0.0,0.0,0.0,0.0,
logs/muon_spectra/second_order_audit_20260926/step_spectrum/soaudit_traj_20260926__SPD_a0.25_lr0.01_s260925_ada__1300.json,1,1300,SPD,16,absolute_1e-3,0.0,0.001,1,0.9999239089768293,0.3475383064941747,0.25798598918659255,-0.0017933896680890008,0.0020878813015063353,0.8589519273893258
logs/muon_spectra/second_order_audit_20260926/step_spectrum/soaudit_traj_20260926__SPD_a0.25_lr0.01_s260925_ada__1300.json,1,1300,SPD,16,absolute_1e-2,0.0,0.01,1,0.9999239089768293,0.3475383064941747,0.25798598918659255,-0.0017933896680890008,0.0020878813015063353,0.8589519273893258
logs/muon_spectra/second_order_audit_20260926/step_spectrum/soaudit_traj_20260926__SPD_a0.25_lr0.01_s260925_ada__1300.json,1,1300,SPD,16,shared_muon_relative_1e-4,0.0,0.001564682775046903,1,0.9999239089768293,0.3475383064941747,0.25798598918659255,-0.0017933896680890008,0.0020878813015063353,0.8589519273893258
logs/muon_spectra/second_order_audit_20260926/step_spectrum/soaudit_traj_20260926__SPD_a0.25_lr0.01_s260925_ada__1300.json,1,1300,SPD,16,band_0.0001_0.001,0.09107537380202603,0.9107537380202603,0,0.0,-0.0,0.0,0.0,0.0,
logs/muon_spectra/second_order_audit_20260926/step_spectrum/soaudit_traj_20260926__SPD_a0.25_lr0.01_s260925_ada__1300.json,1,1300,SPD,16,band_0.001_0.01,0.9107537380202603,9.107537380202603,1,6.182500820559358e-05,0.12083793314578097,0.13605410233906948,-0.0006235557254190205,0.0011010862146529905,0.5663096287292411
logs/muon_spectra/second_order_audit_20260926/step_spectrum/soaudit_traj_20260926__SPD_a0.25_lr0.01_s260925_ada__1300.json,1,1300,SPD,16,band_0.01_0.1,9.107537380202603,91.07537380202604,2,1.092645032177636e-05,0.17984465746862316,0.14782582739500535,-0.0009280460442441622,0.0011963548170614172,0.7757280958868904
logs/muon_spectra/second_order_audit_20260926/step_spectrum/soaudit_traj_20260926__SPD_a0.25_lr0.01_s260925_ada__1300.json,1,1300,SPD,16,band_0.1_inf,91.07537380202604,inf,12,3.3395646434493344e-06,0.35177910289142117,0.4581340810793326,-0.00181527330019854,0.0037076803452938695,0.4895981128747122
logs/muon_spectra/second_order_audit_20260926/step_spectrum/soaudit_traj_20260926__SPD_a0.25_lr0.01_s260925_ada__1300.json,1,1300,SPD,24,relative_1e-4,0.0,0.09107537380202603,1,0.999798489127762,0.3120977885584323,0.20413417782549104,-0.0016105072130904792,0.001652058447918078,0.974848810658024
logs/muon_spectra/second_order_audit_20260926/step_spectrum/soaudit_traj_20260926__SPD_a0.25_lr0.01_s260925_ada__1300.json,1,1300,SPD,24,relative_1e-3,0.0,0.9107537380202603,1,0.999798489127762,0.3120977885584323,0.20413417782549104,-0.0016105072130904792,0.001652058447918078,0.974848810658024
logs/muon_spectra/second_order_audit_20260926/step_spectrum/soaudit_traj_20260926__SPD_a0.25_lr0.01_s260925_ada__1300.json,1,1300,SPD,24,relative_1e-2,0.0,9.107537380202603,2,0.9999721690145347,0.4143582762579183,0.33977909294240227,-0.0021381984018517806,0.0027498331092861285,0.7775738806224748
logs/muon_spectra/second_order_audit_20260926/step_spectrum/soaudit_traj_20260926__SPD_a0.25_lr0.01_s260925_ada__1300.json,1,1300,SPD,24,absolute_1e-4,0.0,0.0001,0,0.0,-0.0,0.0,0.0,0.0,
logs/muon_spectra/second_order_audit_20260926/step_spectrum/soaudit_traj_20260926__SPD_a0.25_lr0.01_s260925_ada__1300.json,1,1300,SPD,24,absolute_1e-3,0.0,0.001,1,0.999798489127762,0.3120977885584323,0.20413417782549104,-0.0016105072130904792,0.001652058447918078,0.974848810658024
logs/muon_spectra/second_order_audit_20260926/step_spectrum/soaudit_traj_20260926__SPD_a0.25_lr0.01_s260925_ada__1300.json,1,1300,SPD,24,absolute_1e-2,0.0,0.01,1,0.999798489127762,0.3120977885584323,0.20413417782549104,-0.0016105072130904792,0.001652058447918078,0.974848810658024
logs/muon_spectra/second_order_audit_20260926/step_spectrum/soaudit_traj_20260926__SPD_a0.25_lr0.01_s260925_ada__1300.json,1,1300,SPD,24,shared_muon_relative_1e-4,0.0,0.001564682775046903,1,0.999798489127762,0.3120977885584323,0.20413417782549104,-0.0016105072130904792,0.001652058447918078,0.974848810658024
logs/muon_spectra/second_order_audit_20260926/step_spectrum/soaudit_traj_20260926__SPD_a0.25_lr0.01_s260925_ada__1300.json,1,1300,SPD,24,band_0.0001_0.001,0.09107537380202603,0.9107537380202603,0,0.0,-0.0,0.0,0.0,0.0,
logs/muon_spectra/second_order_audit_20260926/step_spectrum/soaudit_traj_20260926__SPD_a0.25_lr0.01_s260925_ada__1300.json,1,1300,SPD,24,band_0.001_0.01,0.9107537380202603,9.107537380202603,1,0.00017367988677251852,0.102260487699486,0.13564491511691126,-0.0005276911887613013,0.0010977746613680505,0.48069171873915434
logs/muon_spectra/second_order_audit_20260926/step_spectrum/soaudit_traj_20260926__SPD_a0.25_lr0.01_s260925_ada__1300.json,1,1300,SPD,24,band_0.01_0.1,9.107537380202603,91.07537380202604,4,2.4566558299026108e-05,0.2392408218192287,0.205439986869915,-0.0012345459767121182,0.0016626263640122296,0.7425276077861095
logs/muon_spectra/second_order_audit_20260926/step_spectrum/soaudit_traj_20260926__SPD_a0.25_lr0.01_s260925_ada__1300.json,1,1300,SPD,24,band_0.1_inf,91.07537380202604,inf,18,3.2644271664337254e-06,0.34640090192285294,0.4547809201876827,-0.0017875203593868253,0.0036805432052162577,0.48566753865392975
logs/muon_spectra/second_order_audit_20260926/step_spectrum/soaudit_traj_20260926__SPD_a0.25_lr0.01_s260925_ada__1300.json,1,1300,SPD,32,relative_1e-4,0.0,0.09107537380202603,1,0.9995914191441433,0.27194510234844405,0.1647485919754923,-0.0014033087223070755,0.0013333107961391688,1.0524993320166594
logs/muon_spectra/second_order_audit_20260926/step_spectrum/soaudit_traj_20260926__SPD_a0.25_lr0.01_s260925_ada__1300.json,1,1300,SPD,32,relative_1e-3,0.0,0.9107537380202603,2,0.9999530574618875,0.3933590471372887,0.30631833714921247,-0.0020298368202964464,0.002479035123026716,0.8188011543048118
logs/muon_spectra/second_order_audit_20260926/step_spectrum/soaudit_traj_20260926__SPD_a0.25_lr0.01_s260925_ada__1300.json,1,1300,SPD,32,relative_1e-2,0.0,9.107537380202603,3,0.9999783198160851,0.431805154452517,0.36133704545053896,-0.0022282289121866882,0.002924301676677765,0.7619695772011219
logs/muon_spectra/second_order_audit_20260926/step_spectrum/soaudit_traj_20260926__SPD_a0.25_lr0.01_s260925_ada__1300.json,1,1300,SPD,32,absolute_1e-4,0.0,0.0001,0,0.0,-0.0,0.0,0.0,0.0,
logs/muon_spectra/second_order_audit_20260926/step_spectrum/soaudit_traj_20260926__SPD_a0.25_lr0.01_s260925_ada__1300.json,1,1300,SPD,32,absolute_1e-3,0.0,0.001,1,0.9995914191441433,0.27194510234844405,0.1647485919754923,-0.0014033087223070755,0.0013333107961391688,1.0524993320166594
logs/muon_spectra/second_order_audit_20260926/step_spectrum/soaudit_traj_20260926__SPD_a0.25_lr0.01_s260925_ada__1300.json,1,1300,SPD,32,absolute_1e-2,0.0,0.01,1,0.9995914191441433,0.27194510234844405,0.1647485919754923,-0.0014033087223070755,0.0013333107961391688,1.0524993320166594
logs/muon_spectra/second_order_audit_20260926/step_spectrum/soaudit_traj_20260926__SPD_a0.25_lr0.01_s260925_ada__1300.json,1,1300,SPD,32,shared_muon_relative_1e-4,0.0,0.001564682775046903,1,0.9995914191441433,0.27194510234844405,0.1647485919754923,-0.0014033087223070755,0.0013333107961391688,1.0524993320166594
logs/muon_spectra/second_order_audit_20260926/step_spectrum/soaudit_traj_20260926__SPD_a0.25_lr0.01_s260925_ada__1300.json,1,1300,SPD,32,band_0.0001_0.001,0.09107537380202603,0.9107537380202603,1,0.00036163831774404566,0.12141394478884464,0.14156974517372017,-0.0006265280979893706,0.0011457243268875473,0.5468401807364821
logs/muon_spectra/second_order_audit_20260926/step_spectrum/soaudit_traj_20260926__SPD_a0.25_lr0.01_s260925_ada__1300.json,1,1300,SPD,32,band_0.001_0.01,0.9107537380202603,9.107537380202603,1,2.5262354197712623e-05,0.03844610731522828,0.05501870830132644,-0.00019839209189024176,0.00044526655365104855,0.4455580376821204
logs/muon_spectra/second_order_audit_20260926/step_spectrum/soaudit_traj_20260926__SPD_a0.25_lr0.01_s260925_ada__1300.json,1,1300,SPD,32,band_0.01_0.1,9.107537380202603,91.07537380202604,6,1.8685017987832183e-05,0.2317958036034281,0.19464622634654663,-0.0011961277117397207,0.0015752724311853617,0.7593148258423199
logs/muon_spectra/second_order_audit_20260926/step_spectrum/soaudit_traj_20260926__SPD_a0.25_lr0.01_s260925_ada__1300.json,1,1300,SPD,32,band_0.1_inf,91.07537380202604,inf,23,2.9951659271564177e-06,0.33639904194405484,0.44401672820291455,-0.0017359081140243117,0.0035934285706514784,0.4830785084200509
logs/muon_spectra/second_order_audit_20260926/step_spectrum/soaudit_traj_20260926__SPD_a0.25_lr0.01_s260925_ada__1300.json,1,1300,SPD,40,relative_1e-4,0.0,0.09107537380202603,1,0.9993128953522167,0.26015010916471465,0.13581312761366787,-0.0013424434348967079,0.001099136005554861,1.221362441146691
logs/muon_spectra/second_order_audit_20260926/step_spectrum/soaudit_traj_20260926__SPD_a0.25_lr0.01_s260925_ada__1300.json,1,1300,SPD,40,relative_1e-3,0.0,0.9107537380202603,2,0.9999223001578289,0.36281640719513886,0.2780743464190555,-0.0018722287123990457,0.0022504564303956164,0.8319328857523891
logs/muon_spectra/second_order_audit_20260926/step_spectrum/soaudit_traj_20260926__SPD_a0.25_lr0.01_s260925_ada__1300.json,1,1300,SPD,40,relative_1e-2,0.0,9.107537380202603,4,0.9999802572313347,0.4370314175846508,0.3698652918903856,-0.0022551978135386904,0.0029933207979584795,0.753409997043014
logs/muon_spectra/second_order_audit_20260926/step_spectrum/soaudit_traj_20260926__SPD_a0.25_lr0.01_s260925_ada__1300.json,1,1300,SPD,40,absolute_1e-4,0.0,0.0001,0,0.0,-0.0,0.0,0.0,0.0,
logs/muon_spectra/second_order_audit_20260926/step_spectrum/soaudit_traj_20260926__SPD_a0.25_lr0.01_s260925_ada__1300.json,1,1300,SPD,40,absolute_1e-3,0.0,0.001,1,0.9993128953522167,0.26015010916471465,0.13581312761366787,-0.0013424434348967079,0.001099136005554861,1.221362441146691
logs/muon_spectra/second_order_audit_20260926/step_spectrum/soaudit_traj_20260926__SPD_a0.25_lr0.01_s260925_ada__1300.json,1,1300,SPD,40,absolute_1e-2,0.0,0.01,1,0.9993128953522167,0.26015010916471465,0.13581312761366787,-0.0013424434348967079,0.001099136005554861,1.221362441146691
logs/muon_spectra/second_order_audit_20260926/step_spectrum/soaudit_traj_20260926__SPD_a0.25_lr0.01_s260925_ada__1300.json,1,1300,SPD,40,shared_muon_relative_1e-4,0.0,0.001564682775046903,1,0.9993128953522167,0.26015010916471465,0.13581312761366787,-0.0013424434348967079,0.001099136005554861,1.221362441146691
logs/muon_spectra/second_order_audit_20260926/step_spectrum/soaudit_traj_20260926__SPD_a0.25_lr0.01_s260925_ada__1300.json,1,1300,SPD,40,band_0.0001_0.001,0.09107537380202603,0.9107537380202603,1,0.0006094048056122581,0.10266629803042421,0.14226121880538764,-0.0005297852775023377,0.0011513204248407556,0.460154502666462
logs/muon_spectra/second_order_audit_20260926/step_spectrum/soaudit_traj_20260926__SPD_a0.25_lr0.01_s260925_ada__1300.json,1,1300,SPD,40,band_0.001_0.01,0.9107537380202603,9.107537380202603,2,5.7957073505674266e-05,0.0742150103895119,0.09179094547133008,-0.00038296910113964477,0.0007428643675628632,0.5155303146334272
logs/muon_spectra/second_order_audit_20260926/step_spectrum/soaudit_traj_20260926__SPD_a0.25_lr0.01_s260925_ada__1300.json,1,1300,SPD,40,band_0.01_0.1,9.107537380202603,91.07537380202604,7,1.6587580552084212e-05,0.22378672132265204,0.1797035305790656,-0.0011547987268628861,0.0014543411543149105,0.7940356521141504
logs/muon_spectra/second_order_audit_20260926/step_spectrum/soaudit_traj_20260926__SPD_a0.25_lr0.01_s260925_ada__1300.json,1,1300,SPD,40,band_0.1_inf,91.07537380202604,inf,29,3.1551881131782736e-06,0.3391818610926972,0.45043117753054873,-0.0017502681975491454,0.003645340726241222,0.48013843670352296
logs/muon_spectra/second_order_audit_20260926/step_spectrum/soaudit_traj_20260926__SPD_a0.25_lr0.01_s260925_ada__1300.json,1,1300,SPD,48,relative_1e-4,0.0,0.09107537380202603,1,0.9989898216892795,0.24085717388058914,0.11489216221302542,-0.0012428867812584708,0.0009298225765303497,1.3366924106062537
logs/muon_spectra/second_order_audit_20260926/step_spectrum/soaudit_traj_20260926__SPD_a0.25_lr0.01_s260925_ada__1300.json,1,1300,SPD,48,relative_1e-3,0.0,0.9107537380202603,2,0.9998780798839183,0.34552623951204375,0.2536278899710484,-0.0017830068697907162,0.0020526111928817034,0.8686529996397008
logs/muon_spectra/second_order_audit_20260926/step_spectrum/soaudit_traj_20260926__SPD_a0.25_lr0.01_s260925_ada__1300.json,1,1300,SPD,48,relative_1e-2,0.0,9.107537380202603,5,0.9999812782043884,0.44187605721842776,0.3747229956448634,-0.0022801974366089502,0.0030326342074548976,0.7518867362914101
logs/muon_spectra/second_order_audit_20260926/step_spectrum/soaudit_traj_20260926__SPD_a0.25_lr0.01_s260925_ada__1300.json,1,1300,SPD,48,absolute_1e-4,0.0,0.0001,0,0.0,-0.0,0.0,0.0,0.0,
logs/muon_spectra/second_order_audit_20260926/step_spectrum/soaudit_traj_20260926__SPD_a0.25_lr0.01_s260925_ada__1300.json,1,1300,SPD,48,absolute_1e-3,0.0,0.001,1,0.9989898216892795,0.24085717388058914,0.11489216221302542,-0.0012428867812584708,0.0009298225765303497,1.3366924106062537
logs/muon_spectra/second_order_audit_20260926/step_spectrum/soaudit_traj_20260926__SPD_a0.25_lr0.01_s260925_ada__1300.json,1,1300,SPD,48,absolute_1e-2,0.0,0.01,1,0.9989898216892795,0.24085717388058914,0.11489216221302542,-0.0012428867812584708,0.0009298225765303497,1.3366924106062537
logs/muon_spectra/second_order_audit_20260926/step_spectrum/soaudit_traj_20260926__SPD_a0.25_lr0.01_s260925_ada__1300.json,1,1300,SPD,48,shared_muon_relative_1e-4,0.0,0.001564682775046903,1,0.9989898216892795,0.24085717388058914,0.11489216221302542,-0.0012428867812584708,0.0009298225765303497,1.3366924106062537
logs/muon_spectra/second_order_audit_20260926/step_spectrum/soaudit_traj_20260926__SPD_a0.25_lr0.01_s260925_ada__1300.json,1,1300,SPD,48,band_0.0001_0.001,0.09107537380202603,0.9107537380202603,1,0.0008882581946387708,0.10466906563145462,0.138735727758023,-0.0005401200885322455,0.0011227886163513539,0.48105233760512756
logs/muon_spectra/second_order_audit_20260926/step_spectrum/soaudit_traj_20260926__SPD_a0.25_lr0.01_s260925_ada__1300.json,1,1300,SPD,48,band_0.001_0.01,0.9107537380202603,9.107537380202603,3,0.00010319832047012808,0.09634981770638407,0.121095105673815,-0.0004971905668182342,0.0009800230145731944,0.5073253989190891
logs/muon_spectra/second_order_audit_20260926/step_spectrum/soaudit_traj_20260926__SPD_a0.25_lr0.01_s260925_ada__1300.json,1,1300,SPD,48,band_0.01_0.1,9.107537380202603,91.07537380202604,9,1.5634585916199188e-05,0.22157892368013815,0.17751728536557304,-0.001143405906539692,0.001436647865946225,0.7958845961091559
logs/muon_spectra/second_order_audit_20260926/step_spectrum/soaudit_traj_20260926__SPD_a0.25_lr0.01_s260925_ada__1300.json,1,1300,SPD,48,band_0.1_inf,91.07537380202604,inf,34,3.087209695435899e-06,0.3365450191014339,0.44775971898956346,-0.001736661394802083,0.0036237206051134858,0.4792481496369931
logs/muon_spectra/second_order_audit_20260926/step_spectrum/soaudit_traj_20260926__SPD_a0.25_lr0.01_s260925_ada__500.json,1,500,SPD,8,relative_1e-4,0.0,0.09072774107360237,1,0.9999651298231019,0.354850499645357,0.3233769356283869,-0.0031796412753623137,0.005146874200766388,0.6177810358933687
logs/muon_spectra/second_order_audit_20260926/step_spectrum/soaudit_traj_20260926__SPD_a0.25_lr0.01_s260925_ada__500.json,1,500,SPD,8,relative_1e-3,0.0,0.9072774107360237,1,0.9999651298231019,0.354850499645357,0.3233769356283869,-0.0031796412753623137,0.005146874200766388,0.6177810358933687
logs/muon_spectra/second_order_audit_20260926/step_spectrum/soaudit_traj_20260926__SPD_a0.25_lr0.01_s260925_ada__500.json,1,500,SPD,8,relative_1e-2,0.0,9.072774107360237,1,0.9999651298231019,0.354850499645357,0.3233769356283869,-0.0031796412753623137,0.005146874200766388,0.6177810358933687
logs/muon_spectra/second_order_audit_20260926/step_spectrum/soaudit_traj_20260926__SPD_a0.25_lr0.01_s260925_ada__500.json,1,500,SPD,8,absolute_1e-4,0.0,0.0001,0,0.0,-0.0,0.0,0.0,0.0,
logs/muon_spectra/second_order_audit_20260926/step_spectrum/soaudit_traj_20260926__SPD_a0.25_lr0.01_s260925_ada__500.json,1,500,SPD,8,absolute_1e-3,0.0,0.001,0,0.0,-0.0,0.0,0.0,0.0,
logs/muon_spectra/second_order_audit_20260926/step_spectrum/soaudit_traj_20260926__SPD_a0.25_lr0.01_s260925_ada__500.json,1,500,SPD,8,absolute_1e-2,0.0,0.01,1,0.9999651298231019,0.354850499645357,0.3233769356283869,-0.0031796412753623137,0.005146874200766388,0.6177810358933687
logs/muon_spectra/second_order_audit_20260926/step_spectrum/soaudit_traj_20260926__SPD_a0.25_lr0.01_s260925_ada__500.json,1,500,SPD,8,shared_muon_relative_1e-4,0.0,0.0015909797501104336,1,0.9999651298231019,0.354850499645357,0.3233769356283869,-0.0031796412753623137,0.005146874200766388,0.6177810358933687
logs/muon_spectra/second_order_audit_20260926/step_spectrum/soaudit_traj_20260926__SPD_a0.25_lr0.01_s260925_ada__500.json,1,500,SPD,8,band_0.0001_0.001,0.09072774107360237,0.9072774107360237,0,0.0,-0.0,0.0,0.0,0.0,
logs/muon_spectra/second_order_audit_20260926/step_spectrum/soaudit_traj_20260926__SPD_a0.25_lr0.01_s260925_ada__500.json,1,500,SPD,8,band_0.001_0.01,0.9072774107360237,9.072774107360237,0,0.0,-0.0,0.0,0.0,0.0,
logs/muon_spectra/second_order_audit_20260926/step_spectrum/soaudit_traj_20260926__SPD_a0.25_lr0.01_s260925_ada__500.json,1,500,SPD,8,band_0.01_0.1,9.072774107360237,90.72774107360237,1,2.805338515585957e-05,0.15493062360563217,0.176989514058362,-0.0013882573256242463,0.002816968878572051,0.4928195466355196
logs/muon_spectra/second_order_audit_20260926/step_spectrum/soaudit_traj_20260926__SPD_a0.25_lr0.01_s260925_ada__500.json,1,500,SPD,8,band_0.1_inf,90.72774107360237,inf,6,6.816791742320235e-06,0.49021887674901066,0.49963355031325113,-0.004392610905242388,0.007952178237286908,0.5523783263113883
logs/muon_spectra/second_order_audit_20260926/step_spectrum/soaudit_traj_20260926__SPD_a0.25_lr0.01_s260925_ada__500.json,1,500,SPD,16,relative_1e-4,0.0,0.09072774107360237,1,0.9998430051216272,0.3377543898895545,0.22475696683533658,-0.003026451421375909,0.0035772366752112685,0.8460305247198019
logs/muon_spectra/second_order_audit_20260926/step_spectrum/soaudit_traj_20260926__SPD_a0.25_lr0.01_s260925_ada__500.json,1,500,SPD,16,relative_1e-3,0.0,0.9072774107360237,1,0.9998430051216272,0.3377543898895545,0.22475696683533658,-0.003026451421375909,0.0035772366752112685,0.8460305247198019
logs/muon_spectra/second_order_audit_20260926/step_spectrum/soaudit_traj_20260926__SPD_a0.25_lr0.01_s260925_ada__500.json,1,500,SPD,16,relative_1e-2,0.0,9.072774107360237,2,0.9999758449321905,0.4119838408981448,0.37472235369567936,-0.003691585122780538,0.005964088969236447,0.6189688218640296
logs/muon_spectra/second_order_audit_20260926/step_spectrum/soaudit_traj_20260926__SPD_a0.25_lr0.01_s260925_ada__500.json,1,500,SPD,16,absolute_1e-4,0.0,0.0001,0,0.0,-0.0,0.0,0.0,0.0,
logs/muon_spectra/second_order_audit_20260926/step_spectrum/soaudit_traj_20260926__SPD_a0.25_lr0.01_s260925_ada__500.json,1,500,SPD,16,absolute_1e-3,0.0,0.001,1,0.9998430051216272,0.3377543898895545,0.22475696683533658,-0.003026451421375909,0.0035772366752112685,0.8460305247198019
logs/muon_spectra/second_order_audit_20260926/step_spectrum/soaudit_traj_20260926__SPD_a0.25_lr0.01_s260925_ada__500.json,1,500,SPD,16,absolute_1e-2,0.0,0.01,1,0.9998430051216272,0.3377543898895545,0.22475696683533658,-0.003026451421375909,0.0035772366752112685,0.8460305247198019
logs/muon_spectra/second_order_audit_20260926/step_spectrum/soaudit_traj_20260926__SPD_a0.25_lr0.01_s260925_ada__500.json,1,500,SPD,16,shared_muon_relative_1e-4,0.0,0.0015909797501104336,1,0.9998430051216272,0.3377543898895545,0.22475696683533658,-0.003026451421375909,0.0035772366752112685,0.8460305247198019
logs/muon_spectra/second_order_audit_20260926/step_spectrum/soaudit_traj_20260926__SPD_a0.25_lr0.01_s260925_ada__500.json,1,500,SPD,16,band_0.0001_0.001,0.09072774107360237,0.9072774107360237,0,0.0,-0.0,0.0,0.0,0.0,
logs/muon_spectra/second_order_audit_20260926/step_spectrum/soaudit_traj_20260926__SPD_a0.25_lr0.01_s260925_ada__500.json,1,500,SPD,16,band_0.001_0.01,0.9072774107360237,9.072774107360237,1,0.00013283981056324526,0.07422945100859034,0.14996538686034272,-0.0006651337014046292,0.0023868522940251784,0.2786656313294319
logs/muon_spectra/second_order_audit_20260926/step_spectrum/soaudit_traj_20260926__SPD_a0.25_lr0.01_s260925_ada__500.json,1,500,SPD,16,band_0.01_0.1,9.072774107360237,90.72774107360237,2,1.7836711165096173e-05,0.11437283168156227,0.14020832390010066,-0.0010248388455369613,0.0022315586719623103,0.45924799487157303
logs/muon_spectra/second_order_audit_20260926/step_spectrum/soaudit_traj_20260926__SPD_a0.25_lr0.01_s260925_ada__500.json,1,500,SPD,16,band_0.1_inf,90.72774107360237,inf,12,6.31835664452958e-06,0.47364332742029297,0.48506932240422,-0.004244085537911442,0.007720373675426569,0.5497254040202848
logs/muon_spectra/second_order_audit_20260926/step_spectrum/soaudit_traj_20260926__SPD_a0.25_lr0.01_s260925_ada__500.json,1,500,SPD,24,relative_1e-4,0.0,0.09072774107360237,1,0.9996067352795001,0.28813328271389843,0.16942615315582782,-0.0025818210188188412,0.0026965902652219876,0.9574391230720777
logs/muon_spectra/second_order_audit_20260926/step_spectrum/soaudit_traj_20260926__SPD_a0.25_lr0.01_s260925_ada__500.json,1,500,SPD,24,relative_1e-3,0.0,0.9072774107360237,1,0.9996067352795001,0.28813328271389843,0.16942615315582782,-0.0025818210188188412,0.0026965902652219876,0.9574391230720777
logs/muon_spectra/second_order_audit_20260926/step_spectrum/soaudit_traj_20260926__SPD_a0.25_lr0.01_s260925_ada__500.json,1,500,SPD,24,relative_1e-2,0.0,9.072774107360237,2,0.9999493615396126,0.3954139738224469,0.31941860640735964,-0.003543110671331802,0.005083873348506299,0.6969313412130553
logs/muon_spectra/second_order_audit_20260926/step_spectrum/soaudit_traj_20260926__SPD_a0.25_lr0.01_s260925_ada__500.json,1,500,SPD,24,absolute_1e-4,0.0,0.0001,0,0.0,-0.0,0.0,0.0,0.0,
logs/muon_spectra/second_order_audit_20260926/step_spectrum/soaudit_traj_20260926__SPD_a0.25_lr0.01_s260925_ada__500.json,1,500,SPD,24,absolute_1e-3,0.0,0.001,1,0.9996067352795001,0.28813328271389843,0.16942615315582782,-0.0025818210188188412,0.0026965902652219876,0.9574391230720777
logs/muon_spectra/second_order_audit_20260926/step_spectrum/soaudit_traj_20260926__SPD_a0.25_lr0.01_s260925_ada__500.json,1,500,SPD,24,absolute_1e-2,0.0,0.01,1,0.9996067352795001,0.28813328271389843,0.16942615315582782,-0.0025818210188188412,0.0026965902652219876,0.9574391230720777
logs/muon_spectra/second_order_audit_20260926/step_spectrum/soaudit_traj_20260926__SPD_a0.25_lr0.01_s260925_ada__500.json,1,500,SPD,24,shared_muon_relative_1e-4,0.0,0.0015909797501104336,1,0.9996067352795001,0.28813328271389843,0.16942615315582782,-0.0025818210188188412,0.0026965902652219876,0.9574391230720777
logs/muon_spectra/second_order_audit_20260926/step_spectrum/soaudit_traj_20260926__SPD_a0.25_lr0.01_s260925_ada__500.json,1,500,SPD,24,band_0.0001_0.001,0.09072774107360237,0.9072774107360237,0,0.0,-0.0,0.0,0.0,0.0,
logs/muon_spectra/second_order_audit_20260926/step_spectrum/soaudit_traj_20260926__SPD_a0.25_lr0.01_s260925_ada__500.json,1,500,SPD,24,band_0.001_0.01,0.9072774107360237,9.072774107360237,1,0.0003426262601125517,0.1072806911085485,0.14999245325153177,-0.0009612896525129608,0.0023872830832843113,0.40267099417068875
logs/muon_spectra/second_order_audit_20260926/step_spectrum/soaudit_traj_20260926__SPD_a0.25_lr0.01_s260925_ada__500.json,1,500,SPD,24,band_0.01_0.1,9.072774107360237,90.72774107360237,4,4.4361815066525846e-05,0.1277416404173573,0.19715458531746263,-0.0011446301833010107,0.003137916582583167,0.3647739362015604
logs/muon_spectra/second_order_audit_20260926/step_spectrum/soaudit_traj_20260926__SPD_a0.25_lr0.01_s260925_ada__500.json,1,500,SPD,24,band_0.1_inf,90.72774107360237,inf,18,6.276645320822277e-06,0.4768443857601957,0.4834268082751778,-0.00427276865159614,0.007694231385535888,0.5553210499528732
logs/muon_spectra/second_order_audit_20260926/step_spectrum/soaudit_traj_20260926__SPD_a0.25_lr0.01_s260925_ada__500.json,1,500,SPD,32,relative_1e-4,0.0,0.09072774107360237,1,0.9992688390907593,0.26056047049905495,0.1329020019356528,-0.002334754572854268,0.0021152710958300316,1.1037613937319515
logs/muon_spectra/second_order_audit_20260926/step_spectrum/soaudit_traj_20260926__SPD_a0.25_lr0.01_s260925_ada__500.json,1,500,SPD,32,relative_1e-3,0.0,0.9072774107360237,1,0.9992688390907593,0.26056047049905495,0.1329020019356528,-0.002334754572854268,0.0021152710958300316,1.1037613937319515
logs/muon_spectra/second_order_audit_20260926/step_spectrum/soaudit_traj_20260926__SPD_a0.25_lr0.01_s260925_ada__500.json,1,500,SPD,32,relative_1e-2,0.0,9.072774107360237,3,0.9999632189694266,0.4098363374104863,0.34498627428380924,-0.003672342397364715,0.005490808895444263,0.6688162832277165
logs/muon_spectra/second_order_audit_20260926/step_spectrum/soaudit_traj_20260926__SPD_a0.25_lr0.01_s260925_ada__500.json,1,500,SPD,32,absolute_1e-4,0.0,0.0001,0,0.0,-0.0,0.0,0.0,0.0,
logs/muon_spectra/second_order_audit_20260926/step_spectrum/soaudit_traj_20260926__SPD_a0.25_lr0.01_s260925_ada__500.json,1,500,SPD,32,absolute_1e-3,0.0,0.001,1,0.9992688390907593,0.26056047049905495,0.1329020019356528,-0.002334754572854268,0.0021152710958300316,1.1037613937319515
logs/muon_spectra/second_order_audit_20260926/step_spectrum/soaudit_traj_20260926__SPD_a0.25_lr0.01_s260925_ada__500.json,1,500,SPD,32,absolute_1e-2,0.0,0.01,1,0.9992688390907593,0.26056047049905495,0.1329020019356528,-0.002334754572854268,0.0021152710958300316,1.1037613937319515
logs/muon_spectra/second_order_audit_20260926/step_spectrum/soaudit_traj_20260926__SPD_a0.25_lr0.01_s260925_ada__500.json,1,500,SPD,32,shared_muon_relative_1e-4,0.0,0.0015909797501104336,1,0.9992688390907593,0.26056047049905495,0.1329020019356528,-0.002334754572854268,0.0021152710958300316,1.1037613937319515
logs/muon_spectra/second_order_audit_20260926/step_spectrum/soaudit_traj_20260926__SPD_a0.25_lr0.01_s260925_ada__500.json,1,500,SPD,32,band_0.0001_0.001,0.09072774107360237,0.9072774107360237,0,0.0,-0.0,0.0,0.0,0.0,
logs/muon_spectra/second_order_audit_20260926/step_spectrum/soaudit_traj_20260926__SPD_a0.25_lr0.01_s260925_ada__500.json,1,500,SPD,32,band_0.001_0.01,0.9072774107360237,9.072774107360237,2,0.0006943798786673684,0.14927586691143135,0.21208427234815644,-0.001337587824510447,0.0033755377996142312,0.39625917525299564
logs/muon_spectra/second_order_audit_20260926/step_spectrum/soaudit_traj_20260926__SPD_a0.25_lr0.01_s260925_ada__500.json,1,500,SPD,32,band_0.01_0.1,9.072774107360237,90.72774107360237,5,3.032033431843826e-05,0.1030349384671529,0.1683086148682243,-0.0009232455456086378,0.002678803502014342,0.3446484764240445
logs/muon_spectra/second_order_audit_20260926/step_spectrum/soaudit_traj_20260926__SPD_a0.25_lr0.01_s260925_ada__500.json,1,500,SPD,32,band_0.1_inf,90.72774107360237,inf,24,6.460696254974506e-06,0.48712872412236086,0.4867051108479666,-0.0043649215632555905,0.007746408919166733,0.5634767811515322
logs/muon_spectra/second_order_audit_20260926/step_spectrum/soaudit_traj_20260926__SPD_a0.25_lr0.01_s260925_ada__500.json,1,500,SPD,40,relative_1e-4,0.0,0.09072774107360237,1,0.9988579285421832,0.23410730283812742,0.10769628291984759,-0.0020977207125586587,0.0017140963346736085,1.2238056112278535
logs/muon_spectra/second_order_audit_20260926/step_spectrum/soaudit_traj_20260926__SPD_a0.25_lr0.01_s260925_ada__500.json,1,500,SPD,40,relative_1e-3,0.0,0.9072774107360237,2,0.9998486474083412,0.3501225458005643,0.2499619046933013,-0.0031372763999910347,0.003978399003442857,0.7885776155875956
logs/muon_spectra/second_order_audit_20260926/step_spectrum/soaudit_traj_20260926__SPD_a0.25_lr0.01_s260925_ada__500.json,1,500,SPD,40,relative_1e-2,0.0,9.072774107360237,4,0.9999681203869621,0.412930084423649,0.3565461955993727,-0.0037000639468860266,0.005674796849521286,0.6520169875681375
logs/muon_spectra/second_order_audit_20260926/step_spectrum/soaudit_traj_20260926__SPD_a0.25_lr0.01_s260925_ada__500.json,1,500,SPD,40,absolute_1e-4,0.0,0.0001,0,0.0,-0.0,0.0,0.0,0.0,
logs/muon_spectra/second_order_audit_20260926/step_spectrum/soaudit_traj_20260926__SPD_a0.25_lr0.01_s260925_ada__500.json,1,500,SPD,40,absolute_1e-3,0.0,0.001,1,0.9988579285421832,0.23410730283812742,0.10769628291984759,-0.0020977207125586587,0.0017140963346736085,1.2238056112278535
logs/muon_spectra/second_order_audit_20260926/step_spectrum/soaudit_traj_20260926__SPD_a0.25_lr0.01_s260925_ada__500.json,1,500,SPD,40,absolute_1e-2,0.0,0.01,1,0.9988579285421832,0.23410730283812742,0.10769628291984759,-0.0020977207125586587,0.0017140963346736085,1.2238056112278535
logs/muon_spectra/second_order_audit_20260926/step_spectrum/soaudit_traj_20260926__SPD_a0.25_lr0.01_s260925_ada__500.json,1,500,SPD,40,shared_muon_relative_1e-4,0.0,0.0015909797501104336,1,0.9988579285421832,0.23410730283812742,0.10769628291984759,-0.0020977207125586587,0.0017140963346736085,1.2238056112278535
logs/muon_spectra/second_order_audit_20260926/step_spectrum/soaudit_traj_20260926__SPD_a0.25_lr0.01_s260925_ada__500.json,1,500,SPD,40,band_0.0001_0.001,0.09072774107360237,0.9072774107360237,1,0.00099071886615808,0.11601524296243684,0.1422656217734537,-0.0010395556874323757,0.002264302668769248,0.4591063296310213
logs/muon_spectra/second_order_audit_20260926/step_spectrum/soaudit_traj_20260926__SPD_a0.25_lr0.01_s260925_ada__500.json,1,500,SPD,40,band_0.001_0.01,0.9072774107360237,9.072774107360237,2,0.00011947297862080063,0.06280753862308468,0.1065842909060714,-0.0005627875468949918,0.0016963978460784294,0.33175445736151477
logs/muon_spectra/second_order_audit_20260926/step_spectrum/soaudit_traj_20260926__SPD_a0.25_lr0.01_s260925_ada__500.json,1,500,SPD,40,band_0.01_0.1,9.072774107360237,90.72774107360237,7,2.6125023749881078e-05,0.1164141452927858,0.17103507228146972,-0.0010431300555555246,0.0027221978563224287,0.3831940625229747
logs/muon_spectra/second_order_audit_20260926/step_spectrum/soaudit_traj_20260926__SPD_a0.25_lr0.01_s260925_ada__500.json,1,500,SPD,40,band_0.1_inf,90.72774107360237,inf,29,5.754589288087594e-06,0.47065577028356526,0.4724187321191575,-0.004217315503787392,0.00751902661078163,0.5608858329800467
logs/muon_spectra/second_order_audit_20260926/step_spectrum/soaudit_traj_20260926__SPD_a0.25_lr0.01_s260925_ada__500.json,1,500,SPD,48,relative_1e-4,0.0,0.09072774107360237,1,0.9983741818297382,0.21827339917129807,0.08886327075555059,-0.001955840868231324,0.0014143497116103935,1.3828552105436378
logs/muon_spectra/second_order_audit_20260926/step_spectrum/soaudit_traj_20260926__SPD_a0.25_lr0.01_s260925_ada__500.json,1,500,SPD,48,relative_1e-3,0.0,0.9072774107360237,2,0.9997625681731576,0.32936409005316464,0.22239350057614066,-0.002951270059931832,0.0035396196958487874,0.833781680950933
logs/muon_spectra/second_order_audit_20260926/step_spectrum/soaudit_traj_20260926__SPD_a0.25_lr0.01_s260925_ada__500.json,1,500,SPD,48,relative_1e-2,0.0,9.072774107360237,5,0.9999700514296735,0.41210145423131633,0.3616890464850214,-0.003692638998170487,0.005756650573845499,0.6414561646224374
logs/muon_spectra/second_order_audit_20260926/step_spectrum/soaudit_traj_20260926__SPD_a0.25_lr0.01_s260925_ada__500.json,1,500,SPD,48,absolute_1e-4,0.0,0.0001,0,0.0,-0.0,0.0,0.0,0.0,
logs/muon_spectra/second_order_audit_20260926/step_spectrum/soaudit_traj_20260926__SPD_a0.25_lr0.01_s260925_ada__500.json,1,500,SPD,48,absolute_1e-3,0.0,0.001,1,0.9983741818297382,0.21827339917129807,0.08886327075555059,-0.001955840868231324,0.0014143497116103935,1.3828552105436378
logs/muon_spectra/second_order_audit_20260926/step_spectrum/soaudit_traj_20260926__SPD_a0.25_lr0.01_s260925_ada__500.json,1,500,SPD,48,absolute_1e-2,0.0,0.01,1,0.9983741818297382,0.21827339917129807,0.08886327075555059,-0.001955840868231324,0.0014143497116103935,1.3828552105436378
logs/muon_spectra/second_order_audit_20260926/step_spectrum/soaudit_traj_20260926__SPD_a0.25_lr0.01_s260925_ada__500.json,1,500,SPD,48,shared_muon_relative_1e-4,0.0,0.0015909797501104336,1,0.9983741818297382,0.21827339917129807,0.08886327075555059,-0.001955840868231324,0.0014143497116103935,1.3828552105436378
logs/muon_spectra/second_order_audit_20260926/step_spectrum/soaudit_traj_20260926__SPD_a0.25_lr0.01_s260925_ada__500.json,1,500,SPD,48,band_0.0001_0.001,0.09072774107360237,0.9072774107360237,1,0.0013883863434193476,0.11109069088186657,0.13353022982059007,-0.0009954291917005078,0.002125269984238394,0.46837775862967695
logs/muon_spectra/second_order_audit_20260926/step_spectrum/soaudit_traj_20260926__SPD_a0.25_lr0.01_s260925_ada__500.json,1,500,SPD,48,band_0.001_0.01,0.9072774107360237,9.072774107360237,3,0.00020748325651586847,0.08273736417815167,0.13929554590888077,-0.0007413689382386551,0.002217030877996712,0.3343972091667704
logs/muon_spectra/second_order_audit_20260926/step_spectrum/soaudit_traj_20260926__SPD_a0.25_lr0.01_s260925_ada__500.json,1,500,SPD,48,band_0.01_0.1,9.072774107360237,90.72774107360237,8,2.379777713808551e-05,0.10979920626025219,0.1578023711729929,-0.0009838568314713837,0.002511585903403381,0.39172732660196347
logs/muon_spectra/second_order_audit_20260926/step_spectrum/soaudit_traj_20260926__SPD_a0.25_lr0.01_s260925_ada__500.json,1,500,SPD,48,band_0.1_inf,90.72774107360237,inf,35,6.150793188373215e-06,0.47809933950843164,0.48050858234198585,-0.004284013676587087,0.007647784839376476,0.560163990823827
logs/muon_spectra/second_order_audit_20260926/step_spectrum/soaudit_traj_20260926__S_lr0.007_s260925_l40s__100.json,1,100,S,8,relative_1e-4,0.0,0.03745966517915004,1,0.9996141442982697,0.4996146318973909,0.22652512763579685,-0.009067132558166123,0.00441393173407703,2.054207700623194
logs/muon_spectra/second_order_audit_20260926/step_spectrum/soaudit_traj_20260926__S_lr0.007_s260925_l40s__100.json,1,100,S,8,relative_1e-3,0.0,0.3745966517915004,1,0.9996141442982697,0.4996146318973909,0.22652512763579685,-0.009067132558166123,0.00441393173407703,2.054207700623194
logs/muon_spectra/second_order_audit_20260926/step_spectrum/soaudit_traj_20260926__S_lr0.007_s260925_l40s__100.json,1,100,S,8,relative_1e-2,0.0,3.745966517915004,1,0.9996141442982697,0.4996146318973909,0.22652512763579685,-0.009067132558166123,0.00441393173407703,2.054207700623194
logs/muon_spectra/second_order_audit_20260926/step_spectrum/soaudit_traj_20260926__S_lr0.007_s260925_l40s__100.json,1,100,S,8,absolute_1e-4,0.0,0.0001,0,0.0,-0.0,0.0,0.0,0.0,
logs/muon_spectra/second_order_audit_20260926/step_spectrum/soaudit_traj_20260926__S_lr0.007_s260925_l40s__100.json,1,100,S,8,absolute_1e-3,0.0,0.001,0,0.0,-0.0,0.0,0.0,0.0,
logs/muon_spectra/second_order_audit_20260926/step_spectrum/soaudit_traj_20260926__S_lr0.007_s260925_l40s__100.json,1,100,S,8,absolute_1e-2,0.0,0.01,1,0.9996141442982697,0.4996146318973909,0.22652512763579685,-0.009067132558166123,0.00441393173407703,2.054207700623194
logs/muon_spectra/second_order_audit_20260926/step_spectrum/soaudit_traj_20260926__S_lr0.007_s260925_l40s__100.json,1,100,S,8,shared_muon_relative_1e-4,0.0,0.0025499344897389684,1,0.9996141442982697,0.4996146318973909,0.22652512763579685,-0.009067132558166123,0.00441393173407703,2.054207700623194
logs/muon_spectra/second_order_audit_20260926/step_spectrum/soaudit_traj_20260926__S_lr0.007_s260925_l40s__100.json,1,100,S,8,band_0.0001_0.001,0.03745966517915004,0.3745966517915004,0,0.0,-0.0,0.0,0.0,0.0,
logs/muon_spectra/second_order_audit_20260926/step_spectrum/soaudit_traj_20260926__S_lr0.007_s260925_l40s__100.json,1,100,S,8,band_0.001_0.01,0.3745966517915004,3.745966517915004,0,0.0,-0.0,0.0,0.0,0.0,
logs/muon_spectra/second_order_audit_20260926/step_spectrum/soaudit_traj_20260926__S_lr0.007_s260925_l40s__100.json,1,100,S,8,band_0.01_0.1,3.745966517915004,37.45966517915004,1,0.00033614861419170925,0.2573734973786305,0.3445901544527117,-0.004670879251130777,0.0067144754926913115,0.6956432049256888
logs/muon_spectra/second_order_audit_20260926/step_spectrum/soaudit_traj_20260926__S_lr0.007_s260925_l40s__100.json,1,100,S,8,band_0.1_inf,37.45966517915004,inf,6,4.970708753859589e-05,0.24301187072397865,0.4288847179114913,-0.004410240822400042,0.008356988411872117,0.5277308768473054
logs/muon_spectra/second_order_audit_20260926/step_spectrum/soaudit_traj_20260926__S_lr0.007_s260925_l40s__100.json,1,100,S,16,relative_1e-4,0.0,0.03745966517915004,1,0.9988810463682781,0.4162558972431599,0.11112557951835512,-0.007554317182602547,0.002165325882488352,3.488766861236271
logs/muon_spectra/second_order_audit_20260926/step_spectrum/soaudit_traj_20260926__S_lr0.007_s260925_l40s__100.json,1,100,S,16,relative_1e-3,0.0,0.3745966517915004,1,0.9988810463682781,0.4162558972431599,0.11112557951835512,-0.007554317182602547,0.002165325882488352,3.488766861236271
logs/muon_spectra/second_order_audit_20260926/step_spectrum/soaudit_traj_20260926__S_lr0.007_s260925_l40s__100.json,1,100,S,16,relative_1e-2,0.0,3.745966517915004,2,0.9997098044565251,0.5672800917814365,0.30725266021761694,-0.010295142418581735,0.005986939645365036,1.7196001677671864
logs/muon_spectra/second_order_audit_20260926/step_spectrum/soaudit_traj_20260926__S_lr0.007_s260925_l40s__100.json,1,100,S,16,absolute_1e-4,0.0,0.0001,0,0.0,-0.0,0.0,0.0,0.0,
logs/muon_spectra/second_order_audit_20260926/step_spectrum/soaudit_traj_20260926__S_lr0.007_s260925_l40s__100.json,1,100,S,16,absolute_1e-3,0.0,0.001,0,0.0,-0.0,0.0,0.0,0.0,
logs/muon_spectra/second_order_audit_20260926/step_spectrum/soaudit_traj_20260926__S_lr0.007_s260925_l40s__100.json,1,100,S,16,absolute_1e-2,0.0,0.01,1,0.9988810463682781,0.4162558972431599,0.11112557951835512,-0.007554317182602547,0.002165325882488352,3.488766861236271
logs/muon_spectra/second_order_audit_20260926/step_spectrum/soaudit_traj_20260926__S_lr0.007_s260925_l40s__100.json,1,100,S,16,shared_muon_relative_1e-4,0.0,0.0025499344897389684,1,0.9988810463682781,0.4162558972431599,0.11112557951835512,-0.007554317182602547,0.002165325882488352,3.488766861236271
logs/muon_spectra/second_order_audit_20260926/step_spectrum/soaudit_traj_20260926__S_lr0.007_s260925_l40s__100.json,1,100,S,16,band_0.0001_0.001,0.03745966517915004,0.3745966517915004,0,0.0,-0.0,0.0,0.0,0.0,
logs/muon_spectra/second_order_audit_20260926/step_spectrum/soaudit_traj_20260926__S_lr0.007_s260925_l40s__100.json,1,100,S,16,band_0.001_0.01,0.3745966517915004,3.745966517915004,1,0.0008287580882468958,0.15102419453827653,0.19612708069926177,-0.0027408252359791873,0.0038216137628766834,0.717190539400836
logs/muon_spectra/second_order_audit_20260926/step_spectrum/soaudit_traj_20260926__S_lr0.007_s260925_l40s__100.json,1,100,S,16,band_0.01_0.1,3.745966517915004,37.45966517915004,2,0.0002477494921272116,0.21325753577424303,0.29376922898565594,-0.00387025163484411,0.005724209653243875,0.6761198260184027
logs/muon_spectra/second_order_audit_20260926/step_spectrum/soaudit_traj_20260926__S_lr0.007_s260925_l40s__100.json,1,100,S,16,band_0.1_inf,37.45966517915004,inf,12,4.244605134761803e-05,0.2194623724443206,0.3989781107967271,-0.003982858578271095,0.007774246340031562,0.5123144294723911
logs/muon_spectra/second_order_audit_20260926/step_spectrum/soaudit_traj_20260926__S_lr0.007_s260925_l40s__100.json,1,100,S,24,relative_1e-4,0.0,0.03745966517915004,1,0.9979514860116662,0.38625054327830244,0.06881929393251708,-0.007009772438544823,0.0013409711698469844,5.22738489548936
logs/muon_spectra/second_order_audit_20260926/step_spectrum/soaudit_traj_20260926__S_lr0.007_s260925_l40s__100.json,1,100,S,24,relative_1e-3,0.0,0.3745966517915004,1,0.9979514860116662,0.38625054327830244,0.06881929393251708,-0.007009772438544823,0.0013409711698469844,5.22738489548936
logs/muon_spectra/second_order_audit_20260926/step_spectrum/soaudit_traj_20260926__S_lr0.007_s260925_l40s__100.json,1,100,S,24,relative_1e-2,0.0,3.745966517915004,2,0.9994188601877677,0.48824417660339275,0.2032513641212569,-0.008860778662953225,0.003960433243996064,2.2373255947151702
logs/muon_spectra/second_order_audit_20260926/step_spectrum/soaudit_traj_20260926__S_lr0.007_s260925_l40s__100.json,1,100,S,24,absolute_1e-4,0.0,0.0001,0,0.0,-0.0,0.0,0.0,0.0,
logs/muon_spectra/second_order_audit_20260926/step_spectrum/soaudit_traj_20260926__S_lr0.007_s260925_l40s__100.json,1,100,S,24,absolute_1e-3,0.0,0.001,1,0.9979514860116662,0.38625054327830244,0.06881929393251708,-0.007009772438544823,0.0013409711698469844,5.22738489548936
logs/muon_spectra/second_order_audit_20260926/step_spectrum/soaudit_traj_20260926__S_lr0.007_s260925_l40s__100.json,1,100,S,24,absolute_1e-2,0.0,0.01,1,0.9979514860116662,0.38625054327830244,0.06881929393251708,-0.007009772438544823,0.0013409711698469844,5.22738489548936
logs/muon_spectra/second_order_audit_20260926/step_spectrum/soaudit_traj_20260926__S_lr0.007_s260925_l40s__100.json,1,100,S,24,shared_muon_relative_1e-4,0.0,0.0025499344897389684,1,0.9979514860116662,0.38625054327830244,0.06881929393251708,-0.007009772438544823,0.0013409711698469844,5.22738489548936
logs/muon_spectra/second_order_audit_20260926/step_spectrum/soaudit_traj_20260926__S_lr0.007_s260925_l40s__100.json,1,100,S,24,band_0.0001_0.001,0.03745966517915004,0.3745966517915004,0,0.0,-0.0,0.0,0.0,0.0,
logs/muon_spectra/second_order_audit_20260926/step_spectrum/soaudit_traj_20260926__S_lr0.007_s260925_l40s__100.json,1,100,S,24,band_0.001_0.01,0.3745966517915004,3.745966517915004,1,0.0014673741761014691,0.10199363332509029,0.13443207018873982,-0.001851006224408402,0.002619462074149079,0.7066360084673847
logs/muon_spectra/second_order_audit_20260926/step_spectrum/soaudit_traj_20260926__S_lr0.007_s260925_l40s__100.json,1,100,S,24,band_0.01_0.1,3.745966517915004,37.45966517915004,5,0.0005472026396021544,0.27518306597732245,0.4269291214239951,-0.004994091801321373,0.008318882840603718,0.6003320273902236
logs/muon_spectra/second_order_audit_20260926/step_spectrum/soaudit_traj_20260926__S_lr0.007_s260925_l40s__100.json,1,100,S,24,band_0.1_inf,37.45966517915004,inf,17,3.3937172630035555e-05,0.2365727574192848,0.369819514454748,-0.004293382167422336,0.0072060795540406794,0.5957999957154093
logs/muon_spectra/second_order_audit_20260926/step_spectrum/soaudit_traj_20260926__S_lr0.007_s260925_l40s__100.json,1,100,S,32,relative_1e-4,0.0,0.03745966517915004,1,0.9968753906868174,0.34157647829420584,0.04709249436672196,-0.006199016221128611,0.0009176158843460246,6.755567691100494
logs/muon_spectra/second_order_audit_20260926/step_spectrum/soaudit_traj_20260926__S_lr0.007_s260925_l40s__100.json,1,100,S,32,relative_1e-3,0.0,0.3745966517915004,1,0.9968753906868174,0.34157647829420584,0.04709249436672196,-0.006199016221128611,0.0009176158843460246,6.755567691100494
logs/muon_spectra/second_order_audit_20260926/step_spectrum/soaudit_traj_20260926__S_lr0.007_s260925_l40s__100.json,1,100,S,32,relative_1e-2,0.0,3.745966517915004,3,0.9995079727853309,0.4991439402474616,0.23010054016507225,-0.0090585903271916,0.0044836000617813135,2.0203832193705216
logs/muon_spectra/second_order_audit_20260926/step_spectrum/soaudit_traj_20260926__S_lr0.007_s260925_l40s__100.json,1,100,S,32,absolute_1e-4,0.0,0.0001,0,0.0,-0.0,0.0,0.0,0.0,
logs/muon_spectra/second_order_audit_20260926/step_spectrum/soaudit_traj_20260926__S_lr0.007_s260925_l40s__100.json,1,100,S,32,absolute_1e-3,0.0,0.001,1,0.9968753906868174,0.34157647829420584,0.04709249436672196,-0.006199016221128611,0.0009176158843460246,6.755567691100494
logs/muon_spectra/second_order_audit_20260926/step_spectrum/soaudit_traj_20260926__S_lr0.007_s260925_l40s__100.json,1,100,S,32,absolute_1e-2,0.0,0.01,1,0.9968753906868174,0.34157647829420584,0.04709249436672196,-0.006199016221128611,0.0009176158843460246,6.755567691100494
logs/muon_spectra/second_order_audit_20260926/step_spectrum/soaudit_traj_20260926__S_lr0.007_s260925_l40s__100.json,1,100,S,32,shared_muon_relative_1e-4,0.0,0.0025499344897389684,1,0.9968753906868174,0.34157647829420584,0.04709249436672196,-0.006199016221128611,0.0009176158843460246,6.755567691100494
logs/muon_spectra/second_order_audit_20260926/step_spectrum/soaudit_traj_20260926__S_lr0.007_s260925_l40s__100.json,1,100,S,32,band_0.0001_0.001,0.03745966517915004,0.3745966517915004,0,0.0,-0.0,0.0,0.0,0.0,
logs/muon_spectra/second_order_audit_20260926/step_spectrum/soaudit_traj_20260926__S_lr0.007_s260925_l40s__100.json,1,100,S,32,band_0.001_0.01,0.3745966517915004,3.745966517915004,2,0.002632582098513373,0.15756746195325574,0.18300804579835028,-0.002859574106062989,0.0035659841774352886,0.8019031952406583
logs/muon_spectra/second_order_audit_20260926/step_spectrum/soaudit_traj_20260926__S_lr0.007_s260925_l40s__100.json,1,100,S,32,band_0.01_0.1,3.745966517915004,37.45966517915004,6,0.00045444164312605483,0.2740153112564668,0.3875199136312088,-0.004972899093635443,0.007550978834955885,0.658576749098317
logs/muon_spectra/second_order_audit_20260926/step_spectrum/soaudit_traj_20260926__S_lr0.007_s260925_l40s__100.json,1,100,S,32,band_0.1_inf,37.45966517915004,inf,23,3.758557154317427e-05,0.22684074849607164,0.38237954620371906,-0.004116763210869947,0.007450816741903267,0.5525250926810937
logs/muon_spectra/second_order_audit_20260926/step_spectrum/soaudit_traj_20260926__S_lr0.007_s260925_l40s__100.json,1,100,S,40,relative_1e-4,0.0,0.03745966517915004,1,0.9956266764144027,0.3093396916852771,0.0339897025692675,-0.005613974873715651,0.0006623028022018921,8.47644741204692
logs/muon_spectra/second_order_audit_20260926/step_spectrum/soaudit_traj_20260926__S_lr0.007_s260925_l40s__100.json,1,100,S,40,relative_1e-3,0.0,0.3745966517915004,2,0.9985744307825215,0.4372596836666294,0.1091610545088444,-0.00793549920483788,0.0021270463354360327,3.7307599146452755
logs/muon_spectra/second_order_audit_20260926/step_spectrum/soaudit_traj_20260926__S_lr0.007_s260925_l40s__100.json,1,100,S,40,relative_1e-2,0.0,3.745966517915004,4,0.9995300433717887,0.5077848735400923,0.2381834834886807,-0.00921540816755988,0.004641099410366537,1.9856088725391214
logs/muon_spectra/second_order_audit_20260926/step_spectrum/soaudit_traj_20260926__S_lr0.007_s260925_l40s__100.json,1,100,S,40,absolute_1e-4,0.0,0.0001,0,0.0,-0.0,0.0,0.0,0.0,
logs/muon_spectra/second_order_audit_20260926/step_spectrum/soaudit_traj_20260926__S_lr0.007_s260925_l40s__100.json,1,100,S,40,absolute_1e-3,0.0,0.001,1,0.9956266764144027,0.3093396916852771,0.0339897025692675,-0.005613974873715651,0.0006623028022018921,8.47644741204692
logs/muon_spectra/second_order_audit_20260926/step_spectrum/soaudit_traj_20260926__S_lr0.007_s260925_l40s__100.json,1,100,S,40,absolute_1e-2,0.0,0.01,1,0.9956266764144027,0.3093396916852771,0.0339897025692675,-0.005613974873715651,0.0006623028022018921,8.47644741204692
logs/muon_spectra/second_order_audit_20260926/step_spectrum/soaudit_traj_20260926__S_lr0.007_s260925_l40s__100.json,1,100,S,40,shared_muon_relative_1e-4,0.0,0.0025499344897389684,1,0.9956266764144027,0.3093396916852771,0.0339897025692675,-0.005613974873715651,0.0006623028022018921,8.47644741204692
logs/muon_spectra/second_order_audit_20260926/step_spectrum/soaudit_traj_20260926__S_lr0.007_s260925_l40s__100.json,1,100,S,40,band_0.0001_0.001,0.03745966517915004,0.3745966517915004,1,0.002947754368118755,0.12791999198135226,0.07517135193957691,-0.0023215243311222283,0.0014647435332341408,1.5849357095274714
logs/muon_spectra/second_order_audit_20260926/step_spectrum/soaudit_traj_20260926__S_lr0.007_s260925_l40s__100.json,1,100,S,40,band_0.001_0.01,0.3745966517915004,3.745966517915004,2,0.0009556125892673129,0.070525189873463,0.12902242897983632,-0.0012799089627220017,0.002514053074930504,0.5091018067537744
logs/muon_spectra/second_order_audit_20260926/step_spectrum/soaudit_traj_20260926__S_lr0.007_s260925_l40s__100.json,1,100,S,40,band_0.01_0.1,3.745966517915004,37.45966517915004,9,0.00043534056198841136,0.2531864238340101,0.3895578702993647,-0.004594891182655512,0.007590689226929315,0.6053325390208733
logs/muon_spectra/second_order_audit_20260926/step_spectrum/soaudit_traj_20260926__S_lr0.007_s260925_l40s__100.json,1,100,S,40,band_0.1_inf,37.45966517915004,inf,27,3.461606622269195e-05,0.23902870262589757,0.3722586462119545,-0.004337953281481552,0.007253607001344629,0.5980408479088278
logs/muon_spectra/second_order_audit_20260926/step_spectrum/soaudit_traj_20260926__S_lr0.007_s260925_l40s__100.json,1,100,S,48,relative_1e-4,0.0,0.03745966517915004,1,0.9943378768386636,0.2890870227783847,0.02597808387203517,-0.0052464243219272596,0.0005061932421803906,10.364469306877089
logs/muon_spectra/second_order_audit_20260926/step_spectrum/soaudit_traj_20260926__S_lr0.007_s260925_l40s__100.json,1,100,S,48,relative_1e-3,0.0,0.3745966517915004,2,0.9980948754861687,0.4088397436195646,0.08638875723224773,-0.007419726953086073,0.0016833191134008108,4.407795820779337
logs/muon_spectra/second_order_audit_20260926/step_spectrum/soaudit_traj_20260926__S_lr0.007_s260925_l40s__100.json,1,100,S,48,relative_1e-2,0.0,3.745966517915004,5,0.9995397852867371,0.508168306810234,0.24190395701970807,-0.009222366811413816,0.004713594309081693,1.9565465771301234
logs/muon_spectra/second_order_audit_20260926/step_spectrum/soaudit_traj_20260926__S_lr0.007_s260925_l40s__100.json,1,100,S,48,absolute_1e-4,0.0,0.0001,0,0.0,-0.0,0.0,0.0,0.0,
logs/muon_spectra/second_order_audit_20260926/step_spectrum/soaudit_traj_20260926__S_lr0.007_s260925_l40s__100.json,1,100,S,48,absolute_1e-3,0.0,0.001,1,0.9943378768386636,0.2890870227783847,0.02597808387203517,-0.0052464243219272596,0.0005061932421803906,10.364469306877089
logs/muon_spectra/second_order_audit_20260926/step_spectrum/soaudit_traj_20260926__S_lr0.007_s260925_l40s__100.json,1,100,S,48,absolute_1e-2,0.0,0.01,1,0.9943378768386636,0.2890870227783847,0.02597808387203517,-0.0052464243219272596,0.0005061932421803906,10.364469306877089
logs/muon_spectra/second_order_audit_20260926/step_spectrum/soaudit_traj_20260926__S_lr0.007_s260925_l40s__100.json,1,100,S,48,shared_muon_relative_1e-4,0.0,0.0025499344897389684,1,0.9943378768386636,0.2890870227783847,0.02597808387203517,-0.0052464243219272596,0.0005061932421803906,10.364469306877089
logs/muon_spectra/second_order_audit_20260926/step_spectrum/soaudit_traj_20260926__S_lr0.007_s260925_l40s__100.json,1,100,S,48,band_0.0001_0.001,0.03745966517915004,0.3745966517915004,1,0.0037569986475050983,0.11975272084117984,0.06041067336021256,-0.0021733026311588134,0.0011771258712204202,1.8462788766213907
logs/muon_spectra/second_order_audit_20260926/step_spectrum/soaudit_traj_20260926__S_lr0.007_s260925_l40s__100.json,1,100,S,48,band_0.001_0.01,0.3745966517915004,3.745966517915004,3,0.001444909800568424,0.09932856319066928,0.1555151997874604,-0.0018026398583277415,0.003030275195680883,0.594876617442892
logs/muon_spectra/second_order_audit_20260926/step_spectrum/soaudit_traj_20260926__S_lr0.007_s260925_l40s__100.json,1,100,S,48,band_0.01_0.1,3.745966517915004,37.45966517915004,11,0.00042519154310897446,0.2569665421345545,0.3843557335090437,-0.004663493724551496,0.007489323533403581,0.6226855741712277
logs/muon_spectra/second_order_audit_20260926/step_spectrum/soaudit_traj_20260926__S_lr0.007_s260925_l40s__100.json,1,100,S,48,band_0.1_inf,37.45966517915004,inf,32,3.5023170153902564e-05,0.23486515105521166,0.3737403094712483,-0.004262392095731649,0.007282477796155203,0.5852942109870882
logs/muon_spectra/second_order_audit_20260926/step_spectrum/soaudit_traj_20260926__S_lr0.007_s260925_l40s__1300.json,1,1300,S,8,relative_1e-4,0.0,0.012843298927465685,1,0.9994440840985119,0.244839151220827,0.20101358284749632,-0.002208470860513574,0.0028813066050249877,0.7664824203928903
logs/muon_spectra/second_order_audit_20260926/step_spectrum/soaudit_traj_20260926__S_lr0.007_s260925_l40s__1300.json,1,1300,S,8,relative_1e-3,0.0,0.12843298927465685,1,0.9994440840985119,0.244839151220827,0.20101358284749632,-0.002208470860513574,0.0028813066050249877,0.7664824203928903
logs/muon_spectra/second_order_audit_20260926/step_spectrum/soaudit_traj_20260926__S_lr0.007_s260925_l40s__1300.json,1,1300,S,8,relative_1e-2,0.0,1.2843298927465685,1,0.9994440840985119,0.244839151220827,0.20101358284749632,-0.002208470860513574,0.0028813066050249877,0.7664824203928903
logs/muon_spectra/second_order_audit_20260926/step_spectrum/soaudit_traj_20260926__S_lr0.007_s260925_l40s__1300.json,1,1300,S,8,absolute_1e-4,0.0,0.0001,0,0.0,-0.0,0.0,0.0,0.0,
logs/muon_spectra/second_order_audit_20260926/step_spectrum/soaudit_traj_20260926__S_lr0.007_s260925_l40s__1300.json,1,1300,S,8,absolute_1e-3,0.0,0.001,0,0.0,-0.0,0.0,0.0,0.0,
logs/muon_spectra/second_order_audit_20260926/step_spectrum/soaudit_traj_20260926__S_lr0.007_s260925_l40s__1300.json,1,1300,S,8,absolute_1e-2,0.0,0.01,1,0.9994440840985119,0.244839151220827,0.20101358284749632,-0.002208470860513574,0.0028813066050249877,0.7664824203928903
logs/muon_spectra/second_order_audit_20260926/step_spectrum/soaudit_traj_20260926__S_lr0.007_s260925_l40s__1300.json,1,1300,S,8,shared_muon_relative_1e-4,0.0,0.001564682775046903,0,0.0,-0.0,0.0,0.0,0.0,
logs/muon_spectra/second_order_audit_20260926/step_spectrum/soaudit_traj_20260926__S_lr0.007_s260925_l40s__1300.json,1,1300,S,8,band_0.0001_0.001,0.012843298927465685,0.12843298927465685,0,0.0,-0.0,0.0,0.0,0.0,
logs/muon_spectra/second_order_audit_20260926/step_spectrum/soaudit_traj_20260926__S_lr0.007_s260925_l40s__1300.json,1,1300,S,8,band_0.001_0.01,0.12843298927465685,1.2843298927465685,0,0.0,-0.0,0.0,0.0,0.0,
logs/muon_spectra/second_order_audit_20260926/step_spectrum/soaudit_traj_20260926__S_lr0.007_s260925_l40s__1300.json,1,1300,S,8,band_0.01_0.1,1.2843298927465685,12.843298927465685,1,0.00041288574882817686,0.1433993487275827,0.20125017738659054,-0.001293474844616891,0.0028846979251464853,0.4483917824952878
logs/muon_spectra/second_order_audit_20260926/step_spectrum/soaudit_traj_20260926__S_lr0.007_s260925_l40s__1300.json,1,1300,S,8,band_0.1_inf,12.843298927465685,inf,6,0.0001430301526600004,0.6117615000515902,0.5977362397659132,-0.005518142991883907,0.008567885569240161,0.644049567106121
logs/muon_spectra/second_order_audit_20260926/step_spectrum/soaudit_traj_20260926__S_lr0.007_s260925_l40s__1300.json,1,1300,S,16,relative_1e-4,0.0,0.012843298927465685,1,0.9981837760966151,0.17739396289925924,0.11672187159302068,-0.0016001092796661958,0.0016730784796119972,0.9563862658954745
logs/muon_spectra/second_order_audit_20260926/step_spectrum/soaudit_traj_20260926__S_lr0.007_s260925_l40s__1300.json,1,1300,S,16,relative_1e-3,0.0,0.12843298927465685,1,0.9981837760966151,0.17739396289925924,0.11672187159302068,-0.0016001092796661958,0.0016730784796119972,0.9563862658954745
logs/muon_spectra/second_order_audit_20260926/step_spectrum/soaudit_traj_20260926__S_lr0.007_s260925_l40s__1300.json,1,1300,S,16,relative_1e-2,0.0,1.2843298927465685,2,0.9996012911164093,0.2880369645875966,0.2569826329477243,-0.00259811896859891,0.0036835608181301233,0.7053281042113447
logs/muon_spectra/second_order_audit_20260926/step_spectrum/soaudit_traj_20260926__S_lr0.007_s260925_l40s__1300.json,1,1300,S,16,absolute_1e-4,0.0,0.0001,0,0.0,-0.0,0.0,0.0,0.0,
logs/muon_spectra/second_order_audit_20260926/step_spectrum/soaudit_traj_20260926__S_lr0.007_s260925_l40s__1300.json,1,1300,S,16,absolute_1e-3,0.0,0.001,1,0.9981837760966151,0.17739396289925924,0.11672187159302068,-0.0016001092796661958,0.0016730784796119972,0.9563862658954745
logs/muon_spectra/second_order_audit_20260926/step_spectrum/soaudit_traj_20260926__S_lr0.007_s260925_l40s__1300.json,1,1300,S,16,absolute_1e-2,0.0,0.01,1,0.9981837760966151,0.17739396289925924,0.11672187159302068,-0.0016001092796661958,0.0016730784796119972,0.9563862658954745
logs/muon_spectra/second_order_audit_20260926/step_spectrum/soaudit_traj_20260926__S_lr0.007_s260925_l40s__1300.json,1,1300,S,16,shared_muon_relative_1e-4,0.0,0.001564682775046903,1,0.9981837760966151,0.17739396289925924,0.11672187159302068,-0.0016001092796661958,0.0016730784796119972,0.9563862658954745
logs/muon_spectra/second_order_audit_20260926/step_spectrum/soaudit_traj_20260926__S_lr0.007_s260925_l40s__1300.json,1,1300,S,16,band_0.0001_0.001,0.012843298927465685,0.12843298927465685,0,0.0,-0.0,0.0,0.0,0.0,
logs/muon_spectra/second_order_audit_20260926/step_spectrum/soaudit_traj_20260926__S_lr0.007_s260925_l40s__1300.json,1,1300,S,16,band_0.001_0.01,0.12843298927465685,1.2843298927465685,1,0.0014175150197942492,0.11064300168833734,0.1402607613547036,-0.000998009688932714,0.0020104823385181264,0.4964031117370177
logs/muon_spectra/second_order_audit_20260926/step_spectrum/soaudit_traj_20260926__S_lr0.007_s260925_l40s__1300.json,1,1300,S,16,band_0.01_0.1,1.2843298927465685,12.843298927465685,2,0.00027304522959226856,0.13642169026182227,0.17549791955260138,-0.0012305357463582593,0.0025155678915423753,0.4891681717259391
logs/muon_spectra/second_order_audit_20260926/step_spectrum/soaudit_traj_20260926__S_lr0.007_s260925_l40s__1300.json,1,1300,S,16,band_0.1_inf,12.843298927465685,inf,12,0.00012566365399832626,0.5755413451505812,0.5675194474996744,-0.005191433982057207,0.008134761389739153,0.638179011446539
logs/muon_spectra/second_order_audit_20260926/step_spectrum/soaudit_traj_20260926__S_lr0.007_s260925_l40s__1300.json,1,1300,S,24,relative_1e-4,0.0,0.012843298927465685,1,0.9960643339184243,0.15213515424973958,0.07488339909592297,-0.0013722725852666157,0.0010733704129113424,1.2784706647023647
logs/muon_spectra/second_order_audit_20260926/step_spectrum/soaudit_traj_20260926__S_lr0.007_s260925_l40s__1300.json,1,1300,S,24,relative_1e-3,0.0,0.12843298927465685,1,0.9960643339184243,0.15213515424973958,0.07488339909592297,-0.0013722725852666157,0.0010733704129113424,1.2784706647023647
logs/muon_spectra/second_order_audit_20260926/step_spectrum/soaudit_traj_20260926__S_lr0.007_s260925_l40s__1300.json,1,1300,S,24,relative_1e-2,0.0,1.2843298927465685,2,0.999209995591229,0.23810466680435402,0.19354439419982652,-0.0021477252137483294,0.002774244075817521,0.7741659187342529
logs/muon_spectra/second_order_audit_20260926/step_spectrum/soaudit_traj_20260926__S_lr0.007_s260925_l40s__1300.json,1,1300,S,24,absolute_1e-4,0.0,0.0001,0,0.0,-0.0,0.0,0.0,0.0,
logs/muon_spectra/second_order_audit_20260926/step_spectrum/soaudit_traj_20260926__S_lr0.007_s260925_l40s__1300.json,1,1300,S,24,absolute_1e-3,0.0,0.001,1,0.9960643339184243,0.15213515424973958,0.07488339909592297,-0.0013722725852666157,0.0010733704129113424,1.2784706647023647
logs/muon_spectra/second_order_audit_20260926/step_spectrum/soaudit_traj_20260926__S_lr0.007_s260925_l40s__1300.json,1,1300,S,24,absolute_1e-2,0.0,0.01,1,0.9960643339184243,0.15213515424973958,0.07488339909592297,-0.0013722725852666157,0.0010733704129113424,1.2784706647023647
logs/muon_spectra/second_order_audit_20260926/step_spectrum/soaudit_traj_20260926__S_lr0.007_s260925_l40s__1300.json,1,1300,S,24,shared_muon_relative_1e-4,0.0,0.001564682775046903,1,0.9960643339184243,0.15213515424973958,0.07488339909592297,-0.0013722725852666157,0.0010733704129113424,1.2784706647023647
logs/muon_spectra/second_order_audit_20260926/step_spectrum/soaudit_traj_20260926__S_lr0.007_s260925_l40s__1300.json,1,1300,S,24,band_0.0001_0.001,0.012843298927465685,0.12843298927465685,0,0.0,-0.0,0.0,0.0,0.0,
logs/muon_spectra/second_order_audit_20260926/step_spectrum/soaudit_traj_20260926__S_lr0.007_s260925_l40s__1300.json,1,1300,S,24,band_0.001_0.01,0.12843298927465685,1.2843298927465685,1,0.0031456616728047795,0.08596951255461445,0.11866099510390356,-0.0007754526284817139,0.0017008736629061788,0.45591430180460635
logs/muon_spectra/second_order_audit_20260926/step_spectrum/soaudit_traj_20260926__S_lr0.007_s260925_l40s__1300.json,1,1300,S,24,band_0.01_0.1,1.2843298927465685,12.843298927465685,5,0.000686929132884087,0.23080161168010496,0.2776800861795461,-0.0020818510087684174,0.003980235838092773,0.5230471493282135
logs/muon_spectra/second_order_audit_20260926/step_spectrum/soaudit_traj_20260926__S_lr0.007_s260925_l40s__1300.json,1,1300,S,24,band_0.1_inf,12.843298927465685,inf,17,0.00010307527588679057,0.531093721515541,0.5287755196206273,-0.004790512474497636,0.007579410185501366,0.6320429106292986
logs/muon_spectra/second_order_audit_20260926/step_spectrum/soaudit_traj_20260926__S_lr0.007_s260925_l40s__1300.json,1,1300,S,32,relative_1e-4,0.0,0.012843298927465685,1,0.9935564088786727,0.11568463252203544,0.05272970038851958,-0.0010434856462302735,0.0007558217303439431,1.3805975725988011
logs/muon_spectra/second_order_audit_20260926/step_spectrum/soaudit_traj_20260926__S_lr0.007_s260925_l40s__1300.json,1,1300,S,32,relative_1e-3,0.0,0.12843298927465685,1,0.9935564088786727,0.11568463252203544,0.05272970038851958,-0.0010434856462302735,0.0007558217303439431,1.3805975725988011
logs/muon_spectra/second_order_audit_20260926/step_spectrum/soaudit_traj_20260926__S_lr0.007_s260925_l40s__1300.json,1,1300,S,32,relative_1e-2,0.0,1.2843298927465685,3,0.9993747026403949,0.2580654473950615,0.21593582538804917,-0.002327773225138152,0.0030952003896380395,0.7520589726374284
logs/muon_spectra/second_order_audit_20260926/step_spectrum/soaudit_traj_20260926__S_lr0.007_s260925_l40s__1300.json,1,1300,S,32,absolute_1e-4,0.0,0.0001,0,0.0,-0.0,0.0,0.0,0.0,
logs/muon_spectra/second_order_audit_20260926/step_spectrum/soaudit_traj_20260926__S_lr0.007_s260925_l40s__1300.json,1,1300,S,32,absolute_1e-3,0.0,0.001,1,0.9935564088786727,0.11568463252203544,0.05272970038851958,-0.0010434856462302735,0.0007558217303439431,1.3805975725988011
logs/muon_spectra/second_order_audit_20260926/step_spectrum/soaudit_traj_20260926__S_lr0.007_s260925_l40s__1300.json,1,1300,S,32,absolute_1e-2,0.0,0.01,1,0.9935564088786727,0.11568463252203544,0.05272970038851958,-0.0010434856462302735,0.0007558217303439431,1.3805975725988011
logs/muon_spectra/second_order_audit_20260926/step_spectrum/soaudit_traj_20260926__S_lr0.007_s260925_l40s__1300.json,1,1300,S,32,shared_muon_relative_1e-4,0.0,0.001564682775046903,1,0.9935564088786727,0.11568463252203544,0.05272970038851958,-0.0010434856462302735,0.0007558217303439431,1.3805975725988011
logs/muon_spectra/second_order_audit_20260926/step_spectrum/soaudit_traj_20260926__S_lr0.007_s260925_l40s__1300.json,1,1300,S,32,band_0.0001_0.001,0.012843298927465685,0.12843298927465685,0,0.0,-0.0,0.0,0.0,0.0,
logs/muon_spectra/second_order_audit_20260926/step_spectrum/soaudit_traj_20260926__S_lr0.007_s260925_l40s__1300.json,1,1300,S,32,band_0.001_0.01,0.12843298927465685,1.2843298927465685,2,0.005818293761722135,0.14238081487302603,0.16320612499952958,-0.0012842875789078785,0.0023393786592940963,0.5489866182225541
logs/muon_spectra/second_order_audit_20260926/step_spectrum/soaudit_traj_20260926__S_lr0.007_s260925_l40s__1300.json,1,1300,S,32,band_0.01_0.1,1.2843298927465685,12.843298927465685,6,0.0005112144526541243,0.17142480360686704,0.23617641415733737,-0.0015462669334022107,0.003385326764604402,0.456755592863102
logs/muon_spectra/second_order_audit_20260926/step_spectrum/soaudit_traj_20260926__S_lr0.007_s260925_l40s__1300.json,1,1300,S,32,band_0.1_inf,12.843298927465685,inf,23,0.00011408290695102591,0.5705097489980715,0.5478877604546134,-0.005146048538474013,0.0078533629451692,0.6552668677613424
logs/muon_spectra/second_order_audit_20260926/step_spectrum/soaudit_traj_20260926__S_lr0.007_s260925_l40s__1300.json,1,1300,S,40,relative_1e-4,0.0,0.012843298927465685,1,0.990906592799644,0.08510334728913314,0.039605860622798125,-0.0007676397409607992,0.0005677060534598037,1.352178184964786
logs/muon_spectra/second_order_audit_20260926/step_spectrum/soaudit_traj_20260926__S_lr0.007_s260925_l40s__1300.json,1,1300,S,40,relative_1e-3,0.0,0.12843298927465685,2,0.9978954267956155,0.201664247727657,0.12497822139004458,-0.0018190294015201468,0.001791424090224837,1.0154097019493833
logs/muon_spectra/second_order_audit_20260926/step_spectrum/soaudit_traj_20260926__S_lr0.007_s260925_l40s__1300.json,1,1300,S,40,relative_1e-2,0.0,1.2843298927465685,4,0.9994378394489223,0.2614007650268442,0.22645845424674566,-0.002357858086009549,0.003246030595255493,0.7263819661638042
logs/muon_spectra/second_order_audit_20260926/step_spectrum/soaudit_traj_20260926__S_lr0.007_s260925_l40s__1300.json,1,1300,S,40,absolute_1e-4,0.0,0.0001,0,0.0,-0.0,0.0,0.0,0.0,
logs/muon_spectra/second_order_audit_20260926/step_spectrum/soaudit_traj_20260926__S_lr0.007_s260925_l40s__1300.json,1,1300,S,40,absolute_1e-3,0.0,0.001,1,0.990906592799644,0.08510334728913314,0.039605860622798125,-0.0007676397409607992,0.0005677060534598037,1.352178184964786
logs/muon_spectra/second_order_audit_20260926/step_spectrum/soaudit_traj_20260926__S_lr0.007_s260925_l40s__1300.json,1,1300,S,40,absolute_1e-2,0.0,0.01,1,0.990906592799644,0.08510334728913314,0.039605860622798125,-0.0007676397409607992,0.0005677060534598037,1.352178184964786
logs/muon_spectra/second_order_audit_20260926/step_spectrum/soaudit_traj_20260926__S_lr0.007_s260925_l40s__1300.json,1,1300,S,40,shared_muon_relative_1e-4,0.0,0.001564682775046903,1,0.990906592799644,0.08510334728913314,0.039605860622798125,-0.0007676397409607992,0.0005677060534598037,1.352178184964786
logs/muon_spectra/second_order_audit_20260926/step_spectrum/soaudit_traj_20260926__S_lr0.007_s260925_l40s__1300.json,1,1300,S,40,band_0.0001_0.001,0.012843298927465685,0.12843298927465685,1,0.006988833995971379,0.11656090043852388,0.08537236076724646,-0.0010513896605593477,0.0012237180367650332,0.8591764025467458
logs/muon_spectra/second_order_audit_20260926/step_spectrum/soaudit_traj_20260926__S_lr0.007_s260925_l40s__1300.json,1,1300,S,40,band_0.001_0.01,0.12843298927465685,1.2843298927465685,2,0.0015424126533069224,0.059736517299187164,0.10148023285670106,-0.0005388286844894021,0.001454606505030656,0.3704291728559582
logs/muon_spectra/second_order_audit_20260926/step_spectrum/soaudit_traj_20260926__S_lr0.007_s260925_l40s__1300.json,1,1300,S,40,band_0.01_0.1,1.2843298927465685,12.843298927465685,8,0.0004522883286289488,0.18133190481499462,0.23281558500927782,-0.0016356298650298203,0.003337153008953218,0.4901273212950091
logs/muon_spectra/second_order_audit_20260926/step_spectrum/soaudit_traj_20260926__S_lr0.007_s260925_l40s__1300.json,1,1300,S,40,band_0.1_inf,12.843298927465685,inf,28,0.00010987222244881746,0.5572673301581611,0.5407259607439766,-0.005026600745975009,0.007750706495202938,0.6485345237993555
logs/muon_spectra/second_order_audit_20260926/step_spectrum/soaudit_traj_20260926__S_lr0.007_s260925_l40s__1300.json,1,1300,S,48,relative_1e-4,0.0,0.012843298927465685,1,0.9879897381449299,0.07877181200435963,0.030505405815119742,-0.0007105287311038648,0.0004372611343918788,1.6249528604732573
logs/muon_spectra/second_order_audit_20260926/step_spectrum/soaudit_traj_20260926__S_lr0.007_s260925_l40s__1300.json,1,1300,S,48,relative_1e-3,0.0,0.12843298927465685,2,0.9969657652263413,0.16978165117549507,0.10280864174578645,-0.0015314455527285188,0.0014736477720538855,1.039220892380598
logs/muon_spectra/second_order_audit_20260926/step_spectrum/soaudit_traj_20260926__S_lr0.007_s260925_l40s__1300.json,1,1300,S,48,relative_1e-2,0.0,1.2843298927465685,5,0.9994581972876966,0.2632356916279656,0.2303072333888949,-0.0023744092867041718,0.003301198572495964,0.7192567289004166
logs/muon_spectra/second_order_audit_20260926/step_spectrum/soaudit_traj_20260926__S_lr0.007_s260925_l40s__1300.json,1,1300,S,48,absolute_1e-4,0.0,0.0001,0,0.0,-0.0,0.0,0.0,0.0,
logs/muon_spectra/second_order_audit_20260926/step_spectrum/soaudit_traj_20260926__S_lr0.007_s260925_l40s__1300.json,1,1300,S,48,absolute_1e-3,0.0,0.001,1,0.9879897381449299,0.07877181200435963,0.030505405815119742,-0.0007105287311038648,0.0004372611343918788,1.6249528604732573
logs/muon_spectra/second_order_audit_20260926/step_spectrum/soaudit_traj_20260926__S_lr0.007_s260925_l40s__1300.json,1,1300,S,48,absolute_1e-2,0.0,0.01,1,0.9879897381449299,0.07877181200435963,0.030505405815119742,-0.0007105287311038648,0.0004372611343918788,1.6249528604732573
logs/muon_spectra/second_order_audit_20260926/step_spectrum/soaudit_traj_20260926__S_lr0.007_s260925_l40s__1300.json,1,1300,S,48,shared_muon_relative_1e-4,0.0,0.001564682775046903,1,0.9879897381449299,0.07877181200435963,0.030505405815119742,-0.0007105287311038648,0.0004372611343918788,1.6249528604732573
logs/muon_spectra/second_order_audit_20260926/step_spectrum/soaudit_traj_20260926__S_lr0.007_s260925_l40s__1300.json,1,1300,S,48,band_0.0001_0.001,0.012843298927465685,0.12843298927465685,1,0.008976027081411417,0.09100983917113543,0.0723032359306667,-0.0008209168216246539,0.0010363866376620066,0.7920951426743278
logs/muon_spectra/second_order_audit_20260926/step_spectrum/soaudit_traj_20260926__S_lr0.007_s260925_l40s__1300.json,1,1300,S,48,band_0.001_0.01,0.12843298927465685,1.2843298927465685,3,0.002492432061355365,0.09345404045247059,0.12749859164310848,-0.0008429637339756532,0.0018275508004420788,0.46125324328699535
logs/muon_spectra/second_order_audit_20260926/step_spectrum/soaudit_traj_20260926__S_lr0.007_s260925_l40s__1300.json,1,1300,S,48,band_0.01_0.1,1.2843298927465685,12.843298927465685,9,0.0004214442936179801,0.15995106416817775,0.21214475877497765,-0.0014427727859787996,0.0030408596574467203,0.4744621417978343
logs/muon_spectra/second_order_audit_20260926/step_spectrum/soaudit_traj_20260926__S_lr0.007_s260925_l40s__1300.json,1,1300,S,48,band_0.1_inf,12.843298927465685,inf,34,0.00012035841868540269,0.5768132442038568,0.5575480078361275,-0.005202906624331396,0.007991831869468944,0.6510280382909417
logs/muon_spectra/second_order_audit_20260926/step_spectrum/soaudit_traj_20260926__S_lr0.007_s260925_l40s__500.json,1,500,S,8,relative_1e-4,0.0,0.01206098128701135,1,0.99916745414075,0.3062558840816453,0.25328766614810894,-0.003511410403207471,0.004380833541409972,0.8015393349269606
logs/muon_spectra/second_order_audit_20260926/step_spectrum/soaudit_traj_20260926__S_lr0.007_s260925_l40s__500.json,1,500,S,8,relative_1e-3,0.0,0.1206098128701135,1,0.99916745414075,0.3062558840816453,0.25328766614810894,-0.003511410403207471,0.004380833541409972,0.8015393349269606
logs/muon_spectra/second_order_audit_20260926/step_spectrum/soaudit_traj_20260926__S_lr0.007_s260925_l40s__500.json,1,500,S,8,relative_1e-2,0.0,1.206098128701135,1,0.99916745414075,0.3062558840816453,0.25328766614810894,-0.003511410403207471,0.004380833541409972,0.8015393349269606
logs/muon_spectra/second_order_audit_20260926/step_spectrum/soaudit_traj_20260926__S_lr0.007_s260925_l40s__500.json,1,500,S,8,absolute_1e-4,0.0,0.0001,0,0.0,-0.0,0.0,0.0,0.0,
logs/muon_spectra/second_order_audit_20260926/step_spectrum/soaudit_traj_20260926__S_lr0.007_s260925_l40s__500.json,1,500,S,8,absolute_1e-3,0.0,0.001,0,0.0,-0.0,0.0,0.0,0.0,
logs/muon_spectra/second_order_audit_20260926/step_spectrum/soaudit_traj_20260926__S_lr0.007_s260925_l40s__500.json,1,500,S,8,absolute_1e-2,0.0,0.01,1,0.99916745414075,0.3062558840816453,0.25328766614810894,-0.003511410403207471,0.004380833541409972,0.8015393349269606
logs/muon_spectra/second_order_audit_20260926/step_spectrum/soaudit_traj_20260926__S_lr0.007_s260925_l40s__500.json,1,500,S,8,shared_muon_relative_1e-4,0.0,0.0015909797501104336,0,0.0,-0.0,0.0,0.0,0.0,
logs/muon_spectra/second_order_audit_20260926/step_spectrum/soaudit_traj_20260926__S_lr0.007_s260925_l40s__500.json,1,500,S,8,band_0.0001_0.001,0.01206098128701135,0.1206098128701135,0,0.0,-0.0,0.0,0.0,0.0,
logs/muon_spectra/second_order_audit_20260926/step_spectrum/soaudit_traj_20260926__S_lr0.007_s260925_l40s__500.json,1,500,S,8,band_0.001_0.01,0.1206098128701135,1.206098128701135,0,0.0,-0.0,0.0,0.0,0.0,
logs/muon_spectra/second_order_audit_20260926/step_spectrum/soaudit_traj_20260926__S_lr0.007_s260925_l40s__500.json,1,500,S,8,band_0.01_0.1,1.206098128701135,12.060981287011352,1,0.0006712223149778238,0.17733482846952775,0.2414852316650539,-0.0020332519109180825,0.004176700029344576,0.4868082209957387
logs/muon_spectra/second_order_audit_20260926/step_spectrum/soaudit_traj_20260926__S_lr0.007_s260925_l40s__500.json,1,500,S,8,band_0.1_inf,12.060981287011352,inf,6,0.00016132354427208874,0.5164092874488271,0.505227102186837,-0.0059209472813830126,0.008738348254175281,0.6775819764969789
logs/muon_spectra/second_order_audit_20260926/step_spectrum/soaudit_traj_20260926__S_lr0.007_s260925_l40s__500.json,1,500,S,16,relative_1e-4,0.0,0.01206098128701135,1,0.9969287128314037,0.20445886522667023,0.13316976774039802,-0.0023442455270297037,0.00230328856549128,1.0177819497530862
logs/muon_spectra/second_order_audit_20260926/step_spectrum/soaudit_traj_20260926__S_lr0.007_s260925_l40s__500.json,1,500,S,16,relative_1e-3,0.0,0.1206098128701135,1,0.9969287128314037,0.20445886522667023,0.13316976774039802,-0.0023442455270297037,0.00230328856549128,1.0177819497530862
logs/muon_spectra/second_order_audit_20260926/step_spectrum/soaudit_traj_20260926__S_lr0.007_s260925_l40s__500.json,1,500,S,16,relative_1e-2,0.0,1.206098128701135,2,0.9994795744244426,0.36100214559237326,0.33780330490687216,-0.004139109664503097,0.0058426060417400075,0.70843552259608
logs/muon_spectra/second_order_audit_20260926/step_spectrum/soaudit_traj_20260926__S_lr0.007_s260925_l40s__500.json,1,500,S,16,absolute_1e-4,0.0,0.0001,0,0.0,-0.0,0.0,0.0,0.0,
logs/muon_spectra/second_order_audit_20260926/step_spectrum/soaudit_traj_20260926__S_lr0.007_s260925_l40s__500.json,1,500,S,16,absolute_1e-3,0.0,0.001,0,0.0,-0.0,0.0,0.0,0.0,
logs/muon_spectra/second_order_audit_20260926/step_spectrum/soaudit_traj_20260926__S_lr0.007_s260925_l40s__500.json,1,500,S,16,absolute_1e-2,0.0,0.01,1,0.9969287128314037,0.20445886522667023,0.13316976774039802,-0.0023442455270297037,0.00230328856549128,1.0177819497530862
logs/muon_spectra/second_order_audit_20260926/step_spectrum/soaudit_traj_20260926__S_lr0.007_s260925_l40s__500.json,1,500,S,16,shared_muon_relative_1e-4,0.0,0.0015909797501104336,1,0.9969287128314037,0.20445886522667023,0.13316976774039802,-0.0023442455270297037,0.00230328856549128,1.0177819497530862
logs/muon_spectra/second_order_audit_20260926/step_spectrum/soaudit_traj_20260926__S_lr0.007_s260925_l40s__500.json,1,500,S,16,band_0.0001_0.001,0.01206098128701135,0.1206098128701135,0,0.0,-0.0,0.0,0.0,0.0,
logs/muon_spectra/second_order_audit_20260926/step_spectrum/soaudit_traj_20260926__S_lr0.007_s260925_l40s__500.json,1,500,S,16,band_0.001_0.01,0.1206098128701135,1.206098128701135,1,0.002550861593038844,0.15654328036570297,0.20463353716647417,-0.0017948641374733927,0.003539317476248728,0.5071215423646436
logs/muon_spectra/second_order_audit_20260926/step_spectrum/soaudit_traj_20260926__S_lr0.007_s260925_l40s__500.json,1,500,S,16,band_0.01_0.1,1.206098128701135,12.060981287011352,2,0.0003735013126746017,0.14868048202933737,0.17989252852491722,-0.0017047123614204102,0.0031113999145547908,0.5478923983528928
logs/muon_spectra/second_order_audit_20260926/step_spectrum/soaudit_traj_20260926__S_lr0.007_s260925_l40s__500.json,1,500,S,16,band_0.1_inf,12.060981287011352,inf,12,0.00014692426288290703,0.4903173723782895,0.4823041665682106,-0.005621787569585065,0.008341875868635055,0.6739236663449577
logs/muon_spectra/second_order_audit_20260926/step_spectrum/soaudit_traj_20260926__S_lr0.007_s260925_l40s__500.json,1,500,S,24,relative_1e-4,0.0,0.01206098128701135,1,0.9938715246913221,0.16837229072115406,0.08206841027134089,-0.001930490952110223,0.0014194455256129712,1.3600317287812524
logs/muon_spectra/second_order_audit_20260926/step_spectrum/soaudit_traj_20260926__S_lr0.007_s260925_l40s__500.json,1,500,S,24,relative_1e-3,0.0,0.1206098128701135,1,0.9938715246913221,0.16837229072115406,0.08206841027134089,-0.001930490952110223,0.0014194455256129712,1.3600317287812524
logs/muon_spectra/second_order_audit_20260926/step_spectrum/soaudit_traj_20260926__S_lr0.007_s260925_l40s__500.json,1,500,S,24,relative_1e-2,0.0,1.206098128701135,2,0.9987763815356561,0.28292634633790603,0.2462339130738527,-0.0032439230313940767,0.004258832661815406,0.7616930011077953
logs/muon_spectra/second_order_audit_20260926/step_spectrum/soaudit_traj_20260926__S_lr0.007_s260925_l40s__500.json,1,500,S,24,absolute_1e-4,0.0,0.0001,0,0.0,-0.0,0.0,0.0,0.0,
logs/muon_spectra/second_order_audit_20260926/step_spectrum/soaudit_traj_20260926__S_lr0.007_s260925_l40s__500.json,1,500,S,24,absolute_1e-3,0.0,0.001,1,0.9938715246913221,0.16837229072115406,0.08206841027134089,-0.001930490952110223,0.0014194455256129712,1.3600317287812524
logs/muon_spectra/second_order_audit_20260926/step_spectrum/soaudit_traj_20260926__S_lr0.007_s260925_l40s__500.json,1,500,S,24,absolute_1e-2,0.0,0.01,1,0.9938715246913221,0.16837229072115406,0.08206841027134089,-0.001930490952110223,0.0014194455256129712,1.3600317287812524
logs/muon_spectra/second_order_audit_20260926/step_spectrum/soaudit_traj_20260926__S_lr0.007_s260925_l40s__500.json,1,500,S,24,shared_muon_relative_1e-4,0.0,0.0015909797501104336,1,0.9938715246913221,0.16837229072115406,0.08206841027134089,-0.001930490952110223,0.0014194455256129712,1.3600317287812524
logs/muon_spectra/second_order_audit_20260926/step_spectrum/soaudit_traj_20260926__S_lr0.007_s260925_l40s__500.json,1,500,S,24,band_0.0001_0.001,0.01206098128701135,0.1206098128701135,0,0.0,-0.0,0.0,0.0,0.0,
logs/muon_spectra/second_order_audit_20260926/step_spectrum/soaudit_traj_20260926__S_lr0.007_s260925_l40s__500.json,1,500,S,24,band_0.001_0.01,0.1206098128701135,1.206098128701135,1,0.004904856844333955,0.11455405561675196,0.1641655028025118,-0.0013134320792838538,0.002839387136202435,0.4625759067995624
logs/muon_spectra/second_order_audit_20260926/step_spectrum/soaudit_traj_20260926__S_lr0.007_s260925_l40s__500.json,1,500,S,24,band_0.01_0.1,1.206098128701135,12.060981287011352,4,0.0010732132756307504,0.22712957764549627,0.26828103222736543,-0.002604179064876011,0.00464015702927471,0.5612264948031431
logs/muon_spectra/second_order_audit_20260926/step_spectrum/soaudit_traj_20260926__S_lr0.007_s260925_l40s__500.json,1,500,S,24,band_0.1_inf,12.060981287011352,inf,18,0.0001504051887132749,0.4899440760165978,0.4854850546987817,-0.005617507499238485,0.008396892133839734,0.668998411519395
logs/muon_spectra/second_order_audit_20260926/step_spectrum/soaudit_traj_20260926__S_lr0.007_s260925_l40s__500.json,1,500,S,32,relative_1e-4,0.0,0.01206098128701135,1,0.9905879336647365,0.1333320790970957,0.05646345722327898,-0.0015287335654847669,0.0009765852835608136,1.5653866500124975
logs/muon_spectra/second_order_audit_20260926/step_spectrum/soaudit_traj_20260926__S_lr0.007_s260925_l40s__500.json,1,500,S,32,relative_1e-3,0.0,0.1206098128701135,1,0.9905879336647365,0.1333320790970957,0.05646345722327898,-0.0015287335654847669,0.0009765852835608136,1.5653866500124975
logs/muon_spectra/second_order_audit_20260926/step_spectrum/soaudit_traj_20260926__S_lr0.007_s260925_l40s__500.json,1,500,S,32,relative_1e-2,0.0,1.206098128701135,3,0.9991098319139109,0.3137741265871447,0.28357009501904384,-0.003597611636619884,0.004904594852533504,0.7335186177022373
logs/muon_spectra/second_order_audit_20260926/step_spectrum/soaudit_traj_20260926__S_lr0.007_s260925_l40s__500.json,1,500,S,32,absolute_1e-4,0.0,0.0001,0,0.0,-0.0,0.0,0.0,0.0,
logs/muon_spectra/second_order_audit_20260926/step_spectrum/soaudit_traj_20260926__S_lr0.007_s260925_l40s__500.json,1,500,S,32,absolute_1e-3,0.0,0.001,1,0.9905879336647365,0.1333320790970957,0.05646345722327898,-0.0015287335654847669,0.0009765852835608136,1.5653866500124975
logs/muon_spectra/second_order_audit_20260926/step_spectrum/soaudit_traj_20260926__S_lr0.007_s260925_l40s__500.json,1,500,S,32,absolute_1e-2,0.0,0.01,1,0.9905879336647365,0.1333320790970957,0.05646345722327898,-0.0015287335654847669,0.0009765852835608136,1.5653866500124975
logs/muon_spectra/second_order_audit_20260926/step_spectrum/soaudit_traj_20260926__S_lr0.007_s260925_l40s__500.json,1,500,S,32,shared_muon_relative_1e-4,0.0,0.0015909797501104336,1,0.9905879336647365,0.1333320790970957,0.05646345722327898,-0.0015287335654847669,0.0009765852835608136,1.5653866500124975
logs/muon_spectra/second_order_audit_20260926/step_spectrum/soaudit_traj_20260926__S_lr0.007_s260925_l40s__500.json,1,500,S,32,band_0.0001_0.001,0.01206098128701135,0.1206098128701135,0,0.0,-0.0,0.0,0.0,0.0,
logs/muon_spectra/second_order_audit_20260926/step_spectrum/soaudit_traj_20260926__S_lr0.007_s260925_l40s__500.json,1,500,S,32,band_0.001_0.01,0.1206098128701135,1.206098128701135,2,0.008521898249174384,0.18044204749004902,0.22710663779576484,-0.0020688780711351175,0.00392800956897269,0.5266988368554816
logs/muon_spectra/second_order_audit_20260926/step_spectrum/soaudit_traj_20260926__S_lr0.007_s260925_l40s__500.json,1,500,S,32,band_0.01_0.1,1.206098128701135,12.060981287011352,5,0.0007347198465768757,0.19016891443589823,0.22545589167206428,-0.002180402530123681,0.0038994584590942042,0.5591552142422775
logs/muon_spectra/second_order_audit_20260926/step_spectrum/soaudit_traj_20260926__S_lr0.007_s260925_l40s__500.json,1,500,S,32,band_0.1_inf,12.060981287011352,inf,24,0.00015544823951212385,0.496056958976957,0.49097401330889184,-0.005687595428764995,0.008491828513302116,0.6697727609378357
logs/muon_spectra/second_order_audit_20260926/step_spectrum/soaudit_traj_20260926__S_lr0.007_s260925_l40s__500.json,1,500,S,40,relative_1e-4,0.0,0.01206098128701135,1,0.9869481413037491,0.1271259852817657,0.04051447164393237,-0.0014575769166850943,0.0007007335137529252,2.080073077822032
logs/muon_spectra/second_order_audit_20260926/step_spectrum/soaudit_traj_20260926__S_lr0.007_s260925_l40s__500.json,1,500,S,40,relative_1e-3,0.0,0.1206098128701135,2,0.9964954156488175,0.20698735356273412,0.14456506799279234,-0.00237323618715781,0.0025003803320162834,0.9491500779979558
logs/muon_spectra/second_order_audit_20260926/step_spectrum/soaudit_traj_20260926__S_lr0.007_s260925_l40s__500.json,1,500,S,40,relative_1e-2,0.0,1.206098128701135,4,0.999204355564654,0.32222117952915397,0.2968891443906718,-0.0036944622478855584,0.005134959556485592,0.7194725113695108
logs/muon_spectra/second_order_audit_20260926/step_spectrum/soaudit_traj_20260926__S_lr0.007_s260925_l40s__500.json,1,500,S,40,absolute_1e-4,0.0,0.0001,0,0.0,-0.0,0.0,0.0,0.0,
logs/muon_spectra/second_order_audit_20260926/step_spectrum/soaudit_traj_20260926__S_lr0.007_s260925_l40s__500.json,1,500,S,40,absolute_1e-3,0.0,0.001,1,0.9869481413037491,0.1271259852817657,0.04051447164393237,-0.0014575769166850943,0.0007007335137529252,2.080073077822032
logs/muon_spectra/second_order_audit_20260926/step_spectrum/soaudit_traj_20260926__S_lr0.007_s260925_l40s__500.json,1,500,S,40,absolute_1e-2,0.0,0.01,1,0.9869481413037491,0.1271259852817657,0.04051447164393237,-0.0014575769166850943,0.0007007335137529252,2.080073077822032
logs/muon_spectra/second_order_audit_20260926/step_spectrum/soaudit_traj_20260926__S_lr0.007_s260925_l40s__500.json,1,500,S,40,shared_muon_relative_1e-4,0.0,0.0015909797501104336,1,0.9869481413037491,0.1271259852817657,0.04051447164393237,-0.0014575769166850943,0.0007007335137529252,2.080073077822032
logs/muon_spectra/second_order_audit_20260926/step_spectrum/soaudit_traj_20260926__S_lr0.007_s260925_l40s__500.json,1,500,S,40,band_0.0001_0.001,0.01206098128701135,0.1206098128701135,1,0.009547274345068447,0.07986136828096846,0.10405059634885998,-0.0009156592704727159,0.0017996468182633583,0.5087994272989176
logs/muon_spectra/second_order_audit_20260926/step_spectrum/soaudit_traj_20260926__S_lr0.007_s260925_l40s__500.json,1,500,S,40,band_0.001_0.01,0.1206098128701135,1.206098128701135,2,0.0027089399158365807,0.11523382596641987,0.1523240763978795,-0.0013212260607277486,0.0026345792244693083,0.5014941469425303
logs/muon_spectra/second_order_audit_20260926/step_spectrum/soaudit_traj_20260926__S_lr0.007_s260925_l40s__500.json,1,500,S,40,band_0.01_0.1,1.206098128701135,12.060981287011352,7,0.0006495316667452191,0.1948131825179321,0.22318992780930103,-0.0022336518948091653,0.003860266615904292,0.5786263274164855
logs/muon_spectra/second_order_audit_20260926/step_spectrum/soaudit_traj_20260926__S_lr0.007_s260925_l40s__500.json,1,500,S,40,band_0.1_inf,12.060981287011352,inf,29,0.00014611276860062577,0.48296563795291386,0.47992092780002726,-0.005537495452813849,0.008300655652539957,0.6671154285408051
logs/muon_spectra/second_order_audit_20260926/step_spectrum/soaudit_traj_20260926__S_lr0.007_s260925_l40s__500.json,1,500,S,48,relative_1e-4,0.0,0.01206098128701135,1,0.9833973010532774,0.12077678295207442,0.03077763447900921,-0.0013847794415299609,0.0005323263287998297,2.601373192740723
logs/muon_spectra/second_order_audit_20260926/step_spectrum/soaudit_traj_20260926__S_lr0.007_s260925_l40s__500.json,1,500,S,48,relative_1e-3,0.0,0.1206098128701135,2,0.9950937487733093,0.18176205258176062,0.11581827592995557,-0.002084012734180769,0.002003179213651629,1.040352615471577
logs/muon_spectra/second_order_audit_20260926/step_spectrum/soaudit_traj_20260926__S_lr0.007_s260925_l40s__500.json,1,500,S,48,relative_1e-2,0.0,1.206098128701135,5,0.9992498666173533,0.33048411554188,0.30381352976352055,-0.0037892018463201436,0.005254722907604659,0.7211040264057299
logs/muon_spectra/second_order_audit_20260926/step_spectrum/soaudit_traj_20260926__S_lr0.007_s260925_l40s__500.json,1,500,S,48,absolute_1e-4,0.0,0.0001,0,0.0,-0.0,0.0,0.0,0.0,
logs/muon_spectra/second_order_audit_20260926/step_spectrum/soaudit_traj_20260926__S_lr0.007_s260925_l40s__500.json,1,500,S,48,absolute_1e-3,0.0,0.001,1,0.9833973010532774,0.12077678295207442,0.03077763447900921,-0.0013847794415299609,0.0005323263287998297,2.601373192740723
logs/muon_spectra/second_order_audit_20260926/step_spectrum/soaudit_traj_20260926__S_lr0.007_s260925_l40s__500.json,1,500,S,48,absolute_1e-2,0.0,0.01,1,0.9833973010532774,0.12077678295207442,0.03077763447900921,-0.0013847794415299609,0.0005323263287998297,2.601373192740723
logs/muon_spectra/second_order_audit_20260926/step_spectrum/soaudit_traj_20260926__S_lr0.007_s260925_l40s__500.json,1,500,S,48,shared_muon_relative_1e-4,0.0,0.0015909797501104336,1,0.9833973010532774,0.12077678295207442,0.03077763447900921,-0.0013847794415299609,0.0005323263287998297,2.601373192740723
logs/muon_spectra/second_order_audit_20260926/step_spectrum/soaudit_traj_20260926__S_lr0.007_s260925_l40s__500.json,1,500,S,48,band_0.0001_0.001,0.01206098128701135,0.1206098128701135,1,0.011696447720031826,0.0609852696296862,0.08504064145094636,-0.0006992332926508077,0.0014708528848517992,0.47539308645491174
logs/muon_spectra/second_order_audit_20260926/step_spectrum/soaudit_traj_20260926__S_lr0.007_s260925_l40s__500.json,1,500,S,48,band_0.001_0.01,0.1206098128701135,1.206098128701135,3,0.0041561178440440135,0.1487220629601193,0.187995253833565,-0.0017051891121393744,0.0032515436939530304,0.5244244803815964
logs/muon_spectra/second_order_audit_20260926/step_spectrum/soaudit_traj_20260926__S_lr0.007_s260925_l40s__500.json,1,500,S,48,band_0.01_0.1,1.206098128701135,12.060981287011352,9,0.0006068618054796964,0.18989772088243698,0.2199016198227292,-0.0021772931307148784,0.003803392429564576,0.572460815189702
logs/muon_spectra/second_order_audit_20260926/step_spectrum/soaudit_traj_20260926__S_lr0.007_s260925_l40s__500.json,1,500,S,48,band_0.1_inf,12.060981287011352,inf,34,0.0001432715771669912,0.47961816357568315,0.4762848504137502,-0.005499114618473554,0.008237766487760614,0.6675492230380585
