run,block,role,kind,rho1_state,rho1_fresh,rho1_1M_batch,median_state,crossfit_over_sigma1,z1,align_u1,align_v1,reading,mean_share,pos0_share,first4_share,sign_consistency,top1pct,cos_meanx_v1,cos_meangrad_u1,cos_pos0x_v1,v1_participation,u1_participation,meanx_participation,band_mode1_ratio,band_modes2-5_ratio,band_to_q0.1_ratio,band_q0.1-q0.5_ratio,band_q0.5-q0.9_ratio,band_below_q0.9_ratio,band_mode1_z,band_modes2-5_z,band_to_q0.1_z,band_q0.1-q0.5_z,band_q0.5-q0.9_z,band_below_q0.9_z,band_mode1_reading,band_modes2-5_reading,band_to_q0.1_reading,band_q0.1-q0.5_reading,band_q0.5-q0.9_reading,band_below_q0.9_reading,ns_in_sample,ns_cross_fitted,edge_over_frob,edge2_over_frob,modes_above_edge2
muon_d8,1,,q,0.3846543023059491,0.5421102698465359,0.31693795323371887,0.010913225500402187,0.7283154683231614,7.049622734185091,0.9870085541420183,0.3860658126536905,distributed,-0.023297160555524214,-7.630958854398349e-10,-0.0007651967420351348,0.0033923910921725255,0.15087235455469689,0.14052808304428122,-0.2518504255668135,0.031019583948251415,177.44492422096707,43.44082197165499,170.59356283696988,0.7283154683231614,0.4645029875432584,0.3271479898146118,0.18507942855490894,0.1308198775361536,-0.0037867372216912063,7.049622734185091,6.408400626429726,23.39826527965043,39.35099539538868,15.592796490705934,-0.06007691084589588,signal,mixed,mixed,noise,noise,noise,1.0008169069351043,1.0007829033073599,0.41451156892465757,0.17731978848651136,3
muon_d8,1,,k,0.1510584641166756,0.22016958177859242,0.15068089962005615,0.011952262652169176,0.6292132745844508,5.618731042783389,0.3587918553618756,0.9057775148146473,distributed,0.00032467963840348516,-0.01796652596471585,0.0012803936839069934,0.006330344441690038,0.18641634840826715,0.4461867700480679,0.21546974384516906,0.15348537592132505,164.10552662187396,138.56176029374873,170.59356283696988,0.6292132745844508,0.6387219900485486,0.37743482158011177,0.20724921000293273,0.12079009538679399,-0.0498994319688782,5.618731042783389,11.501603828648728,25.321386736679546,42.091971936340634,13.907664639224308,-0.753092070899036,signal,signal,mixed,mixed,noise,noise,1.0007953046951825,1.0002239337072314,0.3032429296394009,0.22139924394349225,3
muon_d8,1,,v,0.2505124550792321,0.5638302292738693,0.3641107678413391,0.006881222012655454,1.4354734087190828,14.914204378801807,0.36804314951017086,0.9881829537625351,mean,0.6206339954026585,0.007844858380310073,0.03770183610519009,0.03307959929942093,0.11191615807155163,-0.686130414588031,-0.31858668557615083,-0.18863561799476788,156.26549012293862,166.75861399592725,170.59356283696988,1.4354734087190828,0.9994379236877842,0.5864390615393483,0.3465256511217127,0.18837489625483655,0.04314222582881846,14.914204378801807,23.102994490387427,65.14778323059707,64.08392996112111,19.285767293958685,0.5136923839853292,signal,signal,signal,mixed,noise,noise,0.9979365943902987,0.9977635594671528,0.4802763347078668,0.2767114592717767,2
muon_d8,1,,o,0.5071639768381005,0.8050259508210796,0.5832893252372742,0.006579107768550032,1.7283811401601543,23.64005944497364,0.4521192894419055,0.9955186051258759,mean,1.0633660886831884,-0.0024584242874248043,0.0006315830091636834,0.012178620504848085,0.06874133927558666,0.9925190062624447,0.4516607844145478,0.1687758289248781,102.74719606059348,184.34614831445705,103.3634183167099,1.7283811401601543,0.8175421068915145,0.604496354172348,0.3862191519735839,0.23566387177959053,0.001260481574624982,23.64005944497364,22.578766088358336,65.97343147093306,77.02976490896495,26.404460000159325,0.014024812488206629,signal,signal,signal,mixed,mixed,noise,0.999746434796093,1.0038343507548928,0.5260026081354566,0.22119959477345186,2
muon_d8,1,,up,0.7803075219064015,0.9108888630275382,0.8116726279258728,0.007235195590916455,1.4888776915016588,29.934412597724357,0.4301280199291707,0.9985165942084904,mean,1.0000927518626945,-0.0010584529013823883,0.0009750392449640585,0.014256396361785738,0.06756247117699442,-0.9985043130780247,-0.4240865746060435,-0.14617570211318937,151.34657687447802,583.8525361052408,150.82480922609244,1.4888776915016588,0.8089413442758815,0.5959478378809192,0.3465461429406653,0.22213026196870028,0.19641769183263486,29.934412597724357,23.24040845044522,68.51840725196163,102.782847609035,90.83580124782657,33.397724225039354,signal,signal,signal,mixed,mixed,noise,1.0135645179236819,1.009201949485261,0.6510330313030773,0.1988652256665842,2
muon_d8,1,,down,0.5352162948598667,0.7692188423878499,0.6121739745140076,0.011146199954149314,1.4773969085847256,21.83032605293104,0.377194940589335,0.9969838923429263,mean,0.944408917767123,-0.005077771518357327,-0.002808240742103592,0.013263138285567588,0.06079157929698365,0.9974055304561643,0.3677621741318545,0.24305883871116832,30.483374336799155,164.60908475872267,29.39117770615774,1.4773969085847256,0.9235065410284524,0.6857860554421931,0.3792604497916788,0.24504134894749086,0.1939355635110835,21.83032605293104,25.08116830193164,68.45439157893786,102.03598567818503,72.9062795299464,26.439855993015396,signal,signal,signal,mixed,mixed,noise,1.0062156774615716,1.005200798244608,0.5579708376347647,0.21798371882524517,3
muon_d8,2,early,q,0.4404050873249367,0.6402702457227684,0.504946231842041,0.004088952990198085,1.3763053033376949,12.769141649843178,0.9104545641854958,0.5587965113503666,distributed,0.295614830813183,-1.7924498831757592e-09,-0.005737247690481009,0.0007579278373819781,0.08039476346017722,-0.42481176104222923,-0.46747347355046387,-0.19036883416509187,167.20718805727492,30.974176912848094,194.72195988680872,1.3763053033376949,0.6754938225937192,0.3683618987307542,0.21621166894586905,0.15389614655138434,0.17459478954887203,12.769141649843178,10.765834341534212,35.33123348329239,38.70740058231043,18.95585828666558,2.542771396545951,signal,signal,mixed,mixed,noise,noise,0.9996234478658874,1.0056420938864052,0.5051887172452474,0.3785340018645195,2
muon_d8,2,early,k,0.3714365088813577,0.5840517515335449,0.44173410534858704,0.004470777480271063,0.7042996983574239,6.505052479858988,0.24911583443933819,0.9722307564064817,sink,0.0001650301859063034,0.6238600470922622,0.6218195777393356,0.005008694643649539,0.161123895712447,0.34249903103644735,0.006406912594527282,-0.6254620723655353,195.70950338127992,29.273771531893424,194.72195988680872,0.7042996983574238,0.786377638500597,0.525413204764321,0.2271512477858692,0.14855523866204728,0.005679286590705088,6.505052479858988,11.920236548030095,24.83413823724216,39.66944566268444,20.53142298036583,0.07915685099387099,signal,signal,signal,mixed,noise,noise,1.0004047987376523,1.0035277155631535,0.45021909612296995,0.23787259735356728,4
muon_d8,2,early,v,0.8601320309785706,0.9404280373734761,0.8986773490905762,0.0022224471022364847,1.2379750775916238,14.800372987417978,0.3110893585994283,0.9995569833375377,mean,0.9776030105698216,0.043602371470508015,0.05552739624622469,0.02347223059964211,0.09886846053104713,0.9868112414955963,0.30891589891688426,0.6214652742653171,194.83424172682314,175.22033394900512,194.72195988680872,1.2379750775916238,0.9779247467927211,0.549836668823249,0.34153728856199367,0.23533553329009593,0.06267469907751133,14.800372987417978,20.893218652504732,51.37995287883,68.10850732126919,29.88532411748796,0.8452255466102733,signal,signal,signal,mixed,mixed,noise,0.9831904974105717,0.9894034731726518,0.7142671656969327,0.19671172245337232,2
muon_d8,2,early,o,0.45787048842680056,0.5893874429902755,0.43428388237953186,0.007561447847698064,1.253048092482344,26.90456231984733,0.32862691762049256,0.33793872835551886,distributed,0.4138218782831699,-0.005503496071392309,0.0006040740433194889,0.013020690111280264,0.08528234136572568,-0.4940395074585693,-0.291383379820313,0.8561954712447871,60.913367774733764,192.35309479422492,37.40744360928501,1.253048092482344,1.000984617375602,0.5570392537989514,0.3288391501913867,0.2220900282961796,0.1642415748750182,26.90456231984733,21.286245699090586,55.04330191065938,88.62278908319308,33.243782346924014,2.2563461471238533,signal,signal,signal,mixed,mixed,noise,1.0028193493557604,1.0025131863213834,0.4831249201991136,0.3713687377455146,2
muon_d8,2,early,up,0.7517969547495923,0.8909220863867027,0.7782790064811707,0.00848078733824898,1.165338383562543,32.83444211373521,0.35597611404351787,0.9993172307476068,mean,0.9861634511260072,-0.006593406655110815,0.0004975474146265034,0.01717443990959996,0.0692138555629985,-0.9958976573099378,-0.3490606430710498,-0.5699925884290296,199.28535046449963,587.8060173394114,194.53613967546642,1.165338383562543,0.7721277069506913,0.49791449871651344,0.3161663452253404,0.2371391769111701,0.20158185813102272,32.83444211373521,26.846839634551568,68.37740846693,117.08015097675994,88.75334951923128,38.00103333155552,signal,signal,mixed,mixed,mixed,mixed,1.0097557206736252,1.0009827027449096,0.6606629391413219,0.24257959663188902,2
muon_d8,2,early,down,0.3736966243591061,0.5185155917516037,0.33940979838371277,0.01866043589881042,0.7494120049797159,10.980098585665377,0.2576081329543056,0.9822839097782436,sink,0.0019784873656810637,0.8541193228044656,0.8553689770455707,0.03530143255615753,0.5300098499578998,-0.01585008221544692,-0.07397190273639007,0.985033731225778,44.21079817440144,189.7983962261534,222.97910873591184,0.7494120049797159,1.036579568598687,0.6485768181947975,0.34638383205144363,0.228413135969242,0.22179500377382858,10.980098585665377,28.843768207257824,66.63712430394045,122.40615042748901,88.18119790126507,31.76108952049317,signal,signal,signal,mixed,mixed,mixed,1.0016649927078067,1.0009926555051443,0.4159798420226754,0.26581784074399706,2
muon_d8,3,,q,0.7820883881249858,0.8922140125405869,0.7672148942947388,0.006029033901772147,1.8326387173956815,8.051725842193212,0.6352360685345803,0.9922161156276044,mean,1.0147724226660577,4.2711234127458386e-09,0.0010743018065888827,0.006348303588337521,0.11826924774997401,-0.9929022311403101,-0.6381750675044399,-0.5117622838494569,195.02846107466186,109.48105026474529,197.64775369072981,1.832638717395682,0.8155834772482022,0.436554073955917,0.2439878242789418,0.1758453752742733,0.14800919242576085,8.051725842193212,12.52849858544157,37.759869977245366,46.41834656453239,25.748177071962125,1.769875760580906,signal,signal,mixed,mixed,noise,noise,1.0054871908342011,1.0111443971120593,0.6042099745183968,0.23668262091724065,2
muon_d8,3,,k,0.2821177506259587,0.42403168719586093,0.3469770550727844,0.005954744329916581,2.382497837004328,5.929254954507236,0.8046449218778001,0.9275665932675516,sink,5.9440924731465596e-05,0.5304488308619629,0.5355876681589642,0.009276869320289968,0.2478994720207673,-0.1867144520771358,-0.1189893566445223,0.5477843085469548,161.6179026067614,32.91588996107083,197.64775369072981,2.3824978370043275,1.1759489251318371,0.47910527852524837,0.2479695808789886,0.1829560157272402,0.048602291792028844,5.929254954507236,17.598550274725596,17.324497527371665,47.33734288318372,26.341446608578746,0.6455764455154049,signal,signal,mixed,mixed,noise,noise,1.0011687039335269,1.0022744704647912,0.4134169089263744,0.2998198250159564,3
muon_d8,3,,v,0.8535637061213494,0.9295857372610107,0.8824476599693298,0.002640757335031285,1.8503537247856212,23.19174324333628,0.4321594704307484,0.9987428420553734,mean,0.9610300089228487,0.07584642476616495,0.0832947128250143,0.03615383567399558,0.09400603134824068,-0.977226757935691,-0.4274091046383894,-0.6681245067876748,202.83427130959745,168.50481749031906,197.64775369072981,1.8503537247856212,1.4225550926030965,0.647844196362675,0.36882386992390886,0.25439849685541166,0.1868042573797496,23.19174324333628,28.439181063047048,61.28498344290127,77.7781711921374,35.12871642918898,2.5938241542466445,signal,signal,signal,mixed,mixed,noise,0.9901851894785487,0.9958184702527075,0.624719782213922,0.19529738561496154,2
muon_d8,3,,o,0.2904671327126795,0.7077082440319833,0.4114804267883301,0.012497194957007053,1.5193603780541431,21.121767306901763,0.32155911952440264,0.9920008164904992,mean,0.9733596292834414,0.02075958623707102,0.02994556279182037,0.01840314643798935,0.061051151872359606,0.9804216435945868,0.321055680022671,0.6468083303140217,116.34332367022756,187.5250604794453,122.59777574395535,1.519360378054143,1.042006506689901,0.6384212587645242,0.34523077463111285,0.22119014039734658,0.19169936051798608,21.121767306901763,23.2900613467131,62.97370896601612,92.33815005389934,29.759355844945794,2.4724056194028154,signal,signal,signal,mixed,mixed,noise,1.0030976775032376,1.0047009601550538,0.43384168396325695,0.187525185201082,4
muon_d8,3,,up,0.7646260647816078,0.9115816777847474,0.787875771522522,0.0098842205336047,1.3575415444295527,28.009707949493126,0.38266870657076146,0.9992267667434445,mean,0.9847627661590068,0.0009440147581332879,0.009373772838801569,0.020150974444529315,0.06000383508936183,0.9965012028127704,0.37930440705694646,0.6168322732382999,194.6623126423751,539.1690309576747,190.731589924473,1.3575415444295527,0.8324109504002568,0.561352752624917,0.328947881841157,0.23949144656793572,0.19282339932658463,28.009707949493126,26.35860755976421,63.177426272571786,108.20197845058317,108.56272106093259,41.87887587249974,signal,signal,signal,mixed,mixed,noise,1.0074368483825475,0.9993803752926077,0.6360407554967915,0.1976910497183011,2
muon_d8,3,,down,0.16006795520435507,0.35567688730584046,0.1675458401441574,0.023023995960474084,0.4824819364677585,7.423181801680034,0.11141466837147104,0.9053613451004383,not reproduced,-0.034394896405549796,0.7740817509717013,0.7727509152395429,0.01867897867176184,0.4225495401185157,0.18863304899460198,-0.03656785356883301,0.9690933958424196,54.392870742574644,188.6528507939131,127.82632141392344,0.48248193646775833,1.3553707480331556,0.6381970685272479,0.3484981145284702,0.22660315167247988,0.21628844857202909,7.423181801680034,39.70520468275861,67.15910428615274,118.03213272471605,76.57699614219324,35.37042491877367,mixed,signal,signal,mixed,mixed,mixed,1.0011000070944032,1.0010725863230612,0.2979999234775937,0.22246687527139847,2
muon_d8,4,mid,q,0.6725123578066647,0.8591684390261621,0.684803307056427,0.009015347102406241,0.6553724217149106,11.529254453408033,0.2537261472755359,0.9948974167704987,mean,0.9879857818449039,-1.6128710135872565e-09,0.019618130803486313,0.0038390640821710518,0.07833006214140777,0.9985052124173678,0.2570170257691492,0.5771293825884859,191.58945448213123,152.2255308617821,190.1019066717789,0.6553724217149107,0.5974476880108184,0.3602552896661969,0.19990208917288207,0.15799414377207668,0.311321924483446,11.529254453408033,14.017653821737662,32.29303997836261,39.869236398953205,22.402292142107317,4.052907975148255,signal,signal,mixed,noise,noise,mixed,0.9987412523464858,0.9929378290651123,0.6350790848700882,0.21111845788142342,2
muon_d8,4,mid,k,0.1681906020845902,0.2436654277241496,0.21226420998573303,0.010433263522787143,1.169155116796129,15.589075327200492,0.8340467341127096,0.38848312693337556,distributed,7.880383622298237e-06,0.056703041994472396,0.05980047589678158,0.00618746847746979,0.12891968915085492,0.01416563845488914,0.06874475259573838,0.16846191553215412,169.52480490630924,44.35105328127055,190.1019066717789,1.169155116796129,0.8256469444642721,0.4188822998753198,0.22140674131672802,0.15749564127147728,0.11789064905054537,15.589075327200492,17.748615270003402,27.23770581606917,46.6092234520146,20.165823704576255,1.4127066212699357,signal,signal,mixed,mixed,noise,noise,1.000917034634013,1.0006774801141716,0.35786134194482266,0.2984925296197368,3
muon_d8,4,mid,v,0.8537924914429446,0.9405627183420949,0.8923527598381042,0.0030034682122948167,1.881091220651232,21.45322958783784,0.41762131526976987,0.997491570393235,mean,0.9473354478685649,0.060708529969750596,0.0675604750328886,0.03950278283398748,0.10867492870105482,0.9777195965629205,0.4127689130930403,0.7184173778118933,191.8918398298168,158.83944571284346,190.1019066717789,1.881091220651232,1.2319397067160867,0.6622020819968241,0.35388670036581477,0.24376980804235862,0.45882946260598034,21.45322958783784,29.323899469451007,59.32831296250148,69.54715834195041,35.90592090512188,7.302417049962547,signal,signal,signal,mixed,mixed,mixed,0.9946257147316001,0.9976683504060893,0.6370920406327634,0.18592724780027434,2
muon_d8,4,mid,o,0.2516794433898565,0.7097841297904522,0.3807506263256073,0.01377642700197901,1.6764564668944368,25.514268858757443,0.3404440012110356,0.9854403157695704,mean,0.9209052175330562,0.048997159541876646,0.062083227154830285,0.022564754027868273,0.08050477906886744,-0.9596016208573648,-0.3427990803682379,-0.6739969246313424,162.66662530374202,169.65072774834275,148.73962525700398,1.676456466894437,0.8365119440126794,0.5775734508209025,0.32082343097691546,0.21132049822146848,0.016842830856502972,25.514268858757443,23.9628263246244,76.2411312012203,83.53145810992287,28.748254979221887,0.2096775868906857,signal,signal,signal,mixed,mixed,noise,1.0004451598026456,0.9983346877180794,0.41737872566697437,0.19777238286436785,4
muon_d8,4,mid,up,0.7177459462722453,0.9043796715640676,0.7558449506759644,0.01184382931263231,1.312603486783352,27.477864741076026,0.35720857643182874,0.9989534205231396,mean,0.9882951032559049,0.006256275034133331,0.01291382991582187,0.016793383411260382,0.06720900355392966,-0.9969809658765204,-0.35787138438499344,-0.6606900644621645,187.47309446515604,590.2028818289459,185.1784842448467,1.3126034867833523,0.7197625505705072,0.5556597128951924,0.31639244448867415,0.23695085773625515,0.1959060713608572,27.477864741076026,26.371221989283253,69.65223773713552,130.79383885362031,110.00954810864806,38.2145407241278,signal,signal,signal,mixed,mixed,noise,1.0016508047317214,0.9952255374279215,0.6184301485003997,0.17236949770458174,2
muon_d8,4,mid,down,0.17738681229391998,0.44595078161853074,0.19861279428005219,0.02297752035530704,0.5614008873687224,8.624807917318233,0.10848840545733324,0.8687591473944225,sink,-0.011453182640292756,0.7452522718143565,0.7472126198181732,0.02886593026089184,0.5335274829789539,-0.18141784493736512,0.01118028979617448,-0.9772248697881575,69.18122718412828,187.88686259373242,485.7759892750219,0.5614008873687223,1.2467892560683647,0.6253956019564954,0.34064522692461285,0.2234606708106202,0.19612136762925042,8.624807917318233,40.1123023842613,63.39957418616602,117.94810803554618,84.00274831281776,33.78568658392567,signal,signal,signal,mixed,mixed,noise,1.000022127011901,0.998582249467018,0.3173059949860612,0.19106025039864605,3
muon_d8,5,,q,0.730697458230022,0.8675113290549111,0.6670617461204529,0.007651451587645648,1.3961574835119268,9.259631230924036,0.5774546991080804,0.9929992249651918,mean,1.0030204839689723,2.847453897854729e-09,0.0027166504362894726,0.005203860168264262,0.1216474254702554,0.9861436772656136,0.5842103949151011,0.5864123190052555,174.0583356982093,83.43544005915892,184.68347143128904,1.3961574835119273,0.717500724261479,0.3406254682810278,0.20544762208941608,0.15160735994083377,-0.01464084254119246,9.259631230924036,13.289694150347984,23.811425270695928,36.50334375848109,20.147620956673272,-0.1783434779637804,signal,signal,mixed,mixed,noise,noise,1.001087319279373,0.996569151340215,0.5309818132110874,0.17208347034461258,2
muon_d8,5,,k,0.30871218447432286,0.3882863737979643,0.2544252276420593,0.009579767605800203,1.7448451850935738,8.022931321294463,0.7783188447730757,0.8813784617829025,sink,-2.2956699477704335e-06,0.701414693648333,0.6991016660341248,0.015062429278790835,0.3981029281695477,-0.014118173863471365,0.054610946160780716,0.6122255052905263,154.89045890211125,50.10687940075006,184.68347143128904,1.7448451850935738,0.6806509560711894,0.40352190757531375,0.21550319058532405,0.17117005307422903,0.18024029086418536,8.022931321294463,11.25009564313587,28.94940117479767,38.48435572881932,22.34047755132986,2.288094777999697,signal,signal,mixed,mixed,noise,noise,1.0025580218869476,0.9994921565679564,0.36399241954679945,0.27904758677704045,2
muon_d8,5,,v,0.855776826827948,0.9298994377566874,0.895721971988678,0.002568478675240678,1.4691550744108473,21.302837996050854,0.3245885348879872,0.9964515880594347,mean,0.8796867196582268,0.286699584892501,0.29431762569856185,0.05409666373982384,0.21279408145638448,-0.926614855128262,-0.32205359544229223,-0.8705300224835273,178.1567344538025,154.8690223787035,184.68347143128904,1.4691550744108473,1.2173353666689404,0.6353921860405695,0.3300688252140292,0.23871414968833024,0.16049569289990026,21.302837996050854,31.91233063529263,55.44376198719525,87.57766596787012,39.06948368696939,2.258622364871543,signal,signal,signal,mixed,mixed,noise,0.9877450266011981,0.9914594440200574,0.6639067333168871,0.18291136109379452,2
muon_d8,5,,o,0.20159028266793594,0.6010872730488903,0.28720781207084656,0.013795468988240365,1.388611185694792,22.563102364839036,0.3279779278904111,0.9842335450884501,mean,0.9584141314467494,0.027984429162633988,0.03599036956376392,0.017026673527366178,0.07003120082696955,0.9661635735862498,0.32801236340990747,0.5977439811556773,169.4793191621569,165.41421515145035,165.4387999574743,1.388611185694792,0.6102278175627058,0.5922988908198821,0.3061559112302832,0.19713262457537398,0.18509754400597958,22.563102364839036,22.10421086291868,64.20405838196787,71.96310598178903,26.497456031732536,2.402536627762913,signal,signal,signal,mixed,noise,noise,1.0011980500819748,0.9993634727621621,0.3666545493259035,0.1970489126761954,3
muon_d8,5,,up,0.6604646863791741,0.8744040983716185,0.6849699020385742,0.014232131933530361,1.1608445844584192,33.73105174916323,0.3559260194707161,0.9988189089958999,mean,0.983787751630675,0.00776378288197851,0.016295544036241536,0.015531223892090511,0.0582607855793757,0.9979996630895319,0.3565412611853515,0.6721367184959078,176.0484824520687,632.6598566859617,173.4008454786128,1.1608445844584192,0.712246519718503,0.5245586953924983,0.3088900960035068,0.22243836952305832,0.19523081187334632,33.73105174916323,34.97763669109163,66.78190733356459,128.31221532791548,101.7822620691215,36.315903615538105,signal,signal,signal,mixed,mixed,noise,1.0011198512589459,0.9993798084488422,0.598639976734051,0.1563119949796818,2
muon_d8,5,,down,0.14295929955355005,0.4557146103032092,0.1748218983411789,0.023971551892886495,1.4937037927804329,26.619367235108598,0.3706920978958911,0.9648017570802094,mean,0.9972505745602168,-0.015083368515188234,-0.007705527216500277,0.0157337442045847,0.0688757004109156,-0.9549698369417996,-0.3427927540866149,0.8332132639390958,800.4215738567782,166.03807414421357,661.9768776765146,1.4937037927804329,0.8849333695216319,0.5905413845791617,0.3423871403650334,0.23079644592216328,0.18893299907790365,26.619367235108598,32.10901001293871,66.9064027568662,119.13151772866578,92.31596402491081,29.869632900103564,signal,signal,signal,mixed,mixed,noise,1.0004132386386275,1.0004692301546418,0.26757683539598087,0.17524432378283414,3
muon_d8,6,late,q,0.5709661934707727,0.7942877147823221,0.5853367447853088,0.010972870188181919,0.8012702913681802,9.121082850876737,0.3120516819912959,0.9950266780548183,mean,0.9681704520424158,-2.6799195633491952e-09,0.01728365052932176,0.0043673513584745775,0.08480100740672987,0.9960857496198038,0.3135287356686109,0.6361947490357032,145.87448567286503,157.68629044825568,158.14402788522037,0.8012702913681802,0.6482514809274171,0.36671058172180643,0.1964512327970798,0.14608799824220184,0.1985123213313414,9.121082850876737,15.599761601809357,32.94275350067277,46.066907683994124,21.010667758359364,2.3599983624558774,signal,signal,mixed,noise,noise,noise,1.0052832591346132,1.0061489201128586,0.6112943664041198,0.17172184801413917,3
muon_d8,6,late,k,0.1525534197653306,0.331553205089483,0.15132787823677063,0.013742235089289621,1.7638415344788965,11.860946473007504,0.6982879398215232,0.7484369339058204,distributed,-6.813678937225318e-05,0.06733585627605725,0.05696141338700128,0.006851031464957591,0.19744309661845874,-0.09162935468896996,0.15275799630359962,-0.3004378723722059,177.2952615064542,58.877693871015715,158.14402788522037,1.7638415344788965,0.7179302879007051,0.407593465366179,0.22140267393466748,0.15480998867568202,-0.01229785126417648,11.860946473007504,10.81833384861874,32.41055290552932,45.724761563542,22.303922499618327,-0.17228699330137162,signal,signal,mixed,mixed,noise,noise,0.9996090145571144,0.9962287352194592,0.29689338877537097,0.2393759070624973,3
muon_d8,6,late,v,0.8486029004595737,0.9363004961023805,0.8799622058868408,0.003817034684307888,0.9401030084316401,14.628450158613038,0.2342658848808767,0.9969001685222871,mean,0.8858513034983283,0.15108075495707463,0.1604794459716157,0.030930117811972673,0.18579178846262517,0.9437755312408933,0.2355350533565713,0.8611303324787731,169.11540711441955,192.18488794800393,158.14402788522037,0.9401030084316401,1.0728714301702873,0.5613591039156611,0.3484992150424121,0.22710427422097987,-0.008273422037934703,14.628450158613038,33.210394460468905,45.14978705938681,65.84682927035622,26.95151345530035,-0.08585593768984912,signal,signal,signal,mixed,mixed,noise,1.0012471965537801,1.0039535763201057,0.6906609354221154,0.17033075680383547,2
muon_d8,6,late,o,0.18084355988913436,0.5572910381404638,0.24615103006362915,0.016268603773709343,0.9323290983081417,18.44931944862549,0.24421344247646934,0.9796833897823061,mean,0.9392458942199594,0.09950525645750607,0.11044058980044805,0.00994209670041494,0.07023052984409828,0.9697219627066743,0.24557887975483786,0.6934003110255585,156.0763377835148,164.38200439965473,156.83404314996352,0.9323290983081414,0.5395399261832331,0.5258507130218492,0.30118930181282244,0.19726802387470302,0.3141729263632224,18.44931944862549,20.924722137338826,65.64391556580672,81.58324639840819,27.32132749986219,3.9955984747908486,signal,signal,signal,mixed,noise,mixed,1.0013296541247318,0.9987016969858821,0.3536925858195691,0.19697855847492082,2
muon_d8,6,late,up,0.5636125748635945,0.7862124705193938,0.5624721050262451,0.01662759951145775,0.7075027018813675,19.803274906532376,0.2606884148494233,0.9982364194360731,mean,0.9774892651878982,0.07046216135633634,0.07853282001177041,0.009404930773041314,0.058261972934991045,0.9962951851091417,0.2608564951691695,0.6942092273410697,137.3094929196123,544.7409592204075,128.45172441458087,0.7075027018813675,0.5757319036069386,0.46447201754046635,0.30183903886553304,0.21387422993955008,0.19079357115833953,19.803274906532376,38.732522109259435,69.0934097991407,114.34586077019182,95.57499721952604,37.97443325402635,signal,signal,mixed,mixed,mixed,noise,1.0017969974269294,1.0019629165968167,0.5456603235574964,0.1382000700477422,3
muon_d8,6,late,down,0.1653307511966728,0.4808515985939432,0.19694943726062775,0.023806176096196074,1.0528919735909479,19.687628598858698,0.2799989068579779,0.9794239460795988,mean,1.077964857747409,-0.022458797536691895,-0.014678850882795644,0.010561111543987433,0.05709719522896161,-0.9806793124504944,-0.2838539463285013,0.7435288360572532,624.7175938106781,171.0789311720058,522.2911884480756,1.0528919735909479,0.8110121342034885,0.5666917239642534,0.33641447088021015,0.22701232081171466,0.2008409357825559,19.687628598858698,25.042313812414413,67.23808415093775,128.85469678139097,77.51100717787577,33.128801766764106,signal,signal,signal,mixed,mixed,mixed,1.0007118985030417,1.0002782084887718,0.2983900175799845,0.15840374532025095,3
muon_d8,7,,q,0.5519082370179044,0.774423143337033,0.5094581246376038,0.010848304991998509,0.8816204923882581,8.698314536634298,0.39218447073075435,0.9898246017682227,mean,0.9324225832825922,2.40206860825872e-09,0.004192919981477826,0.004171223321523277,0.092832049905194,-0.9839847077811862,-0.3854965658358274,-0.6462823127410452,71.43989532425665,85.24350924055376,83.42949355275879,0.8816204923882581,0.4265289888332229,0.34690631577382286,0.17133322844001278,0.1535523527139483,0.1543943252015486,8.698314536634298,9.200449713078882,32.59280918572931,35.65348220081413,22.35002758628715,1.9162983386573624,signal,mixed,mixed,noise,noise,noise,1.0004912769373457,0.9968268629695733,0.5411933521778968,0.1576876448031512,3
muon_d8,7,,k,0.1992663196666155,0.33032287678666894,0.18285541236400604,0.013586239608108145,1.0053029978114463,9.523175190003116,0.9613190811433079,0.4479364832449864,distributed,1.27210416140196e-05,0.04143811865168589,0.06609584932714913,0.007764543625101922,0.29616837831472714,0.02024013747433741,0.11739069272329007,0.19439596637202664,178.90319642674262,21.293105548141302,83.42949355275879,1.0053029978114463,0.5124497478472844,0.3756203720213437,0.2099164015718506,0.1491779559355343,0.045585029050676316,9.523175190003116,9.97859872567324,27.114713384154403,34.90664299156686,22.925153587794544,0.6111743580827285,signal,signal,mixed,mixed,noise,noise,1.0022498965516453,1.0021777081981749,0.32462723529962856,0.25850976967338546,3
muon_d8,7,,v,0.8425639359058055,0.9286479121216394,0.8627637028694153,0.004130379267321695,1.0810861461420513,18.366931040731977,0.30629269121892655,0.9955557571327225,mean,0.7777674445967225,0.3182585447839601,0.3327182151999532,0.04862258073316087,0.28127893989821773,-0.9126573761391379,-0.29582890351919466,-0.9077634417361187,141.14971721692487,175.02671397732115,83.42949355275879,1.0810861461420516,1.0906139643421722,0.4785723548266041,0.31369877559326526,0.23047154930799005,0.34352972455356434,18.366931040731977,36.56098152611517,40.55757453441647,49.78175328836085,30.080242032170393,4.220551466156487,signal,signal,mixed,mixed,mixed,mixed,1.0020860705529302,1.0026130136928788,0.6931482293092867,0.1622318559120101,2
muon_d8,7,,o,0.25587013168251094,0.6365789958692408,0.30861544609069824,0.01460994885940216,0.6801550850908241,12.856314244682208,0.19258809229319662,0.9802921468377335,mean,0.9151428163586425,0.09060197696541838,0.10039596064604384,0.005926267996015555,0.06507459528795617,0.9794387857001561,0.18732785750507794,0.8656969531929548,140.93536454151027,173.80102718925684,139.31802373082706,0.680155085090824,0.4226523057315883,0.4731197954236471,0.26771572105979236,0.19002204307637402,0.29134984427903465,12.856314244682208,15.072983524871354,62.25058270097383,72.20347701274959,21.574890206933922,3.7354868008898063,signal,mixed,mixed,mixed,noise,mixed,1.0015009206108736,0.9989727339854821,0.4144852417455925,0.20799369338623364,2
muon_d8,7,,up,0.4381966312173029,0.6811136568110906,0.4479931592941284,0.019253875793948275,0.6373617050986069,22.404941180841707,0.2396926431188654,0.9940907248358943,mean,0.9688770059757191,0.10697645953348534,0.11604425132650015,0.008337919347484493,0.06139707938053749,0.9917110874375472,0.2412979907868603,0.6960245511009564,64.83869454180174,647.918230334599,55.01249481543723,0.6373617050986069,0.6313940466570019,0.46069726503166847,0.28781332952071426,0.20963075649012775,0.1886466059531685,22.404941180841707,34.68554165962685,71.1205752352908,114.09016481008668,79.15420431496915,34.19397352676723,signal,signal,mixed,mixed,mixed,noise,1.0020659728438468,1.0026842005901437,0.520557422040889,0.1562029768290954,2
muon_d8,7,,down,0.21421521635506222,0.563340968163027,0.2724876403808594,0.021844642651909177,0.924466318191276,17.782892514359084,0.24393967471038924,0.9775025426707773,mean,1.0208314206286522,0.008114938914661614,0.012691498169133366,0.007507966385199548,0.047563440778418904,-0.9864881030814747,-0.2510397780612806,-0.13992778616824142,30.906683357376245,164.28168511761677,29.03904491509198,0.924466318191276,0.9740244988882241,0.5377883784803744,0.32500620418442216,0.20975277482388485,0.20225944646086588,17.782892514359084,25.293757894145156,61.57614919253032,104.08498107099186,69.63008759117405,31.89834422520432,signal,signal,signal,mixed,mixed,mixed,0.999624067558394,0.9978444699565725,0.3720328062885964,0.1692752710676562,3
muon_d8,8,final,q,0.45021332953364296,0.6426803150785066,0.4257086217403412,0.01242637040602761,0.3476729663517257,3.268906921319347,0.17568879311748703,0.9864298002725742,not reproduced,1.0364498792113943,1.1629277173321222e-07,-0.015651308944111972,0.0017443633023684663,0.13760570191352114,-0.9679309290568028,-0.20275645520819635,-0.5829192801903961,15.084896536798013,99.50321628028836,18.851326714535674,0.3476729663517257,0.45059065013719457,0.3117819310915643,0.15829659462140316,0.1259629566637359,0.023553432605454675,3.268906921319347,10.41667227795621,29.676736811976838,42.809774474723326,18.004126917504614,0.2806536819381955,mixed,mixed,mixed,noise,noise,noise,1.002335598880522,1.0008197260633533,0.5182239856587936,0.18342446657546715,3
muon_d8,8,final,k,0.22191182612590674,0.23424622326339445,0.1906723827123642,0.013535601645818619,0.4199981953074356,3.9408350951369893,0.9019767833622742,0.2666092707820741,not reproduced,-0.0007902607154993563,-0.049815944963042064,-0.012646242769143055,0.004904297682961825,0.45418049209074834,0.08079070761936682,-0.5725345628312809,-0.2983770130835583,91.13086103384221,28.716411632888402,18.851326714535674,0.4199981953074356,0.5463028556311691,0.3716208223031408,0.19344355823364642,0.14100387360287975,0.021937166179870515,3.9408350951369893,8.999416146962107,22.720328802416354,36.73908693889943,18.431864881286728,0.23502093438595922,mixed,signal,mixed,noise,noise,noise,1.000716232839557,1.0007181636242128,0.36360555538653083,0.2731198346084482,2
muon_d8,8,final,v,0.7733305663328716,0.8945702838410129,0.7878991961479187,0.00584713719098461,0.8898539335937569,16.121379799766903,0.2927911620909145,0.9972949794961979,mean,0.7464326076649146,0.28432027037414753,0.30563500948410627,0.03992187911177571,0.30553747372823054,0.9045436663813214,0.2787834714941307,0.8829098085491461,72.5322709025846,119.36785699552732,18.851326714535674,0.8898539335937569,0.6479432263421574,0.4515374913187439,0.28404178253418766,0.2205413387843575,0.043762642776264744,16.121379799766903,22.673003002742526,40.187928405707915,54.22057339975049,28.71683633705361,0.5491057137909469,signal,signal,mixed,mixed,mixed,noise,1.0026200285026186,1.0020675021865981,0.7109613667510778,0.18704666941871348,2
muon_d8,8,final,o,0.6851533509788144,0.9168815554595645,0.7347898483276367,0.008727898354428214,0.7382502054611471,11.788666513473913,0.199954870452005,0.9903628287689963,mean,0.9193991855173427,0.10179103149217587,0.1062418021890146,0.004892224768993805,0.06473568462953744,0.9914045443235437,0.18930421352565477,0.884975474584755,129.4619862722712,174.28531812033233,131.8064212925481,0.7382502054611471,0.6673308772611878,0.37804678302962363,0.25313925047429786,0.20391668717493464,0.041260653285476706,11.788666513473913,21.25012425474894,37.10031639151136,53.975609457313084,30.291292096446018,0.47209870254554887,signal,signal,mixed,mixed,mixed,noise,1.0034921488411237,1.0044142744710596,0.6550821075624386,0.19466445234795335,2
muon_d8,8,final,up,0.2711524085908298,0.47570178887593045,0.30815309286117554,0.021701247400040705,0.609284022695718,12.342883872172607,0.23930081004948328,0.9862844037641172,mean,0.9775159451082943,0.044550746115752424,0.04721134517720076,0.00479065294632921,0.05350466483098253,0.987045335725817,0.2462774085386923,0.2772896186625591,4.6777132606470735,347.35366476506084,5.517816014450151,0.609284022695718,0.6558224429088894,0.42080502716430757,0.2810677562354643,0.20214983328061284,0.17913555930606173,12.342883872172607,15.558134104382768,59.07781718582786,101.16941683973171,86.82837555129596,34.912619265325944,signal,signal,mixed,mixed,mixed,noise,1.0011138578398253,1.0001789904241922,0.43095228812730413,0.21567750438939323,2
muon_d8,8,final,down,0.3266331964133382,0.6846938152989318,0.4434961974620819,0.015691073093580574,0.9949629775928324,14.451737128404424,0.25110558589457893,0.9617081466118107,mean,0.9497872984431213,0.08541902592465499,0.08812348979509972,0.006145331468810591,0.05866471174742627,0.980586486868433,0.25247581280645576,0.5261681248156657,13.26414379842997,161.5714206830021,11.395072711974501,0.9949629775928325,1.0146344269262555,0.5279300043121853,0.3166486272171521,0.21751944664005116,0.18906090565568612,14.451737128404424,22.151304599897035,47.481060319151744,88.35620369747876,77.95303876239376,29.552528328620188,signal,signal,signal,mixed,mixed,noise,1.001658464606701,1.002719398302078,0.4911469953969119,0.257070409497329,2
muon_d12,1,,q,0.21291813426777292,0.3586719872493894,0.19134078919887543,0.012732084944912873,0.7245280495124986,8.006314622681598,0.9603678611747235,0.3690400259466441,distributed,-0.026537308623803012,-3.724363850010276e-09,-0.003459502843447197,0.0034997707432623633,0.16603212442460388,-0.13440538253867712,0.2182781452718026,0.03616703090233622,164.67976845913043,24.47629999837536,168.03163489966076,0.7245280495124986,0.5723377657604752,0.30198701190684035,0.1800708313707889,0.11382165852027623,0.07816344638450397,8.006314622681598,13.627253864257955,24.51058115113003,42.26117295091118,14.632898693783286,0.8201116086897666,signal,signal,mixed,noise,noise,noise,1.0003604355437075,0.9975567743112789,0.3449456559216608,0.21389401742970932,3
muon_d12,1,,k,0.14647199135087327,0.24684141470781298,0.13382846117019653,0.012589824054950804,0.8273601995752411,11.056989781827392,0.38910175445432865,0.8818602852191506,distributed,0.00022741551891324618,0.005141231893866128,0.021415860714031208,0.00730545048490875,0.12454254942308302,0.4824400786381743,0.21133024838192865,0.16032407775209287,175.17273932933733,110.02243390679912,168.03163489966076,0.8273601995752411,0.46501975923418964,0.3256620034810434,0.19198413792916502,0.11593539910772796,0.16424863982280608,11.056989781827392,8.307346983466951,30.00965925453394,36.84824915581784,13.911533223233429,2.2274087515426104,signal,mixed,mixed,noise,noise,noise,0.9996367126931059,0.9971585321935023,0.2935378092753541,0.2200970232543482,3
muon_d12,1,,v,0.24120028337226995,0.5257393612482351,0.33882737159729004,0.007629928706278309,0.6585300149666447,5.263367807886758,0.15331819582831352,0.878848599413073,distributed,0.23314053273603605,0.016878542520362458,0.07600761142549986,0.015071655538529275,0.13202317291048785,0.394836248725327,0.09741270874355104,0.27565656671429123,169.93368587251425,153.24554903905408,168.03163489966076,0.6585300149666447,1.1038509155064844,0.5348264279305253,0.3176012606453505,0.1701038104560045,0.09871660483789989,5.263367807886758,30.430582620167794,48.0118612013075,66.2659145278022,21.343640977581256,1.1857079644869952,signal,signal,signal,mixed,noise,noise,0.9985216883854181,0.9985374954210773,0.4754463395798815,0.2684597231014197,2
muon_d12,1,,o,0.5397930444194191,0.819366027725063,0.5878843069076538,0.006548076294704987,1.384219967381446,16.80015564877575,0.375408698383795,0.9974090555773654,mean,1.0549267815349008,-0.0015886965223330194,0.004138605540020304,0.008354573023919544,0.07356720989816655,-0.9844767806848473,-0.37047524128667175,-0.12835789801037864,87.60162196612791,163.34707877855965,95.63813198012845,1.384219967381446,0.9034644371747065,0.5513626891987318,0.3524463184065711,0.21175839323164264,0.1818136796955047,16.80015564877575,24.720266489298524,57.48589057827006,68.01245170341772,23.385608192621678,2.021011453828421,signal,signal,signal,mixed,mixed,noise,0.9988334038828314,0.9997586447432647,0.5399297679389284,0.20920953718121835,2
muon_d12,1,,up,0.790305699537995,0.9101858936794524,0.8093711733818054,0.007594809944648296,1.0779719757596324,16.36177332432597,0.33020409267626916,0.9995311398714531,mean,0.9890792826632016,-0.0009542968579482205,0.003905858277507938,0.010644376907104338,0.06919752191320791,0.9969939568459341,0.32113856590949513,0.08680722453655905,174.64579529025343,632.8762102042359,174.52802070182983,1.0779719757596324,0.83667053725133,0.5524878991625781,0.3363361957237007,0.2050270046736761,0.1757011360325735,16.36177332432597,26.555863714216677,68.08417265074121,95.42336442031677,82.10384079645279,27.081823992521024,signal,signal,signal,mixed,mixed,noise,1.0157559505475968,1.0132465537312283,0.6706287388695745,0.1832487439049853,2
muon_d12,1,,down,0.5547495802773591,0.7566759225449424,0.5894680619239807,0.011253918826667889,1.3732679785426156,15.967555089118623,0.39334321671829275,0.9980630400046371,mean,0.9202929020680605,-0.000675780781790997,0.006961284635307199,0.011535547136184683,0.06386763143826457,-0.9925218899716581,-0.3743431427270071,-0.10698636353249283,25.73683756302716,158.93495546072114,22.49948860217197,1.3732679785426156,0.8724313008966039,0.6195176137507173,0.3750660312261608,0.22437755988911492,0.18211369003426783,15.967555089118623,25.035473519330246,68.34998090993436,123.74257865819746,76.70790862931594,20.435334492944726,signal,signal,signal,mixed,mixed,noise,1.0026019901816419,0.9960444565575914,0.5514508497187334,0.19772289803939608,4
muon_d12,2,,q,0.404659194718628,0.4409938927239844,0.49691981077194214,0.003556089519488753,0.8562933493820422,10.658779106945444,0.20821601431851303,0.051983571000905206,distributed,0.0004590861497967453,-1.8228126181154309e-10,0.0151108611834765,0.002515412064363935,0.10321591661613656,-0.025992786788510063,-0.006523390395058581,-0.08741104954606732,153.79327480065004,39.26146738793013,198.588280772533,0.8562933493820422,0.9637002140355385,0.32017662440146966,0.19737558568954652,0.1325968116495465,0.05040424189891254,10.658779106945444,18.68989895745324,29.275375865956708,41.413384334708354,15.361428683073518,0.6949090483726107,signal,signal,mixed,noise,noise,noise,0.9921492892181251,0.9923864599629493,0.5532223747475135,0.3884219289793236,2
muon_d12,2,,k,0.5405433052883822,0.7281036548723748,0.5568618178367615,0.003537068121552173,1.5736005011337337,7.961028703971673,0.5348948493803071,0.9928552461865228,sink,0.0008372517292319682,0.6115955548620995,0.6178435298861829,0.005862255335982939,0.16537553395630913,-0.4323662568904627,-0.15942894515057596,0.6554516391330489,152.16572925999677,40.52491689686315,198.588280772533,1.5736005011337337,0.8699352915499735,0.4774081181769729,0.21989149992220722,0.12381971366295931,0.017528751657320707,7.961028703971673,13.091344268124029,19.627773660873824,39.00728527314698,18.298116630483825,0.18911844267832761,signal,signal,mixed,mixed,noise,noise,0.997581041465279,1.0033666555633407,0.48162907916232967,0.21969089035472655,4
muon_d12,2,,v,0.8565939524993731,0.9313331686125472,0.8895084857940674,0.0020294201082722897,1.4557953173801297,14.147773884196752,0.4055759209202847,0.999467445645189,mean,0.9736589879602912,0.03066663307770483,0.03273570507363763,0.03223430935560581,0.11544899646244189,0.989267881628773,0.39752356139825457,0.4899054331128868,192.112406657453,145.31702239507945,198.588280772533,1.4557953173801297,0.9000961726133349,0.5439666798776088,0.33050504417804893,0.23361125740876407,0.4045023410108712,14.147773884196752,17.722742783747638,49.77658356592328,53.350705827138015,26.635412197285106,4.625627251450448,signal,signal,signal,mixed,mixed,mixed,0.9828585657825005,0.9902289814505674,0.748400370624707,0.20608536185683485,2
muon_d12,2,,o,0.5035517319988834,0.726412276089208,0.5711839199066162,0.006148248970805763,0.9656548241589513,11.035885584181441,0.2784439476313104,0.9942316712181745,mean,0.9081052820324677,0.011337918209414688,0.01764965991244639,0.010175221501149167,0.06881730536264052,-0.941449510458094,-0.26774241433777707,-0.5530165605293281,57.571921576005856,154.5125401810775,62.49916030396743,0.9656548241589517,0.9167755043609137,0.5432088896410924,0.30331850282349415,0.21077014168571714,-0.038696114052839535,11.035885584181441,25.60118858113722,62.65588656555165,72.21601089836138,29.064170329183412,-0.49366704754264146,signal,signal,signal,mixed,mixed,noise,1.0034940015523082,1.0062745632997163,0.5489571167388977,0.3429820200745323,2
muon_d12,2,,up,0.7442781464477797,0.8455679105625857,0.7487379312515259,0.008062176055472405,0.8910817292888725,27.160988817548446,0.35477905389207176,0.9995706406786484,mean,0.9921548204594723,0.002125965351576931,0.010709922458272333,0.013060883665394598,0.06475383090546236,0.9978093936661039,0.34707673139482975,0.4567625032743285,187.71154396546174,587.9273292863824,191.13627718749458,0.8910817292888725,0.6737195116875714,0.4435687125205542,0.2870319702868809,0.21663925396164968,0.18855639375919175,27.160988817548446,28.824034743034222,65.82926561036157,99.95301885747632,82.5649025640895,45.45051768735772,signal,signal,mixed,mixed,mixed,noise,1.0081968635230634,1.0001213920602976,0.6705136250743741,0.2619023028386074,2
muon_d12,2,,down,0.2300223824850752,0.36449689499568644,0.20944109559059143,0.021218393939833567,0.8118225101497814,14.637035212615599,0.3026874248481681,0.9788957015957229,sink,-0.008623314132949917,0.9832999087688499,0.984620027887832,0.03765764918614334,0.46928907159409855,-0.041250711930950076,0.10130543734629655,0.9823670988694851,58.56118996650605,176.47911713209572,1061.3238436320116,0.8118225101497815,0.8232368312274082,0.5848204866763305,0.3313158958743805,0.22171754139837246,0.18413927166854316,14.637035212615599,20.92666884378457,59.30801590996895,116.5740760164535,77.90767674612636,34.18566743719234,signal,signal,signal,mixed,mixed,noise,1.0003349176271377,0.9992592979130251,0.3465314314337694,0.3042697480099521,2
muon_d12,3,early,q,0.6490648852991256,0.7628734987073416,0.7022087574005127,0.006083815211717298,0.2787080181826599,2.3621976190290357,0.09624825747558174,0.9732487161793822,not reproduced,0.8748097256966291,7.161218054775789e-10,-0.0281503673527899,0.0009988733026109133,0.08321085259350063,-0.9950441900214788,-0.10731730935103591,-0.4121989641747622,192.23729767991802,120.76146094428614,188.80259527133168,0.2787080181826599,0.8554800901834332,0.34373816595810874,0.20555807192724201,0.15751857490337848,0.0727159385886758,2.3621976190290357,10.464577118744526,21.148718475379233,36.05671599767221,17.315880235326336,0.9214006819004736,mixed,signal,mixed,mixed,noise,noise,1.0028093455647271,1.0045897587793182,0.7150982988901506,0.28928529787227103,2
muon_d12,3,early,k,0.26947384621635695,0.3338196303959874,0.29974794387817383,0.005104372099226694,-0.6475458633733102,-1.542770745300583,0.48709684723755137,0.776048082832461,not reproduced,-4.471459737200103e-05,1.0091164191133668,0.9801895763426527,-0.0017455602643706252,0.20576033074281572,0.29841793722428134,0.01194413184257529,-0.685737456114326,159.77069921635672,33.085237655158274,188.80259527133168,-0.6475458633733104,0.8989061776827101,0.3746456921811912,0.22053628769550318,0.15540069572021323,0.11672694273876102,-1.542770745300583,9.433319423628195,14.229127141383488,30.158136377344523,21.320455350525766,1.2293615958838524,noise,signal,mixed,mixed,noise,noise,0.9966789611710916,0.9991180487024308,0.4593379727622484,0.3292368518060364,3
muon_d12,3,early,v,0.8629741667155776,0.931823147157929,0.8737954497337341,0.002205231914151849,1.2886073851798916,17.245039200709307,0.3660230276366365,0.999512725381469,mean,0.9790870648795301,0.03134365606861581,0.03697472756058361,0.024357684591088447,0.1153340711591716,-0.9849724947250738,-0.3614338514660159,-0.5200991735702498,183.09320613580533,139.64775434989602,188.80259527133168,1.2886073851798916,0.8600883651154626,0.5767816998127285,0.3366695991687951,0.24368982612428916,0.5320264381343517,17.245039200709307,23.86815432269772,44.84088660825137,64.54645657268543,32.828218952045354,5.727029777894574,signal,signal,signal,mixed,mixed,signal,0.9823039024737817,0.9866280179907604,0.5985407627424811,0.20530377073610176,2
muon_d12,3,early,o,0.3934625819246662,0.7100799213050369,0.4516294598579407,0.009590149717224314,1.2333666352602808,14.591110367448469,0.32072124596880497,0.99714087068831,mean,0.9974773269629083,0.0060277344294641,0.010798974534969946,0.013884726043353357,0.05911276415075148,-0.9773340348895756,-0.31935242340470926,-0.49577686549531713,82.08688008102918,163.98592617029442,83.68112297907113,1.2333666352602808,0.7911120235929788,0.5739574195504344,0.32614794439223993,0.21130255968397935,0.31301144694544153,14.591110367448469,23.506515991315368,66.62522367619435,66.24431142610682,29.254103454167137,3.6500866930614575,signal,signal,signal,mixed,mixed,mixed,0.9986349623386149,0.9940006383252559,0.4455620166902584,0.26528819662083253,2
muon_d12,3,early,up,0.7755676803968897,0.8988447189257903,0.7796865701675415,0.008669192095160377,0.9828749036438142,24.480365725519356,0.33882353958849276,0.999570285456625,mean,0.9869658980273884,-0.002388720353373245,0.0027625221455295154,0.013924102438699423,0.06331292854914597,0.9981107369798697,0.33356860307963926,0.4615167423953501,182.0919246210594,364.11387685592575,183.46854513526634,0.9828749036438142,0.6705907885510641,0.5124674379231615,0.30109521408236634,0.2230832994458819,0.20242213864247197,24.480365725519356,30.00785367062289,56.773259909107836,107.9129571344349,84.70552261092168,37.672366104390875,signal,signal,signal,mixed,mixed,mixed,1.011404633472226,1.0055713078643742,0.6239433613595863,0.21963575540890157,2
muon_d12,3,early,down,0.1469395768818693,0.22588664007861955,0.15611499547958374,0.023244143321722137,1.0766639729228158,15.450888264017305,0.30918161506231645,0.20451323096544527,distributed,0.0059768696953815875,0.00014673534604092454,0.011708276912921095,0.006547568296961323,0.10382688663831784,0.07955092908106887,0.039973971935503685,0.044929855173353773,497.70953462369204,148.52295735761368,147.50063844623324,1.0766639729228158,0.943728200004394,0.6065725902780823,0.3403484824457856,0.23057490474496664,0.18735730488916844,15.450888264017305,20.96797028503644,67.59414672809005,130.70016219479146,93.3509305864486,32.11958247822138,signal,signal,signal,mixed,mixed,noise,1.0009622063426429,1.0002837155853714,0.3052416368618594,0.22343351826354887,3
muon_d12,4,,q,0.737723187223383,0.8518546356104063,0.7125215530395508,0.007091097080745354,0.6962320424185554,10.773278686250038,0.33875721527686536,0.9976699167559511,mean,0.980038546919596,1.3264709939090164e-08,-0.0036602215007644785,0.00435116318853631,0.07804011100336058,-0.9988057342496757,-0.33858827366792854,-0.42052077622588474,181.83251155260794,156.40641747367695,182.95262492752454,0.6962320424185553,0.49057240939939717,0.36463513312285856,0.20195323191079018,0.14880489782750272,0.18065064860053645,10.773278686250038,12.317587249788644,26.762487816631335,43.03847904947228,20.212234639669784,2.5695711261814544,signal,mixed,mixed,mixed,noise,noise,1.0009505054037355,0.9975590774550063,0.6245890799424226,0.23321874587496205,2
muon_d12,4,,k,0.24896038122850042,0.3727830543587629,0.2520219683647156,0.007237125925911951,1.3367446634522298,19.466113646773987,0.9279013541756362,0.6044224827267619,distributed,-5.012053516412289e-05,0.0020364584598537012,0.006068533684917093,0.005089408536954342,0.1381733798844809,0.04871495830397106,-0.1379826909283198,0.010627621412820658,163.3887150458521,56.47491676679209,182.95262492752454,1.3367446634522298,0.5702233450074632,0.40614860583029805,0.2125353743970288,0.16030308244423558,0.22268235034067163,19.466113646773987,11.81213635859621,25.6628173245658,40.2510466696808,20.252457837503787,2.8288584618112265,signal,signal,mixed,mixed,noise,mixed,1.000507071716686,0.9958396318214104,0.3681880490923895,0.31747400990139246,3
muon_d12,4,,v,0.8501688410246717,0.9371496582907322,0.8786832094192505,0.0028537163492151256,1.3043241973802249,19.759930555909918,0.3423233543387144,0.9996059471969021,mean,0.9623211643917065,0.0006209374361246824,0.0033441251608172526,0.023398315942173026,0.07982716012164323,0.9908906780927471,0.33272778878661285,0.49296263381397004,177.58539753359577,169.74814633003632,182.95262492752454,1.3043241973802246,0.9247617005144384,0.5956406538830216,0.346866641981236,0.25169824187649303,0.06430265158898976,19.759930555909918,18.09288921744335,55.56648771541099,82.90886904036964,41.13049776256217,0.8920171411794616,signal,signal,signal,mixed,mixed,noise,0.9954585454782762,1.0025023547268272,0.6195986766190051,0.20065850672669752,2
muon_d12,4,,o,0.31937336579199604,0.6951693795603034,0.3794788718223572,0.012619545309114586,1.1369506047850033,12.248358139662656,0.284546645287333,0.9941908021096717,mean,0.8986898029347143,0.03066176355891843,0.04470811020969628,0.015501403209952615,0.07197648268210097,0.9728643139664246,0.278739984120228,0.6882486908119467,161.70762448184715,155.36874906408985,161.92469327654064,1.1369506047850033,0.785001288085523,0.5912055082504203,0.34527854462084273,0.2213889971593394,0.12993798027755002,12.248358139662656,22.234905419508014,75.24422877475303,92.73720979590409,34.30363422062309,1.8442843239133473,signal,signal,signal,mixed,mixed,noise,1.0007708666880617,0.9994317370606203,0.42405403301496475,0.1858885728455955,4
muon_d12,4,,up,0.7380612344675745,0.8759066400715161,0.7493724822998047,0.010312038384958463,0.7400709520493591,13.498517791335757,0.2527524921632391,0.9993408955895722,mean,0.9808086325074056,0.008326332550714235,0.016841229141127102,0.01036240991302573,0.06549941456084461,0.9956933035176874,0.24776177172170852,0.4937934710302221,184.76136052560548,552.4172819248373,188.53606618377574,0.740070952049359,0.7768817266135605,0.5051889136545555,0.29930108388395366,0.22401352400445326,0.19178121379076032,13.498517791335757,23.831352380316844,55.436852126772,100.86351723102548,90.45767631450164,37.69536749271262,signal,signal,signal,mixed,mixed,noise,1.006678750468015,1.001589650049339,0.6235965430108446,0.20043647282439955,2
muon_d12,4,,down,0.35369594644062124,0.5656416518522482,0.3180372416973114,0.02076225113993566,0.8922576882455732,14.895182738483461,0.2995723144696371,0.9915796633992844,sink,0.03288854429776971,0.9035954415746164,0.9052167727514975,0.06636566421511186,0.6739761875071957,-0.18897397498261218,-0.13006385905702483,-0.9916291468648786,77.67467704914279,171.3682271360783,221.90385954640297,0.8922576882455734,1.0045392596182563,0.5997501633294708,0.3379668631692614,0.22401253166582918,0.19374374355657922,14.895182738483461,22.276460333652388,71.57236680519577,144.25996400972974,85.2920451885599,36.0695750820033,signal,signal,signal,mixed,mixed,noise,1.0004675870193471,0.9988729532885322,0.4012483669114388,0.19358873448231517,2
muon_d12,5,,q,0.7183897893682273,0.8701243664652253,0.6897006630897522,0.008169808592648724,1.006974016869306,11.607463122735297,0.40594343123023763,0.9972836213844848,mean,1.0000223419687466,2.20085259832934e-09,0.0032978501781000327,0.005062326542690054,0.0898344454761592,-0.9953392903945147,-0.4100501084175071,-0.45794595437735003,184.7785603382834,148.14571026374423,190.6625722643158,1.006974016869306,0.5468642512278,0.3251880448969443,0.18085336275744404,0.13553566229824646,0.044262530915901946,11.607463122735297,12.619988098310902,31.12052365721275,49.83854775831292,18.13144787941824,0.5709906896720721,signal,signal,mixed,noise,noise,noise,0.9999506061031056,0.9933241638567348,0.5890631287082342,0.2069661242808658,2
muon_d12,5,,k,0.23299933801881584,0.37363343783694447,0.22448880970478058,0.009337912265467702,1.6613292265303734,12.746018531310936,0.7022539180129612,0.8543309806198933,distributed,-3.420839868329889e-05,0.327355186078282,0.32681339519708535,0.01109498845563955,0.2913087464983049,-0.029211420130412148,0.18796516379973896,0.5636720980804274,185.1877389287633,56.62595210463805,190.6625722643158,1.661329226530373,0.9558128591146471,0.35446242199850475,0.19657124137908522,0.1509225151759468,0.08178647421066043,12.746018531310936,14.273513107035777,20.705536479924735,48.754641727510965,17.041287071405925,0.8911799317299616,signal,signal,mixed,noise,noise,noise,1.0016275687904523,0.9968987013134532,0.3150666586567679,0.2642014773092753,3
muon_d12,5,,v,0.8319889433543498,0.9110762806040952,0.8594842553138733,0.0030678559307401885,0.9509211894576743,12.682551778629795,0.2437794816826531,0.9989545291370694,mean,0.9578115529562106,0.04862700688724918,0.05158825376099244,0.019943399975736624,0.11445021094959287,0.9688853208734507,0.24079789593361764,0.6268218173348667,182.4095583988302,186.21866499833195,190.6625722643158,0.9509211894576743,0.945967023562469,0.5775636418602947,0.330704139312133,0.2197125381781869,0.1853351499794923,12.682551778629795,23.94219644192932,54.08153901474149,80.36367344176756,35.21569320224257,2.488900432690172,signal,signal,signal,mixed,mixed,noise,0.9975525318278778,1.0032665919047121,0.6455423790538019,0.20559955228590887,2
muon_d12,5,,o,0.2953895415994996,0.7061901569374337,0.364076167345047,0.01391232290043975,1.349370502602622,15.707830877714272,0.3219683653316369,0.9934511433836184,mean,0.8966979421572961,0.03477032235890223,0.04737192635355391,0.018691241788932424,0.07240796950990133,-0.9643828294063889,-0.31440148933333123,-0.7117923549430684,136.41633151155798,157.4470189969991,144.03376085596213,1.3493705026026221,0.9070288210377572,0.53630822630418,0.3026847395601257,0.212941517469753,0.1353849365996415,15.707830877714272,30.805669802379228,72.61699324274193,75.34644888885765,29.59142551504309,1.679829456696426,signal,signal,signal,mixed,mixed,noise,1.0020255054588703,1.0027564866091276,0.4063580161794705,0.17815654450277413,4
muon_d12,5,,up,0.7050735477134588,0.8688954343693935,0.7140017151832581,0.011997430023683836,0.8823567527085289,19.893582301167523,0.2876695416969584,0.9991579162856858,mean,0.9929465143043634,0.014674810679063241,0.02198166818860293,0.01326445797951473,0.058463300800167546,0.9967822312474012,0.28591548558248714,0.5228240115725941,192.39625415772875,497.17998794411875,195.5387752430999,0.8823567527085289,0.7772682719659388,0.47284860396648287,0.29572615624834175,0.22129364646923416,0.18671336025992927,19.893582301167523,26.869898314061583,57.650523747101445,139.51640997576354,97.08126325889224,35.31471940003857,signal,signal,mixed,mixed,mixed,noise,1.0044391385277607,1.002439579187662,0.6131827996920792,0.18096704944596573,2
muon_d12,5,,down,0.35818008454724826,0.5971947563254633,0.32390686869621277,0.02122591062757039,0.9124475186407779,15.106971021721023,0.2929572133327125,0.9847650651166171,sink,0.08163784821732728,0.7748211998739021,0.7780874266128393,0.05638662221008644,0.5855178997400478,0.30871324317850934,0.1527400646667072,0.989239334902106,95.85640736788142,177.92681525995565,504.62144300460267,0.9124475186407781,0.9472881669733533,0.5737693896165906,0.3337233695844259,0.2221002695188975,0.19957989120368916,15.106971021721023,22.842351500253002,77.35565419344627,144.87014727636918,84.84557295651932,34.40655306986649,signal,signal,signal,mixed,mixed,noise,1.001196080663621,1.000023006257903,0.40113049947098256,0.16749255370410657,3
muon_d12,6,mid,q,0.6763648051094325,0.8448831949886286,0.6618767976760864,0.008372397285003717,0.23462725870302378,1.6091635232891486,0.06149826689769598,0.9688059857565523,not reproduced,0.997425695872482,2.148881008247573e-08,0.02239501332175142,0.0009346828215100124,0.10750878008655693,-0.9894380435896614,-0.0921020260606703,-0.5201712605059093,190.21186788628498,148.31298461525395,198.72457953206091,0.23462725870302378,0.920878499398647,0.3644106281208005,0.1851797963846104,0.13588633825171037,-0.025449847413700127,1.6091635232891486,14.300909050730093,40.71457565227777,44.70498129253816,19.823992773865363,-0.35127574617237584,noise,signal,mixed,noise,noise,noise,1.0000200306117877,0.9990612039241277,0.5913944465603008,0.19535041211607448,2
muon_d12,6,mid,k,0.3077246472288616,0.5722916971621608,0.3520323932170868,0.010139296777457495,-0.4763595587201744,-1.5877140721930048,0.3204563140891603,0.7267111813576337,not reproduced,7.004080771365011e-05,0.9187055522936751,0.9185093141802643,-0.003338367155809482,0.3764225123100637,0.12139946754597605,-0.052824271596244046,-0.5904385585645637,188.34475878285198,49.549117032779726,198.72457953206091,-0.4763595587201744,0.90012501900439,0.39592962261033265,0.21240672859229934,0.1491017251454126,0.19012987098788486,-1.5877140721930048,10.028517169565045,27.384003283288845,37.298504540194024,21.87099538005627,2.6333563934603945,noise,signal,mixed,mixed,noise,noise,1.002492451779239,1.0053934220042091,0.4605229538131543,0.24166291167921597,3
muon_d12,6,mid,v,0.8232705649855061,0.9129650561139279,0.8658210635185242,0.0028036698595676297,0.9871662051002714,10.815801765013946,0.2289163064770866,0.9988997263331809,mean,0.9096232452401867,0.1976260952565025,0.2088861484614094,0.029901028905920342,0.17817792691433904,-0.9312151609722872,-0.22657231375914816,-0.7744521492358112,188.65266861668863,145.5181448146761,198.72457953206091,0.9871662051002714,0.9375487902745693,0.5785665027827489,0.33270273605854456,0.20896152038545912,0.2707193075450142,10.815801765013946,21.279573644532867,49.37344641351789,79.67167738648801,32.13394993635154,2.928692869346534,signal,signal,signal,mixed,mixed,mixed,0.9919105912083829,0.996335810430957,0.6591735440397154,0.2136890046212052,2
muon_d12,6,mid,o,0.27476385218465155,0.6735741632808073,0.33921998739242554,0.01378138010893139,1.2615476783096502,17.876877448411186,0.3113708728415089,0.9880258795518865,mean,0.9422527284098507,0.015122908662961409,0.02687721330497139,0.016158320502000428,0.06946487268724791,-0.9633350686521595,-0.30938513849970584,-0.6769833156159588,142.51939094954335,152.37877947633277,139.46787593576744,1.2615476783096504,0.786228853162846,0.5159551314199889,0.30983210252588883,0.20104353343717404,0.08446254230685296,17.876877448411186,27.927863884679553,63.61821431342045,80.30427470341586,33.66881089604416,1.0136721691123918,signal,signal,signal,mixed,mixed,noise,0.9996491135993898,0.9977779466626618,0.3927310742979662,0.18374491976112745,4
muon_d12,6,mid,up,0.6708018319854411,0.8702790992188596,0.6844825744628906,0.014107020720982301,0.8268617120766606,22.584758739506587,0.26713611584121083,0.9992904974729209,mean,0.9859239450924736,0.002705215757103767,0.010163195571104131,0.01252631917795725,0.056812527806513725,-0.9981202073476004,-0.2664886506826172,-0.562759604353717,199.1674591904822,672.2556011821156,200.40943060618466,0.8268617120766606,0.6837791459054636,0.4569683193491351,0.29495236190482405,0.2195328926355858,0.19481988569570735,22.584758739506587,36.06984736901003,64.1356885516833,121.2324706121435,94.97580999321272,34.38228007075979,signal,signal,mixed,mixed,mixed,noise,1.0009782814099535,0.9982742428434218,0.615089591792208,0.17035275493310448,2
muon_d12,6,mid,down,0.10569004472093034,0.37030664313225514,0.12953147292137146,0.025587958948265706,1.3667013306509979,23.453686603124915,0.3558587847115922,0.9634952532563279,mean,0.8546543508263451,0.026198620545202837,0.03039549145357371,0.012823989595964983,0.08040236419057814,0.9238883206755277,0.2908029460610798,-0.7550084287736478,361.64969247799183,160.4251406305703,423.81397600330945,1.3667013306509979,0.811901281665078,0.553575848778974,0.3390699825914573,0.22706820148122323,0.1840760991964871,23.453686603124915,20.801349916473974,64.55745039566877,132.6119893680127,84.74979863257037,26.65114667429671,signal,signal,signal,mixed,mixed,noise,1.0004762716347093,1.0003158685838447,0.23785137436305032,0.1921930055314874,3
muon_d12,7,,q,0.6451251610043339,0.827258736362912,0.6156360507011414,0.009582042225765086,0.787325398413504,9.232118124055845,0.3411631423822996,0.995567606749161,mean,0.9744938744894245,6.7042321057904136e-09,0.008686056892233411,0.004258865563021022,0.07749751914324597,0.9962526857133105,0.33533033472504076,0.5432843655246177,193.63858749240734,148.0449163032762,198.48223070534016,0.787325398413504,0.5392363556304969,0.31549628440560956,0.18425533472589475,0.1507675303964982,0.13297200553309685,9.232118124055845,14.16230991286031,30.284966168589545,39.08867356297053,16.7509846541531,1.8381468048017404,signal,signal,mixed,noise,noise,noise,1.0041423667106952,1.0058092117970747,0.5527466249437345,0.17620073537465578,2
muon_d12,7,,k,0.21099095434254936,0.2622363373363699,0.20189975202083588,0.01126577870545951,1.0060285070194483,6.8705775953012544,0.721858877471402,0.4931460525458825,distributed,0.000127223623706921,0.09649581260522748,0.09749242053485463,0.004779751981758603,0.14061512890700265,-0.026456213308036814,-0.6040658426119345,-0.24438957338925957,162.86055223233976,52.111962216977915,198.48223070534016,1.0060285070194486,0.7496499709686316,0.3099000828124922,0.2078068207283511,0.14917870740580397,0.19743287472423385,6.8705775953012544,13.843571767502278,19.52287691430817,36.9193790219123,18.47404410865706,2.4352952943058916,signal,signal,mixed,mixed,noise,noise,1.0004677946881873,0.9994862339565187,0.33998421769877774,0.27243470326117564,3
muon_d12,7,,v,0.8379187189411706,0.9204227941662732,0.8672268986701965,0.003211288583705413,1.2097366297622758,14.028194269421258,0.3087366837853006,0.9987778363874957,mean,0.9120763099407039,0.15160817853798653,0.16195320326713605,0.039278296082923096,0.16706660228878048,0.948452861560176,0.3082680846783764,0.7766247290492527,188.77062994173858,164.71143930807557,198.48223070534016,1.2097366297622758,1.17495819001198,0.6009135530963414,0.33384166483185296,0.22377242640098885,0.1772996367360792,14.028194269421258,32.84831507966379,51.38825226432685,62.92577064417737,31.52699440006256,2.217346651978447,signal,signal,signal,mixed,mixed,noise,0.9992979010009609,1.0053622456262237,0.6223465107574686,0.18339760158463736,2
muon_d12,7,,o,0.1370496760639239,0.4322440152212413,0.19207660853862762,0.014709086971568114,1.090852131404905,13.822076497499335,0.2880039887596368,0.9566646304548962,mean,0.8190026036259612,0.03610342049992689,0.05099107115310921,0.015145277901686537,0.08348552489219757,0.8829646966752647,0.2815625845954806,0.6157083929138378,149.20856170393895,166.51908312372746,151.63049260917776,1.090852131404905,0.8126942986534706,0.5190723476418622,0.3018769419921652,0.2032234300517652,0.08696208120331099,13.822076497499335,31.40105033637431,62.62814770287269,79.39479686511746,32.224047002638535,1.0418102925336283,signal,signal,signal,mixed,mixed,noise,1.0009573077611937,1.0017164195314978,0.3098025395419302,0.2002711562882357,5
muon_d12,7,,up,0.6162198149039031,0.8325431084612193,0.61490398645401,0.015697348630219075,0.7515181798997921,19.896142382938084,0.2649400505953452,0.9986389199726222,mean,0.9907484586079948,0.008385044937645931,0.013377835568616644,0.011146724469714615,0.05788855781566567,-0.9967589506254747,-0.26610377089249176,-0.6015676972229462,190.1987275493978,487.069632310726,194.78125855808773,0.751518179899792,0.630715777141308,0.4537006554105852,0.2919291496547084,0.21675677418980377,0.18853455003656758,19.896142382938084,41.15955100073631,71.22447580167939,108.25832051537,102.0791591003197,36.34793180265919,signal,signal,mixed,mixed,mixed,noise,1.0011336739333134,1.000706048679109,0.5853829975449163,0.147050207526259,2
muon_d12,7,,down,0.13311875991655528,0.4177929981644019,0.14797082543373108,0.02568155321947118,1.3539599469053722,20.412658537478567,0.3698412451259873,0.9752291554728765,mean,0.8748116446822498,0.02019256370336037,0.027783322499764618,0.013602324903487631,0.07101614985094139,0.9559419518604738,0.299670652946091,-0.8347515079099674,755.3521884325951,156.74099878032214,735.3195200224312,1.3539599469053722,0.8304732504574971,0.5573241737298281,0.3314750629788223,0.22531434496358818,0.19769524585360707,20.412658537478567,28.463936950170247,72.21851237025473,121.75081808139457,89.58943532684914,35.458682118770966,signal,signal,signal,mixed,mixed,noise,1.0004933503352162,1.0008998811646452,0.2550000501089653,0.16173257003096098,3
muon_d12,8,,q,0.5776549211941178,0.7720359333202705,0.5645052194595337,0.01030103055287965,0.5412444994725365,8.445348483679323,0.23107581719720485,0.993404703049025,mean,1.0043291409744364,-1.8234980580333342e-11,0.003978534400820421,0.0036021943025873514,0.08113010934810111,0.993708799865788,0.23660382979104005,0.561122172572453,181.47066653683981,133.4438681351313,185.503680089873,0.5412444994725366,0.4949202022198098,0.3241753064571436,0.1863963777386886,0.13685874972653106,0.04242010138368622,8.445348483679323,9.157404528613606,31.018323504396974,41.66879940392623,16.484307962119498,0.4743804823162095,signal,mixed,mixed,noise,noise,noise,1.003676614583343,1.0044184195343593,0.5990503057629726,0.17227448119901226,2
muon_d12,8,,k,0.12619745781424865,0.19352555188520024,0.16274921596050262,0.013148620469941572,0.7606501121794415,8.308239204945206,0.47528553231079174,0.34008424818081795,distributed,-0.0005614524076506246,-0.017573505077757522,-0.007795263573518317,0.0035582194667458447,0.19735259699739874,0.09891636479443479,-0.4954807947059411,-0.049408756139129484,176.5427596562597,56.48918743833904,185.503680089873,0.7606501121794413,0.3509276309914196,0.4132952530920276,0.2176043286607743,0.1528057778267185,0.37530676270321034,8.308239204945206,5.452657380265236,26.275016856485,39.00973231042051,18.36657154110719,4.925696339473981,signal,mixed,mixed,mixed,noise,mixed,1.002290984806382,1.00121197040975,0.32331996067315105,0.24417049182344086,4
muon_d12,8,,v,0.851729979024253,0.9221588681022712,0.8724372982978821,0.003386876943348594,1.236813568916149,11.632218937658703,0.31315406148399005,0.9995489869265644,mean,0.8078068937344283,0.31967969486762277,0.3316344999977732,0.04889786058211336,0.25566779815519586,0.9027820454926836,0.3090320364279457,0.8707918203959067,172.4774207829408,170.12567238302626,185.503680089873,1.2368135689161488,1.1542730542924444,0.5909053629763036,0.3270836538466551,0.22102928765442284,0.1156597994436512,11.632218937658703,26.706594521817223,53.23199675619565,64.87860381907281,27.858423032056876,1.4563415967866422,signal,signal,signal,mixed,mixed,noise,0.9971986950356754,1.000826417821749,0.6828573356929699,0.19053159977146633,2
muon_d12,8,,o,0.14237104263541148,0.45187997151520426,0.19926568865776062,0.015262802393240321,0.9667179074858616,16.75370344892199,0.2645740266545304,0.9404394999541305,mean,0.8479515726354161,0.02268172223335994,0.03789290224142251,0.011331992596091245,0.07640642737745837,-0.8977544664915033,-0.25915910468444586,-0.6095292164951369,157.68549716208202,151.11374548276018,166.77479948585489,0.9667179074858616,0.6321782778377987,0.5054579380844635,0.2800250553436461,0.18587441045249947,0.015453949488689956,16.75370344892199,20.52263125338528,62.35170114676854,71.63495844780834,27.500915667920978,0.19347606970054196,signal,signal,signal,mixed,noise,noise,1.0013621637989532,1.0011607660128339,0.32240816664300703,0.21041905998647836,3
muon_d12,8,,up,0.5381115165855757,0.7663447062025662,0.5276113748550415,0.017703449859403992,0.6448300386872288,19.267442009545732,0.24853813782614978,0.9980786743673595,mean,0.9862009697393047,-0.010005951485466468,-0.0026661954157264586,0.009163993366480707,0.05570491726626736,0.9962851193406514,0.24855954113260817,0.6189881224296152,183.75240319565518,649.381721512176,189.13302169951507,0.6448300386872288,0.5479089872670595,0.443765245676182,0.28501483280664336,0.21112960843580766,0.17552548841928506,19.267442009545732,32.457082072238485,85.04671773253781,124.68807790549137,95.38691919852928,36.926535451383906,signal,signal,mixed,mixed,mixed,noise,1.0015723978089672,1.0016345828916253,0.553324029767305,0.13562042012260322,3
muon_d12,8,,down,0.14722008374492793,0.4435305077209548,0.1616528034210205,0.02567347445480575,1.1648197999121457,24.152817321263875,0.32718955542622974,0.9767496389108743,mean,0.9063477588439517,0.030650263104812562,0.037720522181209824,0.010472640633034741,0.059240265591830724,0.9713832542029817,0.27935832497604757,-0.8263296175417917,608.976375191389,167.13565045582322,716.8001729530174,1.1648197999121455,0.834163163369799,0.5460765723710138,0.33443782359170815,0.22216328095879387,0.18217052313681587,24.152817321263875,25.63309399969097,80.00034463318471,120.47422296485095,96.64034192493665,35.25523528555754,signal,signal,signal,mixed,mixed,noise,1.0003766807954781,0.9993681170370593,0.2712612292930422,0.15178426416916185,4
muon_d12,9,late,q,0.5544701282578032,0.7268434691393406,0.4940982758998871,0.010903684823352213,0.7336761193159699,11.133152317748289,0.35792235053052057,0.9926151030653645,mean,1.0076181133059172,-5.8357759717891705e-09,0.0033455888622760522,0.00363058534069852,0.08027951153742341,0.9925404396340374,0.3762100091460059,0.5806021951347188,139.5902069913687,118.30267682654767,154.55951040963888,0.7336761193159699,0.5863721072309613,0.30074899096682534,0.1735690887579505,0.12221390093521858,0.2151674461056021,11.133152317748289,12.445498020692849,37.560748425221405,42.90267017192442,17.699802711028948,2.6547866937018347,signal,signal,mixed,noise,noise,mixed,0.9994229838393097,0.9938167276628395,0.5302095948146596,0.1527965195379637,3
muon_d12,9,late,k,0.20259721430548938,0.27909372608465577,0.170169398188591,0.013370137237954374,0.8474911451836846,7.122909178359081,0.3158045655208616,0.6066527543754758,sink,-1.510414167786887e-05,0.8755317009887763,0.8928782850665821,0.00658553117296156,0.3952264961049859,0.06028860346876073,-0.04202676281084648,0.7044825850480309,178.0237233374032,112.1849407425542,154.55951040963888,0.8474911451836846,0.6106414104968179,0.3445858101246272,0.1959219321582581,0.1415556847341291,0.1353472962225658,7.122909178359081,11.007548545695776,20.17972580017945,38.561707239411724,19.387160427834292,1.614749365646789,signal,signal,mixed,noise,noise,noise,1.0015770837965121,1.0001558264997574,0.3258645303467944,0.2554597074973351,3
muon_d12,9,late,v,0.8953072040010799,0.9495061205771613,0.88747239112854,0.0032160899972415898,1.0782610205543037,16.502416186779364,0.318880106973913,0.9983170690752845,mean,0.7239567057676535,0.40938478653941685,0.4187442588923076,0.0589125833990065,0.35649846687878745,0.8588647640376952,0.31480911564014835,0.9209733756926686,159.98298044165477,154.95901421155895,154.55951040963888,1.0782610205543037,0.9725233142083599,0.5447972385378331,0.31281003008341074,0.2125225991603423,0.13564658574615285,16.502416186779364,29.30788271826412,52.76843334078787,59.48894502503581,28.04920838937271,1.607631810379815,signal,signal,signal,mixed,mixed,noise,1.0038993953789448,1.0135108474307502,0.6465314202054484,0.15013315604938915,2
muon_d12,9,late,o,0.1800591864766825,0.5304584085429559,0.2286483496427536,0.017067932482735543,0.9598820842473693,14.727625497015282,0.2724647096634021,0.9723365180818656,mean,0.8979663937109329,0.027649033928609,0.0450014620189973,0.009769544163106575,0.0698088031872641,0.9493900171819618,0.2679441194690332,0.7724790052560819,163.18599656824665,161.91961857993206,162.60676071624582,0.9598820842473694,0.5472600614695753,0.43927076340232296,0.2621735044346607,0.19129006227205808,-0.01185987418942835,14.727625497015282,19.49579195720915,53.62164783085321,71.78103271546881,31.022730407363543,-0.14881109866180434,signal,signal,mixed,mixed,noise,noise,1.0018733065796799,1.0037283981234009,0.3561117441916342,0.20048825885903157,2
muon_d12,9,late,up,0.49355733977840566,0.7352244854708492,0.48023396730422974,0.018959004599889855,0.7778207562186464,28.626751812716137,0.2960192959665769,0.9971569625317366,mean,0.9899486694790953,0.003432394214575539,0.012803655055019288,0.010755577103204362,0.05263541228067403,-0.9961987387631994,-0.29776249700435026,-0.6173439303113977,161.45667804379616,670.5793870866822,164.662889750687,0.7778207562186463,0.6313636990987995,0.45004969289905544,0.28168463990379633,0.2049912568492046,0.19349096872660373,28.626751812716137,40.41171959906166,84.35434613960605,125.86527464491827,83.62259436547909,38.132481892996424,signal,signal,mixed,mixed,mixed,noise,1.0019757587833067,1.0025173111245629,0.5191591885492483,0.13890944968158697,2
muon_d12,9,late,down,0.1616745793329411,0.44757510185607574,0.1718076765537262,0.025336478043980974,1.0655385796660992,20.009676173168096,0.3121239607201193,0.9746320354331921,mean,0.9371214110267435,0.03314053724537478,0.039362550930274534,0.008514086443654402,0.056270804951313425,0.975053280311371,0.27963483812770273,-0.8643833198861871,1088.7179259730306,178.4126508635831,981.0896116738221,1.0655385796660992,0.851514562142008,0.542665018602164,0.32663230883916644,0.21747046440325143,0.17379208882688224,20.009676173168096,22.42802456005207,65.43303591621597,117.54966254189142,86.45950646810469,31.152184041353024,signal,signal,signal,mixed,mixed,noise,1.0008958781251367,1.0007837501921815,0.2857655702358452,0.15174795576909916,3
muon_d12,10,,q,0.48152507985426857,0.6771479384796575,0.45557016134262085,0.012070930967576303,0.807777093859947,10.184979045857977,0.398176597559166,0.9905668237832002,mean,0.9115073968757555,-4.137644400496098e-09,0.002583859155508475,0.004824286969907008,0.12893255600440645,-0.981537959631668,-0.3842735978359974,-0.5530844827625044,82.78041592490446,106.03742848641845,113.30966287610184,0.8077770938599471,0.5545252819346218,0.2889066061308596,0.15622283858768166,0.0987346665807905,0.15087710381363093,10.184979045857977,16.37093300972042,23.863681264474213,33.500706984857565,13.976761919848157,2.2651268641981175,signal,signal,mixed,noise,noise,noise,1.0002554484693256,0.9959639512264851,0.5348747325778455,0.17272988619054755,2
muon_d12,10,,k,0.1533129395232902,0.18209332248460522,0.1689072698354721,0.013985101791482425,0.5825321192618627,4.733632082543309,0.3761949839174548,0.10402585546853742,distributed,-0.0002383983032687516,0.26554543515718054,0.30475919332644963,0.004325288567268744,0.3185738266183003,-0.133945597388009,0.19608784100618382,0.4085837933287348,150.4623256883914,66.02643372089052,113.30966287610184,0.5825321192618627,0.7797522964882976,0.35887251408546605,0.18286959572782008,0.10966328720780451,0.0072376262929314825,4.733632082543309,11.33983742970544,26.882642690436352,37.04806712852074,15.382131524584267,0.0818851735548674,signal,signal,mixed,noise,noise,noise,1.001372952486518,1.0011295894208017,0.33751345118089654,0.2562761480497017,3
muon_d12,10,,v,0.8786185163316022,0.9425832444461901,0.8775655627250671,0.0036798859114757477,1.1593485382346502,17.679349751188344,0.34877698208090113,0.9968415276215363,mean+sink,0.6134885609197588,0.5284496944588679,0.5378530289928972,0.06791047314778843,0.4245740130958024,-0.8005903530401199,-0.3364066529840694,-0.9512389242731718,152.84712362825582,172.47679495777749,113.30966287610184,1.1593485382346502,0.7838249420069315,0.49105233521220026,0.2825007919740224,0.19509115042339892,0.12399786735461303,17.679349751188344,21.290447740182934,44.95877376772213,52.94311801543291,24.828554333670475,1.4906262637948062,signal,signal,mixed,mixed,noise,noise,1.0014504374865376,1.0059000141673886,0.6799583186653606,0.1598058507168242,2
muon_d12,10,,o,0.28671067351606194,0.6774894856830854,0.3000626564025879,0.016200150303837434,0.9052449687027813,14.069292624968668,0.26732238314817613,0.9864125148881949,mean,0.9882489680876615,0.0004467677907811185,0.012556110621456304,0.007633391222460333,0.06039200087668145,0.9849947571454304,0.2716951045138003,0.9169370150128098,161.1610805155304,171.29763727274974,161.09598672789133,0.9052449687027813,0.432348864933038,0.37910605109761136,0.23382307186820345,0.18037415368188933,0.16616850142299314,14.069292624968668,12.109476215919889,45.01089261893422,73.07276249627193,24.40754210078369,1.9728799036035052,signal,mixed,mixed,mixed,noise,noise,1.00182551626988,1.002267642573344,0.4022436836715584,0.20808928525761394,1
muon_d12,10,,up,0.4273920633883659,0.6648267027034622,0.4159572720527649,0.020338308644107093,0.5956275754673664,14.677133106076061,0.23389341004818778,0.9955045089777561,mean,0.9924063911717459,0.038380569454660875,0.04353641648562782,0.008446671626940683,0.058105380198867525,-0.9922280387758635,-0.23794780027432533,-0.6230053994714403,115.36193753657962,569.1958164330358,118.01317137899933,0.5956275754673663,0.6401521975217331,0.41658053024258845,0.27240004169582205,0.20327330789607106,0.17353021232721505,14.677133106076061,27.914339269727115,79.39458640487577,131.95686135161452,87.4845707009455,33.98189738909152,signal,signal,mixed,mixed,mixed,noise,1.0020408541781782,1.0022353982946088,0.4857527389021297,0.15241064832517617,2
muon_d12,10,,down,0.18758184940740733,0.4805608172691323,0.20119620859622955,0.02391321664042187,1.0385499382152896,17.0931512532734,0.30351644503601866,0.9645224937306371,mean,0.968240795091912,0.002521481144907985,0.008793190499373308,0.007498764904212658,0.051025675607176135,-0.9730617196629282,-0.29293895580277945,0.037788554377429034,330.36778752635985,186.63556699830013,297.49896907625623,1.0385499382152898,0.9266341822722556,0.5392533482427441,0.3282080122555336,0.21663202070728857,0.17284710687752355,17.0931512532734,15.520291869831537,86.69962998624806,136.2621321488978,92.27014529472793,31.840309568278798,signal,signal,signal,mixed,mixed,noise,1.0011534758229368,1.0010281846752431,0.30953218001972227,0.16305668767058937,3
muon_d12,11,,q,0.4240501481526239,0.6240569874964559,0.4037642776966095,0.012104532748158451,0.5780384770655815,7.936572415859761,0.28880011604724626,0.9651269066705483,mean,0.8435709954688831,8.99059776876058e-09,0.0006751021923474479,0.004036715127514979,0.17350276678140522,-0.9597325407833374,-0.27078480695325347,-0.48965676117162305,42.69789128645378,73.83399437680713,53.98657497715917,0.5780384770655815,0.4918854106215293,0.27484150929129686,0.14437695101079323,0.10594087122007681,0.15424110142902575,7.936572415859761,9.813291929180586,21.96215243421611,34.417726711824834,15.08957825299464,1.9618385092251875,signal,mixed,mixed,noise,noise,noise,1.0024918121585744,1.0022046703719525,0.49035180323602473,0.19632252776661868,3
muon_d12,11,,k,0.18088048518178348,0.2668429455782219,0.19371846318244934,0.013856809631837117,0.8109466758138952,6.966130838004517,0.5703324736662712,0.5889992384316218,sink,0.0001393627883804483,0.5292939335659598,0.548540518685683,0.005376431518395989,0.4260756006138554,0.20080350015032003,0.11115890606486727,0.5776188333375281,142.03210640948075,43.11529252827485,53.98657497715917,0.8109466758138953,0.5323277786231718,0.3359288105369404,0.16216535277974972,0.12833309749588737,0.3662690245393697,6.966130838004517,7.2100338295676325,21.303857633559208,27.749598711938834,17.212449699833204,5.2154624944922805,signal,signal,mixed,noise,noise,mixed,1.0010210825366601,0.9988627371761643,0.3560413519105494,0.2825085773389398,2
muon_d12,11,,v,0.8327718792340879,0.9214979362841046,0.8364918231964111,0.00460935845576532,0.7193876444565083,14.459202998328319,0.2265193036311633,0.9961705151919835,mean+sink,0.5367816223228795,0.6196906613957687,0.6259655609325252,0.041856295801191316,0.43729345705976996,0.7846386660226529,0.19761711612728333,0.9395263892150721,136.93514726299057,153.23910474856268,53.98657497715917,0.7193876444565084,0.7321840542592787,0.45641153754375274,0.2547922335752344,0.19703852318003662,0.21074267407527808,14.459202998328319,20.300133019123752,40.80956502090756,47.51036848527477,23.996243081225362,3.0449676339431795,signal,signal,mixed,mixed,noise,mixed,1.0040520307162448,1.0038165368653282,0.6803293161191374,0.18406230715679955,2
muon_d12,11,,o,0.5931051604427755,0.8845474470161104,0.5853283405303955,0.012946148587669353,0.9863016998749763,15.812958817639972,0.29145763837017913,0.9961935045694275,mean,0.9995876244895208,-0.019300434553743296,-0.009349571944380835,0.00708539887692599,0.05385806097775489,0.9958323647030093,0.29426396249636,0.9161320007789946,157.4032206411081,196.00141749509422,156.35711296552046,0.9863016998749762,0.487297425158925,0.34407595050696327,0.22162082470555025,0.1655062376896548,0.18118946839562652,15.812958817639972,12.358167988920986,46.441042703860425,62.09545612778753,26.339159981283196,1.9341674524677888,signal,mixed,mixed,mixed,noise,noise,0.9997723994312593,0.9961353675736507,0.5472753300833137,0.18232726285825013,1
muon_d12,11,,up,0.3687330018014619,0.5874918899325616,0.3503836393356323,0.021367583589479513,0.5539019924257363,16.33767036261935,0.2211629929696259,0.9926545498647409,mean,1.019380311740107,0.031099203566626224,0.036093595649202205,0.0074555084846671185,0.0572840835570706,0.9879613938092711,0.23182457187081745,0.531285394679878,33.114260281481364,464.83537623884513,35.696914980048696,0.5539019924257363,0.7685569042509256,0.43945309765656004,0.2715915039150953,0.20727995753548858,0.17702853978854283,16.33767036261935,29.129092330867152,77.9611447134531,123.63176879084044,94.67807453974085,29.71842526860787,signal,signal,mixed,mixed,mixed,noise,1.001654641527099,1.0010674396911379,0.43889335225268106,0.17249255215040582,2
muon_d12,11,,down,0.2537331807818449,0.47420627521519754,0.2504717707633972,0.02021024763987107,1.0178117729926526,19.347575685303838,0.3073064399478932,0.7834150644604558,sink,0.48816962605083103,0.5688990190707633,0.5721837070765426,0.011929841016725368,0.13833140620362747,0.6793572403605944,0.24594134660325137,0.8935418242287463,188.1830436697494,164.29575022055178,345.7691095047765,1.0178117729926524,1.1126420114860256,0.5425453475345755,0.31320327049090996,0.21921655408726728,0.194787459375585,19.347575685303838,23.212293644299557,60.16028759287108,103.50877617160315,87.432848258798,28.5907140689532,signal,signal,signal,mixed,mixed,noise,1.0011089466703622,1.0008207939461826,0.3431450379259634,0.2295577382278487,2
muon_d12,12,final,q,0.36609460100206703,0.49025732616195333,0.34584423899650574,0.01520069292408611,0.5897830671375771,8.39221296247273,0.33638725766595046,0.9722569839628693,mean,0.903291377775447,4.9045528767899393e-08,-0.002749469558358273,0.003549598431745527,0.12717137729219238,0.9408204022722856,0.33926389504006293,0.41619354934526925,10.874943703146418,121.18831528569167,14.197366428339203,0.5897830671375771,0.6281017453537289,0.2654448155355905,0.14560280709073814,0.10773962310624102,0.005602688839588396,8.39221296247273,11.239506819775947,23.33752686670343,33.66160172294284,14.853863743406293,0.07552318609173753,signal,signal,mixed,noise,noise,noise,1.0026460880317243,1.004429685123252,0.4975366283316755,0.19986339360650696,2
muon_d12,12,final,k,0.12280518312798729,0.15730769259313276,0.1331549882888794,0.015923890009367468,0.3970148109257261,5.200369873058035,0.6541092795469079,0.280122045169816,not reproduced,-0.0004929479548870672,0.0470229160671706,0.1277764223355905,0.0033265304807272356,0.40813834999832893,0.0830162241817203,-0.3411645156204379,0.3562001136427327,130.7766839039087,80.11789028917231,14.197366428339203,0.39701481092572605,0.5647180766589562,0.39533143926792275,0.18290652921828435,0.12218784896491762,0.0921230570227811,5.200369873058035,10.08678439026486,27.08619357266656,39.507239438027995,17.253296315245628,1.1944725585731555,mixed,signal,mixed,noise,noise,noise,1.0002018806379496,0.9999327754742847,0.3123550407301038,0.25698598919606863,3
muon_d12,12,final,v,0.662052917168977,0.8446274149913164,0.6813987493515015,0.007626189569755847,0.8296575183292133,15.974907901157625,0.2673291662559753,0.9960791202753057,mean,0.8070776625493861,0.2409574230531222,0.2603525874100949,0.03137744997438163,0.2008790438497439,0.9179528115552843,0.25605153836790184,0.7155348187495677,19.892648415831566,185.24583610163833,14.197366428339203,0.8296575183292133,0.7444486516286108,0.478447128611772,0.2855451301284468,0.21025178005889691,0.27277658979839003,15.974907901157625,32.47075662547756,45.90183318203953,45.68490819827537,23.667598220961455,3.322220003487912,signal,signal,mixed,mixed,mixed,mixed,1.0006924668657,0.9973157006864839,0.5862693468406602,0.2009689257862056,2
muon_d12,12,final,o,0.6965911434502909,0.9065998096915012,0.725551187992096,0.008316482112502075,1.2084211973685464,15.43980134140177,0.35114262341678365,0.9958977006976804,mean,0.9744357214339137,-0.003919449455958498,0.0070221863227083224,0.006882054368192185,0.0563942553884912,-0.9891411373707731,-0.35276720457093896,-0.7377996351983264,173.76664561028866,209.30618748230103,181.264588103293,1.208421197368546,0.7598716850414214,0.4124609000743291,0.24273178507059012,0.1776877022139183,0.16076601262427506,15.43980134140177,22.36435154741703,36.47803684070111,64.10721264461871,25.476944603069917,1.6054199595078293,signal,signal,mixed,mixed,noise,noise,1.0054072077143725,1.0097659060198594,0.586180406867469,0.1778274455739331,3
muon_d12,12,final,up,0.26337494528640754,0.5459544323497355,0.29729002714157104,0.02173113089582186,0.07866551047217092,1.7596173459057602,0.011969505060175332,0.907480571404507,not reproduced,1.2632966685711164,0.1975021174993538,0.18468136951949732,0.000884739278095278,0.061378263449593684,-0.9807271237324348,-0.034212186755947255,-0.2837040802604403,5.800321797888526,143.30467958327844,8.562781065502131,0.07866551047217092,1.1103681396492624,0.4352849819641881,0.2729527315361723,0.20487736795960815,0.1884907498891775,1.7596173459057602,21.06081131292138,54.226155684144935,123.01965655822465,86.60882384258647,34.211261169540016,noise,signal,mixed,mixed,mixed,noise,0.9998347270788834,0.9993638781730647,0.3964098589348116,0.2155681212508552,3
muon_d12,12,final,down,0.40533183421012753,0.7728589054266869,0.5179269909858704,0.014908667640119194,1.7885574695998918,11.522654156834363,0.4379856169271876,0.9425464283246702,mean,0.9803573619064518,-0.050454366386135846,-0.041109610249051506,0.004901803881185968,0.048723096405417714,0.9545584290173015,0.447369088808937,0.36617595145019194,5.849023796998479,194.9457170445553,6.312008862637156,1.7885574695998918,0.836746809658202,0.5833480192030491,0.3124133274768803,0.21697665330134855,0.1944923620845856,11.522654156834363,10.685823628674507,55.8886587006277,98.67177535830288,76.28418826940302,32.622686793159005,signal,signal,signal,mixed,mixed,noise,0.9997748303515489,0.9976460970501777,0.50734352146488,0.227881578474098,2
adamw_d8,1,,q,0.09004350496904388,0.14132458214704507,0.09376991540193558,0.011016282705048243,0.43194278873515596,8.046392025182085,0.7892372564970683,0.3263318202522599,not reproduced,-0.029538690149428254,5.335166514036849e-10,-0.0027669917733835255,0.0035185631970388667,0.12359676766269011,-0.11515134472653155,0.17792817947272713,-0.059665734048539545,171.01514113716436,27.552243187379954,29.420462424976222,0.43194278873515596,0.448524724228472,0.2083207336866719,0.11725070091670309,0.08689776481264258,0.016428345693299123,8.046392025182085,12.872335357198544,32.423088423100744,32.18712178138789,14.631614363388527,0.2713405108772135,mixed,mixed,mixed,noise,noise,noise,0.9989556763734555,1.0006535547171265,0.24938275763665152,0.20539949139435684,3
adamw_d8,1,,k,0.10534742284978033,0.21579318982677048,0.0930425301194191,0.011186659355589218,0.9201070897953469,10.461395850743907,0.6456428022981984,0.873563745755574,distributed,-4.5491208584168636e-05,-0.0016545948181491189,0.003578221026831491,0.009094545180127438,0.25064720941419827,-0.3971123052637504,0.16115815909332698,-0.04948851294216273,133.14110464914015,43.86892568038834,29.420462424976222,0.920107089795347,0.4792340658067321,0.2289897899160534,0.13951546606406962,0.11319171413746586,-0.07903754128683033,10.461395850743907,20.10145286130895,34.8452635721117,31.710628498101578,16.7671694095838,-1.095500467148946,signal,mixed,mixed,noise,noise,noise,1.000024276226272,1.0043908446449747,0.23528511070420566,0.18761313026030485,4
adamw_d8,1,,v,0.12588520463915928,0.3073803254293995,0.1927276849746704,0.007984785723575248,0.6439817949439756,9.612366254268279,0.2711531343171701,0.9595455074129277,distributed,-0.33846185567960557,0.056669231927129825,0.1445129630323616,0.011703968068077305,0.09972913078071782,-0.7036689704399591,0.11095975999803491,0.3081214972592293,19.3981704715479,142.09260935795416,29.420462424976222,0.6439817949439756,0.719881105246337,0.4375218796873878,0.21486442517940132,0.11631312314847084,0.11464280698319305,9.612366254268279,27.51312699298813,52.85954288071234,57.871033213297835,19.482528085941105,2.1285047661366887,signal,signal,mixed,mixed,noise,noise,0.997944285408729,0.9987613418402601,0.33645425784579663,0.21417441646355745,4
adamw_d8,1,,o,0.07080378058014139,0.14814593811470164,0.10999823361635208,0.008500914134402782,0.9131908195150117,18.44341301247347,0.48859608436396096,0.8082070555395983,distributed,-0.13770248187336945,-0.0027726532028214033,0.0010603090828375898,0.009804466944173147,0.10806188934496704,-0.6802807859264741,0.16645957908470999,-0.010449201078816963,11.521528388922214,173.4500288667525,13.382639558072702,0.9131908195150117,0.6222539220614258,0.40058063498848695,0.2402982872582944,0.1046941388892448,0.026835377864976435,18.44341301247347,29.470652808883013,68.04787240312623,56.090842126979595,16.986548173993288,0.48284449137450386,signal,signal,mixed,mixed,noise,noise,0.9987568884255823,1.0008534238533888,0.25666745282904846,0.1926444986206219,4
adamw_d8,1,,up,0.11199172332308775,0.25509300244893635,0.11959552019834518,0.020684181711851185,1.1812178236500117,18.554955630676897,0.5958938395047296,0.9112752326644216,mean,0.9147666904709271,-0.0035340553550513385,-0.0009327777377347551,0.013162046371171422,0.08309701312786241,0.8893321616025593,0.5207596174961355,0.22355559219448537,108.41005439863999,370.55447804344436,88.92076646453629,1.1812178236500117,0.746024608777437,0.43819930940785073,0.22703380797683825,0.14968787569730982,0.13584894876385933,18.554955630676897,30.386463603917424,61.91835734629937,91.74349186443264,83.41513096567695,36.51385963040659,signal,signal,mixed,mixed,noise,noise,1.0008358941974544,1.0006212909971635,0.24517536502017537,0.1627876561530182,4
adamw_d8,1,,down,0.13566256912497096,0.31233746499626963,0.1509496122598648,0.020128450476397924,1.2826872013298842,22.480734893187194,0.5654197528921945,0.9329062370583117,mean,0.9654271965618088,-0.0032928861096350125,0.005426663541456299,0.017352675703095673,0.07301197028406098,0.9252706506662297,0.5604886474557672,0.3037606348294715,127.9454766799327,166.1116009549066,83.73349896494022,1.2826872013298847,0.9092643806568117,0.49655562638608747,0.2400501059906777,0.1436359797363548,0.13585850758231935,22.480734893187194,33.5705570714393,63.218075524259824,104.7754016516014,86.10995627792555,30.538119426281174,signal,signal,mixed,mixed,noise,noise,1.0006875254829442,1.0004231587718462,0.26310442773483994,0.19911811422182382,2
adamw_d8,2,early,q,0.41052626221072924,0.4691802484338049,0.34785670042037964,0.0016911739341460368,1.0752308471678176,12.496680307370676,0.9348937380177502,0.6823009872124272,distributed,0.2145391163788957,1.4140076182783728e-08,-0.0021527346997872996,0.004394369933460726,0.16211238499533687,-0.3543575749289226,-0.5632980263545969,-0.2135171700213825,45.39096761016144,16.152874555318412,5.956310494328794,1.0752308471678174,0.8115043450988533,0.37175074909828065,0.1898097234602582,0.08993593824918979,0.04630558894785221,12.496680307370676,18.80595280950688,16.28405018353686,23.965929247118243,15.274250219495608,0.8461711851420367,signal,signal,mixed,noise,noise,noise,0.98807232450397,0.9942699754628228,0.3415824012406805,0.2762326374247403,3
adamw_d8,2,early,k,0.32875767576325676,0.3516194432848549,0.2846229076385498,0.001879045121922907,1.2722313878338283,11.386608404756691,0.7524073161163347,0.9016847128648459,distributed,-9.577723955720253e-05,0.2596016924790149,0.29755364232975684,0.013981839689273239,0.24043193876844737,-0.3301929361538324,0.32412769560883214,-0.6200196361619207,37.07574290134359,46.60524557249894,5.956310494328794,1.2722313878338283,0.8708778258310915,0.38920751196881465,0.2496964332461486,0.06841976030228744,0.05246550230452942,11.386608404756691,11.91828516680596,16.847716234467182,27.061804137913064,9.994358693333963,1.1141520230334687,signal,signal,mixed,mixed,noise,noise,0.9930402836959039,0.9999286055947677,0.34372769706796696,0.24755948059681906,4
adamw_d8,2,early,v,0.6406057041043386,0.8202060882951537,0.7162939310073853,0.0015736066350875186,1.8591114603302779,23.925389815777034,0.6452935978380804,0.9954458074182014,mean,0.738452934583358,0.16300696541038245,0.1803175580912499,0.07395016608007919,0.2675203302891471,0.8933160983604,0.6528695069342522,0.6969458446480198,6.884819969816214,77.86441288430976,5.956310494328794,1.859111460330278,0.9703540449654529,0.5459931020332284,0.23258762260308494,0.156545431985099,0.13942748764931387,23.925389815777034,23.43058854775395,44.38834216642406,38.2689901845331,24.708039004397456,2.6839457400922893,signal,signal,signal,mixed,noise,noise,0.9939237686964089,1.0060509696544526,0.6066321132270496,0.20857661720469584,3
adamw_d8,2,early,o,0.2182098386668794,0.34015859550903504,0.2417643666267395,0.007313147844587415,0.744871748025709,16.162524937578038,0.33938868809636474,0.8993144477411941,distributed,0.34667606435035164,0.0673593358819097,0.07245556255873431,0.006446053841441169,0.09511748916082419,0.7352796025751653,0.2125261400248222,-0.7568380625328327,22.567464475990313,172.29773146794966,20.16210920414215,0.7448717480257088,0.7833221125237387,0.46012620675673815,0.21751049167211395,0.13147536142987823,0.21887673922608303,16.162524937578038,31.759577113980104,47.45754285333407,59.727643223478694,23.21864191898798,3.7030338896544635,signal,signal,mixed,mixed,noise,mixed,0.9979886963179176,0.995212830235823,0.35262760087072176,0.2449326686010924,5
adamw_d8,2,early,up,0.29681652030336153,0.4544753391300994,0.2910368740558624,0.011284690891267149,0.6939705451898499,32.44184965674415,0.41442419435970723,0.9938642739789788,mean,0.9863436154845465,0.03737904325016287,0.048223112129582,0.012439831183325372,0.07166845966352835,-0.9907857813827422,-0.4135334628249711,-0.43980080705477326,7.956989761871576,554.4577049300782,8.099330791019868,0.69397054518985,0.5049018424191032,0.3604505659042097,0.20850727461556162,0.17153583153168078,0.15683491943050826,32.44184965674415,24.241201800528238,62.04750955855587,88.0253923369491,87.56800121566836,51.650380534079126,signal,signal,mixed,mixed,noise,noise,1.0057362872297153,1.0034992986536875,0.41181832685304426,0.19615039654313077,2
adamw_d8,2,early,down,0.10600321991508085,0.3605183745796777,0.11629040539264679,0.02884386241697752,1.34553436914594,25.343163526571768,0.5806269933400154,0.9369871496223448,mean,0.9414387383833085,0.01483540611843307,0.021944204339832792,0.012784403019447074,0.10518274953130322,0.9302468628178743,0.5752045133050893,0.549973494357355,627.8888572253147,168.1972365539193,913.456556232653,1.34553436914594,0.6136197735579828,0.3781834748664029,0.2173789517328367,0.15449189866737112,0.1457403958864009,25.343163526571768,36.40384336735004,72.13754837935532,98.26550039771539,91.21982097159294,35.3071364387283,signal,signal,mixed,mixed,noise,noise,1.0007854919372285,1.002095648225895,0.23225078132013763,0.17638730908556619,2
adamw_d8,3,,q,0.8607939225482378,0.8410546639787493,0.7161706686019897,0.0021654802607847866,0.6846293729375321,9.588384769133402,0.9958630241902369,0.4900841350794758,distributed,0.1996798771628202,3.4988516236254077e-09,0.0006015012209040287,0.002341960647023346,0.12604334845820656,0.35246922772620176,0.7333322768355365,0.170209810782766,32.22296992747052,9.551281316637356,4.423116564068879,0.6846293729375321,0.647314740276577,0.3011633399182625,0.12158580738570968,0.08067720371146186,0.13062854257032744,9.588384769133402,17.679145996473988,24.702288880235866,31.403465285330466,14.835696848872258,2.3271581945434,signal,signal,mixed,noise,noise,noise,0.9840115571375818,0.9900864239118566,0.43811154163602795,0.18565940801372094,2
adamw_d8,3,,k,0.6033374976747793,0.6874014759205428,0.4592248201370239,0.0028287225246983834,1.377740527626373,7.6909551482608105,0.7981753277295361,0.9848504839488608,sink,4.351009428756592e-05,0.6878692970063582,0.6989209492877153,0.023499540128042076,0.365388869029686,-0.18424737515785244,-0.261029686661751,0.7731498306937182,12.789525814518273,15.011633355190808,4.423116564068879,1.3777405276263732,0.9360915425125105,0.36370797059866683,0.14135024867260731,0.08552874555650526,-0.05938151531334174,7.6909551482608105,16.386458666301724,26.445318370408717,29.37938089570897,15.916347694531874,-1.244496296622167,signal,signal,mixed,noise,noise,noise,0.9955654839160508,1.0062684871179246,0.30885823827413866,0.16737174852691378,3
adamw_d8,3,,v,0.7627866645779239,0.8599139407867464,0.778293788433075,0.0019191595498361906,1.6587616419391567,26.008774153818415,0.6444691496061432,0.9896770050638095,mean,0.8780848983692987,0.05639320399939928,0.06932623216690165,0.05215650101181881,0.1578096355415191,0.9600293225332679,0.6558051636174116,0.5474643714462357,4.852789484280135,57.817571752756564,4.423116564068879,1.6587616419391567,0.8235020582650864,0.5821968955061462,0.24414859741222317,0.16641513713729714,0.19300148584538188,26.008774153818415,24.746218328120744,50.69941633175133,54.91462197834737,30.415787561740043,3.095003164184534,signal,signal,signal,mixed,noise,noise,0.9849941510302977,0.9894167114375654,0.5499587439686866,0.20600208469069858,2
adamw_d8,3,,o,0.1608644162602845,0.2580077281724565,0.1880507618188858,0.008713773619173193,0.7126762519951078,18.35905447003508,0.018085316487502653,0.254332785117237,mean,0.6690816871334682,-0.021529396558252662,-0.04944880994597136,0.004155196746979989,0.09206494474743633,-0.6867436211272704,-0.3736709355164655,0.596950786741892,48.07339880436857,139.09555791371145,28.686627712525233,0.7126762519951078,0.6345642685156215,0.45921908223077473,0.2152659136694671,0.12560316281159603,0.14825888104828241,18.35905447003508,25.09929626382442,67.6844241684004,60.35046209040469,24.289120402861368,2.6922592397657077,signal,signal,mixed,mixed,noise,noise,0.9981625908517431,0.9964495077489421,0.3066061796721039,0.22364419137974392,4
adamw_d8,3,,up,0.3968100654810403,0.6142640982985954,0.3829336166381836,0.014492536048361232,1.0045142473584854,37.70172715753396,0.5236818419339825,0.991598457902857,mean,0.9510659213501322,0.01374588582533192,0.020176685312264908,0.017536340140715406,0.08221926379178207,0.9882646402457902,0.524561956322604,0.42209350448851224,5.953187987943307,380.3263325177048,5.953491103679397,1.0045142473584856,0.5805198285791069,0.396249501797132,0.232823945337069,0.18087780156792344,0.15923293124252402,37.70172715753396,29.621143813563986,56.98573934603764,86.34121423450566,100.01593900122378,41.60900350892409,signal,signal,mixed,mixed,noise,noise,1.0017883871335491,0.9980908337579114,0.4449225797779795,0.2082734966761877,2
adamw_d8,3,,down,0.15786783404712187,0.34582065705895587,0.12888826429843903,0.026617188848600596,0.6748278261907237,14.838668579032438,0.2151118578274307,0.48254181469018875,distributed,0.40444288718594057,0.003508661750046387,0.007833833593553751,0.004702837832223688,0.12374660679370456,0.47936619259685553,0.2942696227591118,0.21093746621661513,194.96900689825796,16.945075450270206,1277.0569187251838,0.6748278261907237,0.9517765457657511,0.38393704656745603,0.22957582312553024,0.16259035209126177,0.14755729401675477,14.838668579032438,32.9223973693404,67.61816235065083,100.6221481945827,77.48777761578243,32.47861674513526,signal,signal,mixed,mixed,noise,noise,1.001076916265541,1.002230699521784,0.27627883092184646,0.21226705401274168,2
adamw_d8,4,mid,q,0.7828905395156802,0.8743283978461952,0.7689898014068604,0.0039050398635069455,0.7510512960299146,18.98084439884601,0.9992876238924102,0.3961080523564357,distributed,0.0075826040892763265,-1.2546988440285954e-10,0.0002025726315054453,0.005835802608084047,0.1128060454310815,0.05348827165783695,0.28534190729593756,-0.03687461600822136,139.96281052106033,19.169208110261756,3.8775614171239057,0.7510512960299146,0.5700067344119739,0.20208614851335865,0.10903042473423359,0.08225775448376929,0.18597461641970237,18.98084439884601,16.78106896179499,26.153358045591936,30.87552701893875,13.779694761706109,3.37283166907099,signal,signal,mixed,noise,noise,noise,1.0022572124957343,1.0093136417033455,0.5997589763881083,0.23337693611028357,2
adamw_d8,4,mid,k,0.3142692750326581,0.38889266178837767,0.30972471833229065,0.005028777918819594,0.8424369078248602,8.236301362506223,0.47264059519823487,0.9390878606141213,distributed,0.0003947713497752254,0.1906938525937617,0.21392485280343884,0.006863296183567851,0.10243559934573128,-0.3980523882901997,-0.2529309716315455,0.45215274919841036,9.875989685189964,52.83722635610808,3.8775614171239057,0.8424369078248602,0.8993294773786316,0.3339121581031889,0.11808219879335735,0.07442532166499612,0.11609104621653071,8.236301362506223,22.64676940689775,21.505267507426577,29.240858183273314,17.03280778430078,1.9546532202270284,signal,signal,mixed,noise,noise,noise,0.9965419268131528,0.9917431174226555,0.393855828176758,0.2645755150846339,3
adamw_d8,4,mid,v,0.7481207140749293,0.8119147721238799,0.7450140714645386,0.0022653432156373755,1.5315459747154434,23.98306535522385,0.6061221630473869,0.995548239452909,mean,0.964663856435879,0.0316068600201809,0.04003976222965674,0.037716595059990685,0.09078730346402193,0.9705951460261141,0.6174319620474171,0.5353242840295236,3.7741472529442115,104.8585275582201,3.8775614171239057,1.5315459747154434,0.8066004928796915,0.5013736534758154,0.26536682762208036,0.17666998437317857,0.10579295741486647,23.98306535522385,22.79054784111117,49.72936386620133,60.59642324793052,25.79282780781886,1.6957080803009907,signal,signal,signal,mixed,noise,noise,0.9871607102498802,0.9905901015795289,0.5620426557811201,0.24853684752853455,2
adamw_d8,4,mid,o,0.16049858285212276,0.36340556893883535,0.21474239230155945,0.00874443570079148,0.8200511195529403,16.50496429863082,0.39563311277987245,0.9105620183203155,distributed,0.20673809761723164,0.08450566147753928,0.12402367615552043,0.011327796301167876,0.07698071040386917,0.3558776652325971,0.4128738133890204,0.4932426225540215,9.543287902449903,163.02760328584253,67.09246556988715,0.8200511195529403,0.5233742860705273,0.421707573409638,0.2108941443555902,0.11826324000117858,0.06295379346419551,16.50496429863082,20.436650126050136,66.84160315951061,74.53718562340212,20.378179771103728,1.0332162693238265,signal,signal,mixed,mixed,noise,noise,0.999714902704447,0.9994913734835341,0.33551496810340514,0.22822102572153213,3
adamw_d8,4,mid,up,0.3699360867278447,0.5380697767589914,0.36431384086608887,0.016830788993093017,0.7478417269492866,27.85715446352481,0.43180813924435385,0.9934222052211495,mean,0.9664446622581513,0.011125729186619393,0.017921677322928493,0.013628739357012198,0.06276846565613488,0.9879672013535642,0.4297282879931528,0.44437620714743575,5.178083516171267,356.36786592600976,5.423639161608873,0.7478417269492866,0.5831302994115032,0.35241945855503176,0.22031755125195301,0.17879543847498638,0.16977019588389808,27.85715446352481,33.59081177000664,50.899274871602834,94.74048438905511,92.32379538816346,49.43766964707811,signal,signal,mixed,mixed,noise,noise,1.0033833570022896,1.0052065746650385,0.452891772717704,0.2140089390253098,2
adamw_d8,4,mid,down,0.2633549347693635,0.3191816382726137,0.2538016736507416,0.024626209874845564,0.6136450257369231,34.09831663944598,0.8675078701442602,0.34543072818865433,distributed,0.0012866281209574651,1.838771128321079e-06,0.0012108803084911323,0.010362307750652885,0.11755890969638273,0.04730312666921833,0.011903032665041844,-0.001505896074069534,557.9618003739924,12.660011907208775,80.64706871521841,0.6136450257369231,0.8160802398595074,0.37332295525686976,0.21763142728008525,0.15601794607246083,0.1314920194075234,34.09831663944598,30.706248842424994,66.56909458284619,100.5535122196946,71.66145871304684,40.46305471214117,signal,signal,mixed,mixed,noise,noise,1.0005284480941978,1.0010197109094507,0.39155040042651423,0.2141129572326304,2
adamw_d8,5,,q,0.37833129120310444,0.5579703237947906,0.37173885107040405,0.010213190589086455,0.6487646975754123,11.466805522754902,0.4008354481495189,0.9917029650668079,mean,0.9630952038410427,-1.2116003315242361e-08,-0.00042065241191559856,0.005090061948660121,0.07831822324136642,0.9921171459091472,0.4056620339323032,0.31335787637180434,3.553570320868485,150.86970634952573,3.443815262705602,0.6487646975754124,0.49278139392730624,0.22776407811726454,0.14790494959451803,0.10324739619749496,0.06392191470298837,11.466805522754902,17.377002937461913,32.40100076969946,39.0234302864764,19.872455174298633,1.2906188313209472,signal,mixed,mixed,noise,noise,noise,1.0016020770770933,1.002607368489128,0.45230580916402396,0.2728883556187531,2
adamw_d8,5,,k,0.14101759432751743,0.2435115889047525,0.1616744101047516,0.007773355622667747,0.43421009237499286,9.287858832979039,0.2486282331630344,0.03554399685134905,not reproduced,0.00037409249654883235,0.012718318092588707,0.01156027592057766,0.0026877604815768305,0.1266398431276472,0.11291398129611976,0.38090336390701973,-0.07656697379224522,159.82084367009315,65.2087120965585,3.443815262705602,0.43421009237499286,0.6179808503454158,0.3114707500566166,0.16441545329873597,0.12853214810671026,-0.002567511432594779,9.287858832979039,19.881148504739244,17.78466718078603,36.88982847290949,24.01275000541255,-0.04642849086720829,mixed,signal,mixed,noise,noise,noise,1.001074303977982,1.0023724835118624,0.30247941725587474,0.2520348756325782,5
adamw_d8,5,,v,0.6683771914146391,0.7849876174926368,0.6624865531921387,0.004861902833062746,1.5506968765926377,22.30871793564186,0.6317050009276899,0.9926486405189028,mean,0.94857985644558,0.028797116725084972,0.03769466359423108,0.03335871081136369,0.08619645585174236,0.9668185860772628,0.6417061455026888,0.48954292857295756,3.506032864139473,105.68668870640082,3.443815262705602,1.5506968765926374,0.7833320935291358,0.4954713842923786,0.27181269719529516,0.21963358011752704,0.14813583784565784,22.30871793564186,23.361984244800066,56.270509774901164,64.2894443955404,45.232922121247434,2.3253102461635837,signal,signal,mixed,mixed,mixed,noise,0.997463661040034,0.9940482325692174,0.5135809298731393,0.2579423875290514,2
adamw_d8,5,,o,0.09087274187936137,0.1442438533233339,0.10397906601428986,0.015208275446274835,0.6931948954969809,16.252461498050884,0.7262757005195948,0.52153844186941,distributed,0.03529944277578671,0.0019008116457343604,0.009963805519452414,0.004890119285254021,0.11863181619160021,-0.12001104510994079,-0.22546798505004215,-0.10175802662533147,121.35315997406899,48.700375340178695,144.41857610719123,0.6931948954969809,0.521733673444005,0.4166335434238882,0.21978435550063075,0.15498406280171553,0.17267118071433385,16.252461498050884,26.097101416107005,61.866666409220194,70.6521695172229,39.34449249418982,2.7041653152299765,signal,signal,mixed,mixed,noise,noise,1.0008098362268079,0.9997637473630453,0.23758076748977022,0.17050815243175416,4
adamw_d8,5,,up,0.4073668794607066,0.6137827314710375,0.37914538383483887,0.018221206059994756,0.8757265545933915,25.157626842426016,0.4735846830300624,0.9934991406260614,mean,0.9669486856764489,0.020909463813744335,0.02758479060677446,0.016151229154411487,0.06705137275758637,0.9885022041425137,0.4765073365241141,0.45324029024140716,4.361184905917378,482.94993188806296,4.526658797379927,0.8757265545933915,0.5187960182476421,0.3979593652133128,0.21980891337855019,0.17366075053869628,0.16532497211412522,25.157626842426016,28.59885247054222,54.14059657341666,87.22755274158169,97.3233438426664,40.94682813903427,signal,signal,mixed,mixed,noise,noise,1.0012464294041432,1.0006118407218434,0.42993338882255777,0.18938494723467145,2
adamw_d8,5,,down,0.11405156897311557,0.2413812767908117,0.11502343416213989,0.02631706790505255,0.6321513086287444,27.79421155619161,0.06977636696797755,0.06861059512620335,distributed,0.009684986823773096,-0.00038657094386339985,0.004031647669059909,0.009221358673613551,0.1350276091918634,0.04317222631802677,0.08503252067418414,0.05565384040675343,590.0317768978385,13.97420690433316,874.4396999627702,0.6321513086287444,0.8476021446656404,0.40134301515435794,0.2160919837734846,0.15425851511827388,0.14056025444789183,27.79421155619161,28.136656897202936,65.62435623529332,91.7470687879802,69.3644062058132,29.174403745444316,signal,signal,mixed,mixed,noise,noise,1.0002323461834086,0.9990540693099859,0.2590897919618028,0.19393236009230858,2
adamw_d8,6,late,q,0.3559531914321233,0.5913109700220204,0.32164302468299866,0.011510801266498737,0.5092167342961582,8.141578150024852,0.3055597290056387,0.9522061607227204,mean,0.9371273931866854,-2.5943438024583153e-08,-0.0010700924746444244,0.0034027356014475086,0.09576324769747262,0.9740698948851181,0.317240343434775,0.2522491740736278,4.065492860475234,154.10444706094682,3.3619125600394537,0.509216734296158,0.4341166618779568,0.19961452888144526,0.13364535180592696,0.12811959686830912,0.24687945481051815,8.141578150024852,18.177343911761554,26.769392922211534,39.56446851719961,24.27899075381146,4.625543886451364,signal,mixed,noise,noise,noise,mixed,1.000724736699225,0.999026831028859,0.40659734077247917,0.24159059609475023,2
adamw_d8,6,late,k,0.150365378003477,0.3335846350604327,0.1479116827249527,0.009553304044258172,1.1285258042986643,16.024889558586928,0.9451847927386887,0.5633388581954946,distributed,7.03309654574623e-05,-0.001426081990378448,0.0036949118816128556,0.009636864457536158,0.1790264979700777,-0.10856857962007954,-0.12107452248796616,-0.030077923879872348,146.7839775707896,25.69708884530615,3.3619125600394537,1.1285258042986646,0.4251822261393807,0.31093436505763083,0.151988039360511,0.12099224849077841,0.021956265690184044,16.024889558586928,10.2002467616387,31.431195399911907,40.3902877187421,22.776495949958978,0.40053229409439406,signal,mixed,mixed,noise,noise,noise,0.9998727271146779,0.9966022062708662,0.25982491358739845,0.2337264012732008,5
adamw_d8,6,late,v,0.622836093072573,0.7605997096946864,0.5925288200378418,0.006776984968037895,1.1873239214712048,18.796203192744414,0.5261675880618665,0.9890975863610082,mean,0.9035867326411635,0.031129020153527077,0.04154157527465783,0.022452653053506303,0.08782256945456106,0.97062952500592,0.5303750687667632,0.46232978644226147,3.328299545304699,168.1789790173527,3.3619125600394537,1.1873239214712048,0.6540046754618112,0.5013483843880157,0.2571867727555309,0.21964611753331476,0.13901521906181777,18.796203192744414,18.78111293317066,56.51934841705534,62.240444918350995,41.38872103664852,2.539493421943592,signal,signal,signal,mixed,mixed,noise,1.0001070682516655,0.9977587632935074,0.4648240814324234,0.22231076952050005,2
adamw_d8,6,late,o,0.07456678235807519,0.1480258056906071,0.09387151151895523,0.014346050781977919,0.6378085750570948,18.608936934473938,0.2852347391815856,0.4495517969886615,distributed,-0.06770987364964173,0.06913836481837611,0.08918279345552206,0.008775541592927918,0.11302864479891968,0.08745127284474889,-0.3679206228012556,-0.21528860269591726,101.79906738495579,164.30601108074123,146.5511007643002,0.6378085750570948,0.6065892804803366,0.4110252091353914,0.21534129262697252,0.15389839915742012,0.18209020222884695,18.608936934473938,37.82973001883915,70.07403410809148,57.471700193928065,31.054893019556452,3.2891083927977123,signal,signal,mixed,mixed,noise,noise,1.0009887696868571,0.9999164202074369,0.22686399156975087,0.1697455369525066,5
adamw_d8,6,late,up,0.29470582067648976,0.5266130990797085,0.29451948404312134,0.020483041726300364,0.8686348085668427,24.414215158722193,0.44492363471989904,0.9938491316601115,mean,0.9305112109647441,0.02986665670120009,0.03608972895639044,0.016824671814820263,0.07330699436000065,0.9882674435644411,0.44224458587771465,0.5284863994958429,3.782829151369274,528.2345263427472,4.16619251015343,0.8686348085668429,0.5291618342846474,0.37518146990211815,0.20921244837117864,0.1647930039658882,0.15832731405549913,24.414215158722193,25.328941661496295,48.795018842685074,81.44983733821353,81.13428602634549,39.89670678909934,signal,signal,mixed,mixed,noise,noise,1.0018208138017033,1.0030246982423936,0.39199782218805057,0.17188537609015073,2
adamw_d8,6,late,down,0.2096641916030049,0.496517316544811,0.20965418219566345,0.02361788043340423,1.3072853400532318,22.142318943646305,0.56049941738779,0.9860041102517877,sink,0.016219105464935553,0.778898988419248,0.7824532008062854,0.11755558248253312,0.6805989411562906,0.048582911503357175,0.3984754998052559,0.955053754017621,30.002428688781055,147.88092243511494,63.572252131543195,1.3072853400532318,0.6950675919290146,0.3997320614459578,0.21713107965828365,0.1537482163325823,0.1329199500137272,22.142318943646305,26.936630669101703,57.11249625963349,91.4363296157434,73.80754750139192,28.379744719849782,signal,signal,mixed,mixed,noise,noise,0.999277598429218,0.9957924852712623,0.31670670613286384,0.19089427242866283,3
adamw_d8,7,,q,0.28416568610469073,0.7820543346578057,0.3800618648529053,0.011271728616263755,1.6781411774678625,10.301396653818738,0.7469119091053592,0.7783077753397559,mean,0.7315542472808779,-6.739109501055797e-10,-0.0025736963595332603,0.0067808567596101925,0.13608863222842404,0.7190756284875058,0.7027579906208858,0.3221890479141721,9.720120268931563,57.643555172051705,3.1277967599844096,1.6781411774678625,-0.07250277769496107,0.2147185137484737,0.12903196236302875,0.11867748345307738,0.08902055858767532,10.301396653818738,-1.3209539166663595,20.30314729350562,41.560523508037406,20.639806423785423,1.7591355058118592,signal,noise,mixed,noise,noise,noise,1.0001810165728922,1.008666844176695,0.430849022964596,0.27415707637134545,2
adamw_d8,7,,k,0.17305862552139573,0.49352320415727247,0.22127383947372437,0.011224667955328126,1.4219316157819635,10.389920181392156,0.6474349273876993,0.8558645492057873,sink,1.8071936188070226e-05,0.8248885592284735,0.8368282837354231,0.023533020857473306,0.4724004278818227,0.163845257060277,0.0974062974777021,0.7876959224644687,54.043699679127094,42.497629741433,3.1277967599844096,1.4219316157819635,0.3399093294327862,0.256466023258236,0.16369177823594494,0.13062564645918012,0.0752514131682395,10.389920181392156,8.1898316217765,25.26723837017859,38.23044517611883,22.79844267754945,1.1265849504509589,signal,mixed,mixed,noise,noise,noise,0.999630924725505,0.9976607330885839,0.3226211722895673,0.22440017641834478,3
adamw_d8,7,,v,0.7762132237694038,0.8738411034452529,0.7832770943641663,0.004607514183642873,1.557912133815882,26.787436878379868,0.6178956048185934,0.9983309232218425,mean,0.592321868258557,0.4317531082483517,0.44339418059938646,0.10270842731004243,0.35340912739745234,0.8120423421747845,0.6167816250879111,0.9014992345828221,4.001784480971446,120.14271681242509,3.1277967599844096,1.5579121338158821,0.9742624231968612,0.44022435491507317,0.26752878233825367,0.24442797158807852,0.30986923939075245,26.787436878379868,32.43805345555032,42.152206727097465,65.53706343186686,47.0708429866482,5.358322654825819,signal,signal,mixed,mixed,mixed,mixed,1.000206568600607,1.0007929820379593,0.5603939819953505,0.18427195978399588,2
adamw_d8,7,,o,0.13483185346155305,0.11882753921253213,0.13781216740608215,0.014790789532397399,0.19943322066383254,9.43420449786027,0.25956501072902183,0.2621931337669917,not reproduced,0.045378820200099826,0.024849578809079943,0.03165270716152334,0.005326808457099394,0.09715920891657066,-0.051225636272999336,-0.2319217128207659,-0.14871140275856906,49.41074546431438,192.32666482322085,156.97268015446772,0.1994332206638326,0.547776307766221,0.33969964903586564,0.19632245199415052,0.16919931070030222,0.18043797264629988,9.43420449786027,20.26618985820064,42.55700031836469,66.40861082329847,38.72426315878863,2.803368193791631,noise,signal,mixed,noise,noise,noise,1.0023462322858403,1.0017291125835945,0.29116195100928033,0.19412330685939833,4
adamw_d8,7,,up,0.25524836685711044,0.4535506713170535,0.24744656682014465,0.024174920511576086,0.6974901813983653,22.298307304437316,0.4048427646907517,0.9857059347706925,mean,0.9392635169211789,0.01896454445125912,0.03157792270237725,0.013073682460679331,0.0648031841283319,0.9832061684989729,0.4008371735224235,0.5460716048639969,3.7635050176832583,451.35261547495224,3.98573233617071,0.6974901813983652,0.47708717387610844,0.35857877907773644,0.19855632293409536,0.16183065409867078,0.14693586757491023,22.298307304437316,43.45234843465674,51.003645817699464,96.36027209400709,84.83913535321076,42.87491916501376,signal,mixed,mixed,noise,noise,noise,0.9992791887914172,0.9973331319750034,0.3768491857477329,0.14408619106338869,2
adamw_d8,7,,down,0.05169671591633961,0.08616558670701623,0.06335323303937912,0.026322255616112004,0.23185941749901035,8.675123680163388,0.24488667660022545,0.26894134014747323,not reproduced,0.39618959920199076,-0.0011537819701371856,0.00284731060028119,0.005592614047434624,0.11162003183026079,-0.25037347200687193,-0.28074146433170827,0.005557744611448122,130.9262880256563,182.70383978849685,293.21825404800296,0.23185941749901035,0.6161818848893125,0.40278289366659575,0.21528797604846642,0.15336343901115992,0.14642912028788038,8.675123680163388,28.756439288833985,56.16451125161713,89.06273487362884,66.82194007207302,35.00792170418543,mixed,signal,mixed,mixed,noise,noise,1.0001934230798293,0.9991539066250904,0.18859361040408554,0.14537122742502606,5
adamw_d8,8,final,q,0.278466660293027,0.5468697581806007,0.2729922831058502,0.011837706829570178,0.6540896814967586,9.106286642312613,0.3911410707442541,0.912428100553723,mean,0.8960130079004481,2.7761987040724393e-09,0.008613657789476321,0.005451828302042866,0.13825199986181402,0.9091110649894029,0.4036336019808149,0.43121034355082016,3.7873366686933854,105.94289986054588,3.0478966537244565,0.6540896814967585,0.3246277306025732,0.19271175470632415,0.10921150189779835,0.10052926914101305,-0.02307989561058849,9.106286642312613,11.1175724198905,21.486646303963884,34.990217260118435,15.215100819134786,-0.402958741651161,signal,mixed,noise,noise,noise,noise,1.000078623063946,0.999164411799887,0.4245060358005408,0.21876528115626284,2
adamw_d8,8,final,k,0.14721171456384222,0.2461108348922408,0.16373823583126068,0.011668115711361355,0.320545906282133,8.748104661468725,0.1981509695760741,0.0613668235750877,not reproduced,-0.0002488976671238661,-0.11706660510609736,-0.10943485410117341,0.005656425572612385,0.28604510912681896,-0.14017484191768825,0.34313794436159717,0.14579552624201508,188.06641275446552,47.66352744487696,3.0478966537244565,0.320545906282133,0.5396111836408862,0.27644579065465913,0.1409944432824184,0.12084381800470467,0.08530232535740978,8.748104661468725,9.013147858647997,19.381135089876746,29.756431223364444,20.767941160191214,1.7997017237218358,mixed,signal,mixed,noise,noise,noise,0.9997663203804007,0.99915051310466,0.34566564648850256,0.23811157083114648,2
adamw_d8,8,final,v,0.6678194109323516,0.8560926548272478,0.7014308571815491,0.005742853971891743,1.2508015132287487,22.38677892423379,0.5249306204322929,0.9931019121467421,mean,0.699827806942762,0.2631301791349703,0.281740224954416,0.08493212059683385,0.3438943504233344,0.8374610473577285,0.5445340396095052,0.8514017974189105,3.2959997243577246,138.97113847161958,3.0478966537244565,1.2508015132287487,0.6817970609966376,0.37590703375110185,0.2561519177590967,0.2059015260455789,0.2913398864744191,22.38677892423379,28.456126423069925,29.39902606342042,57.990261591721634,35.8573421033203,5.187824256748287,signal,signal,mixed,mixed,mixed,mixed,0.9968766213594391,0.9919504453510457,0.6159086085478565,0.1987957899327237,2
adamw_d8,8,final,o,0.08983880379553935,0.1698527671968415,0.14807191491127014,0.013671709218831983,0.24648803648626763,7.889335119615846,0.31021378121371534,0.35203650546006326,not reproduced,0.5850549394481159,0.001623606806227648,0.012816136311808096,0.005443763872782566,0.09439624313999606,0.3387787221426989,0.31964978047628273,0.12769695849140011,103.50727373497666,178.14144675432138,105.08281124817454,0.24648803648626758,0.5461067089224996,0.2913790564831099,0.18783584061962394,0.16721130216249855,0.045487642411528896,7.889335119615846,17.618653063524498,44.45382721636966,49.961878501497765,29.974027295211265,0.7782381792585832,mixed,signal,mixed,noise,noise,noise,1.0003253736681097,0.9991637036569794,0.3113240300902044,0.20430503006441492,3
adamw_d8,8,final,up,0.2659510248706141,0.4410992591733673,0.24837128818035126,0.022466823491705704,0.6561432600486363,14.725423616771106,0.38637089949617387,0.9617837006919152,mean,0.8591334270047214,0.026640588678378156,0.03363920419247934,0.007547885536542318,0.07442288088873683,0.9686502267914577,0.36911204023060307,0.5407669379439805,3.2805845542095904,288.73195035795527,3.4010471337112547,0.6561432600486363,0.46714841246793204,0.3599169106107128,0.1993043797764256,0.15638510663832217,0.15259147689783273,14.725423616771106,11.82554680199211,37.673994779238534,92.68231603002197,83.41712608796944,39.2674851612773,signal,mixed,mixed,noise,noise,noise,1.0006479028116804,0.9985029532862125,0.36360827304939053,0.1638239046058373,3
adamw_d8,8,final,down,0.1908677458321876,0.2953358386715714,0.19248627126216888,0.019950630366049164,0.6851479883364557,9.740589828937193,0.9383690258239532,0.3891776892209632,distributed,-0.011153081760510043,0.29877333513506943,0.30248179602079533,0.00759257820652787,0.1697481137778965,0.01443818122322447,-0.4549663633039979,0.42212299921215807,403.88375892459595,315.03604140432464,60.54150215572965,0.6851479883364556,0.6429247109170937,0.3771078703757268,0.2133969810353348,0.15887311860157186,0.15814361746745695,9.740589828937193,22.79420056284675,41.45850861677162,75.96007931291979,74.71582415784245,36.66230083426293,signal,signal,mixed,mixed,noise,noise,1.0006610020866873,1.000474406097891,0.32832259037900396,0.19610721100510012,3
adamw_d12,1,,q,0.09166463105578031,0.11195690974451832,0.0888940617442131,0.007373930792601643,0.35227492469778215,4.4746823296320555,0.7342624635075633,0.32811670191277736,not reproduced,-0.08592886571968138,-1.6524433339004673e-09,0.0059405443920197655,0.0024722774844022806,0.13631801568693466,-0.17265724834244472,0.29880840235831735,-0.1076172646178024,194.11130381288427,55.663039741360265,45.384693068985776,0.3522749246977822,0.27290300010118385,0.17050005987724928,0.12793179448124115,0.06969361168754334,-0.11436233147667121,4.4746823296320555,10.100323753717909,19.48808959081154,32.09907120207997,11.370480649806069,-2.036077942710494,mixed,mixed,noise,noise,noise,noise,0.9982442543349452,1.0009749078796135,0.24462869998834494,0.19727718280972542,3
adamw_d12,1,,k,0.10479516032852629,0.16483427261385078,0.09433910995721817,0.007209698154755915,0.259374535648225,4.531634218766922,0.12253788194661516,0.7388092512351485,not reproduced,-0.00015182973479368092,0.0008470624151434948,0.03237434390311564,0.002339637543004644,0.12668824996973874,0.4171720451783363,-0.12685001305058968,0.053089098222440866,191.52255947594026,22.79785923020463,45.384693068985776,0.259374535648225,0.18470926731086815,0.18741059132973928,0.1479897266299681,0.09045799347297193,0.1158657687675372,4.531634218766922,6.850362203765983,24.31915500910122,34.830596667344984,13.233555931241284,2.1273237815167354,mixed,noise,noise,noise,noise,noise,1.00039489928259,1.0019232893056889,0.24266528177545063,0.20096899842021626,3
adamw_d12,1,,v,0.15448903153657692,0.3176445672094933,0.19064883887767792,0.006065402441396364,0.5121795727276898,8.363223840263487,0.23511310132736749,0.9529189036769363,mean,0.6300688531822348,-0.000933997346224549,0.003045386056557944,0.00840847771899819,0.10195231323797126,-0.7604853316468227,-0.14563086897810723,0.29436217176884183,29.337842729339044,110.6168197038237,45.384693068985776,0.5121795727276899,0.5433367621083828,0.411604356547337,0.18852529970377555,0.08549537640593281,0.03111487806876221,8.363223840263487,24.86365401407582,56.8439628505733,43.93412342016274,13.977437489881659,0.5072279828705166,signal,signal,mixed,noise,noise,noise,0.996914135695339,0.9981739888586627,0.33542786363114213,0.2187012170647155,4
adamw_d12,1,,o,0.0745118330081788,0.14646815894172702,0.11637844145298004,0.00600235793776645,0.2952073266656552,5.123944823191574,0.15575773635985107,0.5993527418832718,not reproduced,-0.4697161935597058,-0.008971150406207103,0.007983834292538187,0.003846823484263109,0.11050221232948419,0.38764575846834776,-0.2756942403484366,0.06660036151014287,13.820113354709983,190.91788012529062,11.30424509145005,0.2952073266656552,0.5934250775375465,0.39811637355274637,0.20733262912095257,0.08903604873135508,-0.013680840627973609,5.123944823191574,25.17783385372405,48.17588376658958,50.43101608851968,14.225810245711799,-0.2486268737223677,mixed,signal,mixed,mixed,noise,noise,0.9999502673806712,1.0026781516060461,0.2684879544386726,0.1953549073001821,5
adamw_d12,1,,up,0.07717549505265588,0.2430764406579161,0.10990247130393982,0.020130141208313437,0.9787784812181322,18.82071791891955,0.4289386104081414,0.8933322283116687,mean,1.1125629997977633,-0.0006919365745417512,0.006187635474183337,0.013253065441483547,0.07366931031605953,0.8750726096875627,0.4293256988967125,0.18038620753336734,100.53808524502006,471.8709465669712,95.70987560325787,0.9787784812181322,0.5191729404317128,0.4145530533670638,0.20802977715165957,0.13913419187794646,0.13111329774428895,18.82071791891955,24.804651024937804,65.96396908072585,79.62271350205909,56.8638323934863,32.200789336853724,signal,signal,mixed,mixed,noise,noise,1.0007661364103928,1.0003235373207053,0.2436616518180707,0.16990785887818444,4
adamw_d12,1,,down,0.1183643274064128,0.3349931455080756,0.14909937977790833,0.020165156530239516,1.2578215459392479,24.037979812116593,0.48380304936768515,0.9207328615386053,mean,0.8313884928572707,-0.00025182558313708095,0.01791967102005965,0.019488116587047015,0.08221333169713074,0.862055280937058,0.4587660212048362,0.2398350864162464,214.62694380402604,176.39350437926439,79.87869111604162,1.2578215459392474,0.6993802683121203,0.44478601325163025,0.23215909840300555,0.1392581112102558,0.1188874243748469,24.037979812116593,24.637283146856863,59.44624044735569,96.02306748947514,77.82912259195119,22.666082536065254,signal,signal,mixed,mixed,noise,noise,0.9999305792127685,0.9971873017563261,0.2656398146145235,0.20610870593978578,2
adamw_d12,2,,q,0.4115615985713649,0.5748050789679918,0.39974483847618103,0.0011918993100519491,1.0138858740324597,7.866224069103649,0.916687887308075,0.6959523153165793,mean,0.5911820843708778,1.1375767729934039e-09,-0.0034043637884008326,0.004187844869654367,0.1358966286725188,0.5311981458556854,0.8303529742006429,0.19990646270228066,123.515370405595,27.45401675908585,16.14646958257674,1.0138858740324597,0.34211532114940735,0.38980019675663097,0.22268855607212734,0.0760549045938757,0.06392470133975911,7.866224069103649,7.444692717270266,15.668293596202783,24.356855974530227,12.107062684303706,1.1924164797701162,signal,mixed,mixed,mixed,noise,noise,0.9916598172686729,0.9998022980062041,0.4369097101214396,0.21197167509132456,3
adamw_d12,2,,k,0.44605220419058883,0.6265771684261431,0.36922353506088257,0.0010973401909216956,1.306375472809581,8.649706939260906,0.798617120991586,0.8889672424054972,distributed,-1.3425277558561463e-05,0.0879985004147949,0.12607809862818617,0.014242497873306505,0.19136866711664216,0.3748002918513163,-0.08468025988274162,0.45656333233778085,42.658756232883725,34.65926214303553,16.14646958257674,1.3063754728095813,0.3689204178921647,0.4154301548522202,0.22989602050182725,0.09665678738750563,0.06580264776357908,8.649706939260906,6.655193896531048,16.940014919258317,25.740154732368357,13.960142971951091,1.0988140850743608,signal,mixed,mixed,mixed,noise,noise,0.9940033664470938,1.0013864271117454,0.3984056619451126,0.24005899042720832,3
adamw_d12,2,,v,0.48576730911114596,0.7554474203345173,0.5704057216644287,0.0013991053012019886,1.4329918441135276,20.189115041550966,0.5059933965274185,0.9880911105257794,mean,0.8826272766250649,0.043471249775495505,0.06728026517399566,0.03062327407024385,0.11833539821915003,0.9299638661553388,0.5037061940273291,0.5078392166675092,17.292698958671483,126.53282153464214,16.14646958257674,1.4329918441135276,0.5301260168365204,0.48820620421050814,0.22254318983044857,0.13851508360133288,0.056649910936368154,20.189115041550966,13.167918169517018,36.63968233232327,35.15363206907805,26.803586937387962,0.9650756061140113,signal,signal,mixed,mixed,noise,noise,0.9886761301399467,0.9974036579936472,0.5372971555332529,0.2610068665259865,3
adamw_d12,2,,o,0.22506216607482063,0.3464412796250303,0.23576557636260986,0.006912264318359513,0.6880437772050509,16.716220852891365,0.3512104332666667,0.9812310498144581,distributed,0.22027664173499717,0.017315618069408217,0.033393467538982535,0.008540300739396031,0.09122902663914187,-0.7308969621898477,-0.14015806258402552,0.48350904476439277,31.19834800668574,165.82566755366224,17.23208634085252,0.688043777205051,0.6272643913833971,0.42720994315465766,0.20305802066716827,0.11318043371450655,0.08585729088974031,16.716220852891365,28.01455401450498,49.445991896654625,54.33279660766675,19.089796419691393,1.6699194482643334,signal,signal,mixed,mixed,noise,noise,1.001018630340657,1.0016994058691913,0.35294161119228545,0.2569200277440801,3
adamw_d12,2,,up,0.24842749043799797,0.36226629534016525,0.23621855676174164,0.008938560895818012,0.529887867358026,34.212084588174754,0.3580963531652707,0.9943854832461798,mean,0.9739894719941811,0.02316147103281199,0.0324503033496064,0.009346314171832367,0.0741006398125924,0.9903562648111179,0.3472327893729362,0.3614127781887416,21.0437298817328,435.7683832342012,23.554956566460223,0.529887867358026,0.35051521412202136,0.28632400947018416,0.19012568651773182,0.15464544245321188,0.13413150407460273,34.212084588174754,31.056058586894533,62.90446897071731,90.15112486081148,85.43426796212867,40.407657081889994,signal,mixed,mixed,noise,noise,noise,1.0050014087614645,1.0019526578489266,0.37821498616615007,0.16935593392112971,3
adamw_d12,2,,down,0.06323189912456988,0.27613497506048845,0.07482567429542542,0.03165398393875071,0.9368843085135895,19.806445166103426,0.38398783258456004,0.9630184207767092,mean,0.9407132663815215,0.022625302997748002,0.03785305731388154,0.012608416642456538,0.07707091282465152,-0.9594565490730214,-0.3500599685962283,-0.4785044061867218,793.578710796757,170.85303999269135,926.9548759428685,0.9368843085135898,0.44498603414348586,0.32187187531334743,0.2023447196445611,0.14288257717431663,0.13052832391861982,19.806445166103426,30.551709673761916,58.669383829881184,104.20498085970988,85.82977657042869,28.724038771640142,signal,mixed,mixed,mixed,noise,noise,1.000185170703237,0.9996320422587458,0.19930468593577738,0.13727638046880955,2
adamw_d12,3,early,q,0.8376288428211721,0.8532077274584214,0.7408048510551453,0.001541910611161584,0.6782909381892012,8.292681777522892,0.9947283083803128,0.5391921891221831,distributed,0.032548558353148314,-6.632890456606499e-10,0.0023709919842102908,0.004270007198598386,0.15058711104498002,-0.041676676442509844,-0.9329600185833739,0.0008972364055109973,110.27007855801045,21.05322748349034,10.642450288779395,0.6782909381892012,0.3312891049059396,0.2591839961419211,0.0633682929688332,0.02874663989889113,-0.007536071361397266,8.292681777522892,6.562699521804495,21.90698957296408,12.11923516756718,5.198185211674056,-0.12979395592919904,signal,mixed,mixed,noise,noise,noise,0.9863100939986483,1.0057846799101962,0.4768452994457408,0.1727610754177773,3
adamw_d12,3,early,k,0.36776755561321156,0.7044421247696107,0.49430567026138306,0.0028269409311652447,1.066143009685231,13.329764667967362,0.3165823823402709,0.9761453832620235,sink,0.00010212943291808511,0.5112834177245623,0.5300840073204179,0.035256840910007685,0.3312513408184204,0.36368191763188745,0.22565222300228083,-0.6522969101449891,29.665086004981546,75.41345467624798,10.642450288779395,1.066143009685231,0.39269307655060604,0.34738149568442694,0.0794057342366958,0.03357120452692722,-0.0401702836646695,13.329764667967362,6.959108780216466,18.30860665242883,16.403223504809972,6.761934062649858,-0.733124186777147,signal,mixed,mixed,noise,noise,noise,0.9976059908061562,1.0070766123322998,0.5047267354108923,0.29806963079770205,3
adamw_d12,3,early,v,0.6938352311163277,0.8906499962503467,0.783111572265625,0.0015137475971529898,1.1551555263201805,12.772889687138846,0.3612743946263392,0.9928306636041985,mean,0.7662671835516411,0.11302809180460739,0.15900462430074255,0.055077591415938223,0.15813223228398035,0.8798735165589131,0.35132444104839405,0.5527356434437859,11.219498464201918,130.22342005322727,10.642450288779395,1.1551555263201805,0.6240926824222212,0.39574020614502087,0.1970471544005553,0.09179109379124306,-0.08155750254904838,12.772889687138846,8.414183436870426,25.476074627165186,40.568588608354304,16.410922314493728,-1.4466621611417227,signal,signal,mixed,noise,noise,noise,0.9938490618872218,1.0144836578373466,0.7164566726009587,0.2379392900276222,2
adamw_d12,3,early,o,0.49622414557948485,0.5855169061291593,0.46832945942878723,0.005562145366086838,0.4817932841437399,12.526092937155463,0.26809093371297155,0.9950238379932252,not reproduced,0.1217836809642455,0.08187871952946396,0.1349528043345611,0.006294346601345172,0.0900684210717731,-0.6179352961734733,-0.07573929715735303,0.8008911357698785,27.141023956480304,172.17157686310168,43.152602588579775,0.4817932841437399,0.7340034392715702,0.31290247743785105,0.14512752618888183,0.06632231511130221,0.03922537761997359,12.526092937155463,28.650923487274255,46.257418180180395,40.65482767663544,12.010559485391681,0.6722559164619678,mixed,signal,mixed,noise,noise,noise,0.9998435992111245,0.9993769550005726,0.5098821845079262,0.2752966319550004,2
adamw_d12,3,early,up,0.27340131167061305,0.42936305176517275,0.2705220580101013,0.01279150098167218,0.5588335863634379,24.048875717010368,0.3478577941037635,0.9939472432346247,mean,0.9635149065478107,0.01333630890845586,0.01753649928045661,0.010014729811233839,0.07164693581130216,0.9913551054583598,0.33874397312813465,0.29381865900208737,12.903355991954273,495.574922359178,14.676955474380938,0.5588335863634379,0.38417390508768845,0.2939021152504841,0.19296574771396385,0.1630015516287299,0.1485253807574211,24.048875717010368,22.629568470063205,59.64511884859129,84.8707941199526,89.5650542812968,46.90213171950995,signal,mixed,mixed,noise,noise,noise,1.0026033626993085,1.0001571617280094,0.4046706555392682,0.20916796331100315,2
adamw_d12,3,early,down,0.08251958519609728,0.32301401234804045,0.09150430560112,0.03029870092806196,0.9298909577887386,21.459918185993818,0.39158817213491237,0.9265159516600323,mean,1.0040220271502305,0.023497248773341514,0.03955565963395072,0.007408232772723525,0.09897021818268467,0.9219250124482415,0.3878149913218055,0.43496208589810414,471.9395444376962,112.50496983688177,929.8096866345049,0.9298909577887389,0.5825479877727189,0.31964954234346316,0.20958965671300375,0.14667717670428485,0.13303123497898234,21.459918185993818,25.58155568267194,82.70316630022447,111.48546185134623,80.0373782213022,29.110945516265897,signal,signal,mixed,mixed,noise,noise,1.0000796215458,0.9991156997060547,0.2166393398937707,0.17974498353978816,2
adamw_d12,4,,q,0.7985902099206845,0.9156582963498012,0.8240094184875488,0.0022752327247667703,0.7445708184954949,10.834315109030952,0.9956950632322497,0.3858567526657294,distributed,-0.014126940222183327,-1.6555875383406032e-11,0.00017623579388853974,0.003916378158419713,0.1095363143162144,-0.11208156892613322,0.40206195792577737,-0.08687488527685164,142.95997162545234,12.474900178683214,9.507917585697362,0.7445708184954949,0.34658446187519854,0.21344936769771058,0.07121858092915997,0.06044100142062693,0.20537528097866528,10.834315109030952,8.937774165233368,24.33610344667061,15.598038737585146,10.011312690597,3.605160882058542,signal,mixed,mixed,noise,noise,mixed,0.9916166449594617,1.0044564963200706,0.6598015071961477,0.2245451794619629,2
adamw_d12,4,,k,0.38487119297385347,0.47995423599674003,0.4702073931694031,0.0033826859641003606,0.3334017360061977,3.4933000658105278,0.20495115827138916,0.9874449933851654,not reproduced,7.74675887688857e-05,0.025771626817972557,0.09390488837745418,0.005913503035341351,0.13696782501485166,-0.2686324390730276,-0.026970326179996583,0.5233711758827615,6.633052439059497,36.245551508784224,9.507917585697362,0.3334017360061977,0.631861355559245,0.2766431408641271,0.09457315758936093,0.06772079767826554,0.17541087728047497,3.4933000658105278,12.470801420188048,22.444161754716106,18.081360304089113,11.827513049593069,3.176538021947607,mixed,signal,mixed,noise,noise,noise,0.9961673535773626,1.0009558140910972,0.4841809125425318,0.2410973121058928,4
adamw_d12,4,,v,0.6539583994849397,0.8121648543002399,0.6960957050323486,0.0016630510709200646,1.0893515491140804,14.50450118018835,0.44920402806833265,0.9906770963285402,mean,0.9152004003665444,0.04754433808030632,0.06499679243973185,0.027901386902335172,0.13441361148721578,0.9566562870933248,0.45717299418199,0.40955277255850825,8.57489819651758,118.31253259725455,9.507917585697362,1.0893515491140804,0.5171713409287362,0.4158583187753845,0.21838936307834006,0.12809711946389576,-0.0058562199788105606,14.50450118018835,11.973646479582289,33.573287577544995,39.54002761779483,21.319576315514517,-0.11849595546055543,signal,signal,mixed,mixed,noise,noise,0.9905556235988632,1.0052974309584135,0.5481650061646297,0.2760820730149489,2
adamw_d12,4,,o,0.4700719776546801,0.5939018129134265,0.44736409187316895,0.005902279675213232,0.6924373040715049,17.79347644760443,0.3790318763565792,0.9905389989674176,distributed,0.08701889622553159,0.048415720679265625,0.0862989077828593,0.008400289087026771,0.07956164762123068,0.3261837191943245,0.19402800001039597,0.7784921267776781,11.770225510031114,165.5486977651122,26.530563891453603,0.6924373040715048,0.45685225152581804,0.4072957316740211,0.19251430593661267,0.11671757605569942,-0.02453057724248432,17.79347644760443,13.84136883432138,50.38631910808023,47.37408847194059,21.67891099945944,-0.47287391246906413,signal,mixed,mixed,noise,noise,noise,0.9989508242457767,0.9972216705060856,0.48558279627414325,0.22440804894316263,3
adamw_d12,4,,up,0.316288353613601,0.48212573507723566,0.3133755624294281,0.014448428882972217,0.4678201165430334,18.97658535240029,0.2882235984129009,0.9921080986226432,not reproduced,1.009514639435691,0.01004035222703373,0.016954181928469102,0.006070570052531939,0.10476041604048349,0.9889060884228897,0.2968254373572914,0.29129404266976344,10.951676376947095,319.6761043158475,12.472555008772106,0.4678201165430334,0.303319132624623,0.3134892106617198,0.19396531703454017,0.16444872061667562,0.1441708729145663,18.97658535240029,13.103224609175168,58.42582206004097,77.85317875094526,111.02770238274067,41.58168240799352,mixed,mixed,mixed,noise,noise,noise,1.0026243917025002,1.0002727571402594,0.44087585059700074,0.23214045318369814,2
adamw_d12,4,,down,0.2694851397207929,0.34777954462695,0.2533932328224182,0.02627247364089304,0.3342310615120837,13.039327162381548,0.5604019384179623,0.21158451454628724,not reproduced,0.0204068087916195,0.005246515413322831,0.005576894948074547,0.004323538778540983,0.10154408130313189,-0.1163735046248231,-0.041952050314681265,-0.060870155852968726,517.7960344860873,7.42812021905978,676.3351337942426,0.3342310615120837,0.6719146650218332,0.3172316408467739,0.2058999607836613,0.14859178864038136,0.1337613981586695,13.039327162381548,30.450498159443068,64.17981462370231,105.59709110402689,80.78961935704088,32.44422171223696,mixed,signal,mixed,mixed,noise,noise,1.000088299105887,0.9997728564428099,0.40913786951560416,0.21338541007075204,2
adamw_d12,5,,q,0.25525835999999086,0.4545618238301772,0.2969311773777008,0.007999795717439025,0.44142878941964653,7.771722790784743,0.20970036089518454,0.9031500957005685,not reproduced,0.8881225495263755,8.345694198068573e-10,-0.0032768815651515845,0.001902458569880464,0.077151112554131,0.9682162713782738,0.26928887405080865,0.03574909369075388,12.469710441490738,139.14652675171087,10.08727686977577,0.4414287894196467,0.44770593920858925,0.2265454119921908,0.12869366449487432,0.09052455423629062,0.010965294092501575,7.771722790784743,10.433401592719862,21.791692492993356,40.085723756545704,18.817183282683622,0.19037446677951073,mixed,mixed,mixed,noise,noise,noise,0.9989134278373523,0.9972308878550551,0.4308497357178828,0.2970635202600052,2
adamw_d12,5,,k,0.2046910082251044,0.35168222328461096,0.24251867830753326,0.004925825500800342,0.09712579258024565,0.9719672625780869,0.21366625574373047,0.2311993013535089,not reproduced,-0.00015473704111241204,-0.022154343968717998,0.06695639605729965,0.0008492823223842625,0.3351630795099652,0.025454317156492948,-0.16920698602913609,0.027320150009877617,52.347870114693016,36.45526990437283,10.08727686977577,0.09712579258024563,0.39586926964619096,0.31449874750346946,0.13465825302200268,0.10401360175593942,0.038214716631006306,0.9719672625780869,8.962418322433813,22.40125212270104,28.582452695507754,17.673755679132057,0.6274086417181635,noise,mixed,mixed,noise,noise,noise,0.9976722088044003,0.9993038802916598,0.37153739406933745,0.2817672326118807,4
adamw_d12,5,,v,0.5858472935069783,0.8042713943076748,0.6620488166809082,0.0029636314612341594,1.550840291707062,21.366622117201477,0.5458889326249418,0.9748263983937479,mean,0.9048864125963518,0.027715441818992718,0.03983962967984263,0.03607988116637386,0.14908392638509604,0.9665653136137299,0.5579913748822771,0.3159993617546312,9.324772100066486,131.4056717730406,10.08727686977577,1.550840291707062,0.8411817491492015,0.3855898294730512,0.24250612660369755,0.17920197312322922,0.14883353775031313,21.366622117201477,19.010764922648764,35.39944065811899,55.3857173341375,31.848244549896553,2.3821014910715075,signal,signal,mixed,mixed,noise,noise,0.989535164597341,0.9898883881049136,0.557736110139978,0.311828595380725,2
adamw_d12,5,,o,0.13966135929826207,0.1389693144996558,0.13737912476062775,0.01203991305028448,0.06102174593739844,0.9206025178209217,0.676279569429733,0.20041068116665287,not reproduced,0.1377870965632205,-0.014891807384931231,0.09276268286392388,0.00027604482259512795,0.12188836775732508,0.15475860128722152,0.06355394626643994,0.10235269873122357,140.31187333985127,8.12159708778043,166.26596258040595,0.061021745937398446,0.552344268588899,0.395525923270434,0.21294691603998783,0.14277694545270597,0.0004944181879471327,0.9206025178209217,26.1643368582711,58.98021854904253,67.13513021944037,27.16901397866406,0.009877571651047785,noise,signal,mixed,mixed,noise,noise,1.0022552325014888,1.0029518830134234,0.2791113171054564,0.18923961942762504,3
adamw_d12,5,,up,0.32805094186813094,0.5084968858899889,0.32012736797332764,0.01613280638149951,0.6854439251165367,25.519707856396806,0.3995966261159758,0.99660472324657,mean,0.9933172865584446,0.0034276257737274056,0.009595348546392097,0.00942385243567948,0.07031353375994104,0.9898813421266982,0.397219993198393,0.3277958739939406,11.818468551258146,429.0053641278123,12.357266005497955,0.6854439251165367,0.4086346917729411,0.3259318257041605,0.19982144931820484,0.16187408386350383,0.15083630509338822,25.519707856396806,17.989254500406968,47.44785969893155,83.07275286352981,91.81936781271754,42.71404374020918,signal,mixed,mixed,noise,noise,noise,1.002074092532856,1.0016258580658408,0.4302706522840866,0.21320436772264062,2
adamw_d12,5,,down,0.1706114900373404,0.3883753522987339,0.16358613967895508,0.026954783558890593,0.2784039472207891,13.231137738940967,0.0037427696856085564,0.02792977333078552,not reproduced,0.0005402218055009279,0.00856711418126487,0.013200856938152154,0.0045609261338856195,0.1210723142594536,0.019426306820183342,0.003682769189356509,0.049456563923672536,526.0187305714725,7.097490715122977,14.29712073135832,0.27840394722078904,0.7535872875180274,0.33589629261385434,0.20845592273589542,0.14892877282678246,0.1430497539713743,13.231137738940967,30.391720726126387,59.847319393731304,96.61296124704063,87.89484975125602,36.38162720076345,mixed,signal,mixed,mixed,noise,noise,1.0001322821892145,1.00119100965885,0.3334386878896833,0.23188741115197217,2
adamw_d12,6,mid,q,0.4410875676522902,0.6303679981793608,0.3600599467754364,0.008175479241865596,0.7066787122786247,9.239524871596767,0.4422380808628173,0.976935481196634,mean,0.8599012732241982,1.1509858731780711e-09,-0.0006628142537799649,0.004871317144227024,0.09166252789215419,0.9338239055877378,0.43339920589172626,-0.0834588450025966,11.803811110708235,110.70585181427391,9.695286685131645,0.7066787122786247,0.3858833003049847,0.2554618597980873,0.13586649040319707,0.10500715146283213,0.14765694428635334,9.239524871596767,8.650866466660244,34.221033908602394,41.120794472410154,18.484626758636267,2.5221090521010066,signal,mixed,mixed,noise,noise,noise,1.0035248230363065,1.0063893438061233,0.4302761732574431,0.27232533745012394,2
adamw_d12,6,mid,k,0.21915275977541077,0.449550354190984,0.25926756858825684,0.006545545908944471,0.32265823806177,6.746228364885052,0.880635583009417,0.11998917653271989,not reproduced,-8.522432350670607e-05,0.012221258822867058,0.01726462858118305,0.002247823682796696,0.12529718831125383,-0.04743059532448057,0.2423411574225703,0.03866673209898148,172.31966975686694,32.54976692294064,9.695286685131645,0.32265823806176996,0.8090540700890747,0.29022175375937986,0.1421211437760033,0.12416675117077995,0.026913968304961403,6.746228364885052,19.11316330451032,26.171640681195218,31.483231421715704,25.725665070081437,0.5261546472388015,mixed,signal,mixed,noise,noise,noise,0.9978307359855885,0.9985587806570297,0.3465505905350194,0.253902295705297,4
adamw_d12,6,mid,v,0.5951681484216547,0.7762046519457325,0.6409607529640198,0.004022769195580924,1.415918328917481,18.437815671435484,0.5393052344172108,0.9813529792081792,mean,0.8695503319556854,0.033183756995978135,0.05757922668821791,0.038743720134344385,0.11648886222575236,0.8602884718398578,0.5388804055235602,0.5235443154840966,12.07010681810431,135.79886590092133,9.695286685131645,1.415918328917481,0.6955012679657949,0.4604598498336393,0.24688947863838323,0.1884479494279825,0.10469850694328271,18.437815671435484,23.143035230508993,44.0587082294059,61.952048817104256,37.12163455345597,2.020690199302775,signal,signal,mixed,mixed,noise,noise,0.9940689242135178,0.9943338000246588,0.5694134624859097,0.2964633680996336,2
adamw_d12,6,mid,o,0.10194869357585831,0.1711797549290045,0.12761220335960388,0.013764917644153316,0.22667191097565612,4.124761461145031,0.5201323547616906,0.14537596375965675,not reproduced,0.06402225740959766,-0.018703813432520613,0.06374267863595896,0.0009768746212855976,0.10957914233509475,0.15521571436773995,0.10504254007296565,0.33034672360156536,94.44818160626177,11.8575688033344,150.0855405932103,0.2266719109756561,0.46036374022110654,0.421916504544323,0.21320902005595557,0.15415905842859537,0.19768425508654372,4.124761461145031,21.802338354102805,70.9022601148584,64.6428028295183,31.35097692752601,3.535476717994824,mixed,mixed,mixed,mixed,noise,noise,1.0020783650553555,1.0003291086836923,0.2757526300024032,0.20040466342076996,2
adamw_d12,6,mid,up,0.3247262513935781,0.5349689021640095,0.3235921561717987,0.01881713862415951,0.5977522503367467,32.212404639526696,0.341831007928549,0.9952894981955239,mean,0.9992991176150946,0.0015768532031622815,0.0057147679644398534,0.010971916796534474,0.06269646123086843,0.992953286614618,0.3463388078441305,0.31456289964787953,11.515155761166755,372.7844125036329,11.804130572264782,0.5977522503367467,0.2989354648909179,0.3074230397554199,0.19692059746765672,0.16434866711173146,0.16225674739830148,32.212404639526696,21.391229842916733,51.200818751959325,91.6407788849416,83.32528557762043,49.35082009534406,signal,mixed,mixed,noise,noise,noise,1.0006630949730106,1.0001991616377515,0.4453132073720093,0.17887988351666856,2
adamw_d12,6,mid,down,0.18947324981089875,0.2621215128161618,0.17708328366279602,0.027900432515202325,0.30500760839717284,11.437121209699036,0.08265477499751642,0.040170058466185425,not reproduced,0.010509223023869663,0.001651226409605626,0.010777210646266985,0.004738448655032913,0.11875873787528902,-0.07067149718651247,-0.032213573067722635,0.0018079096062531975,505.1276353740636,6.77011701543545,872.3614852085755,0.3050076083971729,0.6048422504407469,0.34443214858422644,0.20708029120528637,0.15541153673282931,0.14548502380206269,11.437121209699036,25.285666623263435,62.93758147822121,100.9999490383175,88.8888722229762,33.0758400079334,mixed,signal,mixed,mixed,noise,noise,1.0009571675460274,1.0016376273414425,0.34253804453434045,0.19775244332123765,2
adamw_d12,7,,q,0.2917941760542741,0.43781972837233846,0.2695463001728058,0.011532099037008478,0.40418135318643683,5.181476509233161,0.280147213535626,0.9846203365911462,not reproduced,0.8445195031129089,-3.1533441404052205e-09,0.0021673810590119896,0.0022529984156137014,0.08206560211907617,0.9879426665072696,0.25393238727922174,0.14459105604802325,9.03723498061055,117.03983591850306,9.809543324047182,0.40418135318643683,0.4820844412723655,0.21796968175866832,0.13724005933205286,0.11120446397134269,0.1260570318942378,5.181476509233161,14.827010582993946,31.191781229065953,36.449111211827976,19.32374192523001,2.0466614918761605,mixed,mixed,mixed,noise,noise,noise,1.001701756375007,1.0011816233674709,0.3978523165392204,0.29296700186298563,2
adamw_d12,7,,k,0.12504297892965258,0.2580196437813515,0.1556449830532074,0.009277035487503145,0.31884686074666846,5.409981073876005,0.2689658657122573,0.20193050587473682,not reproduced,0.0012466118486329611,0.007782659583327514,0.0025744818827287464,0.0012906665715268248,0.11163364035931608,0.2767735535891707,0.388865400438406,-0.019382397403481067,66.21637232487419,44.093327177466016,9.809543324047182,0.31884686074666846,0.48667258822546505,0.28411945734261096,0.14901086687287482,0.11807419702977452,0.05115317085376877,5.409981073876005,11.680681373689435,20.386658610108466,36.32626846567698,24.614190116175333,0.8589588298026992,mixed,mixed,mixed,noise,noise,noise,1.0000679416315557,0.9998070673908754,0.30191099092075047,0.25920235176834516,3
adamw_d12,7,,v,0.5375786952607338,0.7464776929974763,0.5668909549713135,0.005860033011108101,1.2139872576315198,24.599330365145327,0.4810206031269063,0.9871152145708522,mean,0.9078652388353697,0.02220072479240873,0.03294680858573009,0.023851980611323785,0.08889484134202821,0.947423206388897,0.4851955644351813,0.36734725512408073,9.81039885311775,156.88557441150343,9.809543324047182,1.2139872576315198,0.6336368526575692,0.4253630174281286,0.2536498885365421,0.18602628238986635,0.09535468035588152,24.599330365145327,19.1343533694377,50.07957109513988,65.03032938297329,34.060912939248055,1.681597404801438,signal,signal,mixed,mixed,noise,noise,1.001298014616117,1.004130893183115,0.4996372946734851,0.2981462413785961,2
adamw_d12,7,,o,0.07888645072285927,0.11338868426021319,0.09578663110733032,0.016395781062382174,0.5428656399815285,11.13527483640537,0.8158682351022217,0.3984064754430102,distributed,-0.0012450505036410635,0.0015672998100990925,0.00580639319027194,0.0031978322484480307,0.12305298733068962,0.04129339127810222,-0.014182865451574883,0.0037202512708702905,122.31427551664177,7.3392382283955655,154.61888632316462,0.5428656399815286,0.5107520937434661,0.3790300800805395,0.2174617624266251,0.15161854444753337,0.10715698782845831,11.13527483640537,26.661688323255387,66.76859911217679,84.96112466237874,27.663258512134338,1.8895986994171043,signal,signal,mixed,mixed,noise,noise,1.0000498188950242,0.9987420293734064,0.23218900301349354,0.1693208453358505,3
adamw_d12,7,,up,0.3117874841152374,0.5386416276261131,0.3136940002441406,0.02037211358305249,0.7319488498659833,24.732785449795756,0.3884770772793542,0.9950419422681279,mean,0.9506922726775264,0.006623665963777486,0.012955835343644832,0.01315319684196255,0.07105726875866918,0.9906455200002503,0.3848250310318452,0.3086909198351734,10.876714723257514,462.56047848969064,11.672017768839156,0.7319488498659833,0.46856435500338167,0.33898307790488175,0.20694171955529866,0.16536416907385737,0.1526462133727702,24.732785449795756,21.73899455577213,53.6908331866507,103.78735638162166,98.26097266442282,39.1646197258357,signal,mixed,mixed,mixed,noise,noise,1.0000108694746865,0.9980400484224627,0.4161110347039001,0.17569132653217936,2
adamw_d12,7,,down,0.11787387904991735,0.2555745525016315,0.11470739543437958,0.02760461682861517,0.4952582555036905,20.56360592605892,0.09536637176177495,0.0990343517999123,not reproduced,-0.0009593009757181425,0.044338054693215535,0.0541688750760047,0.0076786810240664395,0.12421481505961288,-0.024619793448734096,0.011351923809150765,-0.08405183201463623,591.48504436064,7.024018176524174,160.60210333726727,0.4952582555036905,0.717038691990416,0.3729135421735264,0.21014411998653795,0.15260434917952168,0.1467108365797802,20.56360592605892,28.438714254377285,67.04558578723596,104.35890286691468,84.15212653704619,33.3127357749579,mixed,signal,mixed,mixed,noise,noise,0.9998558859133407,0.9992597169135113,0.26555079386839503,0.2059548317592946,2
adamw_d12,8,,q,0.2817283022943295,0.4618972868609218,0.24374160170555115,0.012275021868258896,0.5586727079213837,10.692478349072632,0.4001716317674537,0.9700744568923984,mean,0.9457623619720508,-2.153293009843348e-08,-0.0008594978044431227,0.004620805591434911,0.09764270521877726,0.9834185964084339,0.4103435012636404,0.2066770425924739,10.945318196224436,158.32785710225446,10.613238856439684,0.5586727079213837,0.35168419695973996,0.1885441460434456,0.11735694804948085,0.09587666315649579,0.061492401608328064,10.692478349072632,12.500498199248845,32.377778932701474,34.62268704501005,16.877129322706516,1.01517762466707,signal,mixed,noise,noise,noise,noise,1.0018512573604275,1.001736462847106,0.3719868703115308,0.26123224159269365,2
adamw_d12,8,,k,0.12631666987545798,0.20194694085744502,0.12617819011211395,0.010983966995852894,0.5416901317160482,7.098869265904008,0.5387476311689706,0.42910703003604067,distributed,0.0005235221090038376,0.007514543667263498,0.01971314019165624,0.0026573870462366363,0.15991140005384,-0.24915709296624644,-0.20118393371497953,0.06388490951740551,102.68326152299176,31.29663836295209,10.613238856439684,0.5416901317160482,0.5223636583053038,0.25068795344900463,0.13631758373793731,0.10687871758563293,0.07485601402680671,7.098869265904008,12.979833551305587,24.765337851325864,35.61298397191111,19.04305148812306,1.4750629796493495,signal,signal,mixed,noise,noise,noise,1.0010352317576092,1.0015719253041389,0.26232940010882216,0.22749174803841368,4
adamw_d12,8,,v,0.45114803650551955,0.7185708993988752,0.4964059889316559,0.008228893872169518,1.412581931121517,23.453396810385925,0.5390536137634399,0.9913458731167626,mean,0.8741044447494085,0.017432613884058017,0.028291371001253746,0.020816505419961204,0.08983751506676674,0.9484045714835095,0.535857819231325,0.32126569945148825,9.493039536491242,186.33584097459183,10.613238856439684,1.412581931121517,0.5495578549844697,0.40448364409833426,0.24904245751324003,0.19280382842954955,0.32492820827364,23.453396810385925,18.59548227859437,55.71300032836762,56.782430138973425,39.46872894284302,5.72873966752171,signal,signal,mixed,mixed,noise,mixed,0.9997211473646752,0.998256252249884,0.4737467719781384,0.26677214156689477,2
adamw_d12,8,,o,0.06227280610507046,0.11259629604574742,0.08107456564903259,0.014837986541119329,0.41944303673387034,7.612341048614611,0.31812079359802686,0.10686200103254907,not reproduced,-0.031375692448436104,-0.004933035915058874,0.017168648693893653,0.002931332086256771,0.10928475146386657,0.1435697006356521,-0.06033849512136406,-0.1047299756242002,66.2358022179778,21.502098441379573,92.66944291349044,0.41944303673387034,0.5420722559307432,0.3729782091471423,0.22845703732895178,0.15332026487348624,0.15355721198873867,7.612341048614611,25.225005931856874,66.22295200856782,79.15511220941654,28.783857406402753,2.404209000760011,mixed,signal,mixed,mixed,noise,noise,1.0012666532048387,1.001248725372127,0.2172275778244779,0.1712432403470049,5
adamw_d12,8,,up,0.23413856260955357,0.4166131912158995,0.23720642924308777,0.02138454259904774,0.7166811401083234,21.172172508282376,0.38900987692725864,0.9913116191673479,mean,0.9663290702867244,0.010442356665110022,0.01983185995668188,0.012407454071554714,0.07421824973071381,0.9874709039051979,0.39186512560179254,0.31604470744608365,12.539482802732653,506.8301497782238,12.644668392303934,0.7166811401083235,0.554784949662312,0.3425067355589061,0.1969322959147728,0.15725913371344477,0.1582617167837185,21.172172508282376,21.57376303104082,41.91855195474997,93.31878252416364,93.39091064826421,35.23312021132258,signal,signal,mixed,noise,noise,noise,1.0001062835292938,0.9985530382884703,0.3667436344742736,0.18532761775111745,3
adamw_d12,8,,down,0.17528990163096056,0.4523967211796974,0.20593374967575073,0.025805086322040448,0.919482905997582,18.179733504330933,0.36968649714016544,0.9836056992429871,sink,0.030905150767703952,0.951668453021654,0.9540925431521687,0.088121093229887,0.6286859532502717,-0.15995904810276912,-0.12446016944777856,-0.9679741796272849,13.848428747626036,155.21017206010015,25.05431085209567,0.9194829059975818,0.6352536707766397,0.3961269372063545,0.20640549643616438,0.150361120143215,0.1454009108685904,18.179733504330933,27.732698386285293,71.22009313497365,102.54695649843951,87.54823532440214,34.71055993115646,signal,signal,mixed,mixed,noise,noise,1.0002557410249664,0.9999031800635558,0.33137667665603365,0.19939896151034997,3
adamw_d12,9,late,q,0.5023989446046728,0.8439141030293117,0.5493386387825012,0.008621775110965988,1.388359476757111,8.023400161631567,0.9677918989677322,0.5861136330050796,mean,0.5526491956534944,-9.285828771722241e-11,0.00026710555321553123,0.007945008934586413,0.16317471738293557,-0.4345063634605692,-0.9451258961699361,-0.06576979299633318,135.06828369868379,22.227340056749945,10.973972699319615,1.3883594767571112,0.1805252791788958,0.250575891439069,0.14376450595524673,0.10652079807102006,-0.021168234080511626,8.023400161631567,3.8814258416276255,22.149610656400633,38.1809022536646,20.505863579357182,-0.3142525755686817,signal,noise,mixed,noise,noise,noise,1.0021396045727413,1.010984132416065,0.5960861991519856,0.22678515231668853,2
adamw_d12,9,late,k,0.28286244793176746,0.6717805247434057,0.3518858551979065,0.008202831821746748,1.8427086728388185,6.987037896056491,0.7903183564516155,0.9091953023122291,sink,4.507674024418685e-07,0.867786187945903,0.8650908791810521,0.028052351458477533,0.6028695982747901,0.0022853530229074446,0.273671896180729,-0.8394114181496514,39.10274421025851,23.354681671707382,10.973972699319615,1.8427086728388185,0.17106460843098867,0.2832968800422456,0.1510244184541915,0.11172337004971508,0.1641828249957319,6.987037896056491,2.512024094802173,27.121483293271996,31.559858822156656,17.295061203675534,3.274231230957331,signal,noise,mixed,noise,noise,noise,1.001286896083112,1.0052457554733927,0.4474105397276575,0.23245085350415073,2
adamw_d12,9,late,v,0.5174656344213492,0.6890165130741256,0.5282672047615051,0.007024756640827492,1.0777954878048592,16.549343032489187,0.4472172417042043,0.9950014217938101,mean,0.7876561531939155,0.14964657265567233,0.16331805285015674,0.029415940648487775,0.1463196075945715,0.8931049897332768,0.44834022821310565,0.5809631973677831,11.38904887599966,139.15972722656838,10.973972699319615,1.0777954878048592,0.6430776170409767,0.4115944503976134,0.2523099759200265,0.206975709348362,0.34424526620317447,16.549343032489187,19.97819190908928,42.1656916326464,67.48358107048416,35.55940451387763,6.014827501400049,signal,signal,mixed,mixed,mixed,mixed,0.9988779869744948,0.9946332488225715,0.4991346931879467,0.254246255304323,2
adamw_d12,9,late,o,0.07310819604888678,0.1816172638388289,0.10701705515384674,0.015356444642752811,0.37111484329603656,12.30986186921505,0.23803637438788428,0.3532699151910967,not reproduced,0.21742403319641476,0.02806588009506228,0.04501247710357527,0.007816123527633426,0.10151379138986429,0.19275310667716045,0.2528119343862377,0.1539417503698899,117.3746392949488,185.67540716824175,149.32152763872602,0.37111484329603656,0.601905121562725,0.3946363263053469,0.20097636022430257,0.14503532555199025,0.0005865672882411857,12.30986186921505,25.608805598382354,64.98596059210863,65.63195531840793,28.28180533737144,0.01154062569830637,mixed,signal,mixed,mixed,noise,noise,1.0002687168397888,0.9994142570853177,0.24152852144521042,0.1748095652077997,4
adamw_d12,9,late,up,0.21468936941358122,0.4006689258644014,0.2009207010269165,0.02388528317474875,0.6750539644666317,29.42783009166196,0.38064219475484207,0.9882547291477037,mean,0.939808202591834,0.013575944943361673,0.02383232845591853,0.013032489135939414,0.07047854764755249,0.9872257733908018,0.37553990877273313,0.3404956916153476,13.606029871383491,337.69443391759546,14.685416961914513,0.6750539644666317,0.46507087276895476,0.35302157391546973,0.19370458776652727,0.15876549985587976,0.15430119359097721,29.42783009166196,28.838068144373267,60.011645038899964,86.83048889736877,93.82722398743903,42.96098875462046,signal,mixed,mixed,noise,noise,noise,0.9998253629548012,0.9979895820653166,0.33212589164112266,0.14716718202000884,4
adamw_d12,9,late,down,0.06949142591617982,0.25236604052619743,0.08173339068889618,0.028363909517029887,0.8692697839908645,18.385658922019044,0.3732011891587219,0.9047681067452987,sink,0.162439505382709,0.6378537781181237,0.6481879112173556,0.03417159128913213,0.29524171442768277,-0.316125646454216,-0.27405907241753147,-0.8501265554703094,10.861390360281588,147.8265517975995,147.4525701344102,0.8692697839908645,0.49645146115550204,0.3945992484597943,0.2091901632228156,0.15142240802481782,0.13684110889662884,18.385658922019044,26.49100573176074,64.77438071484097,87.4761119901178,84.44973697175452,41.32178572799167,signal,mixed,mixed,mixed,noise,noise,1.000681870088311,1.0012789914460998,0.2058387354151738,0.16080408665014836,3
adamw_d12,10,,q,0.2047691026977289,0.35292725978742917,0.17280910909175873,0.014555113291820302,0.3185123235608892,4.213943299493278,0.2185702190997628,0.9254964600340299,not reproduced,1.2127004786955873,8.110754832934446e-09,-0.002068382357050107,0.0017888790061776796,0.09036291090409483,0.9368815817952352,0.3026321268294752,0.2596435332600057,12.658312252691754,118.34598643216484,10.920851035139309,0.3185123235608892,0.30632716106726965,0.219705972566396,0.12473834626292098,0.09247573686224604,-0.005846707365544219,4.213943299493278,11.468036693086232,28.36035523566594,36.00215074942441,19.215623665421184,-0.1308602817922206,mixed,mixed,mixed,noise,noise,noise,1.0008343374174968,0.9997760428245469,0.3278573636412216,0.21259077421380415,3
adamw_d12,10,,k,0.11025811443762938,0.18323409567834673,0.105937160551548,0.014505914997847412,0.5245239277092403,4.985449120906813,0.17370760530606796,0.049411427199046495,distributed,1.059426407989871e-05,0.48014158604369284,0.47331869863148274,0.009191642318874775,0.3925739691882583,0.022533562185268904,0.14401390977690892,0.7466944754176792,49.524466817935,26.371997388493536,10.920851035139309,0.5245239277092403,0.5203919503072687,0.2728568823720098,0.15999301134309005,0.10633977151111189,0.07353589260146519,4.985449120906813,15.701559975522974,26.71105647337733,40.647351507625224,18.67539580558494,1.2253138428740065,signal,signal,mixed,noise,noise,noise,1.0014369350838328,1.0023704210998559,0.2518865692368911,0.2127896746035858,3
adamw_d12,10,,v,0.5641126284168874,0.7772258022960657,0.6163820028305054,0.0071738703966895976,1.1732288554765151,21.05773576563711,0.44647213865809626,0.9925924647033163,mean,0.6357202407553812,0.2702295071069032,0.2900452117097014,0.06458490999323535,0.25484209996655155,-0.8041074397657684,-0.4366374867012557,-0.7706473809501643,14.336981779199416,174.11557550518114,10.920851035139309,1.1732288554765151,0.7140379528172639,0.46122812430888904,0.25712774390760773,0.2081400849822454,0.24360458094634999,21.05773576563711,28.430762348861197,48.347699807621545,72.13913693733201,42.304299114718624,4.603658061124981,signal,signal,mixed,mixed,mixed,mixed,1.0033023424648415,1.0057870983300887,0.5463594554587418,0.21498346928821105,2
adamw_d12,10,,o,0.11257221571405307,0.15129593155304183,0.12623611092567444,0.015610152225164833,0.13950206036588725,8.128581843450553,0.1824291253792852,0.21162266548173603,not reproduced,0.3019003082420599,0.006688059159527865,0.016940376148478917,0.003971541036826071,0.10235266978999816,-0.17290156427775336,-0.2130417688010617,-0.050263989933955075,73.3276807758853,173.58847018628418,149.0510521512876,0.13950206036588725,0.573740128138266,0.337331098063591,0.1921506698170939,0.15177803438547385,-0.00822770155397028,8.128581843450553,27.12337574769075,56.8244977606792,72.38973632852701,31.71444879000709,-0.1390641582305028,noise,signal,mixed,noise,noise,noise,1.0000259457946683,0.9994643305333616,0.26658594786713613,0.1785788363049008,5
adamw_d12,10,,up,0.16092740753674342,0.3370000274540963,0.16533802449703217,0.026362133012857687,0.6215594808771966,28.377939813232818,0.3541415319577966,0.9854682721280565,mean,0.9288189793360104,0.025460613489675193,0.038725283479026484,0.012589277182760985,0.05951264101997212,0.978199340237881,0.351261470690495,0.41090621091316326,15.468327267187876,566.6088195218745,16.76356120981541,0.6215594808771965,0.40163669382021805,0.3240701248988452,0.19175842622430417,0.15638741690405034,0.14736775814339942,28.377939813232818,41.02291244616902,59.46973043443218,74.5741020974447,97.13941210247249,43.47991872707298,signal,mixed,mixed,noise,noise,noise,1.0005416697781386,1.0002999642832764,0.31130921182543153,0.1419967766208719,3
adamw_d12,10,,down,0.03982503001246545,0.08643723759120928,0.05432732403278351,0.028902903011441265,0.24922523616319267,12.074325632469414,0.04969817110652623,0.023450208898533026,not reproduced,0.009587128793425315,0.023446138359505358,0.027078762612903214,0.005219259432789897,0.1136901250923694,0.03659849159610186,0.0434358236604772,-0.1186455075525632,94.96594573725955,156.66259412894712,186.94173038653003,0.24922523616319267,0.5135059938278467,0.3890030517293964,0.20189847954356216,0.1456700197135798,0.13760877805887292,12.074325632469414,27.247288563768084,56.92784537888623,91.56597010874597,76.7085805436078,32.61273955636323,mixed,signal,mixed,mixed,noise,noise,1.0004230412251751,1.0002281803990625,0.18004344335173272,0.1418185595150537,4
adamw_d12,11,,q,0.14198489363989938,0.4097134154300495,0.1988099068403244,0.012515094741845232,0.7994026031688262,10.71220335693699,0.783360368685189,0.4658809916220506,distributed,0.3703822723850038,6.449125909599553e-10,-0.002876930619183055,0.007254949631032466,0.15313003845662418,-0.2736660650825583,-0.6516485346480853,-0.11573166402105221,136.4398535346368,46.59781017309152,13.70024950401077,0.7994026031688262,0.3082606013675155,0.19724256423509298,0.11034660322460177,0.09675112730612938,0.0185905589965081,10.71220335693699,7.466607988411009,22.621635956683726,31.39763110325328,16.049972742264785,0.2896369808990426,signal,mixed,noise,noise,noise,noise,1.0008385222789176,1.0023996092045853,0.3766351334456792,0.25199674591021537,2
adamw_d12,11,,k,0.10816852718666482,0.3016021513939559,0.16862086951732635,0.011730293428985537,0.7858551448425294,9.952562544799857,0.3564109490833761,0.789313412837928,sink,-6.798966177634799e-06,0.808147936807948,0.8204012262583212,0.02023133265299797,0.4185681467213168,-0.054199184135681165,0.06105568781693531,-0.8339115205168344,44.798494559179886,79.78487043310156,13.70024950401077,0.7858551448425293,0.5715463896448253,0.20399266041973618,0.13839366607866357,0.1266552020709522,0.06951952368360047,9.952562544799857,10.387084739374998,11.651538698726801,25.19080924513141,19.922211209106624,1.3102981712527089,signal,signal,mixed,noise,noise,noise,1.0005432240036505,1.004117413046367,0.3604427552589063,0.2405194889511222,2
adamw_d12,11,,v,0.7348313184608457,0.8949594632478242,0.7621527314186096,0.0054373136421449805,1.1766714925217638,21.045289795543038,0.42335674157490066,0.9956847494239436,sink,0.29595432445439795,0.6786103267239221,0.6895924067650293,0.1122612649059671,0.5883668811675824,-0.5510101490739991,-0.40366421597586677,-0.9578727452748319,18.021764220226714,91.378867753306,13.70024950401077,1.1766714925217638,0.7426138625929549,0.3966589891507135,0.2519277066822101,0.2035310266179902,0.09829028656181255,21.045289795543038,16.962067068895642,38.61249644847255,56.445220392314894,34.812049071135874,1.8188173893052335,signal,signal,mixed,mixed,mixed,noise,0.9957661353635177,0.9930138466506689,0.6019684111935657,0.19434768918275905,2
adamw_d12,11,,o,0.09809294403756774,0.20164854954850428,0.13574475049972534,0.015125351767086114,0.1656111629495582,9.87383715779793,0.1646328427604336,0.16874102042116548,not reproduced,0.36614417548040906,0.0006831338918805015,0.0034867469097122857,0.004335202223899717,0.10311346022786047,0.21801027232897402,0.19913081657341872,0.07104898741946539,75.84857454654613,166.05263234814748,66.4799936267674,0.16561116294955822,0.4551930054014148,0.2806435004585062,0.18268927071565313,0.15174176311381435,0.17047044703071887,9.87383715779793,23.98455271430027,40.81146569931985,58.22323946678407,26.71060207109987,3.1924346843968547,noise,mixed,mixed,noise,noise,noise,1.000969252538327,1.0003355044163689,0.2957192645693255,0.19631166849565884,3
adamw_d12,11,,up,0.17535217354453744,0.35210014061745243,0.16785220801830292,0.026312708643895247,0.6868998817583434,24.25154902929724,0.40262944275621565,0.9726117289697537,mean,0.9133669443553082,0.0438157806591884,0.050429658542414026,0.013220437679323413,0.09839141994576972,0.9734768657813089,0.3917010875139881,0.42725507755668746,14.756091354561999,239.21005720277213,17.879749312151475,0.6868998817583434,0.5653389166543158,0.3342159661339616,0.18783228012011352,0.15318850120960906,0.14218849062616834,24.25154902929724,20.884818208337293,54.409544598034756,99.79060049438591,78.06177205495564,42.36625902241118,signal,signal,mixed,noise,noise,noise,0.9995307314561774,0.9981877443686858,0.30175588238367873,0.14990248701444975,3
adamw_d12,11,,down,0.04738226759882196,0.10813398572766128,0.06562833487987518,0.026006533176610364,0.33014930299231215,13.562423810078121,0.16499136836415249,0.17358504402950753,not reproduced,0.20860059493872243,0.006214932978274557,0.006505640946224784,0.007558806590738167,0.12694760231276045,-0.24167747883480262,-0.17230171487968082,0.06103289459193226,58.84664670849332,151.8483498562619,146.87728660631302,0.33014930299231215,0.6273305373251817,0.3673529529506492,0.2019619179350606,0.1491991923379964,0.14992493063247195,13.562423810078121,29.004547243288215,53.105324658169096,92.87415659973553,70.607360089117,29.181618556700567,mixed,signal,mixed,mixed,noise,noise,1.0002177061335464,0.9988319095422628,0.1889663114720735,0.14857581758495994,6
adamw_d12,12,final,q,0.26972010442774386,0.3253917583902304,0.18685917556285858,0.010533861865881665,-0.10904674770910351,-1.3791922099823646,0.1693342210658688,0.8169676706025398,not reproduced,0.43111622325788973,-4.44576557314855e-09,-0.002474404456562329,-0.0008288437893294242,0.19187627126795417,0.8131133383236739,-0.0616180778766329,0.30958751191174616,16.355769699876575,41.9123365889655,12.74045122800893,-0.10904674770910348,0.2835943723337832,0.16883146930365975,0.10209729610128868,0.08690874172103466,0.06266463726995482,-1.3791922099823646,9.542022302818687,23.359648490740643,31.229802320772965,15.340076689558712,0.9892525947125944,noise,mixed,noise,noise,noise,noise,0.9999425207801673,0.9992650870595478,0.33810677006725565,0.21964667379157152,3
adamw_d12,12,final,k,0.17045815265767558,0.17035934442330727,0.15643370151519775,0.009601147113176271,0.015629167700669418,0.2651393287355813,0.2741171413981893,0.15971305088465054,not reproduced,0.00011042662035162275,-2.5224667903277767,-2.86358674051623,0.00037743627928529604,0.4428766422532081,-0.04824885379472169,-0.03096017293585484,-0.3441756626230496,126.05708256941932,47.00493836288315,12.74045122800893,0.015629167700669425,0.4452270939358327,0.24079332092773764,0.12170455346197216,0.09525728374641278,0.18066333729636497,0.2651393287355813,7.731767484157687,30.785965865383012,28.78120825571173,16.206237972614883,2.9525512338695292,noise,mixed,mixed,noise,noise,noise,0.9997385706438431,1.0005179998264198,0.31309959728828496,0.23940889934850107,3
adamw_d12,12,final,v,0.5120598169740376,0.7936162167597611,0.5822171568870544,0.0069221605149090695,0.9028052666218609,15.653705885901411,0.3443344144703825,0.9888466955194388,mean,0.6885612875222241,0.22053500174121748,0.24530445365064962,0.056901240621600374,0.3463502259182474,0.8313404429135557,0.35393125284603605,0.7525965500029261,9.122417889399866,139.60829377531456,12.74045122800893,0.9028052666218609,0.536809473459216,0.37558047785372056,0.23253448075358854,0.15903999901010332,0.06089379824863842,15.653705885901411,20.927367166970694,30.8427755353099,56.85632003310666,30.582954221999476,0.9512147032083995,signal,signal,mixed,mixed,noise,noise,1.0018311161719244,1.0027088950280643,0.6056205221392263,0.2338698171799152,2
adamw_d12,12,final,o,0.11478491230786708,0.35871140599138757,0.1954095959663391,0.012145164251244648,0.7609622466350684,17.138819835912763,0.3775023399671728,0.8293698882432172,mean,0.9016348341564522,0.03195851787311969,0.054373179939773614,0.01076814038559244,0.07670780887829318,0.8419027571728557,0.39289563851501713,0.33066187251979445,66.97792307812468,155.3363435647291,56.37276062654374,0.7609622466350684,0.3767681025828827,0.2857565319152894,0.167374623543114,0.1318340779040399,0.06154847403057149,17.138819835912763,20.9762688158851,37.776417276910834,44.19693351780277,25.69467312634029,1.069693406869944,signal,mixed,mixed,noise,noise,noise,1.0008851613566494,1.0003134661908208,0.3516359399501977,0.21826866578446355,3
adamw_d12,12,final,up,0.2019468965394172,0.41632045233497456,0.20961356163024902,0.023069820579265186,0.2950821062041918,5.360978374200672,0.10570414345198054,0.9135120404678148,not reproduced,0.7413698316222953,0.0396190049402382,0.025697984297101874,0.002651134821770955,0.08574261347558727,-0.9387787602522527,-0.12849170669066298,-0.4173344151029578,11.809659674421736,179.53244377963466,14.256681120791091,0.29508210620419173,0.7029134081569642,0.35912465783644626,0.19243735731142256,0.15106064385733128,0.15683130567624165,5.360978374200672,18.006554475633504,45.042546623778215,80.87698032548514,74.17136681015052,43.86522706438626,mixed,signal,mixed,noise,noise,noise,1.0002578828575444,0.9993176332229879,0.3299315736511373,0.18161003091644817,4
adamw_d12,12,final,down,0.2305544403092487,0.5300961284188975,0.26010435819625854,0.01935306631075312,-0.28492928445415244,-3.0380861308200333,0.7063025546319881,0.33989180704911903,not reproduced,1.6634332270652994,-0.06525232668605127,-0.04917859710438568,-0.0014148157928539349,0.06587946869365159,-0.528537072018317,0.5057929017330072,-0.15570014999288379,38.690422952672705,284.14641095699614,12.59760119418733,-0.28492928445415244,0.9123471270985707,0.3808687766873804,0.20491034838165184,0.164503373378145,0.14707146294665532,-3.0380861308200333,23.83466353294512,40.445385753064784,78.91872251164682,78.51928769435185,27.87483771754448,noise,signal,mixed,mixed,noise,noise,1.0007071455030743,1.001854431663623,0.36514395952373874,0.22423029691147156,2
