method,step,aggregation,aggregate,context,bank,context_members,context_count,selected_blocks,signed_scale,side,abs_scale,baseline_loss,slope,hessian,gn,hessian_minus_gn,hessian_over_gn,h_over_gn_qualified,h_over_gn_reason,loss,loss_change,true_linear_term,linear_prediction,remainder,hessian_quadratic,gn_quadratic,hessian_departure,gn_departure,hessian_departure_denominator,gn_departure_denominator,signed_relative_hessian_departure,signed_relative_gn_departure,sum_individual_remainders,interaction,hessian_cross,gn_cross,hessian_cross_prediction,gn_cross_prediction,interaction_hessian_departure,interaction_departure_denominator,signed_relative_interaction_departure
Muon,10,context,context0,0,0,0,1,"1,4,8",-16.0,negative,16.0,9.480047685548643,-0.005534530651023356,0.00015264943651811905,1.4869029574651982e-05,0.00013778040694346707,10.266267596800573,True,positive_GN_above_numerical_floor,9.591374535851223,0.11132685030258038,0.0885524904163737,9.568600175965017,0.022774359886206685,0.01953912787431924,0.0019032357855554537,0.003235232011887447,0.02087112410065123,0.022774359886206685,0.022774359886206685,0.14205589215470635,0.9164307670966353,0.012682263375783709,0.010092096510422977,6.306871170640658e-05,5.4596752261277895e-06,0.008072795098420042,0.000698838428944357,0.0020193014120029346,0.010092096510422977,0.2000874060129556
Muon,10,context,context0,0,0,0,1,"1,4,8",-8.0,negative,8.0,9.480047685548643,-0.005534530651023356,0.00015264943651811905,1.4869029574651982e-05,0.00013778040694346707,10.266267596800573,True,positive_GN_above_numerical_floor,9.529600909946204,0.04955322439756138,0.04427624520818685,9.524323930756829,0.005276979189374531,0.00488478196857981,0.0004758089463888634,0.0003921972207947214,0.004801170242985668,0.005276979189374531,0.005276979189374531,0.07432229817855464,0.9098330826570381,0.003014466144724226,0.002262513044650305,6.306871170640658e-05,5.4596752261277895e-06,0.0020181987746050105,0.00017470960723608926,0.00024431427004529454,0.002262513044650305,0.10798358516560767
Muon,10,context,context0,0,0,0,1,"1,4,8",-4.0,negative,4.0,9.480047685548643,-0.005534530651023356,0.00015264943651811905,1.4869029574651982e-05,0.00013778040694346707,10.266267596800573,True,positive_GN_above_numerical_floor,9.503455112309503,0.02340742676086016,0.022138122604093424,9.502185808152737,0.0012693041567667374,0.0012211954921449524,0.00011895223659721585,4.8108664621784956e-05,0.0011503519201695215,0.0012693041567667374,0.0012693041567667374,0.03790160487958284,0.9062854746334247,0.000734856749940449,0.0005344474068262883,6.306871170640658e-05,5.4596752261277895e-06,0.0005045496936512526,4.3677401809022316e-05,2.9897713175035712e-05,0.0005344474068262883,0.055941356985110005
Muon,10,context,context0,0,0,0,1,"1,4,8",-2.0,negative,2.0,9.480047685548643,-0.005534530651023356,0.00015264943651811905,1.4869029574651982e-05,0.00013778040694346707,10.266267596800573,True,positive_GN_above_numerical_floor,9.49142799882111,0.01138031327246658,0.011069061302046712,9.49111674685069,0.00031125197041986796,0.0003052988730362381,2.9738059149303964e-05,5.953097383629862e-06,0.000281513911270564,0.00031125197041986796,0.00031125197041986796,0.01912629621460498,0.9044566397147996,0.0001814202725081704,0.00012983169791169757,6.306871170640658e-05,5.4596752261277895e-06,0.00012613742341281315,1.0919350452255579e-05,3.69427449888442e-06,0.00012983169791169757,0.028454334020933832
Muon,10,context,context0,0,0,0,1,"1,4,8",-1.0,negative,1.0,9.480047685548643,-0.005534530651023356,0.00015264943651811905,1.4869029574651982e-05,0.00013778040694346707,10.266267596800573,True,positive_GN_above_numerical_floor,9.485659281193994,0.005611595645351741,0.005534530651023356,9.485582216199665,7.70649943283852e-05,7.632471825905953e-05,7.434514787325991e-06,7.402760693256806e-07,6.963047954105921e-05,7.70649943283852e-05,7.70649943283852e-05,0.009605866785265125,0.9035292891134665,4.507160845715341e-05,3.1993385871231794e-05,6.306871170640658e-05,5.4596752261277895e-06,3.153435585320329e-05,2.7298376130638947e-06,4.5903001802850564e-07,3.1993385871231794e-05,0.01434765360177967
Muon,10,context,context0,0,0,0,1,"1,4,8",-0.5,negative,0.5,9.480047685548643,-0.005534530651023356,0.00015264943651811905,1.4869029574651982e-05,0.00013778040694346707,10.266267596800573,True,positive_GN_above_numerical_floor,9.482834124344675,0.0027864387960327974,0.002767265325511678,9.482814950874154,1.9173470521119396e-05,1.908117956476488e-05,1.8586286968314977e-06,9.229095635451438e-08,1.7314841824287898e-05,1.9173470521119396e-05,1.9173470521119396e-05,0.004813471627520785,0.9030624792322164,1.1232676898467742e-05,7.940793622651654e-06,6.306871170640658e-05,5.4596752261277895e-06,7.883588963300822e-06,6.824594032659737e-07,5.720465935083186e-08,7.940793622651654e-06,0.007203896999369392
Muon,10,context,context0,0,0,0,1,"1,4,8",-0.25,negative,0.25,9.480047685548643,-0.005534530651023356,0.00015264943651811905,1.4869029574651982e-05,0.00013778040694346707,10.266267596800573,True,positive_GN_above_numerical_floor,9.481436100027372,0.0013884144787290609,0.001383632662755839,9.4814313182114,4.781815973221859e-06,4.77029489119122e-06,4.6465717420787443e-07,1.1521082030638711e-08,4.317158799013985e-06,4.781815973221859e-06,4.781815973221859e-06,0.0024093528682736227,0.9028283027180569,2.803779088712821e-06,1.978036884509038e-06,6.306871170640658e-05,5.4596752261277895e-06,1.9708972408252055e-06,1.7061485081649342e-07,7.139643683832381e-09,1.978036884509038e-06,0.003609459327956106
Muon,10,context,context0,0,0,0,1,"1,4,8",0.0,zero,0.0,9.480047685548643,-0.005534530651023356,0.00015264943651811905,1.4869029574651982e-05,0.00013778040694346707,10.266267596800573,True,positive_GN_above_numerical_floor,9.480047685548643,0.0,-0.0,9.480047685548643,0.0,0.0,0.0,0.0,0.0,1e-10,1e-10,0.0,0.0,0.0,0.0,6.306871170640658e-05,5.4596752261277895e-06,0.0,0.0,0.0,1e-10,0.0
Muon,10,context,context0,0,0,0,1,"1,4,8",0.25,positive,0.25,9.480047685548643,-0.005534530651023356,0.00015264943651811905,1.4869029574651982e-05,0.00013778040694346707,10.266267596800573,True,positive_GN_above_numerical_floor,9.478668811690394,-0.0013788738582487525,-0.001383632662755839,9.478664052885886,4.758804507086489e-06,4.77029489119122e-06,4.6465717420787443e-07,-1.149038410473104e-08,4.294147332878615e-06,4.77029489119122e-06,4.758804507086489e-06,-0.0024087366435037528,0.902358423525081,2.795024934353074e-06,1.963779572733415e-06,6.306871170640658e-05,5.4596752261277895e-06,1.9708972408252055e-06,1.7061485081649342e-07,-7.117668091790457e-09,1.9708972408252055e-06,-0.0036113846751392896
Muon,10,context,context0,0,0,0,1,"1,4,8",0.5,positive,0.5,9.480047685548643,-0.005534530651023356,0.00015264943651811905,1.4869029574651982e-05,0.00013778040694346707,10.266267596800573,True,positive_GN_above_numerical_floor,9.477299409602914,-0.0027482759457289063,-0.002767265325511678,9.477280420223131,1.898937978277171e-05,1.908117956476488e-05,1.8586286968314977e-06,-9.179978199317203e-08,1.713075108594021e-05,1.908117956476488e-05,1.898937978277171e-05,-0.004811011902151406,0.9021227276460205,1.1162643767922975e-05,7.826736014848734e-06,6.306871170640658e-05,5.4596752261277895e-06,7.883588963300822e-06,6.824594032659737e-07,-5.685294845208799e-08,7.883588963300822e-06,-0.007211556654811177
Muon,10,context,context0,0,0,0,1,"1,4,8",1.0,positive,1.0,9.480047685548643,-0.005534530651023356,0.00015264943651811905,1.4869029574651982e-05,0.00013778040694346707,10.266267596800573,True,positive_GN_above_numerical_floor,9.474588747197409,-0.005458938351234011,-0.005534530651023356,9.47451315489762,7.559229978934545e-05,7.632471825905953e-05,7.434514787325991e-06,-7.324184697140733e-07,6.815778500201946e-05,7.632471825905953e-05,7.559229978934545e-05,-0.009596084812630636,0.9016498398905193,4.451134751523589e-05,3.1080952274109563e-05,6.306871170640658e-05,5.4596752261277895e-06,3.153435585320329e-05,2.7298376130638947e-06,-4.534035790937252e-07,3.153435585320329e-05,-0.014378082787052333
Muon,10,context,context0,0,0,0,1,"1,4,8",2.0,positive,2.0,9.480047685548643,-0.005534530651023356,0.00015264943651811905,1.4869029574651982e-05,0.00013778040694346707,10.266267596800573,True,positive_GN_above_numerical_floor,9.469278095666528,-0.010769589882114516,-0.011069061302046712,9.468978624246596,0.0002994714199321957,0.0003052988730362381,2.9738059149303964e-05,-5.827453104042374e-06,0.00026973336078289176,0.0003052988730362381,0.0002994714199321957,-0.01908769936189929,0.9006981729473983,0.00017693831652437764,0.0001225331034078181,6.306871170640658e-05,5.4596752261277895e-06,0.00012613742341281315,1.0919350452255579e-05,-3.604320004995065e-06,0.00012613742341281315,-0.028574549150247944
Muon,10,context,context0,0,0,0,1,"1,4,8",4.0,positive,4.0,9.480047685548643,-0.005534530651023356,0.00015264943651811905,1.4869029574651982e-05,0.00013778040694346707,10.266267596800573,True,positive_GN_above_numerical_floor,9.459084655123258,-0.020963030425384943,-0.022138122604093424,9.457909562944549,0.0011750921787084811,0.0012211954921449524,0.00011895223659721585,-4.610331343647125e-05,0.0010561399421112653,0.0012211954921449524,0.0011750921787084811,-0.03775260696016303,0.8987719952932086,0.0006990053305345745,0.0004760868481739067,6.306871170640658e-05,5.4596752261277895e-06,0.0005045496936512526,4.3677401809022316e-05,-2.8462845477345944e-05,0.0005045496936512526,-0.05641237292479581
Muon,10,context,context0,0,0,0,1,"1,4,8",8.0,positive,8.0,9.480047685548643,-0.005534530651023356,0.00015264943651811905,1.4869029574651982e-05,0.00013778040694346707,10.266267596800573,True,positive_GN_above_numerical_floor,9.440295791941281,-0.03975189360736131,-0.04427624520818685,9.435771440340456,0.004524351600825538,0.00488478196857981,0.0004758089463888634,-0.0003604303677542716,0.004048542654436675,0.00488478196857981,0.004524351600825538,-0.073786377789767,0.8948337820822668,0.0027277925052870966,0.0017965590955384414,6.306871170640658e-05,5.4596752261277895e-06,0.0020181987746050105,0.00017470960723608926,-0.00022163967906656907,0.0020181987746050105,-0.10982053990690141
Muon,10,context,context0,0,0,0,1,"1,4,8",16.0,positive,16.0,9.480047685548643,-0.005534530651023356,0.00015264943651811905,1.4869029574651982e-05,0.00013778040694346707,10.266267596800573,True,positive_GN_above_numerical_floor,9.40828659794239,-0.07176108760625333,-0.0885524904163737,9.391495195132268,0.01679140281012037,0.01953912787431924,0.0019032357855554537,-0.002747725064198868,0.014888167024564917,0.01953912787431924,0.01679140281012037,-0.14062680186510634,0.8866541523017748,0.010393587403574767,0.006397815406545604,6.306871170640658e-05,5.4596752261277895e-06,0.008072795098420042,0.000698838428944357,-0.001674979691874438,0.008072795098420042,-0.20748447984295487
Muon,10,context,context1,1,0,1,1,"1,4,8",-16.0,negative,16.0,9.388698088638531,-0.006155352314461963,0.00016758707489717545,1.4822968509558476e-05,0.00015276410638761698,11.305905074891593,True,positive_GN_above_numerical_floor,9.51224459280438,0.12354650416584967,0.0984856370313914,9.487183725669922,0.025060867134458265,0.021451145586838458,0.001897339969223485,0.003609721547619807,0.02316352716523478,0.025060867134458265,0.025060867134458265,0.1440381742679806,0.9242907294849876,0.013946733959007952,0.011114133175450312,6.937753357046218e-05,5.4350435783277865e-06,0.00888032429701916,0.0006956855780259567,0.002233808878431153,0.011114133175450312,0.20098813314252423
Muon,10,context,context1,1,0,1,1,"1,4,8",-8.0,negative,8.0,9.388698088638531,-0.006155352314461963,0.00016758707489717545,1.4822968509558476e-05,0.00015276410638761698,11.305905074891593,True,positive_GN_above_numerical_floor,9.443739761339732,0.05504167270120064,0.0492428185156957,9.437940907154227,0.005798854185504937,0.005362786396709614,0.00047433499230587124,0.0004360677887953225,0.005324519193199066,0.005798854185504937,0.005798854185504937,0.07519895738805368,0.9182019452236722,0.0033093287185170413,0.0024895254669878956,6.937753357046218e-05,5.4350435783277865e-06,0.00222008107425479,0.00017392139450648917,0.0002694443927331058,0.0024895254669878956,0.10823122571190626
Muon,10,context,context1,1,0,1,1,"1,4,8",-4.0,negative,4.0,9.388698088638531,-0.006155352314461963,0.00016758707489717545,1.4822968509558476e-05,0.00015276410638761698,11.305905074891593,True,positive_GN_above_numerical_floor,9.414713604289869,0.02601551565133775,0.02462140925784785,9.41331949789638,0.0013941063934898995,0.0013406965991774036,0.00011858374807646781,5.340979431249591e-05,0.0012755226454134318,0.0013941063934898995,0.0013941063934898995,0.038311132178939306,0.9149392409143077,0.0008061561757743783,0.0005879502177155212,6.937753357046218e-05,5.4350435783277865e-06,0.0005550202685636975,4.348034862662229e-05,3.292994915182377e-05,0.0005879502177155212,0.056008056736117875
Muon,10,context,context1,1,0,1,1,"1,4,8",-2.0,negative,2.0,9.388698088638531,-0.006155352314461963,0.00016758707489717545,1.4822968509558476e-05,0.00015276410638761698,11.305905074891593,True,positive_GN_above_numerical_floor,9.401350571911099,0.01265248327256785,0.012310704628923926,9.401008793267454,0.0003417786436439238,0.0003351741497943509,2.9645937019116952e-05,6.604493849572896e-06,0.00031213270662480686,0.0003417786436439238,0.0003417786436439238,0.01932389273700107,0.9132598318518607,0.000198957070416385,0.0001428215732275388,6.937753357046218e-05,5.4350435783277865e-06,0.00013875506714092437,1.0870087156655573e-05,4.066506086614427e-06,0.0001428215732275388,0.028472631933102982
Muon,10,context,context1,1,0,1,1,"1,4,8",-1.0,negative,1.0,9.388698088638531,-0.006155352314461963,0.00016758707489717545,1.4822968509558476e-05,0.00015276410638761698,11.305905074891593,True,positive_GN_above_numerical_floor,9.394938055495201,0.006239966856670165,0.006155352314461963,9.394853440952993,8.461454220820216e-05,8.379353744858773e-05,7.411484254779238e-06,8.210047596144397e-07,7.720305795342293e-05,8.461454220820216e-05,8.461454220820216e-05,0.009702880121885893,0.9124088595014487,4.942063928025731e-05,3.5193902927944856e-05,6.937753357046218e-05,5.4350435783277865e-06,3.468876678523109e-05,2.7175217891638932e-06,5.051361427137638e-07,3.5193902927944856e-05,0.014352944706018179
Muon,10,context,context1,1,0,1,1,"1,4,8",-0.5,negative,0.5,9.388698088638531,-0.006155352314461963,0.00016758707489717545,1.4822968509558476e-05,0.00015276410638761698,11.305905074891593,True,positive_GN_above_numerical_floor,9.391796815518912,0.003098726880381264,0.0030776761572309814,9.391775764795762,2.10507231502826e-05,2.094838436214693e-05,1.8528710636948095e-06,1.0233878813566794e-07,1.919785208658779e-05,2.10507231502826e-05,2.10507231502826e-05,0.004861533136180839,0.9119806454881844,1.2315589870468381e-05,8.735133279814218e-06,6.937753357046218e-05,5.4350435783277865e-06,8.672191696307773e-06,6.793804472909733e-07,6.294158350644484e-08,8.735133279814218e-06,0.007205566473942057
Muon,10,context,context1,1,0,1,1,"1,4,8",-0.25,negative,0.25,9.388698088638531,-0.006155352314461963,0.00016758707489717545,1.4822968509558476e-05,0.00015276410638761698,11.305905074891593,True,positive_GN_above_numerical_floor,9.390242176587602,0.0015440879490711268,0.0015388380786154907,9.390236926717147,5.249870455636095e-06,5.237096090536733e-06,4.632177659237024e-07,1.2774365099362238e-08,4.786652689712393e-06,5.249870455636095e-06,5.249870455636095e-06,0.00243327244116054,0.9117658673984219,3.073967417442842e-06,2.175903038193253e-06,6.937753357046218e-05,5.4350435783277865e-06,2.1680479240769432e-06,1.6984511182274333e-07,7.855114116309882e-09,2.175903038193253e-06,0.003610047864463816
Muon,10,context,context1,1,0,1,1,"1,4,8",0.0,zero,0.0,9.388698088638531,-0.006155352314461963,0.00016758707489717545,1.4822968509558476e-05,0.00015276410638761698,11.305905074891593,True,positive_GN_above_numerical_floor,9.388698088638531,0.0,-0.0,9.388698088638531,0.0,0.0,0.0,0.0,0.0,1e-10,1e-10,0.0,0.0,0.0,0.0,6.937753357046218e-05,5.4350435783277865e-06,0.0,0.0,0.0,1e-10,0.0
Muon,10,context,context1,1,0,1,1,"1,4,8",0.25,positive,0.25,9.388698088638531,-0.006155352314461963,0.00016758707489717545,1.4822968509558476e-05,0.00015276410638761698,11.305905074891593,True,positive_GN_above_numerical_floor,9.387164474917718,-0.0015336137208130651,-0.0015388380786154907,9.387159250559915,5.224357802425562e-06,5.237096090536733e-06,4.632177659237024e-07,-1.2738288111170405e-08,4.76114003650186e-06,5.237096090536733e-06,5.224357802425562e-06,-0.002432318959010145,0.9113349844245661,3.0641397340004086e-06,2.1602180684251538e-06,6.937753357046218e-05,5.4350435783277865e-06,2.1680479240769432e-06,1.6984511182274333e-07,-7.829855651789459e-09,2.1680479240769432e-06,-0.003611477202526811
Muon,10,context,context1,1,0,1,1,"1,4,8",0.5,positive,0.5,9.388698088638531,-0.006155352314461963,0.00016758707489717545,1.4822968509558476e-05,0.00015276410638761698,11.305905074891593,True,positive_GN_above_numerical_floor,9.38564125910407,-0.0030568295344615137,-0.0030776761572309814,9.3856204124813,2.084662276946765e-05,2.094838436214693e-05,1.8528710636948095e-06,-1.017615926792798e-07,1.8993751705772843e-05,2.094838436214693e-05,2.084662276946765e-05,-0.004857729881219851,0.9111188855775451,1.2236968448433748e-05,8.609654321033904e-06,6.937753357046218e-05,5.4350435783277865e-06,8.672191696307773e-06,6.793804472909733e-07,-6.253737527386903e-08,8.672191696307773e-06,-0.007211253794181535
Muon,10,context,context1,1,0,1,1,"1,4,8",1.0,positive,1.0,9.388698088638531,-0.006155352314461963,0.00016758707489717545,1.4822968509558476e-05,0.00015276410638761698,11.305905074891593,True,positive_GN_above_numerical_floor,9.382625718090559,-0.006072370547972383,-0.006155352314461963,9.38254273632407,8.298176648957947e-05,8.379353744858773e-05,7.411484254779238e-06,-8.117709590082524e-07,7.557028223480024e-05,8.379353744858773e-05,8.298176648957947e-05,-0.0096877513914044,0.9106853882688802,4.879166960259284e-05,3.419009688698663e-05,6.937753357046218e-05,5.4350435783277865e-06,3.468876678523109e-05,2.7175217891638932e-06,-4.98669898244462e-07,3.468876678523109e-05,-0.014375544144647227
Muon,10,context,context1,1,0,1,1,"1,4,8",2.0,positive,2.0,9.388698088638531,-0.006155352314461963,0.00016758707489717545,1.4822968509558476e-05,0.00015276410638761698,11.305905074891593,True,positive_GN_above_numerical_floor,9.376716101324407,-0.011981987314124254,-0.012310704628923926,9.376387384009607,0.00032871731479967164,0.0003351741497943509,2.9645937019116952e-05,-6.4568349946792555e-06,0.0002990713777805547,0.0003351741497943509,0.00032871731479967164,-0.019264119857217224,0.9098132782047581,0.0001939253673808412,0.00013479194741883044,6.937753357046218e-05,5.4350435783277865e-06,0.00013875506714092437,1.0870087156655573e-05,-3.963119722093922e-06,0.00013875506714092437,-0.02856198194238804
Muon,10,context,context1,1,0,1,1,"1,4,8",4.0,positive,4.0,9.388698088638531,-0.006155352314461963,0.00016758707489717545,1.4822968509558476e-05,0.00015276410638761698,11.305905074891593,True,positive_GN_above_numerical_floor,9.3653663234758,-0.023331765162730278,-0.02462140925784785,9.364076679380682,0.001289644095117573,0.0013406965991774036,0.00011858374807646781,-5.105250405983055e-05,0.0011710603470411053,0.0013406965991774036,0.001289644095117573,-0.03807908820769313,0.9080492451169974,0.0007659043133943135,0.0005237397817232595,6.937753357046218e-05,5.4350435783277865e-06,0.0005550202685636975,4.348034862662229e-05,-3.128048684043793e-05,0.0005550202685636975,-0.05635917931679642
Muon,10,context,context1,1,0,1,1,"1,4,8",8.0,positive,8.0,9.388698088638531,-0.006155352314461963,0.00016758707489717545,1.4822968509558476e-05,0.00015276410638761698,11.305905074891593,True,positive_GN_above_numerical_floor,9.34441936729893,-0.044278721339601645,-0.0492428185156957,9.339455270122835,0.004964097176094057,0.005362786396709614,0.00047433499230587124,-0.00039868922061555775,0.004489762183788186,0.005362786396709614,0.004964097176094057,-0.07434366971247952,0.9044468761429251,0.00298737298232336,0.0019767241937706966,6.937753357046218e-05,5.4350435783277865e-06,0.00222008107425479,0.00017392139450648917,-0.00024335688048409332,0.00222008107425479,-0.1096162132573381
Muon,10,context,context1,1,0,1,1,"1,4,8",16.0,positive,16.0,9.388698088638531,-0.006155352314461963,0.00016758707489717545,1.4822968509558476e-05,0.00015276410638761698,11.305905074891593,True,positive_GN_above_numerical_floor,9.308629810822662,-0.08006827781586878,-0.0984856370313914,9.29021245160714,0.018417359215522622,0.021451145586838458,0.001897339969223485,-0.003033786371315836,0.016520019246299138,0.021451145586838458,0.018417359215522622,-0.1414277087922634,0.8969808892240991,0.011373338700973866,0.007044020514548756,6.937753357046218e-05,5.4350435783277865e-06,0.00888032429701916,0.0006956855780259567,-0.0018363037824704036,0.00888032429701916,-0.20678341477763285
Muon,10,context,context2,2,1,2,1,"1,4,8",-16.0,negative,16.0,9.398596371836586,-0.005854247006096575,0.0001664083013796499,1.5334779732094673e-05,0.00015107352164755522,10.851691663452355,True,positive_GN_above_numerical_floor,9.517321623048101,0.11872525121151511,0.0936679520975452,9.492264323934132,0.025057299113969908,0.02130026257659519,0.001962851805708118,0.0037570365373747194,0.023094447308261788,0.025057299113969908,0.025057299113969908,0.14993780934993517,0.9216654677433374,0.014176426706632217,0.010880872407337691,6.73649285851742e-05,5.510602638400436e-06,0.008622710858902297,0.0007053571377152559,0.002258161548435394,0.010880872407337691,0.20753497182014252
Muon,10,context,context2,2,1,2,1,"1,4,8",-8.0,negative,8.0,9.398596371836586,-0.005854247006096575,0.0001664083013796499,1.5334779732094673e-05,0.00015107352164755522,10.851691663452355,True,positive_GN_above_numerical_floor,9.451207936700923,0.05261156486433727,0.0468339760487726,9.445430347885358,0.005777588815564665,0.005325065644148797,0.0004907129514270295,0.0004525231714158674,0.005286875864137635,0.005777588815564665,0.005777588815564665,0.07832387971203186,0.9150661344910764,0.0033504754209243703,0.0024271133946402942,6.73649285851742e-05,5.510602638400436e-06,0.0021556777147255742,0.00017633928442881396,0.00027143567991472,0.0024271133946402942,0.11183477480455652
Muon,10,context,context2,2,1,2,1,"1,4,8",-4.0,negative,4.0,9.398596371836586,-0.005854247006096575,0.0001664083013796499,1.5334779732094673e-05,0.00015107352164755522,10.851691663452355,True,positive_GN_above_numerical_floor,9.42339996855796,0.024803596721374888,0.0234169880243863,9.422013359860973,0.0013866086969885859,0.0013312664110371993,0.00012267823785675738,5.534228595138659e-05,0.0012639304591318284,0.0013866086969885859,0.0013866086969885859,0.03991197089097888,0.9115264182871576,0.0008145775451252613,0.0005720311518633246,6.73649285851742e-05,5.510602638400436e-06,0.0005389194286813936,4.408482110720349e-05,3.311172318193106e-05,0.0005720311518633246,0.05788447547668251
Muon,10,context,context2,2,1,2,1,"1,4,8",-2.0,negative,2.0,9.398596371836586,-0.005854247006096575,0.0001664083013796499,1.5334779732094673e-05,0.00015107352164755522,10.851691663452355,True,positive_GN_above_numerical_floor,9.410644520805683,0.012048148969096673,0.01170849401219315,9.41030486584878,0.0003396549569035217,0.0003328166027592998,3.0669559464189345e-05,6.838354144221874e-06,0.0003089853974393323,0.0003396549569035217,0.0003396549569035217,0.02013323817371608,0.9097037777873473,0.00020083998293635164,0.00013881497396717006,6.73649285851742e-05,5.510602638400436e-06,0.0001347298571703484,1.1021205276800873e-05,4.085116796821671e-06,0.00013881497396717006,0.029428502416373372
Muon,10,context,context2,2,1,2,1,"1,4,8",-1.0,negative,1.0,9.398596371836586,-0.005854247006096575,0.0001664083013796499,1.5334779732094673e-05,0.00015107352164755522,10.851691663452355,True,positive_GN_above_numerical_floor,9.40453467275334,0.005938300916753292,0.005854247006096575,9.404450618842683,8.405391065671643e-05,8.320415068982496e-05,7.667389866047336e-06,8.497599668914782e-07,7.638652079066909e-05,8.405391065671643e-05,8.405391065671643e-05,0.010109701740850258,0.908780093559696,4.9864236734503686e-05,3.418967392221275e-05,6.73649285851742e-05,5.510602638400436e-06,3.36824642925871e-05,2.755301319200218e-06,5.0720962962565e-07,3.418967392221275e-05,0.014835170138786264
Muon,10,context,context2,2,1,2,1,"1,4,8",-0.5,negative,0.5,9.398596371836586,-0.005854247006096575,0.0001664083013796499,1.5334779732094673e-05,0.00015107352164755522,10.851691663452355,True,positive_GN_above_numerical_floor,9.401544402280809,0.002948030444223093,0.0029271235030482877,9.401523495339633,2.0906941174805415e-05,2.080103767245624e-05,1.916847466511834e-06,1.0590350234917611e-07,1.899009370829358e-05,2.0906941174805415e-05,2.0906941174805415e-05,0.005065470910531788,0.9083152599663027,1.2423139989684029e-05,8.483801185121386e-06,6.73649285851742e-05,5.510602638400436e-06,8.420616073146774e-06,6.888253298000545e-07,6.318511197461175e-08,8.483801185121386e-06,0.007447736055557707
Muon,10,context,context2,2,1,2,1,"1,4,8",-0.25,negative,0.25,9.398596371836586,-0.005854247006096575,0.0001664083013796499,1.5334779732094673e-05,0.00015107352164755522,10.851691663452355,True,positive_GN_above_numerical_floor,9.400065147065632,0.0014687752290463152,0.0014635617515241439,9.40005993358811,5.213477522171333e-06,5.20025941811406e-06,4.792118666279585e-07,1.3218104057273575e-08,4.734265655543374e-06,5.213477522171333e-06,5.213477522171333e-06,0.002535371832152532,0.9080821074628179,3.100438922966353e-06,2.11303859920498e-06,6.73649285851742e-05,5.510602638400436e-06,2.1051540182866936e-06,1.7220633245001364e-07,7.884580918286556e-09,2.11303859920498e-06,0.0037313946471460996
Muon,10,context,context2,2,1,2,1,"1,4,8",0.0,zero,0.0,9.398596371836586,-0.005854247006096575,0.0001664083013796499,1.5334779732094673e-05,0.00015107352164755522,10.851691663452355,True,positive_GN_above_numerical_floor,9.398596371836586,0.0,-0.0,9.398596371836586,0.0,0.0,0.0,0.0,0.0,1e-10,1e-10,0.0,0.0,0.0,0.0,6.73649285851742e-05,5.510602638400436e-06,0.0,0.0,0.0,1e-10,0.0
Muon,10,context,context2,2,1,2,1,"1,4,8",0.25,positive,0.25,9.398596371836586,-0.005854247006096575,0.0001664083013796499,1.5334779732094673e-05,0.00015107352164755522,10.851691663452355,True,positive_GN_above_numerical_floor,9.397137997166144,-0.0014583746704417422,-0.0014635617515241439,9.397132810085061,5.187081082401674e-06,5.20025941811406e-06,4.792118666279585e-07,-1.317833571238606e-08,4.707869215773715e-06,5.20025941811406e-06,5.187081082401674e-06,-0.002534168904436185,0.9076143482210464,3.0897844491492577e-06,2.097296633252416e-06,6.73649285851742e-05,5.510602638400436e-06,2.1051540182866936e-06,1.7220633245001364e-07,-7.85738503427758e-09,2.1051540182866936e-06,-0.003732451386465496
Muon,10,context,context2,2,1,2,1,"1,4,8",0.5,positive,0.5,9.398596371836586,-0.005854247006096575,0.0001664083013796499,1.5334779732094673e-05,0.00015107352164755522,10.851691663452355,True,positive_GN_above_numerical_floor,9.395689944103955,-0.002906427732630945,-0.0029271235030482877,9.395669248333538,2.0695770417342597e-05,2.080103767245624e-05,1.916847466511834e-06,-1.0526725511364216e-07,1.877892295083076e-05,2.080103767245624e-05,2.0695770417342597e-05,-0.005060673259249568,0.9073797482356317,1.233790424930159e-05,8.357866168041007e-06,6.73649285851742e-05,5.510602638400436e-06,8.420616073146774e-06,6.888253298000545e-07,-6.274990510576766e-08,8.420616073146774e-06,-0.007451937549542986
Muon,10,context,context2,2,1,2,1,"1,4,8",1.0,positive,1.0,9.398596371836586,-0.005854247006096575,0.0001664083013796499,1.5334779732094673e-05,0.00015107352164755522,10.851691663452355,True,positive_GN_above_numerical_floor,9.39282448939976,-0.005771882436825138,-0.005854247006096575,9.39274212483049,8.236456927143785e-05,8.320415068982496e-05,7.667389866047336e-06,-8.395814183871056e-07,7.469717940539051e-05,8.320415068982496e-05,8.236456927143785e-05,-0.010090619415333785,0.9069091244709973,4.918235248382863e-05,3.318221678760922e-05,6.73649285851742e-05,5.510602638400436e-06,3.36824642925871e-05,2.755301319200218e-06,-5.002475049778761e-07,3.36824642925871e-05,-0.014851867744367253
Muon,10,context,context2,2,1,2,1,"1,4,8",2.0,positive,2.0,9.398596371836586,-0.005854247006096575,0.0001664083013796499,1.5334779732094673e-05,0.00015107352164755522,10.851691663452355,True,positive_GN_above_numerical_floor,9.387214018842386,-0.011382352994200318,-0.01170849401219315,9.386887877824392,0.0003261410179928332,0.0003328166027592998,3.0669559464189345e-05,-6.675584766466626e-06,0.0002954714585286438,0.0003328166027592998,0.0003261410179928332,-0.0200578478090366,0.9059622746843106,0.00019538496161580765,0.00013075605637702555,6.73649285851742e-05,5.510602638400436e-06,0.0001347298571703484,1.1021205276800873e-05,-3.973800793322845e-06,0.0001347298571703484,-0.02949458180081413
Muon,10,context,context2,2,1,2,1,"1,4,8",4.0,positive,4.0,9.398596371836586,-0.005854247006096575,0.0001664083013796499,1.5334779732094673e-05,0.00015107352164755522,10.851691663452355,True,positive_GN_above_numerical_floor,9.37645790664806,-0.022138465188525913,-0.0234169880243863,9.375179383812199,0.0012785228358603885,0.0013312664110371993,0.00012267823785675738,-5.2743575176810754e-05,0.001155844598003631,0.0013312664110371993,0.0012785228358603885,-0.03961909858126583,0.904046893480631,0.0007709390816200701,0.0005075837542403185,6.73649285851742e-05,5.510602638400436e-06,0.0005389194286813936,4.408482110720349e-05,-3.13356744410751e-05,0.0005389194286813936,-0.05814537901842948
Muon,10,context,context2,2,1,2,1,"1,4,8",8.0,positive,8.0,9.398596371836586,-0.005854247006096575,0.0001664083013796499,1.5334779732094673e-05,0.00015107352164755522,10.851691663452355,True,positive_GN_above_numerical_floor,9.356676156984943,-0.04192021485164332,-0.0468339760487726,9.351762395787814,0.004913761197129281,0.005325065644148797,0.0004907129514270295,-0.0004113044470195164,0.004423048245702251,0.005325065644148797,0.004913761197129281,-0.07723931956997737,0.9001349614397797,0.003001425025731974,0.0019123361713973067,6.73649285851742e-05,5.510602638400436e-06,0.0021556777147255742,0.00017633928442881396,-0.00024334154332826758,0.0021556777147255742,-0.11288400936094747
Muon,10,context,context2,2,1,2,1,"1,4,8",16.0,positive,16.0,9.398596371836586,-0.005854247006096575,0.0001664083013796499,1.5334779732094673e-05,0.00015107352164755522,10.851691663452355,True,positive_GN_above_numerical_floor,9.323107500414505,-0.07548887142208116,-0.0936679520975452,9.30492841973904,0.018179080675464046,0.02130026257659519,0.001962851805708118,-0.0031211819011311426,0.016216228869755926,0.02130026257659519,0.018179080675464046,-0.1465325551695644,0.8920268939475392,0.011386204873619743,0.006792875801844303,6.73649285851742e-05,5.510602638400436e-06,0.008622710858902297,0.0007053571377152559,-0.0018298350570579939,0.008622710858902297,-0.21221111167943518
Muon,10,context,context3,3,1,3,1,"1,4,8",-16.0,negative,16.0,9.494341487251187,-0.005420336963993895,0.00014622120039238767,1.523563612085156e-05,0.00013098556427153612,9.597315086323746,True,positive_GN_above_numerical_floor,9.602737111185014,0.10839562393382707,0.08672539142390231,9.58106687867509,0.021670232509924753,0.01871631365022562,0.0019501614234689996,0.002953918859699131,0.019720071086455754,0.021670232509924753,0.021670232509924753,0.13631228268299683,0.9100073604389872,0.012117476375746155,0.009552756134178598,6.0222457973270113e-05,5.686788830211085e-06,0.0077084746205785745,0.0007279089702670188,0.0018442815136000233,0.009552756134178598,0.1930627651009962
Muon,10,context,context3,3,1,3,1,"1,4,8",-8.0,negative,8.0,9.494341487251187,-0.005420336963993895,0.00014622120039238767,1.523563612085156e-05,0.00013098556427153612,9.597315086323746,True,positive_GN_above_numerical_floor,9.54274262406018,0.04840113680899272,0.04336269571195116,9.537704182963138,0.00503844109704156,0.004679078412556405,0.0004875403558672499,0.00035936268448515454,0.00455090074117431,0.00503844109704156,0.00503844109704156,0.07132418094480907,0.9032358726683298,0.002887347528900316,0.002151093568141244,6.0222457973270113e-05,5.686788830211085e-06,0.0019271186551446436,0.0001819772425667547,0.00022397491299660024,0.002151093568141244,0.10412141820038845
Muon,10,context,context3,3,1,3,1,"1,4,8",-4.0,negative,4.0,9.494341487251187,-0.005420336963993895,0.00014622120039238767,1.523563612085156e-05,0.00013098556427153612,9.597315086323746,True,positive_GN_above_numerical_floor,9.517236760471585,0.022895273220397527,0.02168134785597558,9.516022835107163,0.0012139253644219486,0.0011697696031391014,0.00012188508896681248,4.415576128284724e-05,0.0010920402754551362,0.0012139253644219486,0.0012139253644219486,0.03637436252423434,0.8995942480987271,0.000704688151760789,0.0005092372126611596,6.0222457973270113e-05,5.686788830211085e-06,0.0004817796637861609,4.549431064168868e-05,2.7457548874998666e-05,0.0005092372126611596,0.053918975660697824
Muon,10,context,context3,3,1,3,1,"1,4,8",-2.0,negative,2.0,9.494341487251187,-0.005420336963993895,0.00014622120039238767,1.523563612085156e-05,0.00013098556427153612,9.597315086323746,True,positive_GN_above_numerical_floor,9.505480072020404,0.01113858476921692,0.01084067392798779,9.505182161179174,0.00029791084122912995,0.00029244240078477534,3.047127224170312e-05,5.468440444354608e-06,0.00026743956898742685,0.00029791084122912995,0.00029791084122912995,0.01835596321970944,0.8977168064244196,0.00017407024833929674,0.0001238405928898332,6.0222457973270113e-05,5.686788830211085e-06,0.00012044491594654023,1.137357766042217e-05,3.395676943292983e-06,0.0001238405928898332,0.0274197406848151
Muon,10,context,context3,3,1,3,1,"1,4,8",-1.0,negative,1.0,9.494341487251187,-0.005420336963993895,0.00014622120039238767,1.523563612085156e-05,0.00013098556427153612,9.597315086323746,True,positive_GN_above_numerical_floor,9.499835615097874,0.0054941278466866805,0.005420336963993895,9.499761824215181,7.379088269278584e-05,7.311060019619383e-05,7.61781806042578e-06,6.802824965920101e-07,6.617306463236007e-05,7.379088269278584e-05,7.379088269278584e-05,0.009219058937460275,0.8967647793001596,4.3257547810110096e-05,3.053333488267575e-05,6.0222457973270113e-05,5.686788830211085e-06,3.0111228986635057e-05,2.8433944151055423e-06,4.2210589604069226e-07,3.053333488267575e-05,0.01382442820814146
Muon,10,context,context3,3,1,3,1,"1,4,8",-0.5,negative,0.5,9.494341487251187,-0.005420336963993895,0.00014622120039238767,1.523563612085156e-05,0.00013098556427153612,9.597315086323746,True,positive_GN_above_numerical_floor,9.49707001821167,0.0027285309604820895,0.0027101684819969473,9.497051655733184,1.83624784851422e-05,1.827765004904846e-05,1.904454515106445e-06,8.482843609374012e-08,1.6458023970035755e-05,1.83624784851422e-05,1.83624784851422e-05,0.004619661564879606,0.8962855413746346,1.0782057108313175e-05,7.580421376829024e-06,6.0222457973270113e-05,5.686788830211085e-06,7.527807246658764e-06,7.108486037763856e-07,5.2614130170259915e-08,7.580421376829024e-06,0.006940792279844079
Muon,10,context,context3,3,1,3,1,"1,4,8",-0.25,negative,0.25,9.494341487251187,-0.005420336963993895,0.00014622120039238767,1.523563612085156e-05,0.00013098556427153612,9.597315086323746,True,positive_GN_above_numerical_floor,9.495701151495254,0.0013596642440667495,0.0013550842409984737,9.495696571492186,4.5800030682757904e-06,4.569412512262115e-06,4.7611362877661123e-07,1.0590556013675767e-08,4.1038894394991795e-06,4.5800030682757904e-06,4.5800030682757904e-06,0.0023123469254929425,0.8960451288614855,2.6914838676990872e-06,1.8885192005767032e-06,6.0222457973270113e-05,5.686788830211085e-06,1.881951811664691e-06,1.777121509440964e-07,6.567388912012166e-09,1.8885192005767032e-06,0.003477533567043778
Muon,10,context,context3,3,1,3,1,"1,4,8",0.0,zero,0.0,9.494341487251187,-0.005420336963993895,0.00014622120039238767,1.523563612085156e-05,0.00013098556427153612,9.597315086323746,True,positive_GN_above_numerical_floor,9.494341487251187,0.0,-0.0,9.494341487251187,0.0,0.0,0.0,0.0,0.0,1e-10,1e-10,0.0,0.0,0.0,0.0,6.0222457973270113e-05,5.686788830211085e-06,0.0,0.0,0.0,1e-10,0.0
Muon,10,context,context3,3,1,3,1,"1,4,8",0.25,positive,0.25,9.494341487251187,-0.005420336963993895,0.00014622120039238767,1.523563612085156e-05,0.00013098556427153612,9.597315086323746,True,positive_GN_above_numerical_floor,9.492990961858274,-0.0013505253929135819,-0.0013550842409984737,9.492986403010189,4.558848084891803e-06,4.569412512262115e-06,4.7611362877661123e-07,-1.056442737031198e-08,4.082734456115192e-06,4.569412512262115e-06,4.558848084891803e-06,-0.0023119881039328615,0.895562734289289,2.6834447944505267e-06,1.875403290441276e-06,6.0222457973270113e-05,5.686788830211085e-06,1.881951811664691e-06,1.777121509440964e-07,-6.548521223415102e-09,1.881951811664691e-06,-0.003479643412135282
Muon,10,context,context3,3,1,3,1,"1,4,8",0.5,positive,0.5,9.494341487251187,-0.005420336963993895,0.00014622120039238767,1.523563612085156e-05,0.00013098556427153612,9.597315086323746,True,positive_GN_above_numerical_floor,9.49164951200887,-0.002691975242317568,-0.0027101684819969473,9.49163131876919,1.8193239679379324e-05,1.827765004904846e-05,1.904454515106445e-06,-8.441036966913508e-08,1.628878516427288e-05,1.827765004904846e-05,1.8193239679379324e-05,-0.004618228789949368,0.8953207593222113,1.0717744679470038e-05,7.475494999909286e-06,6.0222457973270113e-05,5.686788830211085e-06,7.527807246658764e-06,7.108486037763856e-07,-5.231224674947854e-08,7.527807246658764e-06,-0.006949201146548679
Muon,10,context,context3,3,1,3,1,"1,4,8",1.0,positive,1.0,9.494341487251187,-0.005420336963993895,0.00014622120039238767,1.523563612085156e-05,0.00013098556427153612,9.597315086323746,True,positive_GN_above_numerical_floor,9.488993587292937,-0.005347899958250579,-0.005420336963993895,9.488921150287194,7.24370057433154e-05,7.311060019619383e-05,7.61781806042578e-06,-6.735944528784405e-07,6.481918768288962e-05,7.311060019619383e-05,7.24370057433154e-05,-0.00921336237249914,0.8948352712504443,4.274305341165946e-05,2.9693952331655933e-05,6.0222457973270113e-05,5.686788830211085e-06,3.0111228986635057e-05,2.8433944151055423e-06,-4.1727665497912395e-07,3.0111228986635057e-05,-0.013857842041729124
Muon,10,context,context3,3,1,3,1,"1,4,8",2.0,positive,2.0,9.494341487251187,-0.005420336963993895,0.00014622120039238767,1.523563612085156e-05,0.00013098556427153612,9.597315086323746,True,positive_GN_above_numerical_floor,9.483787894222289,-0.010553593028898689,-0.01084067392798779,9.4835008133232,0.00028708089908910037,0.00029244240078477534,3.047127224170312e-05,-5.361501695674972e-06,0.00025660962684739727,0.00029244240078477534,0.00028708089908910037,-0.018333530573156523,0.8938582387808189,0.00016995445468800463,0.00011712644440109573,6.0222457973270113e-05,5.686788830211085e-06,0.00012044491594654023,1.137357766042217e-05,-3.318471545444494e-06,0.00012044491594654023,-0.027551777668369214
Muon,10,context,context3,3,1,3,1,"1,4,8",4.0,positive,4.0,9.494341487251187,-0.005420336963993895,0.00014622120039238767,1.523563612085156e-05,0.00013098556427153612,9.597315086323746,True,positive_GN_above_numerical_floor,9.473787459771849,-0.020554027479338544,-0.02168134785597558,9.472660139395211,0.0011273203766370352,0.0011697696031391014,0.00012188508896681248,-4.2449226502066194e-05,0.0010054352876702228,0.0011697696031391014,0.0011273203766370352,-0.03628853612553515,0.8918807009144873,0.0006717669842965417,0.00045555339234049346,6.0222457973270113e-05,5.686788830211085e-06,0.0004817796637861609,4.549431064168868e-05,-2.6226271445667446e-05,0.0004817796637861609,-0.054436235933171394
Muon,10,context,context3,3,1,3,1,"1,4,8",8.0,positive,8.0,9.494341487251187,-0.005420336963993895,0.00014622120039238767,1.523563612085156e-05,0.00013098556427153612,9.597315086323746,True,positive_GN_above_numerical_floor,9.455325523712734,-0.03901596353845349,-0.04336269571195116,9.450978791539237,0.004346732173497667,0.004679078412556405,0.0004875403558672499,-0.0003323462390587388,0.0038591918176304166,0.004679078412556405,0.004346732173497667,-0.07102814053444385,0.8878374980543273,0.002624145599207187,0.0017225865742904797,6.0222457973270113e-05,5.686788830211085e-06,0.0019271186551446436,0.0001819772425667547,-0.00020453208085416397,0.0019271186551446436,-0.1061336209413698
Muon,10,context,context3,3,1,3,1,"1,4,8",16.0,positive,16.0,9.494341487251187,-0.005420336963993895,0.00014622120039238767,1.523563612085156e-05,0.00013098556427153612,9.597315086323746,True,positive_GN_above_numerical_floor,9.423792061563878,-0.07054942568730915,-0.08672539142390231,9.407616095827285,0.016175965736593162,0.01871631365022562,0.0019501614234689996,-0.0025403479136324597,0.014225804313124162,0.01871631365022562,0.016175965736593162,-0.13572907363634806,0.8794408040159631,0.010017420691535956,0.006158545045057206,6.0222457973270113e-05,5.686788830211085e-06,0.0077084746205785745,0.0007279089702670188,-0.0015499295755213686,0.0077084746205785745,-0.20106825952097845
Muon,10,bank,bank0,,0,"0,1",2,"1,4,8",-16.0,negative,16.0,9.434372887093588,-0.005844941482742659,0.00016011825570764725,1.4845999042105229e-05,0.000145272256665542,10.785279943338981,True,positive_GN_above_numerical_floor,9.551809564327801,0.11743667723421325,0.09351906372388255,9.52789195081747,0.0239176135103307,0.020495136730578848,0.0019002878773894693,0.0034224767797518506,0.022017325632941228,0.0239176135103307,0.0239176135103307,0.14309440940976764,0.9205486000278129,0.01331449866739583,0.010603114842934868,6.622312263843441e-05,5.447359402227794e-06,0.008476559697719604,0.0006972620034851576,0.002126555145215264,0.010603114842934868,0.20055947490111767
Muon,10,bank,bank0,,0,"0,1",2,"1,4,8",-8.0,negative,8.0,9.434372887093588,-0.005844941482742659,0.00016011825570764725,1.4845999042105229e-05,0.000145272256665542,10.785279943338981,True,positive_GN_above_numerical_floor,9.486670335642968,0.05229744854938012,0.046759531861941275,9.481132418955529,0.005537916687438846,0.005123784182644712,0.0004750719693473673,0.0004141325047941338,0.005062844718091478,0.005537916687438846,0.005537916687438846,0.07478128115099185,0.9142146774390936,0.0031618974316188573,0.0023760192558199885,6.622312263843441e-05,5.447359402227794e-06,0.002119139924429901,0.0001743155008712894,0.00025687933139008747,0.0023760192558199885,0.10811332053007112
Muon,10,bank,bank0,,0,"0,1",2,"1,4,8",-4.0,negative,4.0,9.434372887093588,-0.005844941482742659,0.00016011825570764725,1.4845999042105229e-05,0.000145272256665542,10.785279943338981,True,positive_GN_above_numerical_floor,9.459084358299686,0.024711471206098068,0.023379765930970638,9.457752653024558,0.0013317052751274303,0.001280946045661178,0.00011876799233684183,5.075922946625225e-05,0.0012129372827905883,0.0013317052751274303,0.0013317052751274303,0.03811596335487605,0.910815107099822,0.0007705064628583018,0.0005611988122691284,6.622312263843441e-05,5.447359402227794e-06,0.0005297849811074753,4.357887521782235e-05,3.141383116165317e-05,0.0005611988122691284,0.05597629659021508
Muon,10,bank,bank0,,0,"0,1",2,"1,4,8",-2.0,negative,2.0,9.434372887093588,-0.005844941482742659,0.00016011825570764725,1.4845999042105229e-05,0.000145272256665542,10.785279943338981,True,positive_GN_above_numerical_floor,9.446389285366104,0.012016398272516327,0.011689882965485319,9.446062770059074,0.0003265153070310077,0.0003202365114152945,2.9691998084210458e-05,6.278795615713201e-06,0.0002968233089467972,0.0003265153070310077,0.0003265153070310077,0.01922971291240852,0.9090639934948264,0.00019018867146316587,0.00013632663556784183,6.622312263843441e-05,5.447359402227794e-06,0.00013244624527686881,1.0894718804455588e-05,3.8803902909730124e-06,0.00013632663556784183,0.02846391884322538
Muon,10,bank,bank0,,0,"0,1",2,"1,4,8",-1.0,negative,1.0,9.434372887093588,-0.005844941482742659,0.00016011825570764725,1.4845999042105229e-05,0.000145272256665542,10.785279943338981,True,positive_GN_above_numerical_floor,9.440298668344598,0.005925781251010065,0.005844941482742659,9.44021782857633,8.083976826740551e-05,8.005912785382363e-05,7.4229995210526145e-06,7.806404135818817e-07,7.341676874635289e-05,8.083976826740551e-05,8.083976826740551e-05,0.009656638438146476,0.908176387932008,4.724612386781718e-05,3.3593644399588325e-05,6.622312263843441e-05,5.447359402227794e-06,3.3111561319217204e-05,2.723679701113897e-06,4.820830803711212e-07,3.3593644399588325e-05,0.014350425176764355
Muon,10,bank,bank0,,0,"0,1",2,"1,4,8",-0.5,negative,0.5,9.434372887093588,-0.005844941482742659,0.00016011825570764725,1.4845999042105229e-05,0.000145272256665542,10.785279943338981,True,positive_GN_above_numerical_floor,9.437315469931793,0.0029425828382052543,0.0029224707413713297,9.437295357834959,2.011209683392464e-05,2.0014781963455906e-05,1.8557498802631536e-06,9.731487046873432e-08,1.8256346953661486e-05,2.011209683392464e-05,2.011209683392464e-05,0.004838623802993318,0.9077296665988145,1.177413338535624e-05,8.3379634485684e-06,6.622312263843441e-05,5.447359402227794e-06,8.277890329804301e-06,6.809199252784742e-07,6.00731187640997e-08,8.3379634485684e-06,0.007204771181194618
Muon,10,bank,bank0,,0,"0,1",2,"1,4,8",-0.25,negative,0.25,9.434372887093588,-0.005844941482742659,0.00016011825570764725,1.4845999042105229e-05,0.000145272256665542,10.785279943338981,True,positive_GN_above_numerical_floor,9.435839138307486,0.0014662512138983175,0.0014612353706856649,9.435834122464273,5.01584321265262e-06,5.0036954908639766e-06,4.639374700657884e-07,1.2147721788643635e-08,4.5519057425868315e-06,5.01584321265262e-06,5.01584321265262e-06,0.0024218703164406393,0.9075055877154429,2.9388732530778315e-06,2.0769699595747887e-06,6.622312263843441e-05,5.447359402227794e-06,2.0694725824510752e-06,1.7022998131961856e-07,7.497377123713445e-09,2.0769699595747887e-06,0.0036097667610215985
Muon,10,bank,bank0,,0,"0,1",2,"1,4,8",0.0,zero,0.0,9.434372887093588,-0.005844941482742659,0.00016011825570764725,1.4845999042105229e-05,0.000145272256665542,10.785279943338981,True,positive_GN_above_numerical_floor,9.434372887093588,0.0,-0.0,9.434372887093588,0.0,0.0,0.0,0.0,0.0,1e-10,1e-10,0.0,0.0,0.0,0.0,6.622312263843441e-05,5.447359402227794e-06,0.0,0.0,0.0,1e-10,0.0
Muon,10,bank,bank0,,0,"0,1",2,"1,4,8",0.25,positive,0.25,9.434372887093588,-0.005844941482742659,0.00016011825570764725,1.4845999042105229e-05,0.000145272256665542,10.785279943338981,True,positive_GN_above_numerical_floor,9.432916643304056,-0.001456243789531797,-0.0014612353706856649,9.432911651722902,4.9915811538678474e-06,5.0036954908639766e-06,4.639374700657884e-07,-1.2114336996129142e-08,4.527643683802059e-06,5.0036954908639766e-06,4.9915811538678474e-06,-0.002421077984910986,0.9070560097562882,2.92958233506492e-06,2.0619988188029276e-06,6.622312263843441e-05,5.447359402227794e-06,2.0694725824510752e-06,1.7022998131961856e-07,-7.473763648147644e-09,2.0694725824510752e-06,-0.0036114340008775317
Muon,10,bank,bank0,,0,"0,1",2,"1,4,8",0.5,positive,0.5,9.434372887093588,-0.005844941482742659,0.00016011825570764725,1.4845999042105229e-05,0.000145272256665542,10.785279943338981,True,positive_GN_above_numerical_floor,9.431470334353492,-0.002902552740096098,-0.0029224707413713297,9.431450416352217,1.9918001275231502e-05,2.0014781963455906e-05,1.8557498802631536e-06,-9.678068822440434e-08,1.8062251394968347e-05,2.0014781963455906e-05,1.9918001275231502e-05,-0.004835460531177,0.9068305170473695,1.1699806107290183e-05,8.218195167941319e-06,6.622312263843441e-05,5.447359402227794e-06,8.277890329804301e-06,6.809199252784742e-07,-5.96951618629819e-08,8.277890329804301e-06,-0.0072113980114053
Muon,10,bank,bank0,,0,"0,1",2,"1,4,8",1.0,positive,1.0,9.434372887093588,-0.005844941482742659,0.00016011825570764725,1.4845999042105229e-05,0.000145272256665542,10.785279943338981,True,positive_GN_above_numerical_floor,9.428607232643984,-0.005765654449604085,-0.005844941482742659,9.428527945610846,7.928703313857428e-05,8.005912785382363e-05,7.4229995210526145e-06,-7.720947152493413e-07,7.186403361752166e-05,8.005912785382363e-05,7.928703313857428e-05,-0.00964405603642191,0.9063781399402467,4.665150856069072e-05,3.263552457788356e-05,6.622312263843441e-05,5.447359402227794e-06,3.3111561319217204e-05,2.723679701113897e-06,-4.760367413336424e-07,3.3111561319217204e-05,-0.014376753084650267
Muon,10,bank,bank0,,0,"0,1",2,"1,4,8",2.0,positive,2.0,9.434372887093588,-0.005844941482742659,0.00016011825570764725,1.4845999042105229e-05,0.000145272256665542,10.785279943338981,True,positive_GN_above_numerical_floor,9.422997098495468,-0.011375788598119385,-0.011689882965485319,9.422683004128102,0.0003140943673659337,0.0003202365114152945,2.9691998084210458e-05,-6.142144049360815e-06,0.0002844023692817232,0.0003202365114152945,0.0003140943673659337,-0.01918002423338748,0.9054679065619219,0.00018543184195172124,0.00012866252541421245,6.622312263843441e-05,5.447359402227794e-06,0.00013244624527686881,1.0894718804455588e-05,-3.7837198626563694e-06,0.00013244624527686881,-0.028567966232238524
Muon,10,bank,bank0,,0,"0,1",2,"1,4,8",4.0,positive,4.0,9.434372887093588,-0.005844941482742659,0.00016011825570764725,1.4845999042105229e-05,0.000145272256665542,10.785279943338981,True,positive_GN_above_numerical_floor,9.41222548929953,-0.02214739779405761,-0.023379765930970638,9.410993121162617,0.001232368136913027,0.001280946045661178,0.00011876799233684183,-4.85779087481509e-05,0.0011136001445761852,0.001280946045661178,0.001232368136913027,-0.037923462047987154,0.9036262065048637,0.0007324548219662204,0.0004999133149468067,6.622312263843441e-05,5.447359402227794e-06,0.0005297849811074753,4.357887521782235e-05,-2.987166616066851e-05,0.0005297849811074753,-0.05638450923660399
Muon,10,bank,bank0,,0,"0,1",2,"1,4,8",8.0,positive,8.0,9.434372887093588,-0.005844941482742659,0.00016011825570764725,1.4845999042105229e-05,0.000145272256665542,10.785279943338981,True,positive_GN_above_numerical_floor,9.392357579620105,-0.042015307473482366,-0.046759531861941275,9.387613355231647,0.004744224388458909,0.005123784182644712,0.0004750719693473673,-0.00037955979418580286,0.0042691524191115415,0.005123784182644712,0.004744224388458909,-0.07407802137167452,0.8998630902654906,0.0028575827438061165,0.0018866416446527926,6.622312263843441e-05,5.447359402227794e-06,0.002119139924429901,0.0001743155008712894,-0.00023249827977710842,0.002119139924429901,-0.10971351022970131
Muon,10,bank,bank0,,0,"0,1",2,"1,4,8",16.0,positive,16.0,9.434372887093588,-0.005844941482742659,0.00016011825570764725,1.4845999042105229e-05,0.000145272256665542,10.785279943338981,True,positive_GN_above_numerical_floor,9.358458204382526,-0.07591468271106194,-0.09351906372388255,9.340853823369706,0.017604381012820608,0.020495136730578848,0.0019002878773894693,-0.00289075571775824,0.015704093135431137,0.020495136730578848,0.017604381012820608,-0.14104593473851862,0.8920559674318818,0.010883463052274316,0.006720917960546292,6.622312263843441e-05,5.447359402227794e-06,0.008476559697719604,0.0006972620034851576,-0.0017556417371733125,0.008476559697719604,-0.20711725036816786
Muon,10,bank,bank1,,1,"2,3",2,"1,4,8",-16.0,negative,16.0,9.446468929543887,-0.0056372919850452355,0.0001563147508860188,1.5285207926473118e-05,0.00014102954295954569,10.226537423497554,True,positive_GN_above_numerical_floor,9.560029367116558,0.11356043757267109,0.09019667176072377,9.53666560130461,0.023363765811947323,0.020008288113410405,0.001956506614588559,0.0033554776985369184,0.021407259197358766,0.023363765811947323,0.023363765811947323,0.14361887229759243,0.916258935723963,0.013146951541186523,0.0102168142707608,6.379369327922213e-05,5.598695734305765e-06,0.008165592739740433,0.0007166330539911379,0.002051221531020367,0.0102168142707608,0.20076919053825787
Muon,10,bank,bank1,,1,"2,3",2,"1,4,8",-8.0,negative,8.0,9.446468929543887,-0.0056372919850452355,0.0001563147508860188,1.5285207926473118e-05,0.00014102954295954569,10.226537423497554,True,positive_GN_above_numerical_floor,9.496975280380552,0.05050635083666499,0.045098335880361884,9.491567265424248,0.005408014956303109,0.005002072028352601,0.0004891266536471398,0.0004059429279505075,0.0049188883026559695,0.005408014956303109,0.005408014956303109,0.07506320363951212,0.9095552328166074,0.003118911474907903,0.0022891034813952056,6.379369327922213e-05,5.598695734305765e-06,0.0020413981849351083,0.00017915826349778447,0.00024770529646009733,0.0022891034813952056,0.10821061541050178
Muon,10,bank,bank1,,1,"2,3",2,"1,4,8",-4.0,negative,4.0,9.446468929543887,-0.0056372919850452355,0.0001563147508860188,1.5285207926473118e-05,0.00014102954295954569,10.226537423497554,True,positive_GN_above_numerical_floor,9.470318364514773,0.023849434970886207,0.022549167940180942,9.469018097484067,0.0013002670307052655,0.0012505180070881503,0.00012228166341178494,4.974902361711518e-05,0.0011779853672934807,0.0013002670307052655,0.0013002670307052655,0.038260620658920566,0.9059564993004097,0.000759632848440361,0.0005406341822649045,6.379369327922213e-05,5.598695734305765e-06,0.0005103495462337771,4.478956587444612e-05,3.0284636031127393e-05,0.0005406341822649045,0.0560168724520054
Muon,10,bank,bank1,,1,"2,3",2,"1,4,8",-2.0,negative,2.0,9.446468929543887,-0.0056372919850452355,0.0001563147508860188,1.5285207926473118e-05,0.00014102954295954569,10.226537423497554,True,positive_GN_above_numerical_floor,9.458062296413043,0.011593366869156796,0.011274583970090471,9.457743513513977,0.00031878289906632495,0.0003126295017720376,3.0570415852946236e-05,6.153397294287374e-06,0.00028821248321337875,0.00031878289906632495,0.00031878289906632495,0.019302783531707318,0.9041027108339779,0.00018745511563604805,0.0001313277834302769,6.379369327922213e-05,5.598695734305765e-06,0.00012758738655844427,1.119739146861153e-05,3.74039687183264e-06,0.0001313277834302769,0.02848138279755898
Muon,10,bank,bank1,,1,"2,3",2,"1,4,8",-1.0,negative,1.0,9.446468929543887,-0.0056372919850452355,0.0001563147508860188,1.5285207926473118e-05,0.00014102954295954569,10.226537423497554,True,positive_GN_above_numerical_floor,9.452185143925607,0.005716214381720874,0.0056372919850452355,9.452106221528933,7.892239667563888e-05,7.81573754430094e-05,7.642603963236559e-06,7.650212326294889e-07,7.127979271240233e-05,7.892239667563888e-05,7.892239667563888e-05,0.009693335033572661,0.9031630527561563,4.6560892269642464e-05,3.236150440599642e-05,6.379369327922213e-05,5.598695734305765e-06,3.189684663961107e-05,2.7993478671528824e-06,4.6465776638535285e-07,3.236150440599642e-05,0.01435834875152634
Muon,10,bank,bank1,,1,"2,3",2,"1,4,8",-0.5,negative,0.5,9.446468929543887,-0.0056372919850452355,0.0001563147508860188,1.5285207926473118e-05,0.00014102954295954569,10.226537423497554,True,positive_GN_above_numerical_floor,9.44930721024624,0.0028382807023525913,0.0028186459925226177,9.44928757553641,1.963470982997359e-05,1.953934386075235e-05,1.9106509908091397e-06,9.536596922124128e-08,1.7724058839164452e-05,1.963470982997359e-05,1.963470982997359e-05,0.004857009349619176,0.9026901335769978,1.160259854633412e-05,8.03211128363947e-06,6.379369327922213e-05,5.598695734305765e-06,7.974211659902767e-06,6.998369667882206e-07,5.789962373670258e-08,8.03211128363947e-06,0.00720851861883908
Muon,10,bank,bank1,,1,"2,3",2,"1,4,8",-0.25,negative,0.25,9.446468929543887,-0.0056372919850452355,0.0001563147508860188,1.5285207926473118e-05,0.00014102954295954569,10.226537423497554,True,positive_GN_above_numerical_floor,9.447883149280443,0.0014142197365565323,0.0014093229962613089,9.447878252540148,4.8967402952234534e-06,4.884835965188087e-06,4.776627477022849e-07,1.190433003536625e-08,4.419077547521169e-06,4.8967402952234534e-06,4.8967402952234534e-06,0.002431072370119032,0.9024529137948724,2.895961392668212e-06,2.0007789025552414e-06,6.379369327922213e-05,5.598695734305765e-06,1.9935529149756917e-06,1.7495924169705515e-07,7.22598757954973e-09,2.0007789025552414e-06,0.003611587252505138
Muon,10,bank,bank1,,1,"2,3",2,"1,4,8",0.0,zero,0.0,9.446468929543887,-0.0056372919850452355,0.0001563147508860188,1.5285207926473118e-05,0.00014102954295954569,10.226537423497554,True,positive_GN_above_numerical_floor,9.446468929543887,0.0,-0.0,9.446468929543887,0.0,0.0,0.0,0.0,0.0,1e-10,1e-10,0.0,0.0,0.0,0.0,6.379369327922213e-05,5.598695734305765e-06,0.0,0.0,0.0,1e-10,0.0
Muon,10,bank,bank1,,1,"2,3",2,"1,4,8",0.25,positive,0.25,9.446468929543887,-0.0056372919850452355,0.0001563147508860188,1.5285207926473118e-05,0.00014102954295954569,10.226537423497554,True,positive_GN_above_numerical_floor,9.445064479512208,-0.0014044500316785502,-0.0014093229962613089,9.445059606547625,4.872964582758668e-06,4.884835965188087e-06,4.776627477022849e-07,-1.187138242941902e-08,4.395301835056384e-06,4.884835965188087e-06,4.872964582758668e-06,-0.0024302520113307267,0.90197697118663,2.8866146200235083e-06,1.98634996273516e-06,6.379369327922213e-05,5.598695734305765e-06,1.9935529149756917e-06,1.7495924169705515e-07,-7.20295224053176e-09,1.9935529149756917e-06,-0.0036131231764267415
Muon,10,bank,bank1,,1,"2,3",2,"1,4,8",0.5,positive,0.5,9.446468929543887,-0.0056372919850452355,0.0001563147508860188,1.5285207926473118e-05,0.00014102954295954569,10.226537423497554,True,positive_GN_above_numerical_floor,9.443669728056413,-0.0027992014874733684,-0.0028186459925226177,9.443650283551364,1.9444505049249355e-05,1.953934386075235e-05,1.9106509908091397e-06,-9.483881150299336e-08,1.7533854058440217e-05,1.953934386075235e-05,1.9444505049249355e-05,-0.004853735733342157,0.9017382553081289,1.1527824459944868e-05,7.916680589304488e-06,6.379369327922213e-05,5.598695734305765e-06,7.974211659902767e-06,6.998369667882206e-07,-5.753107059827899e-08,7.974211659902767e-06,-0.007214640525227856
Muon,10,bank,bank1,,1,"2,3",2,"1,4,8",1.0,positive,1.0,9.446468929543887,-0.0056372919850452355,0.0001563147508860188,1.5285207926473118e-05,0.00014102954295954569,10.226537423497554,True,positive_GN_above_numerical_floor,9.440909038346348,-0.005559891197538747,-0.0056372919850452355,9.44083163755884,7.740078750648888e-05,7.81573754430094e-05,7.642603963236559e-06,-7.565879365205178e-07,6.975818354325233e-05,7.81573754430094e-05,7.740078750648888e-05,-0.009680314010444283,0.9012593513651804,4.596270294596758e-05,3.14380845605213e-05,6.379369327922213e-05,5.598695734305765e-06,3.189684663961107e-05,2.7993478671528824e-06,-4.5876207908976933e-07,3.189684663961107e-05,-0.014382678145997545
Muon,10,bank,bank1,,1,"2,3",2,"1,4,8",2.0,positive,2.0,9.446468929543887,-0.0056372919850452355,0.0001563147508860188,1.5285207926473118e-05,0.00014102954295954569,10.226537423497554,True,positive_GN_above_numerical_floor,9.435500956532337,-0.010967973011549503,-0.011274583970090471,9.435194345573796,0.00030661095854096765,0.0003126295017720376,3.0570415852946236e-05,-6.018543231069932e-06,0.00027604054268802144,0.0003126295017720376,0.00030661095854096765,-0.01925136046648124,0.9002957493808508,0.0001826697081492414,0.00012394125039172626,6.379369327922213e-05,5.598695734305765e-06,0.00012758738655844427,1.119739146861153e-05,-3.6461361667180093e-06,0.00012758738655844427,-0.028577559781333202
Muon,10,bank,bank1,,1,"2,3",2,"1,4,8",4.0,positive,4.0,9.446468929543887,-0.0056372919850452355,0.0001563147508860188,1.5285207926473118e-05,0.00014102954295954569,10.226537423497554,True,positive_GN_above_numerical_floor,9.425122683209954,-0.02134624633393223,-0.022549167940180942,9.423919761603706,0.0012029216062487136,0.0012505180070881503,0.00012228166341178494,-4.759640083943674e-05,0.0010806399428369287,0.0012505180070881503,0.0012029216062487136,-0.03806134783317968,0.8983461076959806,0.0007213530329565291,0.0004815685732921845,6.379369327922213e-05,5.598695734305765e-06,0.0005103495462337771,4.478956587444612e-05,-2.8780972941592586e-05,0.0005103495462337771,-0.056394628258195446
Muon,10,bank,bank1,,1,"2,3",2,"1,4,8",8.0,positive,8.0,9.446468929543887,-0.0056372919850452355,0.0001563147508860188,1.5285207926473118e-05,0.00014102954295954569,10.226537423497554,True,positive_GN_above_numerical_floor,9.406000840348838,-0.04046808919504841,-0.045098335880361884,9.401370593663525,0.004630246685313477,0.005002072028352601,0.0004891266536471398,-0.0003718253430391241,0.004141120031666338,0.005002072028352601,0.004630246685313477,-0.0743342640672814,0.8943627225740297,0.002812785312466915,0.001817461372846562,6.379369327922213e-05,5.598695734305765e-06,0.0020413981849351083,0.00017915826349778447,-0.00022393681208854625,0.0020413981849351083,-0.10969776192666926
Muon,10,bank,bank1,,1,"2,3",2,"1,4,8",16.0,positive,16.0,9.446468929543887,-0.0056372919850452355,0.0001563147508860188,1.5285207926473118e-05,0.00014102954295954569,10.226537423497554,True,positive_GN_above_numerical_floor,9.37344978098919,-0.07301914855469605,-0.09019667176072377,9.356272257783163,0.017177523206027723,0.020008288113410405,0.001956506614588559,-0.0028307649073826824,0.015221016591439164,0.020008288113410405,0.017177523206027723,-0.14147961541424342,0.8861007730205245,0.010701812782576071,0.006475710423451651,6.379369327922213e-05,5.598695734305765e-06,0.008165592739740433,0.0007166330539911379,-0.0016898823162887818,0.008165592739740433,-0.20695157965256292
Muon,10,all_contexts,all4,,,"0,1,2,3",4,"1,4,8",-16.0,negative,16.0,9.440420908318737,-0.0057411167338939475,0.000158216503296833,1.5065603484289173e-05,0.00014315089981254382,10.501836415768246,True,positive_GN_above_numerical_floor,9.55591946572218,0.11549855740344306,0.09185786774230316,9.532278776061041,0.0236406896611399,0.020251712421994625,0.0019283972459890142,0.0033889772391452744,0.021712292415150884,0.0236406896611399,0.0236406896611399,0.14335356910995742,0.9184288921503472,0.01323072510429207,0.010409964556847829,6.500840795882828e-05,5.523027568266776e-06,0.00832107621873002,0.0007069475287381473,0.0020888883381178086,0.010409964556847829,0.20066238714940743
Muon,10,all_contexts,all4,,,"0,1,2,3",4,"1,4,8",-8.0,negative,8.0,9.440420908318737,-0.0057411167338939475,0.000158216503296833,1.5065603484289173e-05,0.00014315089981254382,10.501836415768246,True,positive_GN_above_numerical_floor,9.49182280801176,0.05140189969302256,0.04592893387115158,9.486349842189888,0.005472965821870977,0.005062928105498656,0.00048209931149725355,0.0004100377163723211,0.004990866510373723,0.005472965821870977,0.005472965821870977,0.0749205695262585,0.9119126032962427,0.0031404044532669356,0.0023325613686040417,6.500840795882828e-05,5.523027568266776e-06,0.002080269054682505,0.00017673688218453683,0.00025229231392153665,0.0023325613686040417,0.10816106161979566
Muon,10,all_contexts,all4,,,"0,1,2,3",4,"1,4,8",-4.0,negative,4.0,9.440420908318737,-0.0057411167338939475,0.000158216503296833,1.5065603484289173e-05,0.00014315089981254382,10.501836415768246,True,positive_GN_above_numerical_floor,9.46470136140723,0.024280453088492138,0.02296446693557579,9.463385375254314,0.0013159861529163479,0.001265732026374664,0.00012052482787431339,5.0254126541683826e-05,0.0011954613250420344,0.0013159861529163479,0.0013159861529163479,0.03818742805941841,0.9084148206216158,0.0007650696556519973,0.0005509164972643506,6.500840795882828e-05,5.523027568266776e-06,0.0005200672636706263,4.418422054613421e-05,3.0849233593724336e-05,0.0005509164972643506,0.055996205862250126
Muon,10,all_contexts,all4,,,"0,1,2,3",4,"1,4,8",-2.0,negative,2.0,9.440420908318737,-0.0057411167338939475,0.000158216503296833,1.5065603484289173e-05,0.00014315089981254382,10.501836415768246,True,positive_GN_above_numerical_floor,9.452225790889575,0.01180488257083745,0.011482233467787895,9.451903141786525,0.0003226491030495545,0.000316433006593666,3.0131206968578347e-05,6.216096455888493e-06,0.00029251789608097614,0.0003226491030495545,0.0003226491030495545,0.019265810433490606,0.9066130769191985,0.00018882189354871943,0.00013382720950083507,6.500840795882828e-05,5.523027568266776e-06,0.00013001681591765657,1.1046055136533552e-05,3.8103935831785055e-06,0.00013382720950083507,0.02847248775036835
Muon,10,all_contexts,all4,,,"0,1,2,3",4,"1,4,8",-1.0,negative,1.0,9.440420908318737,-0.0057411167338939475,0.000158216503296833,1.5065603484289173e-05,0.00014315089981254382,10.501836415768246,True,positive_GN_above_numerical_floor,9.446241906135102,0.0058209978163645815,0.0057411167338939475,9.446162025052631,7.988108247063402e-05,7.91082516484165e-05,7.532801742144587e-06,7.728308222175137e-07,7.234828072848942e-05,7.988108247063402e-05,7.988108247063402e-05,0.009674766519364865,0.9056998038939469,4.690350807317104e-05,3.2977574397462977e-05,6.500840795882828e-05,5.523027568266776e-06,3.250420397941414e-05,2.761513784133388e-06,4.7337041804883446e-07,3.2977574397462977e-05,0.014354312792794479
Muon,10,all_contexts,all4,,,"0,1,2,3",4,"1,4,8",-0.5,negative,0.5,9.440420908318737,-0.0057411167338939475,0.000158216503296833,1.5065603484289173e-05,0.00014315089981254382,10.501836415768246,True,positive_GN_above_numerical_floor,9.443311340089016,0.002890431770278923,0.0028705583669469737,9.443291466685684,1.9873403331949115e-05,1.9777062912104126e-05,1.8832004355361467e-06,9.634041984498949e-08,1.7990202896412967e-05,1.9873403331949115e-05,1.9873403331949115e-05,0.004847706164656235,0.9052401642496404,1.1688365969398057e-05,8.185037362551059e-06,6.500840795882828e-05,5.523027568266776e-06,8.126050994853536e-06,6.90378446033347e-07,5.898636769752314e-08,8.185037362551059e-06,0.007206609461235087
Muon,10,all_contexts,all4,,,"0,1,2,3",4,"1,4,8",-0.25,negative,0.25,9.440420908318737,-0.0057411167338939475,0.000158216503296833,1.5065603484289173e-05,0.00014315089981254382,10.501836415768246,True,positive_GN_above_numerical_floor,9.441861143793965,0.001440235475227425,0.0014352791834734869,9.44185618750221,4.956291753938037e-06,4.9442657280260315e-06,4.7080010888403667e-07,1.2026025912005366e-08,4.485491645054e-06,4.956291753938037e-06,4.956291753938037e-06,0.0024264160604447974,0.9050096055160672,2.9174173264258168e-06,2.03887442751222e-06,6.500840795882828e-05,5.523027568266776e-06,2.031512748713384e-06,1.7259461150833675e-07,7.36167879883617e-09,2.03887442751222e-06,0.003610658262960654
Muon,10,all_contexts,all4,,,"0,1,2,3",4,"1,4,8",0.0,zero,0.0,9.440420908318737,-0.0057411167338939475,0.000158216503296833,1.5065603484289173e-05,0.00014315089981254382,10.501836415768246,True,positive_GN_above_numerical_floor,9.440420908318737,0.0,-0.0,9.440420908318737,0.0,0.0,0.0,0.0,0.0,1e-10,1e-10,0.0,0.0,0.0,0.0,6.500840795882828e-05,5.523027568266776e-06,0.0,0.0,0.0,1e-10,0.0
Muon,10,all_contexts,all4,,,"0,1,2,3",4,"1,4,8",0.25,positive,0.25,9.440420908318737,-0.0057411167338939475,0.000158216503296833,1.5065603484289173e-05,0.00014315089981254382,10.501836415768246,True,positive_GN_above_numerical_floor,9.438990561408133,-0.0014303469106042854,-0.0014352791834734869,9.438985629135264,4.932272869201436e-06,4.9442657280260315e-06,4.7080010888403667e-07,-1.1992858824595238e-08,4.461472760317399e-06,4.9442657280260315e-06,4.932272869201436e-06,-0.0024256096828726304,0.9045470270260488,2.908098478432311e-06,2.024174390769125e-06,6.500840795882828e-05,5.523027568266776e-06,2.031512748713384e-06,1.7259461150833675e-07,-7.338357944258811e-09,2.031512748713384e-06,-0.0036122628070665106
Muon,10,all_contexts,all4,,,"0,1,2,3",4,"1,4,8",0.5,positive,0.5,9.440420908318737,-0.0057411167338939475,0.000158216503296833,1.5065603484289173e-05,0.00014315089981254382,10.501836415768246,True,positive_GN_above_numerical_floor,9.437570031204952,-0.0028508771137847333,-0.0028705583669469737,9.43755034995179,1.968125316224043e-05,1.9777062912104126e-05,1.8832004355361467e-06,-9.580974986369715e-08,1.779805272670428e-05,1.9777062912104126e-05,1.968125316224043e-05,-0.004844488298869639,0.9043150138859465,1.1613815288946433e-05,8.067437873293995e-06,6.500840795882828e-05,5.523027568266776e-06,8.126050994853536e-06,6.90378446033347e-07,-5.8613121559540025e-08,8.126050994853536e-06,-0.007212989630099715
Muon,10,all_contexts,all4,,,"0,1,2,3",4,"1,4,8",1.0,positive,1.0,9.440420908318737,-0.0057411167338939475,0.000158216503296833,1.5065603484289173e-05,0.00014315089981254382,10.501836415768246,True,positive_GN_above_numerical_floor,9.434758135495166,-0.005662772823571416,-0.0057411167338939475,9.434679791584843,7.834391032253158e-05,7.91082516484165e-05,7.532801742144587e-06,-7.643413258849228e-07,7.081110858038699e-05,7.91082516484165e-05,7.834391032253158e-05,-0.009661967114150252,0.9038495562560889,4.630710575510518e-05,3.20368045674264e-05,6.500840795882828e-05,5.523027568266776e-06,3.250420397941414e-05,2.761513784133388e-06,-4.6739941198774423e-07,3.250420397941414e-05,-0.014379660313593955
Muon,10,all_contexts,all4,,,"0,1,2,3",4,"1,4,8",2.0,positive,2.0,9.440420908318737,-0.0057411167338939475,0.000158216503296833,1.5065603484289173e-05,0.00014315089981254382,10.501836415768246,True,positive_GN_above_numerical_floor,9.429249027513903,-0.011171880804834444,-0.011482233467787895,9.428938674850949,0.00031035266295345067,0.000316433006593666,3.0131206968578347e-05,-6.080343640215346e-06,0.0002802214559848723,0.000316433006593666,0.00031035266295345067,-0.019215263621418486,0.9029130065073819,0.00018405077505403338,0.0001263018878994173,6.500840795882828e-05,5.523027568266776e-06,0.00013001681591765657,1.1046055136533552e-05,-3.7149280182392796e-06,0.00013001681591765657,-0.028572673403969927
Muon,10,all_contexts,all4,,,"0,1,2,3",4,"1,4,8",4.0,positive,4.0,9.440420908318737,-0.0057411167338939475,0.000158216503296833,1.5065603484289173e-05,0.00014315089981254382,10.501836415768246,True,positive_GN_above_numerical_floor,9.418674086254743,-0.02174682206399403,-0.02296446693557579,9.41745644138316,0.0012176448715817585,0.001265732026374664,0.00012052482787431339,-4.808715479290553e-05,0.001097120043707445,0.001265732026374664,0.0012176448715817585,-0.03799157625065217,0.9010180795014987,0.0007269039274658143,0.0004907409441159442,6.500840795882828e-05,5.523027568266776e-06,0.0005200672636706263,4.418422054613421e-05,-2.932631955468207e-05,0.0005200672636706263,-0.05638947421473404
Muon,10,all_contexts,all4,,,"0,1,2,3",4,"1,4,8",8.0,positive,8.0,9.440420908318737,-0.0057411167338939475,0.000158216503296833,1.5065603484289173e-05,0.00014315089981254382,10.501836415768246,True,positive_GN_above_numerical_floor,9.39917920998447,-0.041241698334266275,-0.04592893387115158,9.394491974447586,0.004687235536885305,0.005062928105498656,0.00048209931149725355,-0.00037569256861335124,0.004205136225388051,0.005062928105498656,0.004687235536885305,-0.0742046027091172,0.8971463440009648,0.002835184028140066,0.001852051508745239,6.500840795882828e-05,5.523027568266776e-06,0.002080269054682505,0.00017673688218453683,-0.00022821754593726606,0.002080269054682505,-0.10970578321278594
Muon,10,all_contexts,all4,,,"0,1,2,3",4,"1,4,8",16.0,positive,16.0,9.440420908318737,-0.0057411167338939475,0.000158216503296833,1.5065603484289173e-05,0.00014315089981254382,10.501836415768246,True,positive_GN_above_numerical_floor,9.365953992685858,-0.074466915632879,-0.09185786774230316,9.348563040576433,0.017390952109424165,0.020251712421994625,0.0019283972459890142,-0.0028607603125704595,0.015462554863435151,0.020251712421994625,0.017390952109424165,-0.14126016866916868,0.8891149125214362,0.010792637917426965,0.0065983141919972,6.500840795882828e-05,5.523027568266776e-06,0.00832107621873002,0.0007069475287381473,-0.00172276202673282,0.00832107621873002,-0.20703596283074926
Muon,500,context,context0,0,0,0,1,"1,4,8",-16.0,negative,16.0,4.347811039703218,-0.0008745439301558086,0.0006189318408853645,0.0006453092231257292,-2.637738224036475e-05,0.9591244301257639,True,positive_GN_above_numerical_floor,4.446553854972546,0.09874281526932815,0.013992702882492937,4.36180374258571,0.08475011238683522,0.07922327563332665,0.08259958056009334,0.005526836753508568,0.0021505318267418805,0.08475011238683522,0.08475011238683522,0.0652133265414653,0.02537497315550388,0.05589974839943565,0.02885036398739957,0.00020911723522985153,0.00020675429053152475,0.026767006109420996,0.026464549188035168,0.0020833578779785727,0.02885036398739957,0.07221253357110094
Muon,500,context,context0,0,0,0,1,"1,4,8",-8.0,negative,8.0,4.347811039703218,-0.0008745439301558086,0.0006189318408853645,0.0006453092231257292,-2.637738224036475e-05,0.9591244301257639,True,positive_GN_above_numerical_floor,4.375273904787414,0.027462865084196153,0.006996351441246469,4.3548073911444645,0.020466513642949685,0.019805818908331663,0.020649895140023335,0.0006606947346180225,-0.00018338149707364942,0.020466513642949685,0.020649895140023335,0.032281743053273707,-0.008880505001607588,0.013508270933462503,0.0069582427094871824,0.00020911723522985153,0.00020675429053152475,0.006691751527355249,0.006616137297008792,0.00026649118213193344,0.0069582427094871824,0.03829863275228777
Muon,500,context,context0,0,0,0,1,"1,4,8",-4.0,negative,4.0,4.347811039703218,-0.0008745439301558086,0.0006189318408853645,0.0006453092231257292,-2.637738224036475e-05,0.9591244301257639,True,positive_GN_above_numerical_floor,4.3563415880359315,0.008530548332713828,0.0034981757206232343,4.351309215423841,0.005032372612090594,0.004951454727082916,0.005162473785005834,8.091788500767805e-05,-0.00013010117291523994,0.005032372612090594,0.005162473785005834,0.016079470111825128,-0.025201323693519333,0.0033250880209118516,0.0017072845911787421,0.00020911723522985153,0.00020675429053152475,0.0016729378818388123,0.001654034324252198,3.434670933992988e-05,0.0017072845911787421,0.020117741071051458
Muon,500,context,context0,0,0,0,1,"1,4,8",-2.0,negative,2.0,4.347811039703218,-0.0008745439301558086,0.0006189318408853645,0.0006453092231257292,-2.637738224036475e-05,0.9591244301257639,True,positive_GN_above_numerical_floor,4.350808028758366,0.002996989055148447,0.0017490878603116172,4.349560127563529,0.0012479011948368297,0.001237863681770729,0.0012906184462514584,1.0037513066100739e-05,-4.271725141462876e-05,0.0012479011948368297,0.0012906184462514584,0.008043515870992658,-0.03309828054813492,0.0008252857184714818,0.0004226154763653479,0.00020911723522985153,0.00020675429053152475,0.00041823447045970306,0.0004135085810630495,4.381005905644813e-06,0.0004226154763653479,0.01036641143226252
Muon,500,context,context0,0,0,0,1,"1,4,8",-1.0,negative,1.0,4.347811039703218,-0.0008745439301558086,0.0006189318408853645,0.0006453092231257292,-2.637738224036475e-05,0.9591244301257639,True,positive_GN_above_numerical_floor,4.3489963003445435,0.001185260641325847,0.0008745439301558086,4.348685583633373,0.0003107167111700385,0.00030946592044268223,0.0003226546115628646,1.2507907273562628e-06,-1.1937900392826111e-05,0.0003107167111700385,0.0003226546115628646,0.004025501952071617,-0.03699900749907671,0.00020560444226251444,0.00010511226890752405,0.00020911723522985153,0.00020675429053152475,0.00010455861761492577,0.00010337714526576237,5.536512925982825e-07,0.00010511226890752405,0.005267237577046075
Muon,500,context,context0,0,0,0,1,"1,4,8",-0.5,negative,0.5,4.347811039703218,-0.0008745439301558086,0.0006189318408853645,0.0006453092231257292,-2.637738224036475e-05,0.9591244301257639,True,positive_GN_above_numerical_floor,4.34832583428107,0.0005147945778523066,0.0004372719650779043,4.3482483116682955,7.752261277440235e-05,7.736648011067056e-05,8.066365289071615e-05,1.5613266373179632e-07,-3.1410401163137972e-06,7.752261277440235e-05,8.066365289071615e-05,0.002014027367552177,-0.03893996866927545,5.131336273835649e-05,2.6209250036045863e-05,0.00020911723522985153,0.00020675429053152475,2.613965440373144e-05,2.5844286316440593e-05,6.959563231442157e-08,2.6209250036045863e-05,0.002655384347843069
Muon,500,context,context0,0,0,0,1,"1,4,8",-0.25,negative,0.25,4.347811039703218,-0.0008745439301558086,0.0006189318408853645,0.0006453092231257292,-2.637738224036475e-05,0.9591244301257639,True,positive_GN_above_numerical_floor,4.348049036809668,0.0002379971064501163,0.00021863598253895215,4.348029675685757,1.9361123911164146e-05,1.934162002766764e-05,2.0165913222679038e-05,1.9503883496506348e-08,-8.04789311514892e-07,1.9361123911164146e-05,2.0165913222679038e-05,0.0010073735174671282,-0.03990839902106729,1.2817486219905903e-05,6.5436376912582425e-06,0.00020911723522985153,0.00020675429053152475,6.53491360093286e-06,6.461071579110148e-06,8.72409032538215e-09,6.5436376912582425e-06,0.0013332172007378725
Muon,500,context,context0,0,0,0,1,"1,4,8",0.0,zero,0.0,4.347811039703218,-0.0008745439301558086,0.0006189318408853645,0.0006453092231257292,-2.637738224036475e-05,0.9591244301257639,True,positive_GN_above_numerical_floor,4.347811039703218,0.0,-0.0,4.347811039703218,0.0,0.0,0.0,0.0,0.0,1e-10,1e-10,0.0,0.0,0.0,0.0,0.00020911723522985153,0.00020675429053152475,0.0,0.0,0.0,1e-10,0.0
Muon,500,context,context0,0,0,0,1,"1,4,8",0.25,positive,0.25,4.347811039703218,-0.0008745439301558086,0.0006189318408853645,0.0006453092231257292,-2.637738224036475e-05,0.9591244301257639,True,positive_GN_above_numerical_floor,4.347611725860675,-0.00019931384254245899,-0.00021863598253895215,4.347592403720679,1.932213999649316e-05,1.934162002766764e-05,2.0165913222679038e-05,-1.948003117447912e-08,-8.437732261858775e-07,1.934162002766764e-05,2.0165913222679038e-05,-0.0010071561299732643,-0.041841557923444364,1.2796000272753473e-05,6.526139723739687e-06,0.00020911723522985153,0.00020675429053152475,6.53491360093286e-06,6.461071579110148e-06,-8.773877193173302e-09,6.53491360093286e-06,-0.0013426156379360286
Muon,500,context,context0,0,0,0,1,"1,4,8",0.5,positive,0.5,4.347811039703218,-0.0008745439301558086,0.0006189318408853645,0.0006453092231257292,-2.637738224036475e-05,0.9591244301257639,True,positive_GN_above_numerical_floor,4.347450978467562,-0.0003600612356553512,-0.0004372719650779043,4.34737376773814,7.72107294225531e-05,7.736648011067056e-05,8.066365289071615e-05,-1.5575068811746326e-07,-3.452923468163057e-06,7.736648011067056e-05,8.066365289071615e-05,-0.0020131546361507762,-0.04280643566738924,5.114146673621769e-05,2.6069262686335402e-05,0.00020911723522985153,0.00020675429053152475,2.613965440373144e-05,2.5844286316440593e-05,-7.039171739603927e-08,2.613965440373144e-05,-0.0026929092599629334
Muon,500,context,context0,0,0,0,1,"1,4,8",1.0,positive,1.0,4.347811039703218,-0.0008745439301558086,0.0006189318408853645,0.0006453092231257292,-2.637738224036475e-05,0.9591244301257639,True,positive_GN_above_numerical_floor,4.347244717033624,-0.0005663226695933332,-0.0008745439301558086,4.346936495773062,0.00030822126056247537,0.00030946592044268223,0.0003226546115628646,-1.2446598802068635e-06,-1.4433351000389238e-05,0.00030946592044268223,0.0003226546115628646,-0.0040219610560878975,-0.044733130980144406,0.00020422900511381432,0.00010399225544866105,0.00020911723522985153,0.00020675429053152475,0.00010455861761492577,0.00010337714526576237,-5.663621662647185e-07,0.00010455861761492577,-0.0054166952393206675
Muon,500,context,context0,0,0,0,1,"1,4,8",2.0,positive,2.0,4.347811039703218,-0.0008745439301558086,0.0006189318408853645,0.0006453092231257292,-2.637738224036475e-05,0.9591244301257639,True,positive_GN_above_numerical_floor,4.347289877322189,-0.000521162381028617,-0.0017490878603116172,4.3460619518429064,0.0012279254792830002,0.001237863681770729,0.0012906184462514584,-9.938202487728759e-06,-6.269296696845826e-05,0.001237863681770729,0.0012906184462514584,-0.00802851124407531,-0.048575911145968105,0.0008142737112878701,0.00041365176799513007,0.00020911723522985153,0.00020675429053152475,0.00041823447045970306,0.0004135085810630495,-4.582702464572992e-06,0.00041823447045970306,-0.01095725672619932
Muon,500,context,context0,0,0,0,1,"1,4,8",4.0,positive,4.0,4.347811039703218,-0.0008745439301558086,0.0006189318408853645,0.0006453092231257292,-2.637738224036475e-05,0.9591244301257639,True,positive_GN_above_numerical_floor,4.349185064423166,0.0013740247199480748,-0.0034981757206232343,4.344312863982594,0.004872200440571309,0.004951454727082916,0.005162473785005834,-7.925428651160693e-05,-0.0002902733444345249,0.004951454727082916,0.005162473785005834,-0.016006262983302797,-0.05622756773653949,0.0032367325702374406,0.0016354678703338682,0.00020911723522985153,0.00020675429053152475,0.0016729378818388123,0.001654034324252198,-3.7470011504944084e-05,0.0016729378818388123,-0.022397730311276627
Muon,500,context,context0,0,0,0,1,"1,4,8",8.0,positive,8.0,4.347811039703218,-0.0008745439301558086,0.0006189318408853645,0.0006453092231257292,-2.637738224036475e-05,0.9591244301257639,True,positive_GN_above_numerical_floor,4.359990463438942,0.012179423735724448,-0.006996351441246469,4.340814688261971,0.019175775176970916,0.019805818908331663,0.020649895140023335,-0.0006300437313607465,-0.0014741199630524185,0.019805818908331663,0.020649895140023335,-0.03181104170833894,-0.07138631712445358,0.012794655754876276,0.00638111942209464,0.00020911723522985153,0.00020675429053152475,0.006691751527355249,0.006616137297008792,-0.0003106321052606092,0.006691751527355249,-0.0464201493421826
Muon,500,context,context0,0,0,0,1,"1,4,8",16.0,positive,16.0,4.347811039703218,-0.0008745439301558086,0.0006189318408853645,0.0006453092231257292,-2.637738224036475e-05,0.9591244301257639,True,positive_GN_above_numerical_floor,4.408136848965493,0.0603258092622756,-0.013992702882492937,4.333818336820725,0.07431851214476853,0.07922327563332665,0.08259958056009334,-0.004904763488558117,-0.008281068415324805,0.07922327563332665,0.08259958056009334,-0.06191063736444196,-0.1002555746551293,0.0501151619730387,0.024203350171729837,0.00020911723522985153,0.00020675429053152475,0.026767006109420996,0.026464549188035168,-0.002563655937691159,0.026767006109420996,-0.09577671582735757
Muon,500,context,context1,1,0,1,1,"1,4,8",-16.0,negative,16.0,4.048944753467502,-0.002025979059556856,0.0005791007050972086,0.0005681675216929057,1.0933183404302892e-05,1.0192428869776409,True,positive_GN_above_numerical_floor,4.1590065589296135,0.1100618054621112,0.0324156649529097,4.081360418420412,0.07764614050920149,0.0741248902524427,0.07272544277669193,0.0035212502567587844,0.004920697732509555,0.07764614050920149,0.07764614050920149,0.0453499714688523,0.0633733718152601,0.05418511206742882,0.02346102844177267,0.0001697057296293607,0.0001707118919803193,0.02172233339255817,0.02185112217348087,0.001738695049214499,0.02346102844177267,0.07410992461518565
Muon,500,context,context1,1,0,1,1,"1,4,8",-8.0,negative,8.0,4.048944753467502,-0.002025979059556856,0.0005791007050972086,0.0005681675216929057,1.0933183404302892e-05,1.0192428869776409,True,positive_GN_above_numerical_floor,4.08404832297165,0.03510356950414817,0.01620783247645485,4.065152585943957,0.01889573702769332,0.018531222563110676,0.018181360694172984,0.000364514464582643,0.0007143763335203356,0.01889573702769332,0.01889573702769332,0.019290830733324445,0.03780621695112268,0.013268742365306731,0.005626994662386588,0.0001697057296293607,0.0001707118919803193,0.0054305833481395425,0.005462780543370217,0.00019641131424704555,0.005626994662386588,0.03490518936510618
Muon,500,context,context1,1,0,1,1,"1,4,8",-4.0,negative,4.0,4.048944753467502,-0.002025979059556856,0.0005791007050972086,0.0005681675216929057,1.0933183404302892e-05,1.0192428869776409,True,positive_GN_above_numerical_floor,4.061721538485487,0.012776785017984515,0.008103916238227425,4.05704866970573,0.004672868779757091,0.004632805640777669,0.004545340173543246,4.0063138979421625e-05,0.00012752860621384476,0.004672868779757091,0.004672868779757091,0.008573563878569735,0.027291287691685207,0.003292086609648693,0.0013807821701083975,0.0001697057296293607,0.0001707118919803193,0.0013576458370348856,0.0013656951358425543,2.3136333073511903e-05,0.0013807821701083975,0.0167559616385368
Muon,500,context,context1,1,0,1,1,"1,4,8",-2.0,negative,2.0,4.048944753467502,-0.002025979059556856,0.0005791007050972086,0.0005681675216929057,1.0933183404302892e-05,1.0192428869776409,True,positive_GN_above_numerical_floor,4.0541595197650775,0.005214766297575224,0.004051958119113712,4.052996711586616,0.0011628081784615116,0.0011582014101944173,0.0011363350433858115,4.606768267094354e-06,2.647313507570014e-05,0.0011628081784615116,0.0011628081784615116,0.003961761150656403,0.022766553904639903,0.0008205971971945453,0.00034221098126696636,0.0001697057296293607,0.0001707118919803193,0.0003394114592587214,0.0003414237839606386,2.7995220082449503e-06,0.00034221098126696636,0.008180690163361476
Muon,500,context,context1,1,0,1,1,"1,4,8",-1.0,negative,1.0,4.048944753467502,-0.002025979059556856,0.0005791007050972086,0.0005681675216929057,1.0933183404302892e-05,1.0192428869776409,True,positive_GN_above_numerical_floor,4.051260830957061,0.0023160774895583103,0.002025979059556856,4.050970732527059,0.00029009843000145407,0.0002895503525486043,0.00028408376084645287,5.480774528497526e-07,6.014669155001199e-06,0.00029009843000145407,0.00029009843000145407,0.0018892810031650481,0.020733201330910517,0.00020490226453591414,8.519616546553993e-05,0.0001697057296293607,0.0001707118919803193,8.485286481468035e-05,8.535594599015965e-05,3.4330065085957516e-07,8.519616546553993e-05,0.0040295317164061
Muon,500,context,context1,1,0,1,1,"1,4,8",-0.5,negative,0.5,4.048944753467502,-0.002025979059556856,0.0005791007050972086,0.0005681675216929057,1.0933183404302892e-05,1.0192428869776409,True,positive_GN_above_numerical_floor,4.050030197279462,0.0010854438119594079,0.001012989529778428,4.049957742997281,7.245428218097976e-05,7.238758813715108e-05,7.102094021161322e-05,6.669404382868391e-08,1.4333419693665455e-06,7.245428218097976e-05,7.245428218097976e-05,0.0009204983034969879,0.019782708850613902,5.1198600037695576e-05,2.1255682143284186e-05,0.0001697057296293607,0.0001707118919803193,2.1213216203670088e-05,2.133898649753991e-05,4.246593961409827e-08,2.1255682143284186e-05,0.001997862939793515
Muon,500,context,context1,1,0,1,1,"1,4,8",-0.25,negative,0.25,4.048944753467502,-0.002025979059556856,0.0005791007050972086,0.0005681675216929057,1.0933183404302892e-05,1.0192428869776409,True,positive_GN_above_numerical_floor,4.049469353350518,0.0005245998830156751,0.000506494764889214,4.049451248232391,1.810511812646101e-05,1.809689703428777e-05,1.7755235052903304e-05,8.22109217323946e-09,3.4988307355770485e-07,1.810511812646101e-05,1.810511812646101e-05,0.00045407558878194574,0.019325092005135467,1.2796534676302247e-05,5.308583450158762e-06,0.0001697057296293607,0.0001707118919803193,5.303304050917522e-06,5.334746624384978e-06,5.279399241240167e-09,5.308583450158762e-06,0.0009945024488749964
Muon,500,context,context1,1,0,1,1,"1,4,8",0.0,zero,0.0,4.048944753467502,-0.002025979059556856,0.0005791007050972086,0.0005681675216929057,1.0933183404302892e-05,1.0192428869776409,True,positive_GN_above_numerical_floor,4.048944753467502,0.0,-0.0,4.048944753467502,0.0,0.0,0.0,0.0,0.0,1e-10,1e-10,0.0,0.0,0.0,0.0,0.0001697057296293607,0.0001707118919803193,0.0,0.0,0.0,1e-10,0.0
Muon,500,context,context1,1,0,1,1,"1,4,8",0.25,positive,0.25,4.048944753467502,-0.002025979059556856,0.0005791007050972086,0.0005681675216929057,1.0933183404302892e-05,1.0192428869776409,True,positive_GN_above_numerical_floor,4.048456347613559,-0.0004884058539431635,-0.000506494764889214,4.048438258702613,1.808891094605056e-05,1.809689703428777e-05,1.7755235052903304e-05,-7.986088237209993e-09,3.336758931472554e-07,1.809689703428777e-05,1.808891094605056e-05,-0.00044129599798677847,0.018446433516226053,1.2790826963853601e-05,5.298083982196959e-06,0.0001697057296293607,0.0001707118919803193,5.303304050917522e-06,5.334746624384978e-06,-5.220068720563224e-09,5.303304050917522e-06,-0.0009843050050392834
Muon,500,context,context1,1,0,1,1,"1,4,8",0.5,positive,0.5,4.048944753467502,-0.002025979059556856,0.0005791007050972086,0.0005681675216929057,1.0933183404302892e-05,1.0192428869776409,True,positive_GN_above_numerical_floor,4.048004088589147,-0.0009406648783549798,-0.001012989529778428,4.047931763937724,7.23246514234483e-05,7.238758813715108e-05,7.102094021161322e-05,-6.293671370277937e-08,1.3037112118350822e-06,7.238758813715108e-05,7.23246514234483e-05,-0.000869440677917527,0.018025820880934205,5.115295298104686e-05,2.117169844240144e-05,0.0001697057296293607,0.0001707118919803193,2.1213216203670088e-05,2.133898649753991e-05,-4.151776126864825e-08,2.1213216203670088e-05,-0.0019571648575129916
Muon,500,context,context1,1,0,1,1,"1,4,8",1.0,positive,1.0,4.048944753467502,-0.002025979059556856,0.0005791007050972086,0.0005681675216929057,1.0933183404302892e-05,1.0192428869776409,True,positive_GN_above_numerical_floor,4.047207836626722,-0.001736916840780367,-0.002025979059556856,4.046918774407946,0.0002890622187764892,0.0002895503525486043,0.00028408376084645287,-4.881337721151157e-07,4.9784579300363304e-06,0.0002895503525486043,0.0002890622187764892,-0.0016858338034079132,0.017222790135316197,0.00020453754963083132,8.452466914565788e-05,0.0001697057296293607,0.0001707118919803193,8.485286481468035e-05,8.535594599015965e-05,-3.2819566902247597e-07,8.485286481468035e-05,-0.0038678207240174997
Muon,500,context,context1,1,0,1,1,"1,4,8",2.0,positive,2.0,4.048944753467502,-0.002025979059556856,0.0005791007050972086,0.0005681675216929057,1.0933183404302892e-05,1.0192428869776409,True,positive_GN_above_numerical_floor,4.046047338132871,-0.0028974153346315035,-0.004051958119113712,4.044892795348389,0.001154542784482209,0.0011582014101944173,0.0011363350433858115,-3.6586257122083084e-06,1.8207741096397476e-05,0.0011582014101944173,0.001154542784482209,-0.0031588855617039583,0.015770520885948207,0.0008176933203024311,0.0003368494641797778,0.0001697057296293607,0.0001707118919803193,0.0003394114592587214,0.0003414237839606386,-2.561995078943606e-06,0.0003394114592587214,-0.0075483458470702
Muon,500,context,context1,1,0,1,1,"1,4,8",4.0,positive,4.0,4.048944753467502,-0.002025979059556856,0.0005791007050972086,0.0005681675216929057,1.0933183404302892e-05,1.0192428869776409,True,positive_GN_above_numerical_floor,4.045448087510652,-0.0034966659568498315,-0.008103916238227425,4.040840837229275,0.004607250281377593,0.004632805640777669,0.004545340173543246,-2.5555359400075695e-05,6.191010783434744e-05,0.004632805640777669,0.004607250281377593,-0.005516173433899104,0.013437539541662578,0.0032691907784047616,0.0013380595029728317,0.0001697057296293607,0.0001707118919803193,0.0013576458370348856,0.0013656951358425543,-1.9586334062053883e-05,0.0013576458370348856,-0.014426688851954694
Muon,500,context,context1,1,0,1,1,"1,4,8",8.0,positive,8.0,4.048944753467502,-0.002025979059556856,0.0005791007050972086,0.0005681675216929057,1.0933183404302892e-05,1.0192428869776409,True,positive_GN_above_numerical_floor,4.051102013933912,0.0021572604664097383,-0.01620783247645485,4.032736920991048,0.018365092942864588,0.018531222563110676,0.018181360694172984,-0.0001661296202460881,0.00018373224869160446,0.018531222563110676,0.018365092942864588,-0.008964849441547119,0.0100044279254786,0.013086674428985366,0.005278418513879222,0.0001697057296293607,0.0001707118919803193,0.0054305833481395425,0.005462780543370217,-0.00015216483426032032,0.0054305833481395425,-0.02801997953174778
Muon,500,context,context1,1,0,1,1,"1,4,8",16.0,positive,16.0,4.048944753467502,-0.002025979059556856,0.0005791007050972086,0.0005681675216929057,1.0933183404302892e-05,1.0192428869776409,True,positive_GN_above_numerical_floor,4.089239974308962,0.04029522084145931,-0.0324156649529097,4.016529088514592,0.07271088579436902,0.0741248902524427,0.07272544277669193,-0.0014140044580736866,-1.4556982322916356e-05,0.0741248902524427,0.07272544277669193,-0.019075973714876286,-0.00020016354341924724,0.05242371733007789,0.020287168464291128,0.0001697057296293607,0.0001707118919803193,0.02172233339255817,0.02185112217348087,-0.0014351649282670423,0.02172233339255817,-0.06606863555269407
Muon,500,context,context2,2,1,2,1,"1,4,8",-16.0,negative,16.0,4.011327189713845,-0.000987161755548349,0.0006073999665323138,0.000600646059809545,6.753906722768775e-06,1.011244403609191,True,positive_GN_above_numerical_floor,4.114548177760684,0.10322098804683844,0.015794588088773584,4.027121777802619,0.08742639995806485,0.07774719571613617,0.07688269565562177,0.009679204241928682,0.010543704302443085,0.08742639995806485,0.08742639995806485,0.11071260221822506,0.12060092040276739,0.058805306862543115,0.028621093095521737,0.00020824488232582385,0.00018077281731564458,0.026655344937705452,0.023138920616402506,0.001965748157816284,0.028621093095521737,0.06868179881375178
Muon,500,context,context2,2,1,2,1,"1,4,8",-8.0,negative,8.0,4.011327189713845,-0.000987161755548349,0.0006073999665323138,0.000600646059809545,6.753906722768775e-06,1.011244403609191,True,positive_GN_above_numerical_floor,4.040071095677721,0.028743905963875882,0.007897294044386792,4.019224483758232,0.02084661191948909,0.019436798929034042,0.01922067391390544,0.0014098129904550477,0.0016259380055836485,0.02084661191948909,0.02084661191948909,0.06762791939044259,0.0779953122293024,0.013814522075677883,0.007032089843811207,0.00020824488232582385,0.00018077281731564458,0.006663836234426363,0.0057847301541006264,0.0003682536093848436,0.007032089843811207,0.0523675916497193
Muon,500,context,context2,2,1,2,1,"1,4,8",-4.0,negative,4.0,4.011327189713845,-0.000987161755548349,0.0006073999665323138,0.000600646059809545,6.753906722768775e-06,1.011244403609191,True,positive_GN_above_numerical_floor,4.020300900765981,0.008973711052135513,0.003948647022193396,4.015275836736039,0.0050250640299421175,0.004859199732258511,0.00480516847847636,0.00016586429768360687,0.00021989555146575707,0.0050250640299421175,0.0050250640299421175,0.03300739984511549,0.04375975115053211,0.0033113619222558295,0.001713702107686288,0.00020824488232582385,0.00018077281731564458,0.0016659590586065908,0.0014461825385251566,4.774304907969717e-05,0.001713702107686288,0.02785959640567651
Muon,500,context,context2,2,1,2,1,"1,4,8",-2.0,negative,2.0,4.011327189713845,-0.000987161755548349,0.0006073999665323138,0.000600646059809545,6.753906722768775e-06,1.011244403609191,True,positive_GN_above_numerical_floor,4.014535035218662,0.0032078455048170085,0.001974323511096698,4.013301513224942,0.0012335219937203105,0.0012147999330646276,0.00120129211961909,1.872206065568283e-05,3.222987410122038e-05,0.0012335219937203105,0.0012335219937203105,0.015177727475468005,0.02612833355651395,0.0008114802347627629,0.0004220417589575476,0.00020824488232582385,0.00018077281731564458,0.0004164897646516477,0.00036154563463128915,5.5519943058998916e-06,0.0004220417589575476,0.013155082851548717
Muon,500,context,context2,2,1,2,1,"1,4,8",-1.0,negative,1.0,4.011327189713845,-0.000987161755548349,0.0006073999665323138,0.000600646059809545,6.753906722768775e-06,1.011244403609191,True,positive_GN_above_numerical_floor,4.012620251709144,0.0012930619952991051,0.000987161755548349,4.012314351469393,0.00030590023975075615,0.0003036999832661569,0.0003003230299047725,2.2002564845992377e-06,5.577209845983625e-06,0.00030590023975075615,0.00030590023975075615,0.007192725597050791,0.018232119891530223,0.00020111461906636725,0.0001047856206843889,0.00020824488232582385,0.00018077281731564458,0.00010412244116291192,9.038640865782229e-05,6.631795214769791e-07,0.0001047856206843889,0.006328917242132445
Muon,500,context,context2,2,1,2,1,"1,4,8",-0.5,negative,0.5,4.011327189713845,-0.000987161755548349,0.0006073999665323138,0.000600646059809545,6.753906722768775e-06,1.011244403609191,True,positive_GN_above_numerical_floor,4.01189696193771,0.000569772223864895,0.0004935808777741745,4.011820770591619,7.619134609072051e-05,7.592499581653923e-05,7.508075747619313e-05,2.663502741812832e-07,1.11058861452738e-06,7.619134609072051e-05,7.619134609072051e-05,0.0034958074354552258,0.014576309141526517,5.007969967941181e-05,2.6111646411308698e-05,0.00020824488232582385,0.00018077281731564458,2.603061029072798e-05,2.2596602164455572e-05,8.103612058071679e-08,2.6111646411308698e-05,0.003103447377627664
Muon,500,context,context2,2,1,2,1,"1,4,8",-0.25,negative,0.25,4.011327189713845,-0.000987161755548349,0.0006073999665323138,0.000600646059809545,6.753906722768775e-06,1.011244403609191,True,positive_GN_above_numerical_floor,4.01159299416077,0.0002658044469248111,0.00024679043888708725,4.011573980152733,1.901400803772384e-05,1.8981248954134807e-05,1.8770189369048283e-05,3.275908358903163e-08,2.4381866867555585e-07,1.901400803772384e-05,1.901400803772384e-05,0.0017228920658936045,0.012823107479065909,1.2496338098858016e-05,6.517669938865822e-06,0.00020824488232582385,0.00018077281731564458,6.507652572681995e-06,5.649150541113893e-06,1.0017366183826909e-08,6.517669938865822e-06,0.001536955120125351
Muon,500,context,context2,2,1,2,1,"1,4,8",0.0,zero,0.0,4.011327189713845,-0.000987161755548349,0.0006073999665323138,0.000600646059809545,6.753906722768775e-06,1.011244403609191,True,positive_GN_above_numerical_floor,4.011327189713845,0.0,-0.0,4.011327189713845,0.0,0.0,0.0,0.0,0.0,1e-10,1e-10,0.0,0.0,0.0,0.0,0.00020824488232582385,0.00018077281731564458,0.0,0.0,0.0,1e-10,0.0
Muon,500,context,context2,2,1,2,1,"1,4,8",0.25,positive,0.25,4.011327189713845,-0.000987161755548349,0.0006073999665323138,0.000600646059809545,6.753906722768775e-06,1.011244403609191,True,positive_GN_above_numerical_floor,4.011099348812365,-0.00022784090147975888,-0.00024679043888708725,4.011080399274958,1.8949537407328366e-05,1.8981248954134807e-05,1.8770189369048283e-05,-3.1711546806440806e-08,1.793480382800834e-07,1.8981248954134807e-05,1.8949537407328366e-05,-0.001670677566216362,0.009464507466589873,1.245168823926497e-05,6.4978491680633965e-06,0.00020824488232582385,0.00018077281731564458,6.507652572681995e-06,5.649150541113893e-06,-9.803404618598705e-09,6.507652572681995e-06,-0.0015064425319433476
Muon,500,context,context2,2,1,2,1,"1,4,8",0.5,positive,0.5,4.011327189713845,-0.000987161755548349,0.0006073999665323138,0.000600646059809545,6.753906722768775e-06,1.011244403609191,True,positive_GN_above_numerical_floor,4.010909284227241,-0.00041790548660447513,-0.0004935808777741745,4.010833608836071,7.567539116969937e-05,7.592499581653923e-05,7.508075747619313e-05,-2.496046468398571e-07,5.946336935062398e-07,7.592499581653923e-05,7.567539116969937e-05,-0.0032875161092268926,0.007857689062654395,4.972239787481283e-05,2.595299329488654e-05,0.00020824488232582385,0.00018077281731564458,2.603061029072798e-05,2.2596602164455572e-05,-7.76169958414415e-08,2.603061029072798e-05,-0.0029817585901583117
Muon,500,context,context2,2,1,2,1,"1,4,8",1.0,positive,1.0,4.011327189713845,-0.000987161755548349,0.0006073999665323138,0.000600646059809545,6.753906722768775e-06,1.011244403609191,True,positive_GN_above_numerical_floor,4.010641794648212,-0.0006853950656333652,-0.000987161755548349,4.010340027958297,0.00030176668991498384,0.0003036999832661569,0.0003003230299047725,-1.933293351173075e-06,1.4436600102113125e-06,0.0003036999832661569,0.00030176668991498384,-0.006365799992418088,0.004784027059507569,0.00019825300115393612,0.00010351368876104772,0.00020824488232582385,0.00018077281731564458,0.00010412244116291192,9.038640865782229e-05,-6.087524018642061e-07,0.00010412244116291192,-0.005846505278451364
Muon,500,context,context2,2,1,2,1,"1,4,8",2.0,positive,2.0,4.011327189713845,-0.000987161755548349,0.0006073999665323138,0.000600646059809545,6.753906722768775e-06,1.011244403609191,True,positive_GN_above_numerical_floor,4.0105531514978665,-0.0007740382159786563,-0.001974323511096698,4.0093528662027484,0.0012002852951180417,0.0012147999330646276,0.00120129211961909,-1.4514637946585942e-05,-1.006824501048392e-06,0.0012147999330646276,0.00120129211961909,-0.011948171506701721,-0.0008381179603239547,0.0007884959781962794,0.00041178931692176235,0.00020824488232582385,0.00018077281731564458,0.0004164897646516477,0.00036154563463128915,-4.700447729885345e-06,0.0004164897646516477,-0.011285866133629485
Muon,500,context,context2,2,1,2,1,"1,4,8",4.0,positive,4.0,4.011327189713845,-0.000987161755548349,0.0006073999665323138,0.000600646059809545,6.753906722768775e-06,1.011244403609191,True,positive_GN_above_numerical_floor,4.012134745869499,0.0008075561556539768,-0.003948647022193396,4.007378542691652,0.004756203177847373,0.004859199732258511,0.00480516847847636,-0.00010299655441113782,-4.896530062898762e-05,0.004859199732258511,0.00480516847847636,-0.021196196922587906,-0.010190131906574421,0.0031258548581733596,0.0016303483196740132,0.00020824488232582385,0.00018077281731564458,0.0016659590586065908,0.0014461825385251566,-3.561073893257761e-05,0.0016659590586065908,-0.021375518653118916
Muon,500,context,context2,2,1,2,1,"1,4,8",8.0,positive,8.0,4.011327189713845,-0.000987161755548349,0.0006073999665323138,0.000600646059809545,6.753906722768775e-06,1.011244403609191,True,positive_GN_above_numerical_floor,4.022201149332439,0.01087395961859361,-0.007897294044386792,4.003429895669458,0.0187712536629804,0.019436798929034042,0.01922067391390544,-0.000665545266053641,-0.00044942025092504015,0.019436798929034042,0.01922067391390544,-0.034241505943629,-0.02338212764745472,0.012373716719549586,0.006397536943430815,0.00020824488232582385,0.00018077281731564458,0.006663836234426363,0.0057847301541006264,-0.0002662992909955482,0.006663836234426363,-0.039961860049892384
Muon,500,context,context2,2,1,2,1,"1,4,8",16.0,positive,16.0,4.011327189713845,-0.000987161755548349,0.0006073999665323138,0.000600646059809545,6.753906722768775e-06,1.011244403609191,True,positive_GN_above_numerical_floor,4.069772829727537,0.05844564001369168,-0.015794588088773584,3.9955326016250714,0.07424022810246526,0.07774719571613617,0.07688269565562177,-0.0035069676136709055,-0.0026424675531565023,0.07774719571613617,0.07688269565562177,-0.04510731970932099,-0.03437012100867046,0.04956714622016881,0.02467308188229645,0.00020824488232582385,0.00018077281731564458,0.026655344937705452,0.023138920616402506,-0.0019822630554090018,0.026655344937705452,-0.0743664379523741
Muon,500,context,context3,3,1,3,1,"1,4,8",-16.0,negative,16.0,4.525133724437511,-0.0008308213577058168,0.0005177135444581866,0.0004873253216565824,3.0388222801604214e-05,1.0623571594808667,True,positive_GN_above_numerical_floor,4.608440954976962,0.0833072305394511,0.01329314172329307,4.538426866160804,0.07001408881615803,0.06626733369064788,0.062377641172042544,0.0037467551255101483,0.007636447644115488,0.07001408881615803,0.07001408881615803,0.053514302462013365,0.1090701567818323,0.0487393749040108,0.021274713912147233,0.00016296017997100882,0.0001445281548087409,0.02085890303628913,0.018499603815518836,0.0004158108758581039,0.021274713912147233,0.0195448398307574
Muon,500,context,context3,3,1,3,1,"1,4,8",-8.0,negative,8.0,4.525133724437511,-0.0008308213577058168,0.0005177135444581866,0.0004873253216565824,3.0388222801604214e-05,1.0623571594808667,True,positive_GN_above_numerical_floor,4.5487816603207225,0.023647935883211346,0.006646570861646535,4.531780295299158,0.01700136502156481,0.01656683342266197,0.015594410293010636,0.00043453159890283893,0.0014069547285541738,0.01700136502156481,0.01700136502156481,0.025558630048332705,0.08275539797948984,0.011709289368423408,0.005292075653141402,0.00016296017997100882,0.0001445281548087409,0.005214725759072282,0.004624900953879709,7.734989406911995e-05,0.005292075653141402,0.014616173149982214
Muon,500,context,context3,3,1,3,1,"1,4,8",-4.0,negative,4.0,4.525133724437511,-0.0008308213577058168,0.0005177135444581866,0.0004873253216565824,3.0388222801604214e-05,1.0623571594808667,True,positive_GN_above_numerical_floor,4.532651593466985,0.007517869029474156,0.0033232854308232673,4.528457009868334,0.004194583598650888,0.004141708355665493,0.003898602573252659,5.2875242985395664e-05,0.0002959810253982294,0.004194583598650888,0.004194583598650888,0.01260559999385923,0.07056267170200786,0.002879133014656807,0.0013154505839940815,0.00016296017997100882,0.0001445281548087409,0.0013036814397680706,0.0011562252384699273,1.1769144226010924e-05,0.0013154505839940815,0.008946853929150619
Muon,500,context,context3,3,1,3,1,"1,4,8",-2.0,negative,2.0,4.525133724437511,-0.0008308213577058168,0.0005177135444581866,0.0004873253216565824,3.0388222801604214e-05,1.0623571594808667,True,positive_GN_above_numerical_floor,4.5278373912504275,0.002703666812916339,0.0016616427154116336,4.526795367152923,0.0010420240975047052,0.0010354270889163732,0.0009746506433131648,6.597008588331982e-06,6.737345419154041e-05,0.0010420240975047052,0.0010420240975047052,0.006330955881087187,0.0646563302642204,0.0007144716856662389,0.00032755241183846627,0.00016296017997100882,0.0001445281548087409,0.00032592035994201765,0.0002890563096174818,1.6320518964486191e-06,0.00032755241183846627,0.004982567178450427
Muon,500,context,context3,3,1,3,1,"1,4,8",-1.0,negative,1.0,4.525133724437511,-0.0008308213577058168,0.0005177135444581866,0.0004873253216565824,3.0388222801604214e-05,1.0623571594808667,True,positive_GN_above_numerical_floor,4.526224229142397,0.0010905047048854755,0.0008308213577058168,4.525964545795217,0.00025968334717965864,0.0002588567722290933,0.0002436626608282912,8.265749505653426e-07,1.602068635136745e-05,0.00025968334717965864,0.00025968334717965864,0.0031830109999063097,0.061693160248291704,0.0001779880488676215,8.169529831203714e-05,0.00016296017997100882,0.0001445281548087409,8.148008998550441e-05,7.226407740437045e-05,2.1520832653272527e-07,8.169529831203714e-05,0.0026342804418282672
Muon,500,context,context3,3,1,3,1,"1,4,8",-0.5,negative,0.5,4.525133724437511,-0.0008308213577058168,0.0005177135444581866,0.0004873253216565824,3.0388222801604214e-05,1.0623571594808667,True,positive_GN_above_numerical_floor,4.525613952827227,0.0004802283897156201,0.0004154106788529084,4.525549135116364,6.481771086271168e-05,6.471419305727332e-05,6.09156652070728e-05,1.0351780543836077e-07,3.9020456556388875e-06,6.481771086271168e-05,6.481771086271168e-05,0.0015970604956663545,0.06020030025286893,4.442005171519068e-05,2.0397659147521004e-05,0.00016296017997100882,0.0001445281548087409,2.0370022496376103e-05,1.8066019351092614e-05,2.7636651144900685e-08,2.0397659147521004e-05,0.0013548932720674205
Muon,500,context,context3,3,1,3,1,"1,4,8",-0.25,negative,0.25,4.525133724437511,-0.0008308213577058168,0.0005177135444581866,0.0004873253216565824,3.0388222801604214e-05,1.0623571594808667,True,positive_GN_above_numerical_floor,4.525357621279179,0.0002238968416676812,0.0002077053394264542,4.525341429776938,1.6191502241226995e-05,1.617854826431833e-05,1.52289163017682e-05,1.2953976908664378e-08,9.62585939458796e-07,1.6191502241226995e-05,1.6191502241226995e-05,0.0008000478717583603,0.05945006986491027,1.109549500281203e-05,5.096007238414966e-06,0.00016296017997100882,0.0001445281548087409,5.092505624094026e-06,4.516504837773153e-06,3.501614320940125e-09,5.096007238414966e-06,0.0006871289927816602
Muon,500,context,context3,3,1,3,1,"1,4,8",0.0,zero,0.0,4.525133724437511,-0.0008308213577058168,0.0005177135444581866,0.0004873253216565824,3.0388222801604214e-05,1.0623571594808667,True,positive_GN_above_numerical_floor,4.525133724437511,0.0,-0.0,4.525133724437511,0.0,0.0,0.0,0.0,0.0,1e-10,1e-10,0.0,0.0,0.0,0.0,0.00016296017997100882,0.0001445281548087409,0.0,0.0,0.0,1e-10,0.0
Muon,500,context,context3,3,1,3,1,"1,4,8",0.25,positive,0.25,4.525133724437511,-0.0008308213577058168,0.0005177135444581866,0.0004873253216565824,3.0388222801604214e-05,1.0623571594808667,True,positive_GN_above_numerical_floor,4.5249421846604,-0.00019153977711106052,-0.0002077053394264542,4.524926019098085,1.616556231539369e-05,1.617854826431833e-05,1.52289163017682e-05,-1.2985948924641472e-08,9.366460136254902e-07,1.617854826431833e-05,1.616556231539369e-05,-0.0008026646589349359,0.05794082478241831,1.1076654386564698e-05,5.088907928828992e-06,0.00016296017997100882,0.0001445281548087409,5.092505624094026e-06,4.516504837773153e-06,-3.59769526503413e-09,5.092505624094026e-06,-0.0007064685894527947
Muon,500,context,context3,3,1,3,1,"1,4,8",0.5,positive,0.5,4.525133724437511,-0.0008308213577058168,0.0005177135444581866,0.0004873253216565824,3.0388222801604214e-05,1.0623571594808667,True,positive_GN_above_numerical_floor,4.524782923924301,-0.0003508005132104586,-0.0004154106788529084,4.524718313758658,6.461016564244984e-05,6.471419305727332e-05,6.09156652070728e-05,-1.0402741482348787e-07,3.694500435377039e-06,6.471419305727332e-05,6.461016564244984e-05,-0.0016074899478607664,0.057181410984492156,4.426931658312074e-05,2.0340849059329095e-05,0.00016296017997100882,0.0001445281548087409,2.0370022496376103e-05,1.8066019351092614e-05,-2.917343704700754e-08,2.0370022496376103e-05,-0.0014321750038419248
Muon,500,context,context3,3,1,3,1,"1,4,8",1.0,positive,1.0,4.525133724437511,-0.0008308213577058168,0.0005177135444581866,0.0004873253216565824,3.0388222801604214e-05,1.0623571594808667,True,positive_GN_above_numerical_floor,4.5245609252454475,-0.0005727991920636555,-0.0008308213577058168,4.524302903079805,0.00025802216564216134,0.0002588567722290933,0.0002436626608282912,-8.346065869319552e-07,1.4359504813870152e-05,0.0002588567722290933,0.00025802216564216134,-0.0032242022480034327,0.05565221413490756,0.00017678184445987858,8.124032118228276e-05,0.00016296017997100882,0.0001445281548087409,8.148008998550441e-05,7.226407740437045e-05,-2.397688032216552e-07,8.148008998550441e-05,-0.0029426673837045455
Muon,500,context,context3,3,1,3,1,"1,4,8",2.0,positive,2.0,4.525133724437511,-0.0008308213577058168,0.0005177135444581866,0.0004873253216565824,3.0388222801604214e-05,1.0623571594808667,True,positive_GN_above_numerical_floor,4.524500790898282,-0.0006329335392294411,-0.0016616427154116336,4.523472081722099,0.0010287091761821926,0.0010354270889163732,0.0009746506433131648,-6.717912734180605e-06,5.405853286902782e-05,0.0010354270889163732,0.0010287091761821926,-0.006488059667447217,0.05254986940979092,0.0007048120757190982,0.0003238971004630944,0.00016296017997100882,0.0001445281548087409,0.00032592035994201765,0.0002890563096174818,-2.0232594789232426e-06,0.00032592035994201765,-0.006207833960674281
Muon,500,context,context3,3,1,3,1,"1,4,8",4.0,positive,4.0,4.525133724437511,-0.0008308213577058168,0.0005177135444581866,0.0004873253216565824,3.0388222801604214e-05,1.0623571594808667,True,positive_GN_above_numerical_floor,4.5258977744960855,0.0007640500585743837,-0.0033232854308232673,4.521810439006688,0.004087335489397651,0.004141708355665493,0.003898602573252659,-5.437286626784176e-05,0.00018873291614499195,0.004141708355665493,0.004087335489397651,-0.013128125304492881,0.046175048912563195,0.002801578500866933,0.001285756988530718,0.00016296017997100882,0.0001445281548087409,0.0013036814397680706,0.0011562252384699273,-1.7924451237352496e-05,0.0013036814397680706,-0.013749103646471578
Muon,500,context,context3,3,1,3,1,"1,4,8",8.0,positive,8.0,4.525133724437511,-0.0008308213577058168,0.0005177135444581866,0.0004873253216565824,3.0388222801604214e-05,1.0623571594808667,True,positive_GN_above_numerical_floor,4.534614350009957,0.009480625572446222,-0.006646570861646535,4.518487153575864,0.016127196434092758,0.01656683342266197,0.015594410293010636,-0.0004396369885692128,0.000532786141082122,0.01656683342266197,0.016127196434092758,-0.026537176861320285,0.03303650099752097,0.011083195622284554,0.005044000811808204,0.00016296017997100882,0.0001445281548087409,0.005214725759072282,0.004624900953879709,-0.0001707249472640785,0.005214725759072282,-0.032739007792895146
Muon,500,context,context3,3,1,3,1,"1,4,8",16.0,positive,16.0,4.525133724437511,-0.0008308213577058168,0.0005177135444581866,0.0004873253216565824,3.0388222801604214e-05,1.0623571594808667,True,positive_GN_above_numerical_floor,4.574597433594299,0.04946370915678777,-0.01329314172329307,4.5118405827142185,0.06275685088008084,0.06626733369064788,0.062377641172042544,-0.0035104828105670394,0.0003792097080383,0.06626733369064788,0.06275685088008084,-0.0529745594858974,0.006042522891451552,0.04363137878178193,0.019125472098298915,0.00016296017997100882,0.0001445281548087409,0.02085890303628913,0.018499603815518836,-0.0017334309379902144,0.02085890303628913,-0.0831026892916895
Muon,500,bank,bank0,,0,"0,1",2,"1,4,8",-16.0,negative,16.0,4.1983778965853595,-0.0014502614948563323,0.0005990162729912865,0.0006067383724093175,-7.722099418030928e-06,0.9872727690069,True,positive_GN_above_numerical_floor,4.30278020695108,0.10440231036572012,0.023204183917701317,4.221582080503061,0.0811981264480188,0.07667408294288468,0.07766251166839264,0.0045240435051341205,0.0035356147796261617,0.0811981264480188,0.0811981264480188,0.05571610704626677,0.04354305861834857,0.055042430233434005,0.026155696214584793,0.00018941148242960614,0.00018873309125592172,0.024244669750989586,0.02415783568075798,0.001911026463595207,0.026155696214584793,0.0730634905649956
Muon,500,bank,bank0,,0,"0,1",2,"1,4,8",-8.0,negative,8.0,4.1983778965853595,-0.0014502614948563323,0.0005990162729912865,0.0006067383724093175,-7.722099418030928e-06,0.9872727690069,True,positive_GN_above_numerical_floor,4.229661113879532,0.03128321729417216,0.011602091958850659,4.209979988544211,0.0196811253353215,0.01916852073572117,0.01941562791709816,0.000512604599600331,0.00026549741822334133,0.0196811253353215,0.0196811253353215,0.026045492362185466,0.01348995109272822,0.01338850664938595,0.006292618685935551,0.00018941148242960614,0.00018873309125592172,0.006061167437747397,0.006039458920189495,0.00023145124818815463,0.006292618685935551,0.036781387803692056
Muon,500,bank,bank0,,0,"0,1",2,"1,4,8",-4.0,negative,4.0,4.1983778965853595,-0.0014502614948563323,0.0005990162729912865,0.0006067383724093175,-7.722099418030928e-06,0.9872727690069,True,positive_GN_above_numerical_floor,4.209031563260709,0.010653666675349172,0.005801045979425329,4.204178942564785,0.004852620695923842,0.004792130183930292,0.00485390697927454,6.0490511993549836e-05,-1.2862833506975882e-06,0.004852620695923842,0.00485390697927454,0.012465534766473985,-0.0002649995882059188,0.0033085873152807165,0.0015440333806431257,0.00018941148242960614,0.00018873309125592172,0.0015152918594368492,0.0015098647300473738,2.8741521206276585e-05,0.0015440333806431257,0.01861457243515362
Muon,500,bank,bank0,,0,"0,1",2,"1,4,8",-2.0,negative,2.0,4.1983778965853595,-0.0014502614948563323,0.0005990162729912865,0.0006067383724093175,-7.722099418030928e-06,0.9872727690069,True,positive_GN_above_numerical_floor,4.202483774261722,0.004105877676362724,0.0029005229897126647,4.201278419575072,0.001205354686650059,0.001198032545982573,0.001213476744818635,7.3221406674858335e-06,-8.122058168576023e-06,0.001205354686650059,0.001213476744818635,0.0060746772286883,-0.006693212872233441,0.0008229414578343456,0.0003824132288157133,0.00018941148242960614,0.00018873309125592172,0.0003788229648592123,0.00037746618251184344,3.5902639565010093e-06,0.0003824132288157133,0.009388440791181871
Muon,500,bank,bank0,,0,"0,1",2,"1,4,8",-1.0,negative,1.0,4.1983778965853595,-0.0014502614948563323,0.0005990162729912865,0.0006067383724093175,-7.722099418030928e-06,0.9872727690069,True,positive_GN_above_numerical_floor,4.200128565650802,0.0017506690654425228,0.0014502614948563323,4.199828158080216,0.0003004075705861904,0.00029950813649564327,0.00030336918620465874,8.994340905471511e-07,-2.961615618468313e-06,0.0003004075705861904,0.00030336918620465874,0.0029940460181881235,-0.00976241409195181,0.00020525335340143466,9.515421718475577e-05,0.00018941148242960614,0.00018873309125592172,9.470574121480307e-05,9.436654562796086e-05,4.4847596995269395e-07,9.515421718475577e-05,0.004713148646705931
Muon,500,bank,bank0,,0,"0,1",2,"1,4,8",-0.5,negative,0.5,4.1983778965853595,-0.0014502614948563323,0.0005990162729912865,0.0006067383724093175,-7.722099418030928e-06,0.9872727690069,True,positive_GN_above_numerical_floor,4.199178015780266,0.0008001191949063013,0.0007251307474281662,4.199103027332788,7.498844747813517e-05,7.487703412391082e-05,7.584229655116468e-05,1.1141335422435643e-07,-8.538490730295096e-07,7.498844747813517e-05,7.584229655116468e-05,0.0014857402436134163,-0.011258217536351717,5.1255981389802346e-05,2.3732466088332828e-05,0.00018941148242960614,0.00018873309125592172,2.3676435303700768e-05,2.3591636406990215e-05,5.603078463206005e-08,2.3732466088332828e-05,0.0023609339384921936
Muon,500,bank,bank0,,0,"0,1",2,"1,4,8",-0.25,negative,0.25,4.1983778965853595,-0.0014502614948563323,0.0005990162729912865,0.0006067383724093175,-7.722099418030928e-06,0.9872727690069,True,positive_GN_above_numerical_floor,4.198759195080093,0.00038129849473378385,0.0003625653737140831,4.198740461959074,1.873312101970077e-05,1.8719258530977704e-05,1.896057413779117e-05,1.3862488723064876e-08,-2.2745311809040163e-07,1.873312101970077e-05,1.896057413779117e-05,0.0007399988879848868,-0.011996109212592598,1.280701044943632e-05,5.926110570264449e-06,0.00018941148242960614,0.00018873309125592172,5.919108825925192e-06,5.897909101747554e-06,7.001744339256677e-09,5.926110570264449e-06,0.001181507542972528
Muon,500,bank,bank0,,0,"0,1",2,"1,4,8",0.0,zero,0.0,4.1983778965853595,-0.0014502614948563323,0.0005990162729912865,0.0006067383724093175,-7.722099418030928e-06,0.9872727690069,True,positive_GN_above_numerical_floor,4.1983778965853595,0.0,-0.0,4.1983778965853595,0.0,0.0,0.0,0.0,0.0,1e-10,1e-10,0.0,0.0,0.0,0.0,0.00018941148242960614,0.00018873309125592172,0.0,0.0,0.0,1e-10,0.0
Muon,500,bank,bank0,,0,"0,1",2,"1,4,8",0.25,positive,0.25,4.1983778965853595,-0.0014502614948563323,0.0005990162729912865,0.0006067383724093175,-7.722099418030928e-06,0.9872727690069,True,positive_GN_above_numerical_floor,4.198034036737117,-0.00034385984824236715,-0.0003625653737140831,4.1980153312116455,1.8705525471715936e-05,1.8719258530977704e-05,1.896057413779117e-05,-1.3733059261768899e-08,-2.550486660752354e-07,1.8719258530977704e-05,1.896057413779117e-05,-0.000733632651049861,-0.01345152653193589,1.2793413620079916e-05,5.91211185163602e-06,0.00018941148242960614,0.00018873309125592172,5.919108825925192e-06,5.897909101747554e-06,-6.996974289172315e-09,5.919108825925192e-06,-0.0011820992813185262
Muon,500,bank,bank0,,0,"0,1",2,"1,4,8",0.5,positive,0.5,4.1983778965853595,-0.0014502614948563323,0.0005990162729912865,0.0006067383724093175,-7.722099418030928e-06,0.9872727690069,True,positive_GN_above_numerical_floor,4.197727533528354,-0.0006503630570051655,-0.0007251307474281662,4.1976527658379315,7.476769042300067e-05,7.487703412391082e-05,7.584229655116468e-05,-1.0934370091014842e-07,-1.0746061281640144e-06,7.487703412391082e-05,7.584229655116468e-05,-0.001460310256536072,-0.014168955543679565,5.114720986040868e-05,2.3620480562591993e-05,0.00018941148242960614,0.00018873309125592172,2.3676435303700768e-05,2.3591636406990215e-05,-5.595474110877514e-08,2.3676435303700768e-05,-0.0023633093576392
Muon,500,bank,bank0,,0,"0,1",2,"1,4,8",1.0,positive,1.0,4.1983778965853595,-0.0014502614948563323,0.0005990162729912865,0.0006067383724093175,-7.722099418030928e-06,0.9872727690069,True,positive_GN_above_numerical_floor,4.197226276830174,-0.001151619755185962,-0.0014502614948563323,4.196927635090503,0.0002986417396703704,0.00029950813649564327,0.00030336918620465874,-8.663968252728654e-07,-4.7274465342883295e-06,0.00029950813649564327,0.00030336918620465874,-0.002892732182203899,-0.015583146704619837,0.00020438327737365517,9.425846229671524e-05,0.00018941148242960614,0.00018873309125592172,9.470574121480307e-05,9.436654562796086e-05,-4.4727891808783553e-07,9.470574121480307e-05,-0.00472282791254817
Muon,500,bank,bank0,,0,"0,1",2,"1,4,8",2.0,positive,2.0,4.1983778965853595,-0.0014502614948563323,0.0005990162729912865,0.0006067383724093175,-7.722099418030928e-06,0.9872727690069,True,positive_GN_above_numerical_floor,4.1966686077275295,-0.0017092888578300602,-0.0029005229897126647,4.195477373595647,0.0011912341318826044,0.001198032545982573,0.001213476744818635,-6.798414099968642e-06,-2.2242612936030498e-05,0.001198032545982573,0.001213476744818635,-0.0056746489256624365,-0.018329657351080806,0.000815983515796483,0.0003752506160861214,0.00018941148242960614,0.00018873309125592172,0.0003788229648592123,0.00037746618251184344,-3.572348773090892e-06,0.0003788229648592123,-0.009430127274407818
Muon,500,bank,bank0,,0,"0,1",2,"1,4,8",4.0,positive,4.0,4.1983778965853595,-0.0014502614948563323,0.0005990162729912865,0.0006067383724093175,-7.722099418030928e-06,0.9872727690069,True,positive_GN_above_numerical_floor,4.197316575966909,-0.0010613206184508783,-0.005801045979425329,4.192576850605934,0.004739725360974451,0.004792130183930292,0.00485390697927454,-5.240482295584131e-05,-0.00011418161830008874,0.004792130183930292,0.00485390697927454,-0.010935600859002793,-0.023523651933921943,0.0032529616743228774,0.0014867636866515736,0.00018941148242960614,0.00018873309125592172,0.0015152918594368492,0.0015098647300473738,-2.8528172785275557e-05,0.0015152918594368492,-0.018826850159333604
Muon,500,bank,bank0,,0,"0,1",2,"1,4,8",8.0,positive,8.0,4.1983778965853595,-0.0014502614948563323,0.0005990162729912865,0.0006067383724093175,-7.722099418030928e-06,0.9872727690069,True,positive_GN_above_numerical_floor,4.205546238686427,0.0071683421010675374,-0.011602091958850659,4.1867758046265084,0.018770434059918198,0.01916852073572117,0.01941562791709816,-0.0003980866758029715,-0.0006451938571799612,0.01916852073572117,0.01941562791709816,-0.020767730660672414,-0.03323064594845157,0.012940665091933486,0.005829768967984712,0.00018941148242960614,0.00018873309125592172,0.006061167437747397,0.006039458920189495,-0.00023139846976268433,0.006061167437747397,-0.03817721126157875
Muon,500,bank,bank0,,0,"0,1",2,"1,4,8",16.0,positive,16.0,4.1983778965853595,-0.0014502614948563323,0.0005990162729912865,0.0006067383724093175,-7.722099418030928e-06,0.9872727690069,True,positive_GN_above_numerical_floor,4.248688411637227,0.050310515051867455,-0.023204183917701317,4.175173712667658,0.07351469896956878,0.07667408294288468,0.07766251166839264,-0.003159383973315902,-0.004147812698823861,0.07667408294288468,0.07766251166839264,-0.0412053702118532,-0.053408170940110765,0.05126943965156008,0.0222452593180087,0.00018941148242960614,0.00018873309125592172,0.024244669750989586,0.02415783568075798,-0.0019994104329808873,0.024244669750989586,-0.08246804157434555
Muon,500,bank,bank1,,1,"2,3",2,"1,4,8",-16.0,negative,16.0,4.268230457075678,-0.0009089915566270829,0.0005625567554952502,0.0005439856907330637,1.8571064762186494e-05,1.034138884677574,True,positive_GN_above_numerical_floor,4.3614945663688225,0.09326410929314477,0.014543864906033327,4.282774321981711,0.07872024438711145,0.07200726470339203,0.06963016841383216,0.006712979683719422,0.009090075973279294,0.07872024438711145,0.07872024438711145,0.08527640806992352,0.11547316759559724,0.05377234088327784,0.024947903503833607,0.00018560253114841636,0.00016265048606219285,0.023757123986997294,0.020819262215960685,0.0011907795168363128,0.024947903503833607,0.04773064464728799
Muon,500,bank,bank1,,1,"2,3",2,"1,4,8",-8.0,negative,8.0,4.268230457075678,-0.0009089915566270829,0.0005625567554952502,0.0005439856907330637,1.8571064762186494e-05,1.034138884677574,True,positive_GN_above_numerical_floor,4.294426377999222,0.026195920923544058,0.007271932453016663,4.275502389528694,0.018923988470527394,0.018001816175848007,0.01740754210345804,0.0009221722946793874,0.0015164463670693552,0.018923988470527394,0.018923988470527394,0.048730334840120904,0.08013354951209677,0.01276190572205109,0.0061620827484763045,0.00018560253114841636,0.00016265048606219285,0.005939280996749324,0.005204815553990171,0.0002228017517269809,0.0061620827484763045,0.03615689058737048
Muon,500,bank,bank1,,1,"2,3",2,"1,4,8",-4.0,negative,4.0,4.268230457075678,-0.0009089915566270829,0.0005625567554952502,0.0005439856907330637,1.8571064762186494e-05,1.034138884677574,True,positive_GN_above_numerical_floor,4.2764762471164826,0.008245790040804835,0.0036359662265083316,4.271866423302186,0.0046098238142965025,0.004500454043962002,0.00435188552586451,0.00010936977033450083,0.0002579382884319928,0.0046098238142965025,0.0046098238142965025,0.023725368851475633,0.055954044844847575,0.003095247468456762,0.0015145763458397406,0.00018560253114841636,0.00016265048606219285,0.001484820249187331,0.0013012038884975428,2.975609665240974e-05,0.0015145763458397406,0.019646481825854604
Muon,500,bank,bank1,,1,"2,3",2,"1,4,8",-2.0,negative,2.0,4.268230457075678,-0.0009089915566270829,0.0005625567554952502,0.0005439856907330637,1.8571064762186494e-05,1.034138884677574,True,positive_GN_above_numerical_floor,4.271186213234545,0.0029557561588671177,0.0018179831132541658,4.270048440188932,0.001137773045612952,0.0011251135109905004,0.0010879713814661274,1.2659534622451495e-05,4.9801664146824484e-05,0.001137773045612952,0.001137773045612952,0.011126590378691412,0.043771175929022695,0.0007629759602145008,0.00037479708539845107,0.00018560253114841636,0.00016265048606219285,0.0003712050622968327,0.0003253009721243857,3.5920231016183446e-06,0.00037479708539845107,0.00958391418065491
Muon,500,bank,bank1,,1,"2,3",2,"1,4,8",-1.0,negative,1.0,4.268230457075678,-0.0009089915566270829,0.0005625567554952502,0.0005439856907330637,1.8571064762186494e-05,1.034138884677574,True,positive_GN_above_numerical_floor,4.2694222404257705,0.0011917833500927344,0.0009089915566270829,4.269139448632305,0.0002827917934656515,0.0002812783777476251,0.00027199284536653186,1.5134157180263794e-06,1.0798948099119627e-05,0.0002827917934656515,0.0002827917934656515,0.005351696028655097,0.03818692178714617,0.0001895513339674384,9.324045949821307e-05,0.00018560253114841636,0.00016265048606219285,9.280126557420818e-05,8.132524303109643e-05,4.3919392400489283e-07,9.324045949821307e-05,0.004710336332193964
Muon,500,bank,bank1,,1,"2,3",2,"1,4,8",-0.5,negative,0.5,4.268230457075678,-0.0009089915566270829,0.0005625567554952502,0.0005439856907330637,1.8571064762186494e-05,1.034138884677574,True,positive_GN_above_numerical_floor,4.268755457382468,0.0005250003067907016,0.00045449577831354146,4.268684952853992,7.050452847716019e-05,7.031959443690628e-05,6.799821134163296e-05,1.849340402539112e-07,2.506317135527223e-06,7.050452847716019e-05,7.050452847716019e-05,0.002623009390294983,0.03554831426663806,4.724987569774531e-05,2.3254652779414878e-05,0.00018560253114841636,0.00016265048606219285,2.3200316393552045e-05,2.0331310757774106e-05,5.433638586283245e-08,2.3254652779414878e-05,0.0023365812587376605
Muon,500,bank,bank1,,1,"2,3",2,"1,4,8",-0.25,negative,0.25,4.268230457075678,-0.0009089915566270829,0.0005625567554952502,0.0005439856907330637,1.8571064762186494e-05,1.034138884677574,True,positive_GN_above_numerical_floor,4.268475307719974,0.00024485064429669023,0.00022724788915677073,4.268457704964835,1.7602755139919506e-05,1.757989860922657e-05,1.699955283540824e-05,2.2856530692937213e-08,6.032023045112652e-07,1.7602755139919506e-05,1.7602755139919506e-05,0.0012984632525565956,0.03426749390743519,1.179591655039092e-05,5.806838589528586e-06,0.00018560253114841636,0.00016265048606219285,5.800079098388011e-06,5.082827689443527e-06,6.759491140574642e-09,5.806838589528586e-06,0.0011640570056078302
Muon,500,bank,bank1,,1,"2,3",2,"1,4,8",0.0,zero,0.0,4.268230457075678,-0.0009089915566270829,0.0005625567554952502,0.0005439856907330637,1.8571064762186494e-05,1.034138884677574,True,positive_GN_above_numerical_floor,4.268230457075678,0.0,-0.0,4.268230457075678,0.0,0.0,0.0,0.0,0.0,1e-10,1e-10,0.0,0.0,0.0,0.0,0.00018560253114841636,0.00016265048606219285,0.0,0.0,0.0,1e-10,0.0
Muon,500,bank,bank1,,1,"2,3",2,"1,4,8",0.25,positive,0.25,4.268230457075678,-0.0009089915566270829,0.0005625567554952502,0.0005439856907330637,1.8571064762186494e-05,1.034138884677574,True,positive_GN_above_numerical_floor,4.268020766736383,-0.0002096903392949656,-0.00022724788915677073,4.268003209186521,1.7557549861805117e-05,1.757989860922657e-05,1.699955283540824e-05,-2.234874742145193e-08,5.57997026396876e-07,1.757989860922657e-05,1.7557549861805117e-05,-0.001271267139716181,0.031781030427870165,1.1764171312470758e-05,5.793378549334359e-06,0.00018560253114841636,0.00016265048606219285,5.800079098388011e-06,5.082827689443527e-06,-6.700549053652397e-09,5.800079098388011e-06,-0.0011552513232991337
Muon,500,bank,bank1,,1,"2,3",2,"1,4,8",0.5,positive,0.5,4.268230457075678,-0.0009089915566270829,0.0005625567554952502,0.0005439856907330637,1.8571064762186494e-05,1.034138884677574,True,positive_GN_above_numerical_floor,4.267846104075771,-0.00038435299990702276,-0.00045449577831354146,4.267775961297364,7.014277840651869e-05,7.031959443690628e-05,6.799821134163296e-05,-1.768160303875833e-07,2.1445670648857285e-06,7.031959443690628e-05,7.014277840651869e-05,-0.0025144631706633365,0.030574310194225553,4.69958572294109e-05,2.314692117710779e-05,0.00018560253114841636,0.00016265048606219285,2.3200316393552045e-05,2.0331310757774106e-05,-5.3395216444255015e-08,2.3200316393552045e-05,-0.002301486563308029
Muon,500,bank,bank1,,1,"2,3",2,"1,4,8",1.0,positive,1.0,4.268230457075678,-0.0009089915566270829,0.0005625567554952502,0.0005439856907330637,1.8571064762186494e-05,1.034138884677574,True,positive_GN_above_numerical_floor,4.26760135994683,-0.0006290971288480662,-0.0009089915566270829,4.267321465519051,0.0002798944277790167,0.0002812783777476251,0.00027199284536653186,-1.3839499686084259e-06,7.901582412484821e-06,0.0002812783777476251,0.0002798944277790167,-0.004920214556449713,0.02823058134877665,0.00018751742280646332,9.237700497255336e-05,0.00018560253114841636,0.00016265048606219285,9.280126557420818e-05,8.132524303109643e-05,-4.2426060165482e-07,9.280126557420818e-05,-0.004571711377314802
Muon,500,bank,bank1,,1,"2,3",2,"1,4,8",2.0,positive,2.0,4.268230457075678,-0.0009089915566270829,0.0005625567554952502,0.0005439856907330637,1.8571064762186494e-05,1.034138884677574,True,positive_GN_above_numerical_floor,4.267526971198074,-0.0007034858776036046,-0.0018179831132541658,4.266412473962424,0.0011144972356505612,0.0011251135109905004,0.0010879713814661274,-1.0616275339939184e-05,2.6525854184433805e-05,0.0011251135109905004,0.0011144972356505612,-0.009435737137840502,0.02380073573619047,0.000746654026958577,0.00036784320869198423,0.00018560253114841636,0.00016265048606219285,0.0003712050622968327,0.0003253009721243857,-3.3618536048484913e-06,0.0003712050622968327,-0.00905659417478579
Muon,500,bank,bank1,,1,"2,3",2,"1,4,8",4.0,positive,4.0,4.268230457075678,-0.0009089915566270829,0.0005625567554952502,0.0005439856907330637,1.8571064762186494e-05,1.034138884677574,True,positive_GN_above_numerical_floor,4.269016260182792,0.0007858031071146243,-0.0036359662265083316,4.264594490849169,0.004421769333622956,0.004500454043962002,0.00435188552586451,-7.868471033904527e-05,6.988380775844669e-05,0.004500454043962002,0.004421769333622956,-0.017483727101849197,0.015804489670470375,0.0029637166795201467,0.0014580526541028097,0.00018560253114841636,0.00016265048606219285,0.001484820249187331,0.0013012038884975428,-2.676759508452118e-05,0.001484820249187331,-0.0180274986815216
Muon,500,bank,bank1,,1,"2,3",2,"1,4,8",8.0,positive,8.0,4.268230457075678,-0.0009089915566270829,0.0005625567554952502,0.0005439856907330637,1.8571064762186494e-05,1.034138884677574,True,positive_GN_above_numerical_floor,4.278407749671198,0.010177292595519916,-0.007271932453016663,4.260958524622661,0.01744922504853658,0.018001816175848007,0.01740754210345804,-0.0005525911273114269,4.168294507854095e-05,0.018001816175848007,0.01744922504853658,-0.030696409846291305,0.0023888135411513182,0.011728456170917959,0.005720768877618621,0.00018560253114841636,0.00016265048606219285,0.005939280996749324,0.005204815553990171,-0.0002185121191307024,0.005939280996749324,-0.03679100538437195
Muon,500,bank,bank1,,1,"2,3",2,"1,4,8",16.0,positive,16.0,4.268230457075678,-0.0009089915566270829,0.0005625567554952502,0.0005439856907330637,1.8571064762186494e-05,1.034138884677574,True,positive_GN_above_numerical_floor,4.322185131660918,0.05395467458524017,-0.014543864906033327,4.253686592169644,0.06849853949127349,0.07200726470339203,0.06963016841383216,-0.0035087252121185353,-0.001131628922558664,0.07200726470339203,0.06963016841383216,-0.04872737808568988,-0.0162519917492238,0.04659926250097493,0.02189927699029856,0.00018560253114841636,0.00016265048606219285,0.023757123986997294,0.020819262215960685,-0.0018578469966987338,0.023757123986997294,-0.07820167953476048
Muon,500,all_contexts,all4,,,"0,1,2,3",4,"1,4,8",-16.0,negative,16.0,4.233304176830519,-0.0011796265257417076,0.0005807865142432684,0.0005753620315711906,5.424482672077837e-06,1.0094279468828777,True,positive_GN_above_numerical_floor,4.3321373866599515,0.09883320982943289,0.01887402441186732,4.252178201242386,0.07995918541756557,0.07434067382313836,0.0736463400411124,0.0056185115944272085,0.006312845376453172,0.07995918541756557,0.07995918541756557,0.0702672440331405,0.07895084652858851,0.05440738555835548,0.025551799859210085,0.00018750700678901125,0.0001756917886590574,0.02400089686899344,0.022488548948359346,0.0015509029902166446,0.025551799859210085,0.060696428383209385
Muon,500,all_contexts,all4,,,"0,1,2,3",4,"1,4,8",-8.0,negative,8.0,4.233304176830519,-0.0011796265257417076,0.0005807865142432684,0.0005753620315711906,5.424482672077837e-06,1.0094279468828777,True,positive_GN_above_numerical_floor,4.262043745939376,0.028739569108857665,0.00943701220593366,4.242741189036452,0.019302556902924005,0.01858516845578459,0.0184115850102781,0.0007173884471394151,0.0008909718926459059,0.019302556902924005,0.019302556902924005,0.0371654621067711,0.04615823163359974,0.01307520618571852,0.0062273507172054855,0.00018750700678901125,0.0001756917886590574,0.00600022421724836,0.005622137237089837,0.00022712649995712542,0.0062273507172054855,0.036472411828291584
Muon,500,all_contexts,all4,,,"0,1,2,3",4,"1,4,8",-4.0,negative,4.0,4.233304176830519,-0.0011796265257417076,0.0005807865142432684,0.0005753620315711906,5.424482672077837e-06,1.0094279468828777,True,positive_GN_above_numerical_floor,4.2427539051885965,0.009449728358077891,0.00471850610296683,4.238022682933486,0.004731222255111061,0.0046462921139461474,0.004602896252569525,8.493014116491351e-05,0.0001283260025415362,0.004731222255111061,0.004731222255111061,0.017950993757092026,0.02712322432177177,0.003201917391868295,0.0015293048632427659,0.00018750700678901125,0.0001756917886590574,0.00150005605431209,0.0014055343092724592,2.9248808930675864e-05,0.0015293048632427659,0.01912555804514749
Muon,500,all_contexts,all4,,,"0,1,2,3",4,"1,4,8",-2.0,negative,2.0,4.233304176830519,-0.0011796265257417076,0.0005807865142432684,0.0005753620315711906,5.424482672077837e-06,1.0094279468828777,True,positive_GN_above_numerical_floor,4.2368349937481335,0.0035308169176149207,0.002359253051483415,4.235663429882002,0.0011715638661315055,0.0011615730284865369,0.0011507240631423812,9.990837644968664e-06,2.083980298912434e-05,0.0011715638661315055,0.0011715638661315055,0.008527778923361925,0.017788021286400033,0.0007929587090244232,0.0003786051571070823,0.00018750700678901125,0.0001756917886590574,0.0003750140135780225,0.0003513835773181148,3.5911435290597853e-06,0.0003786051571070823,0.009485194434485976
Muon,500,all_contexts,all4,,,"0,1,2,3",4,"1,4,8",-1.0,negative,1.0,4.233304176830519,-0.0011796265257417076,0.0005807865142432684,0.0005753620315711906,5.424482672077837e-06,1.0094279468828777,True,positive_GN_above_numerical_floor,4.234775403038286,0.0014712262077676286,0.0011796265257417076,4.234483803356261,0.000291599682025921,0.0002903932571216342,0.0002876810157855953,1.2064249042867924e-06,3.918666240325711e-06,0.000291599682025921,0.000291599682025921,0.004137264128359202,0.013438513420523454,0.00019740234368399246,9.419733834192855e-05,0.00018750700678901125,0.0001756917886590574,9.375350339450563e-05,8.78458943295287e-05,4.4383494742292326e-07,9.419733834192855e-05,0.0047117567782206235
Muon,500,all_contexts,all4,,,"0,1,2,3",4,"1,4,8",-0.5,negative,0.5,4.233304176830519,-0.0011796265257417076,0.0005807865142432684,0.0005753620315711906,5.424482672077837e-06,1.0094279468828777,True,positive_GN_above_numerical_floor,4.233966736581367,0.0006625597508485015,0.0005898132628708538,4.23389399009339,7.274648797764771e-05,7.259831428040855e-05,7.192025394639882e-05,1.4817369723915414e-07,8.262340312488838e-07,7.274648797764771e-05,7.274648797764771e-05,0.002036850181477935,0.011357717110725054,4.925292854466201e-05,2.3493559432985695e-05,0.00018750700678901125,0.0001756917886590574,2.3438375848626407e-05,2.1961473582382174e-05,5.518358435928816e-08,2.3493559432985695e-05,0.0023488813824357616
Muon,500,all_contexts,all4,,,"0,1,2,3",4,"1,4,8",-0.25,negative,0.25,4.233304176830519,-0.0011796265257417076,0.0005807865142432684,0.0005753620315711906,5.424482672077837e-06,1.0094279468828777,True,positive_GN_above_numerical_floor,4.233617251400034,0.00031307456951523704,0.0002949066314354269,4.233599083461954,1.816793807981015e-05,1.814957857010214e-05,1.7980063486599706e-05,1.8359509708012903e-08,1.8787459321044532e-07,1.816793807981015e-05,1.816793807981015e-05,0.0010105444892734218,0.010340997001703153,1.2301463499913624e-05,5.8664745798965275e-06,0.00018750700678901125,0.0001756917886590574,5.859593962156602e-06,5.4903683955955436e-06,6.880617739925824e-09,5.8664745798965275e-06,0.0011728709715208864
Muon,500,all_contexts,all4,,,"0,1,2,3",4,"1,4,8",0.0,zero,0.0,4.233304176830519,-0.0011796265257417076,0.0005807865142432684,0.0005753620315711906,5.424482672077837e-06,1.0094279468828777,True,positive_GN_above_numerical_floor,4.233304176830519,0.0,-0.0,4.233304176830519,0.0,0.0,0.0,0.0,0.0,1e-10,1e-10,0.0,0.0,0.0,0.0,0.00018750700678901125,0.0001756917886590574,0.0,0.0,0.0,1e-10,0.0
Muon,500,all_contexts,all4,,,"0,1,2,3",4,"1,4,8",0.25,positive,0.25,4.233304176830519,-0.0011796265257417076,0.0005807865142432684,0.0005753620315711906,5.424482672077837e-06,1.0094279468828777,True,positive_GN_above_numerical_floor,4.23302740173675,-0.0002767750937682223,-0.0002949066314354269,4.233009270199084,1.8131537667204602e-05,1.814957857010214e-05,1.7980063486599706e-05,-1.804090289753645e-08,1.5147418060489597e-07,1.814957857010214e-05,1.8131537667204602e-05,-0.000994012220606339,0.008354182826913501,1.2278792466719423e-05,5.852745200485179e-06,0.00018750700678901125,0.0001756917886590574,5.859593962156602e-06,5.4903683955955436e-06,-6.84876167142252e-09,5.859593962156602e-06,-0.0011688116473008753
Muon,500,all_contexts,all4,,,"0,1,2,3",4,"1,4,8",0.5,positive,0.5,4.233304176830519,-0.0011796265257417076,0.0005807865142432684,0.0005753620315711906,5.424482672077837e-06,1.0094279468828777,True,positive_GN_above_numerical_floor,4.2327868188020625,-0.0005173580284560941,-0.0005898132628708538,4.232714363567648,7.245523441475965e-05,7.259831428040855e-05,7.192025394639882e-05,-1.4307986564889973e-07,5.349804683608299e-07,7.259831428040855e-05,7.245523441475965e-05,-0.0019708428090528182,0.007383599993596192,4.9071533544021604e-05,2.338370087073805e-05,0.00018750700678901125,0.0001756917886590574,2.3438375848626407e-05,2.1961473582382174e-05,-5.4674977888356986e-08,2.3438375848626407e-05,-0.0023327118841965826
Muon,500,all_contexts,all4,,,"0,1,2,3",4,"1,4,8",1.0,positive,1.0,4.233304176830519,-0.0011796265257417076,0.0005807865142432684,0.0005753620315711906,5.424482672077837e-06,1.0094279468828777,True,positive_GN_above_numerical_floor,4.232413818388501,-0.0008903584420174582,-0.0011796265257417076,4.232124550304777,0.0002892680837242494,0.0002903932571216342,0.0002876810157855953,-1.1251733973848162e-06,1.5870679386541025e-06,0.0002903932571216342,0.0002892680837242494,-0.0038746540072503327,0.005486495150868448,0.00019595035009050332,9.331773363374608e-05,0.00018750700678901125,0.0001756917886590574,9.375350339450563e-05,8.78458943295287e-05,-4.3576976075954685e-07,9.375350339450563e-05,-0.004648037086420868
Muon,500,all_contexts,all4,,,"0,1,2,3",4,"1,4,8",2.0,positive,2.0,4.233304176830519,-0.0011796265257417076,0.0005807865142432684,0.0005753620315711906,5.424482672077837e-06,1.0094279468828777,True,positive_GN_above_numerical_floor,4.232097789462802,-0.0012063873677163883,-0.002359253051483415,4.2309449237790355,0.0011528656837670268,0.0011615730284865369,0.0011507240631423812,-8.70734471951004e-06,2.141620624645634e-06,0.0011615730284865369,0.0011528656837670268,-0.0074961664105228165,0.001857649728672483,0.0007813187713766418,0.000371546912390385,0.00018750700678901125,0.0001756917886590574,0.0003750140135780225,0.0003513835773181148,-3.4671011876375325e-06,0.0003750140135780225,-0.009245257675994005
Muon,500,all_contexts,all4,,,"0,1,2,3",4,"1,4,8",4.0,positive,4.0,4.233304176830519,-0.0011796265257417076,0.0005807865142432684,0.0005753620315711906,5.424482672077837e-06,1.0094279468828777,True,positive_GN_above_numerical_floor,4.23316641807485,-0.0001377587556685711,-0.00471850610296683,4.2285856707275515,0.004580747347298259,0.0046462921139461474,0.004602896252569525,-6.554476664788825e-05,-2.2148905271265548e-05,0.0046462921139461474,0.004602896252569525,-0.014106897508908528,-0.004811949706426932,0.00310833917692018,0.0014724081703780794,0.00018750700678901125,0.0001756917886590574,0.00150005605431209,0.0014055343092724592,-2.7647883934010624e-05,0.00150005605431209,-0.01843123385591724
Muon,500,all_contexts,all4,,,"0,1,2,3",4,"1,4,8",8.0,positive,8.0,4.233304176830519,-0.0011796265257417076,0.0005807865142432684,0.0005753620315711906,5.424482672077837e-06,1.0094279468828777,True,positive_GN_above_numerical_floor,4.241976994178812,0.008672817348293727,-0.00943701220593366,4.223867164624585,0.018109829554227387,0.01858516845578459,0.0184115850102781,-0.00047533890155720265,-0.00030175545605071186,0.01858516845578459,0.0184115850102781,-0.02557624929190537,-0.01638943392881491,0.012334560631425278,0.005775268922802109,0.00018750700678901125,0.0001756917886590574,0.00600022421724836,0.005622137237089837,-0.000224955294446251,0.00600022421724836,-0.03749114804736633
Muon,500,all_contexts,all4,,,"0,1,2,3",4,"1,4,8",16.0,positive,16.0,4.233304176830519,-0.0011796265257417076,0.0005807865142432684,0.0005753620315711906,5.424482672077837e-06,1.0094279468828777,True,positive_GN_above_numerical_floor,4.285436771649072,0.05213259481855381,-0.01887402441186732,4.214430152418651,0.07100661923042113,0.07434067382313836,0.0736463400411124,-0.0033340545927172255,-0.0026397208106912623,0.07434067382313836,0.0736463400411124,-0.04484832355231503,-0.03584320428167458,0.0489343510762675,0.022072268154153633,0.00018750700678901125,0.0001756917886590574,0.02400089686899344,0.022488548948359346,-0.001928628714839807,0.02400089686899344,-0.08035652689843381
Muon,1300,context,context0,0,0,0,1,"1,4,8",-16.0,negative,16.0,4.068339644333568,-9.328270406912953e-05,0.00033117116627017266,0.00041637975318127205,-8.520858691109939e-05,0.7953584768229506,True,positive_GN_above_numerical_floor,4.114346084790064,0.04600644045649638,0.0014925232651060725,4.0698321675986735,0.044513917191390306,0.0423899092825821,0.05329660840720282,0.0021240079088082064,-0.008782691215812516,0.044513917191390306,0.05329660840720282,0.0477155919501738,-0.16478893269736786,0.03011206174711545,0.014401855444274858,0.00010706200480924886,0.00012113845314605764,0.013703936615583855,0.015505722002695378,0.0006979188286910035,0.014401855444274858,0.048460341196414784
Muon,1300,context,context0,0,0,0,1,"1,4,8",-8.0,negative,8.0,4.068339644333568,-9.328270406912953e-05,0.00033117116627017266,0.00041637975318127205,-8.520858691109939e-05,0.7953584768229506,True,positive_GN_above_numerical_floor,4.079973677471585,0.011634033138017585,0.0007462616325530362,4.069085905966121,0.01088777150546455,0.010597477320645525,0.013324152101800706,0.00029029418481902464,-0.002436380596336156,0.01088777150546455,0.013324152101800706,0.026662406046391276,-0.18285445690813518,0.007357540368532256,0.0035302311369322936,0.00010706200480924886,0.00012113845314605764,0.0034259841538959637,0.0038764305006738446,0.00010424698303632997,0.0035302311369322936,0.029529789691594723
Muon,1300,context,context0,0,0,0,1,"1,4,8",-4.0,negative,4.0,4.068339644333568,-9.328270406912953e-05,0.00033117116627017266,0.00041637975318127205,-8.520858691109939e-05,0.7953584768229506,True,positive_GN_above_numerical_floor,4.071401318350258,0.003061674016690219,0.0003731308162765181,4.068712775149844,0.002688543200413701,0.0026493693301613813,0.0033310380254501764,3.9173870252319845e-05,-0.0006424948250364753,0.002688543200413701,0.0033310380254501764,0.014570667953667973,-0.19288126407672718,0.0018168266642321347,0.0008717165361815664,0.00010706200480924886,0.00012113845314605764,0.0008564960384739909,0.0009691076251684611,1.522049770757549e-05,0.0008717165361815664,0.0174603751057044
Muon,1300,context,context0,0,0,0,1,"1,4,8",-2.0,negative,2.0,4.068339644333568,-9.328270406912953e-05,0.00033117116627017266,0.00041637975318127205,-8.520858691109939e-05,0.7953584768229506,True,positive_GN_above_numerical_floor,4.0691936575007155,0.0008540131671477269,0.00018656540813825906,4.068526209741706,0.0006674477590094678,0.0006623423325403453,0.0008327595063625441,5.105426469122535e-06,-0.00016531174735307625,0.0006674477590094678,0.0008327595063625441,0.007649177632567516,-0.19851078983793352,0.00045125206624703463,0.00021619569276243322,0.00010706200480924886,0.00012113845314605764,0.00021412400961849773,0.00024227690629211528,2.0716831439354915e-06,0.00021619569276243322,0.009582444115627973
Muon,1300,context,context0,0,0,0,1,"1,4,8",-1.0,negative,1.0,4.068339644333568,-9.328270406912953e-05,0.00033117116627017266,0.00041637975318127205,-8.520858691109939e-05,0.7953584768229506,True,positive_GN_above_numerical_floor,4.068599164156868,0.0002595198233006357,9.328270406912953e-05,4.0684329270376365,0.0001662371192315062,0.00016558558313508633,0.00020818987659063602,6.51536096419865e-07,-4.195275735912983e-05,0.0001662371192315062,0.00020818987659063602,0.003919317775908512,-0.20151199494498756,0.00011243597872171568,5.380114050979051e-05,0.00010706200480924886,0.00012113845314605764,5.353100240462443e-05,6.056922657302882e-05,2.7013810516607925e-07,5.380114050979051e-05,0.00502104792958656
Muon,1300,context,context0,0,0,0,1,"1,4,8",-0.5,negative,0.5,4.068339644333568,-9.328270406912953e-05,0.00033117116627017266,0.00041637975318127205,-8.520858691109939e-05,0.7953584768229506,True,positive_GN_above_numerical_floor,4.068427764357356,8.812002378810746e-05,4.6641352034564764e-05,4.068386285685603,4.1478671753542696e-05,4.139639578377158e-05,5.2047469147659006e-05,8.227596977111382e-08,-1.056879739411631e-05,4.1478671753542696e-05,5.2047469147659006e-05,0.0019835729133271156,-0.20306073603949049,2.8061444671285214e-05,1.3417227082257482e-05,0.00010706200480924886,0.00012113845314605764,1.3382750601156108e-05,1.5142306643257205e-05,3.447648110137372e-08,1.3417227082257482e-05,0.0025695682789005137
Muon,1300,context,context0,0,0,0,1,"1,4,8",-0.25,negative,0.25,4.068339644333568,-9.328270406912953e-05,0.00033117116627017266,0.00041637975318127205,-8.520858691109939e-05,0.7953584768229506,True,positive_GN_above_numerical_floor,4.068373324444955,3.368011138693561e-05,2.3320676017282382e-05,4.068362965009585,1.0359435369653225e-05,1.0349098945942896e-05,1.3011867286914752e-05,1.0336423710329684e-08,-2.6524319172615264e-06,1.0359435369653225e-05,1.3011867286914752e-05,0.0009977786762982324,-0.20384713882909924,7.009393636745229e-06,3.350041732907996e-06,0.00010706200480924886,0.00012113845314605764,3.345687650289027e-06,3.7855766608143013e-06,4.354082618968896e-09,3.350041732907996e-06,0.0012997099636694212
Muon,1300,context,context0,0,0,0,1,"1,4,8",0.0,zero,0.0,4.068339644333568,-9.328270406912953e-05,0.00033117116627017266,0.00041637975318127205,-8.520858691109939e-05,0.7953584768229506,True,positive_GN_above_numerical_floor,4.068339644333568,0.0,-0.0,4.068339644333568,0.0,0.0,0.0,0.0,0.0,1e-10,1e-10,0.0,0.0,0.0,0.0,0.00010706200480924886,0.00012113845314605764,0.0,0.0,0.0,1e-10,0.0
Muon,1300,context,context0,0,0,0,1,"1,4,8",0.25,positive,0.25,4.068339644333568,-9.328270406912953e-05,0.00033117116627017266,0.00041637975318127205,-8.520858691109939e-05,0.7953584768229506,True,positive_GN_above_numerical_floor,4.0683266623168315,-1.298201673627375e-05,-2.3320676017282382e-05,4.068316323657551,1.0338659281008633e-05,1.0349098945942896e-05,1.3011867286914752e-05,-1.0439664934262761e-08,-2.673208005906119e-06,1.0349098945942896e-05,1.3011867286914752e-05,-0.0010087510988920799,-0.2054438419145577,6.997414962453221e-06,3.3412443185554117e-06,0.00010706200480924886,0.00012113845314605764,3.345687650289027e-06,3.7855766608143013e-06,-4.443331733615307e-09,3.345687650289027e-06,-0.0013280772738099018
Muon,1300,context,context0,0,0,0,1,"1,4,8",0.5,positive,0.5,4.068339644333568,-9.328270406912953e-05,0.00033117116627017266,0.00041637975318127205,-8.520858691109939e-05,0.7953584768229506,True,positive_GN_above_numerical_floor,4.068334315450198,-5.328883370125936e-06,-4.6641352034564764e-05,4.068293002981533,4.131246866443883e-05,4.139639578377158e-05,5.2047469147659006e-05,-8.392711933275432e-08,-1.0735000483220178e-05,4.139639578377158e-05,5.2047469147659006e-05,-0.0020274016069209543,-0.20625403423103844,2.7965621914854326e-05,1.3346846749584502e-05,0.00010706200480924886,0.00012113845314605764,1.3382750601156108e-05,1.5142306643257205e-05,-3.590385157160625e-08,1.3382750601156108e-05,-0.0026828454509571892
Muon,1300,context,context0,0,0,0,1,"1,4,8",1.0,positive,1.0,4.068339644333568,-9.328270406912953e-05,0.00033117116627017266,0.00041637975318127205,-8.520858691109939e-05,0.7953584768229506,True,positive_GN_above_numerical_floor,4.068411269302848,7.162496928003748e-05,-9.328270406912953e-05,4.068246361629499,0.000164907673349167,0.00016558558313508633,0.00020818987659063602,-6.77909785919324e-07,-4.328220324146902e-05,0.00016558558313508633,0.00020818987659063602,-0.004094014545736621,-0.20789773235023748,0.00011166960881455617,5.323806453461083e-05,0.00010706200480924886,0.00012113845314605764,5.353100240462443e-05,6.056922657302882e-05,-2.9293787001360137e-07,5.353100240462443e-05,-0.0054723030926896125
Muon,1300,context,context0,0,0,0,1,"1,4,8",2.0,positive,2.0,4.068339644333568,-9.328270406912953e-05,0.00033117116627017266,0.00041637975318127205,-8.520858691109939e-05,0.7953584768229506,True,positive_GN_above_numerical_floor,4.068809896692137,0.00047025235856956726,-0.00018656540813825906,4.068153078925429,0.0006568177667078263,0.0006623423325403453,0.0008327595063625441,-5.5245658325189925e-06,-0.00017594173965471778,0.0006623423325403453,0.0008327595063625441,-0.008340952346092834,-0.21127557033029062,0.00044512781582632687,0.00021168995088149945,0.00010706200480924886,0.00012113845314605764,0.00021412400961849773,0.00024227690629211528,-2.434058736998281e-06,0.00021412400961849773,-0.011367518950046823
Muon,1300,context,context0,0,0,0,1,"1,4,8",4.0,positive,4.0,4.068339644333568,-9.328270406912953e-05,0.00033117116627017266,0.00041637975318127205,-8.520858691109939e-05,0.7953584768229506,True,positive_GN_above_numerical_floor,4.070570179956602,0.00223053562303388,-0.0003731308162765181,4.067966513517291,0.002603666439310398,0.0026493693301613813,0.0033310380254501764,-4.5702890850983155e-05,-0.0007273715861397783,0.0026493693301613813,0.0033310380254501764,-0.01725047932377146,-0.21836183813647006,0.0017680384895565064,0.0008356279497538917,0.00010706200480924886,0.00012113845314605764,0.0008564960384739909,0.0009691076251684611,-2.086808872009925e-05,0.0008564960384739909,-0.02436448948121194
Muon,1300,context,context0,0,0,0,1,"1,4,8",8.0,positive,8.0,4.068339644333568,-9.328270406912953e-05,0.00033117116627017266,0.00041637975318127205,-8.520858691109939e-05,0.7953584768229506,True,positive_GN_above_numerical_floor,4.0778067110960965,0.00946706676252873,-0.0007462616325530362,4.0675933827010144,0.010213328395081767,0.010597477320645525,0.013324152101800706,-0.0003841489255637584,-0.003110823706718939,0.010597477320645525,0.013324152101800706,-0.03624909154703987,-0.23347254541611873,0.006973225106208403,0.003240103288873364,0.00010706200480924886,0.00012113845314605764,0.0034259841538959637,0.0038764305006738446,-0.0001858808650225998,0.0034259841538959637,-0.05425619520487847
Muon,1300,context,context0,0,0,0,1,"1,4,8",16.0,positive,16.0,4.068339644333568,-9.328270406912953e-05,0.00033117116627017266,0.00041637975318127205,-8.520858691109939e-05,0.7953584768229506,True,positive_GN_above_numerical_floor,4.106168793770041,0.03782914943647331,-0.0014925232651060725,4.066847121068462,0.03932167270157938,0.0423899092825821,0.05329660840720282,-0.00306823658100272,-0.013974935705623442,0.0423899092825821,0.05329660840720282,-0.07238129623135217,-0.26221060069808844,0.027233789437908107,0.012087883263671273,0.00010706200480924886,0.00012113845314605764,0.013703936615583855,0.015505722002695378,-0.0016160533519125816,0.013703936615583855,-0.11792621326596306
Muon,1300,context,context1,1,0,1,1,"1,4,8",-16.0,negative,16.0,3.797345955635008,-0.0013603061750241331,0.0003494153427047395,0.00033247593023535244,1.6939412469387037e-05,1.0509492896445045,True,positive_GN_above_numerical_floor,3.863699884235182,0.06635392860017397,0.02176489880038613,3.819110854435394,0.04458902979978784,0.04472516386620665,0.04255691907012511,-0.00013613406641881098,0.0020321107296627297,0.04472516386620665,0.04458902979978784,-0.0030437913391675882,0.045574230674837395,0.03133243802767773,0.01325659177211011,0.00010463115420498856,8.730723225841742e-05,0.013392787738238536,0.01117532572907743,-0.00013619596612842594,0.013392787738238536,-0.010169351503986346
Muon,1300,context,context1,1,0,1,1,"1,4,8",-8.0,negative,8.0,3.797345955635008,-0.0013603061750241331,0.0003494153427047395,0.00033247593023535244,1.6939412469387037e-05,1.0509492896445045,True,positive_GN_above_numerical_floor,3.819324757804454,0.02197880216944581,0.010882449400193065,3.808228405035201,0.011096352769252745,0.011181290966551663,0.010639229767531278,-8.49381972989182e-05,0.00045712300172146697,0.011181290966551663,0.011096352769252745,-0.00759645711331608,0.04119578849260492,0.007774137426396944,0.003322215342855801,0.00010463115420498856,8.730723225841742e-05,0.003348196934559634,0.0027938314322693576,-2.5981591703833073e-05,0.003348196934559634,-0.0077598756021949045
Muon,1300,context,context1,1,0,1,1,"1,4,8",-4.0,negative,4.0,3.797345955635008,-0.0013603061750241331,0.0003494153427047395,0.00033247593023535244,1.6939412469387037e-05,1.0509492896445045,True,positive_GN_above_numerical_floor,3.805567629510532,0.008221673875524083,0.0054412247000965325,3.8027871803351045,0.00278044917542755,0.002795322741637916,0.0026598074418828195,-1.4873566210365802e-05,0.00012064173354473049,0.002795322741637916,0.00278044917542755,-0.005320876186787167,0.04338929645285798,0.0019469700781429627,0.0008334790972845873,0.00010463115420498856,8.730723225841742e-05,0.0008370492336399085,0.0006984578580673394,-3.5701363553211803e-06,0.0008370492336399085,-0.004265145002040612
Muon,1300,context,context1,1,0,1,1,"1,4,8",-2.0,negative,2.0,3.797345955635008,-0.0013603061750241331,0.0003494153427047395,0.00033247593023535244,1.6939412469387037e-05,1.0509492896445045,True,positive_GN_above_numerical_floor,3.8007632761557386,0.0034173205207306268,0.0027206123500482663,3.800066567985056,0.0006967081706823605,0.000698830685409479,0.0006649518604707049,-2.1225147271184764e-06,3.17563102116556e-05,0.000698830685409479,0.0006967081706823605,-0.003037237447400856,0.04558050493444517,0.00048790612048834085,0.00020880205019401963,0.00010463115420498856,8.730723225841742e-05,0.00020926230840997713,0.00017461446451683485,-4.602582159574922e-07,0.00020926230840997713,-0.002199431992577351
Muon,1300,context,context1,1,0,1,1,"1,4,8",-1.0,negative,1.0,3.797345955635008,-0.0013603061750241331,0.0003494153427047395,0.00033247593023535244,1.6939412469387037e-05,1.0509492896445045,True,positive_GN_above_numerical_floor,3.798880687849679,0.0015347322146710418,0.0013603061750241331,3.798706261810032,0.00017442603964690868,0.00017470767135236974,0.00016623796511767622,-2.816317054610588e-07,8.18807452923246e-06,0.00017470767135236974,0.00017442603964690868,-0.0016120168237663292,0.04694295958222529,0.00012216874074189878,5.22572989050099e-05,0.00010463115420498856,8.730723225841742e-05,5.231557710249428e-05,4.365361612920871e-05,-5.827819748438208e-08,5.231557710249428e-05,-0.0011139740916975092
Muon,1300,context,context1,1,0,1,1,"1,4,8",-0.5,negative,0.5,3.797345955635008,-0.0013603061750241331,0.0003494153427047395,0.00033247593023535244,1.6939412469387037e-05,1.0509492896445045,True,positive_GN_above_numerical_floor,3.7980697494217344,0.0007237937867263788,0.0006801530875120666,3.79802610872252,4.364069921431227e-05,4.3676917838092435e-05,4.1559491279419055e-05,-3.6218623780162314e-08,2.0812079348932173e-06,4.3676917838092435e-05,4.364069921431227e-05,-0.0008292394604038328,0.04768961021162261,3.056913358129721e-05,1.307156563301506e-05,0.00010463115420498856,8.730723225841742e-05,1.307889427562357e-05,1.0913404032302178e-05,-7.3286426085104254e-09,1.307889427562357e-05,-0.0005603411461295732
Muon,1300,context,context1,1,0,1,1,"1,4,8",-0.25,negative,0.25,3.797345955635008,-0.0013603061750241331,0.0003494153427047395,0.00033247593023535244,1.6939412469387037e-05,1.0509492896445045,True,positive_GN_above_numerical_floor,3.797696946817651,0.00035099118264314555,0.0003400765437560333,3.797686032178764,1.0914638887112266e-05,1.0919229459523109e-05,1.0389872819854764e-05,-4.5905724108431936e-09,5.247660672575017e-07,1.0919229459523109e-05,1.0914638887112266e-05,-0.0004204117541315671,0.04807910483205564,7.645834075838858e-06,3.2688048112734075e-06,0.00010463115420498856,8.730723225841742e-05,3.2697235689058926e-06,2.7283510080755445e-06,-9.187576324850357e-10,3.2697235689058926e-06,-0.00028098939042497354
Muon,1300,context,context1,1,0,1,1,"1,4,8",0.0,zero,0.0,3.797345955635008,-0.0013603061750241331,0.0003494153427047395,0.00033247593023535244,1.6939412469387037e-05,1.0509492896445045,True,positive_GN_above_numerical_floor,3.797345955635008,0.0,-0.0,3.797345955635008,0.0,0.0,0.0,0.0,0.0,1e-10,1e-10,0.0,0.0,0.0,0.0,0.00010463115420498856,8.730723225841742e-05,0.0,0.0,0.0,1e-10,0.0
Muon,1300,context,context1,1,0,1,1,"1,4,8",0.25,positive,0.25,3.797345955635008,-0.0013603061750241331,0.0003494153427047395,0.00033247593023535244,1.6939412469387037e-05,1.0509492896445045,True,positive_GN_above_numerical_floor,3.7970168030374145,-0.00032915259759347393,-0.0003400765437560333,3.7970058790912518,1.0923946162559356e-05,1.0919229459523109e-05,1.0389872819854764e-05,4.716703036247355e-09,5.340733427045923e-07,1.0923946162559356e-05,1.0923946162559356e-05,0.00043177648132442696,0.04889014782360159,7.653298583124685e-06,3.2706475794346706e-06,0.00010463115420498856,8.730723225841742e-05,3.2697235689058926e-06,2.7283510080755445e-06,9.240105287780244e-10,3.2706475794346706e-06,0.00028251607864695073
Muon,1300,context,context1,1,0,1,1,"1,4,8",0.5,positive,0.5,3.797345955635008,-0.0013603061750241331,0.0003494153427047395,0.00033247593023535244,1.6939412469387037e-05,1.0509492896445045,True,positive_GN_above_numerical_floor,3.79670951770202,-0.0006364379329881764,-0.0006801530875120666,3.796665802547496,4.3715154523890154e-05,4.3676917838092435e-05,4.1559491279419055e-05,3.8236685797719426e-08,2.155663244471099e-06,4.3715154523890154e-05,4.3715154523890154e-05,0.0008746780427557046,0.04931157782578666,3.0628847431264585e-05,1.308630709262557e-05,0.00010463115420498856,8.730723225841742e-05,1.307889427562357e-05,1.0913404032302178e-05,7.412817001999355e-09,1.308630709262557e-05,0.0005664559871269293
Muon,1300,context,context1,1,0,1,1,"1,4,8",1.0,positive,1.0,3.797345955635008,-0.0013603061750241331,0.0003494153427047395,0.00033247593023535244,1.6939412469387037e-05,1.0509492896445045,True,positive_GN_above_numerical_floor,3.7961606710498157,-0.0011852845851922922,-0.0013603061750241331,3.795985649459984,0.00017502158983184095,0.00017470767135236974,0.00016623796511767622,3.1391847947121235e-07,8.78362471416473e-06,0.00017502158983184095,0.00017502158983184095,0.001793598605593871,0.050185949759706514,0.00012264638135716364,5.237520847467731e-05,0.00010463115420498856,8.730723225841742e-05,5.231557710249428e-05,4.365361612920871e-05,5.963137218303123e-08,5.237520847467731e-05,0.001138541953715796
Muon,1300,context,context1,1,0,1,1,"1,4,8",2.0,positive,2.0,3.797345955635008,-0.0013603061750241331,0.0003494153427047395,0.00033247593023535244,1.6939412469387037e-05,1.0509492896445045,True,positive_GN_above_numerical_floor,3.795326812933215,-0.00201914270179282,-0.0027206123500482663,3.79462534328496,0.0007014696482554464,0.000698830685409479,0.0006649518604707049,2.6389628459674635e-06,3.651778778474154e-05,0.0007014696482554464,0.0007014696482554464,0.0037620485113369607,0.05205897058491583,0.0004917250266649295,0.0002097446215905169,0.00010463115420498856,8.730723225841742e-05,0.00020926230840997713,0.00017461446451683485,4.823131805397696e-07,0.0002097446215905169,0.0022995258561689684
Muon,1300,context,context1,1,0,1,1,"1,4,8",4.0,positive,4.0,3.797345955635008,-0.0013603061750241331,0.0003494153427047395,0.00033247593023535244,1.6939412469387037e-05,1.0509492896445045,True,positive_GN_above_numerical_floor,3.794723181893804,-0.0026227737412041208,-0.0054412247000965325,3.7919047309349114,0.0028184509588924118,0.002795322741637916,0.0026598074418828195,2.312821725449594e-05,0.00015864351700959223,0.0028184509588924118,0.0028184509588924118,0.008206003081772554,0.05628748533270048,0.00197745363706977,0.0008409973218226419,0.00010463115420498856,8.730723225841742e-05,0.0008370492336399085,0.0006984578580673394,3.948088182733397e-06,0.0008409973218226419,0.004694531219406202
Muon,1300,context,context1,1,0,1,1,"1,4,8",8.0,positive,8.0,3.797345955635008,-0.0013603061750241331,0.0003494153427047395,0.00033247593023535244,1.6939412469387037e-05,1.0509492896445045,True,positive_GN_above_numerical_floor,3.7978613370977756,0.000515381462767639,-0.010882449400193065,3.786463506234815,0.011397830862960704,0.011181290966551663,0.010639229767531278,0.00021653989640904071,0.0007586010954294259,0.011397830862960704,0.011397830862960704,0.018998342668228738,0.06655661981216411,0.008016188443391513,0.003381642419569191,0.00010463115420498856,8.730723225841742e-05,0.003348196934559634,0.0027938314322693576,3.3445485009556825e-05,0.003381642419569191,0.009890307980527894
Muon,1300,context,context1,1,0,1,1,"1,4,8",16.0,positive,16.0,3.797345955635008,-0.0013603061750241331,0.0003494153427047395,0.00033247593023535244,1.6939412469387037e-05,1.0509492896445045,True,positive_GN_above_numerical_floor,3.822511266039266,0.02516531040425818,-0.02176489880038613,3.7755810568346218,0.04693020920464431,0.04472516386620665,0.04255691907012511,0.0022050453384376556,0.004373290134519196,0.04693020920464431,0.04693020920464431,0.046985627718434286,0.09318710077444971,0.0332259653507466,0.013704243853897707,0.00010463115420498856,8.730723225841742e-05,0.013392787738238536,0.01117532572907743,0.00031145611565917136,0.013704243853897707,0.022726982895199158
Muon,1300,context,context2,2,1,2,1,"1,4,8",-16.0,negative,16.0,3.742202295743369,-0.00012507899755792378,0.0003029524983787483,0.00031299213519437414,-1.003963681562583e-05,0.9679236770298045,True,positive_GN_above_numerical_floor,3.7841281413581136,0.04192584561474444,0.0020012639609267805,3.744203559704296,0.03992458165381766,0.038777919792479784,0.04006299330487989,0.0011466618613378762,-0.0001384116510622299,0.03992458165381766,0.04006299330487989,0.028720698222475433,-0.0034548504653388098,0.029938741072451425,0.009985840581366236,7.444027046297818e-05,7.940530084915912e-05,0.009528354619261208,0.010163878508692367,0.0004574859621050281,0.009985840581366236,0.04581346541408897
Muon,1300,context,context2,2,1,2,1,"1,4,8",-8.0,negative,8.0,3.742202295743369,-0.00012507899755792378,0.0003029524983787483,0.00031299213519437414,-1.003963681562583e-05,0.9679236770298045,True,positive_GN_above_numerical_floor,3.752988180932076,0.010785885188707045,0.0010006319804633903,3.7432029277238326,0.009785253208243656,0.009694479948119946,0.010015748326219973,9.077326012370962e-05,-0.00023049511797631692,0.009785253208243656,0.010015748326219973,0.00927653666102754,-0.023013269749691055,0.00735102516003572,0.002434228048207936,7.444027046297818e-05,7.940530084915912e-05,0.002382088654815302,0.002540969627173092,5.21393933926341e-05,0.002434228048207936,0.021419272294976144
Muon,1300,context,context2,2,1,2,1,"1,4,8",-4.0,negative,4.0,3.742202295743369,-0.00012507899755792378,0.0003029524983787483,0.00031299213519437414,-1.003963681562583e-05,0.9679236770298045,True,positive_GN_above_numerical_floor,3.7451355930692842,0.002933297325915074,0.0005003159902316951,3.7427026117336006,0.002432981335683379,0.0024236199870299865,0.002503937081554993,9.361348653392446e-06,-7.095574587161419e-05,0.002432981335683379,0.002503937081554993,0.0038476861766648194,-0.02833767125951476,0.0018311216634729905,0.0006018596722103884,7.444027046297818e-05,7.940530084915912e-05,0.0005955221637038255,0.000635242406793273,6.337508506562952e-06,0.0006018596722103884,0.01052987731058277
Muon,1300,context,context2,2,1,2,1,"1,4,8",-2.0,negative,2.0,3.742202295743369,-0.00012507899755792378,0.0003029524983787483,0.00031299213519437414,-1.003963681562583e-05,0.9679236770298045,True,positive_GN_above_numerical_floor,3.743059444250865,0.0008571485074959639,0.00025015799511584756,3.742452453738485,0.0006069905123801164,0.0006059049967574966,0.0006259842703887483,1.0855156226197496e-06,-1.899375800863191e-05,0.0006069905123801164,0.0006259842703887483,0.0017883568202133049,-0.030342228881943663,0.0004573245495845815,0.00014966596279553486,7.444027046297818e-05,7.940530084915912e-05,0.00014888054092595637,0.00015881060169831824,7.854218695784961e-07,0.00014966596279553486,0.005247832272000915
Muon,1300,context,context2,2,1,2,1,"1,4,8",-1.0,negative,1.0,3.742202295743369,-0.00012507899755792378,0.0003029524983787483,0.00031299213519437414,-1.003963681562583e-05,0.9679236770298045,True,positive_GN_above_numerical_floor,3.7424789824206703,0.00027668667730118557,0.00012507899755792378,3.742327374740927,0.0001516076797432618,0.00015147624918937416,0.00015649606759718707,1.3143055388762986e-07,-4.888387853925285e-06,0.0001516076797432618,0.00015649606759718707,0.0008669122442227159,-0.031236490021639054,0.00011428967825427585,3.7318001488985934e-05,7.444027046297818e-05,7.940530084915912e-05,3.722013523148909e-05,3.970265042457956e-05,9.786625749684183e-08,3.7318001488985934e-05,0.00262249460292578
Muon,1300,context,context2,2,1,2,1,"1,4,8",-0.5,negative,0.5,3.742202295743369,-0.00012507899755792378,0.0003029524983787483,0.00031299213519437414,-1.003963681562583e-05,0.9679236770298045,True,positive_GN_above_numerical_floor,3.7423027204949317,0.0001004247515625778,6.253949877896189e-05,3.742264835242148,3.7885252783615906e-05,3.786906229734354e-05,3.912401689929677e-05,1.619048627236636e-08,-1.2387641156808623e-06,3.7885252783615906e-05,3.912401689929677e-05,0.00042735589926875715,-0.03166249822632932,2.8568002450574183e-05,9.317250333041723e-06,7.444027046297818e-05,7.940530084915912e-05,9.305033807872273e-06,9.92566260614489e-06,1.221652516944998e-08,9.317250333041723e-06,0.0013111727959188315
Muon,1300,context,context2,2,1,2,1,"1,4,8",-0.25,negative,0.25,3.742202295743369,-0.00012507899755792378,0.0003029524983787483,0.00031299213519437414,-1.003963681562583e-05,0.9679236770298045,True,positive_GN_above_numerical_floor,3.7422430347680415,4.07390246723871e-05,3.1269749389480945e-05,3.7422335654927585,9.469275282906158e-06,9.467265574335885e-06,9.781004224824192e-06,2.009708570272769e-09,-3.117289419180344e-07,9.469275282906158e-06,9.781004224824192e-06,0.000212234675857473,-0.03187085239436522,7.141490742226842e-06,2.3277845406793156e-06,7.444027046297818e-05,7.940530084915912e-05,2.3262584519680683e-06,2.4814156515362225e-06,1.5260887112473039e-09,2.3277845406793156e-06,0.0006555970643236365
Muon,1300,context,context2,2,1,2,1,"1,4,8",0.0,zero,0.0,3.742202295743369,-0.00012507899755792378,0.0003029524983787483,0.00031299213519437414,-1.003963681562583e-05,0.9679236770298045,True,positive_GN_above_numerical_floor,3.742202295743369,0.0,-0.0,3.742202295743369,0.0,0.0,0.0,0.0,0.0,1e-10,1e-10,0.0,0.0,0.0,0.0,7.444027046297818e-05,7.940530084915912e-05,0.0,0.0,0.0,1e-10,0.0
Muon,1300,context,context2,2,1,2,1,"1,4,8",0.25,positive,0.25,3.742202295743369,-0.00012507899755792378,0.0003029524983787483,0.00031299213519437414,-1.003963681562583e-05,0.9679236770298045,True,positive_GN_above_numerical_floor,3.7421804912765757,-2.1804466793451383e-05,-3.1269749389480945e-05,3.7421710259939798,9.465282596029563e-06,9.467265574335885e-06,9.781004224824192e-06,-1.9829783063218668e-09,-3.1572162879462903e-07,9.467265574335885e-06,9.781004224824192e-06,-0.00020945628817019532,-0.03227906067081818,7.1405483979963485e-06,2.3247341980332144e-06,7.444027046297818e-05,7.940530084915912e-05,2.3262584519680683e-06,2.4814156515362225e-06,-1.5242539348538515e-09,2.3262584519680683e-06,-0.0006552384295753111
Muon,1300,context,context2,2,1,2,1,"1,4,8",0.5,positive,0.5,3.742202295743369,-0.00012507899755792378,0.0003029524983787483,0.00031299213519437414,-1.003963681562583e-05,0.9679236770298045,True,positive_GN_above_numerical_floor,3.7421776095444645,-2.468619890461099e-05,-6.253949877896189e-05,3.7421397562445904,3.78532998743509e-05,3.786906229734354e-05,3.912401689929677e-05,-1.5762422992638097e-08,-1.2707170249458668e-06,3.786906229734354e-05,3.912401689929677e-05,-0.0004162348375270916,-0.0324792065246426,2.8560453154219333e-05,9.292846720131568e-06,7.444027046297818e-05,7.940530084915912e-05,9.305033807872273e-06,9.92566260614489e-06,-1.2187087740704822e-08,9.305033807872273e-06,-0.0013097306245565992
Muon,1300,context,context2,2,1,2,1,"1,4,8",1.0,positive,1.0,3.742202295743369,-0.00012507899755792378,0.0003029524983787483,0.00031299213519437414,-1.003963681562583e-05,0.9679236770298045,True,positive_GN_above_numerical_floor,3.7422285684374144,2.6272694045204048e-05,-0.00012507899755792378,3.742077216745811,0.00015135169160312783,0.00015147624918937416,0.00015649606759718707,-1.2455758624632706e-07,-5.144375994059242e-06,0.00015147624918937416,0.00015649606759718707,-0.0008222911968899253,-0.0328722380890784,0.00011422894690354943,3.71227446995784e-05,7.444027046297818e-05,7.940530084915912e-05,3.722013523148909e-05,3.970265042457956e-05,-9.739053191069316e-08,3.722013523148909e-05,-0.0026166087604189716
Muon,1300,context,context2,2,1,2,1,"1,4,8",2.0,positive,2.0,3.742202295743369,-0.00012507899755792378,0.0003029524983787483,0.00031299213519437414,-1.003963681562583e-05,0.9679236770298045,True,positive_GN_above_numerical_floor,3.7425570687214575,0.00035477297808839126,-0.00025015799511584756,3.741952137748253,0.0006049309732042388,0.0006059049967574966,0.0006259842703887483,-9.740235532578086e-07,-2.1053297184509467e-05,0.0006059049967574966,0.0006259842703887483,-0.001607551610351953,-0.03363231023590252,0.0004568279428379671,0.00014810303036627174,7.444027046297818e-05,7.940530084915912e-05,0.00014888054092595637,0.00015881060169831824,-7.775105596846276e-07,0.00014888054092595637,-0.005222378659084208
Muon,1300,context,context2,2,1,2,1,"1,4,8",4.0,positive,4.0,3.742202295743369,-0.00012507899755792378,0.0003029524983787483,0.00031299213519437414,-1.003963681562583e-05,0.9679236770298045,True,positive_GN_above_numerical_floor,3.7441181177556,0.001915822012231061,-0.0005003159902316951,3.7417019797531377,0.002416138002462756,0.0024236199870299865,0.002503937081554993,-7.481984567230416e-06,-8.779907909223705e-05,0.0024236199870299865,0.002503937081554993,-0.0030871112663166216,-0.035064411058488794,0.0018268080948760084,0.0005893299075867477,7.444027046297818e-05,7.940530084915912e-05,0.0005955221637038255,0.000635242406793273,-6.192256117077766e-06,0.0005955221637038255,-0.010398027973577481
Muon,1300,context,context2,2,1,2,1,"1,4,8",8.0,positive,8.0,3.742202295743369,-0.00012507899755792378,0.0003029524983787483,0.00031299213519437414,-1.003963681562583e-05,0.9679236770298045,True,positive_GN_above_numerical_floor,3.75084106786484,0.008638772121470684,-0.0010006319804633903,3.7412016637629057,0.009639404101934073,0.009694479948119946,0.010015748326219973,-5.507584618587302e-05,-0.00037634422428589956,0.009694479948119946,0.010015748326219973,-0.0056811553049376205,-0.03757524770272807,0.007306045656693792,0.002333358445240281,7.444027046297818e-05,7.940530084915912e-05,0.002382088654815302,0.002540969627173092,-4.873020957502083e-05,0.002382088654815302,-0.020456925260323357
Muon,1300,context,context2,2,1,2,1,"1,4,8",16.0,positive,16.0,3.742202295743369,-0.00012507899755792378,0.0003029524983787483,0.00031299213519437414,-1.003963681562583e-05,0.9679236770298045,True,positive_GN_above_numerical_floor,3.7786734775646136,0.036471181821244425,-0.0020012639609267805,3.7402010317824423,0.038472445782171204,0.038777919792479784,0.04006299330487989,-0.0003054740103085804,-0.0015905475227086865,0.038777919792479784,0.04006299330487989,-0.007877524424809943,-0.039701165377349606,0.02929432445766844,0.009178121324502762,7.444027046297818e-05,7.940530084915912e-05,0.009528354619261208,0.010163878508692367,-0.0003502332947584452,0.009528354619261208,-0.03675695424375389
Muon,1300,context,context3,3,1,3,1,"1,4,8",-16.0,negative,16.0,4.346717274592391,-0.00174503239959892,0.0002871399859583287,0.0002885064867268909,-1.3665007685621832e-06,0.9952635353746629,True,positive_GN_above_numerical_floor,4.412545586158316,0.06582831156592484,0.02792051839358272,4.3746377929859745,0.037907793172342115,0.036753918202666075,0.036928830301042034,0.00115387496967604,0.0009789628713000806,0.037907793172342115,0.037907793172342115,0.030438990854205625,0.02582484469220807,0.028064490360087704,0.009843302812254411,7.383087203360916e-05,7.265681623063225e-05,0.009450351620301972,0.009300072477520929,0.0003929511919524391,0.009843302812254411,0.039920664785729726
Muon,1300,context,context3,3,1,3,1,"1,4,8",-8.0,negative,8.0,4.346717274592391,-0.00174503239959892,0.0002871399859583287,0.0002885064867268909,-1.3665007685621832e-06,0.9952635353746629,True,positive_GN_above_numerical_floor,4.369961801585149,0.02324452699275792,0.01396025919679136,4.3606775337891825,0.009284267795966559,0.009188479550666519,0.009232207575260509,9.578824530004013e-05,5.2060220706050264e-05,0.009284267795966559,0.009284267795966559,0.010317264366464548,0.005607358797714475,0.00687712153938745,0.0024071462565791084,7.383087203360916e-05,7.265681623063225e-05,0.002362587905075493,0.002325018119380232,4.4558351503615375e-05,0.0024071462565791084,0.018510861723433053
Muon,1300,context,context3,3,1,3,1,"1,4,8",-4.0,negative,4.0,4.346717274592391,-0.00174503239959892,0.0002871399859583287,0.0002885064867268909,-1.3665007685621832e-06,0.9952635353746629,True,positive_GN_above_numerical_floor,4.356002950544647,0.009285675952255268,0.00698012959839568,4.353697404190787,0.002305546353859588,0.0022971198876666297,0.002308051893815127,8.426466192958115e-06,-2.50553995553935e-06,0.002305546353859588,0.002308051893815127,0.0036548673935147013,-0.0010855648273132119,0.0017101631211867622,0.0005953832326728256,7.383087203360916e-05,7.265681623063225e-05,0.0005906469762688733,0.000581254529845058,4.7362564039523e-06,0.0005953832326728256,0.007954971090956072
Muon,1300,context,context3,3,1,3,1,"1,4,8",-2.0,negative,2.0,4.346717274592391,-0.00174503239959892,0.0002871399859583287,0.0002885064867268909,-1.3665007685621832e-06,0.9952635353746629,True,positive_GN_above_numerical_floor,4.350782441193951,0.004065166601559866,0.00349006479919784,4.35020733939159,0.0005751018023620264,0.0005742799719166574,0.0005770129734537818,8.21830445368963e-07,-1.9111710917554033e-06,0.0005751018023620264,0.0005770129734537818,0.0014290173357022816,-0.0033121804529209365,0.0004269151749238217,0.00014818662743820466,7.383087203360916e-05,7.265681623063225e-05,0.00014766174406721832,0.0001453136324612645,5.248833709863422e-07,0.00014818662743820466,0.0035420427609449707
Muon,1300,context,context3,3,1,3,1,"1,4,8",-1.0,negative,1.0,4.346717274592391,-0.00174503239959892,0.0002871399859583287,0.0002885064867268909,-1.3665007685621832e-06,0.9952635353746629,True,positive_GN_above_numerical_floor,4.348605965048078,0.0018886904556865147,0.00174503239959892,4.3484623069919905,0.0001436580560875947,0.00014356999297916436,0.00014425324336344545,8.806310843034997e-08,-5.951872758507416e-07,0.0001436580560875947,0.00014425324336344545,0.0006130050122399956,-0.004125988864951686,0.0001066816006833597,3.6976455404235e-05,7.383087203360916e-05,7.265681623063225e-05,3.691543601680458e-05,3.632840811531613e-05,6.101938743042069e-08,3.6976455404235e-05,0.0016502227366940098
Muon,1300,context,context3,3,1,3,1,"1,4,8",-0.5,negative,0.5,4.346717274592391,-0.00174503239959892,0.0002871399859583287,0.0002885064867268909,-1.3665007685621832e-06,0.9952635353746629,True,positive_GN_above_numerical_floor,4.347625693376936,0.0009084187845447289,0.00087251619979946,4.347589790792191,3.59025847452689e-05,3.589249824479109e-05,3.606331084086136e-05,1.0086500477809448e-08,-1.6072609559246345e-07,3.59025847452689e-05,3.606331084086136e-05,0.00028094078878648446,-0.0044567759266948255,2.6666396292992147e-05,9.236188452276751e-06,7.383087203360916e-05,7.265681623063225e-05,9.228859004201145e-06,9.082102028829032e-06,7.32944807560617e-09,9.236188452276751e-06,0.0007935576578452595
Muon,1300,context,context3,3,1,3,1,"1,4,8",-0.25,negative,0.25,4.346717274592391,-0.00174503239959892,0.0002871399859583287,0.0002885064867268909,-1.3665007685621832e-06,0.9952635353746629,True,positive_GN_above_numerical_floor,4.347162507019949,0.00044523242755722947,0.00043625809989973,4.347153532692291,8.974327657499466e-06,8.973124561197772e-06,9.01582771021534e-06,1.2030963016939635e-09,-4.150005271587426e-08,8.974327657499466e-06,9.01582771021534e-06,0.00013405977000277973,-0.004603021935396217,6.666215672405486e-06,2.3081119850939806e-06,7.383087203360916e-05,7.265681623063225e-05,2.307214751050286e-06,2.270525507207258e-06,8.972340436943929e-10,2.3081119850939806e-06,0.00038873072428409917
Muon,1300,context,context3,3,1,3,1,"1,4,8",0.0,zero,0.0,4.346717274592391,-0.00174503239959892,0.0002871399859583287,0.0002885064867268909,-1.3665007685621832e-06,0.9952635353746629,True,positive_GN_above_numerical_floor,4.346717274592391,0.0,-0.0,4.346717274592391,0.0,0.0,0.0,0.0,0.0,1e-10,1e-10,0.0,0.0,0.0,0.0,7.383087203360916e-05,7.265681623063225e-05,0.0,0.0,0.0,1e-10,0.0
Muon,1300,context,context3,3,1,3,1,"1,4,8",0.25,positive,0.25,4.346717274592391,-0.00174503239959892,0.0002871399859583287,0.0002885064867268909,-1.3665007685621832e-06,0.9952635353746629,True,positive_GN_above_numerical_floor,4.34628998852963,-0.00042728606276121184,-0.00043625809989973,4.346281016492492,8.972037138518167e-06,8.973124561197772e-06,9.01582771021534e-06,-1.0874226796052226e-09,-4.379057169717345e-08,8.973124561197772e-06,9.01582771021534e-06,-0.00012118662481378378,-0.004857077253989309,6.665681093705643e-06,2.306356044812524e-06,7.383087203360916e-05,7.265681623063225e-05,2.307214751050286e-06,2.270525507207258e-06,-8.58706237762347e-10,2.307214751050286e-06,-0.00037218305637628585
Muon,1300,context,context3,3,1,3,1,"1,4,8",0.5,positive,0.5,4.346717274592391,-0.00174503239959892,0.0002871399859583287,0.0002885064867268909,-1.3665007685621832e-06,0.9952635353746629,True,positive_GN_above_numerical_floor,4.345880642655017,-0.0008366319373740438,-0.00087251619979946,4.345844758392592,3.5884262425416166e-05,3.589249824479109e-05,3.606331084086136e-05,-8.235819374922829e-09,-1.7904841544519573e-07,3.589249824479109e-05,3.606331084086136e-05,-0.0002294579585615235,-0.004964835764394815,2.6662116589985316e-05,9.22214583543085e-06,7.383087203360916e-05,7.265681623063225e-05,9.228859004201145e-06,9.082102028829032e-06,-6.713168770294928e-09,9.228859004201145e-06,-0.0007274104813215774
Muon,1300,context,context3,3,1,3,1,"1,4,8",1.0,positive,1.0,4.346717274592391,-0.00174503239959892,0.0002871399859583287,0.0002885064867268909,-1.3665007685621832e-06,0.9952635353746629,True,positive_GN_above_numerical_floor,4.345115753729079,-0.0016015208633124445,-0.00174503239959892,4.344972242192792,0.00014351153628647554,0.00014356999297916436,0.00014425324336344545,-5.8456692688811825e-08,-7.417070769699034e-07,0.00014356999297916436,0.00014425324336344545,-0.0004071651149087635,-0.005141701217082347,0.00010664726453571598,3.686427175075957e-05,7.383087203360916e-05,7.265681623063225e-05,3.691543601680458e-05,3.632840811531613e-05,-5.11642660450107e-08,3.691543601680458e-05,-0.001385985689610162
Muon,1300,context,context3,3,1,3,1,"1,4,8",2.0,positive,2.0,4.346717274592391,-0.00174503239959892,0.0002871399859583287,0.0002885064867268909,-1.3665007685621832e-06,0.9952635353746629,True,positive_GN_above_numerical_floor,4.343801141352294,-0.0029161332400970963,-0.00349006479919784,4.343227209793193,0.0005739315591007437,0.0005742799719166574,0.0005770129734537818,-3.4841281591367276e-07,-3.081414353038039e-06,0.0005742799719166574,0.0005770129734537818,-0.000606695049369119,-0.005340286085066435,0.0004266373538839888,0.00014729420521675496,7.383087203360916e-05,7.265681623063225e-05,0.00014766174406721832,0.0001453136324612645,-3.675388504633596e-07,0.00014766174406721832,-0.0024890593889778873
Muon,1300,context,context3,3,1,3,1,"1,4,8",4.0,positive,4.0,4.346717274592391,-0.00174503239959892,0.0002871399859583287,0.0002885064867268909,-1.3665007685621832e-06,0.9952635353746629,True,positive_GN_above_numerical_floor,4.342033394963638,-0.004683879628753829,-0.00698012959839568,4.339737144993996,0.0022962499696418514,0.0022971198876666297,0.002308051893815127,-8.699180247782878e-07,-1.1801924173275753e-05,0.0022971198876666297,0.002308051893815127,-0.00037869944422532246,-0.005113370373041134,0.0017078428873277336,0.0005884070823141178,7.383087203360916e-05,7.265681623063225e-05,0.0005906469762688733,0.000581254529845058,-2.239893954755507e-06,0.0005906469762688733,-0.0037922719403474378
Muon,1300,context,context3,3,1,3,1,"1,4,8",8.0,positive,8.0,4.346717274592391,-0.00174503239959892,0.0002871399859583287,0.0002885064867268909,-1.3665007685621832e-06,0.9952635353746629,True,positive_GN_above_numerical_floor,4.3419694627691,-0.004747811823291315,-0.01396025919679136,4.3327570153956,0.009212447373500045,0.009188479550666519,0.009232207575260509,2.3967822833526747e-05,-1.9760201760463114e-05,0.009212447373500045,0.009232207575260509,0.00260167812762449,-0.0021403550125339912,0.0068557401120987885,0.002356707261401257,7.383087203360916e-05,7.265681623063225e-05,0.002362587905075493,0.002325018119380232,-5.8806436742360815e-06,0.002362587905075493,-0.0024890687290842514
Muon,1300,context,context3,3,1,3,1,"1,4,8",16.0,positive,16.0,4.346717274592391,-0.00174503239959892,0.0002871399859583287,0.0002885064867268909,-1.3665007685621832e-06,0.9952635353746629,True,positive_GN_above_numerical_floor,4.356233857742343,0.009516583149951963,-0.02792051839358272,4.318796756198808,0.03743710154353468,0.036753918202666075,0.036928830301042034,0.000683183340868608,0.0005082712424926486,0.03743710154353468,0.03743710154353468,0.018248831044629644,0.013576671845217304,0.02783286914068531,0.009604232402849373,7.383087203360916e-05,7.265681623063225e-05,0.009450351620301972,0.009300072477520929,0.00015388078254740048,0.009604232402849373,0.01602218439671944
Muon,1300,bank,bank0,,0,"0,1",2,"1,4,8",-16.0,negative,16.0,3.9328427999842877,-0.0007267944395466313,0.00034029325448745604,0.00037442784170831225,-3.4134587220856205e-05,0.9088353391000026,True,positive_GN_above_numerical_floor,3.989022984512623,0.056180184528335175,0.011628711032746101,3.9444715110170336,0.04455147349558908,0.04355753657439437,0.04792676373866397,0.0009939369211947047,-0.0033752902430748896,0.04455147349558908,0.04792676373866397,0.022309855167710932,-0.07042599958302508,0.030722249887396812,0.013829223608192266,0.00010584657950711874,0.00010422284270223748,0.013548362176911199,0.013340523865886397,0.0002808614312810667,0.013829223608192266,0.02030926964798572
Muon,1300,bank,bank0,,0,"0,1",2,"1,4,8",-8.0,negative,8.0,3.9328427999842877,-0.0007267944395466313,0.00034029325448745604,0.00037442784170831225,-3.4134587220856205e-05,0.9088353391000026,True,positive_GN_above_numerical_floor,3.9496492176380196,0.01680641765373192,0.0058143555163730504,3.938657155500661,0.01099206213735887,0.010889384143598593,0.011981690934665992,0.00010267799376027613,-0.0009896287973071224,0.01099206213735887,0.011981690934665992,0.009341103832674221,-0.08259508634494,0.007565838897464599,0.00342622323989427,0.00010584657950711874,0.00010422284270223748,0.0033870905442277997,0.0033351309664715993,3.913269566647049e-05,0.00342622323989427,0.011421525372549306
Muon,1300,bank,bank0,,0,"0,1",2,"1,4,8",-4.0,negative,4.0,3.9328427999842877,-0.0007267944395466313,0.00034029325448745604,0.00037442784170831225,-3.4134587220856205e-05,0.9088353391000026,True,positive_GN_above_numerical_floor,3.9384844739303952,0.005641673946107595,0.0029071777581865252,3.935749977742474,0.0027344961879210697,0.0027223460358996483,0.002995422733666498,1.2150152021421327e-05,-0.0002609265457454283,0.0027344961879210697,0.002995422733666498,0.0044432872406593524,-0.08710842139668395,0.0018818983711875485,0.0008525978167335212,0.00010584657950711874,0.00010422284270223748,0.0008467726360569499,0.0008337827416178998,5.8251806765712445e-06,0.0008525978167335212,0.006832272570071453
Muon,1300,bank,bank0,,0,"0,1",2,"1,4,8",-2.0,negative,2.0,3.9328427999842877,-0.0007267944395466313,0.00034029325448745604,0.00037442784170831225,-3.4134587220856205e-05,0.9088353391000026,True,positive_GN_above_numerical_floor,3.934978466828227,0.002135666843939177,0.0014535888790932626,3.934296388863381,0.0006820779648459142,0.0006805865089749121,0.0007488556834166245,1.4914558710021376e-06,-6.677771857071027e-05,0.0006820779648459142,0.0007488556834166245,0.002186635469654949,-0.08917301430636083,0.00046957909336768763,0.0002124988714782266,0.00010584657950711874,0.00010422284270223748,0.00021169315901423748,0.00020844568540447496,8.057124639891081e-07,0.0002124988714782266,0.0037916082018895065
Muon,1300,bank,bank0,,0,"0,1",2,"1,4,8",-1.0,negative,1.0,3.9328427999842877,-0.0007267944395466313,0.00034029325448745604,0.00037442784170831225,-3.4134587220856205e-05,0.9088353391000026,True,positive_GN_above_numerical_floor,3.9337399260032737,0.0008971260189860608,0.0007267944395466313,3.9335695944238345,0.0001703315794394295,0.00017014662724372802,0.00018721392085415612,1.8495219570148838e-07,-1.6882341414726614e-05,0.0001703315794394295,0.00018721392085415612,0.0010858362043619633,-0.09017674186674579,0.00011730235973202922,5.302921970740029e-05,0.00010584657950711874,0.00010422284270223748,5.292328975355937e-05,5.211142135111874e-05,1.0592995384091635e-07,5.302921970740029e-05,0.001997577079681859
Muon,1300,bank,bank0,,0,"0,1",2,"1,4,8",-0.5,negative,0.5,3.9328427999842877,-0.0007267944395466313,0.00034029325448745604,0.00037442784170831225,-3.4134587220856205e-05,0.9088353391000026,True,positive_GN_above_numerical_floor,3.933248756889545,0.0004059569052574652,0.00036339721977331565,3.933206197204061,4.255968548414954e-05,4.2536656810932005e-05,4.680348021353903e-05,2.3028673217537297e-08,-4.243794729389488e-06,4.255968548414954e-05,4.680348021353903e-05,0.0005410912452845509,-0.09067263182197867,2.9315289126735276e-05,1.3244396357414267e-05,0.00010584657950711874,0.00010422284270223748,1.3230822438389843e-05,1.3027855337779685e-05,1.3573919024424311e-08,1.3244396357414267e-05,0.0010248801574732076
Muon,1300,bank,bank0,,0,"0,1",2,"1,4,8",-0.25,negative,0.25,3.9328427999842877,-0.0007267944395466313,0.00034029325448745604,0.00037442784170831225,-3.4134587220856205e-05,0.9088353391000026,True,positive_GN_above_numerical_floor,3.933035135631303,0.00019233564701526262,0.00018169860988665783,3.9330244985941745,1.0637037128604797e-05,1.0634164202733001e-05,1.1700870053384758e-05,2.8729258717954736e-09,-1.063832924779961e-06,1.0637037128604797e-05,1.1700870053384758e-05,0.0002700870399398803,-0.09091912993873663,7.327613856736119e-06,3.3094232718686774e-06,0.00010584657950711874,0.00010422284270223748,3.3077056095974606e-06,3.256963834444921e-06,1.7176622712168071e-09,3.3094232718686774e-06,0.0005190216331097845
Muon,1300,bank,bank0,,0,"0,1",2,"1,4,8",0.0,zero,0.0,3.9328427999842877,-0.0007267944395466313,0.00034029325448745604,0.00037442784170831225,-3.4134587220856205e-05,0.9088353391000026,True,positive_GN_above_numerical_floor,3.9328427999842877,0.0,-0.0,3.9328427999842877,0.0,0.0,0.0,0.0,0.0,1e-10,1e-10,0.0,0.0,0.0,0.0,0.00010584657950711874,0.00010422284270223748,0.0,0.0,0.0,1e-10,0.0
Muon,1300,bank,bank0,,0,"0,1",2,"1,4,8",0.25,positive,0.25,3.9328427999842877,-0.0007267944395466313,0.00034029325448745604,0.00037442784170831225,-3.4134587220856205e-05,0.9088353391000026,True,positive_GN_above_numerical_floor,3.932671732677123,-0.0001710673071646518,-0.00018169860988665783,3.932661101374401,1.0631302722006032e-05,1.0634164202733001e-05,1.1700870053384758e-05,-2.861480726969027e-09,-1.0695673313787254e-06,1.0634164202733001e-05,1.1700870053384758e-05,-0.00026908374484509287,-0.09140921371649004,7.325356773011011e-06,3.305945948995021e-06,0.00010584657950711874,0.00010422284270223748,3.3077056095974606e-06,3.256963834444921e-06,-1.759660602439817e-09,3.3077056095974606e-06,-0.0005319882752969552
Muon,1300,bank,bank0,,0,"0,1",2,"1,4,8",0.5,positive,0.5,3.9328427999842877,-0.0007267944395466313,0.00034029325448745604,0.00037442784170831225,-3.4134587220856205e-05,0.9088353391000026,True,positive_GN_above_numerical_floor,3.9325219165761087,-0.00032088340817892913,-0.00036339721977331565,3.9324794027645145,4.251381159438652e-05,4.2536656810932005e-05,4.680348021353903e-05,-2.2845216545483004e-08,-4.289668619152509e-06,4.2536656810932005e-05,4.680348021353903e-05,-0.0005370712758886058,-0.09165277025514054,2.9297234673059482e-05,1.321657692132704e-05,0.00010584657950711874,0.00010422284270223748,1.3230822438389843e-05,1.3027855337779685e-05,-1.424551706280289e-08,1.3230822438389843e-05,-0.0010766917271498454
Muon,1300,bank,bank0,,0,"0,1",2,"1,4,8",1.0,positive,1.0,3.9328427999842877,-0.0007267944395466313,0.00034029325448745604,0.00037442784170831225,-3.4134587220856205e-05,0.9088353391000026,True,positive_GN_above_numerical_floor,3.9322859701763315,-0.0005568298079561274,-0.0007267944395466313,3.932116005544741,0.00016996463159050395,0.00017014662724372802,0.00018721392085415612,-1.8199565322406935e-07,-1.7249289263652172e-05,0.00017014662724372802,0.00018721392085415612,-0.0010696400873310766,-0.09213678761148193,0.00011715799508563792,5.2806636504866035e-05,0.00010584657950711874,0.00010422284270223748,5.292328975355937e-05,5.211142135111874e-05,-1.1665324869333533e-07,5.292328975355937e-05,-0.0022041949628705724
Muon,1300,bank,bank0,,0,"0,1",2,"1,4,8",2.0,positive,2.0,3.9328427999842877,-0.0007267944395466313,0.00034029325448745604,0.00037442784170831225,-3.4134587220856205e-05,0.9088353391000026,True,positive_GN_above_numerical_floor,3.9320683548126762,-0.0007744451716114042,-0.0014535888790932626,3.9313892111051945,0.0006791437074818584,0.0006805865089749121,0.0007488556834166245,-1.4428014930537199e-06,-6.971197593476613e-05,0.0006805865089749121,0.0007488556834166245,-0.0021199384266767838,-0.09309133585887737,0.0004684264212456283,0.00021071728623623005,0.00010584657950711874,0.00010422284270223748,0.00021169315901423748,0.00020844568540447496,-9.75872778007428e-07,0.00021169315901423748,-0.004609845601774007
Muon,1300,bank,bank0,,0,"0,1",2,"1,4,8",4.0,positive,4.0,3.9328427999842877,-0.0007267944395466313,0.00034029325448745604,0.00037442784170831225,-3.4134587220856205e-05,0.9088353391000026,True,positive_GN_above_numerical_floor,3.9326466809252025,-0.00019611905908512028,-0.0029071777581865252,3.9299356222261013,0.002711058699101405,0.0027223460358996483,0.002995422733666498,-1.128733679824339e-05,-0.00028436403456509303,0.0027223460358996483,0.002995422733666498,-0.004146180040816628,-0.09493285584336268,0.0018727460633131384,0.0008383126357882666,0.00010584657950711874,0.00010422284270223748,0.0008467726360569499,0.0008337827416178998,-8.46000026868336e-06,0.0008467726360569499,-0.009990875836609322
Muon,1300,bank,bank0,,0,"0,1",2,"1,4,8",8.0,positive,8.0,3.9328427999842877,-0.0007267944395466313,0.00034029325448745604,0.00037442784170831225,-3.4134587220856205e-05,0.9088353391000026,True,positive_GN_above_numerical_floor,3.937834024096936,0.004991224112648407,-0.0058143555163730504,3.9270284444679144,0.010805579629021457,0.010889384143598593,0.011981690934665992,-8.380451457713593e-05,-0.0011761113056445345,0.010889384143598593,0.011981690934665992,-0.007695982938245507,-0.09815904216338563,0.007494706774800181,0.0033108728542212765,0.00010584657950711874,0.00010422284270223748,0.0033870905442277997,0.0033351309664715993,-7.621769000652322e-05,0.0033870905442277997,-0.022502407010173267
Muon,1300,bank,bank0,,0,"0,1",2,"1,4,8",16.0,positive,16.0,3.9328427999842877,-0.0007267944395466313,0.00034029325448745604,0.00037442784170831225,-3.4134587220856205e-05,0.9088353391000026,True,positive_GN_above_numerical_floor,3.964340029904654,0.03149722992036619,-0.011628711032746101,3.9212140889515417,0.043125940953112285,0.04355753657439437,0.04792676373866397,-0.00043159562128208817,-0.0048008227855516825,0.04355753657439437,0.04792676373866397,-0.009908632471557285,-0.1001699762523025,0.03022987739432691,0.012896063558785375,0.00010584657950711874,0.00010422284270223748,0.013548362176911199,0.013340523865886397,-0.0006522986181258239,0.013548362176911199,-0.048145938941420975
Muon,1300,bank,bank1,,1,"2,3",2,"1,4,8",-16.0,negative,16.0,4.044459785167881,-0.0009350556985784218,0.0002950462421685385,0.0003007493109606325,-5.703068792094006e-06,0.9810371343033916,True,positive_GN_above_numerical_floor,4.098336863758215,0.05387707859033419,0.01496089117725475,4.059420676345136,0.038916187413079444,0.03776591899757293,0.03849591180296096,0.001150268415506514,0.00042027561011848125,0.038916187413079444,0.038916187413079444,0.029557582383312228,0.010799506273762824,0.02900161571626934,0.009914571696810103,7.413557124829373e-05,7.60310585398957e-05,0.009489353119781597,0.00973197549310665,0.00042521857702850635,0.009914571696810103,0.04288824470000206
Muon,1300,bank,bank1,,1,"2,3",2,"1,4,8",-8.0,negative,8.0,4.044459785167881,-0.0009350556985784218,0.0002950462421685385,0.0003007493109606325,-5.703068792094006e-06,0.9810371343033916,True,positive_GN_above_numerical_floor,4.0614749912586126,0.017015206090731816,0.007480445588627375,4.051940230756508,0.009534760502104441,0.009441479749393232,0.00962397795074024,9.328075271120874e-05,-8.921744863579946e-05,0.009534760502104441,0.00962397795074024,0.00978322976131603,-0.009270329700717695,0.0071140733497109185,0.0024206871523935226,7.413557124829373e-05,7.60310585398957e-05,0.002372338279945399,0.0024329938732766624,4.8348872448123435e-05,0.0024206871523935226,0.019973201576385914
Muon,1300,bank,bank1,,1,"2,3",2,"1,4,8",-4.0,negative,4.0,4.044459785167881,-0.0009350556985784218,0.0002950462421685385,0.0003007493109606325,-5.703068792094006e-06,0.9810371343033916,True,positive_GN_above_numerical_floor,4.050569271806966,0.006109486639084949,0.0037402227943136874,4.048200007962194,0.0023692638447712615,0.002360369937348308,0.00240599448768506,8.893907422953453e-06,-3.67306429137986e-05,0.0023692638447712615,0.00240599448768506,0.0037538695585050416,-0.015266303851402076,0.0017706423923305424,0.0005986214524407191,7.413557124829373e-05,7.60310585398957e-05,0.0005930845699863498,0.0006082484683191656,5.536882454369339e-06,0.0005986214524407191,0.009249388627477647
Muon,1300,bank,bank1,,1,"2,3",2,"1,4,8",-2.0,negative,2.0,4.044459785167881,-0.0009350556985784218,0.0002950462421685385,0.0003007493109606325,-5.703068792094006e-06,0.9810371343033916,True,positive_GN_above_numerical_floor,4.046920942722409,0.002461157554527915,0.0018701113971568437,4.046329896565037,0.0005910461573710715,0.000590092484337077,0.000601498621921265,9.536730339944647e-07,-1.0452464550193548e-05,0.0005910461573710715,0.000601498621921265,0.0016135339382567515,-0.01737737073579157,0.0004421198622537575,0.000148926295117314,7.413557124829373e-05,7.60310585398957e-05,0.00014827114249658745,0.0001520621170797914,6.551526207265626e-07,0.000148926295117314,0.004399173565759343
Muon,1300,bank,bank1,,1,"2,3",2,"1,4,8",-1.0,negative,1.0,4.044459785167881,-0.0009350556985784218,0.0002950462421685385,0.0003007493109606325,-5.703068792094006e-06,0.9810371343033916,True,positive_GN_above_numerical_floor,4.045542473734374,0.001082688566492962,0.0009350556985784218,4.045394840866459,0.00014763286791454012,0.00014752312108426926,0.00015037465548031626,1.0974683027086571e-07,-2.7417875657761374e-06,0.00014763286791454012,0.00015037465548031626,0.000743376673644209,-0.018233043041851103,0.00011048563946926183,3.7147228445278294e-05,7.413557124829373e-05,7.60310585398957e-05,3.706778562414686e-05,3.801552926994785e-05,7.94428211314314e-08,3.7147228445278294e-05,0.002138593495567479
Muon,1300,bank,bank1,,1,"2,3",2,"1,4,8",-0.5,negative,0.5,4.044459785167881,-0.0009350556985784218,0.0002950462421685385,0.0003007493109606325,-5.703068792094006e-06,0.9810371343033916,True,positive_GN_above_numerical_floor,4.0449642069359335,0.0005044217680527652,0.0004675278492892109,4.04492731301717,3.689391876355425e-05,3.6880780271067314e-05,3.7593663870079065e-05,1.313849248693659e-08,-6.997451065248142e-07,3.689391876355425e-05,3.7593663870079065e-05,0.0003561153959040936,-0.018613378811468916,2.7617199372671323e-05,9.276719390882928e-06,7.413557124829373e-05,7.60310585398957e-05,9.266946406036716e-06,9.503882317486963e-06,9.772984846211893e-09,9.276719390882928e-06,0.0010534957924691233
Muon,1300,bank,bank1,,1,"2,3",2,"1,4,8",-0.25,negative,0.25,4.044459785167881,-0.0009350556985784218,0.0002950462421685385,0.0003007493109606325,-5.703068792094006e-06,0.9810371343033916,True,positive_GN_above_numerical_floor,4.044702770893995,0.00024298572611414215,0.00023376392464460546,4.044693549092526,9.221801469536692e-06,9.220195067766828e-06,9.398415967519766e-06,1.606401769863104e-09,-1.766144979830746e-07,9.221801469536692e-06,9.398415967519766e-06,0.00017419609120513963,-0.018791943088435466,6.903853207760243e-06,2.3179482617764488e-06,7.413557124829373e-05,7.60310585398957e-05,2.316736601509179e-06,2.3759705793717406e-06,1.2116602672698466e-09,2.3179482617764488e-06,0.0005227296429564153
Muon,1300,bank,bank1,,1,"2,3",2,"1,4,8",0.0,zero,0.0,4.044459785167881,-0.0009350556985784218,0.0002950462421685385,0.0003007493109606325,-5.703068792094006e-06,0.9810371343033916,True,positive_GN_above_numerical_floor,4.044459785167881,0.0,-0.0,4.044459785167881,0.0,0.0,0.0,0.0,0.0,1e-10,1e-10,0.0,0.0,0.0,0.0,7.413557124829373e-05,7.60310585398957e-05,0.0,0.0,0.0,1e-10,0.0
Muon,1300,bank,bank1,,1,"2,3",2,"1,4,8",0.25,positive,0.25,4.044459785167881,-0.0009350556985784218,0.0002950462421685385,0.0003007493109606325,-5.703068792094006e-06,0.9810371343033916,True,positive_GN_above_numerical_floor,4.044235239903103,-0.00022454526477755365,-0.00023376392464460546,4.044226021243236,9.218659867051807e-06,9.220195067766828e-06,9.398415967519766e-06,-1.5352007150217021e-09,-1.797561004679594e-07,9.220195067766828e-06,9.398415967519766e-06,-0.00016650414700971553,-0.019126212447840494,6.903114746073051e-06,2.315545120978756e-06,7.413557124829373e-05,7.60310585398957e-05,2.316736601509179e-06,2.3759705793717406e-06,-1.19148053042272e-09,2.316736601509179e-06,-0.0005142926173163408
Muon,1300,bank,bank1,,1,"2,3",2,"1,4,8",0.5,positive,0.5,4.044459785167881,-0.0009350556985784218,0.0002950462421685385,0.0003007493109606325,-5.703068792094006e-06,0.9810371343033916,True,positive_GN_above_numerical_floor,4.0440291260997405,-0.0004306590681402156,-0.0004675278492892109,4.043992257318592,3.686878114899533e-05,3.6880780271067314e-05,3.7593663870079065e-05,-1.1999122071985988e-08,-7.248827210837368e-07,3.6880780271067314e-05,3.7593663870079065e-05,-0.00032534892113980586,-0.019282045069852146,2.7611284870992122e-05,9.257496278003206e-06,7.413557124829373e-05,7.60310585398957e-05,9.266946406036716e-06,9.503882317486963e-06,-9.45012803350948e-09,9.266946406036716e-06,-0.0010197672047993539
Muon,1300,bank,bank1,,1,"2,3",2,"1,4,8",1.0,positive,1.0,4.044459785167881,-0.0009350556985784218,0.0002950462421685385,0.0003007493109606325,-5.703068792094006e-06,0.9810371343033916,True,positive_GN_above_numerical_floor,4.043672161083247,-0.0007876240846336202,-0.0009350556985784218,4.043524729469302,0.00014743161394480163,0.00014752312108426926,0.00015037465548031626,-9.150713946762365e-08,-2.9430415355146268e-06,0.00014752312108426926,0.00015037465548031626,-0.0006202901538081767,-0.019571393371537033,0.00011043810571918865,3.699350822561298e-05,7.413557124829373e-05,7.60310585398957e-05,3.706778562414686e-05,3.801552926994785e-05,-7.427739853388469e-08,3.706778562414686e-05,-0.002003826160187421
Muon,1300,bank,bank1,,1,"2,3",2,"1,4,8",2.0,positive,2.0,4.044459785167881,-0.0009350556985784218,0.0002950462421685385,0.0003007493109606325,-5.703068792094006e-06,0.9810371343033916,True,positive_GN_above_numerical_floor,4.0431791050368755,-0.0012806801310052407,-0.0018701113971568437,4.042589673770724,0.000589431266151603,0.000590092484337077,0.000601498621921265,-6.612181854740275e-07,-1.206735576966204e-05,0.000590092484337077,0.000601498621921265,-0.0011205331418800474,-0.020062150319010427,0.00044173264836120003,0.00014769861779040296,7.413557124829373e-05,7.60310585398957e-05,0.00014827114249658745,0.0001520621170797914,-5.725247061844877e-07,0.00014827114249658745,-0.0038613360398006284
Muon,1300,bank,bank1,,1,"2,3",2,"1,4,8",4.0,positive,4.0,4.044459785167881,-0.0009350556985784218,0.0002950462421685385,0.0003007493109606325,-5.703068792094006e-06,0.9810371343033916,True,positive_GN_above_numerical_floor,4.0430757563596185,-0.001384028808262272,-0.0037402227943136874,4.040719562373567,0.0023561939860514153,0.002360369937348308,0.00240599448768506,-4.175951296892747e-06,-4.98005016336448e-05,0.002360369937348308,0.00240599448768506,-0.0017691935619143257,-0.02069851027861689,0.0017673254911020932,0.0005888684949493222,7.413557124829373e-05,7.60310585398957e-05,0.0005930845699863498,0.0006082484683191656,-4.2160750370276185e-06,0.0005930845699863498,-0.007108724877338579
Muon,1300,bank,bank1,,1,"2,3",2,"1,4,8",8.0,positive,8.0,4.044459785167881,-0.0009350556985784218,0.0002950462421685385,0.0003007493109606325,-5.703068792094006e-06,0.9810371343033916,True,positive_GN_above_numerical_floor,4.04640526531697,0.0019454801490894624,-0.007480445588627375,4.036979339579253,0.009425925737716837,0.009441479749393232,0.00962397795074024,-1.5554011676395182e-05,-0.00019805221302340338,0.009441479749393232,0.00962397795074024,-0.0016474124913941355,-0.020579038526181363,0.007080892884396735,0.0023450328533201024,7.413557124829373e-05,7.60310585398957e-05,0.002372338279945399,0.0024329938732766624,-2.730542662529676e-05,0.002372338279945399,-0.011509921184564459
Muon,1300,bank,bank1,,1,"2,3",2,"1,4,8",16.0,positive,16.0,4.044459785167881,-0.0009350556985784218,0.0002950462421685385,0.0003007493109606325,-5.703068792094006e-06,0.9810371343033916,True,positive_GN_above_numerical_floor,4.067453667653479,0.022993882485597972,-0.01496089117725475,4.029498893990626,0.03795477366285272,0.03776591899757293,0.03849591180296096,0.00018885466527979178,-0.000541138140108241,0.03795477366285272,0.03849591180296096,0.004975781622553279,-0.01405702877952403,0.02856359679917621,0.00939117686367651,7.413557124829373e-05,7.60310585398957e-05,0.009489353119781597,0.00973197549310665,-9.817625610508696e-05,0.009489353119781597,-0.010345937690992634
Muon,1300,all_contexts,all4,,,"0,1,2,3",4,"1,4,8",-16.0,negative,16.0,3.9886512925760838,-0.0008309250690625266,0.00031766974832799725,0.0003375885763344724,-1.9918828006475133e-05,0.9409967356634125,True,positive_GN_above_numerical_floor,4.043679924135419,0.05502863155933513,0.013294801105000425,4.0019460936810844,0.0417338304543347,0.04066172778598365,0.043211337770812465,0.0010721026683510534,-0.0014775073164777636,0.0417338304543347,0.043211337770812465,0.025689055058680795,-0.03419258446276942,0.029861932801833302,0.0118718976525014,8.999107537770623e-05,9.012695062106662e-05,0.011518857648346398,0.011536249679496527,0.00035304000415500164,0.0118718976525014,0.02973745347952999
Muon,1300,all_contexts,all4,,,"0,1,2,3",4,"1,4,8",-8.0,negative,8.0,3.9886512925760838,-0.0008309250690625266,0.00031766974832799725,0.0003375885763344724,-1.9918828006475133e-05,0.9409967356634125,True,positive_GN_above_numerical_floor,4.005562104448316,0.016910811872232312,0.006647400552500213,3.995298693128584,0.010263411319732098,0.010165431946495912,0.010802834442703116,9.797937323618652e-05,-0.0005394231229710177,0.010263411319732098,0.010802834442703116,0.009546472433372576,-0.04993348049829427,0.00733995612358776,0.0029234551961443388,8.999107537770623e-05,9.012695062106662e-05,0.0028797144120865995,0.0028840624198741317,4.374078405773932e-05,0.0029234551961443388,0.014962016218147548
Muon,1300,all_contexts,all4,,,"0,1,2,3",4,"1,4,8",-4.0,negative,4.0,3.9886512925760838,-0.0008309250690625266,0.00031766974832799725,0.0003375885763344724,-1.9918828006475133e-05,0.9409967356634125,True,positive_GN_above_numerical_floor,3.99452687286868,0.005875580292596272,0.0033237002762501063,3.991974992852334,0.0025518800163461656,0.002541357986623978,0.002700708610675779,1.0522029722187607e-05,-0.00014882859432961346,0.0025518800163461656,0.002700708610675779,0.004123246255618736,-0.055107238796996,0.0018262703817588234,0.0007256096345873422,8.999107537770623e-05,9.012695062106662e-05,0.0007199286030216499,0.0007210156049685329,5.681031565692336e-06,0.0007256096345873422,0.007829322124317115
Muon,1300,all_contexts,all4,,,"0,1,2,3",4,"1,4,8",-2.0,negative,2.0,3.9886512925760838,-0.0008309250690625266,0.00031766974832799725,0.0003375885763344724,-1.9918828006475133e-05,0.9409967356634125,True,positive_GN_above_numerical_floor,3.9909497047753173,0.002298412199233546,0.0016618501381250532,3.990313142714209,0.0006365620611084929,0.0006353394966559945,0.0006751771526689448,1.2225644524983554e-06,-3.861509156045191e-05,0.0006365620611084929,0.0006751771526689448,0.001920573856332897,-0.05719253296384245,0.0004558494778109446,0.00018071258329754826,8.999107537770623e-05,9.012695062106662e-05,0.00017998215075541247,0.00018025390124213323,7.304325421357907e-07,0.00018071258329754826,0.004041957282704068
Muon,1300,all_contexts,all4,,,"0,1,2,3",4,"1,4,8",-1.0,negative,1.0,3.9886512925760838,-0.0008309250690625266,0.00031766974832799725,0.0003375885763344724,-1.9918828006475133e-05,0.9409967356634125,True,positive_GN_above_numerical_floor,3.989641199868824,0.0009899072927401775,0.0008309250690625266,3.989482217645146,0.00015898222367765095,0.00015883487416399862,0.0001687942881672362,1.473495136523244e-07,-9.812064489585242e-06,0.00015898222367765095,0.0001687942881672362,0.0009268301212787615,-0.05813031113863136,0.00011389399960020144,4.5088224077449507e-05,8.999107537770623e-05,9.012695062106662e-05,4.4995537688853116e-05,4.506347531053331e-05,9.268638859639012e-08,4.5088224077449507e-05,0.002055667316529915
Muon,1300,all_contexts,all4,,,"0,1,2,3",4,"1,4,8",-0.5,negative,0.5,3.9886512925760838,-0.0008309250690625266,0.00031766974832799725,0.0003375885763344724,-1.9918828006475133e-05,0.9409967356634125,True,positive_GN_above_numerical_floor,3.9891064819127395,0.0004551893366557813,0.0004154625345312633,3.989066755110615,3.972680212451803e-05,3.9708718540999656e-05,4.219857204180905e-05,1.8083583518374146e-08,-2.4717699172910175e-06,3.972680212451803e-05,4.219857204180905e-05,0.0004551985700156211,-0.05857472889940597,2.846624424859308e-05,1.126055787592495e-05,8.999107537770623e-05,9.012695062106662e-05,1.1248884422213279e-05,1.1265868827633327e-05,1.1673453711671554e-08,1.126055787592495e-05,0.0010366674404852865
Muon,1300,all_contexts,all4,,,"0,1,2,3",4,"1,4,8",-0.25,negative,0.25,3.9886512925760838,-0.0008309250690625266,0.00031766974832799725,0.0003375885763344724,-1.9918828006475133e-05,0.9409967356634125,True,positive_GN_above_numerical_floor,3.988868953262649,0.00021766068656514648,0.00020773126726563164,3.9888590238433492,9.929419299514833e-06,9.927179635249914e-06,1.0549643010452262e-05,2.2396642649193457e-09,-6.202237109374286e-07,9.929419299514833e-06,1.0549643010452262e-05,0.00022555843371714388,-0.058790966701236236,7.115733532026138e-06,2.8136857674886952e-06,8.999107537770623e-05,9.012695062106662e-05,2.8122211055533198e-06,2.8164672069083318e-06,1.4646619353754476e-09,2.8136857674886952e-06,0.0005205492213448929
Muon,1300,all_contexts,all4,,,"0,1,2,3",4,"1,4,8",0.0,zero,0.0,3.9886512925760838,-0.0008309250690625266,0.00031766974832799725,0.0003375885763344724,-1.9918828006475133e-05,0.9409967356634125,True,positive_GN_above_numerical_floor,3.9886512925760838,0.0,-0.0,3.9886512925760838,0.0,0.0,0.0,0.0,0.0,1e-10,1e-10,0.0,0.0,0.0,0.0,8.999107537770623e-05,9.012695062106662e-05,0.0,0.0,0.0,1e-10,0.0
Muon,1300,all_contexts,all4,,,"0,1,2,3",4,"1,4,8",0.25,positive,0.25,3.9886512925760838,-0.0008309250690625266,0.00031766974832799725,0.0003375885763344724,-1.9918828006475133e-05,0.9409967356634125,True,positive_GN_above_numerical_floor,3.988453486290113,-0.00019780628597088068,-0.00020773126726563164,3.9884435613088183,9.924981294750964e-06,9.927179635249914e-06,1.0549643010452262e-05,-2.1983404989499127e-09,-6.246617157012978e-07,9.927179635249914e-06,1.0549643010452262e-05,-0.00022144663234902469,-0.05921164489475162,7.114235760208163e-06,2.810745534542801e-06,8.999107537770623e-05,9.012695062106662e-05,2.8122211055533198e-06,2.8164672069083318e-06,-1.4755710105187844e-09,2.8122211055533198e-06,-0.0005246995009051601
Muon,1300,all_contexts,all4,,,"0,1,2,3",4,"1,4,8",0.5,positive,0.5,3.9886512925760838,-0.0008309250690625266,0.00031766974832799725,0.0003375885763344724,-1.9918828006475133e-05,0.9409967356634125,True,positive_GN_above_numerical_floor,3.9882755213379246,-0.0003757712381591283,-0.0004154625345312633,3.9882358300415524,3.9691296372135014e-05,3.9708718540999656e-05,4.219857204180905e-05,-1.7422168864641898e-08,-2.5072756696740335e-06,3.9708718540999656e-05,4.219857204180905e-05,-0.0004387492093620027,-0.05941612591037208,2.8454259772247843e-05,1.1237036599887171e-05,8.999107537770623e-05,9.012695062106662e-05,1.1248884422213279e-05,1.1265868827633327e-05,-1.1847822326108192e-08,1.1248884422213279e-05,-0.0010532442046174983
Muon,1300,all_contexts,all4,,,"0,1,2,3",4,"1,4,8",1.0,positive,1.0,3.9886512925760838,-0.0008309250690625266,0.00031766974832799725,0.0003375885763344724,-1.9918828006475133e-05,0.9409967356634125,True,positive_GN_above_numerical_floor,3.987979065629789,-0.0006722269462948738,-0.0008309250690625266,3.9878203675070214,0.0001586981227676528,0.00015883487416399862,0.0001687942881672362,-1.3675139634583295e-07,-1.00961653995834e-05,0.00015883487416399862,0.0001687942881672362,-0.0008609658116053011,-0.059813430354825926,0.00011379805040219123,4.490007236546156e-05,8.999107537770623e-05,9.012695062106662e-05,4.4995537688853116e-05,4.506347531053331e-05,-9.546532339155863e-08,4.4995537688853116e-05,-0.0021216620201698036
Muon,1300,all_contexts,all4,,,"0,1,2,3",4,"1,4,8",2.0,positive,2.0,3.9886512925760838,-0.0008309250690625266,0.00031766974832799725,0.0003375885763344724,-1.9918828006475133e-05,0.9409967356634125,True,positive_GN_above_numerical_floor,3.987623729924776,-0.0010275626513078784,-0.0016618501381250532,3.9869894424379586,0.0006342874868171748,0.0006353394966559945,0.0006751771526689448,-1.0520098388197303e-06,-4.0889665851769996e-05,0.0006353394966559945,0.0006751771526689448,-0.0016558231376402883,-0.06056138850394299,0.0004550795348036362,0.00017920795201353855,8.999107537770623e-05,9.012695062106662e-05,0.00017998215075541247,0.00018025390124213323,-7.741987418739132e-07,0.00017998215075541247,-0.004301530671927651
Muon,1300,all_contexts,all4,,,"0,1,2,3",4,"1,4,8",4.0,positive,4.0,3.9886512925760838,-0.0008309250690625266,0.00031766974832799725,0.0003375885763344724,-1.9918828006475133e-05,0.9409967356634125,True,positive_GN_above_numerical_floor,3.987861218642411,-0.000790073933672808,-0.0033237002762501063,3.9853275922998335,0.0025336263425772983,0.002541357986623978,0.002700708610675779,-7.731644046679673e-06,-0.00016708226809848074,0.002541357986623978,0.002700708610675779,-0.0030423277977262224,-0.06186608486306597,0.0018200357772076158,0.0007135905653696826,8.999107537770623e-05,9.012695062106662e-05,0.0007199286030216499,0.0007210156049685329,-6.338037651967311e-06,0.0007199286030216499,-0.008803703069117692
Muon,1300,all_contexts,all4,,,"0,1,2,3",4,"1,4,8",8.0,positive,8.0,3.9886512925760838,-0.0008309250690625266,0.00031766974832799725,0.0003375885763344724,-1.9918828006475133e-05,0.9409967356634125,True,positive_GN_above_numerical_floor,3.992119644706953,0.0034683521308691567,-0.006647400552500213,3.9820038920235836,0.01011575268336937,0.010165431946495912,0.010802834442703116,-4.967926312654178e-05,-0.000687081759333746,0.010165431946495912,0.010802834442703116,-0.004887078423034107,-0.06360198917959373,0.007287799829598457,0.0028279528537709132,8.999107537770623e-05,9.012695062106662e-05,0.0028797144120865995,0.0028840624198741317,-5.176155831568621e-05,0.0028797144120865995,-0.017974545704405643
Muon,1300,all_contexts,all4,,,"0,1,2,3",4,"1,4,8",16.0,positive,16.0,3.9886512925760838,-0.0008309250690625266,0.00031766974832799725,0.0003375885763344724,-1.9918828006475133e-05,0.9409967356634125,True,positive_GN_above_numerical_floor,4.015896848779066,0.027245556202982524,-0.013294801105000425,3.9753564914710835,0.04054035730798295,0.04066172778598365,0.043211337770812465,-0.00012137047800069717,-0.002670980462829514,0.04066172778598365,0.043211337770812465,-0.0029848824585003084,-0.061812028986375306,0.029396737096751557,0.011143620211231393,8.999107537770623e-05,9.012695062106662e-05,0.011518857648346398,0.011536249679496527,-0.0003752374371150044,0.011518857648346398,-0.03257592450314481
PD,10,context,context0,0,0,0,1,"1,4,8",-16.0,negative,16.0,9.445405275714522,-0.0044080275872007465,0.00013026559716500892,1.1804476957677171e-05,0.00011846112020733175,11.03527056997551,True,positive_GN_above_numerical_floor,9.53627004022949,0.0908647645149685,0.07052844139521194,9.515933717109734,0.020336323119756555,0.01667399643712114,0.001510973050582678,0.003662326682635414,0.018825350069173876,0.020336323119756555,0.020336323119756555,0.18008794712144874,0.9257007748310813,0.012099698086131573,0.008236625033624982,4.742085198612052e-05,3.5902235995955375e-06,0.006069869054223426,0.0004595486207482288,0.0021667559794015558,0.008236625033624982,0.2630635691871425
PD,10,context,context0,0,0,0,1,"1,4,8",-8.0,negative,8.0,9.445405275714522,-0.0044080275872007465,0.00013026559716500892,1.1804476957677171e-05,0.00011846112020733175,11.03527056997551,True,positive_GN_above_numerical_floor,9.485267092319948,0.039861816605425204,0.03526422069760597,9.480669496412128,0.0045975959078192324,0.004168499109280285,0.0003777432626456695,0.0004290967985389471,0.004219852645173563,0.0045975959078192324,0.0045975959078192324,0.09333069002631848,0.9178389597043025,0.002830839379509082,0.0017667565283101504,4.742085198612052e-05,3.5902235995955375e-06,0.0015174672635558566,0.0001148871551870572,0.00024928926475429377,0.0017667565283101504,0.14109995393237995
PD,10,context,context0,0,0,0,1,"1,4,8",-4.0,negative,4.0,9.445405275714522,-0.0044080275872007465,0.00013026559716500892,1.1804476957677171e-05,0.00011846112020733175,11.03527056997551,True,positive_GN_above_numerical_floor,9.46413137916338,0.0187261034488575,0.017632110348802986,9.463037386063325,0.0010939931000545147,0.0010421247773200713,9.443581566141737e-05,5.186832273444339e-05,0.0009995572843930973,0.0010939931000545147,0.0010939931000545147,0.047411928586989026,0.9136778690316131,0.0006847752136403904,0.0004092178864141243,4.742085198612052e-05,3.5902235995955375e-06,0.00037936681588896415,2.87217887967643e-05,2.9851070525160157e-05,0.0004092178864141243,0.07294664166988825
PD,10,context,context0,0,0,0,1,"1,4,8",-2.0,negative,2.0,9.445405275714522,-0.0044080275872007465,0.00013026559716500892,1.1804476957677171e-05,0.00011846112020733175,11.03527056997551,True,positive_GN_above_numerical_floor,9.45448823685664,0.009082961142118151,0.008816055174401493,9.454221330888924,0.0002669059677166581,0.00026053119433001783,2.3608953915354342e-05,6.3747733866402825e-06,0.00024329701380130378,0.0002669059677166581,0.0002669059677166581,0.023883967230764996,0.9115457997536529,0.00016841280980089014,9.849315791576798e-05,4.742085198612052e-05,3.5902235995955375e-06,9.484170397224104e-05,7.180447199191075e-06,3.6514539435269426e-06,9.849315791576798e-05,0.03707317361729523
PD,10,context,context0,0,0,0,1,"1,4,8",-1.0,negative,1.0,9.445405275714522,-0.0044080275872007465,0.00013026559716500892,1.1804476957677171e-05,0.00011846112020733175,11.03527056997551,True,positive_GN_above_numerical_floor,9.449879226215895,0.00447395050137267,0.0044080275872007465,9.449813303301724,6.592291417192343e-05,6.513279858250446e-05,5.9022384788385855e-06,7.901155894189747e-07,6.002067569308485e-05,6.592291417192343e-05,6.592291417192343e-05,0.011985446932130389,0.9104675733320001,4.176098282023888e-05,2.416193135168455e-05,4.742085198612052e-05,3.5902235995955375e-06,2.371042599306026e-05,1.7951117997977688e-06,4.5150535862429123e-07,2.416193135168455e-05,0.018686641893501308
PD,10,context,context0,0,0,0,1,"1,4,8",-0.5,negative,0.5,9.445405275714522,-0.0044080275872007465,0.00013026559716500892,1.1804476957677171e-05,0.00011846112020733175,11.03527056997551,True,positive_GN_above_numerical_floor,9.447625671053759,0.0022203953392363474,0.0022040137936003732,9.447609289508122,1.638154563597411e-05,1.6283199645626115e-05,1.4755596197096464e-06,9.834599034799643e-08,1.4905986016264465e-05,1.638154563597411e-05,1.638154563597411e-05,0.006003462221051182,0.9099254946694837,1.0397806601042782e-05,5.983739034931329e-06,4.742085198612052e-05,3.5902235995955375e-06,5.927606498265065e-06,4.487779499494422e-07,5.613253666626389e-08,5.983739034931329e-06,0.009380846380261315
PD,10,context,context0,0,0,0,1,"1,4,8",-0.25,negative,0.25,9.445405275714522,-0.0044080275872007465,0.00013026559716500892,1.1804476957677171e-05,0.00011846112020733175,11.03527056997551,True,positive_GN_above_numerical_floor,9.4465113656784,0.0011060899638781763,0.0011020068968001866,9.446507282611323,4.083067077989642e-06,4.070799911406529e-06,3.688899049274116e-07,1.2267166583113131e-08,3.7141771730622303e-06,4.083067077989642e-06,4.083067077989642e-06,0.0030043999642428237,0.9096537240556333,2.5941679211357324e-06,1.4888991568539093e-06,4.742085198612052e-05,3.5902235995955375e-06,1.4819016245662662e-06,1.1219448748736055e-07,6.997532287643115e-09,1.4888991568539093e-06,0.004699802706873124
PD,10,context,context0,0,0,0,1,"1,4,8",0.0,zero,0.0,9.445405275714522,-0.0044080275872007465,0.00013026559716500892,1.1804476957677171e-05,0.00011846112020733175,11.03527056997551,True,positive_GN_above_numerical_floor,9.445405275714522,0.0,-0.0,9.445405275714522,0.0,0.0,0.0,0.0,0.0,1e-10,1e-10,0.0,0.0,0.0,0.0,4.742085198612052e-05,3.5902235995955375e-06,0.0,0.0,0.0,1e-10,0.0
PD,10,context,context0,0,0,0,1,"1,4,8",0.25,positive,0.25,9.445405275714522,-0.0044080275872007465,0.00013026559716500892,1.1804476957677171e-05,0.00011846112020733175,11.03527056997551,True,positive_GN_above_numerical_floor,9.444307327402484,-0.0010979483120383549,-0.0011020068968001866,9.444303268817722,4.058584761831765e-06,4.070799911406529e-06,3.688899049274116e-07,-1.2215149574763807e-08,3.6896948569043533e-06,4.070799911406529e-06,4.058584761831765e-06,-0.0030006755037349088,0.9091087345528494,2.583642767514465e-06,1.4749419943173e-06,4.742085198612052e-05,3.5902235995955375e-06,1.4819016245662662e-06,1.1219448748736055e-07,-6.959630248966262e-09,1.4819016245662662e-06,-0.004696418529808453
PD,10,context,context0,0,0,0,1,"1,4,8",0.5,positive,0.5,9.445405275714522,-0.0044080275872007465,0.00013026559716500892,1.1804476957677171e-05,0.00011846112020733175,11.03527056997551,True,positive_GN_above_numerical_floor,9.443217447606845,-0.002187828107677703,-0.0022040137936003732,9.443201261920922,1.6185685922670383e-05,1.6283199645626115e-05,1.4755596197096464e-06,-9.751372295573177e-08,1.4710126302960737e-05,1.6283199645626115e-05,1.6185685922670383e-05,-0.005988609430452156,0.9088355212896531,1.0313605365757815e-05,5.872080556912568e-06,4.742085198612052e-05,3.5902235995955375e-06,5.927606498265065e-06,4.487779499494422e-07,-5.552594135249669e-08,5.927606498265065e-06,-0.0093673460559078
PD,10,context,context0,0,0,0,1,"1,4,8",1.0,positive,1.0,9.445405275714522,-0.0044080275872007465,0.00013026559716500892,1.1804476957677171e-05,0.00011846112020733175,11.03527056997551,True,positive_GN_above_numerical_floor,9.441061604126036,-0.004343671588486586,-0.0044080275872007465,9.44099724812732,6.43559987141603e-05,6.513279858250446e-05,5.9022384788385855e-06,-7.767998683441604e-07,5.8453760235321714e-05,6.513279858250446e-05,6.43559987141603e-05,-0.011926400910904805,0.908287671751415,4.108737285605157e-05,2.3268625858108728e-05,4.742085198612052e-05,3.5902235995955375e-06,2.371042599306026e-05,1.7951117997977688e-06,-4.4180013495153183e-07,2.371042599306026e-05,-0.018633158893089526
PD,10,context,context0,0,0,0,1,"1,4,8",2.0,positive,2.0,9.445405275714522,-0.0044080275872007465,0.00013026559716500892,1.1804476957677171e-05,0.00011846112020733175,11.03527056997551,True,positive_GN_above_numerical_floor,9.436843589977851,-0.008561685736671265,-0.008816055174401493,9.436589220540121,0.0002543694377302279,0.00026053119433001783,2.3608953915354342e-05,-6.161756599789951e-06,0.00023076048381487355,0.00026053119433001783,0.0002543694377302279,-0.023650744071686033,0.9071863580545676,0.0001630239277581975,9.134550997203037e-05,4.742085198612052e-05,3.5902235995955375e-06,9.484170397224104e-05,7.180447199191075e-06,-3.4961940002106663e-06,9.484170397224104e-05,-0.036863466742794476
PD,10,context,context0,0,0,0,1,"1,4,8",4.0,positive,4.0,9.445405275714522,-0.0044080275872007465,0.00013026559716500892,1.1804476957677171e-05,0.00011846112020733175,11.03527056997551,True,positive_GN_above_numerical_floor,9.428766827852318,-0.016638447862204586,-0.017632110348802986,9.42777316536572,0.0009936624865983998,0.0010421247773200713,9.443581566141737e-05,-4.846229072167155e-05,0.0008992266709369824,0.0010421247773200713,0.0009936624865983998,-0.04650334756102547,0.9049618789729106,0.0006416641164933758,0.00035199837010502395,4.742085198612052e-05,3.5902235995955375e-06,0.00037936681588896415,2.87217887967643e-05,-2.7368445783940197e-05,0.00037936681588896415,-0.07214243480892803
PD,10,context,context0,0,0,0,1,"1,4,8",8.0,positive,8.0,9.445405275714522,-0.0044080275872007465,0.00013026559716500892,1.1804476957677171e-05,0.00011846112020733175,11.03527056997551,True,positive_GN_above_numerical_floor,9.41393480751605,-0.031470468198472545,-0.03526422069760597,9.410141055016917,0.0037937524991334265,0.004168499109280285,0.0003777432626456695,-0.00037474661014685884,0.003416009236487757,0.004168499109280285,0.0037937524991334265,-0.08989964980742456,0.9004301775795985,0.0024859536214381465,0.00130779887769528,4.742085198612052e-05,3.5902235995955375e-06,0.0015174672635558566,0.0001148871551870572,-0.00020966838586057666,0.0015174672635558566,-0.13816995654276198
PD,10,context,context0,0,0,0,1,"1,4,8",16.0,positive,16.0,9.445405275714522,-0.0044080275872007465,0.00013026559716500892,1.1804476957677171e-05,0.00011846112020733175,11.03527056997551,True,positive_GN_above_numerical_floor,9.388747927755764,-0.05665734795875821,-0.07052844139521194,9.374876834319311,0.013871093436453735,0.01667399643712114,0.001510973050582678,-0.002802903000667406,0.012360120385871058,0.01667399643712114,0.013871093436453735,-0.168100251864474,0.89107037181281,0.009341264234964251,0.004529829201489484,4.742085198612052e-05,3.5902235995955375e-06,0.006069869054223426,0.0004595486207482288,-0.0015400398527339425,0.006069869054223426,-0.2537187934330115
PD,10,context,context1,1,0,1,1,"1,4,8",-16.0,negative,16.0,9.352541681837774,-0.004923542656448057,0.00014399277628953858,1.1944845989622492e-05,0.00013204793029991609,12.054803922514983,True,positive_GN_above_numerical_floor,9.454004168080914,0.1014624862431397,0.07877668250316891,9.431318364340942,0.022685803739970783,0.018431075365060938,0.001528940286671679,0.0042547283749098455,0.021156863453299105,0.022685803739970783,0.022685803739970783,0.18755025934625869,0.9326036536242358,0.013499393908154605,0.009186409831816178,5.267797375794443e-05,3.579276308312916e-06,0.0067427806410168874,0.0004581473674640532,0.0024436291907992905,0.009186409831816178,0.2660048087922263
PD,10,context,context1,1,0,1,1,"1,4,8",-8.0,negative,8.0,9.352541681837774,-0.004923542656448057,0.00014399277628953858,1.1944845989622492e-05,0.00013204793029991609,12.054803922514983,True,positive_GN_above_numerical_floor,9.397033715917344,0.044492034079569365,0.039388341251584455,9.391930023089358,0.00510369282798491,0.0046077688412652345,0.00038223507166791973,0.0004959239867196753,0.00472145775631699,0.00510369282798491,0.00510369282798491,0.0971696384234552,0.9251061761452368,0.003137967329670824,0.001965725498314086,5.267797375794443e-05,3.579276308312916e-06,0.0016856951602542219,0.0001145368418660133,0.0002800303380598641,0.001965725498314086,0.14245648148738643
PD,10,context,context1,1,0,1,1,"1,4,8",-4.0,negative,4.0,9.352541681837774,-0.004923542656448057,0.00014399277628953858,1.1944845989622492e-05,0.00013204793029991609,12.054803922514983,True,positive_GN_above_numerical_floor,9.373447596021036,0.020905914183261487,0.019694170625792227,9.372235852463566,0.0012117435574692595,0.0011519422103163086,9.555876791697993e-05,5.980134715295087e-05,0.0011161847895522796,0.0012117435574692595,0.0012117435574692595,0.04935148760175517,0.9211394462731409,0.000756847963678621,0.0004548955937906385,5.267797375794443e-05,3.579276308312916e-06,0.00042142379006355547,2.8634210466503326e-05,3.347180372708302e-05,0.0004548955937906385,0.07358128806692313
PD,10,context,context1,1,0,1,1,"1,4,8",-2.0,negative,2.0,9.352541681837774,-0.004923542656448057,0.00014399277628953858,1.1944845989622492e-05,0.00013204793029991609,12.054803922514983,True,positive_GN_above_numerical_floor,9.362684093919517,0.010142412081743046,0.009847085312896114,9.362388767150671,0.00029532676884693257,0.00028798555257907716,2.3889691979244983e-05,7.3412162678554134e-06,0.0002714370768676876,0.00029532676884693257,0.00029532676884693257,0.024857943953127917,0.9191075970779101,0.00018587994567455593,0.00010944682317237664,5.267797375794443e-05,3.579276308312916e-06,0.00010535594751588887,7.158552616625832e-06,4.090875656487773e-06,0.00010944682317237664,0.03737774690860349
PD,10,context,context1,1,0,1,1,"1,4,8",-1.0,negative,1.0,9.352541681837774,-0.004923542656448057,0.00014399277628953858,1.1944845989622492e-05,0.00013204793029991609,12.054803922514983,True,positive_GN_above_numerical_floor,9.357538130264004,0.004996448426229705,0.004923542656448057,9.357465224494222,7.290576978164799e-05,7.199638814476929e-05,5.972422994811246e-06,9.093816368787027e-07,6.693334678683675e-05,7.290576978164799e-05,7.290576978164799e-05,0.012473383651284267,0.9180802423086871,4.606115072598206e-05,2.684461905566593e-05,5.267797375794443e-05,3.579276308312916e-06,2.6338986878972217e-05,1.789638154156458e-06,5.056321766937138e-07,2.684461905566593e-05,0.01883551320453523
PD,10,context,context1,1,0,1,1,"1,4,8",-0.5,negative,0.5,9.352541681837774,-0.004923542656448057,0.00014399277628953858,1.1944845989622492e-05,0.00013204793029991609,12.054803922514983,True,positive_GN_above_numerical_floor,9.355021565422163,0.0024798835843888867,0.0024617713282240284,9.355003453165999,1.811225616485824e-05,1.7999097036192322e-05,1.4931057487028114e-06,1.1315912866591613e-07,1.6619150416155427e-05,1.811225616485824e-05,1.811225616485824e-05,0.006247655048379325,0.9175637902251093,1.1464660414549528e-05,6.64759575030871e-06,5.267797375794443e-05,3.579276308312916e-06,6.584746719743054e-06,4.474095385391145e-07,6.284903056565605e-08,6.64759575030871e-06,0.009454400196151727
PD,10,context,context1,1,0,1,1,"1,4,8",-0.25,negative,0.25,9.352541681837774,-0.004923542656448057,0.00014399277628953858,1.1944845989622492e-05,0.00013204793029991609,12.054803922514983,True,positive_GN_above_numerical_floor,9.353777081389044,0.0012353995512697225,0.0012308856641120142,9.353772567501887,4.513887157708233e-06,4.4997742590480806e-06,3.7327643717570286e-07,1.4112898660152481e-08,4.14061072053253e-06,4.513887157708233e-06,4.513887157708233e-06,0.0031265510561229466,0.9173048806640481,2.8598664346562476e-06,1.6540207230519854e-06,5.267797375794443e-05,3.579276308312916e-06,1.6461866799357635e-06,1.1185238463477862e-07,7.834043116221907e-09,1.6540207230519854e-06,0.004736363339974722
PD,10,context,context1,1,0,1,1,"1,4,8",0.0,zero,0.0,9.352541681837774,-0.004923542656448057,0.00014399277628953858,1.1944845989622492e-05,0.00013204793029991609,12.054803922514983,True,positive_GN_above_numerical_floor,9.352541681837774,0.0,-0.0,9.352541681837774,0.0,0.0,0.0,0.0,0.0,1e-10,1e-10,0.0,0.0,0.0,0.0,5.267797375794443e-05,3.579276308312916e-06,0.0,0.0,0.0,1e-10,0.0
PD,10,context,context1,1,0,1,1,"1,4,8",0.25,positive,0.25,9.352541681837774,-0.004923542656448057,0.00014399277628953858,1.1944845989622492e-05,0.00013204793029991609,12.054803922514983,True,positive_GN_above_numerical_floor,9.351315281898792,-0.0012263999389823255,-0.0012308856641120142,9.351310796173662,4.485725129688752e-06,4.4997742590480806e-06,3.7327643717570286e-07,-1.404912935932833e-08,4.112448692513049e-06,4.4997742590480806e-06,4.485725129688752e-06,-0.0031221853698723987,0.9167857088020899,2.8473284864444746e-06,1.6383966432442776e-06,5.267797375794443e-05,3.579276308312916e-06,1.6461866799357635e-06,1.1185238463477862e-07,-7.790036691485951e-09,1.6461866799357635e-06,-0.004732170893151638
PD,10,context,context1,1,0,1,1,"1,4,8",0.5,positive,0.5,9.352541681837774,-0.004923542656448057,0.00014399277628953858,1.1944845989622492e-05,0.00013204793029991609,12.054803922514983,True,positive_GN_above_numerical_floor,9.350097797467763,-0.0024438843700114177,-0.0024617713282240284,9.35007991050955,1.7886958212610764e-05,1.7999097036192322e-05,1.4931057487028114e-06,-1.1213882358155849e-07,1.6393852463907952e-05,1.7999097036192322e-05,1.7886958212610764e-05,-0.006230247181626466,0.9165254521783288,1.1364356585798034e-05,6.52260162681273e-06,5.267797375794443e-05,3.579276308312916e-06,6.584746719743054e-06,4.474095385391145e-07,-6.214509293032455e-08,6.584746719743054e-06,-0.009437734749006343
PD,10,context,context1,1,0,1,1,"1,4,8",1.0,positive,1.0,9.352541681837774,-0.004923542656448057,0.00014399277628953858,1.1944845989622492e-05,0.00013204793029991609,12.054803922514983,True,positive_GN_above_numerical_floor,9.347689242512242,-0.004852439325532032,-0.004923542656448057,9.347618139181327,7.110333091602493e-05,7.199638814476929e-05,5.972422994811246e-06,-8.930572287443601e-07,6.513090792121368e-05,7.199638814476929e-05,7.110333091602493e-05,-0.012404194873618015,0.9160036116751711,4.525871363596744e-05,2.584461728005749e-05,5.267797375794443e-05,3.579276308312916e-06,2.6338986878972217e-05,1.789638154156458e-06,-4.943695989147252e-07,2.6338986878972217e-05,-0.018769499418726927
PD,10,context,context1,1,0,1,1,"1,4,8",2.0,positive,2.0,9.352541681837774,-0.004923542656448057,0.00014399277628953858,1.1944845989622492e-05,0.00013204793029991609,12.054803922514983,True,positive_GN_above_numerical_floor,9.3429755020169,-0.009566179820874154,-0.009847085312896114,9.342694596524877,0.00028090549202195933,0.00028798555257907716,2.3889691979244983e-05,-7.080060557117826e-06,0.00025701580004271435,0.00028798555257907716,0.00028090549202195933,-0.024584776887978544,0.9149546995066318,0.00017946024205271402,0.00010144524996924531,5.267797375794443e-05,3.579276308312916e-06,0.00010535594751588887,7.158552616625832e-06,-3.910697546643556e-06,0.00010535594751588887,-0.037118906325186614
PD,10,context,context1,1,0,1,1,"1,4,8",4.0,positive,4.0,9.352541681837774,-0.004923542656448057,0.00014399277628953858,1.1944845989622492e-05,0.00013204793029991609,12.054803922514983,True,positive_GN_above_numerical_floor,9.333943828317887,-0.01859785351988741,-0.019694170625792227,9.332847511211982,0.001096317105904819,0.0011519422103163086,9.555876791697993e-05,-5.5625104411489556e-05,0.0010007583379878391,0.0011519422103163086,0.001096317105904819,-0.04828810326883986,0.9128365621567924,0.0007054837596600291,0.00039083334624478994,5.267797375794443e-05,3.579276308312916e-06,0.00042142379006355547,2.8634210466503326e-05,-3.059044381876553e-05,0.00042142379006355547,-0.07258831736611772
PD,10,context,context1,1,0,1,1,"1,4,8",8.0,positive,8.0,9.352541681837774,-0.004923542656448057,0.00014399277628953858,1.1944845989622492e-05,0.00013204793029991609,12.054803922514983,True,positive_GN_above_numerical_floor,9.317331857301642,-0.03520982453613186,-0.039388341251584455,9.31315334058619,0.004178516715452593,0.0046077688412652345,0.00038223507166791973,-0.0004292521258126413,0.0037962816437846734,0.0046077688412652345,0.004178516715452593,-0.09315834639282256,0.9085237423475239,0.0027268491620450613,0.0014516675534075318,5.267797375794443e-05,3.579276308312916e-06,0.0016856951602542219,0.0001145368418660133,-0.00023402760684669002,0.0016856951602542219,-0.1388315113934337
PD,10,context,context1,1,0,1,1,"1,4,8",16.0,positive,16.0,9.352541681837774,-0.004923542656448057,0.00014399277628953858,1.1944845989622492e-05,0.00013204793029991609,12.054803922514983,True,positive_GN_above_numerical_floor,9.288997566965815,-0.06354411487195932,-0.07877668250316891,9.273764999334606,0.015232567631209587,0.018431075365060938,0.001528940286671679,-0.003198507733851351,0.013703627344537908,0.018431075365060938,0.015232567631209587,-0.1735388560080784,0.8996268834192421,0.010204659239627073,0.005027908391582514,5.267797375794443e-05,3.579276308312916e-06,0.0067427806410168874,0.0004581473674640532,-0.0017148722494343734,0.0067427806410168874,-0.25432715977777254
PD,10,context,context2,2,1,2,1,"1,4,8",-16.0,negative,16.0,9.35374507924335,-0.004634762825649971,0.00014317023363698126,1.1832666612246705e-05,0.00013133756702473455,12.099574705231815,True,positive_GN_above_numerical_floor,9.450428580710959,0.09668350146760929,0.07415620521039953,9.42790128445375,0.022527296257209756,0.0183257899055336,0.0015145813263675782,0.004201506351676154,0.021012714930842176,0.022527296257209756,0.022527296257209756,0.186507351068883,0.9327668394344996,0.013427696436311939,0.009099599820897817,5.2102236274110435e-05,3.497355511500149e-06,0.006669086243086136,0.0004476615054720191,0.002430513577811681,0.009099599820897817,0.2671011501219922
PD,10,context,context2,2,1,2,1,"1,4,8",-8.0,negative,8.0,9.35374507924335,-0.004634762825649971,0.00014317023363698126,1.1832666612246705e-05,0.00013133756702473455,12.099574705231815,True,positive_GN_above_numerical_floor,9.39589408527307,0.04214900602972094,0.03707810260519977,9.39082318184855,0.00507090342452117,0.0045814474763834,0.00037864533159189456,0.0004894559481377694,0.004692258092929275,0.00507090342452117,0.00507090342452117,0.09652243538516754,0.9253298081440686,0.003125849756596753,0.0019450536679244167,5.2102236274110435e-05,3.497355511500149e-06,0.001667271560771534,0.00011191537636800477,0.0002777821071528828,0.0019450536679244167,0.14281462343880025
PD,10,context,context2,2,1,2,1,"1,4,8",-4.0,negative,4.0,9.35374507924335,-0.004634762825649971,0.00014317023363698126,1.1832666612246705e-05,0.00013133756702473455,12.099574705231815,True,positive_GN_above_numerical_floor,9.373488513814376,0.01974343457102634,0.018539051302599883,9.37228413054595,0.001204383268426458,0.00114536186909585,9.466133289797364e-05,5.902139933060789e-05,0.0011097219355284843,0.001204383268426458,0.001204383268426458,0.049005495906398716,0.9214026503194037,0.0007543946415042072,0.0004499886269222508,5.2102236274110435e-05,3.497355511500149e-06,0.0004168178901928835,2.7978844092001193e-05,3.31707367293673e-05,0.0004499886269222508,0.07371461131416229
PD,10,context,context2,2,1,2,1,"1,4,8",-2.0,negative,2.0,9.35374507924335,-0.004634762825649971,0.00014317023363698126,1.1832666612246705e-05,0.00013133756702473455,12.099574705231815,True,positive_GN_above_numerical_floor,9.363308191168038,0.009563111924688172,0.009269525651299942,9.36301460489465,0.00029358627338823065,0.0002863404672739625,2.366533322449341e-05,7.245806114268127e-06,0.0002699209401637372,0.00029358627338823065,0.00029358627338823065,0.024680330012181687,0.9193922353679015,0.00018532941482448067,0.00010825685856374998,5.2102236274110435e-05,3.497355511500149e-06,0.00010420447254822087,6.994711023000298e-06,4.052386015529106e-06,0.00010825685856374998,0.037433064928101056
PD,10,context,context2,2,1,2,1,"1,4,8",-1.0,negative,1.0,9.35374507924335,-0.004634762825649971,0.00014317023363698126,1.1832666612246705e-05,0.00013133756702473455,12.099574705231815,True,positive_GN_above_numerical_floor,9.358452324777982,0.0047072455346324205,0.004634762825649971,9.358379842068999,7.248270898244959e-05,7.158511681849063e-05,5.9163333061233525e-06,8.975921639589558e-07,6.656637567632623e-05,7.248270898244959e-05,7.248270898244959e-05,0.012383535005242311,0.9183759355965035,4.5930813041863776e-05,2.655189594058581e-05,5.2102236274110435e-05,3.497355511500149e-06,2.6051118137055218e-05,1.7486777557500745e-06,5.007778035305929e-07,2.655189594058581e-05,0.018860340694734745
PD,10,context,context2,2,1,2,1,"1,4,8",-0.5,negative,0.5,9.35374507924335,-0.004634762825649971,0.00014317023363698126,1.1832666612246705e-05,0.00013133756702473455,12.099574705231815,True,positive_GN_above_numerical_floor,9.356080468629546,0.0023353893861965958,0.0023173814128249854,9.356062460656174,1.8007973371610315e-05,1.7896279204622658e-05,1.4790833265308381e-06,1.1169416698765772e-07,1.6528890045079476e-05,1.8007973371610315e-05,1.8007973371610315e-05,0.006202484015427537,0.9178650869807136,1.1432954007091392e-05,6.575019364518924e-06,5.2102236274110435e-05,3.497355511500149e-06,6.512779534263804e-06,4.3716943893751863e-07,6.223983025511941e-08,6.575019364518924e-06,0.009466105999776524
PD,10,context,context2,2,1,2,1,"1,4,8",-0.25,negative,0.25,9.35374507924335,-0.004634762825649971,0.00014317023363698126,1.1832666612246705e-05,0.00013133756702473455,12.099574705231815,True,positive_GN_above_numerical_floor,9.354908257949893,0.0011631787065429222,0.0011586907064124927,9.354903769949763,4.488000130429496e-06,4.4740698011556644e-06,3.6977083163270953e-07,1.393032927383156e-08,4.118229298796786e-06,4.488000130429496e-06,4.488000130429496e-06,0.0031039057194720814,0.917608997128678,2.8520475037297833e-06,1.6359526266997127e-06,5.2102236274110435e-05,3.497355511500149e-06,1.628194883565951e-06,1.0929235973437966e-07,7.75774313376162e-09,1.6359526266997127e-06,0.004742034095089718
PD,10,context,context2,2,1,2,1,"1,4,8",0.0,zero,0.0,9.35374507924335,-0.004634762825649971,0.00014317023363698126,1.1832666612246705e-05,0.00013133756702473455,12.099574705231815,True,positive_GN_above_numerical_floor,9.35374507924335,0.0,-0.0,9.35374507924335,0.0,0.0,0.0,0.0,0.0,1e-10,1e-10,0.0,0.0,0.0,0.0,5.2102236274110435e-05,3.497355511500149e-06,0.0,0.0,0.0,1e-10,0.0
PD,10,context,context2,2,1,2,1,"1,4,8",0.25,positive,0.25,9.35374507924335,-0.004634762825649971,0.00014317023363698126,1.1832666612246705e-05,0.00013133756702473455,12.099574705231815,True,positive_GN_above_numerical_floor,9.352590848739073,-0.0011542305042766543,-0.0011586907064124927,9.352586388536936,4.460202135838417e-06,4.4740698011556644e-06,3.6977083163270953e-07,-1.3867665317247619e-08,4.090431304205707e-06,4.4740698011556644e-06,4.460202135838417e-06,-0.0030995639168762104,0.91709549917894,2.8397207369933663e-06,1.6204813988450505e-06,5.2102236274110435e-05,3.497355511500149e-06,1.628194883565951e-06,1.0929235973437966e-07,-7.713484720900576e-09,1.628194883565951e-06,-0.004737445620764436
PD,10,context,context2,2,1,2,1,"1,4,8",0.5,positive,0.5,9.35374507924335,-0.004634762825649971,0.00014317023363698126,1.1832666612246705e-05,0.00013133756702473455,12.099574705231815,True,positive_GN_above_numerical_floor,9.351445483418146,-0.0022995958252032267,-0.0023173814128249854,9.351427697830525,1.778558762175874e-05,1.7896279204622658e-05,1.4790833265308381e-06,-1.106915828639175e-07,1.63065042952279e-05,1.7896279204622658e-05,1.778558762175874e-05,-0.006185172995922279,0.9168380962166613,1.1334339737416419e-05,6.451247884342321e-06,5.2102236274110435e-05,3.497355511500149e-06,6.512779534263804e-06,4.3716943893751863e-07,-6.153164992148301e-08,6.512779534263804e-06,-0.009447832465042664
PD,10,context,context2,2,1,2,1,"1,4,8",1.0,positive,1.0,9.35374507924335,-0.004634762825649971,0.00014317023363698126,1.1832666612246705e-05,0.00013133756702473455,12.099574705231815,True,positive_GN_above_numerical_floor,9.349181019983252,-0.004564059260097508,-0.004634762825649971,9.3491103164177,7.070356555246259e-05,7.158511681849063e-05,5.9163333061233525e-06,-8.815512660280455e-07,6.478723224633923e-05,7.158511681849063e-05,7.070356555246259e-05,-0.0123147283291202,0.9163219950805254,4.514189457701398e-05,2.5561670975448605e-05,5.2102236274110435e-05,3.497355511500149e-06,2.6051118137055218e-05,1.7486777557500745e-06,-4.89447161606613e-07,2.6051118137055218e-05,-0.018787952172786834
PD,10,context,context2,2,1,2,1,"1,4,8",2.0,positive,2.0,9.35374507924335,-0.004634762825649971,0.00014317023363698126,1.1832666612246705e-05,0.00013133756702473455,12.099574705231815,True,positive_GN_above_numerical_floor,9.344754904881754,-0.008990174361596104,-0.009269525651299942,9.34447555359205,0.0002793512897038379,0.0002863404672739625,2.366533322449341e-05,-6.989177570124617e-06,0.0002556859564793445,0.0002863404672739625,0.0002793512897038379,-0.024408626683693882,0.9152846824169565,0.00017901792875278416,0.00010033336095105374,5.2102236274110435e-05,3.497355511500149e-06,0.00010420447254822087,6.994711023000298e-06,-3.871111597167126e-06,0.00010420447254822087,-0.03714918853771617
PD,10,context,context2,2,1,2,1,"1,4,8",4.0,positive,4.0,9.35374507924335,-0.004634762825649971,0.00014317023363698126,1.1832666612246705e-05,0.00013133756702473455,12.099574705231815,True,positive_GN_above_numerical_floor,9.336296472802626,-0.017448606440723324,-0.018539051302599883,9.33520602794075,0.0010904448618765591,0.00114536186909585,9.466133289797364e-05,-5.491700721929095e-05,0.0009957835289785854,0.00114536186909585,0.0010904448618765591,-0.04794729831772948,0.9131901701704844,0.0007038983524586214,0.0003865465094179377,5.2102236274110435e-05,3.497355511500149e-06,0.0004168178901928835,2.7978844092001193e-05,-3.0271380774945763e-05,0.0004168178901928835,-0.07262495561535905
PD,10,context,context2,2,1,2,1,"1,4,8",8.0,positive,8.0,9.35374507924335,-0.004634762825649971,0.00014317023363698126,1.1832666612246705e-05,0.00013133756702473455,12.099574705231815,True,positive_GN_above_numerical_floor,9.32082452840165,-0.03292055084170009,-0.03707810260519977,9.31666697663815,0.004157551763499676,0.0045814474763834,0.00037864533159189456,-0.0004238957128837248,0.003778906431907781,0.0045814474763834,0.004157551763499676,-0.09252440742119968,0.9089258888088588,0.0027217421267448543,0.0014358096367548213,5.2102236274110435e-05,3.497355511500149e-06,0.001667271560771534,0.00011191537636800477,-0.00023146192401671262,0.001667271560771534,-0.13882676911348685
PD,10,context,context2,2,1,2,1,"1,4,8",16.0,positive,16.0,9.35374507924335,-0.004634762825649971,0.00014317023363698126,1.1832666612246705e-05,0.00013133756702473455,12.099574705231815,True,positive_GN_above_numerical_floor,9.294754167475592,-0.058990911767757837,-0.07415620521039953,9.27958887403295,0.015165293442641697,0.0183257899055336,0.0015145813263675782,-0.003160496462891904,0.01365071211627412,0.0183257899055336,0.015165293442641697,-0.17246167718738115,0.9001284523708004,0.010190899960556757,0.00497439348208494,5.2102236274110435e-05,3.497355511500149e-06,0.006669086243086136,0.0004476615054720191,-0.0016946927610011955,0.006669086243086136,-0.2541116877530395
PD,10,context,context3,3,1,3,1,"1,4,8",-16.0,negative,16.0,9.456908866231966,-0.004109184138858593,0.00012406771686955225,1.1945103537287381e-05,0.00011212261333226487,10.386491542937838,True,positive_GN_above_numerical_floor,9.542111411118956,0.08520254488698953,0.06574694622173749,9.522655812453705,0.01945559866525204,0.015880667759302688,0.0015289732527727848,0.0035749309059493507,0.017926625412479254,0.01945559866525204,0.01945559866525204,0.1837481831044462,0.9214121714227406,0.011624963164716059,0.00783063550053598,4.48005630160511e-05,3.54795924745197e-06,0.005734472066054541,0.00045413878367385214,0.0020961634344814385,0.00783063550053598,0.26768752476576946
PD,10,context,context3,3,1,3,1,"1,4,8",-8.0,negative,8.0,9.456908866231966,-0.004109184138858593,0.00012406771686955225,1.1945103537287381e-05,0.00011212261333226487,10.386491542937838,True,positive_GN_above_numerical_floor,9.494170116306034,0.03726125007406722,0.032873473110868745,9.489782339342835,0.004387776963198475,0.003970166939825672,0.0003822433131931962,0.0004176100233728034,0.004005533650005279,0.004387776963198475,0.004387776963198475,0.09517576368977197,0.9128845161458344,0.0027139281653946173,0.001673848797803858,4.48005630160511e-05,3.54795924745197e-06,0.0014336180165136353,0.00011353469591846303,0.00024023078129022275,0.001673848797803858,0.14352000109293805
PD,10,context,context3,3,1,3,1,"1,4,8",-4.0,negative,4.0,9.456908866231966,-0.004109184138858593,0.00012406771686955225,1.1945103537287381e-05,0.00011212261333226487,10.386491542937838,True,positive_GN_above_numerical_floor,9.47438856163203,0.017479695400062667,0.016436736555434373,9.4733456027874,0.0010429588446282945,0.000992541734956418,9.556082829829905e-05,5.041710967187648e-05,0.0009473980163299954,0.0010429588446282945,0.0010429588446282945,0.048340459387776605,0.9083752644790538,0.0006558347232041286,0.00038712412142416584,4.48005630160511e-05,3.54795924745197e-06,0.0003584045041284088,2.838367397961576e-05,2.8719617295757012e-05,0.00038712412142416584,0.07418710358347673
PD,10,context,context3,3,1,3,1,"1,4,8",-2.0,negative,2.0,9.456908866231966,-0.004109184138858593,0.00012406771686955225,1.1945103537287381e-05,0.00011212261333226487,10.386491542937838,True,positive_GN_above_numerical_floor,9.465381562793976,0.008472696562009219,0.008218368277717186,9.465127234509684,0.00025432828429203247,0.0002481354337391045,2.3890207074574762e-05,6.192850552927973e-06,0.0002304380772174577,0.00025432828429203247,0.00025432828429203247,0.024349830260393026,0.9060654730515822,0.0001612167359360257,9.311154835600676e-05,4.48005630160511e-05,3.54795924745197e-06,8.96011260321022e-05,7.09591849490394e-06,3.5104223239045516e-06,9.311154835600676e-05,0.037701256029839064
PD,10,context,context3,3,1,3,1,"1,4,8",-1.0,negative,1.0,9.456908866231966,-0.004109184138858593,0.00012406771686955225,1.1945103537287381e-05,0.00011212261333226487,10.386491542937838,True,positive_GN_above_numerical_floor,9.461080851583443,0.004171985351476337,0.004109184138858593,9.461018050370825,6.280121261774407e-05,6.203385843477612e-05,5.9725517686436906e-06,7.673541829679491e-07,5.682866084910038e-05,6.280121261774407e-05,6.280121261774407e-05,0.012218779717497656,0.9048975088268251,3.996702062807034e-05,2.283419198967373e-05,4.48005630160511e-05,3.54795924745197e-06,2.240028150802555e-05,1.773979623725985e-06,4.3391048164817883e-07,2.283419198967373e-05,0.01900266415577155
PD,10,context,context3,3,1,3,1,"1,4,8",-0.5,negative,0.5,9.456908866231966,-0.004109184138858593,0.00012406771686955225,1.1945103537287381e-05,0.00011212261333226487,10.386491542937838,True,positive_GN_above_numerical_floor,9.458979062265831,0.002070196033864491,0.0020545920694292966,9.458963458301396,1.560396443519435e-05,1.550846460869403e-05,1.4931379421609226e-06,9.549982650031968e-08,1.4110826493033428e-05,1.560396443519435e-05,1.560396443519435e-05,0.006120228413551252,0.9043103470043043,9.949958499753833e-06,5.654005935440518e-06,4.48005630160511e-05,3.54795924745197e-06,5.600070377006388e-06,4.4349490593149623e-07,5.393555843412985e-08,5.654005935440518e-06,0.009539352991487017
PD,10,context,context3,3,1,3,1,"1,4,8",-0.25,negative,0.25,9.456908866231966,-0.004109184138858593,0.00012406771686955225,1.1945103537287381e-05,0.00011212261333226487,10.386491542937838,True,positive_GN_above_numerical_floor,9.457940051294177,0.001031185062210227,0.0010272960347146483,9.457936162266682,3.889027495578706e-06,3.877116152173508e-06,3.7328448554023066e-07,1.1911343405198546e-08,3.5157430100384756e-06,3.889027495578706e-06,3.889027495578706e-06,0.003062807711886871,0.9040159818966041,2.4822868356192697e-06,1.4067406599594366e-06,4.48005630160511e-05,3.54795924745197e-06,1.400017594251597e-06,1.1087372648287406e-07,6.723065707839597e-09,1.4067406599594366e-06,0.0047791792042418514
PD,10,context,context3,3,1,3,1,"1,4,8",0.0,zero,0.0,9.456908866231966,-0.004109184138858593,0.00012406771686955225,1.1945103537287381e-05,0.00011212261333226487,10.386491542937838,True,positive_GN_above_numerical_floor,9.456908866231966,0.0,-0.0,9.456908866231966,0.0,0.0,0.0,0.0,0.0,1e-10,1e-10,0.0,0.0,0.0,0.0,4.48005630160511e-05,3.54795924745197e-06,0.0,0.0,0.0,1e-10,0.0
PD,10,context,context3,3,1,3,1,"1,4,8",0.25,positive,0.25,9.456908866231966,-0.004109184138858593,0.00012406771686955225,1.1945103537287381e-05,0.00011212261333226487,10.386491542937838,True,positive_GN_above_numerical_floor,9.45588543545416,-0.0010234307778063112,-0.0010272960347146483,9.455881570197251,3.8652569083370836e-06,3.877116152173508e-06,3.7328448554023066e-07,-1.1859243836424186e-08,3.491972422796853e-06,3.877116152173508e-06,3.8652569083370836e-06,-0.0030587796111746367,0.9034256986294799,2.4719248097500855e-06,1.393332098586998e-06,4.48005630160511e-05,3.54795924745197e-06,1.400017594251597e-06,1.1087372648287406e-07,-6.685495664598864e-09,1.400017594251597e-06,-0.004775294033481564
PD,10,context,context3,3,1,3,1,"1,4,8",0.5,positive,0.5,9.456908866231966,-0.004109184138858593,0.00012406771686955225,1.1945103537287381e-05,0.00011212261333226487,10.386491542937838,True,positive_GN_above_numerical_floor,9.454869687960935,-0.0020391782710316164,-0.0020545920694292966,9.454854274162537,1.5413798397680145e-05,1.550846460869403e-05,1.4931379421609226e-06,-9.46662110138859e-08,1.3920660455519223e-05,1.550846460869403e-05,1.5413798397680145e-05,-0.006104163977703899,0.9031297864655057,9.867062260617118e-06,5.546736137063027e-06,4.48005630160511e-05,3.54795924745197e-06,5.600070377006388e-06,4.4349490593149623e-07,-5.333423994336112e-08,5.600070377006388e-06,-0.00952385172914056
PD,10,context,context3,3,1,3,1,"1,4,8",1.0,positive,1.0,9.456908866231966,-0.004109184138858593,0.00012406771686955225,1.1945103537287381e-05,0.00011212261333226487,10.386491542937838,True,positive_GN_above_numerical_floor,9.452860961934825,-0.004047904297141969,-0.004109184138858593,9.452799682093108,6.127984171662437e-05,6.203385843477612e-05,5.9725517686436906e-06,-7.540167181517516e-07,5.530728994798068e-05,6.203385843477612e-05,6.127984171662437e-05,-0.012154922121191973,0.9025364361046739,3.9303849588348755e-05,2.1975992128275617e-05,4.48005630160511e-05,3.54795924745197e-06,2.240028150802555e-05,1.773979623725985e-06,-4.242893797499342e-07,2.240028150802555e-05,-0.018941252126582434
PD,10,context,context3,3,1,3,1,"1,4,8",2.0,positive,2.0,9.456908866231966,-0.004109184138858593,0.00012406771686955225,1.1945103537287381e-05,0.00011212261333226487,10.386491542937838,True,positive_GN_above_numerical_floor,9.448932653909848,-0.007976212322118315,-0.008218368277717186,9.44869049795425,0.0002421559555988717,0.0002481354337391045,2.3890207074574762e-05,-5.979478140232788e-06,0.00021826574852429695,0.0002481354337391045,0.0002421559555988717,-0.02409763914056609,0.901343714568191,0.0001559113315076359,8.62446240912358e-05,4.48005630160511e-05,3.54795924745197e-06,8.96011260321022e-05,7.09591849490394e-06,-3.356501940866407e-06,8.96011260321022e-05,-0.03746048838341432
PD,10,context,context3,3,1,3,1,"1,4,8",4.0,positive,4.0,9.456908866231966,-0.004109184138858593,0.00012406771686955225,1.1945103537287381e-05,0.00011212261333226487,10.386491542937838,True,positive_GN_above_numerical_floor,9.441417666518756,-0.015491199713210335,-0.016436736555434373,9.440472129676532,0.0009455368422240373,0.000992541734956418,9.556082829829905e-05,-4.7004892732380654e-05,0.0008499760139257383,0.000992541734956418,0.0009455368422240373,-0.047358102009125706,0.8989348441743144,0.0006133903563816942,0.0003321464858423431,4.48005630160511e-05,3.54795924745197e-06,0.0003584045041284088,2.838367397961576e-05,-2.6258018286065728e-05,0.0003584045041284088,-0.07326363922217348
PD,10,context,context3,3,1,3,1,"1,4,8",8.0,positive,8.0,9.456908866231966,-0.004109184138858593,0.00012406771686955225,1.1945103537287381e-05,0.00011212261333226487,10.386491542937838,True,positive_GN_above_numerical_floor,9.427642431237608,-0.029266434994358548,-0.032873473110868745,9.424035393121098,0.0036070381165101972,0.003970166939825672,0.0003822433131931962,-0.0003631288233154747,0.003224794803317001,0.003970166939825672,0.0036070381165101972,-0.09146437135245994,0.8940284796427336,0.0023743401236467915,0.0012326979928634057,4.48005630160511e-05,3.54795924745197e-06,0.0014336180165136353,0.00011353469591846303,-0.0002009200236502296,0.0014336180165136353,-0.14014892484320188
PD,10,context,context3,3,1,3,1,"1,4,8",16.0,positive,16.0,9.456908866231966,-0.004109184138858593,0.00012406771686955225,1.1945103537287381e-05,0.00011212261333226487,10.386491542937838,True,positive_GN_above_numerical_floor,9.404331316595606,-0.05257754963636074,-0.06574694622173749,9.391161920010228,0.013169396585376747,0.015880667759302688,0.0015289732527727848,-0.002711271173925941,0.011640423332603962,0.015880667759302688,0.013169396585376747,-0.1707277814144631,0.8838995209187829,0.008907597756640632,0.004261798828736115,4.48005630160511e-05,3.54795924745197e-06,0.005734472066054541,0.00045413878367385214,-0.001472673237318426,0.005734472066054541,-0.2568106044209335
PD,10,bank,bank0,,0,"0,1",2,"1,4,8",-16.0,negative,16.0,9.39897347877615,-0.004665785121824402,0.00013712918672727375,1.1874661473649831e-05,0.00012525452525362392,11.548050193394298,True,positive_GN_above_numerical_floor,9.495137104155202,0.09616362537905232,0.07465256194919043,9.473626040725339,0.021511063429861893,0.01755253590109104,0.0015199566686271784,0.003958527528770853,0.019991106761234716,0.021511063429861893,0.021511063429861893,0.1840228653352201,0.929340700724393,0.012799545997143093,0.0087115174327188,5.0049412872032496e-05,3.5847499539542284e-06,0.0064063248476201595,0.00045884799410614123,0.0023051925850986407,0.0087115174327188,0.2646143571314885
PD,10,bank,bank0,,0,"0,1",2,"1,4,8",-8.0,negative,8.0,9.39897347877615,-0.004665785121824402,0.00013712918672727375,1.1874661473649831e-05,0.00012525452525362392,11.548050193394298,True,positive_GN_above_numerical_floor,9.441150404118645,0.04217692534249551,0.03732628097459521,9.436299759750744,0.004850644367900295,0.00438813397527276,0.0003799891671567946,0.00046251039262753483,0.0044706552007435,0.004850644367900295,0.004850644367900295,0.0953502993722342,0.9216621260318697,0.0029844033545899547,0.00186624101331034,5.0049412872032496e-05,3.5847499539542284e-06,0.0016015812119050399,0.00011471199852653531,0.0002646598014053002,0.00186624101331034,0.14181437419802836
PD,10,bank,bank0,,0,"0,1",2,"1,4,8",-4.0,negative,4.0,9.39897347877615,-0.004665785121824402,0.00013712918672727375,1.1874661473649831e-05,0.00012525452525362392,11.548050193394298,True,positive_GN_above_numerical_floor,9.418789487592207,0.019816008816057717,0.018663140487297607,9.417636619263448,0.0011528683287601107,0.00109703349381819,9.499729178919865e-05,5.583483494192077e-05,0.0010578710369709122,0.0011528683287601107,0.0011528683287601107,0.04843123325451237,0.9175991833418076,0.0007208115886595066,0.00043205674010060417,5.0049412872032496e-05,3.5847499539542284e-06,0.00040039530297625997,2.8677999631633827e-05,3.16614371243442e-05,0.00043205674010060417,0.07328073881447111
PD,10,bank,bank0,,0,"0,1",2,"1,4,8",-2.0,negative,2.0,9.39897347877615,-0.004665785121824402,0.00013712918672727375,1.1874661473649831e-05,0.00012525452525362392,11.548050193394298,True,positive_GN_above_numerical_floor,9.40858616538808,0.009612686611930599,0.009331570243648803,9.408305049019798,0.00028111636828179534,0.0002742583734545475,2.3749322947299663e-05,6.857994827247848e-06,0.0002573670453344957,0.00028111636828179534,0.00028111636828179534,0.024395572798426624,0.9155178224147625,0.00017714637773772347,0.00010396999054407188,5.0049412872032496e-05,3.5847499539542284e-06,0.00010009882574406499,7.169499907908457e-06,3.8711648000068835e-06,0.00010396999054407188,0.03723348227454088
PD,10,bank,bank0,,0,"0,1",2,"1,4,8",-1.0,negative,1.0,9.39897347877615,-0.004665785121824402,0.00013712918672727375,1.1874661473649831e-05,0.00012525452525362392,11.548050193394298,True,positive_GN_above_numerical_floor,9.40370867823995,0.004735199463800299,0.004665785121824402,9.403639263897974,6.941434197589753e-05,6.856459336363687e-05,5.937330736824916e-06,8.497486122606602e-07,6.347701123907262e-05,6.941434197589753e-05,6.941434197589753e-05,0.012241686488301151,0.9144653602149465,4.391106677399887e-05,2.5503275201898667e-05,5.0049412872032496e-05,3.5847499539542284e-06,2.5024706436016248e-05,1.7923749769771142e-06,4.785687658824186e-07,2.5503275201898667e-05,0.018764992421318114
PD,10,bank,bank0,,0,"0,1",2,"1,4,8",-0.5,negative,0.5,9.39897347877615,-0.004665785121824402,0.00013712918672727375,1.1874661473649831e-05,0.00012525452525362392,11.548050193394298,True,positive_GN_above_numerical_floor,9.40132361823796,0.0023501394618108407,0.002332892560912201,9.40130637133706,1.7246900898639818e-05,1.714114834090922e-05,1.484332684206229e-06,1.0575255773059944e-07,1.576256821443359e-05,1.7246900898639818e-05,1.7246900898639818e-05,0.006131684663355354,0.9139362664092718,1.0931233506908085e-05,6.315667391731733e-06,5.0049412872032496e-05,3.5847499539542284e-06,6.256176609004062e-06,4.4809374424427854e-07,5.949078272767059e-08,6.315667391731733e-06,0.0094195560085311
PD,10,bank,bank0,,0,"0,1",2,"1,4,8",-0.25,negative,0.25,9.39897347877615,-0.004665785121824402,0.00013712918672727375,1.1874661473649831e-05,0.00012525452525362392,11.548050193394298,True,positive_GN_above_numerical_floor,9.400144223533722,0.0011707447575730612,0.0011664462804561004,9.400139925056605,4.298477116960759e-06,4.285287085227305e-06,3.7108317105155723e-07,1.3190031733454386e-08,3.927393945909202e-06,4.298477116960759e-06,4.298477116960759e-06,0.00306853598950421,0.9136710139534414,2.7270171787842227e-06,1.5714599381765363e-06,5.0049412872032496e-05,3.5847499539542284e-06,1.5640441522510155e-06,1.1202343606106964e-07,7.415785925520826e-09,1.5714599381765363e-06,0.004719042302870176
PD,10,bank,bank0,,0,"0,1",2,"1,4,8",0.0,zero,0.0,9.39897347877615,-0.004665785121824402,0.00013712918672727375,1.1874661473649831e-05,0.00012525452525362392,11.548050193394298,True,positive_GN_above_numerical_floor,9.39897347877615,0.0,-0.0,9.39897347877615,0.0,0.0,0.0,0.0,0.0,1e-10,1e-10,0.0,0.0,0.0,0.0,5.0049412872032496e-05,3.5847499539542284e-06,0.0,0.0,0.0,1e-10,0.0
PD,10,bank,bank0,,0,"0,1",2,"1,4,8",0.25,positive,0.25,9.39897347877615,-0.004665785121824402,0.00013712918672727375,1.1874661473649831e-05,0.00012525452525362392,11.548050193394298,True,positive_GN_above_numerical_floor,9.397811304650638,-0.0011621741255112283,-0.0011664462804561004,9.397807032495693,4.27215494487208e-06,4.285287085227305e-06,3.7108317105155723e-07,-1.3132140355224488e-08,3.901071773820523e-06,4.285287085227305e-06,4.27215494487208e-06,-0.0030644715497580065,0.9131391122653516,2.7154856269794156e-06,1.5566693178926646e-06,5.0049412872032496e-05,3.5847499539542284e-06,1.5640441522510155e-06,1.1202343606106964e-07,-7.374834358350952e-09,1.5640441522510155e-06,-0.004715234124137024
PD,10,bank,bank0,,0,"0,1",2,"1,4,8",0.5,positive,0.5,9.39897347877615,-0.004665785121824402,0.00013712918672727375,1.1874661473649831e-05,0.00012525452525362392,11.548050193394298,True,positive_GN_above_numerical_floor,9.396657622537305,-0.0023158562388445603,-0.002332892560912201,9.396640586215238,1.7036322067640573e-05,1.714114834090922e-05,1.484332684206229e-06,-1.0482627326864513e-07,1.5551989383434345e-05,1.714114834090922e-05,1.7036322067640573e-05,-0.006115475531966887,0.9128724686987677,1.0838980975777816e-05,6.197341091862757e-06,5.0049412872032496e-05,3.5847499539542284e-06,6.256176609004062e-06,4.4809374424427854e-07,-5.883551714130474e-08,6.256176609004062e-06,-0.009404388785416806
PD,10,bank,bank0,,0,"0,1",2,"1,4,8",1.0,positive,1.0,9.39897347877615,-0.004665785121824402,0.00013712918672727375,1.1874661473649831e-05,0.00012525452525362392,11.548050193394298,True,positive_GN_above_numerical_floor,9.39437542331914,-0.004598055457009309,-0.004665785121824402,9.394307693654325,6.772966481509261e-05,6.856459336363687e-05,5.937330736824916e-06,-8.349285485442602e-07,6.17923340782677e-05,6.856459336363687e-05,6.772966481509261e-05,-0.012177255163115476,0.9123378101304015,4.3173043246897466e-05,2.4556621568195148e-05,5.0049412872032496e-05,3.5847499539542284e-06,2.5024706436016248e-05,1.7923749769771142e-06,-4.6808486782110026e-07,2.5024706436016248e-05,-0.01870490944690642
PD,10,bank,bank0,,0,"0,1",2,"1,4,8",2.0,positive,2.0,9.39897347877615,-0.004665785121824402,0.00013712918672727375,1.1874661473649831e-05,0.00012525452525362392,11.548050193394298,True,positive_GN_above_numerical_floor,9.389909545997376,-0.00906393277877271,-0.009331570243648803,9.3896419085325,0.0002676374648760936,0.0002742583734545475,2.3749322947299663e-05,-6.6209085784538885e-06,0.00024388814192879393,0.0002742583734545475,0.0002676374648760936,-0.024141135583417888,0.911263085090517,0.00017124208490456715,9.639537997152645e-05,5.0049412872032496e-05,3.5847499539542284e-06,0.00010009882574406499,7.169499907908457e-06,-3.7034457725385397e-06,0.00010009882574406499,-0.036997894281073744
PD,10,bank,bank0,,0,"0,1",2,"1,4,8",4.0,positive,4.0,9.39897347877615,-0.004665785121824402,0.00013712918672727375,1.1874661473649831e-05,0.00012525452525362392,11.548050193394298,True,positive_GN_above_numerical_floor,9.381355328085103,-0.017618150691045997,-0.018663140487297607,9.38031033828885,0.0010449897962516094,0.00109703349381819,9.499729178919865e-05,-5.204369756658055e-05,0.0009499925044624107,0.00109703349381819,0.0010449897962516094,-0.047440390708075944,0.9090926130284189,0.0006735739380740371,0.00037141585817757235,5.0049412872032496e-05,3.5847499539542284e-06,0.00040039530297625997,2.8677999631633827e-05,-2.8979444798687623e-05,0.00040039530297625997,-0.07237708480412883
PD,10,bank,bank0,,0,"0,1",2,"1,4,8",8.0,positive,8.0,9.39897347877615,-0.004665785121824402,0.00013712918672727375,1.1874661473649831e-05,0.00012525452525362392,11.548050193394298,True,positive_GN_above_numerical_floor,9.365633332408846,-0.03334014636730309,-0.03732628097459521,9.361647197801554,0.003986134607292122,0.00438813397527276,0.0003799891671567946,-0.00040199936798063825,0.003606145440135327,0.00438813397527276,0.003986134607292122,-0.09161055023522853,0.9046722691045974,0.002606401391741602,0.0013797332155505194,5.0049412872032496e-05,3.5847499539542284e-06,0.0016015812119050399,0.00011471199852653531,-0.00022184799635452043,0.0016015812119050399,-0.13851810617248558
PD,10,bank,bank0,,0,"0,1",2,"1,4,8",16.0,positive,16.0,9.39897347877615,-0.004665785121824402,0.00013712918672727375,1.1874661473649831e-05,0.00012525452525362392,11.548050193394298,True,positive_GN_above_numerical_floor,9.338872747360789,-0.06010073141536054,-0.07465256194919043,9.32432091682696,0.014551830533829885,0.01755253590109104,0.0015199566686271784,-0.003000705367261155,0.013031873865202706,0.01755253590109104,0.014551830533829885,-0.17095566043392257,0.8955487651472022,0.00977296173729477,0.004778868796535114,5.0049412872032496e-05,3.5847499539542284e-06,0.0064063248476201595,0.00045884799410614123,-0.0016274560510850453,0.0064063248476201595,-0.2540389520974131
PD,10,bank,bank1,,1,"2,3",2,"1,4,8",-16.0,negative,16.0,9.405326972737658,-0.004371973482254282,0.00013361897525326677,1.1888885074767042e-05,0.00012173009017849972,11.238982832533182,True,positive_GN_above_numerical_floor,9.496269995914957,0.09094302317729941,0.06995157571606851,9.475278548453726,0.020991447461230897,0.017103228832418146,0.0015217772895701814,0.0038882186288127507,0.019469670171660715,0.020991447461230897,0.020991447461230897,0.18522870497586702,0.927504890152013,0.012526329800513106,0.00846511766071779,4.8451399645080756e-05,3.5226573794760544e-06,0.006201779154570337,0.00045090014457293496,0.002263338506147454,0.00846511766071779,0.2673723623063659
PD,10,bank,bank1,,1,"2,3",2,"1,4,8",-8.0,negative,8.0,9.405326972737658,-0.004371973482254282,0.00013361897525326677,1.1888885074767042e-05,0.00012173009017849972,11.238982832533182,True,positive_GN_above_numerical_floor,9.445032100789552,0.03970512805189408,0.034975787858034256,9.440302760595692,0.004729340193859823,0.004275807208104537,0.00038044432239254535,0.00045353298575528597,0.004348895871467277,0.004729340193859823,0.004729340193859823,0.09589772931626171,0.9195565751674023,0.002919888960995683,0.0018094512328641395,4.8451399645080756e-05,3.5226573794760544e-06,0.0015504447886425842,0.00011272503614323374,0.00025900644422155537,0.0018094512328641395,0.14314088134421832
PD,10,bank,bank1,,1,"2,3",2,"1,4,8",-4.0,negative,4.0,9.405326972737658,-0.004371973482254282,0.00013361897525326677,1.1888885074767042e-05,0.00012173009017849972,11.238982832533182,True,positive_GN_above_numerical_floor,9.423938537723203,0.018611564985544504,0.017487893929017128,9.422814866666675,0.0011236710565273762,0.0010689518020261341,9.511108059813634e-05,5.471925450124208e-05,0.0010285599759292398,0.0011236710565273762,0.0011236710565273762,0.048696862114031805,0.9153568297006152,0.0007051146823541668,0.0004185563741732094,4.8451399645080756e-05,3.5226573794760544e-06,0.00038761119716064604,2.8181259035808435e-05,3.094517701256335e-05,0.0004185563741732094,0.07393311611533943
PD,10,bank,bank1,,1,"2,3",2,"1,4,8",-2.0,negative,2.0,9.405326972737658,-0.004371973482254282,0.00013361897525326677,1.1888885074767042e-05,0.00012173009017849972,11.238982832533182,True,positive_GN_above_numerical_floor,9.414344876981007,0.009017904243348696,0.008743946964508564,9.414070919702167,0.00027395727884013156,0.00026723795050653354,2.3777770149534084e-05,6.7193283335980226e-06,0.00025017950869059746,0.00027395727884013156,0.00027395727884013156,0.024526920263064456,0.9132062843878309,0.00017327307538025265,0.00010068420345987891,4.8451399645080756e-05,3.5226573794760544e-06,9.690279929016151e-05,7.045314758952109e-06,3.781404169717398e-06,0.00010068420345987891,0.03755707489133813
PD,10,bank,bank1,,1,"2,3",2,"1,4,8",-1.0,negative,1.0,9.405326972737658,-0.004371973482254282,0.00013361897525326677,1.1888885074767042e-05,0.00012173009017849972,11.238982832533182,True,positive_GN_above_numerical_floor,9.409766588180712,0.004439615443054379,0.004371973482254282,9.409698946219912,6.764196080009683e-05,6.680948762663338e-05,5.944442537383521e-06,8.324731734634457e-07,6.16975182627133e-05,6.764196080009683e-05,6.764196080009683e-05,0.012307052658092874,0.912119009161322,4.294891683496679e-05,2.469304396513004e-05,4.8451399645080756e-05,3.5226573794760544e-06,2.4225699822540378e-05,1.7613286897380272e-06,4.6734414258966367e-07,2.469304396513004e-05,0.0189261454865434
PD,10,bank,bank1,,1,"2,3",2,"1,4,8",-0.5,negative,0.5,9.405326972737658,-0.004371973482254282,0.00013361897525326677,1.1888885074767042e-05,0.00012173009017849972,11.238982832533182,True,positive_GN_above_numerical_floor,9.407529765447688,0.002202792710029655,0.002185986741127141,9.407512959478785,1.6805968902514155e-05,1.6702371906658346e-05,1.4861106343458803e-06,1.0359699585580859e-07,1.5319858268168274e-05,1.6805968902514155e-05,1.6805968902514155e-05,0.006164297724025336,0.9115724512542945,1.0691456253422477e-05,6.114512649091678e-06,4.8451399645080756e-05,3.5226573794760544e-06,6.0564249556350944e-06,4.403321724345068e-07,5.808769345658343e-08,6.114512649091678e-06,0.00949997109993917
PD,10,bank,bank1,,1,"2,3",2,"1,4,8",-0.25,negative,0.25,9.405326972737658,-0.004371973482254282,0.00013361897525326677,1.1888885074767042e-05,0.00012173009017849972,11.238982832533182,True,positive_GN_above_numerical_floor,9.406424154622034,0.0010971818843756864,0.0010929933705635705,9.406419966108222,4.188513812115923e-06,4.1755929766645865e-06,3.7152765858647007e-07,1.292083545133621e-08,3.8169861535294525e-06,4.188513812115923e-06,4.188513812115923e-06,0.0030848257952404735,0.9112984520877622,2.667167170562637e-06,1.5213466415532856e-06,4.8451399645080756e-05,3.5226573794760544e-06,1.5141062389087736e-06,1.100830431086267e-07,7.240402644511955e-09,1.5213466415532856e-06,0.004759206381209445
PD,10,bank,bank1,,1,"2,3",2,"1,4,8",0.0,zero,0.0,9.405326972737658,-0.004371973482254282,0.00013361897525326677,1.1888885074767042e-05,0.00012173009017849972,11.238982832533182,True,positive_GN_above_numerical_floor,9.405326972737658,0.0,-0.0,9.405326972737658,0.0,0.0,0.0,0.0,0.0,1e-10,1e-10,0.0,0.0,0.0,0.0,4.8451399645080756e-05,3.5226573794760544e-06,0.0,0.0,0.0,1e-10,0.0
PD,10,bank,bank1,,1,"2,3",2,"1,4,8",0.25,positive,0.25,9.405326972737658,-0.004371973482254282,0.00013361897525326677,1.1888885074767042e-05,0.00012173009017849972,11.238982832533182,True,positive_GN_above_numerical_floor,9.404238142096617,-0.0010888306410414827,-0.0010929933705635705,9.404233979367094,4.16272952208775e-06,4.1755929766645865e-06,3.7152765858647007e-07,-1.2863454576836326e-08,3.79120186350128e-06,4.1755929766645865e-06,4.16272952208775e-06,-0.0030806294216711464,0.910749027383327,2.6558227751481505e-06,1.5069067469395997e-06,4.8451399645080756e-05,3.5226573794760544e-06,1.5141062389087736e-06,1.100830431086267e-07,-7.199491969173899e-09,1.5141062389087736e-06,-0.0047549450521798394
PD,10,bank,bank1,,1,"2,3",2,"1,4,8",0.5,positive,0.5,9.405326972737658,-0.004371973482254282,0.00013361897525326677,1.1888885074767042e-05,0.00012173009017849972,11.238982832533182,True,positive_GN_above_numerical_floor,9.403157585689542,-0.0021693870481165334,-0.002185986741127141,9.403140985996531,1.659969301060762e-05,1.6702371906658346e-05,1.4861106343458803e-06,-1.0267889605072497e-07,1.511358237626174e-05,1.6702371906658346e-05,1.659969301060762e-05,-0.006147563748702804,0.9104736073494721,1.0600700999905083e-05,5.9989920107025385e-06,4.8451399645080756e-05,3.5226573794760544e-06,6.0564249556350944e-06,4.403321724345068e-07,-5.7432944932555896e-08,6.0564249556350944e-06,-0.009482978052773264
PD,10,bank,bank1,,1,"2,3",2,"1,4,8",1.0,positive,1.0,9.405326972737658,-0.004371973482254282,0.00013361897525326677,1.1888885074767042e-05,0.00012173009017849972,11.238982832533182,True,positive_GN_above_numerical_floor,9.401020990959038,-0.0043059817786197385,-0.004371973482254282,9.400954999255404,6.599170363454348e-05,6.680948762663338e-05,5.944442537383521e-06,-8.177839920899053e-07,6.0047261097159955e-05,6.680948762663338e-05,6.599170363454348e-05,-0.012240536803097685,0.9099213657173734,4.222287208268164e-05,2.376883155186184e-05,4.8451399645080756e-05,3.5226573794760544e-06,2.4225699822540378e-05,1.7613286897380272e-06,-4.568682706785379e-07,2.4225699822540378e-05,-0.018858826536497113
PD,10,bank,bank1,,1,"2,3",2,"1,4,8",2.0,positive,2.0,9.405326972737658,-0.004371973482254282,0.00013361897525326677,1.1888885074767042e-05,0.00012173009017849972,11.238982832533182,True,positive_GN_above_numerical_floor,9.396843779395802,-0.008483193341856321,-0.008743946964508564,9.396583025773149,0.000260753622652243,0.00026723795050653354,2.3777770149534084e-05,-6.484327854290551e-06,0.0002369758525027089,0.00026723795050653354,0.000260753622652243,-0.024264247806121457,0.9088113526183083,0.00016746463013021058,9.328899252203241e-05,4.8451399645080756e-05,3.5226573794760544e-06,9.690279929016151e-05,7.045314758952109e-06,-3.613806768129103e-06,9.690279929016151e-05,-0.03729311015369203
PD,10,bank,bank1,,1,"2,3",2,"1,4,8",4.0,positive,4.0,9.405326972737658,-0.004371973482254282,0.00013361897525326677,1.1888885074767042e-05,0.00012173009017849972,11.238982832533182,True,positive_GN_above_numerical_floor,9.388857069660691,-0.01646990307696683,-0.017487893929017128,9.387839078808641,0.0010179908520502982,0.0010689518020261341,9.511108059813634e-05,-5.096094997583591e-05,0.0009228797714521618,0.0010689518020261341,0.0010179908520502982,-0.04767375842319783,0.906569808160283,0.0006586443544201589,0.0003593464976301393,4.8451399645080756e-05,3.5226573794760544e-06,0.00038761119716064604,2.8181259035808435e-05,-2.826469953050672e-05,0.00038761119716064604,-0.07292023485790163
PD,10,bank,bank1,,1,"2,3",2,"1,4,8",8.0,positive,8.0,9.405326972737658,-0.004371973482254282,0.00013361897525326677,1.1888885074767042e-05,0.00012173009017849972,11.238982832533182,True,positive_GN_above_numerical_floor,9.37423347981963,-0.03109349291802843,-0.034975787858034256,9.370351184879624,0.0038822949400058246,0.004275807208104537,0.00038044432239254535,-0.000393512268098712,0.003501850617613279,0.004275807208104537,0.0038822949400058246,-0.09203227576604321,0.9020053014333901,0.002548041125194937,0.0013342538148108877,4.8451399645080756e-05,3.5226573794760544e-06,0.0015504447886425842,0.00011272503614323374,-0.0002161909738316965,0.0015504447886425842,-0.13943803443718358
PD,10,bank,bank1,,1,"2,3",2,"1,4,8",16.0,positive,16.0,9.405326972737658,-0.004371973482254282,0.00013361897525326677,1.1888885074767042e-05,0.00012173009017849972,11.238982832533182,True,positive_GN_above_numerical_floor,9.349542742035599,-0.05578423070205929,-0.06995157571606851,9.33537539702159,0.014167345014009222,0.017103228832418146,0.0015217772895701814,-0.002935883818408924,0.01264556772443904,0.017103228832418146,0.014167345014009222,-0.1716566998650063,0.8925855699804452,0.009549248858599587,0.004618096155409635,4.8451399645080756e-05,3.5226573794760544e-06,0.006201779154570337,0.00045090014457293496,-0.0015836829991607015,0.006201779154570337,-0.2553594637425331
PD,10,all_contexts,all4,,,"0,1,2,3",4,"1,4,8",-16.0,negative,16.0,9.402150225756904,-0.004518879302039341,0.00013537408099027027,1.1881773274208436e-05,0.00012349230771606184,11.393424017282378,True,positive_GN_above_numerical_floor,9.49570355003508,0.09355332427817586,0.07230206883262946,9.474452294589533,0.021251255445546402,0.017327882366754595,0.0015208669790986798,0.003923373078791807,0.019730388466447722,0.021251255445546402,0.021251255445546402,0.18461841413769384,0.9284340173221434,0.01266293789882899,0.008588317546717412,4.925040625855661e-05,3.5537036667151464e-06,0.006304052001095246,0.00045487406933953875,0.002284265545622166,0.008588317546717412,0.26597357785114123
PD,10,all_contexts,all4,,,"0,1,2,3",4,"1,4,8",-8.0,negative,8.0,9.402150225756904,-0.004518879302039341,0.00013537408099027027,1.1881773274208436e-05,0.00012349230771606184,11.393424017282378,True,positive_GN_above_numerical_floor,9.4430912524541,0.04094102669719568,0.03615103441631473,9.438301260173219,0.00478999228088095,0.004331970591688649,0.00038021674477466995,0.0004580216891923016,0.00440977553610628,0.00478999228088095,0.00478999228088095,0.09562054849659687,0.9206226811069637,0.0029521461577928197,0.0018378461230881306,4.925040625855661e-05,3.5537036667151464e-06,0.0015760130002738116,0.00011371851733488469,0.000261833122814319,0.0018378461230881306,0.14246738044334262
PD,10,all_contexts,all4,,,"0,1,2,3",4,"1,4,8",-4.0,negative,4.0,9.402150225756904,-0.004518879302039341,0.00013537408099027027,1.1881773274208436e-05,0.00012349230771606184,11.393424017282378,True,positive_GN_above_numerical_floor,9.421364012657705,0.01921378690080111,0.018075517208157366,9.42022574296506,0.0011382696926437452,0.0010829926479221622,9.505418619366749e-05,5.527704472158305e-05,0.0010432155064500777,0.0011382696926437452,0.0011382696926437452,0.048562344301021125,0.9164923859363289,0.0007129631355068371,0.0004253065571369081,4.925040625855661e-05,3.5537036667151464e-06,0.0003940032500684529,2.842962933372117e-05,3.1303307068455185e-05,0.0004253065571369081,0.07360175041547387
PD,10,all_contexts,all4,,,"0,1,2,3",4,"1,4,8",-2.0,negative,2.0,9.402150225756904,-0.004518879302039341,0.00013537408099027027,1.1881773274208436e-05,0.00012349230771606184,11.393424017282378,True,positive_GN_above_numerical_floor,9.411465521184542,0.009315295427638759,0.009037758604078683,9.411187984360982,0.00027753682356007614,0.00027074816198054054,2.3763546548416872e-05,6.788661579535597e-06,0.00025377327701165927,0.00027753682356007614,0.00027753682356007614,0.024460399497460237,0.9143769599882555,0.0001752097265616528,0.00010232709699842333,4.925040625855661e-05,3.5537036667151464e-06,9.850081251711322e-05,7.107407333430293e-06,3.826284481310105e-06,0.00010232709699842333,0.03739268085919667
PD,10,all_contexts,all4,,,"0,1,2,3",4,"1,4,8",-1.0,negative,1.0,9.402150225756904,-0.004518879302039341,0.00013537408099027027,1.1881773274208436e-05,0.00012349230771606184,11.393424017282378,True,positive_GN_above_numerical_floor,9.40673763321033,0.004587407453426451,0.004518879302039341,9.406669105058944,6.852815138710944e-05,6.768704049513514e-05,5.940886637104218e-06,8.411108919743014e-07,6.258726475000522e-05,6.852815138710944e-05,6.852815138710944e-05,0.012273946910123706,0.9133073559281546,4.3429991804482936e-05,2.50981595826265e-05,4.925040625855661e-05,3.5537036667151464e-06,2.4625203129278306e-05,1.7768518333575732e-06,4.729564533481948e-07,2.50981595826265e-05,0.018844268313425883
PD,10,all_contexts,all4,,,"0,1,2,3",4,"1,4,8",-0.5,negative,0.5,9.402150225756904,-0.004518879302039341,0.00013537408099027027,1.1881773274208436e-05,0.00012349230771606184,11.393424017282378,True,positive_GN_above_numerical_floor,9.404426691842824,0.002276466085920248,0.0022594396510196707,9.404409665407924,1.7026434900577203e-05,1.6921760123783784e-05,1.4852216592760545e-06,1.0467477679341916e-07,1.554121324130115e-05,1.7026434900577203e-05,1.7026434900577203e-05,0.006147780049355525,0.9127696627069178,1.08113448775008e-05,6.215090023076403e-06,4.925040625855661e-05,3.5537036667151464e-06,6.1563007823195765e-06,4.442129583393933e-07,5.8789240756826594e-08,6.215090023076403e-06,0.009459113309468452
PD,10,all_contexts,all4,,,"0,1,2,3",4,"1,4,8",-0.25,negative,0.25,9.402150225756904,-0.004518879302039341,0.00013537408099027027,1.1881773274208436e-05,0.00012349230771606184,11.393424017282378,True,positive_GN_above_numerical_floor,9.40328418907788,0.0011339633209761502,0.0011297198255098354,9.403279945582414,4.243495466314806e-06,4.230440030945946e-06,3.713054148190136e-07,1.3055435368860134e-08,3.8721900514957925e-06,4.243495466314806e-06,4.243495466314806e-06,0.003076575778740707,0.9125001033307413,2.697092174673457e-06,1.546403291641349e-06,4.925040625855661e-05,3.5537036667151464e-06,1.5390751955798941e-06,1.1105323958484833e-07,7.328096061454969e-09,1.546403291641349e-06,0.004738800092488773
PD,10,all_contexts,all4,,,"0,1,2,3",4,"1,4,8",0.0,zero,0.0,9.402150225756904,-0.004518879302039341,0.00013537408099027027,1.1881773274208436e-05,0.00012349230771606184,11.393424017282378,True,positive_GN_above_numerical_floor,9.402150225756904,0.0,-0.0,9.402150225756904,0.0,0.0,0.0,0.0,0.0,1e-10,1e-10,0.0,0.0,0.0,0.0,4.925040625855661e-05,3.5537036667151464e-06,0.0,0.0,0.0,1e-10,0.0
PD,10,all_contexts,all4,,,"0,1,2,3",4,"1,4,8",0.25,positive,0.25,9.402150225756904,-0.004518879302039341,0.00013537408099027027,1.1881773274208436e-05,0.00012349230771606184,11.393424017282378,True,positive_GN_above_numerical_floor,9.401024723373627,-0.0011255023832763555,-0.0011297198255098354,9.401020505931394,4.217442233479807e-06,4.230440030945946e-06,3.713054148190136e-07,-1.299779746613925e-08,3.846136818660793e-06,4.230440030945946e-06,4.217442233479807e-06,-0.0030724457434828318,0.9119595730626878,2.6856541983992207e-06,1.531788035080586e-06,4.925040625855661e-05,3.5537036667151464e-06,1.5390751955798941e-06,1.1105323958484833e-07,-7.287160499308058e-09,1.5390751955798941e-06,-0.004734765734797249
PD,10,all_contexts,all4,,,"0,1,2,3",4,"1,4,8",0.5,positive,0.5,9.402150225756904,-0.004518879302039341,0.00013537408099027027,1.1881773274208436e-05,0.00012349230771606184,11.393424017282378,True,positive_GN_above_numerical_floor,9.399907604113423,-0.002242621643480547,-0.0022594396510196707,9.399890786105884,1.681800753912388e-05,1.6921760123783784e-05,1.4852216592760545e-06,-1.0375258465990359e-07,1.5332785879847826e-05,1.6921760123783784e-05,1.681800753912388e-05,-0.006131311630761022,0.9116886078317559,1.0719840987841395e-05,6.098166551282485e-06,4.925040625855661e-05,3.5537036667151464e-06,6.1563007823195765e-06,4.442129583393933e-07,-5.8134231037091256e-08,6.1563007823195765e-06,-0.00944304592849789
PD,10,all_contexts,all4,,,"0,1,2,3",4,"1,4,8",1.0,positive,1.0,9.402150225756904,-0.004518879302039341,0.00013537408099027027,1.1881773274208436e-05,0.00012349230771606184,11.393424017282378,True,positive_GN_above_numerical_floor,9.39769820713909,-0.004452018617813636,-0.004518879302039341,9.397631346454864,6.686068422570579e-05,6.768704049513514e-05,5.940886637104218e-06,-8.263562694293448e-07,6.091979758860157e-05,6.768704049513514e-05,6.686068422570579e-05,-0.01220848575125304,0.9111452910495322,4.2697957664789444e-05,2.4162726560916347e-05,4.925040625855661e-05,3.5537036667151464e-06,2.4625203129278306e-05,1.7768518333575732e-06,-4.6247656836195914e-07,2.4625203129278306e-05,-0.01878061943018429
PD,10,all_contexts,all4,,,"0,1,2,3",4,"1,4,8",2.0,positive,2.0,9.402150225756904,-0.004518879302039341,0.00013537408099027027,1.1881773274208436e-05,0.00012349230771606184,11.393424017282378,True,positive_GN_above_numerical_floor,9.393376662696589,-0.008773563060314515,-0.009037758604078683,9.393112467152825,0.00026419554376416743,0.00027074816198054054,2.3763546548416872e-05,-6.552618216373114e-06,0.00024043199721575056,0.00027074816198054054,0.00026419554376416743,-0.02420189362853023,0.9100531893542109,0.000169353357519165,9.484218624500242e-05,4.925040625855661e-05,3.5537036667151464e-06,9.850081251711322e-05,7.107407333430293e-06,-3.6586262721108017e-06,9.850081251711322e-05,-0.037143107540104435
PD,10,all_contexts,all4,,,"0,1,2,3",4,"1,4,8",4.0,positive,4.0,9.402150225756904,-0.004518879302039341,0.00013537408099027027,1.1881773274208436e-05,0.00012349230771606184,11.393424017282378,True,positive_GN_above_numerical_floor,9.385106198872897,-0.017044026884006414,-0.018075517208157366,9.384074708548747,0.001031490324150952,0.0010829926479221622,9.505418619366749e-05,-5.1502323771210074e-05,0.0009364361379572846,0.0010829926479221622,0.001031490324150952,-0.04755556177599434,0.9078477190060806,0.0006661091462470976,0.00036538117790385453,4.925040625855661e-05,3.5537036667151464e-06,0.0003940032500684529,2.842962933372117e-05,-2.8622072164598365e-05,0.0003940032500684529,-0.07264425397411228
PD,10,all_contexts,all4,,,"0,1,2,3",4,"1,4,8",8.0,positive,8.0,9.402150225756904,-0.004518879302039341,0.00013537408099027027,1.1881773274208436e-05,0.00012349230771606184,11.393424017282378,True,positive_GN_above_numerical_floor,9.369933406114237,-0.03221681964266665,-0.03615103441631473,9.365999191340588,0.0039342147736480815,0.004331970591688649,0.00038021674477466995,-0.0003977558180405672,0.0035539980288734115,0.004331970591688649,0.0039342147736480815,-0.09181867919503067,0.9033563832555827,0.002577221258469157,0.0013569935151789246,4.925040625855661e-05,3.5537036667151464e-06,0.0015760130002738116,0.00011371851733488469,-0.000219019485094887,0.0015760130002738116,-0.13897060814652876
PD,10,all_contexts,all4,,,"0,1,2,3",4,"1,4,8",16.0,positive,16.0,9.402150225756904,-0.004518879302039341,0.00013537408099027027,1.1881773274208436e-05,0.00012349230771606184,11.393424017282378,True,positive_GN_above_numerical_floor,9.344207744698194,-0.057942481058709916,-0.07230206883262946,9.329848156924275,0.014359587773919547,0.017327882366754595,0.0015208669790986798,-0.002968294592835048,0.012838720794820867,0.017327882366754595,0.014359587773919547,-0.1713016357111265,0.8940870028413394,0.009661105297946289,0.004698482475973258,4.925040625855661e-05,3.5537036667151464e-06,0.006304052001095246,0.00045487406933953875,-0.0016055695251219887,0.006304052001095246,-0.25468849635806334
PD,500,context,context0,0,0,0,1,"1,4,8",-16.0,negative,16.0,4.288305784622716,-0.00045867468501483084,0.0004709925551644852,0.0005336155839380811,-6.262302877359596e-05,0.8826439282161922,True,positive_GN_above_numerical_floor,4.3574171485545525,0.06911136393183615,0.007338794960237293,4.295644579582953,0.06177256897159885,0.0602870470610541,0.06830279474407439,0.0014855219105447473,-0.0065302257724755355,0.06177256897159885,0.06830279474407439,0.024048245609272705,-0.09560700695987356,0.0353157592984574,0.02645680967314145,0.00019697375879615235,0.00021803892288559795,0.0252126411259075,0.027908982129356538,0.0012441685472339495,0.02645680967314145,0.04702640124054755
PD,500,context,context0,0,0,0,1,"1,4,8",-8.0,negative,8.0,4.288305784622716,-0.00045867468501483084,0.0004709925551644852,0.0005336155839380811,-6.262302877359596e-05,0.8826439282161922,True,positive_GN_above_numerical_floor,4.3072397328409,0.018933948218183616,0.0036693974801186467,4.291975182102835,0.015264550738064969,0.015071761765263526,0.017075698686018596,0.00019278897280144286,-0.0018111479479536279,0.015264550738064969,0.017075698686018596,0.012629849126229968,-0.10606581793555404,0.008791972351415697,0.006472578386649271,0.00019697375879615235,0.00021803892288559795,0.006303160281476875,0.0069772455323391346,0.00016941810517239614,0.006472578386649271,0.026174747535209167
PD,500,context,context0,0,0,0,1,"1,4,8",-4.0,negative,4.0,4.288305784622716,-0.00045867468501483084,0.0004709925551644852,0.0005336155839380811,-6.262302877359596e-05,0.8826439282161922,True,positive_GN_above_numerical_floor,4.293933004765234,0.005627220142518041,0.0018346987400593233,4.290140483362776,0.003792521402458718,0.0037679404413158814,0.004268924671504649,2.45809611428365e-05,-0.0004764032690459312,0.003792521402458718,0.004268924671504649,0.006481429775689728,-0.11159795632515,0.0021946556558782235,0.0015978657465804944,0.00019697375879615235,0.00021803892288559795,0.0015757900703692188,0.0017443113830847836,2.207567621127565e-05,0.0015978657465804944,0.013815726545561543
PD,500,context,context0,0,0,0,1,"1,4,8",-2.0,negative,2.0,4.288305784622716,-0.00045867468501483084,0.0004709925551644852,0.0005336155839380811,-6.262302877359596e-05,0.8826439282161922,True,positive_GN_above_numerical_floor,4.29016822882234,0.0018624441996237806,0.0009173493700296617,4.2892231339927465,0.0009450948295941189,0.0009419851103289704,0.0010672311678761623,3.1097192651485805e-06,-0.00012213633828204334,0.0009450948295941189,0.0010672311678761623,0.003290378031677607,-0.11444225202408595,0.0005483263196696919,0.00039676850992442704,0.00019697375879615235,0.00021803892288559795,0.0003939475175923047,0.0004360778457711959,2.8209923321223474e-06,0.00039676850992442704,0.007109919919450425
PD,500,context,context0,0,0,0,1,"1,4,8",-1.0,negative,1.0,4.288305784622716,-0.00045867468501483084,0.0004709925551644852,0.0005336155839380811,-6.262302877359596e-05,0.8826439282161922,True,positive_GN_above_numerical_floor,4.289000346889882,0.0006945622671654661,0.00045867468501483084,4.288764459307731,0.00023588758215063526,0.0002354962775822426,0.00026680779196904057,3.913045683926722e-07,-3.092020981840531e-05,0.00023588758215063526,0.00026680779196904057,0.0016588603979279814,-0.11588945581466818,0.0001370440276866458,9.884355446398947e-05,0.00019697375879615235,0.00021803892288559795,9.848687939807617e-05,0.00010901946144279898,3.5667506591329293e-07,9.884355446398947e-05,0.003608480773961202
PD,500,context,context0,0,0,0,1,"1,4,8",-0.5,negative,0.5,4.288305784622716,-0.00045867468501483084,0.0004709925551644852,0.0005336155839380811,-6.262302877359596e-05,0.8826439282161922,True,positive_GN_above_numerical_floor,4.288594045118664,0.0002882604959477675,0.00022933734250741542,4.288535121965224,5.892315344035206e-05,5.887406939556065e-05,6.670194799226014e-05,4.908404479141615e-08,-7.778794551908079e-06,5.892315344035206e-05,6.670194799226014e-05,0.0008330179551762102,-0.11662020054962567,3.425658917720952e-05,2.4666564263142542e-05,0.00019697375879615235,0.00021803892288559795,2.4621719849519044e-05,2.7254865360699744e-05,4.4844413623498455e-08,2.4666564263142542e-05,0.0018180243160376497
PD,500,context,context0,0,0,0,1,"1,4,8",-0.25,negative,0.25,4.288305784622716,-0.00045867468501483084,0.0004709925551644852,0.0005336155839380811,-6.262302877359596e-05,0.8826439282161922,True,positive_GN_above_numerical_floor,4.288435177957805,0.00012939333508832362,0.00011466867125370771,4.28842045329397,1.4724663834615915e-05,1.4718517348890162e-05,1.6675486998065036e-05,6.1464857257537045e-09,-1.95082316344912e-06,1.4724663834615915e-05,1.6675486998065036e-05,0.00041742791514900703,-0.1169874777075768,8.563611848695914e-06,6.161051985920001e-06,0.00019697375879615235,0.00021803892288559795,6.155429962379761e-06,6.813716340174936e-06,5.622023540240525e-09,6.161051985920001e-06,0.0009125103234137074
PD,500,context,context0,0,0,0,1,"1,4,8",0.0,zero,0.0,4.288305784622716,-0.00045867468501483084,0.0004709925551644852,0.0005336155839380811,-6.262302877359596e-05,0.8826439282161922,True,positive_GN_above_numerical_floor,4.288305784622716,0.0,-0.0,4.288305784622716,0.0,0.0,0.0,0.0,0.0,1e-10,1e-10,0.0,0.0,0.0,0.0,0.00019697375879615235,0.00021803892288559795,0.0,0.0,0.0,1e-10,0.0
PD,500,context,context0,0,0,0,1,"1,4,8",0.25,positive,0.25,4.288305784622716,-0.00045867468501483084,0.0004709925551644852,0.0005336155839380811,-6.262302877359596e-05,0.8826439282161922,True,positive_GN_above_numerical_floor,4.288205828299762,-9.995632295467516e-05,-0.00011466867125370771,4.288191115951463,1.471234829903255e-05,1.4718517348890162e-05,1.6675486998065036e-05,-6.1690498576114354e-09,-1.963138699032485e-06,1.4718517348890162e-05,1.6675486998065036e-05,-0.000419135277785069,-0.11772601899184598,8.562573754315465e-06,6.149774544717085e-06,0.00019697375879615235,0.00021803892288559795,6.155429962379761e-06,6.813716340174936e-06,-5.655417662675549e-09,6.155429962379761e-06,-0.000918768907653869
PD,500,context,context0,0,0,0,1,"1,4,8",0.5,positive,0.5,4.288305784622716,-0.00045867468501483084,0.0004709925551644852,0.0005336155839380811,-6.262302877359596e-05,0.8826439282161922,True,positive_GN_above_numerical_floor,4.288135271904505,-0.00017051271821166836,-0.00022933734250741542,4.288076447280209,5.882462429574706e-05,5.887406939556065e-05,6.670194799226014e-05,-4.944509981358628e-08,-7.877323696513081e-06,5.887406939556065e-05,6.670194799226014e-05,-0.0008398451189330332,-0.11809735597867603,3.4248283188661473e-05,2.4576341107085587e-05,0.00019697375879615235,0.00021803892288559795,2.4621719849519044e-05,2.7254865360699744e-05,-4.537874243345618e-08,2.4621719849519044e-05,-0.0018430370709600372
PD,500,context,context0,0,0,0,1,"1,4,8",1.0,positive,1.0,4.288305784622716,-0.00045867468501483084,0.0004709925551644852,0.0005336155839380811,-6.262302877359596e-05,0.8826439282161922,True,positive_GN_above_numerical_floor,4.288082209131116,-0.00022357549160023638,-0.00045867468501483084,4.287847109937702,0.00023509919341459446,0.0002354962775822426,0.00026680779196904057,-3.9708416764812826e-07,-3.170859855444611e-05,0.0002354962775822426,0.00026680779196904057,-0.0016861589988803715,-0.11884434978617664,0.00013697754022358623,9.812165319100823e-05,0.00019697375879615235,0.00021803892288559795,9.848687939807617e-05,0.00010901946144279898,-3.6522620706794327e-07,9.848687939807617e-05,-0.003708374245382756
PD,500,context,context0,0,0,0,1,"1,4,8",2.0,positive,2.0,4.288305784622716,-0.00045867468501483084,0.0004709925551644852,0.0005336155839380811,-6.262302877359596e-05,0.8826439282161922,True,positive_GN_above_numerical_floor,4.288327217995169,2.1433372452861477e-05,-0.0009173493700296617,4.287388435252686,0.0009387827424825231,0.0009419851103289704,0.0010672311678761623,-3.202367846447205e-06,-0.00012844842539363912,0.0009419851103289704,0.0010672311678761623,-0.0033995949737770687,-0.1203567036458064,0.0005477931579478712,0.0003909895845346519,0.00019697375879615235,0.00021803892288559795,0.0003939475175923047,0.0004360778457711959,-2.9579330576527804e-06,0.0003939475175923047,-0.007508444464203828
PD,500,context,context0,0,0,0,1,"1,4,8",4.0,positive,4.0,4.288305784622716,-0.00045867468501483084,0.0004709925551644852,0.0005336155839380811,-6.262302877359596e-05,0.8826439282161922,True,positive_GN_above_numerical_floor,4.290212951602809,0.001907166980092967,-0.0018346987400593233,4.286471085882657,0.0037418657201522903,0.0037679404413158814,0.004268924671504649,-2.6074721163591146e-05,-0.0005270589513523588,0.0037679404413158814,0.004268924671504649,-0.0069201521546569476,-0.12346410206544794,0.0021903504402090504,0.0015515152799432399,0.00019697375879615235,0.00021803892288559795,0.0015757900703692188,0.0017443113830847836,-2.427479042597892e-05,0.0015757900703692188,-0.015404837790538408
PD,500,context,context0,0,0,0,1,"1,4,8",8.0,positive,8.0,4.288305784622716,-0.00045867468501483084,0.0004709925551644852,0.0005336155839380811,-6.262302877359596e-05,0.8826439282161922,True,positive_GN_above_numerical_floor,4.299490706714803,0.011184922092086325,-0.0036693974801186467,4.284636387142598,0.014854319572204972,0.015071761765263526,0.017075698686018596,-0.0002174421930585535,-0.002221379113813624,0.015071761765263526,0.017075698686018596,-0.014427125139391532,-0.1300900861897069,0.008756314342882501,0.006098005229322471,0.00019697375879615235,0.00021803892288559795,0.006303160281476875,0.0069772455323391346,-0.00020515505215440433,0.006303160281476875,-0.032547966891670894
PD,500,context,context0,0,0,0,1,"1,4,8",16.0,positive,16.0,4.288305784622716,-0.00045867468501483084,0.0004709925551644852,0.0005336155839380811,-6.262302877359596e-05,0.8826439282161922,True,positive_GN_above_numerical_floor,4.339329186788081,0.05102340216536483,-0.007338794960237293,4.280966989662479,0.058362197125602124,0.0602870470610541,0.06830279474407439,-0.001924849935451979,-0.009940597618472262,0.0602870470610541,0.06830279474407439,-0.031928084543643986,-0.1455372017458284,0.03499976957101339,0.023362427554588734,0.00019697375879615235,0.00021803892288559795,0.0252126411259075,0.027908982129356538,-0.0018502135713187665,0.0252126411259075,-0.07338436152242539
PD,500,context,context1,1,0,1,1,"1,4,8",-16.0,negative,16.0,4.019913119687876,-0.0006752353178642801,0.00045642095582456226,0.0004845523717394094,-2.8131415914847138e-05,0.9419434976370807,True,positive_GN_above_numerical_floor,4.087578268812326,0.06766514912444954,0.010803765085828481,4.030716884773705,0.05686138403862106,0.05842188234554397,0.0620227035826444,-0.0015604983069229111,-0.005161319544023345,0.05842188234554397,0.0620227035826444,-0.02671085292481911,-0.08321661659179298,0.0335457182659643,0.023315665772656757,0.00019047300634805937,0.00020004374702587216,0.0243805448125516,0.025605599619311636,-0.0010648790398948421,0.0243805448125516,-0.04367740951164556
PD,500,context,context1,1,0,1,1,"1,4,8",-8.0,negative,8.0,4.019913119687876,-0.0006752353178642801,0.00045642095582456226,0.0004845523717394094,-2.8131415914847138e-05,0.9419434976370807,True,positive_GN_above_numerical_floor,4.0396797401707225,0.019766620482846164,0.005401882542914241,4.025315002230791,0.014364737939931923,0.014605470586385992,0.0155056758956611,-0.00024073264645406954,-0.001140937955729178,0.014605470586385992,0.0155056758956611,-0.016482361525445167,-0.07358195562751589,0.008439804006709347,0.005924933933222576,0.00019047300634805937,0.00020004374702587216,0.0060951362031379,0.006401399904827909,-0.00017020226991532397,0.0060951362031379,-0.02792427670897664
PD,500,context,context1,1,0,1,1,"1,4,8",-4.0,negative,4.0,4.019913119687876,-0.0006752353178642801,0.00045642095582456226,0.0004845523717394094,-2.8131415914847138e-05,0.9419434976370807,True,positive_GN_above_numerical_floor,4.026233547868612,0.00632042818073586,0.0027009412714571203,4.0226140609593335,0.0036194869092787394,0.003651367646596498,0.003876418973915275,-3.188073731775869e-05,-0.0002569320646365358,0.003651367646596498,0.003876418973915275,-0.008731177028277408,-0.06628077779142338,0.0021182499226304594,0.00150123698664828,0.00019047300634805937,0.00020004374702587216,0.001523784050784475,0.0016003499762069773,-2.2547064136194984e-05,0.001523784050784475,-0.014796758191941501
PD,500,context,context1,1,0,1,1,"1,4,8",-2.0,negative,2.0,4.019913119687876,-0.0006752353178642801,0.00045642095582456226,0.0004845523717394094,-2.8131415914847138e-05,0.9419434976370807,True,positive_GN_above_numerical_floor,4.022172366947202,0.0022592472593254698,0.0013504706357285602,4.0212635903236045,0.0009087766235969096,0.0009128419116491245,0.0009691047434788188,-4.06528805221493e-06,-6.0328119881909205e-05,0.0009128419116491245,0.0009691047434788188,-0.004453441499931407,-0.06225139262588674,0.0005306973352641319,0.0003780792883327777,0.00019047300634805937,0.00020004374702587216,0.00038094601269611874,0.0004000874940517443,-2.8667243633410337e-06,0.00038094601269611874,-0.007525277251366913
PD,500,context,context1,1,0,1,1,"1,4,8",-1.0,negative,1.0,4.019913119687876,-0.0006752353178642801,0.00045642095582456226,0.0004845523717394094,-2.8131415914847138e-05,0.9419434976370807,True,positive_GN_above_numerical_floor,4.0208160532412816,0.0009029335534052052,0.0006752353178642801,4.02058835500574,0.00022769823554092512,0.00022821047791228113,0.0002422761858697047,-5.122423713560152e-07,-1.4577950328779584e-05,0.00022821047791228113,0.0002422761858697047,-0.00224460496311177,-0.06017079341268628,0.00013282217827615512,9.487605726477e-05,0.00019047300634805937,0.00020004374702587216,9.523650317402969e-05,0.00010002187351293608,-3.60445909259688e-07,9.523650317402969e-05,-0.0037847453155753726
PD,500,context,context1,1,0,1,1,"1,4,8",-0.5,negative,0.5,4.019913119687876,-0.0006752353178642801,0.00045642095582456226,0.0004845523717394094,-2.8131415914847138e-05,0.9419434976370807,True,positive_GN_above_numerical_floor,4.020307725708894,0.0003946060210173741,0.00033761765893214004,4.020250737346808,5.698836208523403e-05,5.705261947807028e-05,6.0569046467426175e-05,-6.42573928362502e-08,-3.5806843821921424e-06,5.705261947807028e-05,6.0569046467426175e-05,-0.0011262829546494226,-0.05911739726855073,3.322439609998782e-05,2.3763965985246216e-05,0.00019047300634805937,0.00020004374702587216,2.380912579350742e-05,2.500546837823402e-05,-4.515980826120538e-08,2.380912579350742e-05,-0.001896743654213467
PD,500,context,context1,1,0,1,1,"1,4,8",-0.25,negative,0.25,4.019913119687876,-0.0006752353178642801,0.00045642095582456226,0.0004845523717394094,-2.8131415914847138e-05,0.9419434976370807,True,positive_GN_above_numerical_floor,4.0200961836267,0.00018306393882383531,0.00016880882946607002,4.020081928517342,1.4255109357765293e-05,1.426315486951757e-05,1.5142261616856544e-05,-8.045511752277268e-09,-8.871522590912503e-07,1.426315486951757e-05,1.5142261616856544e-05,-0.0005640765893576388,-0.05858783063843396,8.308478548659225e-06,5.946630809106068e-06,0.00019047300634805937,0.00020004374702587216,5.952281448376855e-06,6.251367094558505e-06,-5.6506392707871055e-09,5.952281448376855e-06,-0.0009493232670185639
PD,500,context,context1,1,0,1,1,"1,4,8",0.0,zero,0.0,4.019913119687876,-0.0006752353178642801,0.00045642095582456226,0.0004845523717394094,-2.8131415914847138e-05,0.9419434976370807,True,positive_GN_above_numerical_floor,4.019913119687876,0.0,-0.0,4.019913119687876,0.0,0.0,0.0,0.0,0.0,1e-10,1e-10,0.0,0.0,0.0,0.0,0.00019047300634805937,0.00020004374702587216,0.0,0.0,0.0,1e-10,0.0
PD,500,context,context1,1,0,1,1,"1,4,8",0.25,positive,0.25,4.019913119687876,-0.0006752353178642801,0.00045642095582456226,0.0004845523717394094,-2.8131415914847138e-05,0.9419434976370807,True,positive_GN_above_numerical_floor,4.019758582083782,-0.00015453760409478434,-0.00016880882946607002,4.01974431085841,1.427122537128568e-05,1.426315486951757e-05,1.5142261616856544e-05,8.070501768108544e-09,-8.710362455708645e-07,1.427122537128568e-05,1.5142261616856544e-05,0.0005655086762449104,-0.05752352373843658,8.313283611781087e-06,5.9579417595045925e-06,0.00019047300634805937,0.00020004374702587216,5.952281448376855e-06,6.251367094558505e-06,5.66031112773715e-09,5.9579417595045925e-06,0.0009500447228621129
PD,500,context,context1,1,0,1,1,"1,4,8",0.5,positive,0.5,4.019913119687876,-0.0006752353178642801,0.00045642095582456226,0.0004845523717394094,-2.8131415914847138e-05,0.9419434976370807,True,positive_GN_above_numerical_floor,4.019632619305735,-0.0002805003821411134,-0.00033761765893214004,4.019575502028944,5.711727679102665e-05,5.705261947807028e-05,6.0569046467426175e-05,6.465731295636853e-08,-3.4517696763995237e-06,5.711727679102665e-05,6.0569046467426175e-05,0.0011320097278609482,-0.05698900474280825,3.326283636095553e-05,2.3854440430071122e-05,0.00019047300634805937,0.00020004374702587216,2.380912579350742e-05,2.500546837823402e-05,4.5314636563700806e-08,2.3854440430071122e-05,0.0018996310853126015
PD,500,context,context1,1,0,1,1,"1,4,8",1.0,positive,1.0,4.019913119687876,-0.0006752353178642801,0.00045642095582456226,0.0004845523717394094,-2.8131415914847138e-05,0.9419434976370807,True,positive_GN_above_numerical_floor,4.019466613494671,-0.00044650619320574236,-0.0006752353178642801,4.019237884370012,0.00022872912465853772,0.00022821047791228113,0.0002422761858697047,5.186467462565904e-07,-1.3547061211166978e-05,0.00022872912465853772,0.0002422761858697047,0.0022675151099837473,-0.055915777122447115,0.00013312969260347756,9.559943205506016e-05,0.00019047300634805937,0.00020004374702587216,9.523650317402969e-05,0.00010002187351293608,3.629288810304775e-07,9.559943205506016e-05,0.0037963497609635366
PD,500,context,context1,1,0,1,1,"1,4,8",2.0,positive,2.0,4.019913119687876,-0.0006752353178642801,0.00045642095582456226,0.0004845523717394094,-2.8131415914847138e-05,0.9419434976370807,True,positive_GN_above_numerical_floor,4.0194796590823865,-0.0004334606054898771,-0.0013504706357285602,4.018562649052148,0.0009170100302386831,0.0009128419116491245,0.0009691047434788188,4.168118589558561e-06,-5.2094713240135714e-05,0.0009170100302386831,0.0009691047434788188,0.004545335876504716,-0.053755503304142395,0.000533157201056942,0.00038385282918174113,0.00019047300634805937,0.00020004374702587216,0.00038094601269611874,0.0004000874940517443,2.9068164856223874e-06,0.00038385282918174113,0.007572736904971748
PD,500,context,context1,1,0,1,1,"1,4,8",4.0,positive,4.0,4.019913119687876,-0.0006752353178642801,0.00045642095582456226,0.0004845523717394094,-2.8131415914847138e-05,0.9419434976370807,True,positive_GN_above_numerical_floor,4.020897094823429,0.000983975135552484,-0.0027009412714571203,4.017212178416419,0.0036849164070096043,0.003651367646596498,0.003876418973915275,3.354876041310618e-05,-0.00019150256690567092,0.0036849164070096043,0.003876418973915275,0.00910434775380204,-0.04940192693161049,0.002137920832123692,0.001546995574885912,0.00019047300634805937,0.00020004374702587216,0.001523784050784475,0.0016003499762069773,2.321152410143714e-05,0.001546995574885912,0.015004260179056391
PD,500,context,context1,1,0,1,1,"1,4,8",8.0,positive,8.0,4.019913119687876,-0.0006752353178642801,0.00045642095582456226,0.0004845523717394094,-2.8131415914847138e-05,0.9419434976370807,True,positive_GN_above_numerical_floor,4.029385501126117,0.009472381438240696,-0.005401882542914241,4.014511237144962,0.014874263981154937,0.014605470586385992,0.0155056758956611,0.0002687933947689448,-0.0006314119145061636,0.014874263981154937,0.0155056758956611,0.018071038345796108,-0.04072134093057172,0.00859690748164427,0.006277356499510667,0.00019047300634805937,0.00020004374702587216,0.0060951362031379,0.006401399904827909,0.0001822202963727669,0.006277356499510667,0.029028189873710593
PD,500,context,context1,1,0,1,1,"1,4,8",16.0,positive,16.0,4.019913119687876,-0.0006752353178642801,0.00045642095582456226,0.0004845523717394094,-2.8131415914847138e-05,0.9419434976370807,True,positive_GN_above_numerical_floor,4.069611363697464,0.04969824400958789,-0.010803765085828481,4.009109354602048,0.06050200909541637,0.05842188234554397,0.0620227035826444,0.002080126749872402,-0.0015206944872280317,0.06050200909541637,0.0620227035826444,0.03438111859379546,-0.024518352141836692,0.03479303791969624,0.02570897117572013,0.00019047300634805937,0.00020004374702587216,0.0243805448125516,0.025605599619311636,0.0013284263631685306,0.02570897117572013,0.05167170456136778
PD,500,context,context2,2,1,2,1,"1,4,8",-16.0,negative,16.0,3.9930805601839694,0.00022476647402256382,0.00048121323091385783,0.0005057459194177149,-2.4532688503857024e-05,0.9514920683253313,True,positive_GN_above_numerical_floor,4.054538541384435,0.06145798120046564,-0.003596263584361021,3.9894842965996085,0.06505424478482666,0.0615952935569738,0.0647354776854675,0.0034589512278528564,0.00031876709935915737,0.06505424478482666,0.06505424478482666,0.053170261822171314,0.0049000199819936585,0.03662083419779013,0.02843341058703653,0.0002037089517665353,0.00020639619040136348,0.02607474582611652,0.026418712371374525,0.002358664760920011,0.02843341058703653,0.08295398660318937
PD,500,context,context2,2,1,2,1,"1,4,8",-8.0,negative,8.0,3.9930805601839694,0.00022476647402256382,0.00048121323091385783,0.0005057459194177149,-2.4532688503857024e-05,0.9514920683253313,True,positive_GN_above_numerical_floor,4.007041938565379,0.013961378381409872,-0.0017981317921805105,3.9912824283917887,0.015759510173590383,0.01539882338924345,0.016183869421366875,0.00036068678434693184,-0.0004243592477764929,0.015759510173590383,0.016183869421366875,0.022886928614784415,-0.02622112405431481,0.008991806216618586,0.006767703956971797,0.0002037089517665353,0.00020639619040136348,0.00651868645652913,0.006604678092843631,0.00024901750044266716,0.006767703956971797,0.036794975375088634
PD,500,context,context2,2,1,2,1,"1,4,8",-4.0,negative,4.0,3.9930805601839694,0.00022476647402256382,0.00048121323091385783,0.0005057459194177149,-2.4532688503857024e-05,0.9514920683253313,True,positive_GN_above_numerical_floor,3.9960708510728047,0.0029902908888352897,-0.0008990658960902553,3.992181494287879,0.0038893567849255448,0.0038497058473108627,0.004045967355341719,3.965093761468209e-05,-0.0001566105704161741,0.0038893567849255448,0.004045967355341719,0.010194728796381466,-0.03870781859112329,0.0022322092853274324,0.0016571474995981123,0.0002037089517665353,0.00020639619040136348,0.0016296716141322824,0.0016511695232109078,2.7475885465829894e-05,0.0016571474995981123,0.016580229262931203
PD,500,context,context2,2,1,2,1,"1,4,8",-2.0,negative,2.0,3.9930805601839694,0.00022476647402256382,0.00048121323091385783,0.0005057459194177149,-2.4532688503857024e-05,0.9514920683253313,True,positive_GN_above_numerical_floor,3.993598053603212,0.0005174934192426761,-0.00044953294804512764,3.9926310272359244,0.0009670263672878037,0.0009624264618277157,0.0010114918388354297,4.59990546008808e-06,-4.446547154762597e-05,0.0009670263672878037,0.0010114918388354297,0.0047567528825396225,-0.04396028701410069,0.0005564163695501264,0.00041060999773767735,0.0002037089517665353,0.00020639619040136348,0.0004074179035330706,0.00041279238080272696,3.1920942046067408e-06,0.00041060999773767735,0.007774029424987466
PD,500,context,context2,2,1,2,1,"1,4,8",-1.0,negative,1.0,3.9930805601839694,0.00022476647402256382,0.00048121323091385783,0.0005057459194177149,-2.4532688503857024e-05,0.9514920683253313,True,positive_GN_above_numerical_floor,3.99309695276285,1.6392578880530806e-05,-0.00022476647402256382,3.9928557937099467,0.00024115905290309462,0.00024060661545692892,0.00025287295970885743,5.524374461657073e-07,-1.1713906805762805e-05,0.00024115905290309462,0.00025287295970885743,0.002290759726891506,-0.04632328746912871,0.0001389209473273471,0.00010223810557574752,0.0002037089517665353,0.00020639619040136348,0.00010185447588326765,0.00010319809520068174,3.8362969247986677e-07,0.00010223810557574752,0.00375231612831126
PD,500,context,context2,2,1,2,1,"1,4,8",-0.5,negative,0.5,3.9930805601839694,0.00022476647402256382,0.00048121323091385783,0.0005057459194177149,-2.4532688503857024e-05,0.9514920683253313,True,positive_GN_above_numerical_floor,3.9930283962417414,-5.2163942227956284e-05,-0.00011238323701128191,3.9929681769469583,6.0219294783325626e-05,6.015165386423223e-05,6.321823992721436e-05,6.764091909339628e-08,-2.9989451438887317e-06,6.0219294783325626e-05,6.321823992721436e-05,0.0011232432949733855,-0.04743797276453022,3.470868721160389e-05,2.551060757172174e-05,0.0002037089517665353,0.00020639619040136348,2.5463618970816913e-05,2.5799523800170435e-05,4.6988600904825876e-08,2.551060757172174e-05,0.0018419240221041338
PD,500,context,context2,2,1,2,1,"1,4,8",-0.25,negative,0.25,3.9930805601839694,0.00022476647402256382,0.00048121323091385783,0.0005057459194177149,-2.4532688503857024e-05,0.9514920683253313,True,positive_GN_above_numerical_floor,3.993039414845615,-4.11453383541982e-05,-5.6191618505640955e-05,3.9930243685654636,1.5046280151442753e-05,1.5037913466058057e-05,1.580455998180359e-05,8.366685384695214e-09,-7.582798303608368e-07,1.5046280151442753e-05,1.580455998180359e-05,0.0005560633791530827,-0.04797854740871458,8.67456221417244e-06,6.371717937270313e-06,0.0002037089517665353,0.00020639619040136348,6.365904742704228e-06,6.449880950042609e-06,5.813194566085052e-09,6.371717937270313e-06,0.0009123433622322998
PD,500,context,context2,2,1,2,1,"1,4,8",0.0,zero,0.0,3.9930805601839694,0.00022476647402256382,0.00048121323091385783,0.0005057459194177149,-2.4532688503857024e-05,0.9514920683253313,True,positive_GN_above_numerical_floor,3.9930805601839694,0.0,0.0,3.9930805601839694,0.0,0.0,0.0,0.0,0.0,1e-10,1e-10,0.0,0.0,0.0,0.0,0.0002037089517665353,0.00020639619040136348,0.0,0.0,0.0,1e-10,0.0
PD,500,context,context2,2,1,2,1,"1,4,8",0.25,positive,0.25,3.9930805601839694,0.00022476647402256382,0.00048121323091385783,0.0005057459194177149,-2.4532688503857024e-05,0.9514920683253313,True,positive_GN_above_numerical_floor,3.9931517815261603,7.122134219095244e-05,5.6191618505640955e-05,3.993136751802475,1.5029723685311487e-05,1.5037913466058057e-05,1.580455998180359e-05,-8.18978074657057e-09,-7.748362964921026e-07,1.5037913466058057e-05,1.580455998180359e-05,-0.0005446088491635261,-0.0490261226749876,8.66951134362877e-06,6.3602123416827165e-06,0.0002037089517665353,0.00020639619040136348,6.365904742704228e-06,6.449880950042609e-06,-5.692401021511746e-09,6.365904742704228e-06,-0.0008942014138737523
PD,500,context,context2,2,1,2,1,"1,4,8",0.5,positive,0.5,3.9930805601839694,0.00022476647402256382,0.00048121323091385783,0.0005057459194177149,-2.4532688503857024e-05,0.9514920683253313,True,positive_GN_above_numerical_floor,3.9932530302640843,0.00017247008011489484,0.00011238323701128191,3.9931929434209805,6.008684310361293e-05,6.015165386423223e-05,6.321823992721436e-05,-6.481076061929698e-08,-3.131396823601425e-06,6.015165386423223e-05,6.321823992721436e-05,-0.001077456004211967,-0.04953312251664591,3.466828026816896e-05,2.5418562835443975e-05,0.0002037089517665353,0.00020639619040136348,2.5463618970816913e-05,2.5799523800170435e-05,-4.5056135372938035e-08,2.5463618970816913e-05,-0.0017694317302098933
PD,500,context,context2,2,1,2,1,"1,4,8",1.0,positive,1.0,3.9930805601839694,0.00022476647402256382,0.00048121323091385783,0.0005057459194177149,-2.4532688503857024e-05,0.9514920683253313,True,positive_GN_above_numerical_floor,3.9935454260989602,0.00046486591499084184,0.00022476647402256382,3.993305326657992,0.00024009944096827803,0.00024060661545692892,0.00025287295970885743,-5.071744886508912e-07,-1.2773518740579403e-05,0.00024060661545692892,0.00025287295970885743,-0.0021078991850981784,-0.05051358103011906,0.0001385976923124151,0.00010150174865586293,0.0002037089517665353,0.00020639619040136348,0.00010185447588326765,0.00010319809520068174,-3.527272274047189e-07,0.00010185447588326765,-0.00346305083155078
PD,500,context,context2,2,1,2,1,"1,4,8",2.0,positive,2.0,3.9930805601839694,0.00022476647402256382,0.00048121323091385783,0.0005057459194177149,-2.4532688503857024e-05,0.9514920683253313,True,positive_GN_above_numerical_floor,3.9944886426451123,0.0014080824611428788,0.00044953294804512764,3.9935300931320143,0.0009585495130977512,0.0009624264618277157,0.0010114918388354297,-3.876948729964478e-06,-5.2942325737678525e-05,0.0009624264618277157,0.0010114918388354297,-0.004028306456372655,-0.052340833316691024,0.0005538303514838653,0.0004047191616138859,0.0002037089517665353,0.00020639619040136348,0.0004074179035330706,0.00041279238080272696,-2.698741919184705e-06,0.0004074179035330706,-0.0066240140548110326
PD,500,context,context2,2,1,2,1,"1,4,8",4.0,positive,4.0,3.9930805601839694,0.00022476647402256382,0.00048121323091385783,0.0005057459194177149,-2.4532688503857024e-05,0.9514920683253313,True,positive_GN_above_numerical_floor,3.997801168478463,0.004720608294493722,0.0008990658960902553,3.9939796260800597,0.003821542398403467,0.0038497058473108627,0.004045967355341719,-2.8163448907395517e-05,-0.0002244249569382517,0.0038497058473108627,0.004045967355341719,-0.007315740481073001,-0.055468800716336225,0.002211522434299876,0.001610019964103591,0.0002037089517665353,0.00020639619040136348,0.0016296716141322824,0.0016511695232109078,-1.9651650028691334e-05,0.0016296716141322824,-0.012058656393272728
PD,500,context,context2,2,1,2,1,"1,4,8",8.0,positive,8.0,3.9930805601839694,0.00022476647402256382,0.00048121323091385783,0.0005057459194177149,-2.4532688503857024e-05,0.9514920683253313,True,positive_GN_above_numerical_floor,4.010095581759329,0.017015021575359945,0.0017981317921805105,3.99487869197615,0.015216889783179435,0.01539882338924345,0.016183869421366875,-0.0001819336060640154,-0.0009669796381874401,0.01539882338924345,0.016183869421366875,-0.011814773211250774,-0.059749594674236434,0.008826422629597281,0.006390467153582154,0.0002037089517665353,0.00020639619040136348,0.00651868645652913,0.006604678092843631,-0.0001282193029469754,0.00651868645652913,-0.019669499952486697
PD,500,context,context2,2,1,2,1,"1,4,8",16.0,positive,16.0,3.9930805601839694,0.00022476647402256382,0.00048121323091385783,0.0005057459194177149,-2.4532688503857024e-05,0.9514920683253313,True,positive_GN_above_numerical_floor,4.057370624811238,0.0642900646272686,0.003596263584361021,3.9966768237683303,0.060693801042907586,0.0615952935569738,0.0647354776854675,-0.0009014925140662169,-0.004041676642559916,0.0615952935569738,0.0647354776854675,-0.014635736953382052,-0.06243371929990769,0.03530791469665299,0.025385886346254598,0.0002037089517665353,0.00020639619040136348,0.02607474582611652,0.026418712371374525,-0.000688859479861921,0.02607474582611652,-0.026418646013107363
PD,500,context,context3,3,1,3,1,"1,4,8",-16.0,negative,16.0,4.603702771275375,-0.002492194578037267,0.000375474055252014,0.00037507453648845504,3.995187635589593e-07,1.0010651716517451,True,positive_GN_above_numerical_floor,4.694873225049108,0.09117045377373234,0.03987511324859627,4.643577884523972,0.05129534052513607,0.04806067907225779,0.048009540670522245,0.0032346614528782763,0.003285799854613823,0.05129534052513607,0.05129534052513607,0.06305955706236528,0.06405649754881138,0.029691808545958272,0.021603531979177797,0.00015187794751369885,0.00014780302425848986,0.019440377281753452,0.018918787105086703,0.0021631546974243444,0.021603531979177797,0.10012967784662549
PD,500,context,context3,3,1,3,1,"1,4,8",-8.0,negative,8.0,4.603702771275375,-0.002492194578037267,0.000375474055252014,0.00037507453648845504,3.995187635589593e-07,1.0010651716517451,True,positive_GN_above_numerical_floor,4.636083426997188,0.0323806557218127,0.019937556624298136,4.623640327899674,0.012443099097514565,0.012015169768064448,0.012002385167630561,0.000427929329450117,0.0004407139298840037,0.012443099097514565,0.012443099097514565,0.03439089619848751,0.03541834123719498,0.007286637956654494,0.005156461140860071,0.00015187794751369885,0.00014780302425848986,0.004860094320438363,0.004729696776271676,0.00029636682042170816,0.005156461140860071,0.057474848025767473
PD,500,context,context3,3,1,3,1,"1,4,8",-4.0,negative,4.0,4.603702771275375,-0.002492194578037267,0.000375474055252014,0.00037507453648845504,3.995187635589593e-07,1.0010651716517451,True,positive_GN_above_numerical_floor,4.616729403243016,0.013026631967640867,0.009968778312149068,4.613671549587524,0.003057853655491799,0.003003792442016112,0.0030005962919076403,5.4061213475686994e-05,5.725736358415867e-05,0.003057853655491799,0.003057853655491799,0.017679463952957636,0.018724690595093206,0.0018049237316667287,0.0012529299238250703,0.00015187794751369885,0.00014780302425848986,0.0012150235801095908,0.001182424194067919,3.7906343715479567e-05,0.0012529299238250703,0.030254161062539933
PD,500,context,context3,3,1,3,1,"1,4,8",-2.0,negative,2.0,4.603702771275375,-0.002492194578037267,0.000375474055252014,0.00037507453648845504,3.995187635589593e-07,1.0010651716517451,True,positive_GN_above_numerical_floor,4.609444872574946,0.00574210129957109,0.004984389156074534,4.60868716043145,0.0007577121434965556,0.000750948110504028,0.0007501490729769101,6.764032992527579e-06,7.5630705196454975e-06,0.0007577121434965556,0.0007577121434965556,0.008926916442587444,0.00998145613021956,0.00044919048341301386,0.0003085216600835417,0.00015187794751369885,0.00014780302425848986,0.0003037558950273977,0.00029560604851697973,4.7657650561440325e-06,0.0003085216600835417,0.015447100391115343
PD,500,context,context3,3,1,3,1,"1,4,8",-1.0,negative,1.0,4.603702771275375,-0.002492194578037267,0.000375474055252014,0.00037507453648845504,3.995187635589593e-07,1.0010651716517451,True,positive_GN_above_numerical_floor,4.606383547954854,0.002680776679478747,0.002492194578037267,4.606194965853413,0.00018858210144147985,0.000187737027626007,0.00018753726824422752,8.450738154728546e-07,1.0448331972523343e-06,0.00018858210144147985,0.00018858210144147985,0.004481198422402218,0.005540468524138083,0.0001120464429781556,7.653565846332426e-05,0.00015187794751369885,0.00014780302425848986,7.593897375684942e-05,7.390151212924493e-05,5.966847064748331e-07,7.653565846332426e-05,0.0077961661068188665
PD,500,context,context3,3,1,3,1,"1,4,8",-0.5,negative,0.5,4.603702771275375,-0.002492194578037267,0.000375474055252014,0.00037507453648845504,3.995187635589593e-07,1.0010651716517451,True,positive_GN_above_numerical_floor,4.604995908404719,0.0012931371293438687,0.0012460972890186335,4.604948868564394,4.70398403252352e-05,4.693425690650175e-05,4.688431706105688e-05,1.055834187334493e-07,1.5552326417831922e-07,4.70398403252352e-05,4.70398403252352e-05,0.00224455308528774,0.0033062030632550112,2.7980472761936058e-05,1.9059367563299142e-05,0.00015187794751369885,0.00014780302425848986,1.8984743439212356e-05,1.8475378032311233e-05,7.462412408678609e-08,1.9059367563299142e-05,0.003915351537187564
PD,500,context,context3,3,1,3,1,"1,4,8",-0.25,negative,0.25,4.603702771275375,-0.002492194578037267,0.000375474055252014,0.00037507453648845504,3.995187635589593e-07,1.0010651716517451,True,positive_GN_above_numerical_floor,4.60433756667815,0.0006347954027745573,0.0006230486445093168,4.604325819919884,1.1746758265240506e-05,1.1733564226625438e-05,1.172107926526422e-05,1.3194038615068645e-08,2.5678999976286123e-08,1.1746758265240506e-05,1.1746758265240506e-05,0.0011232067875365022,0.002186049920876648,6.991242628851595e-06,4.755515636388911e-06,0.00015187794751369885,0.00014780302425848986,4.746185859803089e-06,4.618844508077808e-06,9.329776585822041e-09,4.755515636388911e-06,0.0019618853767257474
PD,500,context,context3,3,1,3,1,"1,4,8",0.0,zero,0.0,4.603702771275375,-0.002492194578037267,0.000375474055252014,0.00037507453648845504,3.995187635589593e-07,1.0010651716517451,True,positive_GN_above_numerical_floor,4.603702771275375,0.0,-0.0,4.603702771275375,0.0,0.0,0.0,0.0,0.0,1e-10,1e-10,0.0,0.0,0.0,0.0,0.00015187794751369885,0.00014780302425848986,0.0,0.0,0.0,1e-10,0.0
PD,500,context,context3,3,1,3,1,"1,4,8",0.25,positive,0.25,4.603702771275375,-0.002492194578037267,0.000375474055252014,0.00037507453648845504,3.995187635589593e-07,1.0010651716517451,True,positive_GN_above_numerical_floor,4.603091443010204,-0.000611328265171629,-0.0006230486445093168,4.603079722630866,1.1720379337687784e-05,1.1733564226625438e-05,1.172107926526422e-05,-1.3184888937653997e-08,-6.999275764365192e-10,1.1733564226625438e-05,1.172107926526422e-05,-0.001123690012940421,-5.971528394239054e-05,6.983525534264785e-06,4.736853803422999e-06,0.00015187794751369885,0.00014780302425848986,4.746185859803089e-06,4.618844508077808e-06,-9.332056380090244e-09,4.746185859803089e-06,-0.0019662222794784136
PD,500,context,context3,3,1,3,1,"1,4,8",0.5,positive,0.5,4.603702771275375,-0.002492194578037267,0.000375474055252014,0.00037507453648845504,3.995187635589593e-07,1.0010651716517451,True,positive_GN_above_numerical_floor,4.6025035028060675,-0.001199268469307846,-0.0012460972890186335,4.602456673986357,4.682881971078759e-05,4.693425690650175e-05,4.688431706105688e-05,-1.0543719571416081e-07,-5.5497350269290895e-08,4.693425690650175e-05,4.688431706105688e-05,-0.00224648695140105,-0.0011837081938725345,2.791873702705382e-05,1.8910082683733768e-05,0.00015187794751369885,0.00014780302425848986,1.8984743439212356e-05,1.8475378032311233e-05,-7.466075547858753e-08,1.8984743439212356e-05,-0.0039326712903782635
PD,500,context,context3,3,1,3,1,"1,4,8",1.0,positive,1.0,4.603702771275375,-0.002492194578037267,0.000375474055252014,0.00037507453648845504,3.995187635589593e-07,1.0010651716517451,True,positive_GN_above_numerical_floor,4.601397470979893,-0.002305300295482482,-0.002492194578037267,4.601210576697338,0.00018689428255478507,0.000187737027626007,0.00018753726824422752,-8.427450712219261e-07,-6.429856894424465e-07,0.000187737027626007,0.00018753726824422752,-0.004488965665850254,-0.003428575533078012,0.00011155258978576586,7.534169276901922e-05,0.00015187794751369885,0.00014780302425848986,7.593897375684942e-05,7.390151212924493e-05,-5.972809878302066e-07,7.593897375684942e-05,-0.007865276000998551
PD,500,context,context3,3,1,3,1,"1,4,8",2.0,positive,2.0,4.603702771275375,-0.002492194578037267,0.000375474055252014,0.00037507453648845504,3.995187635589593e-07,1.0010651716517451,True,positive_GN_above_numerical_floor,4.5994626027697105,-0.004240168505664776,-0.004984389156074534,4.5987183821193005,0.0007442206504097576,0.000750948110504028,0.0007501490729769101,-6.7274600942704e-06,-5.928422567152481e-06,0.000750948110504028,0.0007501490729769101,-0.00895862177448586,-0.007902992592693586,0.0004452407065619952,0.0002989799438477624,0.00015187794751369885,0.00014780302425848986,0.0003037558950273977,0.00029560604851697973,-4.775951179635267e-06,0.0003037558950273977,-0.015722990920734207
PD,500,context,context3,3,1,3,1,"1,4,8",4.0,positive,4.0,4.603702771275375,-0.002492194578037267,0.000375474055252014,0.00037507453648845504,3.995187635589593e-07,1.0010651716517451,True,positive_GN_above_numerical_floor,4.5966842665931615,-0.0070185046822137664,-0.009968778312149068,4.593733992963227,0.0029502736299353016,0.003003792442016112,0.0030005962919076403,-5.351881208081038e-05,-5.0322661972338704e-05,0.003003792442016112,0.0030005962919076403,-0.01781708061189779,-0.016770887209337275,0.001773359444653967,0.0011769141852813346,0.00015187794751369885,0.00014780302425848986,0.0012150235801095908,0.001182424194067919,-3.810939482825617e-05,0.0012150235801095908,-0.031365148341251814
PD,500,context,context3,3,1,3,1,"1,4,8",8.0,positive,8.0,4.603702771275375,-0.002492194578037267,0.000375474055252014,0.00037507453648845504,3.995187635589593e-07,1.0010651716517451,True,positive_GN_above_numerical_floor,4.595358673801661,-0.008344097473714562,-0.019937556624298136,4.583765214651077,0.011593459150583574,0.012015169768064448,0.012002385167630561,-0.0004217106174808742,-0.0004089260170469875,0.012015169768064448,0.012002385167630561,-0.035098182183139356,-0.03407039612008346,0.007035257402693753,0.004558201747889821,0.00015187794751369885,0.00014780302425848986,0.004860094320438363,0.004729696776271676,-0.0003018925725485422,0.004860094320438363,-0.062116607753676806
PD,500,context,context3,3,1,3,1,"1,4,8",16.0,positive,16.0,4.603702771275375,-0.002492194578037267,0.000375474055252014,0.00037507453648845504,3.995187635589593e-07,1.0010651716517451,True,positive_GN_above_numerical_floor,4.608644471810132,0.004941700534756954,-0.03987511324859627,4.563827658026779,0.044816813783353227,0.04806067907225779,0.048009540670522245,-0.0032438652889045655,-0.0031927268871690187,0.04806067907225779,0.048009540670522245,-0.06749520297096741,-0.06650192529605571,0.027723038305971275,0.017093775477381952,0.00015187794751369885,0.00014780302425848986,0.019440377281753452,0.018918787105086703,-0.0023466018043715,0.019440377281753452,-0.12070762672769719
PD,500,bank,bank0,,0,"0,1",2,"1,4,8",-16.0,negative,16.0,4.154109452155296,-0.0005669550014395555,0.00046370675549452375,0.0005090839778387453,-4.5377222344221576e-05,0.9108649568252666,True,positive_GN_above_numerical_floor,4.22249770868344,0.06838825652814329,0.009071280023032887,4.163180732178329,0.0593169765051104,0.05935446470329904,0.0651627491633594,-3.74881981886413e-05,-0.005845772658249003,0.05935446470329904,0.0651627491633594,-0.0006315986232213064,-0.08971034422740476,0.034430738782209966,0.024886237722900433,0.00019372338257210586,0.00020904133495573517,0.02479659296922955,0.0267572908743341,8.964475367088248e-05,0.024886237722900433,0.0036021818431956456
PD,500,bank,bank0,,0,"0,1",2,"1,4,8",-8.0,negative,8.0,4.154109452155296,-0.0005669550014395555,0.00046370675549452375,0.0005090839778387453,-4.5377222344221576e-05,0.9108649568252666,True,positive_GN_above_numerical_floor,4.173459736505811,0.01935028435051489,0.004535640011516444,4.158645092166813,0.014814644338998446,0.01483861617582476,0.01629068729083985,-2.3971836826314208e-05,-0.0014760429518414046,0.01483861617582476,0.01629068729083985,-0.001615503530940398,-0.09060654872869447,0.008615888179062524,0.006198756159935922,0.00019372338257210586,0.00020904133495573517,0.0061991482423073875,0.006689322718583525,-3.9208237146565184e-07,0.0061991482423073875,-6.324778116932314e-05
PD,500,bank,bank0,,0,"0,1",2,"1,4,8",-4.0,negative,4.0,4.154109452155296,-0.0005669550014395555,0.00046370675549452375,0.0005090839778387453,-4.5377222344221576e-05,0.9108649568252666,True,positive_GN_above_numerical_floor,4.160083276316923,0.0059738241616269505,0.002267820005758222,4.156377272161055,0.0037060041558687287,0.00370965404395619,0.004072671822709963,-3.6498880874613095e-06,-0.0003666676668412339,0.00370965404395619,0.004072671822709963,-0.0009838890754267904,-0.09003123325494286,0.0021564527892543417,0.001549551366614387,0.00019372338257210586,0.00020904133495573517,0.0015497870605768469,0.0016723306796458813,-2.3569396245988472e-07,0.0015497870605768469,-0.000152081513941765
PD,500,bank,bank0,,0,"0,1",2,"1,4,8",-2.0,negative,2.0,4.154109452155296,-0.0005669550014395555,0.00046370675549452375,0.0005090839778387453,-4.5377222344221576e-05,0.9108649568252666,True,positive_GN_above_numerical_floor,4.1561702978847705,0.002060845729474181,0.001133910002879111,4.155243362158176,0.0009269357265950702,0.0009274135109890475,0.0010181679556774906,-4.77784393977318e-07,-9.123222908242047e-05,0.0009274135109890475,0.0010181679556774906,-0.000515179462360626,-0.08960430209347375,0.0005395118274669119,0.00038742389912815823,0.00019372338257210586,0.00020904133495573517,0.0003874467651442117,0.00041808266991147033,-2.2866016053486524e-08,0.0003874467651442117,-5.901718148292077e-05
PD,500,bank,bank0,,0,"0,1",2,"1,4,8",-1.0,negative,1.0,4.154109452155296,-0.0005669550014395555,0.00046370675549452375,0.0005090839778387453,-4.5377222344221576e-05,0.9108649568252666,True,positive_GN_above_numerical_floor,4.154908200065582,0.0007987479102853356,0.0005669550014395555,4.154676407156736,0.0002317929088457802,0.00023185337774726187,0.00025454198891937266,-6.046890148168503e-08,-2.2749080073592473e-05,0.00023185337774726187,0.00025454198891937266,-0.00026080664456655365,-0.08937260280777623,0.00013493310298184457,9.685980586393562e-05,0.00019372338257210586,0.00020904133495573517,9.686169128605293e-05,0.00010452066747786758,-1.8854221173138404e-09,9.686169128605293e-05,-1.946509597634211e-05
PD,500,bank,bank0,,0,"0,1",2,"1,4,8",-0.5,negative,0.5,4.154109452155296,-0.0005669550014395555,0.00046370675549452375,0.0005090839778387453,-4.5377222344221576e-05,0.9108649568252666,True,positive_GN_above_numerical_floor,4.1544508854137785,0.0003414332584821267,0.00028347750071977773,4.154392929656016,5.795575776234896e-05,5.796334443681547e-05,6.363549722984317e-05,-7.586674466509625e-09,-5.679739467494207e-06,5.796334443681547e-05,6.363549722984317e-05,-0.00013088745206515278,-0.08925426396810768,3.374049263859868e-05,2.4215265123750276e-05,0.00019372338257210586,0.00020904133495573517,2.4215422821513232e-05,2.6130166869466896e-05,-1.5769776295622515e-10,2.4215422821513232e-05,-6.5122861623595035e-06
PD,500,bank,bank0,,0,"0,1",2,"1,4,8",-0.25,negative,0.25,4.154109452155296,-0.0005669550014395555,0.00046370675549452375,0.0005090839778387453,-4.5377222344221576e-05,0.9108649568252666,True,positive_GN_above_numerical_floor,4.1542656807922524,0.00015622863695607947,0.00014173875035988887,4.154251190905656,1.4489886596190604e-05,1.4490836109203867e-05,1.590887430746079e-05,-9.49513013262629e-10,-1.4189877112701869e-06,1.4490836109203867e-05,1.590887430746079e-05,-6.552506743620852e-05,-0.08919472766245463,8.436045199121666e-06,6.053841397068939e-06,0.00019372338257210586,0.00020904133495573517,6.053855705378308e-06,6.532541717366724e-06,-1.4308309369276276e-11,6.053855705378308e-06,-2.363503536525429e-06
PD,500,bank,bank0,,0,"0,1",2,"1,4,8",0.0,zero,0.0,4.154109452155296,-0.0005669550014395555,0.00046370675549452375,0.0005090839778387453,-4.5377222344221576e-05,0.9108649568252666,True,positive_GN_above_numerical_floor,4.154109452155296,0.0,-0.0,4.154109452155296,0.0,0.0,0.0,0.0,0.0,1e-10,1e-10,0.0,0.0,0.0,0.0,0.00019372338257210586,0.00020904133495573517,0.0,0.0,0.0,1e-10,0.0
PD,500,bank,bank0,,0,"0,1",2,"1,4,8",0.25,positive,0.25,4.154109452155296,-0.0005669550014395555,0.00046370675549452375,0.0005090839778387453,-4.5377222344221576e-05,0.9108649568252666,True,positive_GN_above_numerical_floor,4.153982205191772,-0.00012724696352428566,-0.00014173875035988887,4.153967713404937,1.4491786835603204e-05,1.4490836109203867e-05,1.590887430746079e-05,9.507263993369173e-10,-1.4170874718575873e-06,1.4491786835603204e-05,1.590887430746079e-05,6.560449792162185e-05,-0.08907528241599189,8.437928683936448e-06,6.0538581516667565e-06,0.00019372338257210586,0.00020904133495573517,6.053855705378308e-06,6.532541717366724e-06,2.4462884483671034e-12,6.0538581516667565e-06,4.0408750702121883e-07
PD,500,bank,bank0,,0,"0,1",2,"1,4,8",0.5,positive,0.5,4.154109452155296,-0.0005669550014395555,0.00046370675549452375,0.0005090839778387453,-4.5377222344221576e-05,0.9108649568252666,True,positive_GN_above_numerical_floor,4.15388394560512,-0.00022550655017639087,-0.00028347750071977773,4.153825974654577,5.7970950543386856e-05,5.796334443681547e-05,6.363549722984317e-05,7.606106571387736e-09,-5.664546686456309e-06,5.7970950543386856e-05,6.363549722984317e-05,0.00013120548309269387,-0.08901551701555346,3.375555977525258e-05,2.421539076813428e-05,0.00019372338257210586,0.00020904133495573517,2.4215422821513232e-05,2.6130166869466896e-05,-3.20533789533459e-11,2.4215422821513232e-05,-1.3236762037815566e-06
PD,500,bank,bank0,,0,"0,1",2,"1,4,8",1.0,positive,1.0,4.154109452155296,-0.0005669550014395555,0.00046370675549452375,0.0005090839778387453,-4.5377222344221576e-05,0.9108649568252666,True,positive_GN_above_numerical_floor,4.153774411312893,-0.00033504084240298937,-0.0005669550014395555,4.153542497153857,0.0002319141590365661,0.00023185337774726187,0.00025454198891937266,6.07812893042175e-08,-2.262782988280657e-05,0.0002319141590365661,0.00025454198891937266,0.00026208528861161113,-0.08889625628710726,0.00013505361641353187,9.686054262303422e-05,0.00019372338257210586,0.00020904133495573517,9.686169128605293e-05,0.00010452066747786758,-1.1486630187057707e-09,9.686169128605293e-05,-1.1858795809310488e-05
PD,500,bank,bank0,,0,"0,1",2,"1,4,8",2.0,positive,2.0,4.154109452155296,-0.0005669550014395555,0.00046370675549452375,0.0005090839778387453,-4.5377222344221576e-05,0.9108649568252666,True,positive_GN_above_numerical_floor,4.153903438538778,-0.00020601361651806371,-0.001133910002879111,4.152975542152417,0.0009278963863610472,0.0009274135109890475,0.0010181679556774906,4.82875371999713e-07,-9.027156931644344e-05,0.0009278963863610472,0.0010181679556774906,0.0005203979443151153,-0.08866078412021579,0.0005404751795024065,0.00038742120685864067,0.00019372338257210586,0.00020904133495573517,0.0003874467651442117,0.00041808266991147033,-2.5558285571053094e-08,0.0003874467651442117,-6.596592840706783e-05
PD,500,bank,bank0,,0,"0,1",2,"1,4,8",4.0,positive,4.0,4.154109452155296,-0.0005669550014395555,0.00046370675549452375,0.0005090839778387453,-4.5377222344221576e-05,0.9108649568252666,True,positive_GN_above_numerical_floor,4.155555023213119,0.0014455710578227254,-0.002267820005758222,4.151841632149538,0.0037133910635809473,0.00370965404395619,0.004072671822709963,3.737019624757299e-06,-0.0003592807591290153,0.0037133910635809473,0.004072671822709963,0.0010063630683576769,-0.08821745889899602,0.002164135636165927,0.0015492554274150203,0.00019372338257210586,0.00020904133495573517,0.0015497870605768469,0.0016723306796458813,-5.316331618265835e-07,0.0015497870605768469,-0.00034303626307778315
PD,500,bank,bank0,,0,"0,1",2,"1,4,8",8.0,positive,8.0,4.154109452155296,-0.0005669550014395555,0.00046370675549452375,0.0005090839778387453,-4.5377222344221576e-05,0.9108649568252666,True,positive_GN_above_numerical_floor,4.16443810392046,0.010328651765163954,-0.004535640011516444,4.14957381214378,0.014864291776680399,0.01483861617582476,0.01629068729083985,2.5675600855638858e-05,-0.0014263955141594516,0.014864291776680399,0.01629068729083985,0.0017273342881979487,-0.08755895246737101,0.008676610912263384,0.006187680864417015,0.00019372338257210586,0.00020904133495573517,0.0061991482423073875,0.006689322718583525,-1.1467377890372887e-05,0.0061991482423073875,-0.0018498312094089575
PD,500,bank,bank0,,0,"0,1",2,"1,4,8",16.0,positive,16.0,4.154109452155296,-0.0005669550014395555,0.00046370675549452375,0.0005090839778387453,-4.5377222344221576e-05,0.9108649568252666,True,positive_GN_above_numerical_floor,4.204470275242773,0.0503608230874768,-0.009071280023032887,4.1450381721322636,0.05943210311050969,0.05935446470329904,0.0651627491633594,7.763840721065202e-05,-0.00573064605284971,0.05943210311050969,0.0651627491633594,0.001306337873763091,-0.08794358934248304,0.034896403745355256,0.024535699365154436,0.00019372338257210586,0.00020904133495573517,0.02479659296922955,0.0267572908743341,-0.00026089360407511447,0.02479659296922955,-0.01052134881589826
PD,500,bank,bank1,,1,"2,3",2,"1,4,8",-16.0,negative,16.0,4.298391665729673,-0.0011337140520073516,0.00042834364308293594,0.0004404102279530849,-1.2066584870148978e-05,0.9726014881029639,True,positive_GN_above_numerical_floor,4.374705883216771,0.07631421748709855,0.018139424832117626,4.31653109056179,0.05817479265498092,0.0548279863146158,0.05637250917799487,0.003346806340365119,0.0018022834769860496,0.05817479265498092,0.05817479265498092,0.05753018081584113,0.030980488193140785,0.03315632137187398,0.02501847128310694,0.00017779344964011706,0.0001770996073299266,0.022757561553934984,0.022668749738230604,0.0022609097291719574,0.02501847128310694,0.09036961945387034
PD,500,bank,bank1,,1,"2,3",2,"1,4,8",-8.0,negative,8.0,4.298391665729673,-0.0011337140520073516,0.00042834364308293594,0.0004404102279530849,-1.2066584870148978e-05,0.9726014881029639,True,positive_GN_above_numerical_floor,4.321562682781284,0.023171017051611287,0.009069712416058813,4.307461378145732,0.014101304635552474,0.01370699657865395,0.014093127294498718,0.00039430805689852355,8.177341053756254e-06,0.014101304635552474,0.014101304635552474,0.027962523120335026,0.0005798996096530946,0.008139222086637872,0.005962082548914602,0.00017779344964011706,0.0001770996073299266,0.005689390388483746,0.005667187434557651,0.0002726921604308558,0.005962082548914602,0.045737736469364965
PD,500,bank,bank1,,1,"2,3",2,"1,4,8",-4.0,negative,4.0,4.298391665729673,-0.0011337140520073516,0.00042834364308293594,0.0004404102279530849,-1.2066584870148978e-05,0.9726014881029639,True,positive_GN_above_numerical_floor,4.306400127157911,0.008008461428238078,0.0045348562080294065,4.302926521937702,0.003473605220208672,0.0034267491446634876,0.0035232818236246794,4.6856075545184325e-05,-4.96766034160075e-05,0.003473605220208672,0.0035232818236246794,0.01348917697169096,-0.014099525925774861,0.002018566508498413,0.001455038711710259,0.00017779344964011706,0.0001770996073299266,0.0014223475971209365,0.0014167968586394127,3.269111458932246e-05,0.001455038711710259,0.022467522222070078
PD,500,bank,bank1,,1,"2,3",2,"1,4,8",-2.0,negative,2.0,4.298391665729673,-0.0011337140520073516,0.00042834364308293594,0.0004404102279530849,-1.2066584870148978e-05,0.9726014881029639,True,positive_GN_above_numerical_floor,4.301521463089079,0.0031297973594064388,0.0022674281040147033,4.300659093833688,0.0008623692553917355,0.0008566872861658719,0.0008808204559061698,5.681969225863632e-06,-1.8451200514434324e-05,0.0008623692553917355,0.0008808204559061698,0.0065887891878549975,-0.02094774297158223,0.0005028034264831243,0.0003595658289086112,0.00017779344964011706,0.0001770996073299266,0.0003555868992802341,0.0003541992146598532,3.9789296283770665e-06,0.0003595658289086112,0.01106592815133267
PD,500,bank,bank1,,1,"2,3",2,"1,4,8",-1.0,negative,1.0,4.298391665729673,-0.0011337140520073516,0.00042834364308293594,0.0004404102279530849,-1.2066584870148978e-05,0.9726014881029639,True,positive_GN_above_numerical_floor,4.299740250358852,0.0013485846291789727,0.0011337140520073516,4.29952537978168,0.00021487057717162108,0.00021417182154146797,0.00022020511397654246,6.987556301531065e-07,-5.3345368049213826e-06,0.00021487057717162108,0.00022020511397654246,0.0032519837725152917,-0.024225308434433764,0.00012548369515363948,8.93868820179816e-05,0.00017779344964011706,0.0001770996073299266,8.889672482005853e-05,8.85498036649633e-05,4.901571979230716e-07,8.93868820179816e-05,0.005483547326602897
PD,500,bank,bank1,,1,"2,3",2,"1,4,8",-0.5,negative,0.5,4.298391665729673,-0.0011337140520073516,0.00042834364308293594,0.0004404102279530849,-1.2066584870148978e-05,0.9726014881029639,True,positive_GN_above_numerical_floor,4.299012152323231,0.0006204865935579562,0.0005668570260036758,4.298958522755677,5.36295675542804e-05,5.354295538536699e-05,5.5051278494135615e-05,8.661216891340585e-08,-1.4217109398552164e-06,5.36295675542804e-05,5.5051278494135615e-05,0.00161500778140235,-0.025825212034025068,3.134457998699199e-05,2.228498756728841e-05,0.00017779344964011706,0.0001770996073299266,2.2224181205014633e-05,2.2137450916240824e-05,6.080636227377662e-08,2.228498756728841e-05,0.002728579591537794
PD,500,bank,bank1,,1,"2,3",2,"1,4,8",-0.25,negative,0.25,4.298391665729673,-0.0011337140520073516,0.00042834364308293594,0.0004404102279530849,-1.2066584870148978e-05,0.9726014881029639,True,positive_GN_above_numerical_floor,4.298688490761883,0.00029682503221017953,0.0002834285130018379,4.298675094242674,1.3396519208341623e-05,1.3385738846341748e-05,1.3762819623533904e-05,1.0780361999874306e-08,-3.6630041519228126e-07,1.3396519208341623e-05,1.3762819623533904e-05,0.0008047136597364551,-0.026615215865063095,7.832902422400182e-06,5.5636167859414405e-06,0.00017779344964011706,0.0001770996073299266,5.556045301253658e-06,5.534362729060206e-06,7.571484687782327e-09,5.5636167859414405e-06,0.001360892559479387
PD,500,bank,bank1,,1,"2,3",2,"1,4,8",0.0,zero,0.0,4.298391665729673,-0.0011337140520073516,0.00042834364308293594,0.0004404102279530849,-1.2066584870148978e-05,0.9726014881029639,True,positive_GN_above_numerical_floor,4.298391665729673,0.0,-0.0,4.298391665729673,0.0,0.0,0.0,0.0,0.0,1e-10,1e-10,0.0,0.0,0.0,0.0,0.00017779344964011706,0.0001770996073299266,0.0,0.0,0.0,1e-10,0.0
PD,500,bank,bank1,,1,"2,3",2,"1,4,8",0.25,positive,0.25,4.298391665729673,-0.0011337140520073516,0.00042834364308293594,0.0004404102279530849,-1.2066584870148978e-05,0.9726014881029639,True,positive_GN_above_numerical_floor,4.298121612268182,-0.00027005346149078235,-0.0002834285130018379,4.298108237216671,1.3375051511055553e-05,1.3385738846341748e-05,1.3762819623533904e-05,-1.0687335286195564e-08,-3.8776811247835113e-07,1.3385738846341748e-05,1.3762819623533904e-05,-0.0007984120569568976,-0.028175048651751727,7.82651843983497e-06,5.548533071220583e-06,0.00017779344964011706,0.0001770996073299266,5.556045301253658e-06,5.534362729060206e-06,-7.512230033074977e-09,5.556045301253658e-06,-0.001352082214192877
PD,500,bank,bank1,,1,"2,3",2,"1,4,8",0.5,positive,0.5,4.298391665729673,-0.0011337140520073516,0.00042834364308293594,0.0004404102279530849,-1.2066584870148978e-05,0.9726014881029639,True,positive_GN_above_numerical_floor,4.297878266535076,-0.0005133991945971417,-0.0005668570260036758,4.297824808703669,5.345783140653414e-05,5.354295538536699e-05,5.5051278494135615e-05,-8.512397883285255e-08,-1.5934470876014748e-06,5.354295538536699e-05,5.5051278494135615e-05,-0.001589825929857366,-0.028944778962240052,3.1293508648943684e-05,2.2164322757590456e-05,0.00017779344964011706,0.0001770996073299266,2.2224181205014633e-05,2.2137450916240824e-05,-5.985844742417609e-08,2.2224181205014633e-05,-0.002693392700140049
PD,500,bank,bank1,,1,"2,3",2,"1,4,8",1.0,positive,1.0,4.298391665729673,-0.0011337140520073516,0.00042834364308293594,0.0004404102279530849,-1.2066584870148978e-05,0.9726014881029639,True,positive_GN_above_numerical_floor,4.297471448539427,-0.0009202171902460421,-0.0011337140520073516,4.297257951677666,0.00021349686176130953,0.00021417182154146797,0.00022020511397654246,-6.749597801584397e-07,-6.708252215232929e-06,0.00021417182154146797,0.00022020511397654246,-0.0031514873212569374,-0.03046365315542822,0.00012507514104886849,8.842172071244105e-05,0.00017779344964011706,0.0001770996073299266,8.889672482005853e-05,8.85498036649633e-05,-4.750041076174831e-07,8.889672482005853e-05,-0.005343325174003529
PD,500,bank,bank1,,1,"2,3",2,"1,4,8",2.0,positive,2.0,4.298391665729673,-0.0011337140520073516,0.00042834364308293594,0.0004404102279530849,-1.2066584870148978e-05,0.9726014881029639,True,positive_GN_above_numerical_floor,4.296975622707412,-0.0014160430222611708,-0.0022674281040147033,4.296124237625658,0.0008513850817535324,0.0008566872861658719,0.0008808204559061698,-5.302204412339483e-06,-2.943537415263744e-05,0.0008566872861658719,0.0008808204559061698,-0.006189194701452439,-0.03341813187382772,0.0004995355290229303,0.00035184955273060206,0.00017779344964011706,0.0001770996073299266,0.0003555868992802341,0.0003541992146598532,-3.7373465496320576e-06,0.0003555868992802341,-0.010510360638136715
PD,500,bank,bank1,,1,"2,3",2,"1,4,8",4.0,positive,4.0,4.298391665729673,-0.0011337140520073516,0.00042834364308293594,0.0004404102279530849,-1.2066584870148978e-05,0.9726014881029639,True,positive_GN_above_numerical_floor,4.297242717535813,-0.0011489481938600221,-0.0045348562080294065,4.293856809521643,0.0033859080141693844,0.0034267491446634876,0.0035232818236246794,-4.0841130494103164e-05,-0.000137373809455295,0.0034267491446634876,0.0035232818236246794,-0.011918330980750513,-0.03899029834461771,0.0019924409394782537,0.0013934670746911307,0.00017779344964011706,0.0001770996073299266,0.0014223475971209365,0.0014167968586394127,-2.8880522429805804e-05,0.0014223475971209365,-0.020304827377122647
PD,500,bank,bank1,,1,"2,3",2,"1,4,8",8.0,positive,8.0,4.298391665729673,-0.0011337140520073516,0.00042834364308293594,0.0004404102279530849,-1.2066584870148978e-05,0.9726014881029639,True,positive_GN_above_numerical_floor,4.302727127780495,0.004335462050821803,-0.009069712416058813,4.289321953313614,0.013405174466880616,0.01370699657865395,0.014093127294498718,-0.00030182211177333385,-0.0006879528276181011,0.01370699657865395,0.014093127294498718,-0.022019565704376447,-0.04881477426849362,0.007930840016146405,0.005474334450734211,0.00017779344964011706,0.0001770996073299266,0.005689390388483746,0.005667187434557651,-0.00021505593774953473,0.005689390388483746,-0.03779946937458238
PD,500,bank,bank1,,1,"2,3",2,"1,4,8",16.0,positive,16.0,4.298391665729673,-0.0011337140520073516,0.00042834364308293594,0.0004404102279530849,-1.2066584870148978e-05,0.9726014881029639,True,positive_GN_above_numerical_floor,4.333007548310685,0.034615882581012336,-0.018139424832117626,4.280252240897555,0.05275530741312996,0.0548279863146158,0.05637250917799487,-0.0020726789014858388,-0.003617201764864908,0.0548279863146158,0.05637250917799487,-0.037803301576540174,-0.06416605926558419,0.0315154765013128,0.021239830911817165,0.00017779344964011706,0.0001770996073299266,0.022757561553934984,0.022668749738230604,-0.001517730642117819,0.022757561553934984,-0.06669126824158321
PD,500,all_contexts,all4,,,"0,1,2,3",4,"1,4,8",-16.0,negative,16.0,4.226250558942485,-0.0008503345267234536,0.00044602519928872985,0.0004747471028959151,-2.8721903607185277e-05,0.9395006237384405,True,positive_GN_above_numerical_floor,4.2986017959501055,0.07235123700762092,0.013605352427575258,4.23985591137006,0.05874588458004566,0.05709122550895742,0.060767629170677136,0.0016546590710882422,-0.002021744590631473,0.05874588458004566,0.060767629170677136,0.028166382767351908,-0.033270091629756186,0.033793530077040196,0.024952354503005467,0.00018575841610611143,0.00019307047114283096,0.023777077261582263,0.024713020306282363,0.0011752772414232032,0.024952354503005467,0.04710085540351085
PD,500,all_contexts,all4,,,"0,1,2,3",4,"1,4,8",-8.0,negative,8.0,4.226250558942485,-0.0008503345267234536,0.00044602519928872985,0.0004747471028959151,-2.8721903607185277e-05,0.9395006237384405,True,positive_GN_above_numerical_floor,4.247511209643547,0.021260650701062644,0.006802676213787629,4.233053235156272,0.014457974487275016,0.014272806377239355,0.015191907292669284,0.00018516811003566058,-0.0007339328053942683,0.014457974487275016,0.015191907292669284,0.012807334125442932,-0.048310774365271494,0.008377555132847533,0.006080419354427482,0.00018575841610611143,0.00019307047114283096,0.005944269315395566,0.006178255076570591,0.0001361500390319164,0.006080419354427482,0.022391554117526153
PD,500,all_contexts,all4,,,"0,1,2,3",4,"1,4,8",-4.0,negative,4.0,4.226250558942485,-0.0008503345267234536,0.00044602519928872985,0.0004747471028959151,-2.8721903607185277e-05,0.9395006237384405,True,positive_GN_above_numerical_floor,4.233241701737417,0.0069911427949325144,0.0034013381068938144,4.229651897049378,0.0035898046880387,0.0035682015943098388,0.003797976823167321,2.160309372886129e-05,-0.00020817213512862092,0.0035898046880387,0.003797976823167321,0.006017902255474573,-0.05481132319154488,0.0020875096488746007,0.0015022950391640993,0.00018575841610611143,0.00019307047114283096,0.0014860673288488915,0.0015445637691426477,1.6227710315207863e-05,0.0015022950391640993,0.01080194628362563
PD,500,all_contexts,all4,,,"0,1,2,3",4,"1,4,8",-2.0,negative,2.0,4.226250558942485,-0.0008503345267234536,0.00044602519928872985,0.0004747471028959151,-2.8721903607185277e-05,0.9395006237384405,True,positive_GN_above_numerical_floor,4.228845880486925,0.00259532154444031,0.0017006690534469072,4.2279512279959315,0.0008946524909934027,0.0008920503985774597,0.0009494942057918302,2.6020924159430485e-06,-5.4841714798427505e-05,0.0008946524909934027,0.0009494942057918302,0.0029084951331815345,-0.05775887252802379,0.0005211576269736858,0.0003734948640197169,0.00018575841610611143,0.00019307047114283096,0.00037151683221222287,0.0003861409422856619,1.9780318074940576e-06,0.0003734948640197169,0.005296008052709493
PD,500,all_contexts,all4,,,"0,1,2,3",4,"1,4,8",-1.0,negative,1.0,4.226250558942485,-0.0008503345267234536,0.00044602519928872985,0.0004747471028959151,-2.8721903607185277e-05,0.9395006237384405,True,positive_GN_above_numerical_floor,4.227324225212216,0.00107366626973171,0.0008503345267234536,4.227100893469208,0.0002233317430082565,0.00022301259964436492,0.00023737355144795756,3.191433638915673e-07,-1.4041808439701071e-05,0.0002233317430082565,0.00023737355144795756,0.0014290103126082202,-0.05915489890953431,0.0001302083990672979,9.312334394095858e-05,0.00018575841610611143,0.00019307047114283096,9.287920805305572e-05,9.653523557141548e-05,2.441358879028653e-07,9.312334394095858e-05,0.0026216400482531065
PD,500,all_contexts,all4,,,"0,1,2,3",4,"1,4,8",-0.5,negative,0.5,4.226250558942485,-0.0008503345267234536,0.00044602519928872985,0.0004747471028959151,-2.8721903607185277e-05,0.9395006237384405,True,positive_GN_above_numerical_floor,4.226731518868505,0.00048095992602004145,0.0004251672633617268,4.226675726205847,5.579266265831465e-05,5.575314991109123e-05,5.934338786198939e-05,3.951274722342101e-08,-3.5507252036747386e-06,5.579266265831465e-05,5.934338786198939e-05,0.0007082068741799423,-0.05983354391448635,3.2542536311463055e-05,2.3250126346851597e-05,0.00018575841610611143,0.00019307047114283096,2.321980201326393e-05,2.413380889285387e-05,3.0324333587667665e-08,2.3250126346851597e-05,0.0013042653246387204
PD,500,all_contexts,all4,,,"0,1,2,3",4,"1,4,8",-0.25,negative,0.25,4.226250558942485,-0.0008503345267234536,0.00044602519928872985,0.0004747471028959151,-2.8721903607185277e-05,0.9395006237384405,True,positive_GN_above_numerical_floor,4.226477085777067,0.0002265268345826854,0.0002125836316808634,4.226463142574166,1.394320290182201e-05,1.3938287477772808e-05,1.4835846965497348e-05,4.915424049203076e-09,-8.926440636753368e-07,1.394320290182201e-05,1.4835846965497348e-05,0.000352531917079164,-0.06016805550443425,8.134473808540471e-06,5.80872909328154e-06,0.00018575841610611143,0.00019307047114283096,5.804950503315982e-06,6.0334522232134675e-06,3.778589965557435e-09,5.80872909328154e-06,0.0006505020125534529
PD,500,all_contexts,all4,,,"0,1,2,3",4,"1,4,8",0.0,zero,0.0,4.226250558942485,-0.0008503345267234536,0.00044602519928872985,0.0004747471028959151,-2.8721903607185277e-05,0.9395006237384405,True,positive_GN_above_numerical_floor,4.226250558942485,0.0,-0.0,4.226250558942485,0.0,0.0,0.0,0.0,0.0,1e-10,1e-10,0.0,0.0,0.0,0.0,0.00018575841610611143,0.00019307047114283096,0.0,0.0,0.0,1e-10,0.0
PD,500,all_contexts,all4,,,"0,1,2,3",4,"1,4,8",0.25,positive,0.25,4.226250558942485,-0.0008503345267234536,0.00044602519928872985,0.0004747471028959151,-2.8721903607185277e-05,0.9395006237384405,True,positive_GN_above_numerical_floor,4.226051908729977,-0.0001986502125079781,-0.0002125836316808634,4.2260379753108035,1.3933419172885303e-05,1.3938287477772808e-05,1.4835846965497348e-05,-4.868304887504981e-09,-9.024277926120449e-07,1.3938287477772808e-05,1.4835846965497348e-05,-0.0003492756836353389,-0.06082752098419158,8.132223560109358e-06,5.801195612775944e-06,0.00018575841610611143,0.00019307047114283096,5.804950503315982e-06,6.0334522232134675e-06,-3.754890540038052e-09,5.804950503315982e-06,-0.0006468428176765905
PD,500,all_contexts,all4,,,"0,1,2,3",4,"1,4,8",0.5,positive,0.5,4.226250558942485,-0.0008503345267234536,0.00044602519928872985,0.0004747471028959151,-2.8721903607185277e-05,0.9395006237384405,True,positive_GN_above_numerical_floor,4.225881106070098,-0.0003694528723867663,-0.0004251672633617268,4.225825391679122,5.5714390974960525e-05,5.575314991109123e-05,5.934338786198939e-05,-3.87589361307053e-08,-3.628996887028865e-06,5.575314991109123e-05,5.934338786198939e-05,-0.000695188275326392,-0.06115250607984431,3.2524534211209966e-05,2.318985676375056e-05,0.00018575841610611143,0.00019307047114283096,2.321980201326393e-05,2.413380889285387e-05,-2.9945249513369356e-08,2.321980201326393e-05,-0.0012896427582054157
PD,500,all_contexts,all4,,,"0,1,2,3",4,"1,4,8",1.0,positive,1.0,4.226250558942485,-0.0008503345267234536,0.00044602519928872985,0.0004747471028959151,-2.8721903607185277e-05,0.9395006237384405,True,positive_GN_above_numerical_floor,4.22562292992616,-0.0006276290163249598,-0.0008503345267234536,4.225400224415761,0.00022270551039849378,0.00022301259964436492,0.00023737355144795756,-3.070892458711461e-07,-1.4668041049463785e-05,0.00022301259964436492,0.00023737355144795756,-0.0013770040184315014,-0.061793072395766244,0.00013006437872942385,9.264113166906993e-05,0.00018575841610611143,0.00019307047114283096,9.287920805305572e-05,9.653523557141548e-05,-2.3807638398578614e-07,9.287920805305572e-05,-0.002563290417482769
PD,500,all_contexts,all4,,,"0,1,2,3",4,"1,4,8",2.0,positive,2.0,4.226250558942485,-0.0008503345267234536,0.00044602519928872985,0.0004747471028959151,-2.8721903607185277e-05,0.9395006237384405,True,positive_GN_above_numerical_floor,4.225439530623095,-0.0008110283193891732,-0.0017006690534469072,4.224549889889038,0.000889640734057734,0.0008920503985774597,0.0009494942057918302,-2.4096645197256876e-06,-5.985347173409624e-05,0.0008920503985774597,0.0009494942057918302,-0.0027012649997896375,-0.0630372164137447,0.0005200053542608921,0.00036963537979684187,0.00018575841610611143,0.00019307047114283096,0.00037151683221222287,0.0003861409422856619,-1.881452415381001e-06,0.00037151683221222287,-0.0050642454183778465
PD,500,all_contexts,all4,,,"0,1,2,3",4,"1,4,8",4.0,positive,4.0,4.226250558942485,-0.0008503345267234536,0.00044602519928872985,0.0004747471028959151,-2.8721903607185277e-05,0.9395006237384405,True,positive_GN_above_numerical_floor,4.2263988703744655,0.00014831143198090757,-0.0034013381068938144,4.222849220835591,0.003549649538874722,0.0035682015943098388,0.003797976823167321,-1.8552055435116805e-05,-0.000248327284292599,0.0035682015943098388,0.003797976823167321,-0.005199273343944891,-0.06538409681118237,0.002078288287820314,0.0014713612510544078,0.00018575841610611143,0.00019307047114283096,0.0014860673288488915,0.0015445637691426477,-1.470607779448371e-05,0.0014860673288488915,-0.009895970060707172
PD,500,all_contexts,all4,,,"0,1,2,3",4,"1,4,8",8.0,positive,8.0,4.226250558942485,-0.0008503345267234536,0.00044602519928872985,0.0004747471028959151,-2.8721903607185277e-05,0.9395006237384405,True,positive_GN_above_numerical_floor,4.233582615850478,0.007332056907993767,-0.006802676213787629,4.219447882728697,0.014134733121781396,0.014272806377239355,0.015191907292669284,-0.00013807325545795932,-0.0010571741708878882,0.014272806377239355,0.015191907292669284,-0.00967386874091859,-0.06958798197761633,0.008303725464203118,0.0058310076575782775,0.00018575841610611143,0.00019307047114283096,0.005944269315395566,0.006178255076570591,-0.0001132616578172884,0.005944269315395566,-0.01905392434423226
PD,500,all_contexts,all4,,,"0,1,2,3",4,"1,4,8",16.0,positive,16.0,4.226250558942485,-0.0008503345267234536,0.00044602519928872985,0.0004747471028959151,-2.8721903607185277e-05,0.9395006237384405,True,positive_GN_above_numerical_floor,4.26873891177673,0.04248835283424501,-0.013605352427575258,4.212645206514909,0.05609370526182027,0.05709122550895742,0.060767629170677136,-0.0009975202471371528,-0.004673923908856868,0.05709122550895742,0.060767629170677136,-0.017472391567083197,-0.07691469903703645,0.033205940123332695,0.022887765138487573,0.00018575841610611143,0.00019307047114283096,0.023777077261582263,0.024713020306282363,-0.0008893121230946904,0.023777077261582263,-0.03740207904070673
PD,1300,context,context0,0,0,0,1,"1,4,8",-16.0,negative,16.0,4.08660844517038,-0.001581361251595952,0.0003440643804066564,0.0003693739158545336,-2.530953544787717e-05,0.9314799059664934,True,positive_GN_above_numerical_floor,4.155919847608662,0.0693114024382826,0.025301780025535233,4.111910225195915,0.04400962241274736,0.04404024069205202,0.0472798612293803,-3.061827930465888e-05,-0.0032702388166329366,0.04404024069205202,0.0472798612293803,-0.0006952341500300788,-0.06916769067420124,0.026329341906654865,0.017680280506092497,0.0001423043058690248,0.0001438044713334036,0.018214951151235174,0.01840697233067566,-0.0005346706451426764,0.018214951151235174,-0.02935339440130312
PD,1300,context,context0,0,0,0,1,"1,4,8",-8.0,negative,8.0,4.08660844517038,-0.001581361251595952,0.0003440643804066564,0.0003693739158545336,-2.530953544787717e-05,0.9314799059664934,True,positive_GN_above_numerical_floor,4.110350020011264,0.02374157484088446,0.012650890012767617,4.099259335183147,0.011090684828116844,0.011010060173013005,0.011819965307345075,8.062465510383886e-05,-0.0007292804792282306,0.011090684828116844,0.011819965307345075,0.0072695831099123046,-0.06169903720233819,0.006555735629458907,0.004534949198657937,0.0001423043058690248,0.0001438044713334036,0.0045537377878087934,0.004601743082668915,-1.878858915085619e-05,0.0045537377878087934,-0.004125970801647111
PD,1300,context,context0,0,0,0,1,"1,4,8",-4.0,negative,4.0,4.08660844517038,-0.001581361251595952,0.0003440643804066564,0.0003693739158545336,-2.530953544787717e-05,0.9314799059664934,True,positive_GN_above_numerical_floor,4.0957075570087245,0.009099111838344776,0.006325445006383808,4.092933890176764,0.0027736668319609673,0.0027525150432532513,0.0029549913268362687,2.115178870771596e-05,-0.0001813244948753014,0.0027736668319609673,0.0029549913268362687,0.007625929857178182,-0.0613621073025059,0.0016291100698969238,0.0011445567620640435,0.0001423043058690248,0.0001438044713334036,0.0011384344469521984,0.0011504357706672288,6.122315111845153e-06,0.0011445567620640435,0.005349070762383543
PD,1300,context,context0,0,0,0,1,"1,4,8",-2.0,negative,2.0,4.08660844517038,-0.001581361251595952,0.0003440643804066564,0.0003693739158545336,-2.530953544787717e-05,0.9314799059664934,True,positive_GN_above_numerical_floor,4.09046273127613,0.0038542861057502265,0.003162722503191904,4.089771167673572,0.0006915636025583223,0.0006881287608133128,0.0007387478317090672,3.434841745009491e-06,-4.718422915074485e-05,0.0006915636025583223,0.0007387478317090672,0.0049667763489907165,-0.06387054841377442,0.000405548048029981,0.0002860155545283413,0.0001423043058690248,0.0001438044713334036,0.0002846086117380496,0.0002876089426668072,1.406942790291711e-06,0.0002860155545283413,0.004919112852487527
PD,1300,context,context0,0,0,0,1,"1,4,8",-1.0,negative,1.0,4.08660844517038,-0.001581361251595952,0.0003440643804066564,0.0003693739158545336,-2.530953544787717e-05,0.9314799059664934,True,positive_GN_above_numerical_floor,4.088362316482899,0.0017538713125189176,0.001581361251595952,4.088189806421975,0.00017251006092296552,0.0001720321902033282,0.0001846869579272668,4.778707196373172e-07,-1.2176897004301268e-05,0.00017251006092296552,0.0001846869579272668,0.002770103477331161,-0.06593263076592966,0.00010114203350271628,7.136802742024924e-05,0.0001423043058690248,0.0001438044713334036,7.11521529345124e-05,7.19022356667018e-05,2.158744857368454e-07,7.136802742024924e-05,0.0030248066752030667
PD,1300,context,context0,0,0,0,1,"1,4,8",-0.5,negative,0.5,4.08660844517038,-0.001581361251595952,0.0003440643804066564,0.0003693739158545336,-2.530953544787717e-05,0.9314799059664934,True,positive_GN_above_numerical_floor,4.087442196511372,0.0008337513409921726,0.000790680625797976,4.0873991257961775,4.3070715194196596e-05,4.300804755083205e-05,4.61717394818167e-05,6.266764336454423e-08,-3.101024287620102e-06,4.3070715194196596e-05,4.61717394818167e-05,0.0014549942596028252,-0.06716282129334425,2.525326031469791e-05,1.7817454879498688e-05,0.0001423043058690248,0.0001438044713334036,1.77880382336281e-05,1.797555891667545e-05,2.9416645870588312e-08,1.7817454879498688e-05,0.0016510015638898016
PD,1300,context,context0,0,0,0,1,"1,4,8",-0.25,negative,0.25,4.08660844517038,-0.001581361251595952,0.0003440643804066564,0.0003693739158545336,-2.530953544787717e-05,0.9314799059664934,True,positive_GN_above_numerical_floor,4.087014545507911,0.000406100337531079,0.000395340312898988,4.087003785483279,1.0760024632090975e-05,1.0752011887708013e-05,1.1542934870454175e-05,8.012744382962473e-09,-7.829102383631991e-07,1.0760024632090975e-05,1.1542934870454175e-05,0.0007446771412646266,-0.0678259253084042,6.30918903600937e-06,4.4508355960816055e-06,0.0001423043058690248,0.0001438044713334036,4.447009558407025e-06,4.4938897291688626e-06,3.826037674580612e-09,4.4508355960816055e-06,0.0008596223320288332
PD,1300,context,context0,0,0,0,1,"1,4,8",0.0,zero,0.0,4.08660844517038,-0.001581361251595952,0.0003440643804066564,0.0003693739158545336,-2.530953544787717e-05,0.9314799059664934,True,positive_GN_above_numerical_floor,4.08660844517038,0.0,-0.0,4.08660844517038,0.0,0.0,0.0,0.0,0.0,1e-10,1e-10,0.0,0.0,0.0,0.0,0.0001423043058690248,0.0001438044713334036,0.0,0.0,0.0,1e-10,0.0
PD,1300,context,context0,0,0,0,1,"1,4,8",0.25,positive,0.25,4.08660844517038,-0.001581361251595952,0.0003440643804066564,0.0003693739158545336,-2.530953544787717e-05,0.9314799059664934,True,positive_GN_above_numerical_floor,4.086223848507464,-0.00038459666291590366,-0.000395340312898988,4.086213104857481,1.0743649983084352e-05,1.0752011887708013e-05,1.1542934870454175e-05,-8.361904623660699e-09,-7.992848873698222e-07,1.0752011887708013e-05,1.1542934870454175e-05,-0.000777706043388982,-0.06924451158567207,6.3007570282143504e-06,4.442892954870002e-06,0.0001423043058690248,0.0001438044713334036,4.447009558407025e-06,4.4938897291688626e-06,-4.11660353702299e-09,4.447009558407025e-06,-0.0009257015266001834
PD,1300,context,context0,0,0,0,1,"1,4,8",0.5,positive,0.5,4.08660844517038,-0.001581361251595952,0.0003440643804066564,0.0003693739158545336,-2.530953544787717e-05,0.9314799059664934,True,positive_GN_above_numerical_floor,4.085860704341634,-0.0007477408287455134,-0.000790680625797976,4.085817764544582,4.2939797052462636e-05,4.300804755083205e-05,4.61717394818167e-05,-6.825049836941611e-08,-3.2319424293540623e-06,4.300804755083205e-05,4.61717394818167e-05,-0.0015869238957836789,-0.0699982817547271,2.5185821092862685e-05,1.775397595959995e-05,0.0001423043058690248,0.0001438044713334036,1.77880382336281e-05,1.797555891667545e-05,-3.406227402814814e-08,1.77880382336281e-05,-0.0019148977296301157
PD,1300,context,context0,0,0,0,1,"1,4,8",1.0,positive,1.0,4.08660844517038,-0.001581361251595952,0.0003440643804066564,0.0003693739158545336,-2.530953544787717e-05,0.9314799059664934,True,positive_GN_above_numerical_floor,4.085198549147637,-0.0014098960227428847,-0.001581361251595952,4.085027083918784,0.00017146522885306734,0.0001720321902033282,0.0001846869579272668,-5.669613502608663e-07,-1.3221729074199451e-05,0.0001720321902033282,0.0001846869579272668,-0.0032956701277287903,-0.07158994453417993,0.00010060305754004356,7.086217131302378e-05,0.0001423043058690248,0.0001438044713334036,7.11521529345124e-05,7.19022356667018e-05,-2.8998162148861255e-07,7.11521529345124e-05,-0.004075514366452245
PD,1300,context,context0,0,0,0,1,"1,4,8",2.0,positive,2.0,4.08660844517038,-0.001581361251595952,0.0003440643804066564,0.0003693739158545336,-2.530953544787717e-05,0.9314799059664934,True,positive_GN_above_numerical_floor,4.084129005970338,-0.0024794392000417886,-0.003162722503191904,4.083445722667188,0.0006832833031501155,0.0006881287608133128,0.0007387478317090672,-4.8454576631973365e-06,-5.5464528558951676e-05,0.0006881287608133128,0.0007387478317090672,-0.00704149853796315,-0.07507910842951164,0.000401253282854196,0.00028203002029591947,0.0001423043058690248,0.0001438044713334036,0.0002846086117380496,0.0002876089426668072,-2.5785914421301223e-06,0.0002846086117380496,-0.009060131478043354
PD,1300,context,context0,0,0,0,1,"1,4,8",4.0,positive,4.0,4.08660844517038,-0.001581361251595952,0.0003440643804066564,0.0003693739158545336,-2.530953544787717e-05,0.9314799059664934,True,positive_GN_above_numerical_floor,4.082992692194473,-0.003615752975906439,-0.006325445006383808,4.080283000163996,0.0027096920304773694,0.0027525150432532513,0.0029549913268362687,-4.282301277588191e-05,-0.00024529929635889926,0.0027525150432532513,0.0029549913268362687,-0.015557776107653368,-0.08301184985931125,0.0015952766810848765,0.001114415349392493,0.0001423043058690248,0.0001438044713334036,0.0011384344469521984,0.0011504357706672288,-2.4019097559705447e-05,0.0011384344469521984,-0.02109835803370941
PD,1300,context,context0,0,0,0,1,"1,4,8",8.0,positive,8.0,4.08660844517038,-0.001581361251595952,0.0003440643804066564,0.0003693739158545336,-2.530953544787717e-05,0.9314799059664934,True,positive_GN_above_numerical_floor,4.084587095815468,-0.0020213493549112727,-0.012650890012767617,4.073957555157612,0.010629540657856344,0.011010060173013005,0.011819965307345075,-0.0003805195151566614,-0.0011904246494887308,0.011010060173013005,0.011819965307345075,-0.034561074978442075,-0.10071304090452668,0.006299575157551503,0.004329965500304841,0.0001423043058690248,0.0001438044713334036,0.0045537377878087934,0.004601743082668915,-0.00022377228750395262,0.0045537377878087934,-0.04914035412909211
PD,1300,context,context0,0,0,0,1,"1,4,8",16.0,positive,16.0,4.08660844517038,-0.001581361251595952,0.0003440643804066564,0.0003693739158545336,-2.530953544787717e-05,0.9314799059664934,True,positive_GN_above_numerical_floor,4.102175386432109,0.015566941261729639,-0.025301780025535233,4.061306665144844,0.040868721287264875,0.04404024069205202,0.0472798612293803,-0.003171519404787146,-0.006411139942115424,0.04404024069205202,0.0472798612293803,-0.07201412514894617,-0.1355998045555062,0.024565665174634158,0.016303056112630717,0.0001423043058690248,0.0001438044713334036,0.018214951151235174,0.01840697233067566,-0.0019118950386044567,0.018214951151235174,-0.1049629517384025
PD,1300,context,context1,1,0,1,1,"1,4,8",-16.0,negative,16.0,3.757409086821868,-0.0012770111477616905,0.0002888014594670257,0.0002962239050130818,-7.422445546056088e-06,0.974943124371653,True,positive_GN_above_numerical_floor,3.816452163788795,0.05904307696692701,0.020432178364187047,3.777841265186055,0.03861089860273996,0.03696658681177929,0.03791665984167447,0.0016443117909606675,0.0006942387610654882,0.03861089860273996,0.03861089860273996,0.042586726817178545,0.01798038341993477,0.023659885879845306,0.014951012722894653,0.00010986688396748265,0.00010934003528600565,0.014062961147837779,0.013995524516608723,0.0008880515750568745,0.014951012722894653,0.05939741952710609
PD,1300,context,context1,1,0,1,1,"1,4,8",-8.0,negative,8.0,3.757409086821868,-0.0012770111477616905,0.0002888014594670257,0.0002962239050130818,-7.422445546056088e-06,0.974943124371653,True,positive_GN_above_numerical_floor,3.7770689793211045,0.01965989249923661,0.010216089182093524,3.7676251760039614,0.009443803317143085,0.009241646702944823,0.009479164960418618,0.0002021566141982619,-3.5361643275532914e-05,0.009443803317143085,0.009479164960418618,0.021406271118680795,-0.003730459742307436,0.005820461128652952,0.003623342188490133,0.00010986688396748265,0.00010934003528600565,0.0035157402869594448,0.003498881129152181,0.00010760190153068835,0.003623342188490133,0.0296968643680675
PD,1300,context,context1,1,0,1,1,"1,4,8",-4.0,negative,4.0,3.757409086821868,-0.0012770111477616905,0.0002888014594670257,0.0002962239050130818,-7.422445546056088e-06,0.974943124371653,True,positive_GN_above_numerical_floor,3.7648523543364876,0.007443267514619656,0.005108044591046762,3.7625171314129147,0.002335222923572894,0.0023104116757362058,0.0023697912401046545,2.4811247836688255e-05,-3.456831653176045e-05,0.002335222923572894,0.0023697912401046545,0.01062478771779399,-0.014587072458852471,0.0014432306724127977,0.0008919922511600963,0.00010986688396748265,0.00010934003528600565,0.0008789350717398612,0.0008747202822880452,1.3057179420235092e-05,0.0008919922511600963,0.014638220683255205
PD,1300,context,context1,1,0,1,1,"1,4,8",-2.0,negative,2.0,3.757409086821868,-0.0012770111477616905,0.0002888014594670257,0.0002962239050130818,-7.422445546056088e-06,0.974943124371653,True,positive_GN_above_numerical_floor,3.7605437808658535,0.0031346940439855864,0.002554022295523381,3.7599631091173915,0.0005806717484622055,0.0005776029189340514,0.0005924478100261636,3.0688295281540174e-06,-1.1776061563958159e-05,0.0005806717484622055,0.0005924478100261636,0.0052849644162665166,-0.019876960239650656,0.00035933148353994263,0.00022134026492226283,0.00010986688396748265,0.00010934003528600565,0.0002197337679349653,0.0002186800705720113,1.6064969872975321e-06,0.00022134026492226283,0.007258042217767074
PD,1300,context,context1,1,0,1,1,"1,4,8",-1.0,negative,1.0,3.757409086821868,-0.0012770111477616905,0.0002888014594670257,0.0002962239050130818,-7.422445546056088e-06,0.974943124371653,True,positive_GN_above_numerical_floor,3.7588308802591426,0.0014217934372746655,0.0012770111477616905,3.7586860979696297,0.000144782289512975,0.00014440072973351286,0.0001481119525065409,3.815597794621316e-07,-3.3296629935659124e-06,0.000144782289512975,0.0001481119525065409,0.0026354036860836995,-0.02248071770857837,8.964955388634767e-05,5.513273562662732e-05,0.00010986688396748265,0.00010934003528600565,5.4933441983741324e-05,5.4670017643002825e-05,1.9929364288599684e-07,5.513273562662732e-05,0.0036147969191237537
PD,1300,context,context1,1,0,1,1,"1,4,8",-0.5,negative,0.5,3.757409086821868,-0.0012770111477616905,0.0002888014594670257,0.0002962239050130818,-7.422445546056088e-06,0.974943124371653,True,positive_GN_above_numerical_floor,3.758083740147264,0.0006746533253960685,0.0006385055738808452,3.758047592395749,3.614775151522325e-05,3.6100182433378215e-05,3.7027988126635226e-05,4.756908184503749e-08,-8.802366114119735e-07,3.614775151522325e-05,3.7027988126635226e-05,0.0013159624001787293,-0.02377219654499121,2.2389569526436067e-05,1.3758181988787185e-05,0.00010986688396748265,0.00010934003528600565,1.3733360495935331e-05,1.3667504410750706e-05,2.482149285185404e-08,1.3758181988787185e-05,0.0018041259282718727
PD,1300,context,context1,1,0,1,1,"1,4,8",-0.25,negative,0.25,3.757409086821868,-0.0012770111477616905,0.0002888014594670257,0.0002962239050130818,-7.422445546056088e-06,0.974943124371653,True,positive_GN_above_numerical_floor,3.7577373705927757,0.00032828377090776684,0.0003192527869404226,3.7577283396088084,9.030983967344222e-06,9.025045608344554e-06,9.256997031658807e-06,5.9383589996681106e-09,-2.2601306431458464e-07,9.030983967344222e-06,9.256997031658807e-06,0.0006575539300192588,-0.02441537612485161,5.5945466171095955e-06,3.4364373502346264e-06,0.00010986688396748265,0.00010934003528600565,3.4333401239838328e-06,3.4168761026876766e-06,3.0972262507936613e-09,3.4364373502346264e-06,0.0009012898927379528
PD,1300,context,context1,1,0,1,1,"1,4,8",0.0,zero,0.0,3.757409086821868,-0.0012770111477616905,0.0002888014594670257,0.0002962239050130818,-7.422445546056088e-06,0.974943124371653,True,positive_GN_above_numerical_floor,3.757409086821868,0.0,-0.0,3.757409086821868,0.0,0.0,0.0,0.0,0.0,1e-10,1e-10,0.0,0.0,0.0,0.0,0.00010986688396748265,0.00010934003528600565,0.0,0.0,0.0,1e-10,0.0
PD,1300,context,context1,1,0,1,1,"1,4,8",0.25,positive,0.25,3.757409086821868,-0.0012770111477616905,0.0002888014594670257,0.0002962239050130818,-7.422445546056088e-06,0.974943124371653,True,positive_GN_above_numerical_floor,3.7570988531575,-0.0003102336643681092,-0.0003192527869404226,3.7570898340349275,9.01912257231344e-06,9.025045608344554e-06,9.256997031658807e-06,-5.923036031113576e-09,-2.3787445934536633e-07,9.025045608344554e-06,9.256997031658807e-06,-0.0006562887644176711,-0.02569671984681845,5.588869158552247e-06,3.4302534137611932e-06,0.00010986688396748265,0.00010934003528600565,3.4333401239838328e-06,3.4168761026876766e-06,-3.0867102226395264e-09,3.4333401239838328e-06,-0.0008990400342445249
PD,1300,context,context1,1,0,1,1,"1,4,8",0.5,positive,0.5,3.757409086821868,-0.0012770111477616905,0.0002888014594670257,0.0002962239050130818,-7.422445546056088e-06,0.974943124371653,True,positive_GN_above_numerical_floor,3.75680663410634,-0.0006024527155279458,-0.0006385055738808452,3.756770581247987,3.605285835289946e-05,3.6100182433378215e-05,3.7027988126635226e-05,-4.732408047875621e-08,-9.751297737357672e-07,3.6100182433378215e-05,3.7027988126635226e-05,-0.0013109097319962677,-0.026334938058228723,2.234415121854665e-05,1.3708707134352807e-05,0.00010986688396748265,0.00010934003528600565,1.3733360495935331e-05,1.3667504410750706e-05,-2.4653361582523684e-08,1.3733360495935331e-05,-0.0017951441375051904
PD,1300,context,context1,1,0,1,1,"1,4,8",1.0,positive,1.0,3.757409086821868,-0.0012770111477616905,0.0002888014594670257,0.0002962239050130818,-7.422445546056088e-06,0.974943124371653,True,positive_GN_above_numerical_floor,3.7562760987543777,-0.0011329880674901815,-0.0012770111477616905,3.756132075674106,0.0001440230802715089,0.00014440072973351286,0.0001481119525065409,-3.776494620039519e-07,-4.088872235031996e-06,0.00014440072973351286,0.0001481119525065409,-0.0026152877669032037,-0.027606632454942645,8.928625075366479e-05,5.4736829517844116e-05,0.00010986688396748265,0.00010934003528600565,5.4933441983741324e-05,5.4670017643002825e-05,-1.9661246589720838e-07,5.4933441983741324e-05,-0.0035791033439229944
PD,1300,context,context1,1,0,1,1,"1,4,8",2.0,positive,2.0,3.757409086821868,-0.0012770111477616905,0.0002888014594670257,0.0002962239050130818,-7.422445546056088e-06,0.974943124371653,True,positive_GN_above_numerical_floor,3.75542966056577,-0.001979426256097927,-0.002554022295523381,3.7548550645263443,0.0005745960394254539,0.0005776029189340514,0.0005924478100261636,-3.0068795085975205e-06,-1.7851770600709697e-05,0.0005776029189340514,0.0005924478100261636,-0.005205790015996845,-0.030132224811365797,0.00035642643767875334,0.00021816960174670058,0.00010986688396748265,0.00010934003528600565,0.0002197337679349653,0.0002186800705720113,-1.5641661882647155e-06,0.0002197337679349653,-0.00711846068524007
PD,1300,context,context1,1,0,1,1,"1,4,8",4.0,positive,4.0,3.757409086821868,-0.0012770111477616905,0.0002888014594670257,0.0002962239050130818,-7.422445546056088e-06,0.974943124371653,True,positive_GN_above_numerical_floor,3.754587595801599,-0.0028214910202688515,-0.005108044591046762,3.752301042230821,0.0022865535707779104,0.0023104116757362058,0.0023697912401046545,-2.3858104958295392e-05,-8.32376693267441e-05,0.0023104116757362058,0.0023697912401046545,-0.010326343659379698,-0.035124473378958125,0.0014200335258847238,0.0008665200448931866,0.00010986688396748265,0.00010934003528600565,0.0008789350717398612,0.0008747202822880452,-1.2415026846674618e-05,0.0008789350717398612,-0.014125078456704365
PD,1300,context,context1,1,0,1,1,"1,4,8",8.0,positive,8.0,3.757409086821868,-0.0012770111477616905,0.0002888014594670257,0.0002962239050130818,-7.422445546056088e-06,0.974943124371653,True,positive_GN_above_numerical_floor,3.7562456064224254,-0.0011634803994424736,-0.010216089182093524,3.7471929976397744,0.00905260878265105,0.009241646702944823,0.009479164960418618,-0.00018903792029377302,-0.00042655617776756784,0.009241646702944823,0.009479164960418618,-0.02045500400199638,-0.044999341139088087,0.005636161238970618,0.003416447543680432,0.00010986688396748265,0.00010934003528600565,0.0035157402869594448,0.003498881129152181,-9.929274327901295e-05,0.0035157402869594448,-0.02824234305568838
PD,1300,context,context1,1,0,1,1,"1,4,8",16.0,positive,16.0,3.757409086821868,-0.0012770111477616905,0.0002888014594670257,0.0002962239050130818,-7.422445546056088e-06,0.974943124371653,True,positive_GN_above_numerical_floor,3.772426694272067,0.015017607450198867,-0.020432178364187047,3.736976908457681,0.03544978581438592,0.03696658681177929,0.03791665984167447,-0.001516800997393375,-0.002466874027288554,0.03696658681177929,0.03791665984167447,-0.041031675580880264,-0.06506042561737455,0.02221712067535591,0.013232665139030007,0.00010986688396748265,0.00010934003528600565,0.014062961147837779,0.013995524516608723,-0.0008302960088077717,0.014062961147837779,-0.05904133561056109
PD,1300,context,context2,2,1,2,1,"1,4,8",-16.0,negative,16.0,3.7084984133940453,-0.0010939219034506388,0.000269702649173664,0.0002677128955994082,1.989753574255823e-06,1.007432415871491,True,positive_GN_above_numerical_floor,3.7604494302709526,0.051951016876907286,0.01750275045521022,3.7260011638492556,0.034448266421697064,0.034521939094228994,0.03426725063672425,-7.367267253192977e-05,0.00018101578497281556,0.034521939094228994,0.034448266421697064,-0.0021340826866891025,0.0052547139167155215,0.022259532742981005,0.01218873367871606,9.832282523883465e-05,9.337517317497068e-05,0.012585321630570835,0.011952022166396247,-0.0003965879518547759,0.012585321630570835,-0.03151194411205427
PD,1300,context,context2,2,1,2,1,"1,4,8",-8.0,negative,8.0,3.7084984133940453,-0.0010939219034506388,0.000269702649173664,0.0002677128955994082,1.989753574255823e-06,1.007432415871491,True,positive_GN_above_numerical_floor,3.7258717421565537,0.01737332876250841,0.00875137522760511,3.7172497886216505,0.0086219535349033,0.008630484773557249,0.008566812659181062,-8.531238653948156e-06,5.514087572223818e-05,0.008630484773557249,0.0086219535349033,-0.0009885005162267163,0.0063954039532940505,0.005520254005809978,0.0031016995290933224,9.832282523883465e-05,9.337517317497068e-05,0.003146330407642709,0.0029880055415990618,-4.463087854938638e-05,0.003146330407642709,-0.01418505775521036
PD,1300,context,context2,2,1,2,1,"1,4,8",-4.0,negative,4.0,3.7084984133940453,-0.0010939219034506388,0.000269702649173664,0.0002677128955994082,1.989753574255823e-06,1.007432415871491,True,positive_GN_above_numerical_floor,3.715031369697625,0.006532956303579862,0.004375687613802555,3.7128741010078476,0.002157268689777307,0.002157621193389312,0.0021417031647952656,-3.5250361200530114e-07,1.5565524982041282e-05,0.002157621193389312,0.002157268689777307,-0.00016337604259975252,0.0072153853879222156,0.0013752788309948979,0.000781989858782409,9.832282523883465e-05,9.337517317497068e-05,0.0007865826019106772,0.0007470013853997654,-4.592743128268217e-06,0.0007865826019106772,-0.00583885674195189
PD,1300,context,context2,2,1,2,1,"1,4,8",-2.0,negative,2.0,3.7084984133940453,-0.0010939219034506388,0.000269702649173664,0.0002677128955994082,1.989753574255823e-06,1.007432415871491,True,positive_GN_above_numerical_floor,3.711225693397187,0.0027272800031417077,0.0021878438069012776,3.7106862572009467,0.0005394361962404301,0.000539405298347328,0.0005354257911988164,3.0897893102030914e-08,4.010405041613677e-06,0.0005394361962404301,0.0005394361962404301,5.727812356191895e-05,0.007434438158885086,0.0003432730101386065,0.00019616318610182358,9.832282523883465e-05,9.337517317497068e-05,0.0001966456504776693,0.00018675034634994136,-4.824643758457193e-07,0.0001966456504776693,-0.0024534708734913362
PD,1300,context,context2,2,1,2,1,"1,4,8",-1.0,negative,1.0,3.7084984133940453,-0.0010939219034506388,0.000269702649173664,0.0002677128955994082,1.989753574255823e-06,1.007432415871491,True,positive_GN_above_numerical_floor,3.7097271961782665,0.0012287827842212273,0.0010939219034506388,3.7095923352974958,0.0001348608807705885,0.000134851324586832,0.0001338564477997041,9.556183756500225e-09,1.0044329708844117e-06,0.0001348608807705885,0.0001348608807705885,7.085956803705163e-05,0.007447919405131648,8.575305644493453e-05,4.9107824325653977e-05,9.832282523883465e-05,9.337517317497068e-05,4.9161412619417325e-05,4.668758658748534e-05,-5.3588293763348204e-08,4.9161412619417325e-05,-0.0010900478832494408
PD,1300,context,context2,2,1,2,1,"1,4,8",-0.5,negative,0.5,3.7084984133940453,-0.0010939219034506388,0.000269702649173664,0.0002677128955994082,1.989753574255823e-06,1.007432415871491,True,positive_GN_above_numerical_floor,3.7090790887583305,0.0005806753642851881,0.0005469609517253194,3.7090453743457705,3.3714412559868656e-05,3.3712831146708e-05,3.3464111949926024e-05,1.5814131606537037e-09,2.5030060994263157e-07,3.3714412559868656e-05,3.3714412559868656e-05,4.690614608353314e-05,0.00742414270152737,2.1430307482726926e-05,1.228410507714173e-05,9.832282523883465e-05,9.337517317497068e-05,1.2290353154854331e-05,1.1671896646871335e-05,-6.248077712601042e-09,1.2290353154854331e-05,-0.0005083725124801017
PD,1300,context,context2,2,1,2,1,"1,4,8",-0.25,negative,0.25,3.7084984133940453,-0.0010939219034506388,0.000269702649173664,0.0002677128955994082,1.989753574255823e-06,1.007432415871491,True,positive_GN_above_numerical_floor,3.7087803223004987,0.0002819089064534097,0.0002734804758626597,3.708771893869908,8.428430590750008e-06,8.428207786677e-06,8.366027987481506e-06,2.2280407300719095e-10,6.240260326850166e-08,8.428430590750008e-06,8.428430590750008e-06,2.6434823257809452e-05,0.007403822407576917,5.356594229027249e-06,3.071836361722759e-06,9.832282523883465e-05,9.337517317497068e-05,3.072588288713583e-06,2.9179741617178338e-06,-7.519269908239388e-10,3.072588288713583e-06,-0.0002447210365234947
PD,1300,context,context2,2,1,2,1,"1,4,8",0.0,zero,0.0,3.7084984133940453,-0.0010939219034506388,0.000269702649173664,0.0002677128955994082,1.989753574255823e-06,1.007432415871491,True,positive_GN_above_numerical_floor,3.7084984133940453,0.0,-0.0,3.7084984133940453,0.0,0.0,0.0,0.0,0.0,1e-10,1e-10,0.0,0.0,0.0,0.0,9.832282523883465e-05,9.337517317497068e-05,0.0,0.0,0.0,1e-10,0.0
PD,1300,context,context2,2,1,2,1,"1,4,8",0.25,positive,0.25,3.7084984133940453,-0.0010939219034506388,0.000269702649173664,0.0002677128955994082,1.989753574255823e-06,1.007432415871491,True,positive_GN_above_numerical_floor,3.708233360851059,-0.0002650525429861439,-0.0002734804758626597,3.7082249329181827,8.427932876515815e-06,8.428207786677e-06,8.366027987481506e-06,-2.7491016118577594e-10,6.190488903430869e-08,8.428207786677e-06,8.427932876515815e-06,-3.261786706544466e-05,0.007345204327244327,5.354652642659093e-06,3.0732802338567218e-06,9.832282523883465e-05,9.337517317497068e-05,3.072588288713583e-06,2.9179741617178338e-06,6.919451431389889e-10,3.0732802338567218e-06,0.0002251487305050125
PD,1300,context,context2,2,1,2,1,"1,4,8",0.5,positive,0.5,3.7084984133940453,-0.0010939219034506388,0.000269702649173664,0.0002677128955994082,1.989753574255823e-06,1.007432415871491,True,positive_GN_above_numerical_floor,3.7079851628585363,-0.0005132505355089911,-0.0005469609517253194,3.70795145244232,3.3710416216328276e-05,3.3712831146708e-05,3.3464111949926024e-05,-2.4149303797256342e-09,2.4630426640225223e-07,3.3712831146708e-05,3.3710416216328276e-05,-7.163238142820431e-05,0.007306473608087643,2.1414774511531368e-05,1.2295641704796908e-05,9.832282523883465e-05,9.337517317497068e-05,1.2290353154854331e-05,1.1671896646871335e-05,5.28854994257704e-09,1.2295641704796908e-05,0.00043011581416802457
PD,1300,context,context2,2,1,2,1,"1,4,8",1.0,positive,1.0,3.7084984133940453,-0.0010939219034506388,0.000269702649173664,0.0002677128955994082,1.989753574255823e-06,1.007432415871491,True,positive_GN_above_numerical_floor,3.7075393199337174,-0.0009590934603278534,-0.0010939219034506388,3.707404491490595,0.00013482844312278546,0.000134851324586832,0.0001338564477997041,-2.2881464046550304e-08,9.719953230813612e-07,0.000134851324586832,0.00013482844312278546,-0.00016967919385780093,0.007209126654352785,8.562878362077514e-05,4.919965950201032e-05,9.832282523883465e-05,9.337517317497068e-05,4.9161412619417325e-05,4.668758658748534e-05,3.824688259299795e-08,4.919965950201032e-05,0.0007773810424731734
PD,1300,context,context2,2,1,2,1,"1,4,8",2.0,positive,2.0,3.7084984133940453,-0.0010939219034506388,0.000269702649173664,0.0002677128955994082,1.989753574255823e-06,1.007432415871491,True,positive_GN_above_numerical_floor,3.706849731485093,-0.0016486819089522875,-0.0021878438069012776,3.706310569587144,0.0005391618979489901,0.000539405298347328,0.0005354257911988164,-2.434003983378891e-07,3.7361067501737568e-06,0.000539405298347328,0.0005391618979489901,-0.00045123842699290904,0.006929471026024224,0.00034227854062494586,0.0001968833573240443,9.832282523883465e-05,9.337517317497068e-05,0.0001966456504776693,0.00018675034634994136,2.3770684637498818e-07,0.0001968833573240443,0.0012073486027757733
PD,1300,context,context2,2,1,2,1,"1,4,8",4.0,positive,4.0,3.7084984133940453,-0.0010939219034506388,0.000269702649173664,0.0002677128955994082,1.989753574255823e-06,1.007432415871491,True,positive_GN_above_numerical_floor,3.7062773443339303,-0.0022210690601149885,-0.004375687613802555,3.704122725780243,0.002154618553687567,0.002157621193389312,0.0021417031647952656,-3.0026397017453473e-06,1.2915388892301236e-05,0.002157621193389312,0.002154618553687567,-0.001391643589219956,0.005994280922809713,0.001367314237659311,0.0007873043160282558,9.832282523883465e-05,9.337517317497068e-05,0.0007865826019106772,0.0007470013853997654,7.21714117578624e-07,0.0007873043160282558,0.0009166901576501991
PD,1300,context,context2,2,1,2,1,"1,4,8",8.0,positive,8.0,3.7084984133940453,-0.0010939219034506388,0.000269702649173664,0.0002677128955994082,1.989753574255823e-06,1.007432415871491,True,positive_GN_above_numerical_floor,3.708335197753044,-0.0001632156410011909,-0.00875137522760511,3.69974703816644,0.00858815958660392,0.008630484773557249,0.008566812659181062,-4.232518695332886e-05,2.1346927422857473e-05,0.008630484773557249,0.00858815958660392,-0.004904149426577759,0.0024856230496875117,0.005456296764907375,0.003131862821696545,9.832282523883465e-05,9.337517317497068e-05,0.003146330407642709,0.0029880055415990618,-1.4467585946163763e-05,0.003146330407642709,-0.004598241148170817
PD,1300,context,context2,2,1,2,1,"1,4,8",16.0,positive,16.0,3.7084984133940453,-0.0010939219034506388,0.000269702649173664,0.0002677128955994082,1.989753574255823e-06,1.007432415871491,True,positive_GN_above_numerical_floor,3.7249314201954546,0.016433006801409356,-0.01750275045521022,3.690995662938835,0.03393575725661958,0.034521939094228994,0.03426725063672425,-0.0005861818376094174,-0.0003314933801046721,0.034521939094228994,0.03426725063672425,-0.016979980064544202,-0.009673766466382638,0.02174478129527233,0.012190975961347248,9.832282523883465e-05,9.337517317497068e-05,0.012585321630570835,0.011952022166396247,-0.0003943456692235871,0.012585321630570835,-0.031333777618021884
PD,1300,context,context3,3,1,3,1,"1,4,8",-16.0,negative,16.0,4.333395524487905,-0.0011302418379364194,0.00020553600544007632,0.00021846262889064775,-1.2926623450571433e-05,0.9408291316633295,True,positive_GN_above_numerical_floor,4.37882526250676,0.045429738018855303,0.01808386940698271,4.351479393894888,0.027345868611872593,0.02630860869632977,0.027963216498002912,0.0010372599155428243,-0.0006173478861303192,0.027345868611872593,0.027963216498002912,0.03793113798157003,-0.02207714145382414,0.01712263895265754,0.010223229659215054,7.37001413197321e-05,7.815258596936838e-05,0.009433618088925708,0.010003531004079153,0.0007896115702893461,0.010223229659215054,0.07723699815132325
PD,1300,context,context3,3,1,3,1,"1,4,8",-8.0,negative,8.0,4.333395524487905,-0.0011302418379364194,0.00020553600544007632,0.00021846262889064775,-1.2926623450571433e-05,0.9408291316633295,True,positive_GN_above_numerical_floor,4.349130499469375,0.015734974981469918,0.009041934703491355,4.342437459191396,0.006693040277978563,0.006577152174082442,0.006990804124500728,0.00011588810389612063,-0.00029776384652216523,0.006693040277978563,0.006990804124500728,0.01731471783868022,-0.042593647485929385,0.004244507978635962,0.002448532299342601,7.37001413197321e-05,7.815258596936838e-05,0.002358404522231427,0.0025008827510197883,9.012777711117376e-05,0.002448532299342601,0.036808898594219853
PD,1300,context,context3,3,1,3,1,"1,4,8",-4.0,negative,4.0,4.333395524487905,-0.0011302418379364194,0.00020553600544007632,0.00021846262889064775,-1.2926623450571433e-05,0.9408291316633295,True,positive_GN_above_numerical_floor,4.339573802663103,0.006178278175197782,0.004520967351745678,4.337916491839651,0.0016573108234521046,0.0016442880435206106,0.001747701031125182,1.3022779931494075e-05,-9.039020767307739e-05,0.0016573108234521046,0.001747701031125182,0.00785777764026678,-0.05171949095600381,0.001057504021956925,0.0005998068014951797,7.37001413197321e-05,7.815258596936838e-05,0.0005896011305578568,0.0006252206877549471,1.0205670937322954e-05,0.0005998068014951797,0.017014930327369705
PD,1300,context,context3,3,1,3,1,"1,4,8",-2.0,negative,2.0,4.333395524487905,-0.0011302418379364194,0.00020553600544007632,0.00021846262889064775,-1.2926623450571433e-05,0.9408291316633295,True,positive_GN_above_numerical_floor,4.336068592194778,0.0026730677068727005,0.002260483675872839,4.335656008163778,0.00041258403099986166,0.00041107201088015264,0.0004369252577812955,1.5120201197090215e-06,-2.4341226781433845e-05,0.00041258403099986166,0.0004369252577812955,0.0036647567673542083,-0.05571027618096167,0.0002639959029377978,0.00014858812806206384,7.37001413197321e-05,7.815258596936838e-05,0.0001474002826394642,0.00015630517193873677,1.187845422599644e-06,0.00014858812806206384,0.007994214868253084
PD,1300,context,context3,3,1,3,1,"1,4,8",-1.0,negative,1.0,4.333395524487905,-0.0011302418379364194,0.00020553600544007632,0.00021846262889064775,-1.2926623450571433e-05,0.9408291316633295,True,positive_GN_above_numerical_floor,4.334628715223541,0.0012331907356362137,0.0011302418379364194,4.334525766325841,0.00010294889769979433,0.00010276800272003816,0.00010923131444532388,1.8089497975617335e-07,-6.282416745529543e-06,0.00010294889769979433,0.00010923131444532388,0.0017571337216613513,-0.057514795802207704,6.5956613875207e-05,3.699228382458733e-05,7.37001413197321e-05,7.815258596936838e-05,3.685007065986605e-05,3.907629298468419e-05,1.4221316472127989e-07,3.699228382458733e-05,0.003844400778163265
PD,1300,context,context3,3,1,3,1,"1,4,8",-0.5,negative,0.5,4.333395524487905,-0.0011302418379364194,0.00020553600544007632,0.00021846262889064775,-1.2926623450571433e-05,0.9408291316633295,True,positive_GN_above_numerical_floor,4.333986359483816,0.0005908349959113934,0.0005651209189682097,4.333960645406873,2.5714076943183736e-05,2.569200068000954e-05,2.730782861133097e-05,2.2076263174195866e-08,-1.5937516681472333e-06,2.5714076943183736e-05,2.730782861133097e-05,0.0008585283159482736,-0.058362445833057934,1.6484200275779454e-05,9.229876667404282e-06,7.37001413197321e-05,7.815258596936838e-05,9.212517664966512e-06,9.769073246171048e-06,1.735900243776968e-08,9.229876667404282e-06,0.001880740454428147
PD,1300,context,context3,3,1,3,1,"1,4,8",-0.25,negative,0.25,4.333395524487905,-0.0011302418379364194,0.00020553600544007632,0.00021846262889064775,-1.2926623450571433e-05,0.9408291316633295,True,positive_GN_above_numerical_floor,4.333684510672686,0.00028898618478123694,0.00028256045948410485,4.3336780849473895,6.425725297132094e-06,6.423000170002385e-06,6.826957152832742e-06,2.7251271297088853e-09,-4.012318557006484e-07,6.425725297132094e-06,6.826957152832742e-06,0.00042409642549225596,-0.05877169677770181,4.120452943679018e-06,2.305272353453076e-06,7.37001413197321e-05,7.815258596936838e-05,2.303129416241628e-06,2.442268311542762e-06,2.1429372114479625e-09,2.305272353453076e-06,0.0009295809270596808
PD,1300,context,context3,3,1,3,1,"1,4,8",0.0,zero,0.0,4.333395524487905,-0.0011302418379364194,0.00020553600544007632,0.00021846262889064775,-1.2926623450571433e-05,0.9408291316633295,True,positive_GN_above_numerical_floor,4.333395524487905,0.0,-0.0,4.333395524487905,0.0,0.0,0.0,0.0,0.0,1e-10,1e-10,0.0,0.0,0.0,0.0,7.37001413197321e-05,7.815258596936838e-05,0.0,0.0,0.0,1e-10,0.0
PD,1300,context,context3,3,1,3,1,"1,4,8",0.25,positive,0.25,4.333395524487905,-0.0011302418379364194,0.00020553600544007632,0.00021846262889064775,-1.2926623450571433e-05,0.9408291316633295,True,positive_GN_above_numerical_floor,4.333119384374174,-0.00027614011373078284,-0.00028256045948410485,4.3331129640284205,6.420345753322006e-06,6.423000170002385e-06,6.826957152832742e-06,-2.6544166803790217e-09,-4.066113995107363e-07,6.423000170002385e-06,6.826957152832742e-06,-0.00041326741555699445,-0.059559682360393766,4.119303687100009e-06,2.3010420662219967e-06,7.37001413197321e-05,7.815258596936838e-05,2.303129416241628e-06,2.442268311542762e-06,-2.087350019631269e-09,2.303129416241628e-06,-0.0009063103466576013
PD,1300,context,context3,3,1,3,1,"1,4,8",0.5,positive,0.5,4.333395524487905,-0.0011302418379364194,0.00020553600544007632,0.00021846262889064775,-1.2926623450571433e-05,0.9408291316633295,True,positive_GN_above_numerical_floor,4.332856074624831,-0.0005394498630737488,-0.0005651209189682097,4.332830403568937,2.567105589446094e-05,2.569200068000954e-05,2.730782861133097e-05,-2.0944785548599756e-08,-1.636772716870029e-06,2.569200068000954e-05,2.730782861133097e-05,-0.0008152259455954514,-0.059937856655174516,1.6475007733274044e-05,9.196048161186896e-06,7.37001413197321e-05,7.815258596936838e-05,9.212517664966512e-06,9.769073246171048e-06,-1.6469503779615674e-08,9.212517664966512e-06,-0.0017877310392843129
PD,1300,context,context3,3,1,3,1,"1,4,8",1.0,positive,1.0,4.333395524487905,-0.0011302418379364194,0.00020553600544007632,0.00021846262889064775,-1.2926623450571433e-05,0.9408291316633295,True,positive_GN_above_numerical_floor,4.332367887868939,-0.001027636618966099,-0.0011302418379364194,4.332265282649969,0.00010260521897032036,0.00010276800272003816,0.00010923131444532388,-1.627837497177975e-07,-6.626095475003514e-06,0.00010276800272003816,0.00010923131444532388,-0.0015839925405698014,-0.060661134663176006,6.588312224509131e-05,3.6722096725229055e-05,7.37001413197321e-05,7.815258596936838e-05,3.685007065986605e-05,3.907629298468419e-05,-1.2797393463699332e-07,3.685007065986605e-05,-0.0034728273879911877
PD,1300,context,context3,3,1,3,1,"1,4,8",2.0,positive,2.0,4.333395524487905,-0.0011302418379364194,0.00020553600544007632,0.00021846262889064775,-1.2926623450571433e-05,0.9408291316633295,True,positive_GN_above_numerical_floor,4.331544891064445,-0.0018506334234595911,-0.002260483675872839,4.331135040812032,0.00040985025241324765,0.00041107201088015264,0.0004369252577812955,-1.221758466904985e-06,-2.707500536804785e-05,0.00041107201088015264,0.0004369252577812955,-0.0029721275946009047,-0.061967132560691515,0.0002634095275184647,0.00014644072489478294,7.37001413197321e-05,7.815258596936838e-05,0.0001474002826394642,0.00015630517193873677,-9.595577446812526e-07,0.0001474002826394642,-0.006509877236994833
PD,1300,context,context3,3,1,3,1,"1,4,8",4.0,positive,4.0,4.333395524487905,-0.0011302418379364194,0.00020553600544007632,0.00021846262889064775,-1.2926623450571433e-05,0.9408291316633295,True,positive_GN_above_numerical_floor,4.330510495912774,-0.0028850285751307325,-0.004520967351745678,4.328874557136159,0.001635938776614945,0.0016442880435206106,0.001747701031125182,-8.349266905665481e-06,-0.00011176225451023695,0.0016442880435206106,0.001747701031125182,-0.005077739839176071,-0.06394815390037485,0.0010528627635091308,0.0005830760131058143,7.37001413197321e-05,7.815258596936838e-05,0.0005896011305578568,0.0006252206877549471,-6.525117452042513e-06,0.0005896011305578568,-0.011067002951416851
PD,1300,context,context3,3,1,3,1,"1,4,8",8.0,positive,8.0,4.333395524487905,-0.0011302418379364194,0.00020553600544007632,0.00021846262889064775,-1.2926623450571433e-05,0.9408291316633295,True,positive_GN_above_numerical_floor,4.330891060285926,-0.0025044642019791397,-0.009041934703491355,4.324353589784414,0.0065374705015122155,0.006577152174082442,0.006990804124500728,-3.9681672570226686e-05,-0.00045333362298851255,0.006577152174082442,0.006990804124500728,-0.006033260523695052,-0.0648471355962772,0.004208954441005549,0.0023285160605066666,7.37001413197321e-05,7.815258596936838e-05,0.002358404522231427,0.0025008827510197883,-2.9888461724760472e-05,0.002358404522231427,-0.012673170121163615
PD,1300,context,context3,3,1,3,1,"1,4,8",16.0,positive,16.0,4.333395524487905,-0.0011302418379364194,0.00020553600544007632,0.00021846262889064775,-1.2926623450571433e-05,0.9408291316633295,True,positive_GN_above_numerical_floor,4.341757784023193,0.008362259535288352,-0.01808386940698271,4.315311655080922,0.026446128942271063,0.02630860869632977,0.027963216498002912,0.00013752024594129372,-0.0015170875557318497,0.026446128942271063,0.027963216498002912,0.005200014196462742,-0.054252970356260616,0.01688536336715351,0.009560765575117553,7.37001413197321e-05,7.815258596936838e-05,0.009433618088925708,0.010003531004079153,0.0001271474861918448,0.009560765575117553,0.01329888126561261
PD,1300,bank,bank0,,0,"0,1",2,"1,4,8",-16.0,negative,16.0,3.922008765996124,-0.0014291861996788213,0.00031643291993684107,0.0003327989104338077,-1.636599049696663e-05,0.9508231848606915,True,positive_GN_above_numerical_floor,3.9861860056987286,0.0641772397026048,0.02286697919486114,3.944875745190985,0.04131026050774367,0.04050341375191566,0.042598260535527385,0.0008068467558280112,-0.0012880000277837172,0.04131026050774367,0.042598260535527385,0.019531388713386753,-0.03023597704675082,0.024994613893250087,0.01631564661449358,0.00012608559491825378,0.0001265722533097045,0.016138956149536483,0.016201248423642175,0.0001766904649570973,0.01631564661449358,0.010829510416101985
PD,1300,bank,bank0,,0,"0,1",2,"1,4,8",-8.0,negative,8.0,3.922008765996124,-0.0014291861996788213,0.00031643291993684107,0.0003327989104338077,-1.636599049696663e-05,0.9508231848606915,True,positive_GN_above_numerical_floor,3.943709499666184,0.021700733670060313,0.01143348959743057,3.933442255593554,0.010267244072629743,0.010125853437978914,0.010649565133881846,0.00014139063465082834,-0.0003823210612521038,0.010267244072629743,0.010649565133881846,0.013771040568495421,-0.03590015709052196,0.006188098379055708,0.004079145693574034,0.00012608559491825378,0.0001265722533097045,0.004034739037384121,0.004050312105910544,4.4406656189913477e-05,0.004079145693574034,0.010886263822316578
PD,1300,bank,bank0,,0,"0,1",2,"1,4,8",-4.0,negative,4.0,3.922008765996124,-0.0014291861996788213,0.00031643291993684107,0.0003327989104338077,-1.636599049696663e-05,0.9508231848606915,True,positive_GN_above_numerical_floor,3.930279955672606,0.008271189676482216,0.005716744798715285,3.927725510794839,0.0025544448777669307,0.0025314633594947285,0.0026623912834704616,2.2981518272202107e-05,-0.00010794640570353092,0.0025544448777669307,0.0026623912834704616,0.008996678093242831,-0.04054490651833166,0.0015361703711546388,0.0010182745066122918,0.00012608559491825378,0.0001265722533097045,0.0010086847593460302,0.001012578026477636,9.589747266261625e-06,0.0010182745066122918,0.009417644460299666
PD,1300,bank,bank0,,0,"0,1",2,"1,4,8",-2.0,negative,2.0,3.922008765996124,-0.0014291861996788213,0.00031643291993684107,0.0003327989104338077,-1.636599049696663e-05,0.9508231848606915,True,positive_GN_above_numerical_floor,3.925503256070992,0.0034944900748681285,0.0028583723993576425,3.9248671383954816,0.0006361176755104859,0.0006328658398736821,0.0006655978208676154,3.2518356368037987e-06,-2.948014535712946e-05,0.0006361176755104859,0.0006655978208676154,0.0051120032691973115,-0.04429122877641292,0.00038243976578496185,0.0002536779097255241,0.00012608559491825378,0.0001265722533097045,0.00025217118983650755,0.000253144506619409,1.5067198890165306e-06,0.0002536779097255241,0.005939499780043048
PD,1300,bank,bank0,,0,"0,1",2,"1,4,8",-1.0,negative,1.0,3.922008765996124,-0.0014291861996788213,0.00031643291993684107,0.0003327989104338077,-1.636599049696663e-05,0.9508231848606915,True,positive_GN_above_numerical_floor,3.9235965983710206,0.0015878323748967915,0.0014291861996788213,3.9234379521958025,0.00015864617521797026,0.00015821645996842053,0.00016639945521690385,4.297152495497244e-07,-7.75327999893359e-06,0.00015864617521797026,0.00016639945521690385,0.0027086392026742633,-0.04659438330989178,9.539579369453199e-05,6.325038152343827e-05,0.00012608559491825378,0.0001265722533097045,6.304279745912689e-05,6.328612665485225e-05,2.0758406431138046e-07,6.325038152343827e-05,0.003281941694445866
PD,1300,bank,bank0,,0,"0,1",2,"1,4,8",-0.5,negative,0.5,3.922008765996124,-0.0014291861996788213,0.00031643291993684107,0.0003327989104338077,-1.636599049696663e-05,0.9508231848606915,True,positive_GN_above_numerical_floor,3.9227629683293177,0.0007542023331938985,0.0007145930998394106,3.922723359095963,3.960923335448788e-05,3.9554114992105134e-05,4.159986380422596e-05,5.511836238274626e-08,-1.9906304497380823e-06,3.960923335448788e-05,4.159986380422596e-05,0.0013915533756853472,-0.04785185016725613,2.3821414920566995e-05,1.5787818433920885e-05,0.00012608559491825378,0.0001265722533097045,1.5760699364781722e-05,1.582153166371306e-05,2.7119069139163018e-08,1.5787818433920885e-05,0.0017177211185109905
PD,1300,bank,bank0,,0,"0,1",2,"1,4,8",-0.25,negative,0.25,3.922008765996124,-0.0014291861996788213,0.00031643291993684107,0.0003327989104338077,-1.636599049696663e-05,0.9508231848606915,True,positive_GN_above_numerical_floor,3.9223759580503432,0.0003671920542194229,0.0003572965499197053,3.9223660625460437,9.895504299717599e-06,9.888528748026283e-06,1.039996595105649e-05,6.975551691315292e-09,-5.044616513388919e-07,9.895504299717599e-06,1.039996595105649e-05,0.000704921293552908,-0.048506086819221333,5.951867826781531e-06,3.943636472936068e-06,0.00012608559491825378,0.0001265722533097045,3.9401748411954305e-06,3.955382915928265e-06,3.4616317406374494e-09,3.943636472936068e-06,0.0008777765811817431
PD,1300,bank,bank0,,0,"0,1",2,"1,4,8",0.0,zero,0.0,3.922008765996124,-0.0014291861996788213,0.00031643291993684107,0.0003327989104338077,-1.636599049696663e-05,0.9508231848606915,True,positive_GN_above_numerical_floor,3.922008765996124,0.0,-0.0,3.922008765996124,0.0,0.0,0.0,0.0,0.0,1e-10,1e-10,0.0,0.0,0.0,0.0,0.00012608559491825378,0.0001265722533097045,0.0,0.0,0.0,1e-10,0.0
PD,1300,bank,bank0,,0,"0,1",2,"1,4,8",0.25,positive,0.25,3.922008765996124,-0.0014291861996788213,0.00031643291993684107,0.0003327989104338077,-1.636599049696663e-05,0.9508231848606915,True,positive_GN_above_numerical_floor,3.9216613508324816,-0.00034741516364222846,-0.0003572965499197053,3.921651469446204,9.881386277476852e-06,9.888528748026283e-06,1.039996595105649e-05,-7.1424705494317424e-09,-5.185796735796389e-07,9.888528748026283e-06,1.039996595105649e-05,-0.0007222986079559465,-0.04986359340214556,5.94481309360534e-06,3.936573183871512e-06,0.00012608559491825378,0.0001265722533097045,3.9401748411954305e-06,3.955382915928265e-06,-3.601657323918774e-09,3.9401748411954305e-06,-0.0009140856609363173
PD,1300,bank,bank0,,0,"0,1",2,"1,4,8",0.5,positive,0.5,3.922008765996124,-0.0014291861996788213,0.00031643291993684107,0.0003327989104338077,-1.636599049696663e-05,0.9508231848606915,True,positive_GN_above_numerical_floor,3.921333669223987,-0.0006750967721367296,-0.0007145930998394106,3.9212941728962845,3.949632770268105e-05,3.9554114992105134e-05,4.159986380422596e-05,-5.778728942408616e-08,-2.1035361015449148e-06,3.9554114992105134e-05,4.159986380422596e-05,-0.0014609678268776916,-0.050565937221439296,2.3764986155482617e-05,1.573134154719843e-05,0.00012608559491825378,0.0001265722533097045,1.5760699364781722e-05,1.582153166371306e-05,-2.9357817583291308e-08,1.5760699364781722e-05,-0.001862723024137698
PD,1300,bank,bank0,,0,"0,1",2,"1,4,8",1.0,positive,1.0,3.922008765996124,-0.0014291861996788213,0.00031643291993684107,0.0003327989104338077,-1.636599049696663e-05,0.9508231848606915,True,positive_GN_above_numerical_floor,3.9207373239510073,-0.0012714420451165331,-0.0014291861996788213,3.920579579796445,0.00015774415456228813,0.00015821645996842053,0.00016639945521690385,-4.723054061324091e-07,-8.655300654615723e-06,0.00015821645996842053,0.00016639945521690385,-0.002985185019476985,-0.05201519826692597,9.494465414685416e-05,6.279950041543396e-05,0.00012608559491825378,0.0001265722533097045,6.304279745912689e-05,6.328612665485225e-05,-2.43297043692924e-07,6.304279745912689e-05,-0.0038592361617623807
PD,1300,bank,bank0,,0,"0,1",2,"1,4,8",2.0,positive,2.0,3.922008765996124,-0.0014291861996788213,0.00031643291993684107,0.0003327989104338077,-1.636599049696663e-05,0.9508231848606915,True,positive_GN_above_numerical_floor,3.919779333268054,-0.0022294327280696358,-0.0028583723993576425,3.919150393596766,0.0006289396712880068,0.0006328658398736821,0.0006655978208676154,-3.926168585675384e-06,-3.665814957960864e-05,0.0006328658398736821,0.0006655978208676154,-0.006203792870948815,-0.055075525235080046,0.00037883986026647466,0.0002500998110215321,0.00012608559491825378,0.0001265722533097045,0.00025217118983650755,0.000253144506619409,-2.0713788149754556e-06,0.00025217118983650755,-0.008214177108488926
PD,1300,bank,bank0,,0,"0,1",2,"1,4,8",4.0,positive,4.0,3.922008765996124,-0.0014291861996788213,0.00031643291993684107,0.0003327989104338077,-1.636599049696663e-05,0.9508231848606915,True,positive_GN_above_numerical_floor,3.918790143998036,-0.003218621998087645,-0.005716744798715285,3.9162920211974086,0.00249812280062764,0.0025314633594947285,0.0026623912834704616,-3.334055886708865e-05,-0.00016426848284282168,0.0025314633594947285,0.0026623912834704616,-0.013170468670636147,-0.06169960210683066,0.001507655103484578,0.000990467697143062,0.00012608559491825378,0.0001265722533097045,0.0010086847593460302,0.001012578026477636,-1.8217062202968313e-05,0.0010086847593460302,-0.018060213594165087
PD,1300,bank,bank0,,0,"0,1",2,"1,4,8",8.0,positive,8.0,3.922008765996124,-0.0014291861996788213,0.00031643291993684107,0.0003327989104338077,-1.636599049696663e-05,0.9508231848606915,True,positive_GN_above_numerical_floor,3.9204163511189467,-0.0015924148771770952,-0.01143348959743057,3.9105752763986934,0.009841074720253475,0.010125853437978914,0.010649565133881846,-0.00028477871772543926,-0.0008084904136283714,0.010125853437978914,0.010649565133881846,-0.028123922538452237,-0.07591769273809498,0.00596786819826106,0.003873206521992415,0.00012608559491825378,0.0001265722533097045,0.004034739037384121,0.004050312105910544,-0.0001615325153917057,0.004034739037384121,-0.04003543076640554
PD,1300,bank,bank0,,0,"0,1",2,"1,4,8",16.0,positive,16.0,3.922008765996124,-0.0014291861996788213,0.00031643291993684107,0.0003327989104338077,-1.636599049696663e-05,0.9508231848606915,True,positive_GN_above_numerical_floor,3.937301040352088,0.015292274355964253,-0.02286697919486114,3.8991417868012626,0.03815925355082539,0.04050341375191566,0.042598260535527385,-0.0023441602010902673,-0.004439006984701996,0.04050341375191566,0.042598260535527385,-0.05787562044642219,-0.10420629689796415,0.02339139292499481,0.014767860625830579,0.00012608559491825378,0.0001265722533097045,0.016138956149536483,0.016201248423642175,-0.0013710955237059043,0.016138956149536483,-0.08495565084891087
PD,1300,bank,bank1,,1,"2,3",2,"1,4,8",-16.0,negative,16.0,4.020946968940975,-0.001112081870693529,0.00023761932730687017,0.00024308776224502796,-5.4684349381577916e-06,0.9775042771069417,True,positive_GN_above_numerical_floor,4.069637346388856,0.04869037744788152,0.017793309931096464,4.038740278872071,0.030897067516785053,0.03041527389527938,0.03111523356736358,0.00048179362150567104,-0.00021816605057852628,0.030897067516785053,0.03111523356736358,0.015593506446653334,-0.007011551113900627,0.019691085847819936,0.011205981668965116,8.601148327928339e-05,8.576387957216956e-05,0.011009469859748273,0.010977776585237704,0.00019651180921684275,0.011205981668965116,0.017536331489911388
PD,1300,bank,bank1,,1,"2,3",2,"1,4,8",-8.0,negative,8.0,4.020946968940975,-0.001112081870693529,0.00023761932730687017,0.00024308776224502796,-5.4684349381577916e-06,0.9775042771069417,True,positive_GN_above_numerical_floor,4.037501120812964,0.016554151871988942,0.008896654965548232,4.029843623906523,0.00765749690644071,0.007603818473819845,0.007778808391840895,5.367843262086506e-05,-0.00012131148540018427,0.00765749690644071,0.007778808391840895,0.007009918943057776,-0.01559512450871351,0.00488238099222408,0.0027751159142166302,8.601148327928339e-05,8.576387957216956e-05,0.0027523674649370684,0.002744444146309426,2.2748449279561857e-05,0.0027751159142166302,0.008197296971641406
PD,1300,bank,bank1,,1,"2,3",2,"1,4,8",-4.0,negative,4.0,4.020946968940975,-0.001112081870693529,0.00023761932730687017,0.00024308776224502796,-5.4684349381577916e-06,0.9775042771069417,True,positive_GN_above_numerical_floor,4.0273025861803635,0.0063556172393886,0.004448327482774116,4.025395296423749,0.0019072897566144841,0.0019009546184549613,0.0019447020979602237,6.335138159522776e-06,-3.741234134573956e-05,0.0019072897566144841,0.0019447020979602237,0.003321539444938823,-0.019238083501314132,0.0012163914264774656,0.0006908983301370185,8.601148327928339e-05,8.576387957216956e-05,0.0006880918662342671,0.0006861110365773565,2.806463902751445e-06,0.0006908983301370185,0.004062050493297427
PD,1300,bank,bank1,,1,"2,3",2,"1,4,8",-2.0,negative,2.0,4.020946968940975,-0.001112081870693529,0.00023761932730687017,0.00024308776224502796,-5.4684349381577916e-06,0.9775042771069417,True,positive_GN_above_numerical_floor,4.023647142795983,0.002700173855007648,0.002224163741387058,4.023171132682362,0.00047601011362059017,0.00047523865461374034,0.0004861755244900559,7.714590068498323e-07,-1.0165410869465751e-05,0.00047601011362059017,0.0004861755244900559,0.001620677764558451,-0.020908931769299033,0.00030363445653909033,0.00017237565708149984,8.601148327928339e-05,8.576387957216956e-05,0.00017202296655856677,0.00017152775914433912,3.5269052293306286e-07,0.00017237565708149984,0.002046057598297128
PD,1300,bank,bank1,,1,"2,3",2,"1,4,8",-1.0,negative,1.0,4.020946968940975,-0.001112081870693529,0.00023761932730687017,0.00024308776224502796,-5.4684349381577916e-06,0.9775042771069417,True,positive_GN_above_numerical_floor,4.022177955700904,0.0012309867599293867,0.001112081870693529,4.022059050811668,0.00011890488923585766,0.00011880966365343508,0.00012154388112251398,9.522558242257902e-08,-2.6389918866563168e-06,0.00011890488923585766,0.00012154388112251398,0.0008008550618443554,-0.02171225620149699,7.585483516140304e-05,4.305005407445462e-05,8.601148327928339e-05,8.576387957216956e-05,4.300574163964169e-05,4.288193978608478e-05,4.4312434812926894e-08,4.305005407445462e-05,0.001029323557556722
PD,1300,bank,bank1,,1,"2,3",2,"1,4,8",-0.5,negative,0.5,4.020946968940975,-0.001112081870693529,0.00023761932730687017,0.00024308776224502796,-5.4684349381577916e-06,0.9775042771069417,True,positive_GN_above_numerical_floor,4.021532724121073,0.0005857551800980687,0.0005560409353467645,4.021503009876322,2.9714244751304205e-05,2.970241591335877e-05,3.0385970280628495e-05,1.182883794543439e-08,-6.717255293242896e-07,2.9714244751304205e-05,3.0385970280628495e-05,0.0003980864411812184,-0.022106436724599988,1.895725387903115e-05,1.0756990872273057e-05,8.601148327928339e-05,8.576387957216956e-05,1.0751435409910423e-05,1.0720484946521195e-05,5.555462362633447e-09,1.0756990872273057e-05,0.0005164513411416072
PD,1300,bank,bank1,,1,"2,3",2,"1,4,8",-0.25,negative,0.25,4.020946968940975,-0.001112081870693529,0.00023761932730687017,0.00024308776224502796,-5.4684349381577916e-06,0.9775042771069417,True,positive_GN_above_numerical_floor,4.021232416486592,0.00028544754561732333,0.00027802046767338225,4.0212249894086485,7.427077943941078e-06,7.425603978339693e-06,7.596492570157124e-06,1.4739656013851432e-09,-1.6941462621604584e-07,7.427077943941078e-06,7.596492570157124e-06,0.00019845834559843105,-0.022301690504061365,4.738523587907447e-06,2.6885543560336306e-06,8.601148327928339e-05,8.576387957216956e-05,2.687858852477606e-06,2.6801212366302987e-06,6.955035560247648e-10,2.6885543560336306e-06,0.0002586905317587951
PD,1300,bank,bank1,,1,"2,3",2,"1,4,8",0.0,zero,0.0,4.020946968940975,-0.001112081870693529,0.00023761932730687017,0.00024308776224502796,-5.4684349381577916e-06,0.9775042771069417,True,positive_GN_above_numerical_floor,4.020946968940975,0.0,-0.0,4.020946968940975,0.0,0.0,0.0,0.0,0.0,1e-10,1e-10,0.0,0.0,0.0,0.0,8.601148327928339e-05,8.576387957216956e-05,0.0,0.0,0.0,1e-10,0.0
PD,1300,bank,bank1,,1,"2,3",2,"1,4,8",0.25,positive,0.25,4.020946968940975,-0.001112081870693529,0.00023761932730687017,0.00024308776224502796,-5.4684349381577916e-06,0.9775042771069417,True,positive_GN_above_numerical_floor,4.020676372612616,-0.0002705963283586854,-0.00027802046767338225,4.020668948473301,7.424139314696839e-06,7.425603978339693e-06,7.596492570157124e-06,-1.4646636428541088e-09,-1.723532554602851e-07,7.425603978339693e-06,7.596492570157124e-06,-0.00019724505200203205,-0.02268853077502848,4.736978166877951e-06,2.687161147818888e-06,8.601148327928339e-05,8.576387957216956e-05,2.687858852477606e-06,2.6801212366302987e-06,-6.977046587180238e-10,2.687858852477606e-06,-0.0002595763754763
PD,1300,bank,bank1,,1,"2,3",2,"1,4,8",0.5,positive,0.5,4.020946968940975,-0.001112081870693529,0.00023761932730687017,0.00024308776224502796,-5.4684349381577916e-06,0.9775042771069417,True,positive_GN_above_numerical_floor,4.020420618741683,-0.000526350199291592,-0.0005560409353467645,4.020390928005628,2.969073605517251e-05,2.970241591335877e-05,3.0385970280628495e-05,-1.167985818626151e-08,-6.952342254559855e-07,2.970241591335877e-05,3.0385970280628495e-05,-0.0003932292315995902,-0.022880106148830386,1.8944891122180658e-05,1.0745844932991851e-05,8.601148327928339e-05,8.576387957216956e-05,1.0751435409910423e-05,1.0720484946521195e-05,-5.590476918571833e-09,1.0751435409910423e-05,-0.0005199749340835607
PD,1300,bank,bank1,,1,"2,3",2,"1,4,8",1.0,positive,1.0,4.020946968940975,-0.001112081870693529,0.00023761932730687017,0.00024308776224502796,-5.4684349381577916e-06,0.9775042771069417,True,positive_GN_above_numerical_floor,4.019953603901328,-0.0009933650396467542,-0.001112081870693529,4.019834887070282,0.00011871683104677485,0.00011880966365343508,0.00012154388112251398,-9.283260666023772e-08,-2.8270500757391335e-06,0.00011880966365343508,0.00012154388112251398,-0.0007813556894751271,-0.023259501421462093,7.575595293315526e-05,4.296087811361959e-05,8.601148327928339e-05,8.576387957216956e-05,4.300574163964169e-05,4.288193978608478e-05,-4.48635260221061e-08,4.300574163964169e-05,-0.00104319851981699
PD,1300,bank,bank1,,1,"2,3",2,"1,4,8",2.0,positive,2.0,4.020946968940975,-0.001112081870693529,0.00023761932730687017,0.00024308776224502796,-5.4684349381577916e-06,0.9775042771069417,True,positive_GN_above_numerical_floor,4.01919731127477,-0.0017496576662052732,-0.002224163741387058,4.018722805199588,0.0004745060751817848,0.00047523865461374034,0.0004861755244900559,-7.325794319555201e-07,-1.1669449308271103e-05,0.00047523865461374034,0.0004861755244900559,-0.0015414979923107025,-0.024002543773693787,0.0003028440340737037,0.00017166204110808113,8.601148327928339e-05,8.576387957216956e-05,0.00017202296655856677,0.00017152775914433912,-3.609254504856438e-07,0.00017202296655856677,-0.0020981236267819127
PD,1300,bank,bank1,,1,"2,3",2,"1,4,8",4.0,positive,4.0,4.020946968940975,-0.001112081870693529,0.00023761932730687017,0.00024308776224502796,-5.4684349381577916e-06,0.9775042771069417,True,positive_GN_above_numerical_floor,4.018393920123352,-0.0025530488176226385,-0.004448327482774116,4.016498641458201,0.0018952786651514775,0.0019009546184549613,0.0019447020979602237,-5.675953303483803e-06,-4.9423432808746136e-05,0.0019009546184549613,0.0019447020979602237,-0.002985843664220163,-0.025414397845606184,0.0012100885005857753,0.0006851901645657022,8.601148327928339e-05,8.576387957216956e-05,0.0006880918662342671,0.0006861110365773565,-2.9017016685648628e-06,0.0006880918662342671,-0.004217026549732463
PD,1300,bank,bank1,,1,"2,3",2,"1,4,8",8.0,positive,8.0,4.020946968940975,-0.001112081870693529,0.00023761932730687017,0.00024308776224502796,-5.4684349381577916e-06,0.9775042771069417,True,positive_GN_above_numerical_floor,4.0196131290194845,-0.0013338399214903873,-0.008896654965548232,4.012050313975426,0.007562815044057845,0.007603818473819845,0.007778808391840895,-4.1003429762000686e-05,-0.00021599334778305002,0.007603818473819845,0.007778808391840895,-0.0053924787793365415,-0.0277668939640682,0.004832625602958016,0.0027301894410998286,8.601148327928339e-05,8.576387957216956e-05,0.0027523674649370684,0.002744444146309426,-2.2178023837239776e-05,0.0027523674649370684,-0.008057799011131265
PD,1300,bank,bank1,,1,"2,3",2,"1,4,8",16.0,positive,16.0,4.020946968940975,-0.001112081870693529,0.00023761932730687017,0.00024308776224502796,-5.4684349381577916e-06,0.9775042771069417,True,positive_GN_above_numerical_floor,4.033344602109324,0.012397633168348854,-0.017793309931096464,4.003153659009879,0.030190943099445318,0.03041527389527938,0.03111523356736358,-0.0002243307958340636,-0.0009242904679182609,0.03041527389527938,0.03111523356736358,-0.007375596767809511,-0.029705400279808242,0.019315072331213143,0.010875870768232175,8.601148327928339e-05,8.576387957216956e-05,0.011009469859748273,0.010977776585237704,-0.0001335990915160984,0.011009469859748273,-0.012134925043443743
PD,1300,all_contexts,all4,,,"0,1,2,3",4,"1,4,8",-16.0,negative,16.0,3.9714778674685496,-0.0012706340351861752,0.00027702612362185563,0.00028794333633941783,-1.0917212717562197e-05,0.9620855517743485,True,positive_GN_above_numerical_floor,4.027911676043793,0.05643380857524338,0.020330144562978804,3.9918080120315285,0.03610366401226458,0.03545934382359752,0.03685674705144548,0.000644320188667058,-0.0007530830391809032,0.03610366401226458,0.03685674705144548,0.01784639333138541,-0.02043270498423892,0.022342849870535458,0.013760814141729121,0.00010604853909876855,0.00010616806644093697,0.013574213004642375,0.013589512504439932,0.00018660113708674625,0.013760814141729121,0.013560326821135222
PD,1300,all_contexts,all4,,,"0,1,2,3",4,"1,4,8",-8.0,negative,8.0,3.9714778674685496,-0.0012706340351861752,0.00027702612362185563,0.00028794333633941783,-1.0917212717562197e-05,0.9620855517743485,True,positive_GN_above_numerical_floor,3.990605310239574,0.019127442771024405,0.010165072281489402,3.981642939750039,0.008962370489535004,0.00886483595589938,0.00921418676286137,9.753453363562335e-05,-0.00025181627332636694,0.008962370489535004,0.00921418676286137,0.010882671470623813,-0.027329191366224054,0.005535239685639895,0.003427130803895109,0.00010604853909876855,0.00010616806644093697,0.0033935532511605937,0.003397378126109983,3.357755273451519e-05,0.003427130803895109,0.009797569645241607
PD,1300,all_contexts,all4,,,"0,1,2,3",4,"1,4,8",-4.0,negative,4.0,3.9714778674685496,-0.0012706340351861752,0.00027702612362185563,0.00028794333633941783,-1.0917212717562197e-05,0.9620855517743485,True,positive_GN_above_numerical_floor,3.978791270926485,0.007313403457935408,0.005082536140744701,3.976560403609294,0.002230867317190707,0.002216208988974845,0.0023035466907153426,1.46583282158619e-05,-7.267937352463567e-05,0.002230867317190707,0.0023035466907153426,0.006570685805877905,-0.03155107461792574,0.0013762808988151643,0.0008545864183755426,0.00010604853909876855,0.00010616806644093697,0.0008483883127901484,0.0008493445315274958,6.198105585394171e-06,0.0008545864183755426,0.007252754609856733
PD,1300,all_contexts,all4,,,"0,1,2,3",4,"1,4,8",-2.0,negative,2.0,3.9714778674685496,-0.0012706340351861752,0.00027702612362185563,0.00028794333633941783,-1.0917212717562197e-05,0.9620855517743485,True,positive_GN_above_numerical_floor,3.9745751994334872,0.0030973319649376663,0.0025412680703723505,3.974019135538922,0.0005560638945653158,0.0005540522472437113,0.0005758866726788357,2.011647321604527e-06,-1.9822778113519866e-05,0.0005560638945653158,0.0005758866726788357,0.0036176549876108474,-0.03442131768966073,0.0003430371111618042,0.0002130267834035116,0.00010604853909876855,0.00010616806644093697,0.0002120970781975371,0.00021233613288187394,9.297052059744986e-07,0.0002130267834035116,0.004364264394930413
PD,1300,all_contexts,all4,,,"0,1,2,3",4,"1,4,8",-1.0,negative,1.0,3.9714778674685496,-0.0012706340351861752,0.00027702612362185563,0.00028794333633941783,-1.0917212717562197e-05,0.9620855517743485,True,positive_GN_above_numerical_floor,3.9728872770359622,0.001409409567412645,0.0012706340351861752,3.9727485015037356,0.00013877553222646976,0.00013851306181092782,0.00014397166816970891,2.624704155419473e-07,-5.196135943239151e-06,0.00013877553222646976,0.00014397166816970891,0.0018913306353862012,-0.03609137831975471,8.562531442796758e-05,5.315021779850218e-05,0.00010604853909876855,0.00010616806644093697,5.302426954938428e-05,5.3084033220468486e-05,1.2594824911790184e-07,5.315021779850218e-05,0.0023696657198166962
PD,1300,all_contexts,all4,,,"0,1,2,3",4,"1,4,8",-0.5,negative,0.5,3.9714778674685496,-0.0012706340351861752,0.00027702612362185563,0.00028794333633941783,-1.0917212717562197e-05,0.9620855517743485,True,positive_GN_above_numerical_floor,3.9721478462251953,0.0006699787566457616,0.0006353170175930876,3.9721131844861426,3.4661739052673944e-05,3.4628265452731954e-05,3.599291704242723e-05,3.3473599941989814e-08,-1.3311779897532848e-06,3.4661739052673944e-05,3.599291704242723e-05,0.0009657218840382312,-0.036984443027613945,2.138933440002115e-05,1.3272404652652794e-05,0.00010604853909876855,0.00010616806644093697,1.325606738734607e-05,1.3271008305117121e-05,1.633726530672432e-08,1.3272404652652794e-05,0.001230919771833429
PD,1300,all_contexts,all4,,,"0,1,2,3",4,"1,4,8",-0.25,negative,0.25,3.9714778674685496,-0.0012706340351861752,0.00027702612362185563,0.00028794333633941783,-1.0917212717562197e-05,0.9620855517743485,True,positive_GN_above_numerical_floor,3.971804187268468,0.0003263197999183731,0.0003176585087965438,3.9717955259773463,8.661291121829311e-06,8.657066363182988e-06,8.998229260606807e-06,4.224758646322689e-09,-3.3693813877749596e-07,8.661291121829311e-06,8.998229260606807e-06,0.00048777469627766043,-0.037444938222742516,5.345195706678372e-06,3.316095415150939e-06,0.00010604853909876855,0.00010616806644093697,3.3140168468365173e-06,3.3177520762792803e-06,2.0785683144217232e-09,3.316095415150939e-06,0.0006268119743855781
PD,1300,all_contexts,all4,,,"0,1,2,3",4,"1,4,8",0.0,zero,0.0,3.9714778674685496,-0.0012706340351861752,0.00027702612362185563,0.00028794333633941783,-1.0917212717562197e-05,0.9620855517743485,True,positive_GN_above_numerical_floor,3.9714778674685496,0.0,-0.0,3.9714778674685496,0.0,0.0,0.0,0.0,0.0,1e-10,1e-10,0.0,0.0,0.0,0.0,0.00010604853909876855,0.00010616806644093697,0.0,0.0,0.0,1e-10,0.0
PD,1300,all_contexts,all4,,,"0,1,2,3",4,"1,4,8",0.25,positive,0.25,3.9714778674685496,-0.0012706340351861752,0.00027702612362185563,0.00028794333633941783,-1.0917212717562197e-05,0.9620855517743485,True,positive_GN_above_numerical_floor,3.971168861722549,-0.000309005746000679,-0.0003176585087965438,3.971160208959753,8.652762795864828e-06,8.657066363182988e-06,8.998229260606807e-06,-4.303567318160849e-09,-3.454664647419795e-07,8.657066363182988e-06,8.998229260606807e-06,-0.0004971161289074991,-0.03839271647082734,5.340895629131405e-06,3.3118671667334222e-06,0.00010604853909876855,0.00010616806644093697,3.3140168468365173e-06,3.3177520762792803e-06,-2.1496801030950865e-09,3.3140168468365173e-06,-0.0006486629979407379
PD,1300,all_contexts,all4,,,"0,1,2,3",4,"1,4,8",0.5,positive,0.5,3.9714778674685496,-0.0012706340351861752,0.00027702612362185563,0.00028794333633941783,-1.0917212717562197e-05,0.9620855517743485,True,positive_GN_above_numerical_floor,3.970877143982835,-0.0006007234857143828,-0.0006353170175930876,3.9708425504509566,3.459353187870479e-05,3.4628265452731954e-05,3.599291704242723e-05,-3.473357402716592e-08,-1.3993851637224405e-06,3.4628265452731954e-05,3.599291704242723e-05,-0.0010030411160668073,-0.03887945959125493,2.1354938639719782e-05,1.3238593238985006e-05,0.00010604853909876855,0.00010616806644093697,1.325606738734607e-05,1.3271008305117121e-05,-1.7474148361063115e-08,1.325606738734607e-05,-0.0013182000249744904
PD,1300,all_contexts,all4,,,"0,1,2,3",4,"1,4,8",1.0,positive,1.0,3.9714778674685496,-0.0012706340351861752,0.00027702612362185563,0.00028794333633941783,-1.0917212717562197e-05,0.9620855517743485,True,positive_GN_above_numerical_floor,3.9703454639261677,-0.0011324035423818657,-0.0012706340351861752,3.9702072334333636,0.00013823049280430955,0.00013851306181092782,0.00014397166816970891,-2.8256900661826636e-07,-5.741175365399365e-06,0.00013851306181092782,0.00014397166816970891,-0.0020400170418871893,-0.039877119147024555,8.535030354089282e-05,5.288018926341673e-05,0.00010604853909876855,0.00010616806644093697,5.302426954938428e-05,5.3084033220468486e-05,-1.4408028596754835e-07,5.302426954938428e-05,-0.0027172516885566682
PD,1300,all_contexts,all4,,,"0,1,2,3",4,"1,4,8",2.0,positive,2.0,3.9714778674685496,-0.0012706340351861752,0.00027702612362185563,0.00028794333633941783,-1.0917212717562197e-05,0.9620855517743485,True,positive_GN_above_numerical_floor,3.9694883222714115,-0.0019895451971381206,-0.0025412680703723505,3.968936599398177,0.0005517228732342299,0.0005540522472437113,0.0005758866726788357,-2.329374009481396e-06,-2.416379944460579e-05,0.0005540522472437113,0.0005758866726788357,-0.004204249727475202,-0.04195929614450657,0.00034084194716964495,0.00021088092606458492,0.00010604853909876855,0.00010616806644093697,0.0002120970781975371,0.00021233613288187394,-1.2161521329521877e-06,0.0002120970781975371,-0.005733941001391456
PD,1300,all_contexts,all4,,,"0,1,2,3",4,"1,4,8",4.0,positive,4.0,3.9714778674685496,-0.0012706340351861752,0.00027702612362185563,0.00028794333633941783,-1.0917212717562197e-05,0.9620855517743485,True,positive_GN_above_numerical_floor,3.968592032060694,-0.002885835407855364,-0.005082536140744701,3.966395331327805,0.002196700732889337,0.002216208988974845,0.0023035466907153426,-1.9508256085507946e-05,-0.00010684595782600552,0.002216208988974845,0.0023035466907153426,-0.008802534500382073,-0.04638323948746427,0.001358871802034066,0.000837828930855271,0.00010604853909876855,0.00010616806644093697,0.0008483883127901484,0.0008493445315274958,-1.0559381934877434e-05,0.0008483883127901484,-0.012446401931386967
PD,1300,all_contexts,all4,,,"0,1,2,3",4,"1,4,8",8.0,positive,8.0,3.9714778674685496,-0.0012706340351861752,0.00027702612362185563,0.00028794333633941783,-1.0917212717562197e-05,0.9620855517743485,True,positive_GN_above_numerical_floor,3.9700147400692156,-0.0014631273993339633,-0.010165072281489402,3.96131279518706,0.008701944882155439,0.00886483595589938,0.00921418676286137,-0.00016289107374394159,-0.0005122418807059319,0.00886483595589938,0.00921418676286137,-0.018374967631018674,-0.05559273909777584,0.005400246900609093,0.003301697981546345,0.00010604853909876855,0.00010616806644093697,0.0033935532511605937,0.003397378126109983,-9.185526961424852e-05,0.0033935532511605937,-0.027067578675193636
PD,1300,all_contexts,all4,,,"0,1,2,3",4,"1,4,8",16.0,positive,16.0,3.9714778674685496,-0.0012706340351861752,0.00027702612362185563,0.00028794333633941783,-1.0917212717562197e-05,0.9620855517743485,True,positive_GN_above_numerical_floor,3.9853228212307057,0.01384495376215611,-0.020330144562978804,3.9511477229055707,0.03417509832513491,0.03545934382359752,0.03685674705144548,-0.0012842454984626078,-0.002681648726310569,0.03545934382359752,0.03685674705144548,-0.03621740731727717,-0.07275869252833038,0.021353232628104197,0.012821865697030716,0.00010604853909876855,0.00010616806644093697,0.013574213004642375,0.013589512504439932,-0.0007523473076116588,0.013574213004642375,-0.05542474597638598
