method,step,block,aggregation,aggregate,context,bank,context_members,context_count,span,direction_i,direction_j,hessian,gn
Muon,10,1,context,context0,0,0,0,1,five_selected_direction_coefficients,actual,actual,6.797060134718333e-05,6.849915894379431e-06
Muon,10,1,context,context0,0,0,0,1,five_selected_direction_coefficients,actual,left0,-8.364560285790947e-07,-1.3488938619828174e-07
Muon,10,1,context,context0,0,0,0,1,five_selected_direction_coefficients,actual,left1,-1.0824389758417927e-07,3.033947670716588e-09
Muon,10,1,context,context0,0,0,0,1,five_selected_direction_coefficients,actual,right_raw,-2.688706802841429e-07,-1.0208321983796594e-07
Muon,10,1,context,context0,0,0,0,1,five_selected_direction_coefficients,actual,right_white,4.195335309969326e-07,-4.888608452868863e-10
Muon,10,1,context,context0,0,0,0,1,five_selected_direction_coefficients,left0,actual,-8.364560285790955e-07,-1.3488938619828174e-07
Muon,10,1,context,context0,0,0,0,1,five_selected_direction_coefficients,left0,left0,3.361326336341827e-06,6.121731425807968e-07
Muon,10,1,context,context0,0,0,0,1,five_selected_direction_coefficients,left0,left1,1.1604063903182722e-07,8.695270987886563e-09
Muon,10,1,context,context0,0,0,0,1,five_selected_direction_coefficients,left0,right_raw,4.786339393095457e-09,1.1088193041550159e-08
Muon,10,1,context,context0,0,0,0,1,five_selected_direction_coefficients,left0,right_white,9.905586621970672e-10,9.819302101713087e-09
Muon,10,1,context,context0,0,0,0,1,five_selected_direction_coefficients,left1,actual,-1.0824389758417981e-07,3.033947670716588e-09
Muon,10,1,context,context0,0,0,0,1,five_selected_direction_coefficients,left1,left0,1.1604063903182716e-07,8.695270987886563e-09
Muon,10,1,context,context0,0,0,0,1,five_selected_direction_coefficients,left1,left1,3.177498340432705e-06,5.851516541415039e-07
Muon,10,1,context,context0,0,0,0,1,five_selected_direction_coefficients,left1,right_raw,-1.8048522837930786e-08,1.0654777744028751e-08
Muon,10,1,context,context0,0,0,0,1,five_selected_direction_coefficients,left1,right_white,5.1082787864889934e-08,6.382248793354266e-09
Muon,10,1,context,context0,0,0,0,1,five_selected_direction_coefficients,right_raw,actual,-2.688706802841441e-07,-1.0208321983796594e-07
Muon,10,1,context,context0,0,0,0,1,five_selected_direction_coefficients,right_raw,left0,4.786339393095133e-09,1.1088193041550159e-08
Muon,10,1,context,context0,0,0,0,1,five_selected_direction_coefficients,right_raw,left1,-1.8048522837930365e-08,1.0654777744028751e-08
Muon,10,1,context,context0,0,0,0,1,five_selected_direction_coefficients,right_raw,right_raw,8.912394655824975e-06,1.3702920161921402e-06
Muon,10,1,context,context0,0,0,0,1,five_selected_direction_coefficients,right_raw,right_white,7.659374926025267e-06,1.1916611490057079e-06
Muon,10,1,context,context0,0,0,0,1,five_selected_direction_coefficients,right_white,actual,4.195335309969306e-07,-4.888608452868863e-10
Muon,10,1,context,context0,0,0,0,1,five_selected_direction_coefficients,right_white,left0,9.905586621969166e-10,9.819302101713087e-09
Muon,10,1,context,context0,0,0,0,1,five_selected_direction_coefficients,right_white,left1,5.1082787864889106e-08,6.382248793354266e-09
Muon,10,1,context,context0,0,0,0,1,five_selected_direction_coefficients,right_white,right_raw,7.659374926025267e-06,1.1916611490057079e-06
Muon,10,1,context,context0,0,0,0,1,five_selected_direction_coefficients,right_white,right_white,1.2904246699921827e-05,1.9956201670514395e-06
Muon,10,1,context,context1,1,0,1,1,five_selected_direction_coefficients,actual,actual,7.460730670671276e-05,6.775230122449676e-06
Muon,10,1,context,context1,1,0,1,1,five_selected_direction_coefficients,actual,left0,8.218637347403833e-08,-1.7569369705411538e-09
Muon,10,1,context,context1,1,0,1,1,five_selected_direction_coefficients,actual,left1,6.946347271687012e-09,-9.470273983628669e-09
Muon,10,1,context,context1,1,0,1,1,five_selected_direction_coefficients,actual,right_raw,-8.316814630804406e-07,-7.785748286055557e-08
Muon,10,1,context,context1,1,0,1,1,five_selected_direction_coefficients,actual,right_white,-9.309508640715344e-07,-4.1165798818642475e-08
Muon,10,1,context,context1,1,0,1,1,five_selected_direction_coefficients,left0,actual,8.2186373474038e-08,-1.7569369705411538e-09
Muon,10,1,context,context1,1,0,1,1,five_selected_direction_coefficients,left0,left0,3.811958646949994e-06,6.091718392008663e-07
Muon,10,1,context,context1,1,0,1,1,five_selected_direction_coefficients,left0,left1,4.1787713006298115e-08,7.66433302896569e-09
Muon,10,1,context,context1,1,0,1,1,five_selected_direction_coefficients,left0,right_raw,9.686494320352733e-08,8.959259610933737e-10
Muon,10,1,context,context1,1,0,1,1,five_selected_direction_coefficients,left0,right_white,3.022327866115005e-07,1.3117341979535417e-08
Muon,10,1,context,context1,1,0,1,1,five_selected_direction_coefficients,left1,actual,6.94634727168766e-09,-9.470273983628669e-09
Muon,10,1,context,context1,1,0,1,1,five_selected_direction_coefficients,left1,left0,4.1787713006298035e-08,7.66433302896569e-09
Muon,10,1,context,context1,1,0,1,1,five_selected_direction_coefficients,left1,left1,4.011191030033875e-06,6.192675579529465e-07
Muon,10,1,context,context1,1,0,1,1,five_selected_direction_coefficients,left1,right_raw,6.801706405175328e-08,1.562400611931012e-08
Muon,10,1,context,context1,1,0,1,1,five_selected_direction_coefficients,left1,right_white,1.6463452307689927e-07,1.1800926814333549e-08
Muon,10,1,context,context1,1,0,1,1,five_selected_direction_coefficients,right_raw,actual,-8.316814630804425e-07,-7.785748286055557e-08
Muon,10,1,context,context1,1,0,1,1,five_selected_direction_coefficients,right_raw,left0,9.686494320352721e-08,8.959259610933737e-10
Muon,10,1,context,context1,1,0,1,1,five_selected_direction_coefficients,right_raw,left1,6.801706405175333e-08,1.562400611931012e-08
Muon,10,1,context,context1,1,0,1,1,five_selected_direction_coefficients,right_raw,right_raw,1.0061474771624261e-05,1.3804520692863668e-06
Muon,10,1,context,context1,1,0,1,1,five_selected_direction_coefficients,right_raw,right_white,8.398295025364497e-06,1.1435269037760766e-06
Muon,10,1,context,context1,1,0,1,1,five_selected_direction_coefficients,right_white,actual,-9.309508640715338e-07,-4.1165798818642475e-08
Muon,10,1,context,context1,1,0,1,1,five_selected_direction_coefficients,right_white,left0,3.022327866115005e-07,1.3117341979535417e-08
Muon,10,1,context,context1,1,0,1,1,five_selected_direction_coefficients,right_white,left1,1.6463452307689893e-07,1.1800926814333549e-08
Muon,10,1,context,context1,1,0,1,1,five_selected_direction_coefficients,right_white,right_raw,8.398295025364498e-06,1.1435269037760766e-06
Muon,10,1,context,context1,1,0,1,1,five_selected_direction_coefficients,right_white,right_white,1.44209461339084e-05,1.942385556622594e-06
Muon,10,1,context,context2,2,1,2,1,five_selected_direction_coefficients,actual,actual,7.598441667167614e-05,7.242898877601104e-06
Muon,10,1,context,context2,2,1,2,1,five_selected_direction_coefficients,actual,left0,-5.435055905362033e-07,-1.0248058092924198e-07
Muon,10,1,context,context2,2,1,2,1,five_selected_direction_coefficients,actual,left1,5.583168784894303e-08,8.597747308721868e-09
Muon,10,1,context,context2,2,1,2,1,five_selected_direction_coefficients,actual,right_raw,-5.690522884338566e-07,-1.665372922394141e-07
Muon,10,1,context,context2,2,1,2,1,five_selected_direction_coefficients,actual,right_white,-7.647577638831355e-07,-1.6474420296568583e-07
Muon,10,1,context,context2,2,1,2,1,five_selected_direction_coefficients,left0,actual,-5.435055905362032e-07,-1.0248058092924198e-07
Muon,10,1,context,context2,2,1,2,1,five_selected_direction_coefficients,left0,left0,3.6755451151955465e-06,6.271547428056958e-07
Muon,10,1,context,context2,2,1,2,1,five_selected_direction_coefficients,left0,left1,-1.678188167302909e-08,1.7930939684617126e-09
Muon,10,1,context,context2,2,1,2,1,five_selected_direction_coefficients,left0,right_raw,3.472016382009897e-08,9.202911428621073e-09
Muon,10,1,context,context2,2,1,2,1,five_selected_direction_coefficients,left0,right_white,1.74953647119654e-08,1.8044971735421237e-08
Muon,10,1,context,context2,2,1,2,1,five_selected_direction_coefficients,left1,actual,5.5831687848942e-08,8.597747308721868e-09
Muon,10,1,context,context2,2,1,2,1,five_selected_direction_coefficients,left1,left0,-1.67818816730288e-08,1.7930939684617126e-09
Muon,10,1,context,context2,2,1,2,1,five_selected_direction_coefficients,left1,left1,3.8271480137137995e-06,6.087059253832226e-07
Muon,10,1,context,context2,2,1,2,1,five_selected_direction_coefficients,left1,right_raw,-7.595895074919361e-09,-1.3067761987036834e-08
Muon,10,1,context,context2,2,1,2,1,five_selected_direction_coefficients,left1,right_white,4.706971454984009e-08,-1.7952368447360417e-08
Muon,10,1,context,context2,2,1,2,1,five_selected_direction_coefficients,right_raw,actual,-5.690522884338565e-07,-1.665372922394141e-07
Muon,10,1,context,context2,2,1,2,1,five_selected_direction_coefficients,right_raw,left0,3.472016382009957e-08,9.202911428621073e-09
Muon,10,1,context,context2,2,1,2,1,five_selected_direction_coefficients,right_raw,left1,-7.59589507491882e-09,-1.3067761987036834e-08
Muon,10,1,context,context2,2,1,2,1,five_selected_direction_coefficients,right_raw,right_raw,1.029022117892605e-05,1.463088003766245e-06
Muon,10,1,context,context2,2,1,2,1,five_selected_direction_coefficients,right_raw,right_white,8.622377439512431e-06,1.2088373031165205e-06
Muon,10,1,context,context2,2,1,2,1,five_selected_direction_coefficients,right_white,actual,-7.647577638831364e-07,-1.6474420296568583e-07
Muon,10,1,context,context2,2,1,2,1,five_selected_direction_coefficients,right_white,left0,1.749536471196571e-08,1.8044971735421237e-08
Muon,10,1,context,context2,2,1,2,1,five_selected_direction_coefficients,right_white,left1,4.7069714549840405e-08,-1.7952368447360417e-08
Muon,10,1,context,context2,2,1,2,1,five_selected_direction_coefficients,right_white,right_raw,8.622377439512431e-06,1.2088373031165205e-06
Muon,10,1,context,context2,2,1,2,1,five_selected_direction_coefficients,right_white,right_white,1.4534570675207763e-05,2.0007066931584953e-06
Muon,10,1,context,context3,3,1,3,1,five_selected_direction_coefficients,actual,actual,6.465825677755551e-05,6.890919563162511e-06
Muon,10,1,context,context3,3,1,3,1,five_selected_direction_coefficients,actual,left0,3.9971548147566395e-07,4.711060746815175e-10
Muon,10,1,context,context3,3,1,3,1,five_selected_direction_coefficients,actual,left1,6.612837765283185e-07,1.2315615481316201e-08
Muon,10,1,context,context3,3,1,3,1,five_selected_direction_coefficients,actual,right_raw,-4.0303456556501467e-07,-5.425989092340114e-08
Muon,10,1,context,context3,3,1,3,1,five_selected_direction_coefficients,actual,right_white,-3.7634869402872137e-06,-4.070644182106581e-07
Muon,10,1,context,context3,3,1,3,1,five_selected_direction_coefficients,left0,actual,3.9971548147566363e-07,4.711060746815175e-10
Muon,10,1,context,context3,3,1,3,1,five_selected_direction_coefficients,left0,left0,3.0577344287737052e-06,6.020500807070879e-07
Muon,10,1,context,context3,3,1,3,1,five_selected_direction_coefficients,left0,left1,6.691426197980632e-08,1.0178825816066521e-08
Muon,10,1,context,context3,3,1,3,1,five_selected_direction_coefficients,left0,right_raw,-5.047924304504931e-08,-7.54701711885271e-10
Muon,10,1,context,context3,3,1,3,1,five_selected_direction_coefficients,left0,right_white,-1.8720852019320218e-07,-4.4787106144364345e-09
Muon,10,1,context,context3,3,1,3,1,five_selected_direction_coefficients,left1,actual,6.612837765283177e-07,1.2315615481316201e-08
Muon,10,1,context,context3,3,1,3,1,five_selected_direction_coefficients,left1,left0,6.691426197980681e-08,1.0178825816066521e-08
Muon,10,1,context,context3,3,1,3,1,five_selected_direction_coefficients,left1,left1,3.2015422478402713e-06,5.93094677140782e-07
Muon,10,1,context,context3,3,1,3,1,five_selected_direction_coefficients,left1,right_raw,8.6199855504547e-08,1.2209809593337052e-08
Muon,10,1,context,context3,3,1,3,1,five_selected_direction_coefficients,left1,right_white,-3.008516131071393e-08,1.1232389282024266e-08
Muon,10,1,context,context3,3,1,3,1,five_selected_direction_coefficients,right_raw,actual,-4.0303456556501313e-07,-5.425989092340114e-08
Muon,10,1,context,context3,3,1,3,1,five_selected_direction_coefficients,right_raw,left0,-5.0479243045050446e-08,-7.54701711885271e-10
Muon,10,1,context,context3,3,1,3,1,five_selected_direction_coefficients,right_raw,left1,8.619985550454754e-08,1.2209809593337052e-08
Muon,10,1,context,context3,3,1,3,1,five_selected_direction_coefficients,right_raw,right_raw,8.788302794972402e-06,1.4190628554757068e-06
Muon,10,1,context,context3,3,1,3,1,five_selected_direction_coefficients,right_raw,right_white,7.556172216609061e-06,1.2368859017932078e-06
Muon,10,1,context,context3,3,1,3,1,five_selected_direction_coefficients,right_white,actual,-3.763486940287215e-06,-4.070644182106581e-07
Muon,10,1,context,context3,3,1,3,1,five_selected_direction_coefficients,right_white,left0,-1.8720852019320295e-07,-4.4787106144364345e-09
Muon,10,1,context,context3,3,1,3,1,five_selected_direction_coefficients,right_white,left1,-3.008516131071326e-08,1.1232389282024266e-08
Muon,10,1,context,context3,3,1,3,1,five_selected_direction_coefficients,right_white,right_raw,7.556172216609062e-06,1.2368859017932078e-06
Muon,10,1,context,context3,3,1,3,1,five_selected_direction_coefficients,right_white,right_white,1.2930042099950995e-05,2.0948112951260743e-06
Muon,10,1,bank,bank0,,0,"0,1",2,five_selected_direction_coefficients,actual,actual,7.128895402694804e-05,6.812573008414559e-06
Muon,10,1,bank,bank0,,0,"0,1",2,five_selected_direction_coefficients,actual,left0,-3.771348275525282e-07,-6.83231615844113e-08
Muon,10,1,bank,bank0,,0,"0,1",2,five_selected_direction_coefficients,actual,left1,-5.064877515624613e-08,-3.2181631564560414e-09
Muon,10,1,bank,bank0,,0,"0,1",2,five_selected_direction_coefficients,actual,right_raw,-5.502760716822918e-07,-8.99703513492609e-08
Muon,10,1,bank,bank0,,0,"0,1",2,five_selected_direction_coefficients,actual,right_white,-2.557086665373009e-07,-2.082732983196467e-08
Muon,10,1,bank,bank0,,0,"0,1",2,five_selected_direction_coefficients,left0,actual,-3.7713482755252873e-07,-6.83231615844113e-08
Muon,10,1,bank,bank0,,0,"0,1",2,five_selected_direction_coefficients,left0,left0,3.5866424916459107e-06,6.106724908908319e-07
Muon,10,1,bank,bank0,,0,"0,1",2,five_selected_direction_coefficients,left0,left1,7.891417601906267e-08,8.179802008426126e-09
Muon,10,1,bank,bank0,,0,"0,1",2,five_selected_direction_coefficients,left0,right_raw,5.0825641298311395e-08,5.992059501321765e-09
Muon,10,1,bank,bank0,,0,"0,1",2,five_selected_direction_coefficients,left0,right_white,1.5161167263684876e-07,1.1468322040624255e-08
Muon,10,1,bank,bank0,,0,"0,1",2,five_selected_direction_coefficients,left1,actual,-5.0648775156246077e-08,-3.2181631564560414e-09
Muon,10,1,bank,bank0,,0,"0,1",2,five_selected_direction_coefficients,left1,left0,7.89141760190626e-08,8.179802008426126e-09
Muon,10,1,bank,bank0,,0,"0,1",2,five_selected_direction_coefficients,left1,left1,3.59434468523329e-06,6.022096060472253e-07
Muon,10,1,bank,bank0,,0,"0,1",2,five_selected_direction_coefficients,left1,right_raw,2.4984270606911244e-08,1.3139391931669437e-08
Muon,10,1,bank,bank0,,0,"0,1",2,five_selected_direction_coefficients,left1,right_white,1.078586554708946e-07,9.091587803843902e-09
Muon,10,1,bank,bank0,,0,"0,1",2,five_selected_direction_coefficients,right_raw,actual,-5.502760716822933e-07,-8.99703513492609e-08
Muon,10,1,bank,bank0,,0,"0,1",2,five_selected_direction_coefficients,right_raw,left0,5.0825641298311176e-08,5.992059501321765e-09
Muon,10,1,bank,bank0,,0,"0,1",2,five_selected_direction_coefficients,right_raw,left1,2.4984270606911482e-08,1.3139391931669437e-08
Muon,10,1,bank,bank0,,0,"0,1",2,five_selected_direction_coefficients,right_raw,right_raw,9.486934713724617e-06,1.3753720427392522e-06
Muon,10,1,bank,bank0,,0,"0,1",2,five_selected_direction_coefficients,right_raw,right_white,8.028834975694882e-06,1.167594026390892e-06
Muon,10,1,bank,bank0,,0,"0,1",2,five_selected_direction_coefficients,right_white,actual,-2.5570866653730157e-07,-2.082732983196467e-08
Muon,10,1,bank,bank0,,0,"0,1",2,five_selected_direction_coefficients,right_white,left0,1.516116726368487e-07,1.1468322040624255e-08
Muon,10,1,bank,bank0,,0,"0,1",2,five_selected_direction_coefficients,right_white,left1,1.0785865547089402e-07,9.091587803843902e-09
Muon,10,1,bank,bank0,,0,"0,1",2,five_selected_direction_coefficients,right_white,right_raw,8.028834975694883e-06,1.167594026390892e-06
Muon,10,1,bank,bank0,,0,"0,1",2,five_selected_direction_coefficients,right_white,right_white,1.3662596416915113e-05,1.969002861837015e-06
Muon,10,1,bank,bank1,,1,"2,3",2,five_selected_direction_coefficients,actual,actual,7.032133672461582e-05,7.066909220381799e-06
Muon,10,1,bank,bank1,,1,"2,3",2,five_selected_direction_coefficients,actual,left0,-7.189505453026968e-08,-5.100473742728021e-08
Muon,10,1,bank,bank1,,1,"2,3",2,five_selected_direction_coefficients,actual,left1,3.585577321886308e-07,1.0456681395019043e-08
Muon,10,1,bank,bank1,,1,"2,3",2,five_selected_direction_coefficients,actual,right_raw,-4.860434269994356e-07,-1.103985915814076e-07
Muon,10,1,bank,bank1,,1,"2,3",2,five_selected_direction_coefficients,actual,right_white,-2.2641223520851745e-06,-2.859043105881715e-07
Muon,10,1,bank,bank1,,1,"2,3",2,five_selected_direction_coefficients,left0,actual,-7.189505453026979e-08,-5.100473742728021e-08
Muon,10,1,bank,bank1,,1,"2,3",2,five_selected_direction_coefficients,left0,left0,3.366639771984626e-06,6.146024117563916e-07
Muon,10,1,bank,bank1,,1,"2,3",2,five_selected_direction_coefficients,left0,left1,2.5066190153388616e-08,5.985959892264119e-09
Muon,10,1,bank,bank1,,1,"2,3",2,five_selected_direction_coefficients,left0,right_raw,-7.879539612475168e-09,4.224104858367904e-09
Muon,10,1,bank,bank1,,1,"2,3",2,five_selected_direction_coefficients,left0,right_white,-8.485657774061839e-08,6.783130560492408e-09
Muon,10,1,bank,bank1,,1,"2,3",2,five_selected_direction_coefficients,left1,actual,3.585577321886298e-07,1.0456681395019043e-08
Muon,10,1,bank,bank1,,1,"2,3",2,five_selected_direction_coefficients,left1,left0,2.5066190153389006e-08,5.985959892264119e-09
Muon,10,1,bank,bank1,,1,"2,3",2,five_selected_direction_coefficients,left1,left1,3.5143451307770354e-06,6.009003012620016e-07
Muon,10,1,bank,bank1,,1,"2,3",2,five_selected_direction_coefficients,left1,right_raw,3.930198021481382e-08,-4.289761968498965e-10
Muon,10,1,bank,bank1,,1,"2,3",2,five_selected_direction_coefficients,left1,right_white,8.49227661956308e-09,-3.3599895826680755e-09
Muon,10,1,bank,bank1,,1,"2,3",2,five_selected_direction_coefficients,right_raw,actual,-4.860434269994348e-07,-1.103985915814076e-07
Muon,10,1,bank,bank1,,1,"2,3",2,five_selected_direction_coefficients,right_raw,left0,-7.87953961247544e-09,4.224104858367904e-09
Muon,10,1,bank,bank1,,1,"2,3",2,five_selected_direction_coefficients,right_raw,left1,3.930198021481436e-08,-4.289761968498965e-10
Muon,10,1,bank,bank1,,1,"2,3",2,five_selected_direction_coefficients,right_raw,right_raw,9.539261986949226e-06,1.4410754296209761e-06
Muon,10,1,bank,bank1,,1,"2,3",2,five_selected_direction_coefficients,right_raw,right_white,8.089274828060747e-06,1.2228616024548648e-06
Muon,10,1,bank,bank1,,1,"2,3",2,five_selected_direction_coefficients,right_white,actual,-2.2641223520851758e-06,-2.859043105881715e-07
Muon,10,1,bank,bank1,,1,"2,3",2,five_selected_direction_coefficients,right_white,left0,-8.485657774061861e-08,6.783130560492408e-09
Muon,10,1,bank,bank1,,1,"2,3",2,five_selected_direction_coefficients,right_white,left1,8.492276619563572e-09,-3.3599895826680755e-09
Muon,10,1,bank,bank1,,1,"2,3",2,five_selected_direction_coefficients,right_white,right_raw,8.089274828060747e-06,1.2228616024548648e-06
Muon,10,1,bank,bank1,,1,"2,3",2,five_selected_direction_coefficients,right_white,right_white,1.373230638757938e-05,2.0477589941422865e-06
Muon,10,1,all_contexts,all4,,,"0,1,2,3",4,five_selected_direction_coefficients,actual,actual,7.080514537578193e-05,6.939741114398187e-06
Muon,10,1,all_contexts,all4,,,"0,1,2,3",4,five_selected_direction_coefficients,actual,left0,-2.2451494104139897e-07,-5.966394950584584e-08
Muon,10,1,all_contexts,all4,,,"0,1,2,3",4,five_selected_direction_coefficients,actual,left1,1.5395447851619232e-07,3.6192591192814964e-09
Muon,10,1,all_contexts,all4,,,"0,1,2,3",4,five_selected_direction_coefficients,actual,right_raw,-5.181597493408637e-07,-1.0018447146533426e-07
Muon,10,1,all_contexts,all4,,,"0,1,2,3",4,five_selected_direction_coefficients,actual,right_white,-1.2599155093112378e-06,-1.5336582021006817e-07
Muon,10,1,all_contexts,all4,,,"0,1,2,3",4,five_selected_direction_coefficients,left0,actual,-2.2451494104139926e-07,-5.966394950584584e-08
Muon,10,1,all_contexts,all4,,,"0,1,2,3",4,five_selected_direction_coefficients,left0,left0,3.476641131815268e-06,6.126374513236122e-07
Muon,10,1,all_contexts,all4,,,"0,1,2,3",4,five_selected_direction_coefficients,left0,left1,5.1990183086225644e-08,7.082880950345123e-09
Muon,10,1,all_contexts,all4,,,"0,1,2,3",4,five_selected_direction_coefficients,left0,right_raw,2.1473050842918113e-08,5.108082179844824e-09
Muon,10,1,all_contexts,all4,,,"0,1,2,3",4,five_selected_direction_coefficients,left0,right_white,3.3377547448115185e-08,9.12572630055831e-09
Muon,10,1,all_contexts,all4,,,"0,1,2,3",4,five_selected_direction_coefficients,left1,actual,1.5395447851619187e-07,3.6192591192814964e-09
Muon,10,1,all_contexts,all4,,,"0,1,2,3",4,five_selected_direction_coefficients,left1,left0,5.19901830862258e-08,7.082880950345123e-09
Muon,10,1,all_contexts,all4,,,"0,1,2,3",4,five_selected_direction_coefficients,left1,left1,3.554344908005163e-06,6.015549536546131e-07
Muon,10,1,all_contexts,all4,,,"0,1,2,3",4,five_selected_direction_coefficients,left1,right_raw,3.214312541086253e-08,6.355207867409777e-09
Muon,10,1,all_contexts,all4,,,"0,1,2,3",4,five_selected_direction_coefficients,left1,right_white,5.8175466045228846e-08,2.8657991105879167e-09
Muon,10,1,all_contexts,all4,,,"0,1,2,3",4,five_selected_direction_coefficients,right_raw,actual,-5.18159749340864e-07,-1.0018447146533426e-07
Muon,10,1,all_contexts,all4,,,"0,1,2,3",4,five_selected_direction_coefficients,right_raw,left0,2.147305084291787e-08,5.108082179844824e-09
Muon,10,1,all_contexts,all4,,,"0,1,2,3",4,five_selected_direction_coefficients,right_raw,left1,3.214312541086292e-08,6.355207867409777e-09
Muon,10,1,all_contexts,all4,,,"0,1,2,3",4,five_selected_direction_coefficients,right_raw,right_raw,9.513098350336922e-06,1.408223736180112e-06
Muon,10,1,all_contexts,all4,,,"0,1,2,3",4,five_selected_direction_coefficients,right_raw,right_white,8.059054901877814e-06,1.1952278144228766e-06
Muon,10,1,all_contexts,all4,,,"0,1,2,3",4,five_selected_direction_coefficients,right_white,actual,-1.2599155093112387e-06,-1.5336582021006817e-07
Muon,10,1,all_contexts,all4,,,"0,1,2,3",4,five_selected_direction_coefficients,right_white,left0,3.3377547448115046e-08,9.12572630055831e-09
Muon,10,1,all_contexts,all4,,,"0,1,2,3",4,five_selected_direction_coefficients,right_white,left1,5.81754660452288e-08,2.8657991105879167e-09
Muon,10,1,all_contexts,all4,,,"0,1,2,3",4,five_selected_direction_coefficients,right_white,right_raw,8.059054901877815e-06,1.1952278144228766e-06
Muon,10,1,all_contexts,all4,,,"0,1,2,3",4,five_selected_direction_coefficients,right_white,right_white,1.3697451402247246e-05,2.008380927989649e-06
Muon,10,4,context,context0,0,0,0,1,five_selected_direction_coefficients,actual,actual,1.5205334834732341e-05,1.6906602072991948e-06
Muon,10,4,context,context0,0,0,0,1,five_selected_direction_coefficients,actual,left0,-1.495007755664679e-07,-1.7296827639716313e-08
Muon,10,4,context,context0,0,0,0,1,five_selected_direction_coefficients,actual,left1,6.280105457984202e-08,5.408362483303664e-09
Muon,10,4,context,context0,0,0,0,1,five_selected_direction_coefficients,actual,right_raw,-2.80217300288946e-07,-1.73156028919046e-08
Muon,10,4,context,context0,0,0,0,1,five_selected_direction_coefficients,actual,right_white,-2.4836116572387943e-06,-2.5049750404807544e-07
Muon,10,4,context,context0,0,0,0,1,five_selected_direction_coefficients,left0,actual,-1.4950077556646801e-07,-1.7296827639716313e-08
Muon,10,4,context,context0,0,0,0,1,five_selected_direction_coefficients,left0,left0,1.5869527372534051e-06,2.3347426359586678e-07
Muon,10,4,context,context0,0,0,0,1,five_selected_direction_coefficients,left0,left1,3.448291005938749e-08,5.885333772135849e-09
Muon,10,4,context,context0,0,0,0,1,five_selected_direction_coefficients,left0,right_raw,2.8364889593643716e-07,2.7692429345428356e-08
Muon,10,4,context,context0,0,0,0,1,five_selected_direction_coefficients,left0,right_white,1.235735354649903e-07,3.3663599352520508e-09
Muon,10,4,context,context0,0,0,0,1,five_selected_direction_coefficients,left1,actual,6.280105457984202e-08,5.408362483303664e-09
Muon,10,4,context,context0,0,0,0,1,five_selected_direction_coefficients,left1,left0,3.448291005938746e-08,5.885333772135849e-09
Muon,10,4,context,context0,0,0,0,1,five_selected_direction_coefficients,left1,left1,1.821856047465067e-06,2.4508466309170534e-07
Muon,10,4,context,context0,0,0,0,1,five_selected_direction_coefficients,left1,right_raw,1.1873724789728434e-07,8.931756842273274e-09
Muon,10,4,context,context0,0,0,0,1,five_selected_direction_coefficients,left1,right_white,1.5249396163450115e-08,-5.659639925105685e-09
Muon,10,4,context,context0,0,0,0,1,five_selected_direction_coefficients,right_raw,actual,-2.802173002889464e-07,-1.73156028919046e-08
Muon,10,4,context,context0,0,0,0,1,five_selected_direction_coefficients,right_raw,left0,2.836488959364371e-07,2.7692429345428356e-08
Muon,10,4,context,context0,0,0,0,1,five_selected_direction_coefficients,right_raw,left1,1.1873724789728435e-07,8.931756842273274e-09
Muon,10,4,context,context0,0,0,0,1,five_selected_direction_coefficients,right_raw,right_raw,3.0632104983064132e-06,4.014064035252859e-07
Muon,10,4,context,context0,0,0,0,1,five_selected_direction_coefficients,right_raw,right_white,1.651367588471077e-06,2.0764032946474848e-07
Muon,10,4,context,context0,0,0,0,1,five_selected_direction_coefficients,right_white,actual,-2.4836116572387943e-06,-2.5049750404807544e-07
Muon,10,4,context,context0,0,0,0,1,five_selected_direction_coefficients,right_white,left0,1.2357353546499038e-07,3.3663599352520508e-09
Muon,10,4,context,context0,0,0,0,1,five_selected_direction_coefficients,right_white,left1,1.5249396163450188e-08,-5.659639925105685e-09
Muon,10,4,context,context0,0,0,0,1,five_selected_direction_coefficients,right_white,right_raw,1.6513675884710769e-06,2.0764032946474848e-07
Muon,10,4,context,context0,0,0,0,1,five_selected_direction_coefficients,right_white,right_white,8.878467810417398e-06,1.1076648335252557e-06
Muon,10,4,context,context1,1,0,1,1,five_selected_direction_coefficients,actual,actual,1.6506340418206313e-05,1.729470712255482e-06
Muon,10,4,context,context1,1,0,1,1,five_selected_direction_coefficients,actual,left0,-4.1697066844853406e-08,-4.106569169251611e-09
Muon,10,4,context,context1,1,0,1,1,five_selected_direction_coefficients,actual,left1,1.95110082825594e-07,1.1904652755959458e-08
Muon,10,4,context,context1,1,0,1,1,five_selected_direction_coefficients,actual,right_raw,-2.3451804347794536e-07,-1.3696325598295788e-08
Muon,10,4,context,context1,1,0,1,1,five_selected_direction_coefficients,actual,right_white,-1.2769453037873274e-06,-1.4245630891448106e-07
Muon,10,4,context,context1,1,0,1,1,five_selected_direction_coefficients,left0,actual,-4.1697066844853334e-08,-4.106569169251611e-09
Muon,10,4,context,context1,1,0,1,1,five_selected_direction_coefficients,left0,left0,1.4075272729935818e-06,2.3446007427189472e-07
Muon,10,4,context,context1,1,0,1,1,five_selected_direction_coefficients,left0,left1,-1.357944531897038e-08,-1.0787852655589593e-09
Muon,10,4,context,context1,1,0,1,1,five_selected_direction_coefficients,left0,right_raw,2.389417489117962e-07,3.042603758365622e-08
Muon,10,4,context,context1,1,0,1,1,five_selected_direction_coefficients,left0,right_white,-3.9272671966991634e-08,2.7288257541063465e-09
Muon,10,4,context,context1,1,0,1,1,five_selected_direction_coefficients,left1,actual,1.9511008282559384e-07,1.1904652755959458e-08
Muon,10,4,context,context1,1,0,1,1,five_selected_direction_coefficients,left1,left0,-1.3579445318970385e-08,-1.0787852655589593e-09
Muon,10,4,context,context1,1,0,1,1,five_selected_direction_coefficients,left1,left1,1.9229546473252077e-06,2.409493715773348e-07
Muon,10,4,context,context1,1,0,1,1,five_selected_direction_coefficients,left1,right_raw,4.558075392025783e-08,7.642221271299855e-09
Muon,10,4,context,context1,1,0,1,1,five_selected_direction_coefficients,left1,right_white,1.0862178655171843e-07,1.9685106760192686e-09
Muon,10,4,context,context1,1,0,1,1,five_selected_direction_coefficients,right_raw,actual,-2.345180434779454e-07,-1.3696325598295788e-08
Muon,10,4,context,context1,1,0,1,1,five_selected_direction_coefficients,right_raw,left0,2.389417489117962e-07,3.042603758365622e-08
Muon,10,4,context,context1,1,0,1,1,five_selected_direction_coefficients,right_raw,left1,4.558075392025791e-08,7.642221271299855e-09
Muon,10,4,context,context1,1,0,1,1,five_selected_direction_coefficients,right_raw,right_raw,3.195119205805913e-06,4.0288171029616817e-07
Muon,10,4,context,context1,1,0,1,1,five_selected_direction_coefficients,right_raw,right_white,1.4910128534534444e-06,1.8845073810584608e-07
Muon,10,4,context,context1,1,0,1,1,five_selected_direction_coefficients,right_white,actual,-1.2769453037873274e-06,-1.4245630891448106e-07
Muon,10,4,context,context1,1,0,1,1,five_selected_direction_coefficients,right_white,left0,-3.9272671966991634e-08,2.7288257541063465e-09
Muon,10,4,context,context1,1,0,1,1,five_selected_direction_coefficients,right_white,left1,1.0862178655171839e-07,1.9685106760192686e-09
Muon,10,4,context,context1,1,0,1,1,five_selected_direction_coefficients,right_white,right_raw,1.4910128534534444e-06,1.8845073810584608e-07
Muon,10,4,context,context1,1,0,1,1,five_selected_direction_coefficients,right_white,right_white,7.843763847377476e-06,9.45387629417613e-07
Muon,10,4,context,context2,2,1,2,1,five_selected_direction_coefficients,actual,actual,1.62209789967076e-05,1.708078333878995e-06
Muon,10,4,context,context2,2,1,2,1,five_selected_direction_coefficients,actual,left0,-8.342193875893315e-08,-1.4592835312590353e-08
Muon,10,4,context,context2,2,1,2,1,five_selected_direction_coefficients,actual,left1,-5.5768209745772386e-08,-1.353892522080386e-08
Muon,10,4,context,context2,2,1,2,1,five_selected_direction_coefficients,actual,right_raw,-2.839195411228001e-07,-2.1026583391101902e-08
Muon,10,4,context,context2,2,1,2,1,five_selected_direction_coefficients,actual,right_white,-4.5544376004769685e-06,-4.6731225487662086e-07
Muon,10,4,context,context2,2,1,2,1,five_selected_direction_coefficients,left0,actual,-8.342193875893305e-08,-1.4592835312590353e-08
Muon,10,4,context,context2,2,1,2,1,five_selected_direction_coefficients,left0,left0,1.7488175389358342e-06,2.3306530428977404e-07
Muon,10,4,context,context2,2,1,2,1,five_selected_direction_coefficients,left0,left1,-3.48103941032799e-08,8.60417253288068e-10
Muon,10,4,context,context2,2,1,2,1,five_selected_direction_coefficients,left0,right_raw,2.1627685419224985e-07,2.7958114917761963e-08
Muon,10,4,context,context2,2,1,2,1,five_selected_direction_coefficients,left0,right_white,1.2335594966574705e-07,5.248694601760598e-09
Muon,10,4,context,context2,2,1,2,1,five_selected_direction_coefficients,left1,actual,-5.576820974577252e-08,-1.353892522080386e-08
Muon,10,4,context,context2,2,1,2,1,five_selected_direction_coefficients,left1,left0,-3.481039410327987e-08,8.60417253288068e-10
Muon,10,4,context,context2,2,1,2,1,five_selected_direction_coefficients,left1,left1,1.683821012348316e-06,2.4253648147302565e-07
Muon,10,4,context,context2,2,1,2,1,five_selected_direction_coefficients,left1,right_raw,1.5948742250712982e-07,1.4862873764713233e-08
Muon,10,4,context,context2,2,1,2,1,five_selected_direction_coefficients,left1,right_white,9.735402539398217e-08,1.0928006276952398e-09
Muon,10,4,context,context2,2,1,2,1,five_selected_direction_coefficients,right_raw,actual,-2.839195411228001e-07,-2.1026583391101902e-08
Muon,10,4,context,context2,2,1,2,1,five_selected_direction_coefficients,right_raw,left0,2.162768541922498e-07,2.7958114917761963e-08
Muon,10,4,context,context2,2,1,2,1,five_selected_direction_coefficients,right_raw,left1,1.5948742250712966e-07,1.4862873764713233e-08
Muon,10,4,context,context2,2,1,2,1,five_selected_direction_coefficients,right_raw,right_raw,3.137219391984375e-06,4.0226782686611725e-07
Muon,10,4,context,context2,2,1,2,1,five_selected_direction_coefficients,right_raw,right_white,1.577107601977859e-06,1.892196780022078e-07
Muon,10,4,context,context2,2,1,2,1,five_selected_direction_coefficients,right_white,actual,-4.554437600476968e-06,-4.6731225487662086e-07
Muon,10,4,context,context2,2,1,2,1,five_selected_direction_coefficients,right_white,left0,1.2335594966574705e-07,5.248694601760598e-09
Muon,10,4,context,context2,2,1,2,1,five_selected_direction_coefficients,right_white,left1,9.735402539398223e-08,1.0928006276952398e-09
Muon,10,4,context,context2,2,1,2,1,five_selected_direction_coefficients,right_white,right_raw,1.5771076019778587e-06,1.892196780022078e-07
Muon,10,4,context,context2,2,1,2,1,five_selected_direction_coefficients,right_white,right_white,1.0564305615055175e-05,1.1905392431487928e-06
Muon,10,4,context,context3,3,1,3,1,five_selected_direction_coefficients,actual,actual,1.4952038329646094e-05,1.7730454800515505e-06
Muon,10,4,context,context3,3,1,3,1,five_selected_direction_coefficients,actual,left0,-1.672021455936814e-07,-2.0144770619621914e-08
Muon,10,4,context,context3,3,1,3,1,five_selected_direction_coefficients,actual,left1,-9.812398441009415e-09,-1.5325495743849437e-08
Muon,10,4,context,context3,3,1,3,1,five_selected_direction_coefficients,actual,right_raw,-2.210812854113002e-07,3.5622527626223797e-09
Muon,10,4,context,context3,3,1,3,1,five_selected_direction_coefficients,actual,right_white,-3.8112675580121093e-06,-4.201368283275965e-07
Muon,10,4,context,context3,3,1,3,1,five_selected_direction_coefficients,left0,actual,-1.6720214559368165e-07,-2.0144770619621914e-08
Muon,10,4,context,context3,3,1,3,1,five_selected_direction_coefficients,left0,left0,1.5647293273594192e-06,2.390676877149866e-07
Muon,10,4,context,context3,3,1,3,1,five_selected_direction_coefficients,left0,left1,5.256223686143407e-08,-3.807078229790838e-09
Muon,10,4,context,context3,3,1,3,1,five_selected_direction_coefficients,left0,right_raw,2.526907230944717e-07,2.643911157299358e-08
Muon,10,4,context,context3,3,1,3,1,five_selected_direction_coefficients,left0,right_white,2.2237579639431764e-07,1.870414487099962e-08
Muon,10,4,context,context3,3,1,3,1,five_selected_direction_coefficients,left1,actual,-9.812398441009673e-09,-1.5325495743849437e-08
Muon,10,4,context,context3,3,1,3,1,five_selected_direction_coefficients,left1,left0,5.256223686143407e-08,-3.807078229790838e-09
Muon,10,4,context,context3,3,1,3,1,five_selected_direction_coefficients,left1,left1,1.7291540418551733e-06,2.459332915618644e-07
Muon,10,4,context,context3,3,1,3,1,five_selected_direction_coefficients,left1,right_raw,7.74763675130342e-08,4.799613996364869e-09
Muon,10,4,context,context3,3,1,3,1,five_selected_direction_coefficients,left1,right_white,1.1353443471197869e-08,-4.370317501446877e-09
Muon,10,4,context,context3,3,1,3,1,five_selected_direction_coefficients,right_raw,actual,-2.2108128541130008e-07,3.5622527626223797e-09
Muon,10,4,context,context3,3,1,3,1,five_selected_direction_coefficients,right_raw,left0,2.5269072309447165e-07,2.643911157299358e-08
Muon,10,4,context,context3,3,1,3,1,five_selected_direction_coefficients,right_raw,left1,7.747636751303412e-08,4.799613996364869e-09
Muon,10,4,context,context3,3,1,3,1,five_selected_direction_coefficients,right_raw,right_raw,2.8513354752843474e-06,4.1380583391544377e-07
Muon,10,4,context,context3,3,1,3,1,five_selected_direction_coefficients,right_raw,right_white,1.3807450883545469e-06,2.0186211373772461e-07
Muon,10,4,context,context3,3,1,3,1,five_selected_direction_coefficients,right_white,actual,-3.811267558012109e-06,-4.201368283275965e-07
Muon,10,4,context,context3,3,1,3,1,five_selected_direction_coefficients,right_white,left0,2.223757963943176e-07,1.870414487099962e-08
Muon,10,4,context,context3,3,1,3,1,five_selected_direction_coefficients,right_white,left1,1.135344347119773e-08,-4.370317501446877e-09
Muon,10,4,context,context3,3,1,3,1,five_selected_direction_coefficients,right_white,right_raw,1.380745088354547e-06,2.0186211373772461e-07
Muon,10,4,context,context3,3,1,3,1,five_selected_direction_coefficients,right_white,right_white,9.643627496845692e-06,1.2553530250216625e-06
Muon,10,4,bank,bank0,,0,"0,1",2,five_selected_direction_coefficients,actual,actual,1.5855837626469328e-05,1.710065459777338e-06
Muon,10,4,bank,bank0,,0,"0,1",2,five_selected_direction_coefficients,actual,left0,-9.559892120566066e-08,-1.0701698404483961e-08
Muon,10,4,bank,bank0,,0,"0,1",2,five_selected_direction_coefficients,actual,left1,1.2895556870271802e-07,8.656507619631558e-09
Muon,10,4,bank,bank0,,0,"0,1",2,five_selected_direction_coefficients,actual,right_raw,-2.573676718834457e-07,-1.5505964245100215e-08
Muon,10,4,bank,bank0,,0,"0,1",2,five_selected_direction_coefficients,actual,right_white,-1.8802784805130609e-06,-1.9647690648127803e-07
Muon,10,4,bank,bank0,,0,"0,1",2,five_selected_direction_coefficients,left0,actual,-9.559892120566067e-08,-1.0701698404483961e-08
Muon,10,4,bank,bank0,,0,"0,1",2,five_selected_direction_coefficients,left0,left0,1.4972400051234936e-06,2.3396716893388087e-07
Muon,10,4,bank,bank0,,0,"0,1",2,five_selected_direction_coefficients,left0,left1,1.0451732370208555e-08,2.40327425328844e-09
Muon,10,4,bank,bank0,,0,"0,1",2,five_selected_direction_coefficients,left0,right_raw,2.612953224241167e-07,2.90592334645423e-08
Muon,10,4,bank,bank0,,0,"0,1",2,five_selected_direction_coefficients,left0,right_white,4.215043174899933e-08,3.0475928446791982e-09
Muon,10,4,bank,bank0,,0,"0,1",2,five_selected_direction_coefficients,left1,actual,1.2895556870271794e-07,8.656507619631558e-09
Muon,10,4,bank,bank0,,0,"0,1",2,five_selected_direction_coefficients,left1,left0,1.0451732370208538e-08,2.40327425328844e-09
Muon,10,4,bank,bank0,,0,"0,1",2,five_selected_direction_coefficients,left1,left1,1.8724053473951374e-06,2.4301701733452e-07
Muon,10,4,bank,bank0,,0,"0,1",2,five_selected_direction_coefficients,left1,right_raw,8.215900090877108e-08,8.286989056786554e-09
Muon,10,4,bank,bank0,,0,"0,1",2,five_selected_direction_coefficients,left1,right_white,6.193559135758427e-08,-1.8455646245432069e-09
Muon,10,4,bank,bank0,,0,"0,1",2,five_selected_direction_coefficients,right_raw,actual,-2.573676718834459e-07,-1.5505964245100215e-08
Muon,10,4,bank,bank0,,0,"0,1",2,five_selected_direction_coefficients,right_raw,left0,2.6129532242411666e-07,2.90592334645423e-08
Muon,10,4,bank,bank0,,0,"0,1",2,five_selected_direction_coefficients,right_raw,left1,8.215900090877113e-08,8.286989056786554e-09
Muon,10,4,bank,bank0,,0,"0,1",2,five_selected_direction_coefficients,right_raw,right_raw,3.129164852056163e-06,4.021440569107268e-07
Muon,10,4,bank,bank0,,0,"0,1",2,five_selected_direction_coefficients,right_raw,right_white,1.5711902209622607e-06,1.980455337852973e-07
Muon,10,4,bank,bank0,,0,"0,1",2,five_selected_direction_coefficients,right_white,actual,-1.8802784805130609e-06,-1.9647690648127803e-07
Muon,10,4,bank,bank0,,0,"0,1",2,five_selected_direction_coefficients,right_white,left0,4.215043174899937e-08,3.0475928446791982e-09
Muon,10,4,bank,bank0,,0,"0,1",2,five_selected_direction_coefficients,right_white,left1,6.193559135758428e-08,-1.8455646245432069e-09
Muon,10,4,bank,bank0,,0,"0,1",2,five_selected_direction_coefficients,right_white,right_raw,1.5711902209622607e-06,1.980455337852973e-07
Muon,10,4,bank,bank0,,0,"0,1",2,five_selected_direction_coefficients,right_white,right_white,8.361115828897438e-06,1.0265262314714338e-06
Muon,10,4,bank,bank1,,1,"2,3",2,five_selected_direction_coefficients,actual,actual,1.5586508663176846e-05,1.7405619069652745e-06
Muon,10,4,bank,bank1,,1,"2,3",2,five_selected_direction_coefficients,actual,left0,-1.2531204217630729e-07,-1.7368802966106124e-08
Muon,10,4,bank,bank1,,1,"2,3",2,five_selected_direction_coefficients,actual,left1,-3.27903040933909e-08,-1.4432210482326662e-08
Muon,10,4,bank,bank1,,1,"2,3",2,five_selected_direction_coefficients,actual,right_raw,-2.5250041326705015e-07,-8.732165314239767e-09
Muon,10,4,bank,bank1,,1,"2,3",2,five_selected_direction_coefficients,actual,right_white,-4.182852579244539e-06,-4.4372454160210904e-07
Muon,10,4,bank,bank1,,1,"2,3",2,five_selected_direction_coefficients,left0,actual,-1.2531204217630736e-07,-1.7368802966106124e-08
Muon,10,4,bank,bank1,,1,"2,3",2,five_selected_direction_coefficients,left0,left0,1.6567734331476267e-06,2.3606649600238052e-07
Muon,10,4,bank,bank1,,1,"2,3",2,five_selected_direction_coefficients,left0,left1,8.875921379077086e-09,-1.4733304882513834e-09
Muon,10,4,bank,bank1,,1,"2,3",2,five_selected_direction_coefficients,left0,right_raw,2.3448378864336077e-07,2.719861324537779e-08
Muon,10,4,bank,bank1,,1,"2,3",2,five_selected_direction_coefficients,left0,right_white,1.7286587303003234e-07,1.1976419736380115e-08
Muon,10,4,bank,bank1,,1,"2,3",2,five_selected_direction_coefficients,left1,actual,-3.2790304093391095e-08,-1.4432210482326662e-08
Muon,10,4,bank,bank1,,1,"2,3",2,five_selected_direction_coefficients,left1,left0,8.8759213790771e-09,-1.4733304882513834e-09
Muon,10,4,bank,bank1,,1,"2,3",2,five_selected_direction_coefficients,left1,left1,1.7064875271017446e-06,2.4423488651744475e-07
Muon,10,4,bank,bank1,,1,"2,3",2,five_selected_direction_coefficients,left1,right_raw,1.1848189501008201e-07,9.831243880539051e-09
Muon,10,4,bank,bank1,,1,"2,3",2,five_selected_direction_coefficients,left1,right_white,5.4353734432590016e-08,-1.6387584368758184e-09
Muon,10,4,bank,bank1,,1,"2,3",2,five_selected_direction_coefficients,right_raw,actual,-2.525004132670501e-07,-8.732165314239767e-09
Muon,10,4,bank,bank1,,1,"2,3",2,five_selected_direction_coefficients,right_raw,left0,2.3448378864336072e-07,2.719861324537779e-08
Muon,10,4,bank,bank1,,1,"2,3",2,five_selected_direction_coefficients,right_raw,left1,1.184818950100819e-07,9.831243880539051e-09
Muon,10,4,bank,bank1,,1,"2,3",2,five_selected_direction_coefficients,right_raw,right_raw,2.9942774336343612e-06,4.0803683039078017e-07
Muon,10,4,bank,bank1,,1,"2,3",2,five_selected_direction_coefficients,right_raw,right_white,1.4789263451662028e-06,1.9554089586996592e-07
Muon,10,4,bank,bank1,,1,"2,3",2,five_selected_direction_coefficients,right_white,actual,-4.182852579244539e-06,-4.4372454160210904e-07
Muon,10,4,bank,bank1,,1,"2,3",2,five_selected_direction_coefficients,right_white,left0,1.7286587303003232e-07,1.1976419736380115e-08
Muon,10,4,bank,bank1,,1,"2,3",2,five_selected_direction_coefficients,right_white,left1,5.435373443258998e-08,-1.6387584368758184e-09
Muon,10,4,bank,bank1,,1,"2,3",2,five_selected_direction_coefficients,right_white,right_raw,1.4789263451662028e-06,1.9554089586996592e-07
Muon,10,4,bank,bank1,,1,"2,3",2,five_selected_direction_coefficients,right_white,right_white,1.0103966555950435e-05,1.2229461340852279e-06
Muon,10,4,all_contexts,all4,,,"0,1,2,3",4,five_selected_direction_coefficients,actual,actual,1.572117314482309e-05,1.725313683371307e-06
Muon,10,4,all_contexts,all4,,,"0,1,2,3",4,five_selected_direction_coefficients,actual,left0,-1.1045548169098398e-07,-1.403525068529507e-08
Muon,10,4,all_contexts,all4,,,"0,1,2,3",4,five_selected_direction_coefficients,actual,left1,4.808263230466356e-08,-2.8878514313475505e-09
Muon,10,4,all_contexts,all4,,,"0,1,2,3",4,five_selected_direction_coefficients,actual,right_raw,-2.549340425752479e-07,-1.2119064779669955e-08
Muon,10,4,all_contexts,all4,,,"0,1,2,3",4,five_selected_direction_coefficients,actual,right_white,-3.0315655298787998e-06,-3.201007240416937e-07
Muon,10,4,all_contexts,all4,,,"0,1,2,3",4,five_selected_direction_coefficients,left0,actual,-1.1045548169098402e-07,-1.403525068529507e-08
Muon,10,4,all_contexts,all4,,,"0,1,2,3",4,five_selected_direction_coefficients,left0,left0,1.5770067191355602e-06,2.350168324681305e-07
Muon,10,4,all_contexts,all4,,,"0,1,2,3",4,five_selected_direction_coefficients,left0,left1,9.66382687464282e-09,4.6497188251852694e-10
Muon,10,4,all_contexts,all4,,,"0,1,2,3",4,five_selected_direction_coefficients,left0,right_raw,2.4788955553373876e-07,2.8128923354960047e-08
Muon,10,4,all_contexts,all4,,,"0,1,2,3",4,five_selected_direction_coefficients,left0,right_white,1.0750815238951584e-07,7.512006290529657e-09
Muon,10,4,all_contexts,all4,,,"0,1,2,3",4,five_selected_direction_coefficients,left1,actual,4.8082632304663414e-08,-2.8878514313475505e-09
Muon,10,4,all_contexts,all4,,,"0,1,2,3",4,five_selected_direction_coefficients,left1,left0,9.663826874642819e-09,4.6497188251852694e-10
Muon,10,4,all_contexts,all4,,,"0,1,2,3",4,five_selected_direction_coefficients,left1,left1,1.789446437248441e-06,2.436259519259823e-07
Muon,10,4,all_contexts,all4,,,"0,1,2,3",4,five_selected_direction_coefficients,left1,right_raw,1.0032044795942654e-07,9.059116468662806e-09
Muon,10,4,all_contexts,all4,,,"0,1,2,3",4,five_selected_direction_coefficients,left1,right_white,5.814466289508714e-08,-1.7421615307095149e-09
Muon,10,4,all_contexts,all4,,,"0,1,2,3",4,five_selected_direction_coefficients,right_raw,actual,-2.54934042575248e-07,-1.2119064779669955e-08
Muon,10,4,all_contexts,all4,,,"0,1,2,3",4,five_selected_direction_coefficients,right_raw,left0,2.4788955553373865e-07,2.8128923354960047e-08
Muon,10,4,all_contexts,all4,,,"0,1,2,3",4,five_selected_direction_coefficients,right_raw,left1,1.0032044795942651e-07,9.059116468662806e-09
Muon,10,4,all_contexts,all4,,,"0,1,2,3",4,five_selected_direction_coefficients,right_raw,right_raw,3.061721142845262e-06,4.0509044365075387e-07
Muon,10,4,all_contexts,all4,,,"0,1,2,3",4,five_selected_direction_coefficients,right_raw,right_white,1.5250582830642318e-06,1.9679321482763157e-07
Muon,10,4,all_contexts,all4,,,"0,1,2,3",4,five_selected_direction_coefficients,right_white,actual,-3.0315655298787993e-06,-3.201007240416937e-07
Muon,10,4,all_contexts,all4,,,"0,1,2,3",4,five_selected_direction_coefficients,right_white,left0,1.0750815238951584e-07,7.512006290529657e-09
Muon,10,4,all_contexts,all4,,,"0,1,2,3",4,five_selected_direction_coefficients,right_white,left1,5.814466289508713e-08,-1.7421615307095149e-09
Muon,10,4,all_contexts,all4,,,"0,1,2,3",4,five_selected_direction_coefficients,right_white,right_raw,1.5250582830642318e-06,1.9679321482763157e-07
Muon,10,4,all_contexts,all4,,,"0,1,2,3",4,five_selected_direction_coefficients,right_white,right_white,9.232541192423936e-06,1.1247361827783305e-06
Muon,10,8,context,context0,0,0,0,1,five_selected_direction_coefficients,actual,actual,6.404788629796733e-06,8.687782468455731e-07
Muon,10,8,context,context0,0,0,0,1,five_selected_direction_coefficients,actual,left0,-1.1485842060654466e-07,-8.943105973012635e-09
Muon,10,8,context,context0,0,0,0,1,five_selected_direction_coefficients,actual,left1,1.5493870975596892e-07,7.951630215284819e-09
Muon,10,8,context,context0,0,0,0,1,five_selected_direction_coefficients,actual,right_raw,1.1700440123933979e-07,2.1572697670066433e-08
Muon,10,8,context,context0,0,0,0,1,five_selected_direction_coefficients,actual,right_white,1.6827842057098123e-06,2.0289379051230434e-07
Muon,10,8,context,context0,0,0,0,1,five_selected_direction_coefficients,left0,actual,-1.1485842060654467e-07,-8.943105973012635e-09
Muon,10,8,context,context0,0,0,0,1,five_selected_direction_coefficients,left0,left0,1.16997371116774e-06,1.4304075992858813e-07
Muon,10,8,context,context0,0,0,0,1,five_selected_direction_coefficients,left0,left1,-3.508202695934561e-08,-9.484013540501053e-09
Muon,10,8,context,context0,0,0,0,1,five_selected_direction_coefficients,left0,right_raw,5.75907567315626e-09,-9.49047301954895e-09
Muon,10,8,context,context0,0,0,0,1,five_selected_direction_coefficients,left0,right_white,-6.667358579275127e-08,-2.4503719213129622e-09
Muon,10,8,context,context0,0,0,0,1,five_selected_direction_coefficients,left1,actual,1.5493870975596892e-07,7.951630215284819e-09
Muon,10,8,context,context0,0,0,0,1,five_selected_direction_coefficients,left1,left0,-3.508202695934563e-08,-9.484013540501053e-09
Muon,10,8,context,context0,0,0,0,1,five_selected_direction_coefficients,left1,left1,1.0675835655292426e-06,1.4726636059904052e-07
Muon,10,8,context,context0,0,0,0,1,five_selected_direction_coefficients,left1,right_raw,3.326870152998267e-08,-4.553033676492565e-09
Muon,10,8,context,context0,0,0,0,1,five_selected_direction_coefficients,left1,right_white,-8.563486461301264e-08,-1.085167845059616e-09
Muon,10,8,context,context0,0,0,0,1,five_selected_direction_coefficients,right_raw,actual,1.1700440123933983e-07,2.1572697670066433e-08
Muon,10,8,context,context0,0,0,0,1,five_selected_direction_coefficients,right_raw,left0,5.759075673156277e-09,-9.49047301954895e-09
Muon,10,8,context,context0,0,0,0,1,five_selected_direction_coefficients,right_raw,left1,3.3268701529982644e-08,-4.553033676492565e-09
Muon,10,8,context,context0,0,0,0,1,five_selected_direction_coefficients,right_raw,right_raw,9.582011809990729e-07,1.407476534890893e-07
Muon,10,8,context,context0,0,0,0,1,five_selected_direction_coefficients,right_raw,right_white,4.1848545348474945e-07,5.957851503877668e-08
Muon,10,8,context,context0,0,0,0,1,five_selected_direction_coefficients,right_white,actual,1.6827842057098121e-06,2.0289379051230434e-07
Muon,10,8,context,context0,0,0,0,1,five_selected_direction_coefficients,right_white,left0,-6.66735857927513e-08,-2.4503719213129622e-09
Muon,10,8,context,context0,0,0,0,1,five_selected_direction_coefficients,right_white,left1,-8.563486461301264e-08,-1.085167845059616e-09
Muon,10,8,context,context0,0,0,0,1,five_selected_direction_coefficients,right_white,right_raw,4.184854534847494e-07,5.957851503877668e-08
Muon,10,8,context,context0,0,0,0,1,five_selected_direction_coefficients,right_white,right_white,7.091850985251519e-06,9.125202671570729e-07
Muon,10,8,context,context1,1,0,1,1,five_selected_direction_coefficients,actual,actual,7.095894201794098e-06,8.832240965255253e-07
Muon,10,8,context,context1,1,0,1,1,five_selected_direction_coefficients,actual,left0,-1.5396746898443275e-07,-1.4066327841320585e-08
Muon,10,8,context,context1,1,0,1,1,five_selected_direction_coefficients,actual,left1,1.7260984074546132e-07,8.210359521854644e-09
Muon,10,8,context,context1,1,0,1,1,five_selected_direction_coefficients,actual,right_raw,1.2460707516142114e-07,2.824973218579985e-08
Muon,10,8,context,context1,1,0,1,1,five_selected_direction_coefficients,actual,right_white,4.372828444423518e-06,5.476915251015133e-07
Muon,10,8,context,context1,1,0,1,1,five_selected_direction_coefficients,left0,actual,-1.539674689844327e-07,-1.4066327841320585e-08
Muon,10,8,context,context1,1,0,1,1,five_selected_direction_coefficients,left0,left0,1.1281337045443422e-06,1.457310868055907e-07
Muon,10,8,context,context1,1,0,1,1,five_selected_direction_coefficients,left0,left1,-6.004853495542737e-08,-7.60689018253191e-09
Muon,10,8,context,context1,1,0,1,1,five_selected_direction_coefficients,left0,right_raw,-3.470754468155795e-08,-1.1933643939673199e-08
Muon,10,8,context,context1,1,0,1,1,five_selected_direction_coefficients,left0,right_white,-1.0113322391688611e-07,-1.1431913842885415e-08
Muon,10,8,context,context1,1,0,1,1,five_selected_direction_coefficients,left1,actual,1.7260984074546127e-07,8.210359521854644e-09
Muon,10,8,context,context1,1,0,1,1,five_selected_direction_coefficients,left1,left0,-6.00485349554274e-08,-7.60689018253191e-09
Muon,10,8,context,context1,1,0,1,1,five_selected_direction_coefficients,left1,left1,1.1335191162364278e-06,1.4973981599826142e-07
Muon,10,8,context,context1,1,0,1,1,five_selected_direction_coefficients,left1,right_raw,1.944830746631551e-08,-3.440608751351164e-09
Muon,10,8,context,context1,1,0,1,1,five_selected_direction_coefficients,left1,right_white,1.1081142124327152e-07,7.835265468905735e-09
Muon,10,8,context,context1,1,0,1,1,five_selected_direction_coefficients,right_raw,actual,1.2460707516142117e-07,2.824973218579985e-08
Muon,10,8,context,context1,1,0,1,1,five_selected_direction_coefficients,right_raw,left0,-3.470754468155796e-08,-1.1933643939673199e-08
Muon,10,8,context,context1,1,0,1,1,five_selected_direction_coefficients,right_raw,left1,1.944830746631553e-08,-3.440608751351164e-09
Muon,10,8,context,context1,1,0,1,1,five_selected_direction_coefficients,right_raw,right_raw,1.0635968308324223e-06,1.4766342492559977e-07
Muon,10,8,context,context1,1,0,1,1,five_selected_direction_coefficients,right_raw,right_white,5.515532873330913e-07,8.266940889028119e-08
Muon,10,8,context,context1,1,0,1,1,five_selected_direction_coefficients,right_white,actual,4.372828444423518e-06,5.476915251015133e-07
Muon,10,8,context,context1,1,0,1,1,five_selected_direction_coefficients,right_white,left0,-1.0113322391688608e-07,-1.1431913842885415e-08
Muon,10,8,context,context1,1,0,1,1,five_selected_direction_coefficients,right_white,left1,1.1081142124327153e-07,7.835265468905735e-09
Muon,10,8,context,context1,1,0,1,1,five_selected_direction_coefficients,right_white,right_raw,5.515532873330913e-07,8.266940889028119e-08
Muon,10,8,context,context1,1,0,1,1,five_selected_direction_coefficients,right_white,right_white,9.912713497825942e-06,1.2403054056431494e-06
Muon,10,8,context,context2,2,1,2,1,five_selected_direction_coefficients,actual,actual,6.837977126091918e-06,8.731998822141302e-07
Muon,10,8,context,context2,2,1,2,1,five_selected_direction_coefficients,actual,left0,-2.2533868660055436e-07,-1.4487740209881108e-08
Muon,10,8,context,context2,2,1,2,1,five_selected_direction_coefficients,actual,left1,2.2595767875437732e-07,1.4324395256995658e-08
Muon,10,8,context,context2,2,1,2,1,five_selected_direction_coefficients,actual,right_raw,1.642368203996979e-07,2.9075275475289267e-08
Muon,10,8,context,context2,2,1,2,1,five_selected_direction_coefficients,actual,right_white,2.695153511392284e-06,3.29557477851009e-07
Muon,10,8,context,context2,2,1,2,1,five_selected_direction_coefficients,left0,actual,-2.2533868660055433e-07,-1.4487740209881108e-08
Muon,10,8,context,context2,2,1,2,1,five_selected_direction_coefficients,left0,left0,9.28532507383734e-07,1.471111893850321e-07
Muon,10,8,context,context2,2,1,2,1,five_selected_direction_coefficients,left0,left1,1.282785671925725e-07,-7.07731047295126e-09
Muon,10,8,context,context2,2,1,2,1,five_selected_direction_coefficients,left0,right_raw,-3.2254379871893064e-08,-1.1968469467833311e-08
Muon,10,8,context,context2,2,1,2,1,five_selected_direction_coefficients,left0,right_white,-1.1621330140703637e-07,-7.605652502650527e-09
Muon,10,8,context,context2,2,1,2,1,five_selected_direction_coefficients,left1,actual,2.2595767875437727e-07,1.4324395256995658e-08
Muon,10,8,context,context2,2,1,2,1,five_selected_direction_coefficients,left1,left0,1.282785671925725e-07,-7.07731047295126e-09
Muon,10,8,context,context2,2,1,2,1,five_selected_direction_coefficients,left1,left1,1.132847079289452e-06,1.486090312528569e-07
Muon,10,8,context,context2,2,1,2,1,five_selected_direction_coefficients,left1,right_raw,7.036178135747788e-09,-2.5088146087400796e-09
Muon,10,8,context,context2,2,1,2,1,five_selected_direction_coefficients,left1,right_white,4.969378040362833e-08,5.535617143086313e-09
Muon,10,8,context,context2,2,1,2,1,five_selected_direction_coefficients,right_raw,actual,1.6423682039969799e-07,2.9075275475289267e-08
Muon,10,8,context,context2,2,1,2,1,five_selected_direction_coefficients,right_raw,left0,-3.225437987189305e-08,-1.1968469467833311e-08
Muon,10,8,context,context2,2,1,2,1,five_selected_direction_coefficients,right_raw,left1,7.036178135747783e-09,-2.5088146087400796e-09
Muon,10,8,context,context2,2,1,2,1,five_selected_direction_coefficients,right_raw,right_raw,1.04428411028708e-06,1.4651852429573931e-07
Muon,10,8,context,context2,2,1,2,1,five_selected_direction_coefficients,right_raw,right_white,4.547149393253855e-07,6.955597474564686e-08
Muon,10,8,context,context2,2,1,2,1,five_selected_direction_coefficients,right_white,actual,2.695153511392284e-06,3.29557477851009e-07
Muon,10,8,context,context2,2,1,2,1,five_selected_direction_coefficients,right_white,left0,-1.1621330140703634e-07,-7.605652502650527e-09
Muon,10,8,context,context2,2,1,2,1,five_selected_direction_coefficients,right_white,left1,4.9693780403628376e-08,5.535617143086313e-09
Muon,10,8,context,context2,2,1,2,1,five_selected_direction_coefficients,right_white,right_raw,4.5471493932538553e-07,6.955597474564686e-08
Muon,10,8,context,context2,2,1,2,1,five_selected_direction_coefficients,right_white,right_white,7.904192312019803e-06,9.761670042058515e-07
Muon,10,8,context,context3,3,1,3,1,five_selected_direction_coefficients,actual,actual,6.388447311915985e-06,8.848822474264119e-07
Muon,10,8,context,context3,3,1,3,1,five_selected_direction_coefficients,actual,left0,-2.0106491943835345e-07,-1.0236236090092537e-08
Muon,10,8,context,context3,3,1,3,1,five_selected_direction_coefficients,actual,left1,1.3820922508837017e-07,6.896932163194197e-09
Muon,10,8,context,context3,3,1,3,1,five_selected_direction_coefficients,actual,right_raw,1.3231503810649156e-07,2.1538994611094964e-08
Muon,10,8,context,context3,3,1,3,1,five_selected_direction_coefficients,actual,right_white,-5.45067983172091e-07,-3.1388389419297116e-08
Muon,10,8,context,context3,3,1,3,1,five_selected_direction_coefficients,left0,actual,-2.010649194383535e-07,-1.0236236090092537e-08
Muon,10,8,context,context3,3,1,3,1,five_selected_direction_coefficients,left0,left0,8.118370079887989e-07,1.4621743842478913e-07
Muon,10,8,context,context3,3,1,3,1,five_selected_direction_coefficients,left0,left1,-1.0628748730183824e-08,-9.092981576267366e-09
Muon,10,8,context,context3,3,1,3,1,five_selected_direction_coefficients,left0,right_raw,-6.964899588735866e-09,-8.753955795203492e-09
Muon,10,8,context,context3,3,1,3,1,five_selected_direction_coefficients,left0,right_white,-1.4501735291929754e-08,3.109520887038559e-09
Muon,10,8,context,context3,3,1,3,1,five_selected_direction_coefficients,left1,actual,1.382092250883701e-07,6.896932163194197e-09
Muon,10,8,context,context3,3,1,3,1,five_selected_direction_coefficients,left1,left0,-1.0628748730183799e-08,-9.092981576267366e-09
Muon,10,8,context,context3,3,1,3,1,five_selected_direction_coefficients,left1,left1,9.75329807962339e-07,1.4956063715539056e-07
Muon,10,8,context,context3,3,1,3,1,five_selected_direction_coefficients,left1,right_raw,-5.546902594037388e-08,-4.942715631202383e-09
Muon,10,8,context,context3,3,1,3,1,five_selected_direction_coefficients,left1,right_white,-8.481183305157352e-08,-7.288462760793925e-09
Muon,10,8,context,context3,3,1,3,1,five_selected_direction_coefficients,right_raw,actual,1.3231503810649159e-07,2.1538994611094964e-08
Muon,10,8,context,context3,3,1,3,1,five_selected_direction_coefficients,right_raw,left0,-6.9648995887358755e-09,-8.753955795203492e-09
Muon,10,8,context,context3,3,1,3,1,five_selected_direction_coefficients,right_raw,left1,-5.546902594037389e-08,-4.942715631202383e-09
Muon,10,8,context,context3,3,1,3,1,five_selected_direction_coefficients,right_raw,right_raw,9.671566501866618e-07,1.4602850994800876e-07
Muon,10,8,context,context3,3,1,3,1,five_selected_direction_coefficients,right_raw,right_white,3.966914040835706e-07,5.7142228847757005e-08
Muon,10,8,context,context3,3,1,3,1,five_selected_direction_coefficients,right_white,actual,-5.450679831720907e-07,-3.1388389419297116e-08
Muon,10,8,context,context3,3,1,3,1,five_selected_direction_coefficients,right_white,left0,-1.4501735291929784e-08,3.109520887038559e-09
Muon,10,8,context,context3,3,1,3,1,five_selected_direction_coefficients,right_white,left1,-8.481183305157353e-08,-7.288462760793925e-09
Muon,10,8,context,context3,3,1,3,1,five_selected_direction_coefficients,right_white,right_raw,3.966914040835706e-07,5.7142228847757005e-08
Muon,10,8,context,context3,3,1,3,1,five_selected_direction_coefficients,right_white,right_white,6.512561467337892e-06,8.735302562634237e-07
Muon,10,8,bank,bank0,,0,"0,1",2,five_selected_direction_coefficients,actual,actual,6.750341415795415e-06,8.76001171685549e-07
Muon,10,8,bank,bank0,,0,"0,1",2,five_selected_direction_coefficients,actual,left0,-1.344129447954887e-07,-1.1504716907166607e-08
Muon,10,8,bank,bank0,,0,"0,1",2,five_selected_direction_coefficients,actual,left1,1.6377427525071512e-07,8.08099486856972e-09
Muon,10,8,bank,bank0,,0,"0,1",2,five_selected_direction_coefficients,actual,right_raw,1.2080573820038047e-07,2.491121492793314e-08
Muon,10,8,bank,bank0,,0,"0,1",2,five_selected_direction_coefficients,actual,right_white,3.0278063250666653e-06,3.752926578069087e-07
Muon,10,8,bank,bank0,,0,"0,1",2,five_selected_direction_coefficients,left0,actual,-1.344129447954887e-07,-1.1504716907166607e-08
Muon,10,8,bank,bank0,,0,"0,1",2,five_selected_direction_coefficients,left0,left0,1.1490537078560412e-06,1.4438592336708943e-07
Muon,10,8,bank,bank0,,0,"0,1",2,five_selected_direction_coefficients,left0,left1,-4.756528095738649e-08,-8.545451861516484e-09
Muon,10,8,bank,bank0,,0,"0,1",2,five_selected_direction_coefficients,left0,right_raw,-1.4474234504200845e-08,-1.0712058479611079e-08
Muon,10,8,bank,bank0,,0,"0,1",2,five_selected_direction_coefficients,left0,right_white,-8.390340485481869e-08,-6.941142882099186e-09
Muon,10,8,bank,bank0,,0,"0,1",2,five_selected_direction_coefficients,left1,actual,1.637742752507151e-07,8.08099486856972e-09
Muon,10,8,bank,bank0,,0,"0,1",2,five_selected_direction_coefficients,left1,left0,-4.7565280957386517e-08,-8.545451861516484e-09
Muon,10,8,bank,bank0,,0,"0,1",2,five_selected_direction_coefficients,left1,left1,1.1005513408828351e-06,1.4850308829865073e-07
Muon,10,8,bank,bank0,,0,"0,1",2,five_selected_direction_coefficients,left1,right_raw,2.635850449814909e-08,-3.9968212139218635e-09
Muon,10,8,bank,bank0,,0,"0,1",2,five_selected_direction_coefficients,left1,right_white,1.2588278315129439e-08,3.3750488119230615e-09
Muon,10,8,bank,bank0,,0,"0,1",2,five_selected_direction_coefficients,right_raw,actual,1.208057382003805e-07,2.491121492793314e-08
Muon,10,8,bank,bank0,,0,"0,1",2,five_selected_direction_coefficients,right_raw,left0,-1.4474234504200843e-08,-1.0712058479611079e-08
Muon,10,8,bank,bank0,,0,"0,1",2,five_selected_direction_coefficients,right_raw,left1,2.6358504498149088e-08,-3.9968212139218635e-09
Muon,10,8,bank,bank0,,0,"0,1",2,five_selected_direction_coefficients,right_raw,right_raw,1.0108990059157477e-06,1.4420553920734452e-07
Muon,10,8,bank,bank0,,0,"0,1",2,five_selected_direction_coefficients,right_raw,right_white,4.850193704089204e-07,7.11239619645289e-08
Muon,10,8,bank,bank0,,0,"0,1",2,five_selected_direction_coefficients,right_white,actual,3.0278063250666653e-06,3.752926578069087e-07
Muon,10,8,bank,bank0,,0,"0,1",2,five_selected_direction_coefficients,right_white,left0,-8.390340485481869e-08,-6.941142882099186e-09
Muon,10,8,bank,bank0,,0,"0,1",2,five_selected_direction_coefficients,right_white,left1,1.2588278315129445e-08,3.3750488119230615e-09
Muon,10,8,bank,bank0,,0,"0,1",2,five_selected_direction_coefficients,right_white,right_raw,4.850193704089204e-07,7.11239619645289e-08
Muon,10,8,bank,bank0,,0,"0,1",2,five_selected_direction_coefficients,right_white,right_white,8.50228224153873e-06,1.0764128364001108e-06
Muon,10,8,bank,bank1,,1,"2,3",2,five_selected_direction_coefficients,actual,actual,6.6132122190039514e-06,8.790410648202722e-07
Muon,10,8,bank,bank1,,1,"2,3",2,five_selected_direction_coefficients,actual,left0,-2.1320180301945392e-07,-1.2361988149986815e-08
Muon,10,8,bank,bank1,,1,"2,3",2,five_selected_direction_coefficients,actual,left1,1.8208345192137374e-07,1.0610663710094916e-08
Muon,10,8,bank,bank1,,1,"2,3",2,five_selected_direction_coefficients,actual,right_raw,1.4827592925309472e-07,2.5307135043192105e-08
Muon,10,8,bank,bank1,,1,"2,3",2,five_selected_direction_coefficients,actual,right_white,1.0750427641100965e-06,1.4908454421585605e-07
Muon,10,8,bank,bank1,,1,"2,3",2,five_selected_direction_coefficients,left0,actual,-2.1320180301945392e-07,-1.2361988149986815e-08
Muon,10,8,bank,bank1,,1,"2,3",2,five_selected_direction_coefficients,left0,left0,8.701847576862665e-07,1.466643139049107e-07
Muon,10,8,bank,bank1,,1,"2,3",2,five_selected_direction_coefficients,left0,left1,5.8824909231194334e-08,-8.085146024609311e-09
Muon,10,8,bank,bank1,,1,"2,3",2,five_selected_direction_coefficients,left0,right_raw,-1.9609639730314463e-08,-1.0361212631518403e-08
Muon,10,8,bank,bank1,,1,"2,3",2,five_selected_direction_coefficients,left0,right_white,-6.535751834948306e-08,-2.2480658078059826e-09
Muon,10,8,bank,bank1,,1,"2,3",2,five_selected_direction_coefficients,left1,actual,1.820834519213737e-07,1.0610663710094916e-08
Muon,10,8,bank,bank1,,1,"2,3",2,five_selected_direction_coefficients,left1,left0,5.882490923119435e-08,-8.085146024609311e-09
Muon,10,8,bank,bank1,,1,"2,3",2,five_selected_direction_coefficients,left1,left1,1.0540884436258954e-06,1.4908483420412369e-07
Muon,10,8,bank,bank1,,1,"2,3",2,five_selected_direction_coefficients,left1,right_raw,-2.4216423902313046e-08,-3.725765119971232e-09
Muon,10,8,bank,bank1,,1,"2,3",2,five_selected_direction_coefficients,left1,right_white,-1.7559026323972593e-08,-8.764228088538047e-10
Muon,10,8,bank,bank1,,1,"2,3",2,five_selected_direction_coefficients,right_raw,actual,1.4827592925309477e-07,2.5307135043192105e-08
Muon,10,8,bank,bank1,,1,"2,3",2,five_selected_direction_coefficients,right_raw,left0,-1.9609639730314463e-08,-1.0361212631518403e-08
Muon,10,8,bank,bank1,,1,"2,3",2,five_selected_direction_coefficients,right_raw,left1,-2.4216423902313053e-08,-3.725765119971232e-09
Muon,10,8,bank,bank1,,1,"2,3",2,five_selected_direction_coefficients,right_raw,right_raw,1.0057203802368708e-06,1.4627351712187398e-07
Muon,10,8,bank,bank1,,1,"2,3",2,five_selected_direction_coefficients,right_raw,right_white,4.25703171704478e-07,6.334910179670195e-08
Muon,10,8,bank,bank1,,1,"2,3",2,five_selected_direction_coefficients,right_white,actual,1.0750427641100965e-06,1.4908454421585605e-07
Muon,10,8,bank,bank1,,1,"2,3",2,five_selected_direction_coefficients,right_white,left0,-6.535751834948306e-08,-2.2480658078059826e-09
Muon,10,8,bank,bank1,,1,"2,3",2,five_selected_direction_coefficients,right_white,left1,-1.7559026323972576e-08,-8.764228088538047e-10
Muon,10,8,bank,bank1,,1,"2,3",2,five_selected_direction_coefficients,right_white,right_raw,4.2570317170447807e-07,6.334910179670195e-08
Muon,10,8,bank,bank1,,1,"2,3",2,five_selected_direction_coefficients,right_white,right_white,7.2083768896788476e-06,9.248486302346375e-07
Muon,10,8,all_contexts,all4,,,"0,1,2,3",4,five_selected_direction_coefficients,actual,actual,6.681776817399683e-06,8.775211182529106e-07
Muon,10,8,all_contexts,all4,,,"0,1,2,3",4,five_selected_direction_coefficients,actual,left0,-1.7380737390747128e-07,-1.1933352528576714e-08
Muon,10,8,all_contexts,all4,,,"0,1,2,3",4,five_selected_direction_coefficients,actual,left1,1.7292886358604442e-07,9.345829289332326e-09
Muon,10,8,all_contexts,all4,,,"0,1,2,3",4,five_selected_direction_coefficients,actual,right_raw,1.345408337267376e-07,2.5109174985562584e-08
Muon,10,8,all_contexts,all4,,,"0,1,2,3",4,five_selected_direction_coefficients,actual,right_white,2.051424544588381e-06,2.6218860101138153e-07
Muon,10,8,all_contexts,all4,,,"0,1,2,3",4,five_selected_direction_coefficients,left0,actual,-1.738073739074713e-07,-1.1933352528576714e-08
Muon,10,8,all_contexts,all4,,,"0,1,2,3",4,five_selected_direction_coefficients,left0,left0,1.0096192327711538e-06,1.455251186360003e-07
Muon,10,8,all_contexts,all4,,,"0,1,2,3",4,five_selected_direction_coefficients,left0,left1,5.629814136903921e-09,-8.315298943062893e-09
Muon,10,8,all_contexts,all4,,,"0,1,2,3",4,five_selected_direction_coefficients,left0,right_raw,-1.7041937117257654e-08,-1.0536635555564741e-08
Muon,10,8,all_contexts,all4,,,"0,1,2,3",4,five_selected_direction_coefficients,left0,right_white,-7.463046160215088e-08,-4.594604344952583e-09
Muon,10,8,all_contexts,all4,,,"0,1,2,3",4,five_selected_direction_coefficients,left1,actual,1.729288635860444e-07,9.345829289332326e-09
Muon,10,8,all_contexts,all4,,,"0,1,2,3",4,five_selected_direction_coefficients,left1,left0,5.629814136903914e-09,-8.315298943062893e-09
Muon,10,8,all_contexts,all4,,,"0,1,2,3",4,five_selected_direction_coefficients,left1,left1,1.0773198922543653e-06,1.4879396125138746e-07
Muon,10,8,all_contexts,all4,,,"0,1,2,3",4,five_selected_direction_coefficients,left1,right_raw,1.0710402979180242e-09,-3.8612931669465516e-09
Muon,10,8,all_contexts,all4,,,"0,1,2,3",4,five_selected_direction_coefficients,left1,right_white,-2.485374004421577e-09,1.2493130015346235e-09
Muon,10,8,all_contexts,all4,,,"0,1,2,3",4,five_selected_direction_coefficients,right_raw,actual,1.3454083372673764e-07,2.5109174985562584e-08
Muon,10,8,all_contexts,all4,,,"0,1,2,3",4,five_selected_direction_coefficients,right_raw,left0,-1.7041937117257654e-08,-1.0536635555564741e-08
Muon,10,8,all_contexts,all4,,,"0,1,2,3",4,five_selected_direction_coefficients,right_raw,left1,1.0710402979180176e-09,-3.8612931669465516e-09
Muon,10,8,all_contexts,all4,,,"0,1,2,3",4,five_selected_direction_coefficients,right_raw,right_raw,1.0083096930763093e-06,1.4523952816460905e-07
Muon,10,8,all_contexts,all4,,,"0,1,2,3",4,five_selected_direction_coefficients,right_raw,right_white,4.5536127105669925e-07,6.723653188061532e-08
Muon,10,8,all_contexts,all4,,,"0,1,2,3",4,five_selected_direction_coefficients,right_white,actual,2.051424544588381e-06,2.6218860101138153e-07
Muon,10,8,all_contexts,all4,,,"0,1,2,3",4,five_selected_direction_coefficients,right_white,left0,-7.463046160215087e-08,-4.594604344952583e-09
Muon,10,8,all_contexts,all4,,,"0,1,2,3",4,five_selected_direction_coefficients,right_white,left1,-2.485374004421567e-09,1.2493130015346235e-09
Muon,10,8,all_contexts,all4,,,"0,1,2,3",4,five_selected_direction_coefficients,right_white,right_raw,4.5536127105669925e-07,6.723653188061532e-08
Muon,10,8,all_contexts,all4,,,"0,1,2,3",4,five_selected_direction_coefficients,right_white,right_white,7.85532956560879e-06,1.0006307333173763e-06
Muon,500,1,context,context0,0,0,0,1,five_selected_direction_coefficients,actual,actual,0.0003343208506014418,0.00035087957196104625
Muon,500,1,context,context0,0,0,0,1,five_selected_direction_coefficients,actual,left0,-3.334515787951863e-06,-5.087631327190513e-06
Muon,500,1,context,context0,0,0,0,1,five_selected_direction_coefficients,actual,left1,2.463757724457931e-06,-6.678440181362009e-06
Muon,500,1,context,context0,0,0,0,1,five_selected_direction_coefficients,actual,right_raw,9.243557642563552e-06,8.246861435980937e-07
Muon,500,1,context,context0,0,0,0,1,five_selected_direction_coefficients,actual,right_white,-1.0818069374882838e-05,-1.3200158647938481e-05
Muon,500,1,context,context0,0,0,0,1,five_selected_direction_coefficients,left0,actual,-3.334515787951878e-06,-5.087631327190513e-06
Muon,500,1,context,context0,0,0,0,1,five_selected_direction_coefficients,left0,left0,3.6018492367894624e-05,4.088065447544722e-05
Muon,500,1,context,context0,0,0,0,1,five_selected_direction_coefficients,left0,left1,3.1547672917134083e-06,1.4130177321982159e-06
Muon,500,1,context,context0,0,0,0,1,five_selected_direction_coefficients,left0,right_raw,-3.3510899376530054e-06,-3.647631452854309e-07
Muon,500,1,context,context0,0,0,0,1,five_selected_direction_coefficients,left0,right_white,7.2635338723867265e-06,-1.51753602823009e-06
Muon,500,1,context,context0,0,0,0,1,five_selected_direction_coefficients,left1,actual,2.463757724457926e-06,-6.678440181362009e-06
Muon,500,1,context,context0,0,0,0,1,five_selected_direction_coefficients,left1,left0,3.1547672917134155e-06,1.4130177321982159e-06
Muon,500,1,context,context0,0,0,0,1,five_selected_direction_coefficients,left1,left1,2.5505459190888615e-05,4.2271398972796365e-05
Muon,500,1,context,context0,0,0,0,1,five_selected_direction_coefficients,left1,right_raw,5.491540962485523e-06,-4.642230384171529e-08
Muon,500,1,context,context0,0,0,0,1,five_selected_direction_coefficients,left1,right_white,8.955354541552266e-06,1.3644153220721142e-06
Muon,500,1,context,context0,0,0,0,1,five_selected_direction_coefficients,right_raw,actual,9.243557642563493e-06,8.246861435980937e-07
Muon,500,1,context,context0,0,0,0,1,five_selected_direction_coefficients,right_raw,left0,-3.351089937653009e-06,-3.647631452854309e-07
Muon,500,1,context,context0,0,0,0,1,five_selected_direction_coefficients,right_raw,left1,5.491540962485546e-06,-4.642230384171529e-08
Muon,500,1,context,context0,0,0,0,1,five_selected_direction_coefficients,right_raw,right_raw,7.623186899029997e-05,8.93875202253575e-05
Muon,500,1,context,context0,0,0,0,1,five_selected_direction_coefficients,right_raw,right_white,5.217169165056829e-05,6.086070435003569e-05
Muon,500,1,context,context0,0,0,0,1,five_selected_direction_coefficients,right_white,actual,-1.0818069374882812e-05,-1.3200158647938481e-05
Muon,500,1,context,context0,0,0,0,1,five_selected_direction_coefficients,right_white,left0,7.263533872386735e-06,-1.51753602823009e-06
Muon,500,1,context,context0,0,0,0,1,five_selected_direction_coefficients,right_white,left1,8.95535454155225e-06,1.3644153220721142e-06
Muon,500,1,context,context0,0,0,0,1,five_selected_direction_coefficients,right_white,right_raw,5.217169165056829e-05,6.086070435003569e-05
Muon,500,1,context,context0,0,0,0,1,five_selected_direction_coefficients,right_white,right_white,0.0001733527993552858,0.00018339425144720903
Muon,500,1,context,context1,1,0,1,1,five_selected_direction_coefficients,actual,actual,0.0003352186643270071,0.0003200400559600814
Muon,500,1,context,context1,1,0,1,1,five_selected_direction_coefficients,actual,left0,6.9686366187586155e-06,-4.2629005089075814e-06
Muon,500,1,context,context1,1,0,1,1,five_selected_direction_coefficients,actual,left1,-4.90119761254808e-06,-1.4033405744831393e-06
Muon,500,1,context,context1,1,0,1,1,five_selected_direction_coefficients,actual,right_raw,-2.9952669452431986e-06,-2.8709239518290416e-06
Muon,500,1,context,context1,1,0,1,1,five_selected_direction_coefficients,actual,right_white,-2.8172089224564237e-05,-4.874995665934781e-06
Muon,500,1,context,context1,1,0,1,1,five_selected_direction_coefficients,left0,actual,6.968636618758603e-06,-4.2629005089075814e-06
Muon,500,1,context,context1,1,0,1,1,five_selected_direction_coefficients,left0,left0,3.743450671048997e-05,3.816564545754791e-05
Muon,500,1,context,context1,1,0,1,1,five_selected_direction_coefficients,left0,left1,2.1811737751605456e-06,-5.769591822998815e-07
Muon,500,1,context,context1,1,0,1,1,five_selected_direction_coefficients,left0,right_raw,3.112909965827924e-06,3.7756380115029416e-07
Muon,500,1,context,context1,1,0,1,1,five_selected_direction_coefficients,left0,right_white,2.808935347488634e-06,1.9777732014781337e-07
Muon,500,1,context,context1,1,0,1,1,five_selected_direction_coefficients,left1,actual,-4.901197612548059e-06,-1.4033405744831393e-06
Muon,500,1,context,context1,1,0,1,1,five_selected_direction_coefficients,left1,left0,2.1811737751605363e-06,-5.769591822998815e-07
Muon,500,1,context,context1,1,0,1,1,five_selected_direction_coefficients,left1,left1,3.684237105082218e-05,3.683750402193787e-05
Muon,500,1,context,context1,1,0,1,1,five_selected_direction_coefficients,left1,right_raw,4.214142770313945e-06,3.4492584823299333e-07
Muon,500,1,context,context1,1,0,1,1,five_selected_direction_coefficients,left1,right_white,9.902143457149701e-06,3.991540920865731e-06
Muon,500,1,context,context1,1,0,1,1,five_selected_direction_coefficients,right_raw,actual,-2.9952669452431965e-06,-2.8709239518290416e-06
Muon,500,1,context,context1,1,0,1,1,five_selected_direction_coefficients,right_raw,left0,3.1129099658279225e-06,3.7756380115029416e-07
Muon,500,1,context,context1,1,0,1,1,five_selected_direction_coefficients,right_raw,left1,4.214142770313935e-06,3.4492584823299333e-07
Muon,500,1,context,context1,1,0,1,1,five_selected_direction_coefficients,right_raw,right_raw,8.067427127894536e-05,7.724395746306741e-05
Muon,500,1,context,context1,1,0,1,1,five_selected_direction_coefficients,right_raw,right_white,3.817045370992944e-05,4.5094205639331944e-05
Muon,500,1,context,context1,1,0,1,1,five_selected_direction_coefficients,right_white,actual,-2.8172089224564132e-05,-4.874995665934781e-06
Muon,500,1,context,context1,1,0,1,1,five_selected_direction_coefficients,right_white,left0,2.8089353474886282e-06,1.9777732014781337e-07
Muon,500,1,context,context1,1,0,1,1,five_selected_direction_coefficients,right_white,left1,9.902143457149684e-06,3.991540920865731e-06
Muon,500,1,context,context1,1,0,1,1,five_selected_direction_coefficients,right_white,right_raw,3.8170453709929424e-05,4.5094205639331944e-05
Muon,500,1,context,context1,1,0,1,1,five_selected_direction_coefficients,right_white,right_white,0.000129563831222325,0.0001484348689055097
Muon,500,1,context,context2,2,1,2,1,five_selected_direction_coefficients,actual,actual,0.0003278050325733061,0.00034732129126458254
Muon,500,1,context,context2,2,1,2,1,five_selected_direction_coefficients,actual,left0,6.737448978609279e-06,-1.759557252488144e-06
Muon,500,1,context,context2,2,1,2,1,five_selected_direction_coefficients,actual,left1,-3.0992357042329754e-06,-7.150523806994236e-06
Muon,500,1,context,context2,2,1,2,1,five_selected_direction_coefficients,actual,right_raw,6.701563406219973e-06,6.026203750177521e-07
Muon,500,1,context,context2,2,1,2,1,five_selected_direction_coefficients,actual,right_white,-1.3887207548744393e-05,-2.856434060381324e-06
Muon,500,1,context,context2,2,1,2,1,five_selected_direction_coefficients,left0,actual,6.73744897860927e-06,-1.759557252488144e-06
Muon,500,1,context,context2,2,1,2,1,five_selected_direction_coefficients,left0,left0,3.0863740317057e-05,3.6771515565745726e-05
Muon,500,1,context,context2,2,1,2,1,five_selected_direction_coefficients,left0,left1,3.5256043114512926e-06,-6.332544262182717e-07
Muon,500,1,context,context2,2,1,2,1,five_selected_direction_coefficients,left0,right_raw,2.817142288256592e-06,7.316026636024477e-07
Muon,500,1,context,context2,2,1,2,1,five_selected_direction_coefficients,left0,right_white,2.9396165369241397e-06,-1.6936619695120532e-06
Muon,500,1,context,context2,2,1,2,1,five_selected_direction_coefficients,left1,actual,-3.0992357042329872e-06,-7.150523806994236e-06
Muon,500,1,context,context2,2,1,2,1,five_selected_direction_coefficients,left1,left0,3.525604311451297e-06,-6.332544262182717e-07
Muon,500,1,context,context2,2,1,2,1,five_selected_direction_coefficients,left1,left1,3.059345176667557e-05,3.288411679933771e-05
Muon,500,1,context,context2,2,1,2,1,five_selected_direction_coefficients,left1,right_raw,3.8713061974354055e-06,2.1346670940626096e-06
Muon,500,1,context,context2,2,1,2,1,five_selected_direction_coefficients,left1,right_white,-9.987964946996503e-07,3.7236249589918747e-06
Muon,500,1,context,context2,2,1,2,1,five_selected_direction_coefficients,right_raw,actual,6.701563406219931e-06,6.026203750177521e-07
Muon,500,1,context,context2,2,1,2,1,five_selected_direction_coefficients,right_raw,left0,2.8171422882565915e-06,7.316026636024477e-07
Muon,500,1,context,context2,2,1,2,1,five_selected_direction_coefficients,right_raw,left1,3.871306197435392e-06,2.1346670940626096e-06
Muon,500,1,context,context2,2,1,2,1,five_selected_direction_coefficients,right_raw,right_raw,6.966148515044374e-05,7.223077515975202e-05
Muon,500,1,context,context2,2,1,2,1,five_selected_direction_coefficients,right_raw,right_white,4.0640641521538424e-05,4.283282605550366e-05
Muon,500,1,context,context2,2,1,2,1,five_selected_direction_coefficients,right_white,actual,-1.3887207548744412e-05,-2.856434060381324e-06
Muon,500,1,context,context2,2,1,2,1,five_selected_direction_coefficients,right_white,left0,2.9396165369241524e-06,-1.6936619695120532e-06
Muon,500,1,context,context2,2,1,2,1,five_selected_direction_coefficients,right_white,left1,-9.987964946996603e-07,3.7236249589918747e-06
Muon,500,1,context,context2,2,1,2,1,five_selected_direction_coefficients,right_white,right_raw,4.0640641521538424e-05,4.283282605550366e-05
Muon,500,1,context,context2,2,1,2,1,five_selected_direction_coefficients,right_white,right_white,0.00011061927148539301,0.0001374721321182647
Muon,500,1,context,context3,3,1,3,1,five_selected_direction_coefficients,actual,actual,0.0002957964506713598,0.00029107236425015464
Muon,500,1,context,context3,3,1,3,1,five_selected_direction_coefficients,actual,left0,-8.464380130118315e-06,-7.205920521166724e-06
Muon,500,1,context,context3,3,1,3,1,five_selected_direction_coefficients,actual,left1,-2.135252920828501e-06,-1.6499428513296063e-06
Muon,500,1,context,context3,3,1,3,1,five_selected_direction_coefficients,actual,right_raw,-1.478406829910951e-07,3.60076851574645e-06
Muon,500,1,context,context3,3,1,3,1,five_selected_direction_coefficients,actual,right_white,-1.7820147957557327e-05,-1.1919184997527118e-05
Muon,500,1,context,context3,3,1,3,1,five_selected_direction_coefficients,left0,actual,-8.464380130118318e-06,-7.205920521166724e-06
Muon,500,1,context,context3,3,1,3,1,five_selected_direction_coefficients,left0,left0,4.39609998474763e-05,3.345603042319939e-05
Muon,500,1,context,context3,3,1,3,1,five_selected_direction_coefficients,left0,left1,-3.4347872928548737e-06,-7.662941877974761e-07
Muon,500,1,context,context3,3,1,3,1,five_selected_direction_coefficients,left0,right_raw,2.7966483120407054e-06,3.0490086571388612e-06
Muon,500,1,context,context3,3,1,3,1,five_selected_direction_coefficients,left0,right_white,7.615486214695447e-06,4.937394932445714e-06
Muon,500,1,context,context3,3,1,3,1,five_selected_direction_coefficients,left1,actual,-2.1352529208285172e-06,-1.6499428513296063e-06
Muon,500,1,context,context3,3,1,3,1,five_selected_direction_coefficients,left1,left0,-3.434787292854856e-06,-7.662941877974761e-07
Muon,500,1,context,context3,3,1,3,1,five_selected_direction_coefficients,left1,left1,3.720836023607246e-05,3.0916541116889164e-05
Muon,500,1,context,context3,3,1,3,1,five_selected_direction_coefficients,left1,right_raw,3.006820903809672e-06,5.614723137691098e-07
Muon,500,1,context,context3,3,1,3,1,five_selected_direction_coefficients,left1,right_white,2.94489314380497e-06,7.893082643090314e-07
Muon,500,1,context,context3,3,1,3,1,five_selected_direction_coefficients,right_raw,actual,-1.4784068299106472e-07,3.60076851574645e-06
Muon,500,1,context,context3,3,1,3,1,five_selected_direction_coefficients,right_raw,left0,2.7966483120407156e-06,3.0490086571388612e-06
Muon,500,1,context,context3,3,1,3,1,five_selected_direction_coefficients,right_raw,left1,3.0068209038096765e-06,5.614723137691098e-07
Muon,500,1,context,context3,3,1,3,1,five_selected_direction_coefficients,right_raw,right_raw,8.577001771848372e-05,7.050943743382797e-05
Muon,500,1,context,context3,3,1,3,1,five_selected_direction_coefficients,right_raw,right_white,5.7085836018456706e-05,4.8222775604431165e-05
Muon,500,1,context,context3,3,1,3,1,five_selected_direction_coefficients,right_white,actual,-1.7820147957557283e-05,-1.1919184997527118e-05
Muon,500,1,context,context3,3,1,3,1,five_selected_direction_coefficients,right_white,left0,7.615486214695466e-06,4.937394932445714e-06
Muon,500,1,context,context3,3,1,3,1,five_selected_direction_coefficients,right_white,left1,2.944893143804957e-06,7.893082643090314e-07
Muon,500,1,context,context3,3,1,3,1,five_selected_direction_coefficients,right_white,right_raw,5.7085836018456746e-05,4.8222775604431165e-05
Muon,500,1,context,context3,3,1,3,1,five_selected_direction_coefficients,right_white,right_white,0.00016544002432001192,0.0001512648246298987
Muon,500,1,bank,bank0,,0,"0,1",2,five_selected_direction_coefficients,actual,actual,0.00033476975746422443,0.0003354598139605636
Muon,500,1,bank,bank0,,0,"0,1",2,five_selected_direction_coefficients,actual,left0,1.8170604154033764e-06,-4.675265918049044e-06
Muon,500,1,bank,bank0,,0,"0,1",2,five_selected_direction_coefficients,actual,left1,-1.2187199440450747e-06,-4.040890377922582e-06
Muon,500,1,bank,bank0,,0,"0,1",2,five_selected_direction_coefficients,actual,right_raw,3.1241453486601767e-06,-1.0231189041154702e-06
Muon,500,1,bank,bank0,,0,"0,1",2,five_selected_direction_coefficients,actual,right_white,-1.949507929972354e-05,-9.037577156936635e-06
Muon,500,1,bank,bank0,,0,"0,1",2,five_selected_direction_coefficients,left0,actual,1.8170604154033624e-06,-4.675265918049044e-06
Muon,500,1,bank,bank0,,0,"0,1",2,five_selected_direction_coefficients,left0,left0,3.672649953919229e-05,3.952314996649757e-05
Muon,500,1,bank,bank0,,0,"0,1",2,five_selected_direction_coefficients,left0,left1,2.667970533436977e-06,4.180292749491674e-07
Muon,500,1,bank,bank0,,0,"0,1",2,five_selected_direction_coefficients,left0,right_raw,-1.1908998591254082e-07,6.400327932431219e-09
Muon,500,1,bank,bank0,,0,"0,1",2,five_selected_direction_coefficients,left0,right_white,5.0362346099376805e-06,-6.598793540411396e-07
Muon,500,1,bank,bank0,,0,"0,1",2,five_selected_direction_coefficients,left1,actual,-1.2187199440450666e-06,-4.040890377922582e-06
Muon,500,1,bank,bank0,,0,"0,1",2,five_selected_direction_coefficients,left1,left0,2.667970533436976e-06,4.180292749491674e-07
Muon,500,1,bank,bank0,,0,"0,1",2,five_selected_direction_coefficients,left1,left1,3.11739151208554e-05,3.955445149736712e-05
Muon,500,1,bank,bank0,,0,"0,1",2,five_selected_direction_coefficients,left1,right_raw,4.852841866399734e-06,1.4925177219563905e-07
Muon,500,1,bank,bank0,,0,"0,1",2,five_selected_direction_coefficients,left1,right_white,9.428748999350984e-06,2.6779781214689244e-06
Muon,500,1,bank,bank0,,0,"0,1",2,five_selected_direction_coefficients,right_raw,actual,3.1241453486601483e-06,-1.0231189041154702e-06
Muon,500,1,bank,bank0,,0,"0,1",2,five_selected_direction_coefficients,right_raw,left0,-1.1908998591254315e-07,6.400327932431219e-09
Muon,500,1,bank,bank0,,0,"0,1",2,five_selected_direction_coefficients,right_raw,left1,4.852841866399741e-06,1.4925177219563905e-07
Muon,500,1,bank,bank0,,0,"0,1",2,five_selected_direction_coefficients,right_raw,right_raw,7.845307013462267e-05,8.331573884421248e-05
Muon,500,1,bank,bank0,,0,"0,1",2,five_selected_direction_coefficients,right_raw,right_white,4.517107268024887e-05,5.2977454994683787e-05
Muon,500,1,bank,bank0,,0,"0,1",2,five_selected_direction_coefficients,right_white,actual,-1.9495079299723474e-05,-9.037577156936635e-06
Muon,500,1,bank,bank0,,0,"0,1",2,five_selected_direction_coefficients,right_white,left0,5.036234609937681e-06,-6.598793540411396e-07
Muon,500,1,bank,bank0,,0,"0,1",2,five_selected_direction_coefficients,right_white,left1,9.428748999350967e-06,2.6779781214689244e-06
Muon,500,1,bank,bank0,,0,"0,1",2,five_selected_direction_coefficients,right_white,right_raw,4.5171072680248855e-05,5.2977454994683787e-05
Muon,500,1,bank,bank0,,0,"0,1",2,five_selected_direction_coefficients,right_white,right_white,0.0001514583152888054,0.00016591456017635953
Muon,500,1,bank,bank1,,1,"2,3",2,five_selected_direction_coefficients,actual,actual,0.000311800741622333,0.0003191968277573684
Muon,500,1,bank,bank1,,1,"2,3",2,five_selected_direction_coefficients,actual,left0,-8.634655757545179e-07,-4.48273888682743e-06
Muon,500,1,bank,bank1,,1,"2,3",2,five_selected_direction_coefficients,actual,left1,-2.617244312530738e-06,-4.400233329161911e-06
Muon,500,1,bank,bank1,,1,"2,3",2,five_selected_direction_coefficients,actual,right_raw,3.276861361614439e-06,2.1016944453821014e-06
Muon,500,1,bank,bank1,,1,"2,3",2,five_selected_direction_coefficients,actual,right_white,-1.5853677753150862e-05,-7.387809528954225e-06
Muon,500,1,bank,bank1,,1,"2,3",2,five_selected_direction_coefficients,left0,actual,-8.634655757545243e-07,-4.48273888682743e-06
Muon,500,1,bank,bank1,,1,"2,3",2,five_selected_direction_coefficients,left0,left0,3.741237008226665e-05,3.511377299447254e-05
Muon,500,1,bank,bank1,,1,"2,3",2,five_selected_direction_coefficients,left0,left1,4.540850929820946e-08,-6.997743070078731e-07
Muon,500,1,bank,bank1,,1,"2,3",2,five_selected_direction_coefficients,left0,right_raw,2.806895300148649e-06,1.8903056603706541e-06
Muon,500,1,bank,bank1,,1,"2,3",2,five_selected_direction_coefficients,left0,right_white,5.2775513758097936e-06,1.621866481466829e-06
Muon,500,1,bank,bank1,,1,"2,3",2,five_selected_direction_coefficients,left1,actual,-2.6172443125307525e-06,-4.400233329161911e-06
Muon,500,1,bank,bank1,,1,"2,3",2,five_selected_direction_coefficients,left1,left0,4.5408509298220474e-08,-6.997743070078731e-07
Muon,500,1,bank,bank1,,1,"2,3",2,five_selected_direction_coefficients,left1,left1,3.390090600137402e-05,3.1900328958113424e-05
Muon,500,1,bank,bank1,,1,"2,3",2,five_selected_direction_coefficients,left1,right_raw,3.4390635506225387e-06,1.3480697039158605e-06
Muon,500,1,bank,bank1,,1,"2,3",2,five_selected_direction_coefficients,left1,right_white,9.730483245526598e-07,2.2564666116504557e-06
Muon,500,1,bank,bank1,,1,"2,3",2,five_selected_direction_coefficients,right_raw,actual,3.2768613616144333e-06,2.1016944453821014e-06
Muon,500,1,bank,bank1,,1,"2,3",2,five_selected_direction_coefficients,right_raw,left0,2.8068953001486535e-06,1.8903056603706541e-06
Muon,500,1,bank,bank1,,1,"2,3",2,five_selected_direction_coefficients,right_raw,left1,3.4390635506225344e-06,1.3480697039158605e-06
Muon,500,1,bank,bank1,,1,"2,3",2,five_selected_direction_coefficients,right_raw,right_raw,7.771575143446374e-05,7.137010629679006e-05
Muon,500,1,bank,bank1,,1,"2,3",2,five_selected_direction_coefficients,right_raw,right_white,4.8863238769997565e-05,4.5527800829967376e-05
Muon,500,1,bank,bank1,,1,"2,3",2,five_selected_direction_coefficients,right_white,actual,-1.585367775315085e-05,-7.387809528954225e-06
Muon,500,1,bank,bank1,,1,"2,3",2,five_selected_direction_coefficients,right_white,left0,5.277551375809809e-06,1.621866481466829e-06
Muon,500,1,bank,bank1,,1,"2,3",2,five_selected_direction_coefficients,right_white,left1,9.730483245526486e-07,2.2564666116504557e-06
Muon,500,1,bank,bank1,,1,"2,3",2,five_selected_direction_coefficients,right_white,right_raw,4.8863238769997585e-05,4.5527800829967376e-05
Muon,500,1,bank,bank1,,1,"2,3",2,five_selected_direction_coefficients,right_white,right_white,0.00013802964790270248,0.00014436847837408188
Muon,500,1,all_contexts,all4,,,"0,1,2,3",4,five_selected_direction_coefficients,actual,actual,0.0003232852495432787,0.0003273283208589656
Muon,500,1,all_contexts,all4,,,"0,1,2,3",4,five_selected_direction_coefficients,actual,left0,4.7679741982442933e-07,-4.579002402438245e-06
Muon,500,1,all_contexts,all4,,,"0,1,2,3",4,five_selected_direction_coefficients,actual,left1,-1.9179821282879066e-06,-4.220561853542256e-06
Muon,500,1,all_contexts,all4,,,"0,1,2,3",4,five_selected_direction_coefficients,actual,right_raw,3.2005033551373075e-06,5.392877706333142e-07
Muon,500,1,all_contexts,all4,,,"0,1,2,3",4,five_selected_direction_coefficients,actual,right_white,-1.76743785264372e-05,-8.212693342945442e-06
Muon,500,1,all_contexts,all4,,,"0,1,2,3",4,five_selected_direction_coefficients,left0,actual,4.7679741982441917e-07,-4.579002402438245e-06
Muon,500,1,all_contexts,all4,,,"0,1,2,3",4,five_selected_direction_coefficients,left0,left0,3.7069434810729475e-05,3.7318461480485055e-05
Muon,500,1,all_contexts,all4,,,"0,1,2,3",4,five_selected_direction_coefficients,left0,left1,1.356689521367593e-06,-1.408725160293533e-07
Muon,500,1,all_contexts,all4,,,"0,1,2,3",4,five_selected_direction_coefficients,left0,right_raw,1.343902657118054e-06,9.483529941515427e-07
Muon,500,1,all_contexts,all4,,,"0,1,2,3",4,five_selected_direction_coefficients,left0,right_white,5.156892992873737e-06,4.809935637128442e-07
Muon,500,1,all_contexts,all4,,,"0,1,2,3",4,five_selected_direction_coefficients,left1,actual,-1.9179821282879095e-06,-4.220561853542256e-06
Muon,500,1,all_contexts,all4,,,"0,1,2,3",4,five_selected_direction_coefficients,left1,left0,1.3566895213675984e-06,-1.408725160293533e-07
Muon,500,1,all_contexts,all4,,,"0,1,2,3",4,five_selected_direction_coefficients,left1,left1,3.2537410561114704e-05,3.5727390227740304e-05
Muon,500,1,all_contexts,all4,,,"0,1,2,3",4,five_selected_direction_coefficients,left1,right_raw,4.145952708511137e-06,7.48660738055749e-07
Muon,500,1,all_contexts,all4,,,"0,1,2,3",4,five_selected_direction_coefficients,left1,right_white,5.2008986619518225e-06,2.4672223665596837e-06
Muon,500,1,all_contexts,all4,,,"0,1,2,3",4,five_selected_direction_coefficients,right_raw,actual,3.2005033551372906e-06,5.392877706333142e-07
Muon,500,1,all_contexts,all4,,,"0,1,2,3",4,five_selected_direction_coefficients,right_raw,left0,1.3439026571180552e-06,9.483529941515427e-07
Muon,500,1,all_contexts,all4,,,"0,1,2,3",4,five_selected_direction_coefficients,right_raw,left1,4.1459527085111375e-06,7.48660738055749e-07
Muon,500,1,all_contexts,all4,,,"0,1,2,3",4,five_selected_direction_coefficients,right_raw,right_raw,7.80844107845432e-05,7.734292257050116e-05
Muon,500,1,all_contexts,all4,,,"0,1,2,3",4,five_selected_direction_coefficients,right_raw,right_white,4.701715572512322e-05,4.925262791232553e-05
Muon,500,1,all_contexts,all4,,,"0,1,2,3",4,five_selected_direction_coefficients,right_white,actual,-1.767437852643716e-05,-8.212693342945442e-06
Muon,500,1,all_contexts,all4,,,"0,1,2,3",4,five_selected_direction_coefficients,right_white,left0,5.1568929928737455e-06,4.809935637128442e-07
Muon,500,1,all_contexts,all4,,,"0,1,2,3",4,five_selected_direction_coefficients,right_white,left1,5.200898661951808e-06,2.4672223665596837e-06
Muon,500,1,all_contexts,all4,,,"0,1,2,3",4,five_selected_direction_coefficients,right_white,right_raw,4.701715572512321e-05,4.925262791232553e-05
Muon,500,1,all_contexts,all4,,,"0,1,2,3",4,five_selected_direction_coefficients,right_white,right_white,0.00014474398159575395,0.0001551415192752207
Muon,500,4,context,context0,0,0,0,1,five_selected_direction_coefficients,actual,actual,4.6126763754590955e-05,5.480630056009281e-05
Muon,500,4,context,context0,0,0,0,1,five_selected_direction_coefficients,actual,left0,-4.1164390563862126e-07,5.080153255537752e-07
Muon,500,4,context,context0,0,0,0,1,five_selected_direction_coefficients,actual,left1,6.632270400391004e-07,-4.4053942336836025e-07
Muon,500,4,context,context0,0,0,0,1,five_selected_direction_coefficients,actual,right_raw,-2.130350946543285e-06,-1.310409560241119e-07
Muon,500,4,context,context0,0,0,0,1,five_selected_direction_coefficients,actual,right_white,2.2152744839654355e-06,5.910417424148751e-06
Muon,500,4,context,context0,0,0,0,1,five_selected_direction_coefficients,left0,actual,-4.1164390563861745e-07,5.080153255537752e-07
Muon,500,4,context,context0,0,0,0,1,five_selected_direction_coefficients,left0,left0,9.245644002426909e-06,8.120010510879007e-06
Muon,500,4,context,context0,0,0,0,1,five_selected_direction_coefficients,left0,left1,-2.9118053136956356e-07,-2.997985482957789e-08
Muon,500,4,context,context0,0,0,0,1,five_selected_direction_coefficients,left0,right_raw,4.582432438310114e-07,-1.2209569245546852e-08
Muon,500,4,context,context0,0,0,0,1,five_selected_direction_coefficients,left0,right_white,-1.2819583487590945e-06,3.708459862299077e-07
Muon,500,4,context,context0,0,0,0,1,five_selected_direction_coefficients,left1,actual,6.632270400390997e-07,-4.4053942336836025e-07
Muon,500,4,context,context0,0,0,0,1,five_selected_direction_coefficients,left1,left0,-2.9118053136956324e-07,-2.997985482957789e-08
Muon,500,4,context,context0,0,0,0,1,five_selected_direction_coefficients,left1,left1,4.672857566699849e-06,8.251577313276824e-06
Muon,500,4,context,context0,0,0,0,1,five_selected_direction_coefficients,left1,right_raw,5.321792187979092e-07,-1.757504278851371e-07
Muon,500,4,context,context0,0,0,0,1,five_selected_direction_coefficients,left1,right_white,5.657514630511437e-07,-5.961868048122742e-07
Muon,500,4,context,context0,0,0,0,1,five_selected_direction_coefficients,right_raw,actual,-2.1303509465432794e-06,-1.310409560241119e-07
Muon,500,4,context,context0,0,0,0,1,five_selected_direction_coefficients,right_raw,left0,4.582432438310113e-07,-1.2209569245546852e-08
Muon,500,4,context,context0,0,0,0,1,five_selected_direction_coefficients,right_raw,left1,5.321792187979092e-07,-1.757504278851371e-07
Muon,500,4,context,context0,0,0,0,1,five_selected_direction_coefficients,right_raw,right_raw,8.805803095887041e-06,1.1676060321712887e-05
Muon,500,4,context,context0,0,0,0,1,five_selected_direction_coefficients,right_raw,right_white,7.162175319228836e-06,7.812912822221992e-06
Muon,500,4,context,context0,0,0,0,1,five_selected_direction_coefficients,right_white,actual,2.2152744839654287e-06,5.910417424148751e-06
Muon,500,4,context,context0,0,0,0,1,five_selected_direction_coefficients,right_white,left0,-1.2819583487590966e-06,3.708459862299077e-07
Muon,500,4,context,context0,0,0,0,1,five_selected_direction_coefficients,right_white,left1,5.657514630511398e-07,-5.961868048122742e-07
Muon,500,4,context,context0,0,0,0,1,five_selected_direction_coefficients,right_white,right_raw,7.162175319228839e-06,7.812912822221992e-06
Muon,500,4,context,context0,0,0,0,1,five_selected_direction_coefficients,right_white,right_white,1.84023998608341e-05,2.2366764613890824e-05
Muon,500,4,context,context1,1,0,1,1,five_selected_direction_coefficients,actual,actual,4.606467388533737e-05,4.6784097908724244e-05
Muon,500,4,context,context1,1,0,1,1,five_selected_direction_coefficients,actual,left0,-1.728014317164296e-07,2.3180987342219682e-07
Muon,500,4,context,context1,1,0,1,1,five_selected_direction_coefficients,actual,left1,2.1194683780011585e-07,2.560569044981257e-07
Muon,500,4,context,context1,1,0,1,1,five_selected_direction_coefficients,actual,right_raw,6.019344479308812e-07,9.61873169031363e-07
Muon,500,4,context,context1,1,0,1,1,five_selected_direction_coefficients,actual,right_white,3.2486539373440622e-06,3.5743585591924198e-06
Muon,500,4,context,context1,1,0,1,1,five_selected_direction_coefficients,left0,actual,-1.7280143171643012e-07,2.3180987342219682e-07
Muon,500,4,context,context1,1,0,1,1,five_selected_direction_coefficients,left0,left0,8.138256910456847e-06,7.160383771384512e-06
Muon,500,4,context,context1,1,0,1,1,five_selected_direction_coefficients,left0,left1,5.919688499271426e-07,7.12652319254235e-08
Muon,500,4,context,context1,1,0,1,1,five_selected_direction_coefficients,left0,right_raw,8.763369415965015e-07,2.366735436287439e-07
Muon,500,4,context,context1,1,0,1,1,five_selected_direction_coefficients,left0,right_white,-1.414727336224796e-06,3.005091431586811e-07
Muon,500,4,context,context1,1,0,1,1,five_selected_direction_coefficients,left1,actual,2.1194683780011368e-07,2.560569044981257e-07
Muon,500,4,context,context1,1,0,1,1,five_selected_direction_coefficients,left1,left0,5.919688499271421e-07,7.12652319254235e-08
Muon,500,4,context,context1,1,0,1,1,five_selected_direction_coefficients,left1,left1,8.174589547091333e-06,7.4953852639760656e-06
Muon,500,4,context,context1,1,0,1,1,five_selected_direction_coefficients,left1,right_raw,1.2333632322122335e-07,1.3249338228788946e-07
Muon,500,4,context,context1,1,0,1,1,five_selected_direction_coefficients,left1,right_white,3.328170724261042e-08,1.2955433026450894e-07
Muon,500,4,context,context1,1,0,1,1,five_selected_direction_coefficients,right_raw,actual,6.019344479308781e-07,9.61873169031363e-07
Muon,500,4,context,context1,1,0,1,1,five_selected_direction_coefficients,right_raw,left0,8.763369415965017e-07,2.366735436287439e-07
Muon,500,4,context,context1,1,0,1,1,five_selected_direction_coefficients,right_raw,left1,1.2333632322122287e-07,1.3249338228788946e-07
Muon,500,4,context,context1,1,0,1,1,five_selected_direction_coefficients,right_raw,right_raw,8.807933079775997e-06,1.0082187093064573e-05
Muon,500,4,context,context1,1,0,1,1,five_selected_direction_coefficients,right_raw,right_white,7.327630967547549e-06,6.382077946661299e-06
Muon,500,4,context,context1,1,0,1,1,five_selected_direction_coefficients,right_white,actual,3.2486539373440563e-06,3.5743585591924198e-06
Muon,500,4,context,context1,1,0,1,1,five_selected_direction_coefficients,right_white,left0,-1.414727336224796e-06,3.005091431586811e-07
Muon,500,4,context,context1,1,0,1,1,five_selected_direction_coefficients,right_white,left1,3.328170724261405e-08,1.2955433026450894e-07
Muon,500,4,context,context1,1,0,1,1,five_selected_direction_coefficients,right_white,right_raw,7.327630967547553e-06,6.382077946661299e-06
Muon,500,4,context,context1,1,0,1,1,five_selected_direction_coefficients,right_white,right_white,1.7542529805432167e-05,1.6744245143183294e-05
Muon,500,4,context,context2,2,1,2,1,five_selected_direction_coefficients,actual,actual,4.7693896920832695e-05,4.598982426558712e-05
Muon,500,4,context,context2,2,1,2,1,five_selected_direction_coefficients,actual,left0,1.94148277807502e-07,1.1400906593150698e-06
Muon,500,4,context,context2,2,1,2,1,five_selected_direction_coefficients,actual,left1,-3.1667793581186263e-07,-1.2644705956133435e-08
Muon,500,4,context,context2,2,1,2,1,five_selected_direction_coefficients,actual,right_raw,-1.5269623894407873e-07,1.639380993936902e-07
Muon,500,4,context,context2,2,1,2,1,five_selected_direction_coefficients,actual,right_white,-1.2352413949677824e-06,-3.6330061267324823e-07
Muon,500,4,context,context2,2,1,2,1,five_selected_direction_coefficients,left0,actual,1.9414827780750157e-07,1.1400906593150698e-06
Muon,500,4,context,context2,2,1,2,1,five_selected_direction_coefficients,left0,left0,7.374321171435109e-06,6.792981692887958e-06
Muon,500,4,context,context2,2,1,2,1,five_selected_direction_coefficients,left0,left1,-4.320422533097282e-07,-1.5969710463127953e-07
Muon,500,4,context,context2,2,1,2,1,five_selected_direction_coefficients,left0,right_raw,-1.0516419714954136e-06,-1.3474178839484579e-07
Muon,500,4,context,context2,2,1,2,1,five_selected_direction_coefficients,left0,right_white,-5.088354359199449e-07,-1.9656289151983056e-07
Muon,500,4,context,context2,2,1,2,1,five_selected_direction_coefficients,left1,actual,-3.1667793581186454e-07,-1.2644705956133435e-08
Muon,500,4,context,context2,2,1,2,1,five_selected_direction_coefficients,left1,left0,-4.3204225330972767e-07,-1.5969710463127953e-07
Muon,500,4,context,context2,2,1,2,1,five_selected_direction_coefficients,left1,left1,5.275588949352064e-06,6.629785042934077e-06
Muon,500,4,context,context2,2,1,2,1,five_selected_direction_coefficients,left1,right_raw,-1.0266623835366158e-07,-1.9712783373122678e-07
Muon,500,4,context,context2,2,1,2,1,five_selected_direction_coefficients,left1,right_white,1.9872298406515602e-06,-7.702130066081236e-08
Muon,500,4,context,context2,2,1,2,1,five_selected_direction_coefficients,right_raw,actual,-1.526962389440816e-07,1.639380993936902e-07
Muon,500,4,context,context2,2,1,2,1,five_selected_direction_coefficients,right_raw,left0,-1.0516419714954128e-06,-1.3474178839484579e-07
Muon,500,4,context,context2,2,1,2,1,five_selected_direction_coefficients,right_raw,left1,-1.0266623835366211e-07,-1.9712783373122678e-07
Muon,500,4,context,context2,2,1,2,1,five_selected_direction_coefficients,right_raw,right_raw,9.777533725499138e-06,9.02553555628035e-06
Muon,500,4,context,context2,2,1,2,1,five_selected_direction_coefficients,right_raw,right_white,4.097693000032274e-06,5.925359110621378e-06
Muon,500,4,context,context2,2,1,2,1,five_selected_direction_coefficients,right_white,actual,-1.2352413949677797e-06,-3.6330061267324823e-07
Muon,500,4,context,context2,2,1,2,1,five_selected_direction_coefficients,right_white,left0,-5.088354359199443e-07,-1.9656289151983056e-07
Muon,500,4,context,context2,2,1,2,1,five_selected_direction_coefficients,right_white,left1,1.9872298406515615e-06,-7.702130066081236e-08
Muon,500,4,context,context2,2,1,2,1,five_selected_direction_coefficients,right_white,right_raw,4.097693000032276e-06,5.925359110621378e-06
Muon,500,4,context,context2,2,1,2,1,five_selected_direction_coefficients,right_white,right_white,1.4932288718289159e-05,1.5595627868104837e-05
Muon,500,4,context,context3,3,1,3,1,five_selected_direction_coefficients,actual,actual,3.334617555831433e-05,3.1631115961320254e-05
Muon,500,4,context,context3,3,1,3,1,five_selected_direction_coefficients,actual,left0,-1.2481238580296723e-06,1.8638908359736482e-07
Muon,500,4,context,context3,3,1,3,1,five_selected_direction_coefficients,actual,left1,-1.09302377975438e-06,1.3845350702407288e-07
Muon,500,4,context,context3,3,1,3,1,five_selected_direction_coefficients,actual,right_raw,1.4827776335655714e-06,9.369991585422001e-07
Muon,500,4,context,context3,3,1,3,1,five_selected_direction_coefficients,actual,right_white,2.0469255448451747e-06,-8.870616458950307e-07
Muon,500,4,context,context3,3,1,3,1,five_selected_direction_coefficients,left0,actual,-1.2481238580296774e-06,1.8638908359736482e-07
Muon,500,4,context,context3,3,1,3,1,five_selected_direction_coefficients,left0,left0,5.426222500551529e-06,6.216103376926682e-06
Muon,500,4,context,context3,3,1,3,1,five_selected_direction_coefficients,left0,left1,1.0877064469125728e-07,8.551585992972515e-09
Muon,500,4,context,context3,3,1,3,1,five_selected_direction_coefficients,left0,right_raw,-1.5886484358852396e-06,-2.5909312901058294e-08
Muon,500,4,context,context3,3,1,3,1,five_selected_direction_coefficients,left0,right_white,-1.4427589301148952e-08,-3.209333894688895e-07
Muon,500,4,context,context3,3,1,3,1,five_selected_direction_coefficients,left1,actual,-1.093023779754376e-06,1.3845350702407288e-07
Muon,500,4,context,context3,3,1,3,1,five_selected_direction_coefficients,left1,left0,1.0877064469125866e-07,8.551585992972515e-09
Muon,500,4,context,context3,3,1,3,1,five_selected_direction_coefficients,left1,left1,5.459392177574489e-06,5.937583936376301e-06
Muon,500,4,context,context3,3,1,3,1,five_selected_direction_coefficients,left1,right_raw,-2.3537938451867e-06,-4.4213594488764954e-08
Muon,500,4,context,context3,3,1,3,1,five_selected_direction_coefficients,left1,right_white,-5.786190924751644e-07,-2.1748973041323757e-07
Muon,500,4,context,context3,3,1,3,1,five_selected_direction_coefficients,right_raw,actual,1.482777633565574e-06,9.369991585422001e-07
Muon,500,4,context,context3,3,1,3,1,five_selected_direction_coefficients,right_raw,left0,-1.5886484358852398e-06,-2.5909312901058294e-08
Muon,500,4,context,context3,3,1,3,1,five_selected_direction_coefficients,right_raw,left1,-2.3537938451867003e-06,-4.4213594488764954e-08
Muon,500,4,context,context3,3,1,3,1,five_selected_direction_coefficients,right_raw,right_raw,8.393275150851158e-06,7.952458112027755e-06
Muon,500,4,context,context3,3,1,3,1,five_selected_direction_coefficients,right_raw,right_white,6.054340733434577e-06,4.841663997132395e-06
Muon,500,4,context,context3,3,1,3,1,five_selected_direction_coefficients,right_white,actual,2.046925544845172e-06,-8.870616458950307e-07
Muon,500,4,context,context3,3,1,3,1,five_selected_direction_coefficients,right_white,left0,-1.4427589301148e-08,-3.209333894688895e-07
Muon,500,4,context,context3,3,1,3,1,five_selected_direction_coefficients,right_white,left1,-5.786190924751683e-07,-2.1748973041323757e-07
Muon,500,4,context,context3,3,1,3,1,five_selected_direction_coefficients,right_white,right_raw,6.054340733434574e-06,4.841663997132395e-06
Muon,500,4,context,context3,3,1,3,1,five_selected_direction_coefficients,right_white,right_white,1.8110092684115897e-05,1.2998423752407624e-05
Muon,500,4,bank,bank0,,0,"0,1",2,five_selected_direction_coefficients,actual,actual,4.609571881996416e-05,5.07951992344086e-05
Muon,500,4,bank,bank0,,0,"0,1",2,five_selected_direction_coefficients,actual,left0,-2.9222266867752545e-07,3.699125994879851e-07
Muon,500,4,bank,bank0,,0,"0,1",2,five_selected_direction_coefficients,actual,left1,4.375869389196081e-07,-9.224125943511697e-08
Muon,500,4,bank,bank0,,0,"0,1",2,five_selected_direction_coefficients,actual,right_raw,-7.642082493062019e-07,4.15416106503625e-07
Muon,500,4,bank,bank0,,0,"0,1",2,five_selected_direction_coefficients,actual,right_white,2.7319642106547487e-06,4.742387991670585e-06
Muon,500,4,bank,bank0,,0,"0,1",2,five_selected_direction_coefficients,left0,actual,-2.9222266867752376e-07,3.699125994879851e-07
Muon,500,4,bank,bank0,,0,"0,1",2,five_selected_direction_coefficients,left0,left0,8.691950456441878e-06,7.640197141131757e-06
Muon,500,4,bank,bank0,,0,"0,1",2,five_selected_direction_coefficients,left0,left1,1.503941592787895e-07,2.0642688547922825e-08
Muon,500,4,bank,bank0,,0,"0,1",2,five_selected_direction_coefficients,left0,right_raw,6.672900927137564e-07,1.1223198719159859e-07
Muon,500,4,bank,bank0,,0,"0,1",2,five_selected_direction_coefficients,left0,right_white,-1.3483428424919454e-06,3.3567756469429396e-07
Muon,500,4,bank,bank0,,0,"0,1",2,five_selected_direction_coefficients,left1,actual,4.375869389196067e-07,-9.224125943511697e-08
Muon,500,4,bank,bank0,,0,"0,1",2,five_selected_direction_coefficients,left1,left0,1.5039415927878944e-07,2.0642688547922825e-08
Muon,500,4,bank,bank0,,0,"0,1",2,five_selected_direction_coefficients,left1,left1,6.423723556895591e-06,7.873481288626446e-06
Muon,500,4,bank,bank0,,0,"0,1",2,five_selected_direction_coefficients,left1,right_raw,3.2775777100956626e-07,-2.162852279862379e-08
Muon,500,4,bank,bank0,,0,"0,1",2,five_selected_direction_coefficients,left1,right_white,2.9951658514687707e-07,-2.3331623727388298e-07
Muon,500,4,bank,bank0,,0,"0,1",2,five_selected_direction_coefficients,right_raw,actual,-7.642082493062007e-07,4.15416106503625e-07
Muon,500,4,bank,bank0,,0,"0,1",2,five_selected_direction_coefficients,right_raw,left0,6.672900927137566e-07,1.1223198719159859e-07
Muon,500,4,bank,bank0,,0,"0,1",2,five_selected_direction_coefficients,right_raw,left1,3.2775777100956605e-07,-2.162852279862379e-08
Muon,500,4,bank,bank0,,0,"0,1",2,five_selected_direction_coefficients,right_raw,right_raw,8.806868087831519e-06,1.0879123707388766e-05
Muon,500,4,bank,bank0,,0,"0,1",2,five_selected_direction_coefficients,right_raw,right_white,7.244903143388193e-06,7.0974953844416315e-06
Muon,500,4,bank,bank0,,0,"0,1",2,five_selected_direction_coefficients,right_white,actual,2.7319642106547427e-06,4.742387991670585e-06
Muon,500,4,bank,bank0,,0,"0,1",2,five_selected_direction_coefficients,right_white,left0,-1.3483428424919462e-06,3.3567756469429396e-07
Muon,500,4,bank,bank0,,0,"0,1",2,five_selected_direction_coefficients,right_white,left1,2.995165851468769e-07,-2.3331623727388298e-07
Muon,500,4,bank,bank0,,0,"0,1",2,five_selected_direction_coefficients,right_white,right_raw,7.244903143388196e-06,7.0974953844416315e-06
Muon,500,4,bank,bank0,,0,"0,1",2,five_selected_direction_coefficients,right_white,right_white,1.7972464833133136e-05,1.9555504878537057e-05
Muon,500,4,bank,bank1,,1,"2,3",2,five_selected_direction_coefficients,actual,actual,4.0520036239573515e-05,3.8810470113453675e-05
Muon,500,4,bank,bank1,,1,"2,3",2,five_selected_direction_coefficients,actual,left0,-5.269877901110852e-07,6.632398714562168e-07
Muon,500,4,bank,bank1,,1,"2,3",2,five_selected_direction_coefficients,actual,left1,-7.048508577831213e-07,6.290440053396974e-08
Muon,500,4,bank,bank1,,1,"2,3",2,five_selected_direction_coefficients,actual,right_raw,6.650406973107463e-07,5.504686289679454e-07
Muon,500,4,bank,bank1,,1,"2,3",2,five_selected_direction_coefficients,actual,right_white,4.0584207493869615e-07,-6.251811292841395e-07
Muon,500,4,bank,bank1,,1,"2,3",2,five_selected_direction_coefficients,left0,actual,-5.269877901110879e-07,6.632398714562168e-07
Muon,500,4,bank,bank1,,1,"2,3",2,five_selected_direction_coefficients,left0,left0,6.400271835993319e-06,6.504542534907319e-06
Muon,500,4,bank,bank1,,1,"2,3",2,five_selected_direction_coefficients,left0,left1,-1.6163580430923546e-07,-7.557275931915351e-08
Muon,500,4,bank,bank1,,1,"2,3",2,five_selected_direction_coefficients,left0,right_raw,-1.3201452036903266e-06,-8.03255506479521e-08
Muon,500,4,bank,bank1,,1,"2,3",2,five_selected_direction_coefficients,left0,right_white,-2.6163151261054693e-07,-2.5874814049436034e-07
Muon,500,4,bank,bank1,,1,"2,3",2,five_selected_direction_coefficients,left1,actual,-7.048508577831202e-07,6.290440053396974e-08
Muon,500,4,bank,bank1,,1,"2,3",2,five_selected_direction_coefficients,left1,left0,-1.616358043092345e-07,-7.557275931915351e-08
Muon,500,4,bank,bank1,,1,"2,3",2,five_selected_direction_coefficients,left1,left1,5.367490563463276e-06,6.283684489655182e-06
Muon,500,4,bank,bank1,,1,"2,3",2,five_selected_direction_coefficients,left1,right_raw,-1.2282300417701808e-06,-1.2067071410999607e-07
Muon,500,4,bank,bank1,,1,"2,3",2,five_selected_direction_coefficients,left1,right_white,7.043053740881979e-07,-1.4725551553702502e-07
Muon,500,4,bank,bank1,,1,"2,3",2,five_selected_direction_coefficients,right_raw,actual,6.650406973107461e-07,5.504686289679454e-07
Muon,500,4,bank,bank1,,1,"2,3",2,five_selected_direction_coefficients,right_raw,left0,-1.3201452036903264e-06,-8.03255506479521e-08
Muon,500,4,bank,bank1,,1,"2,3",2,five_selected_direction_coefficients,right_raw,left1,-1.2282300417701812e-06,-1.2067071410999607e-07
Muon,500,4,bank,bank1,,1,"2,3",2,five_selected_direction_coefficients,right_raw,right_raw,9.085404438175148e-06,8.488996834154059e-06
Muon,500,4,bank,bank1,,1,"2,3",2,five_selected_direction_coefficients,right_raw,right_white,5.076016866733426e-06,5.383511553876893e-06
Muon,500,4,bank,bank1,,1,"2,3",2,five_selected_direction_coefficients,right_white,actual,4.0584207493869625e-07,-6.251811292841395e-07
Muon,500,4,bank,bank1,,1,"2,3",2,five_selected_direction_coefficients,right_white,left0,-2.6163151261054614e-07,-2.5874814049436034e-07
Muon,500,4,bank,bank1,,1,"2,3",2,five_selected_direction_coefficients,right_white,left1,7.043053740881967e-07,-1.4725551553702502e-07
Muon,500,4,bank,bank1,,1,"2,3",2,five_selected_direction_coefficients,right_white,right_raw,5.076016866733425e-06,5.383511553876893e-06
Muon,500,4,bank,bank1,,1,"2,3",2,five_selected_direction_coefficients,right_white,right_white,1.6521190701202527e-05,1.429702581025624e-05
Muon,500,4,all_contexts,all4,,,"0,1,2,3",4,five_selected_direction_coefficients,actual,actual,4.330787752976883e-05,4.480283467393122e-05
Muon,500,4,all_contexts,all4,,,"0,1,2,3",4,five_selected_direction_coefficients,actual,left0,-4.096052293943053e-07,5.165762354721017e-07
Muon,500,4,all_contexts,all4,,,"0,1,2,3",4,five_selected_direction_coefficients,actual,left1,-1.336319594317566e-07,-1.4668429450573803e-08
Muon,500,4,all_contexts,all4,,,"0,1,2,3",4,five_selected_direction_coefficients,actual,right_raw,-4.9583775997727765e-08,4.829423677357846e-07
Muon,500,4,all_contexts,all4,,,"0,1,2,3",4,five_selected_direction_coefficients,actual,right_white,1.5689031427967225e-06,2.058603431193225e-06
Muon,500,4,all_contexts,all4,,,"0,1,2,3",4,five_selected_direction_coefficients,left0,actual,-4.0960522939430583e-07,5.165762354721017e-07
Muon,500,4,all_contexts,all4,,,"0,1,2,3",4,five_selected_direction_coefficients,left0,left0,7.546111146217599e-06,7.072369838019534e-06
Muon,500,4,all_contexts,all4,,,"0,1,2,3",4,five_selected_direction_coefficients,left0,left1,-5.620822515222981e-09,-2.746503538561533e-08
Muon,500,4,all_contexts,all4,,,"0,1,2,3",4,five_selected_direction_coefficients,left0,right_raw,-3.264275554882851e-07,1.5953218271823312e-08
Muon,500,4,all_contexts,all4,,,"0,1,2,3",4,five_selected_direction_coefficients,left0,right_white,-8.049871775512461e-07,3.8464712099966803e-08
Muon,500,4,all_contexts,all4,,,"0,1,2,3",4,five_selected_direction_coefficients,left1,actual,-1.3363195943175678e-07,-1.4668429450573803e-08
Muon,500,4,all_contexts,all4,,,"0,1,2,3",4,five_selected_direction_coefficients,left1,left0,-5.620822515222531e-09,-2.746503538561533e-08
Muon,500,4,all_contexts,all4,,,"0,1,2,3",4,five_selected_direction_coefficients,left1,left1,5.8956070601794335e-06,7.0785828891408035e-06
Muon,500,4,all_contexts,all4,,,"0,1,2,3",4,five_selected_direction_coefficients,left1,right_raw,-4.5023613538030725e-07,-7.114961845430996e-08
Muon,500,4,all_contexts,all4,,,"0,1,2,3",4,five_selected_direction_coefficients,left1,right_white,5.019109796175376e-07,-1.902858764054538e-07
Muon,500,4,all_contexts,all4,,,"0,1,2,3",4,five_selected_direction_coefficients,right_raw,actual,-4.958377599772729e-08,4.829423677357846e-07
Muon,500,4,all_contexts,all4,,,"0,1,2,3",4,five_selected_direction_coefficients,right_raw,left0,-3.2642755548828486e-07,1.5953218271823312e-08
Muon,500,4,all_contexts,all4,,,"0,1,2,3",4,five_selected_direction_coefficients,right_raw,left1,-4.5023613538030757e-07,-7.114961845430996e-08
Muon,500,4,all_contexts,all4,,,"0,1,2,3",4,five_selected_direction_coefficients,right_raw,right_raw,8.946136263003334e-06,9.684060270771405e-06
Muon,500,4,all_contexts,all4,,,"0,1,2,3",4,five_selected_direction_coefficients,right_raw,right_white,6.160460005060809e-06,6.240503469159274e-06
Muon,500,4,all_contexts,all4,,,"0,1,2,3",4,five_selected_direction_coefficients,right_white,actual,1.5689031427967195e-06,2.058603431193225e-06
Muon,500,4,all_contexts,all4,,,"0,1,2,3",4,five_selected_direction_coefficients,right_white,left0,-8.049871775512462e-07,3.8464712099966803e-08
Muon,500,4,all_contexts,all4,,,"0,1,2,3",4,five_selected_direction_coefficients,right_white,left1,5.019109796175368e-07,-1.902858764054538e-07
Muon,500,4,all_contexts,all4,,,"0,1,2,3",4,five_selected_direction_coefficients,right_white,right_raw,6.16046000506081e-06,6.240503469159274e-06
Muon,500,4,all_contexts,all4,,,"0,1,2,3",4,five_selected_direction_coefficients,right_white,right_white,1.724682776716783e-05,1.692626534439666e-05
Muon,500,8,context,context0,0,0,0,1,five_selected_direction_coefficients,actual,actual,2.9366991299480595e-05,3.286906007306545e-05
Muon,500,8,context,context0,0,0,0,1,five_selected_direction_coefficients,actual,left0,-2.4063919725468593e-07,2.700040989459753e-07
Muon,500,8,context,context0,0,0,0,1,five_selected_direction_coefficients,actual,left1,7.871872581154334e-07,2.829373905344864e-08
Muon,500,8,context,context0,0,0,0,1,five_selected_direction_coefficients,actual,right_raw,7.660139756581129e-07,5.878314067840994e-07
Muon,500,8,context,context0,0,0,0,1,five_selected_direction_coefficients,actual,right_white,-2.436480416617424e-06,-3.0321295450931834e-06
Muon,500,8,context,context0,0,0,0,1,five_selected_direction_coefficients,left0,actual,-2.406391972546889e-07,2.700040989459753e-07
Muon,500,8,context,context0,0,0,0,1,five_selected_direction_coefficients,left0,left0,5.259541704545598e-06,5.4179803382599655e-06
Muon,500,8,context,context0,0,0,0,1,five_selected_direction_coefficients,left0,left1,-3.2744479030336123e-07,-1.4731295870998897e-07
Muon,500,8,context,context0,0,0,0,1,five_selected_direction_coefficients,left0,right_raw,1.1512256022339691e-06,1.353690017422125e-07
Muon,500,8,context,context0,0,0,0,1,five_selected_direction_coefficients,left0,right_white,2.2330580965417685e-06,-2.891109906993095e-07
Muon,500,8,context,context0,0,0,0,1,five_selected_direction_coefficients,left1,actual,7.871872581154304e-07,2.829373905344864e-08
Muon,500,8,context,context0,0,0,0,1,five_selected_direction_coefficients,left1,left0,-3.2744479030335996e-07,-1.4731295870998897e-07
Muon,500,8,context,context0,0,0,0,1,five_selected_direction_coefficients,left1,left1,5.51418505741132e-06,5.287562460089624e-06
Muon,500,8,context,context0,0,0,0,1,five_selected_direction_coefficients,left1,right_raw,-3.6599943035678e-07,-1.169787656770625e-07
Muon,500,8,context,context0,0,0,0,1,five_selected_direction_coefficients,left1,right_white,-1.3377596860245218e-06,-4.564239895509116e-07
Muon,500,8,context,context0,0,0,0,1,five_selected_direction_coefficients,right_raw,actual,7.660139756581094e-07,5.878314067840994e-07
Muon,500,8,context,context0,0,0,0,1,five_selected_direction_coefficients,right_raw,left0,1.1512256022339708e-06,1.353690017422125e-07
Muon,500,8,context,context0,0,0,0,1,five_selected_direction_coefficients,right_raw,left1,-3.659994303567789e-07,-1.169787656770625e-07
Muon,500,8,context,context0,0,0,0,1,five_selected_direction_coefficients,right_raw,right_raw,7.182922358324597e-06,8.293288434937594e-06
Muon,500,8,context,context0,0,0,0,1,five_selected_direction_coefficients,right_raw,right_white,8.416331952619193e-06,8.701610803003245e-06
Muon,500,8,context,context0,0,0,0,1,five_selected_direction_coefficients,right_white,actual,-2.436480416617422e-06,-3.0321295450931834e-06
Muon,500,8,context,context0,0,0,0,1,five_selected_direction_coefficients,right_white,left0,2.233058096541769e-06,-2.891109906993095e-07
Muon,500,8,context,context0,0,0,0,1,five_selected_direction_coefficients,right_white,left1,-1.3377596860245206e-06,-4.564239895509116e-07
Muon,500,8,context,context0,0,0,0,1,five_selected_direction_coefficients,right_white,right_raw,8.416331952619196e-06,8.701610803003245e-06
Muon,500,8,context,context0,0,0,0,1,five_selected_direction_coefficients,right_white,right_white,3.0048179086814803e-05,3.0798624690584064e-05
Muon,500,8,context,context1,1,0,1,1,five_selected_direction_coefficients,actual,actual,2.8111637255503475e-05,3.063147584378083e-05
Muon,500,8,context,context1,1,0,1,1,five_selected_direction_coefficients,actual,left0,1.1592007164658087e-06,3.462581581827021e-07
Muon,500,8,context,context1,1,0,1,1,five_selected_direction_coefficients,actual,left1,-9.212460545407391e-08,6.629956321326431e-07
Muon,500,8,context,context1,1,0,1,1,five_selected_direction_coefficients,actual,right_raw,1.4584934767222376e-06,3.708108169688917e-07
Muon,500,8,context,context1,1,0,1,1,five_selected_direction_coefficients,actual,right_white,1.4345829415897124e-06,-9.160901925033909e-07
Muon,500,8,context,context1,1,0,1,1,five_selected_direction_coefficients,left0,actual,1.1592007164658043e-06,3.462581581827021e-07
Muon,500,8,context,context1,1,0,1,1,five_selected_direction_coefficients,left0,left0,3.158311918885792e-06,5.019159048379623e-06
Muon,500,8,context,context1,1,0,1,1,five_selected_direction_coefficients,left0,left1,-3.7069736097813836e-07,-1.6606610472285686e-07
Muon,500,8,context,context1,1,0,1,1,five_selected_direction_coefficients,left0,right_raw,-6.50732271953803e-07,-2.512031027727766e-08
Muon,500,8,context,context1,1,0,1,1,five_selected_direction_coefficients,left0,right_white,-1.1244876275134172e-07,1.721057068547916e-08
Muon,500,8,context,context1,1,0,1,1,five_selected_direction_coefficients,left1,actual,-9.212460545407603e-08,6.629956321326431e-07
Muon,500,8,context,context1,1,0,1,1,five_selected_direction_coefficients,left1,left0,-3.7069736097813714e-07,-1.6606610472285686e-07
Muon,500,8,context,context1,1,0,1,1,five_selected_direction_coefficients,left1,left1,7.941695286449425e-07,4.972976036048843e-06
Muon,500,8,context,context1,1,0,1,1,five_selected_direction_coefficients,left1,right_raw,-2.009229852800473e-07,1.2015062690135097e-07
Muon,500,8,context,context1,1,0,1,1,five_selected_direction_coefficients,left1,right_white,9.94496463282646e-08,6.798398666542288e-07
Muon,500,8,context,context1,1,0,1,1,five_selected_direction_coefficients,right_raw,actual,1.4584934767222397e-06,3.708108169688917e-07
Muon,500,8,context,context1,1,0,1,1,five_selected_direction_coefficients,right_raw,left0,-6.507322719538047e-07,-2.512031027727766e-08
Muon,500,8,context,context1,1,0,1,1,five_selected_direction_coefficients,right_raw,left1,-2.009229852800492e-07,1.2015062690135097e-07
Muon,500,8,context,context1,1,0,1,1,five_selected_direction_coefficients,right_raw,right_raw,4.831821764866669e-06,7.449301212979871e-06
Muon,500,8,context,context1,1,0,1,1,five_selected_direction_coefficients,right_raw,right_white,4.794562694499323e-06,7.2826859836481075e-06
Muon,500,8,context,context1,1,0,1,1,five_selected_direction_coefficients,right_white,actual,1.4345829415897158e-06,-9.160901925033909e-07
Muon,500,8,context,context1,1,0,1,1,five_selected_direction_coefficients,right_white,left0,-1.124487627513496e-07,1.721057068547916e-08
Muon,500,8,context,context1,1,0,1,1,five_selected_direction_coefficients,right_white,left1,9.944964632826534e-08,6.798398666542288e-07
Muon,500,8,context,context1,1,0,1,1,five_selected_direction_coefficients,right_white,right_raw,4.794562694499323e-06,7.2826859836481075e-06
Muon,500,8,context,context1,1,0,1,1,five_selected_direction_coefficients,right_white,right_white,2.321164724642456e-05,2.704389914288384e-05
Muon,500,8,context,context2,2,1,2,1,five_selected_direction_coefficients,actual,actual,2.365615471235124e-05,2.6562126963731155e-05
Muon,500,8,context,context2,2,1,2,1,five_selected_direction_coefficients,actual,left0,-1.9325270853982275e-06,-2.3521299001964496e-07
Muon,500,8,context,context2,2,1,2,1,five_selected_direction_coefficients,actual,left1,1.226434325574363e-06,1.33307642930415e-07
Muon,500,8,context,context2,2,1,2,1,five_selected_direction_coefficients,actual,right_raw,7.047873379524836e-07,-1.1614395924572756e-07
Muon,500,8,context,context2,2,1,2,1,five_selected_direction_coefficients,actual,right_white,-2.1069424781743243e-06,-2.736842785869206e-06
Muon,500,8,context,context2,2,1,2,1,five_selected_direction_coefficients,left0,actual,-1.9325270853982287e-06,-2.3521299001964496e-07
Muon,500,8,context,context2,2,1,2,1,five_selected_direction_coefficients,left0,left0,4.011502766315306e-06,4.69776179290951e-06
Muon,500,8,context,context2,2,1,2,1,five_selected_direction_coefficients,left0,left1,1.9438328617865474e-07,1.1611646963572523e-07
Muon,500,8,context,context2,2,1,2,1,five_selected_direction_coefficients,left0,right_raw,-2.504517996029426e-08,-2.721931857591946e-07
Muon,500,8,context,context2,2,1,2,1,five_selected_direction_coefficients,left0,right_white,-1.2903130449985606e-07,-1.1448075202530466e-06
Muon,500,8,context,context2,2,1,2,1,five_selected_direction_coefficients,left1,actual,1.2264343255743634e-06,1.33307642930415e-07
Muon,500,8,context,context2,2,1,2,1,five_selected_direction_coefficients,left1,left0,1.9438328617865598e-07,1.1611646963572523e-07
Muon,500,8,context,context2,2,1,2,1,five_selected_direction_coefficients,left1,left1,4.454801461754398e-06,5.042697691528835e-06
Muon,500,8,context,context2,2,1,2,1,five_selected_direction_coefficients,left1,right_raw,-5.923378306990705e-07,5.3145176178748165e-08
Muon,500,8,context,context2,2,1,2,1,five_selected_direction_coefficients,left1,right_white,-4.156160273727119e-07,-4.2142913856159473e-07
Muon,500,8,context,context2,2,1,2,1,five_selected_direction_coefficients,right_raw,actual,7.04787337952482e-07,-1.1614395924572756e-07
Muon,500,8,context,context2,2,1,2,1,five_selected_direction_coefficients,right_raw,left0,-2.504517996029344e-08,-2.721931857591946e-07
Muon,500,8,context,context2,2,1,2,1,five_selected_direction_coefficients,right_raw,left1,-5.923378306990716e-07,5.3145176178748165e-08
Muon,500,8,context,context2,2,1,2,1,five_selected_direction_coefficients,right_raw,right_raw,6.3519069651293105e-06,7.445144009115273e-06
Muon,500,8,context,context2,2,1,2,1,five_selected_direction_coefficients,right_raw,right_white,6.624909559539838e-06,7.653451732248388e-06
Muon,500,8,context,context2,2,1,2,1,five_selected_direction_coefficients,right_white,actual,-2.1069424781743315e-06,-2.736842785869206e-06
Muon,500,8,context,context2,2,1,2,1,five_selected_direction_coefficients,right_white,left0,-1.2903130449985458e-07,-1.1448075202530466e-06
Muon,500,8,context,context2,2,1,2,1,five_selected_direction_coefficients,right_white,left1,-4.1561602737271133e-07,-4.2142913856159473e-07
Muon,500,8,context,context2,2,1,2,1,five_selected_direction_coefficients,right_white,right_raw,6.624909559539829e-06,7.653451732248388e-06
Muon,500,8,context,context2,2,1,2,1,five_selected_direction_coefficients,right_white,right_white,2.3906804512032888e-05,2.545547205670648e-05
Muon,500,8,context,context3,3,1,3,1,five_selected_direction_coefficients,actual,actual,2.5610738257503307e-05,2.0093686636366694e-05
Muon,500,8,context,context3,3,1,3,1,five_selected_direction_coefficients,actual,left0,-3.1989051961121343e-07,-3.864237046468545e-07
Muon,500,8,context,context3,3,1,3,1,five_selected_direction_coefficients,actual,left1,5.565739440346334e-07,1.9139350760710452e-07
Muon,500,8,context,context3,3,1,3,1,five_selected_direction_coefficients,actual,right_raw,-3.815924517636395e-07,-3.7690795745482345e-07
Muon,500,8,context,context3,3,1,3,1,five_selected_direction_coefficients,actual,right_white,-4.7995750713233e-07,-1.6526571194513115e-06
Muon,500,8,context,context3,3,1,3,1,five_selected_direction_coefficients,left0,actual,-3.1989051961121264e-07,-3.864237046468545e-07
Muon,500,8,context,context3,3,1,3,1,five_selected_direction_coefficients,left0,left0,9.332799603541011e-06,4.191679766184432e-06
Muon,500,8,context,context3,3,1,3,1,five_selected_direction_coefficients,left0,left1,1.0933140469194213e-06,1.5524533162449568e-07
Muon,500,8,context,context3,3,1,3,1,five_selected_direction_coefficients,left0,right_raw,6.166742933265908e-07,2.0463585019012108e-08
Muon,500,8,context,context3,3,1,3,1,five_selected_direction_coefficients,left0,right_white,1.3079730773242714e-06,-3.2679591349434e-07
Muon,500,8,context,context3,3,1,3,1,five_selected_direction_coefficients,left1,actual,5.565739440346352e-07,1.9139350760710452e-07
Muon,500,8,context,context3,3,1,3,1,five_selected_direction_coefficients,left1,left0,1.0933140469194218e-06,1.5524533162449568e-07
Muon,500,8,context,context3,3,1,3,1,five_selected_direction_coefficients,left1,left1,9.640336947042608e-06,4.184844883315418e-06
Muon,500,8,context,context3,3,1,3,1,five_selected_direction_coefficients,left1,right_raw,4.74631974714425e-07,1.7446356047796143e-07
Muon,500,8,context,context3,3,1,3,1,five_selected_direction_coefficients,left1,right_white,1.69718429235673e-06,-3.6884139186586654e-07
Muon,500,8,context,context3,3,1,3,1,five_selected_direction_coefficients,right_raw,actual,-3.8159245176364045e-07,-3.7690795745482345e-07
Muon,500,8,context,context3,3,1,3,1,five_selected_direction_coefficients,right_raw,left0,6.166742933265919e-07,2.0463585019012108e-08
Muon,500,8,context,context3,3,1,3,1,five_selected_direction_coefficients,right_raw,left1,4.7463197471442334e-07,1.7446356047796143e-07
Muon,500,8,context,context3,3,1,3,1,five_selected_direction_coefficients,right_raw,right_raw,1.0131154745003976e-05,6.694531529476331e-06
Muon,500,8,context,context3,3,1,3,1,five_selected_direction_coefficients,right_raw,right_white,8.63829049142197e-06,5.41180458095079e-06
Muon,500,8,context,context3,3,1,3,1,five_selected_direction_coefficients,right_white,actual,-4.799575071323342e-07,-1.6526571194513115e-06
Muon,500,8,context,context3,3,1,3,1,five_selected_direction_coefficients,right_white,left0,1.307973077324268e-06,-3.2679591349434e-07
Muon,500,8,context,context3,3,1,3,1,five_selected_direction_coefficients,right_white,left1,1.6971842923567303e-06,-3.6884139186586654e-07
Muon,500,8,context,context3,3,1,3,1,five_selected_direction_coefficients,right_white,right_raw,8.638290491421968e-06,5.41180458095079e-06
Muon,500,8,context,context3,3,1,3,1,five_selected_direction_coefficients,right_white,right_white,2.225377769534203e-05,1.5432744114080877e-05
Muon,500,8,bank,bank0,,0,"0,1",2,five_selected_direction_coefficients,actual,actual,2.8739314277492035e-05,3.1750267958423136e-05
Muon,500,8,bank,bank0,,0,"0,1",2,five_selected_direction_coefficients,actual,left0,4.592807596055614e-07,3.0813112856433825e-07
Muon,500,8,bank,bank0,,0,"0,1",2,five_selected_direction_coefficients,actual,left1,3.4753132633067974e-07,3.456446855930459e-07
Muon,500,8,bank,bank0,,0,"0,1",2,five_selected_direction_coefficients,actual,right_raw,1.1122537261901752e-06,4.793211118764962e-07
Muon,500,8,bank,bank0,,0,"0,1",2,five_selected_direction_coefficients,actual,right_white,-5.009487375138557e-07,-1.9741098687982926e-06
Muon,500,8,bank,bank0,,0,"0,1",2,five_selected_direction_coefficients,left0,actual,4.592807596055577e-07,3.0813112856433825e-07
Muon,500,8,bank,bank0,,0,"0,1",2,five_selected_direction_coefficients,left0,left0,4.208926811715695e-06,5.218569693319795e-06
Muon,500,8,bank,bank0,,0,"0,1",2,five_selected_direction_coefficients,left0,left1,-3.490710756407498e-07,-1.5668953171642296e-07
Muon,500,8,bank,bank0,,0,"0,1",2,five_selected_direction_coefficients,left0,right_raw,2.502466651400831e-07,5.512434573246738e-08
Muon,500,8,bank,bank0,,0,"0,1",2,five_selected_direction_coefficients,left0,right_white,1.0603046668952135e-06,-1.3595021000691533e-07
Muon,500,8,bank,bank0,,0,"0,1",2,five_selected_direction_coefficients,left1,actual,3.475313263306772e-07,3.456446855930459e-07
Muon,500,8,bank,bank0,,0,"0,1",2,five_selected_direction_coefficients,left1,left0,-3.490710756407485e-07,-1.5668953171642296e-07
Muon,500,8,bank,bank0,,0,"0,1",2,five_selected_direction_coefficients,left1,left1,3.154177293028131e-06,5.130269248069227e-06
Muon,500,8,bank,bank0,,0,"0,1",2,five_selected_direction_coefficients,left1,right_raw,-2.834612078184136e-07,1.5859306121443253e-09
Muon,500,8,bank,bank0,,0,"0,1",2,five_selected_direction_coefficients,left1,right_white,-6.191550198481286e-07,1.1170793855165843e-07
Muon,500,8,bank,bank0,,0,"0,1",2,five_selected_direction_coefficients,right_raw,actual,1.1122537261901746e-06,4.793211118764962e-07
Muon,500,8,bank,bank0,,0,"0,1",2,five_selected_direction_coefficients,right_raw,left0,2.502466651400831e-07,5.512434573246738e-08
Muon,500,8,bank,bank0,,0,"0,1",2,five_selected_direction_coefficients,right_raw,left1,-2.8346120781841404e-07,1.5859306121443253e-09
Muon,500,8,bank,bank0,,0,"0,1",2,five_selected_direction_coefficients,right_raw,right_raw,6.007372061595632e-06,7.871294823958735e-06
Muon,500,8,bank,bank0,,0,"0,1",2,five_selected_direction_coefficients,right_raw,right_white,6.605447323559258e-06,7.992148393325669e-06
Muon,500,8,bank,bank0,,0,"0,1",2,five_selected_direction_coefficients,right_white,actual,-5.009487375138532e-07,-1.9741098687982926e-06
Muon,500,8,bank,bank0,,0,"0,1",2,five_selected_direction_coefficients,right_white,left0,1.0603046668952097e-06,-1.3595021000691533e-07
Muon,500,8,bank,bank0,,0,"0,1",2,five_selected_direction_coefficients,right_white,left1,-6.191550198481277e-07,1.1170793855165843e-07
Muon,500,8,bank,bank0,,0,"0,1",2,five_selected_direction_coefficients,right_white,right_raw,6.6054473235592596e-06,7.992148393325669e-06
Muon,500,8,bank,bank0,,0,"0,1",2,five_selected_direction_coefficients,right_white,right_white,2.662991316661968e-05,2.892126191673395e-05
Muon,500,8,bank,bank1,,1,"2,3",2,five_selected_direction_coefficients,actual,actual,2.4633446484927273e-05,2.332790680004893e-05
Muon,500,8,bank,bank1,,1,"2,3",2,five_selected_direction_coefficients,actual,left0,-1.1262088025047205e-06,-3.1081834733325e-07
Muon,500,8,bank,bank1,,1,"2,3",2,five_selected_direction_coefficients,actual,left1,8.915041348044982e-07,1.6235057526875978e-07
Muon,500,8,bank,bank1,,1,"2,3",2,five_selected_direction_coefficients,actual,right_raw,1.6159744309442205e-07,-2.4652595835027526e-07
Muon,500,8,bank,bank1,,1,"2,3",2,five_selected_direction_coefficients,actual,right_white,-1.2934499926533272e-06,-2.194749952660257e-06
Muon,500,8,bank,bank1,,1,"2,3",2,five_selected_direction_coefficients,left0,actual,-1.1262088025047207e-06,-3.1081834733325e-07
Muon,500,8,bank,bank1,,1,"2,3",2,five_selected_direction_coefficients,left0,left0,6.672151184928159e-06,4.444720779546975e-06
Muon,500,8,bank,bank1,,1,"2,3",2,five_selected_direction_coefficients,left0,left1,6.438486665490381e-07,1.3568090063011058e-07
Muon,500,8,bank,bank1,,1,"2,3",2,five_selected_direction_coefficients,left0,right_raw,2.958145566831483e-07,-1.258648003700913e-07
Muon,500,8,bank,bank1,,1,"2,3",2,five_selected_direction_coefficients,left0,right_white,5.894708864122076e-07,-7.358017168736938e-07
Muon,500,8,bank,bank1,,1,"2,3",2,five_selected_direction_coefficients,left1,actual,8.915041348044993e-07,1.6235057526875978e-07
Muon,500,8,bank,bank1,,1,"2,3",2,five_selected_direction_coefficients,left1,left0,6.438486665490388e-07,1.3568090063011058e-07
Muon,500,8,bank,bank1,,1,"2,3",2,five_selected_direction_coefficients,left1,left1,7.047569204398503e-06,4.6137712874221344e-06
Muon,500,8,bank,bank1,,1,"2,3",2,five_selected_direction_coefficients,left1,right_raw,-5.8852927992322766e-08,1.1380436832835481e-07
Muon,500,8,bank,bank1,,1,"2,3",2,five_selected_direction_coefficients,left1,right_white,6.40784132492009e-07,-3.95135265213731e-07
Muon,500,8,bank,bank1,,1,"2,3",2,five_selected_direction_coefficients,right_raw,actual,1.6159744309442078e-07,-2.4652595835027526e-07
Muon,500,8,bank,bank1,,1,"2,3",2,five_selected_direction_coefficients,right_raw,left0,2.958145566831492e-07,-1.258648003700913e-07
Muon,500,8,bank,bank1,,1,"2,3",2,five_selected_direction_coefficients,right_raw,left1,-5.8852927992324116e-08,1.1380436832835481e-07
Muon,500,8,bank,bank1,,1,"2,3",2,five_selected_direction_coefficients,right_raw,right_raw,8.241530855066642e-06,7.0698377692958065e-06
Muon,500,8,bank,bank1,,1,"2,3",2,five_selected_direction_coefficients,right_raw,right_white,7.631600025480904e-06,6.532628156599592e-06
Muon,500,8,bank,bank1,,1,"2,3",2,five_selected_direction_coefficients,right_white,actual,-1.2934499926533329e-06,-2.194749952660257e-06
Muon,500,8,bank,bank1,,1,"2,3",2,five_selected_direction_coefficients,right_white,left0,5.894708864122068e-07,-7.358017168736938e-07
Muon,500,8,bank,bank1,,1,"2,3",2,five_selected_direction_coefficients,right_white,left1,6.407841324920095e-07,-3.95135265213731e-07
Muon,500,8,bank,bank1,,1,"2,3",2,five_selected_direction_coefficients,right_white,right_raw,7.631600025480899e-06,6.532628156599592e-06
Muon,500,8,bank,bank1,,1,"2,3",2,five_selected_direction_coefficients,right_white,right_white,2.3080291103687457e-05,2.0444108085393662e-05
Muon,500,8,all_contexts,all4,,,"0,1,2,3",4,five_selected_direction_coefficients,actual,actual,2.6686380381209652e-05,2.7539087379236044e-05
Muon,500,8,all_contexts,all4,,,"0,1,2,3",4,five_selected_direction_coefficients,actual,left0,-3.334640214495795e-07,-1.3436093844557504e-09
Muon,500,8,all_contexts,all4,,,"0,1,2,3",4,five_selected_direction_coefficients,actual,left1,6.195177305675889e-07,2.53997630430903e-07
Muon,500,8,all_contexts,all4,,,"0,1,2,3",4,five_selected_direction_coefficients,actual,right_raw,6.369255846422986e-07,1.1639757676311036e-07
Muon,500,8,all_contexts,all4,,,"0,1,2,3",4,five_selected_direction_coefficients,actual,right_white,-8.971993650835914e-07,-2.084429910729279e-06
Muon,500,8,all_contexts,all4,,,"0,1,2,3",4,five_selected_direction_coefficients,left0,actual,-3.334640214495815e-07,-1.3436093844557504e-09
Muon,500,8,all_contexts,all4,,,"0,1,2,3",4,five_selected_direction_coefficients,left0,left0,5.440538998321927e-06,4.831645236433379e-06
Muon,500,8,all_contexts,all4,,,"0,1,2,3",4,five_selected_direction_coefficients,left0,left1,1.4738879545414412e-07,-1.0504315543156333e-08
Muon,500,8,all_contexts,all4,,,"0,1,2,3",4,five_selected_direction_coefficients,left0,right_raw,2.7303061091161566e-07,-3.537022731881202e-08
Muon,500,8,all_contexts,all4,,,"0,1,2,3",4,five_selected_direction_coefficients,left0,right_white,8.248877766537105e-07,-4.3587596344030454e-07
Muon,500,8,all_contexts,all4,,,"0,1,2,3",4,five_selected_direction_coefficients,left1,actual,6.195177305675882e-07,2.53997630430903e-07
Muon,500,8,all_contexts,all4,,,"0,1,2,3",4,five_selected_direction_coefficients,left1,left0,1.4738879545414518e-07,-1.0504315543156333e-08
Muon,500,8,all_contexts,all4,,,"0,1,2,3",4,five_selected_direction_coefficients,left1,left1,5.100873248713317e-06,4.872020267745677e-06
Muon,500,8,all_contexts,all4,,,"0,1,2,3",4,five_selected_direction_coefficients,left1,right_raw,-1.711570679053682e-07,5.769514947024958e-08
Muon,500,8,all_contexts,all4,,,"0,1,2,3",4,five_selected_direction_coefficients,left1,right_white,1.0814556321940215e-08,-1.4171366333103635e-07
Muon,500,8,all_contexts,all4,,,"0,1,2,3",4,five_selected_direction_coefficients,right_raw,actual,6.369255846422976e-07,1.1639757676311036e-07
Muon,500,8,all_contexts,all4,,,"0,1,2,3",4,five_selected_direction_coefficients,right_raw,left0,2.7303061091161613e-07,-3.537022731881202e-08
Muon,500,8,all_contexts,all4,,,"0,1,2,3",4,five_selected_direction_coefficients,right_raw,left1,-1.7115706790536907e-07,5.769514947024958e-08
Muon,500,8,all_contexts,all4,,,"0,1,2,3",4,five_selected_direction_coefficients,right_raw,right_raw,7.124451458331137e-06,7.470566296627256e-06
Muon,500,8,all_contexts,all4,,,"0,1,2,3",4,five_selected_direction_coefficients,right_raw,right_white,7.118523674520081e-06,7.262388274962627e-06
Muon,500,8,all_contexts,all4,,,"0,1,2,3",4,five_selected_direction_coefficients,right_white,actual,-8.97199365083593e-07,-2.084429910729279e-06
Muon,500,8,all_contexts,all4,,,"0,1,2,3",4,five_selected_direction_coefficients,right_white,left0,8.248877766537082e-07,-4.3587596344030454e-07
Muon,500,8,all_contexts,all4,,,"0,1,2,3",4,five_selected_direction_coefficients,right_white,left1,1.0814556321940903e-08,-1.4171366333103635e-07
Muon,500,8,all_contexts,all4,,,"0,1,2,3",4,five_selected_direction_coefficients,right_white,right_raw,7.118523674520079e-06,7.262388274962627e-06
Muon,500,8,all_contexts,all4,,,"0,1,2,3",4,five_selected_direction_coefficients,right_white,right_white,2.485510213515357e-05,2.4682685001063798e-05
Muon,1300,1,context,context0,0,0,0,1,five_selected_direction_coefficients,actual,actual,0.0001560492634164884,0.00021020162372539534
Muon,1300,1,context,context0,0,0,0,1,five_selected_direction_coefficients,actual,left0,-8.076340145927448e-06,-1.1288741714976322e-06
Muon,1300,1,context,context0,0,0,0,1,five_selected_direction_coefficients,actual,left1,1.3559034454965514e-05,4.836662472824115e-06
Muon,1300,1,context,context0,0,0,0,1,five_selected_direction_coefficients,actual,right_raw,-7.868080484528628e-07,-4.524998172483379e-06
Muon,1300,1,context,context0,0,0,0,1,five_selected_direction_coefficients,actual,right_white,-1.1364465414860023e-05,-7.443533606623995e-06
Muon,1300,1,context,context0,0,0,0,1,five_selected_direction_coefficients,left0,actual,-8.076340145927495e-06,-1.1288741714976322e-06
Muon,1300,1,context,context0,0,0,0,1,five_selected_direction_coefficients,left0,left0,1.939329082979327e-05,3.713508547685441e-05
Muon,1300,1,context,context0,0,0,0,1,five_selected_direction_coefficients,left0,left1,1.974232874841363e-06,1.2875422476894547e-06
Muon,1300,1,context,context0,0,0,0,1,five_selected_direction_coefficients,left0,right_raw,1.4016759685455791e-07,1.446657729639374e-06
Muon,1300,1,context,context0,0,0,0,1,five_selected_direction_coefficients,left0,right_white,5.950231419486721e-06,2.591068748769072e-06
Muon,1300,1,context,context0,0,0,0,1,five_selected_direction_coefficients,left1,actual,1.3559034454965533e-05,4.836662472824115e-06
Muon,1300,1,context,context0,0,0,0,1,five_selected_direction_coefficients,left1,left0,1.97423287484136e-06,1.2875422476894547e-06
Muon,1300,1,context,context0,0,0,0,1,five_selected_direction_coefficients,left1,left1,2.14819988584376e-05,3.7623608606668767e-05
Muon,1300,1,context,context0,0,0,0,1,five_selected_direction_coefficients,left1,right_raw,-4.976226199847967e-06,-2.8609648801136594e-06
Muon,1300,1,context,context0,0,0,0,1,five_selected_direction_coefficients,left1,right_white,1.1075316584086428e-06,-2.4358286650271515e-07
Muon,1300,1,context,context0,0,0,0,1,five_selected_direction_coefficients,right_raw,actual,-7.868080484529524e-07,-4.524998172483379e-06
Muon,1300,1,context,context0,0,0,0,1,five_selected_direction_coefficients,right_raw,left0,1.4016759685457125e-07,1.446657729639374e-06
Muon,1300,1,context,context0,0,0,0,1,five_selected_direction_coefficients,right_raw,left1,-4.976226199847948e-06,-2.8609648801136594e-06
Muon,1300,1,context,context0,0,0,0,1,five_selected_direction_coefficients,right_raw,right_raw,5.3428214560336055e-05,7.412195593572639e-05
Muon,1300,1,context,context0,0,0,0,1,five_selected_direction_coefficients,right_raw,right_white,1.8978290294407883e-05,2.6056534644312545e-05
Muon,1300,1,context,context0,0,0,0,1,five_selected_direction_coefficients,right_white,actual,-1.1364465414860038e-05,-7.443533606623995e-06
Muon,1300,1,context,context0,0,0,0,1,five_selected_direction_coefficients,right_white,left0,5.950231419486707e-06,2.591068748769072e-06
Muon,1300,1,context,context0,0,0,0,1,five_selected_direction_coefficients,right_white,left1,1.1075316584086577e-06,-2.4358286650271515e-07
Muon,1300,1,context,context0,0,0,0,1,five_selected_direction_coefficients,right_white,right_raw,1.8978290294407907e-05,2.6056534644312545e-05
Muon,1300,1,context,context0,0,0,0,1,five_selected_direction_coefficients,right_white,right_white,0.00012988122053899937,0.00017308843590903243
Muon,1300,1,context,context1,1,0,1,1,five_selected_direction_coefficients,actual,actual,0.00016881052313230877,0.00017018124549661814
Muon,1300,1,context,context1,1,0,1,1,five_selected_direction_coefficients,actual,left0,4.574253361236378e-06,-5.498181272135236e-07
Muon,1300,1,context,context1,1,0,1,1,five_selected_direction_coefficients,actual,left1,-5.688903800038413e-07,2.406534895455641e-06
Muon,1300,1,context,context1,1,0,1,1,five_selected_direction_coefficients,actual,right_raw,2.289029683827518e-06,-8.442257139298089e-07
Muon,1300,1,context,context1,1,0,1,1,five_selected_direction_coefficients,actual,right_white,-7.692879542274277e-06,9.034847077276763e-07
Muon,1300,1,context,context1,1,0,1,1,five_selected_direction_coefficients,left0,actual,4.57425336123636e-06,-5.498181272135236e-07
Muon,1300,1,context,context1,1,0,1,1,five_selected_direction_coefficients,left0,left0,3.138197269531483e-05,3.2244158905129504e-05
Muon,1300,1,context,context1,1,0,1,1,five_selected_direction_coefficients,left0,left1,5.021667037759027e-06,1.0397090269142722e-06
Muon,1300,1,context,context1,1,0,1,1,five_selected_direction_coefficients,left0,right_raw,-5.536365448672955e-06,-3.09151809543329e-07
Muon,1300,1,context,context1,1,0,1,1,five_selected_direction_coefficients,left0,right_white,-1.0479341404366243e-05,1.0534288756145423e-07
Muon,1300,1,context,context1,1,0,1,1,five_selected_direction_coefficients,left1,actual,-5.688903800038726e-07,2.406534895455641e-06
Muon,1300,1,context,context1,1,0,1,1,five_selected_direction_coefficients,left1,left0,5.021667037759043e-06,1.0397090269142722e-06
Muon,1300,1,context,context1,1,0,1,1,five_selected_direction_coefficients,left1,left1,2.65546435267007e-05,2.8543341421959417e-05
Muon,1300,1,context,context1,1,0,1,1,five_selected_direction_coefficients,left1,right_raw,1.4845681769732293e-06,-2.099696837849158e-06
Muon,1300,1,context,context1,1,0,1,1,five_selected_direction_coefficients,left1,right_white,7.910341079217007e-07,-2.0008459649045607e-06
Muon,1300,1,context,context1,1,0,1,1,five_selected_direction_coefficients,right_raw,actual,2.289029683827471e-06,-8.442257139298089e-07
Muon,1300,1,context,context1,1,0,1,1,five_selected_direction_coefficients,right_raw,left0,-5.536365448672963e-06,-3.09151809543329e-07
Muon,1300,1,context,context1,1,0,1,1,five_selected_direction_coefficients,right_raw,left1,1.4845681769732467e-06,-2.099696837849158e-06
Muon,1300,1,context,context1,1,0,1,1,five_selected_direction_coefficients,right_raw,right_raw,6.128501590941195e-05,6.0839861949250966e-05
Muon,1300,1,context,context1,1,0,1,1,five_selected_direction_coefficients,right_raw,right_white,1.2989655187439364e-05,1.5801413975869203e-05
Muon,1300,1,context,context1,1,0,1,1,five_selected_direction_coefficients,right_white,actual,-7.69287954227423e-06,9.034847077276763e-07
Muon,1300,1,context,context1,1,0,1,1,five_selected_direction_coefficients,right_white,left0,-1.0479341404366267e-05,1.0534288756145423e-07
Muon,1300,1,context,context1,1,0,1,1,five_selected_direction_coefficients,right_white,left1,7.910341079216804e-07,-2.0008459649045607e-06
Muon,1300,1,context,context1,1,0,1,1,five_selected_direction_coefficients,right_white,right_raw,1.2989655187439281e-05,1.5801413975869203e-05
Muon,1300,1,context,context1,1,0,1,1,five_selected_direction_coefficients,right_white,right_white,8.820825419232083e-05,0.00011064024210508977
Muon,1300,1,context,context2,2,1,2,1,five_selected_direction_coefficients,actual,actual,0.00015560360166709587,0.0001604122178272404
Muon,1300,1,context,context2,2,1,2,1,five_selected_direction_coefficients,actual,left0,3.050575745016058e-06,4.940875467834852e-07
Muon,1300,1,context,context2,2,1,2,1,five_selected_direction_coefficients,actual,left1,2.566532316723358e-06,2.6081571335081724e-06
Muon,1300,1,context,context2,2,1,2,1,five_selected_direction_coefficients,actual,right_raw,-7.966593044613862e-06,-7.232682352521978e-06
Muon,1300,1,context,context2,2,1,2,1,five_selected_direction_coefficients,actual,right_white,-2.0239060575399765e-05,-2.142206387332845e-05
Muon,1300,1,context,context2,2,1,2,1,five_selected_direction_coefficients,left0,actual,3.050575745016057e-06,4.940875467834852e-07
Muon,1300,1,context,context2,2,1,2,1,five_selected_direction_coefficients,left0,left0,3.2818364039722124e-05,3.090773260792415e-05
Muon,1300,1,context,context2,2,1,2,1,five_selected_direction_coefficients,left0,left1,-2.340042405171784e-06,3.3986098118770576e-09
Muon,1300,1,context,context2,2,1,2,1,five_selected_direction_coefficients,left0,right_raw,-2.383099923053422e-06,2.414001951205942e-07
Muon,1300,1,context,context2,2,1,2,1,five_selected_direction_coefficients,left0,right_white,-7.1369107492255904e-06,-1.7354273476182353e-06
Muon,1300,1,context,context2,2,1,2,1,five_selected_direction_coefficients,left1,actual,2.5665323167233575e-06,2.6081571335081724e-06
Muon,1300,1,context,context2,2,1,2,1,five_selected_direction_coefficients,left1,left0,-2.3400424051717944e-06,3.3986098118770576e-09
Muon,1300,1,context,context2,2,1,2,1,five_selected_direction_coefficients,left1,left1,3.371108020907564e-05,3.365631883068703e-05
Muon,1300,1,context,context2,2,1,2,1,five_selected_direction_coefficients,left1,right_raw,-5.185932927278485e-06,-1.8899564601748034e-06
Muon,1300,1,context,context2,2,1,2,1,five_selected_direction_coefficients,left1,right_white,-4.807465206130603e-07,-8.648276570022408e-07
Muon,1300,1,context,context2,2,1,2,1,five_selected_direction_coefficients,right_raw,actual,-7.966593044613793e-06,-7.232682352521978e-06
Muon,1300,1,context,context2,2,1,2,1,five_selected_direction_coefficients,right_raw,left0,-2.383099923053406e-06,2.414001951205942e-07
Muon,1300,1,context,context2,2,1,2,1,five_selected_direction_coefficients,right_raw,left1,-5.1859329272785005e-06,-1.8899564601748034e-06
Muon,1300,1,context,context2,2,1,2,1,five_selected_direction_coefficients,right_raw,right_raw,6.013259958547513e-05,6.1359805701349e-05
Muon,1300,1,context,context2,2,1,2,1,five_selected_direction_coefficients,right_raw,right_white,2.6409218600301076e-05,2.3601920460568625e-05
Muon,1300,1,context,context2,2,1,2,1,five_selected_direction_coefficients,right_white,actual,-2.0239060575399796e-05,-2.142206387332845e-05
Muon,1300,1,context,context2,2,1,2,1,five_selected_direction_coefficients,right_white,left0,-7.136910749225616e-06,-1.7354273476182353e-06
Muon,1300,1,context,context2,2,1,2,1,five_selected_direction_coefficients,right_white,left1,-4.807465206130484e-07,-8.648276570022408e-07
Muon,1300,1,context,context2,2,1,2,1,five_selected_direction_coefficients,right_white,right_raw,2.6409218600301086e-05,2.3601920460568625e-05
Muon,1300,1,context,context2,2,1,2,1,five_selected_direction_coefficients,right_white,right_white,0.0001189381892065015,0.00011959807689390768
Muon,1300,1,context,context3,3,1,3,1,five_selected_direction_coefficients,actual,actual,0.00014775514003700064,0.00015686352812527206
Muon,1300,1,context,context3,3,1,3,1,five_selected_direction_coefficients,actual,left0,7.0149411937035364e-06,3.38421786644011e-06
Muon,1300,1,context,context3,3,1,3,1,five_selected_direction_coefficients,actual,left1,6.074951768085313e-06,1.0306563410531124e-06
Muon,1300,1,context,context3,3,1,3,1,five_selected_direction_coefficients,actual,right_raw,-6.615561733557711e-06,-1.319927706036663e-05
Muon,1300,1,context,context3,3,1,3,1,five_selected_direction_coefficients,actual,right_white,-2.001435637590096e-05,-2.846890487847663e-05
Muon,1300,1,context,context3,3,1,3,1,five_selected_direction_coefficients,left0,actual,7.014941193703523e-06,3.38421786644011e-06
Muon,1300,1,context,context3,3,1,3,1,five_selected_direction_coefficients,left0,left0,4.4686035603772215e-05,3.0256021752699962e-05
Muon,1300,1,context,context3,3,1,3,1,five_selected_direction_coefficients,left0,left1,-7.268019814079055e-08,6.303643791260674e-08
Muon,1300,1,context,context3,3,1,3,1,five_selected_direction_coefficients,left0,right_raw,5.51352868848825e-06,2.4657897667617292e-06
Muon,1300,1,context,context3,3,1,3,1,five_selected_direction_coefficients,left0,right_white,2.10017648060176e-06,2.496556139603189e-06
Muon,1300,1,context,context3,3,1,3,1,five_selected_direction_coefficients,left1,actual,6.0749517680852986e-06,1.0306563410531124e-06
Muon,1300,1,context,context3,3,1,3,1,five_selected_direction_coefficients,left1,left0,-7.268019814078007e-08,6.303643791260674e-08
Muon,1300,1,context,context3,3,1,3,1,five_selected_direction_coefficients,left1,left1,4.441391270337739e-05,2.7592483228936e-05
Muon,1300,1,context,context3,3,1,3,1,five_selected_direction_coefficients,left1,right_raw,-1.93279055415485e-06,-3.002035081192307e-06
Muon,1300,1,context,context3,3,1,3,1,five_selected_direction_coefficients,left1,right_white,5.4040404079230414e-06,3.831110189729638e-06
Muon,1300,1,context,context3,3,1,3,1,five_selected_direction_coefficients,right_raw,actual,-6.6155617335577236e-06,-1.319927706036663e-05
Muon,1300,1,context,context3,3,1,3,1,five_selected_direction_coefficients,right_raw,left0,5.513528688488257e-06,2.4657897667617292e-06
Muon,1300,1,context,context3,3,1,3,1,five_selected_direction_coefficients,right_raw,left1,-1.9327905541548696e-06,-3.002035081192307e-06
Muon,1300,1,context,context3,3,1,3,1,five_selected_direction_coefficients,right_raw,right_raw,6.465815850239548e-05,5.825026793679887e-05
Muon,1300,1,context,context3,3,1,3,1,five_selected_direction_coefficients,right_raw,right_white,2.6553630174261276e-05,2.3380880778590033e-05
Muon,1300,1,context,context3,3,1,3,1,five_selected_direction_coefficients,right_white,actual,-2.0014356375900983e-05,-2.846890487847663e-05
Muon,1300,1,context,context3,3,1,3,1,five_selected_direction_coefficients,right_white,left0,2.1001764806017865e-06,2.496556139603189e-06
Muon,1300,1,context,context3,3,1,3,1,five_selected_direction_coefficients,right_white,left1,5.404040407923058e-06,3.831110189729638e-06
Muon,1300,1,context,context3,3,1,3,1,five_selected_direction_coefficients,right_white,right_raw,2.655363017426128e-05,2.3380880778590033e-05
Muon,1300,1,context,context3,3,1,3,1,five_selected_direction_coefficients,right_white,right_white,0.0001343819786945181,0.00012903598135068865
Muon,1300,1,bank,bank0,,0,"0,1",2,five_selected_direction_coefficients,actual,actual,0.00016242989327439858,0.00019019143461100683
Muon,1300,1,bank,bank0,,0,"0,1",2,five_selected_direction_coefficients,actual,left0,-1.751043392345535e-06,-8.393461493555749e-07
Muon,1300,1,bank,bank0,,0,"0,1",2,five_selected_direction_coefficients,actual,left1,6.495072037480837e-06,3.6215986841398787e-06
Muon,1300,1,bank,bank0,,0,"0,1",2,five_selected_direction_coefficients,actual,right_raw,7.511108176873276e-07,-2.6846119432065963e-06
Muon,1300,1,bank,bank0,,0,"0,1",2,five_selected_direction_coefficients,actual,right_white,-9.52867247856715e-06,-3.2700244494481576e-06
Muon,1300,1,bank,bank0,,0,"0,1",2,five_selected_direction_coefficients,left0,actual,-1.7510433923455675e-06,-8.393461493555749e-07
Muon,1300,1,bank,bank0,,0,"0,1",2,five_selected_direction_coefficients,left0,left0,2.5387631762554047e-05,3.468962219099197e-05
Muon,1300,1,bank,bank0,,0,"0,1",2,five_selected_direction_coefficients,left0,left1,3.497949956300195e-06,1.1636256373018638e-06
Muon,1300,1,bank,bank0,,0,"0,1",2,five_selected_direction_coefficients,left0,right_raw,-2.6980989259091987e-06,5.687529600480216e-07
Muon,1300,1,bank,bank0,,0,"0,1",2,five_selected_direction_coefficients,left0,right_white,-2.264554992439761e-06,1.348205818165264e-06
Muon,1300,1,bank,bank0,,0,"0,1",2,five_selected_direction_coefficients,left1,actual,6.49507203748083e-06,3.6215986841398787e-06
Muon,1300,1,bank,bank0,,0,"0,1",2,five_selected_direction_coefficients,left1,left0,3.4979499563002016e-06,1.1636256373018638e-06
Muon,1300,1,bank,bank0,,0,"0,1",2,five_selected_direction_coefficients,left1,left1,2.401832119256915e-05,3.30834750143141e-05
Muon,1300,1,bank,bank0,,0,"0,1",2,five_selected_direction_coefficients,left1,right_raw,-1.7458290114373688e-06,-2.480330858981407e-06
Muon,1300,1,bank,bank0,,0,"0,1",2,five_selected_direction_coefficients,left1,right_white,9.492828831651718e-07,-1.122214415703637e-06
Muon,1300,1,bank,bank0,,0,"0,1",2,five_selected_direction_coefficients,right_raw,actual,7.511108176872593e-07,-2.6846119432065963e-06
Muon,1300,1,bank,bank0,,0,"0,1",2,five_selected_direction_coefficients,right_raw,left0,-2.6980989259091957e-06,5.687529600480216e-07
Muon,1300,1,bank,bank0,,0,"0,1",2,five_selected_direction_coefficients,right_raw,left1,-1.7458290114373508e-06,-2.480330858981407e-06
Muon,1300,1,bank,bank0,,0,"0,1",2,five_selected_direction_coefficients,right_raw,right_raw,5.7356615234874e-05,6.748090894248875e-05
Muon,1300,1,bank,bank0,,0,"0,1",2,five_selected_direction_coefficients,right_raw,right_white,1.5983972740923624e-05,2.0928974310090862e-05
Muon,1300,1,bank,bank0,,0,"0,1",2,five_selected_direction_coefficients,right_white,actual,-9.528672478567133e-06,-3.2700244494481576e-06
Muon,1300,1,bank,bank0,,0,"0,1",2,five_selected_direction_coefficients,right_white,left0,-2.26455499243978e-06,1.348205818165264e-06
Muon,1300,1,bank,bank0,,0,"0,1",2,five_selected_direction_coefficients,right_white,left1,9.49282883165169e-07,-1.122214415703637e-06
Muon,1300,1,bank,bank0,,0,"0,1",2,five_selected_direction_coefficients,right_white,right_raw,1.5983972740923593e-05,2.0928974310090862e-05
Muon,1300,1,bank,bank0,,0,"0,1",2,five_selected_direction_coefficients,right_white,right_white,0.0001090447373656601,0.00014186433900706104
Muon,1300,1,bank,bank1,,1,"2,3",2,five_selected_direction_coefficients,actual,actual,0.00015167937085204826,0.0001586378729762563
Muon,1300,1,bank,bank1,,1,"2,3",2,five_selected_direction_coefficients,actual,left0,5.032758469359797e-06,1.939152706611797e-06
Muon,1300,1,bank,bank1,,1,"2,3",2,five_selected_direction_coefficients,actual,left1,4.320742042404335e-06,1.8194067372806429e-06
Muon,1300,1,bank,bank1,,1,"2,3",2,five_selected_direction_coefficients,actual,right_raw,-7.291077389085786e-06,-1.0215979706444297e-05
Muon,1300,1,bank,bank1,,1,"2,3",2,five_selected_direction_coefficients,actual,right_white,-2.0126708475650362e-05,-2.494548437590253e-05
Muon,1300,1,bank,bank1,,1,"2,3",2,five_selected_direction_coefficients,left0,actual,5.0327584693597894e-06,1.939152706611797e-06
Muon,1300,1,bank,bank1,,1,"2,3",2,five_selected_direction_coefficients,left0,left0,3.875219982174717e-05,3.0581877180312033e-05
Muon,1300,1,bank,bank1,,1,"2,3",2,five_selected_direction_coefficients,left0,left1,-1.2063613016562872e-06,3.321752386224178e-08
Muon,1300,1,bank,bank1,,1,"2,3",2,five_selected_direction_coefficients,left0,right_raw,1.565214382717414e-06,1.353594980941162e-06
Muon,1300,1,bank,bank1,,1,"2,3",2,five_selected_direction_coefficients,left0,right_white,-2.518367134311915e-06,3.8056439599247673e-07
Muon,1300,1,bank,bank1,,1,"2,3",2,five_selected_direction_coefficients,left1,actual,4.3207420424043284e-06,1.8194067372806429e-06
Muon,1300,1,bank,bank1,,1,"2,3",2,five_selected_direction_coefficients,left1,left0,-1.2063613016562872e-06,3.321752386224178e-08
Muon,1300,1,bank,bank1,,1,"2,3",2,five_selected_direction_coefficients,left1,left1,3.906249645622651e-05,3.06244010298115e-05
Muon,1300,1,bank,bank1,,1,"2,3",2,five_selected_direction_coefficients,left1,right_raw,-3.5593617407166677e-06,-2.4459957706835544e-06
Muon,1300,1,bank,bank1,,1,"2,3",2,five_selected_direction_coefficients,left1,right_white,2.4616469436549907e-06,1.4831412663636986e-06
Muon,1300,1,bank,bank1,,1,"2,3",2,five_selected_direction_coefficients,right_raw,actual,-7.291077389085758e-06,-1.0215979706444297e-05
Muon,1300,1,bank,bank1,,1,"2,3",2,five_selected_direction_coefficients,right_raw,left0,1.5652143827174252e-06,1.353594980941162e-06
Muon,1300,1,bank,bank1,,1,"2,3",2,five_selected_direction_coefficients,right_raw,left1,-3.559361740716685e-06,-2.4459957706835544e-06
Muon,1300,1,bank,bank1,,1,"2,3",2,five_selected_direction_coefficients,right_raw,right_raw,6.23953790439353e-05,5.980503681907395e-05
Muon,1300,1,bank,bank1,,1,"2,3",2,five_selected_direction_coefficients,right_raw,right_white,2.6481424387281176e-05,2.3491400619579353e-05
Muon,1300,1,bank,bank1,,1,"2,3",2,five_selected_direction_coefficients,right_white,actual,-2.012670847565039e-05,-2.494548437590253e-05
Muon,1300,1,bank,bank1,,1,"2,3",2,five_selected_direction_coefficients,right_white,left0,-2.5183671343119147e-06,3.8056439599247673e-07
Muon,1300,1,bank,bank1,,1,"2,3",2,five_selected_direction_coefficients,right_white,left1,2.461646943655005e-06,1.4831412663636986e-06
Muon,1300,1,bank,bank1,,1,"2,3",2,five_selected_direction_coefficients,right_white,right_raw,2.6481424387281183e-05,2.3491400619579353e-05
Muon,1300,1,bank,bank1,,1,"2,3",2,five_selected_direction_coefficients,right_white,right_white,0.0001266600839505098,0.000124317029122298
Muon,1300,1,all_contexts,all4,,,"0,1,2,3",4,five_selected_direction_coefficients,actual,actual,0.0001570546320632234,0.00017441465379363128
Muon,1300,1,all_contexts,all4,,,"0,1,2,3",4,five_selected_direction_coefficients,actual,left0,1.640857538507131e-06,5.499032786281116e-07
Muon,1300,1,all_contexts,all4,,,"0,1,2,3",4,five_selected_direction_coefficients,actual,left1,5.407907039942586e-06,2.720502710710263e-06
Muon,1300,1,all_contexts,all4,,,"0,1,2,3",4,five_selected_direction_coefficients,actual,right_raw,-3.2699832856992294e-06,-6.4502958248254455e-06
Muon,1300,1,all_contexts,all4,,,"0,1,2,3",4,five_selected_direction_coefficients,actual,right_white,-1.4827690477108756e-05,-1.4107754412675333e-05
Muon,1300,1,all_contexts,all4,,,"0,1,2,3",4,five_selected_direction_coefficients,left0,actual,1.6408575385071112e-06,5.499032786281116e-07
Muon,1300,1,all_contexts,all4,,,"0,1,2,3",4,five_selected_direction_coefficients,left0,left0,3.206991579215061e-05,3.263574968565203e-05
Muon,1300,1,all_contexts,all4,,,"0,1,2,3",4,five_selected_direction_coefficients,left0,left1,1.1457943273219542e-06,5.98421580582052e-07
Muon,1300,1,all_contexts,all4,,,"0,1,2,3",4,five_selected_direction_coefficients,left0,right_raw,-5.664422715958922e-07,9.611739704945902e-07
Muon,1300,1,all_contexts,all4,,,"0,1,2,3",4,five_selected_direction_coefficients,left0,right_white,-2.3914610633758385e-06,8.643851070788699e-07
Muon,1300,1,all_contexts,all4,,,"0,1,2,3",4,five_selected_direction_coefficients,left1,actual,5.407907039942579e-06,2.720502710710263e-06
Muon,1300,1,all_contexts,all4,,,"0,1,2,3",4,five_selected_direction_coefficients,left1,left0,1.1457943273219572e-06,5.98421580582052e-07
Muon,1300,1,all_contexts,all4,,,"0,1,2,3",4,five_selected_direction_coefficients,left1,left1,3.154040882439784e-05,3.18539380220628e-05
Muon,1300,1,all_contexts,all4,,,"0,1,2,3",4,five_selected_direction_coefficients,left1,right_raw,-2.652595376077018e-06,-2.4631633148324844e-06
Muon,1300,1,all_contexts,all4,,,"0,1,2,3",4,five_selected_direction_coefficients,left1,right_white,1.7054649134100812e-06,1.8046342533003003e-07
Muon,1300,1,all_contexts,all4,,,"0,1,2,3",4,five_selected_direction_coefficients,right_raw,actual,-3.2699832856992497e-06,-6.4502958248254455e-06
Muon,1300,1,all_contexts,all4,,,"0,1,2,3",4,five_selected_direction_coefficients,right_raw,left0,-5.664422715958855e-07,9.611739704945902e-07
Muon,1300,1,all_contexts,all4,,,"0,1,2,3",4,five_selected_direction_coefficients,right_raw,left1,-2.652595376077018e-06,-2.4631633148324844e-06
Muon,1300,1,all_contexts,all4,,,"0,1,2,3",4,five_selected_direction_coefficients,right_raw,right_raw,5.987599713940466e-05,6.364297288078136e-05
Muon,1300,1,all_contexts,all4,,,"0,1,2,3",4,five_selected_direction_coefficients,right_raw,right_white,2.12326985641024e-05,2.2210187464835053e-05
Muon,1300,1,all_contexts,all4,,,"0,1,2,3",4,five_selected_direction_coefficients,right_white,actual,-1.4827690477108763e-05,-1.4107754412675333e-05
Muon,1300,1,all_contexts,all4,,,"0,1,2,3",4,five_selected_direction_coefficients,right_white,left0,-2.3914610633758474e-06,8.643851070788699e-07
Muon,1300,1,all_contexts,all4,,,"0,1,2,3",4,five_selected_direction_coefficients,right_white,left1,1.7054649134100869e-06,1.8046342533003003e-07
Muon,1300,1,all_contexts,all4,,,"0,1,2,3",4,five_selected_direction_coefficients,right_white,right_raw,2.1232698564102386e-05,2.2210187464835053e-05
Muon,1300,1,all_contexts,all4,,,"0,1,2,3",4,five_selected_direction_coefficients,right_white,right_white,0.00011785241065808495,0.00013309068406467937
Muon,1300,4,context,context0,0,0,0,1,five_selected_direction_coefficients,actual,actual,3.876754234674687e-05,5.16519755927831e-05
Muon,1300,4,context,context0,0,0,0,1,five_selected_direction_coefficients,actual,left0,-1.3711114642041148e-06,-9.955782738118566e-07
Muon,1300,4,context,context0,0,0,0,1,five_selected_direction_coefficients,actual,left1,1.1461328678875074e-06,-1.0006744033003957e-07
Muon,1300,4,context,context0,0,0,0,1,five_selected_direction_coefficients,actual,right_raw,-7.608599080136822e-07,1.6710677038356137e-06
Muon,1300,4,context,context0,0,0,0,1,five_selected_direction_coefficients,actual,right_white,6.129420547588988e-06,4.665079273831151e-06
Muon,1300,4,context,context0,0,0,0,1,five_selected_direction_coefficients,left0,actual,-1.3711114642041122e-06,-9.955782738118566e-07
Muon,1300,4,context,context0,0,0,0,1,five_selected_direction_coefficients,left0,left0,3.6415261362792055e-06,8.222525505618062e-06
Muon,1300,4,context,context0,0,0,0,1,five_selected_direction_coefficients,left0,left1,-7.760356199579659e-07,-1.227333790026961e-07
Muon,1300,4,context,context0,0,0,0,1,five_selected_direction_coefficients,left0,right_raw,5.424482328048517e-07,1.878010785813683e-08
Muon,1300,4,context,context0,0,0,0,1,five_selected_direction_coefficients,left0,right_white,7.496606591354916e-08,4.412173422255974e-07
Muon,1300,4,context,context0,0,0,0,1,five_selected_direction_coefficients,left1,actual,1.1461328678875061e-06,-1.0006744033003957e-07
Muon,1300,4,context,context0,0,0,0,1,five_selected_direction_coefficients,left1,left0,-7.760356199579633e-07,-1.227333790026961e-07
Muon,1300,4,context,context0,0,0,0,1,five_selected_direction_coefficients,left1,left1,2.811045631948422e-06,7.864543553327e-06
Muon,1300,4,context,context0,0,0,0,1,five_selected_direction_coefficients,left1,right_raw,-1.5780552345564822e-06,-5.364284109400183e-08
Muon,1300,4,context,context0,0,0,0,1,five_selected_direction_coefficients,left1,right_white,-2.076325248121026e-06,-1.5189523462974523e-08
Muon,1300,4,context,context0,0,0,0,1,five_selected_direction_coefficients,right_raw,actual,-7.60859908013684e-07,1.6710677038356137e-06
Muon,1300,4,context,context0,0,0,0,1,five_selected_direction_coefficients,right_raw,left0,5.424482328048506e-07,1.878010785813683e-08
Muon,1300,4,context,context0,0,0,0,1,five_selected_direction_coefficients,right_raw,left1,-1.578055234556484e-06,-5.364284109400183e-08
Muon,1300,4,context,context0,0,0,0,1,five_selected_direction_coefficients,right_raw,right_raw,5.87212165728569e-06,1.0043031819474795e-05
Muon,1300,4,context,context0,0,0,0,1,five_selected_direction_coefficients,right_raw,right_white,4.331139326059216e-06,5.776689236942669e-06
Muon,1300,4,context,context0,0,0,0,1,five_selected_direction_coefficients,right_white,actual,6.129420547588989e-06,4.665079273831151e-06
Muon,1300,4,context,context0,0,0,0,1,five_selected_direction_coefficients,right_white,left0,7.49660659135467e-08,4.412173422255974e-07
Muon,1300,4,context,context0,0,0,0,1,five_selected_direction_coefficients,right_white,left1,-2.0763252481210266e-06,-1.5189523462974523e-08
Muon,1300,4,context,context0,0,0,0,1,five_selected_direction_coefficients,right_white,right_raw,4.331139326059215e-06,5.776689236942669e-06
Muon,1300,4,context,context0,0,0,0,1,five_selected_direction_coefficients,right_white,right_white,1.6191672344480642e-05,1.969804203906236e-05
Muon,1300,4,context,context1,1,0,1,1,five_selected_direction_coefficients,actual,actual,4.570409063459344e-05,4.414100813165606e-05
Muon,1300,4,context,context1,1,0,1,1,five_selected_direction_coefficients,actual,left0,8.194715741591968e-07,-4.0889591850109085e-07
Muon,1300,4,context,context1,1,0,1,1,five_selected_direction_coefficients,actual,left1,-3.715043255042998e-09,-1.1968331709767084e-06
Muon,1300,4,context,context1,1,0,1,1,five_selected_direction_coefficients,actual,right_raw,1.1800246825356426e-06,6.019845241109349e-07
Muon,1300,4,context,context1,1,0,1,1,five_selected_direction_coefficients,actual,right_white,6.748315553951511e-06,3.689262258821258e-06
Muon,1300,4,context,context1,1,0,1,1,five_selected_direction_coefficients,left0,actual,8.194715741591945e-07,-4.0889591850109085e-07
Muon,1300,4,context,context1,1,0,1,1,five_selected_direction_coefficients,left0,left0,8.768633303337863e-06,7.35172611424224e-06
Muon,1300,4,context,context1,1,0,1,1,five_selected_direction_coefficients,left0,left1,3.7437223149485124e-07,1.425937090134619e-07
Muon,1300,4,context,context1,1,0,1,1,five_selected_direction_coefficients,left0,right_raw,5.585238343033355e-07,1.8378685666265702e-07
Muon,1300,4,context,context1,1,0,1,1,five_selected_direction_coefficients,left0,right_white,2.004787723577468e-06,8.709203419869886e-08
Muon,1300,4,context,context1,1,0,1,1,five_selected_direction_coefficients,left1,actual,-3.7150432550480304e-09,-1.1968331709767084e-06
Muon,1300,4,context,context1,1,0,1,1,five_selected_direction_coefficients,left1,left0,3.7437223149485436e-07,1.425937090134619e-07
Muon,1300,4,context,context1,1,0,1,1,five_selected_direction_coefficients,left1,left1,1.0049259800886086e-05,7.3471289310255494e-06
Muon,1300,4,context,context1,1,0,1,1,five_selected_direction_coefficients,left1,right_raw,-1.3550737642108094e-06,3.013810056624235e-07
Muon,1300,4,context,context1,1,0,1,1,five_selected_direction_coefficients,left1,right_white,1.0504786347070401e-06,6.658199212941691e-08
Muon,1300,4,context,context1,1,0,1,1,five_selected_direction_coefficients,right_raw,actual,1.1800246825356373e-06,6.019845241109349e-07
Muon,1300,4,context,context1,1,0,1,1,five_selected_direction_coefficients,right_raw,left0,5.585238343033341e-07,1.8378685666265702e-07
Muon,1300,4,context,context1,1,0,1,1,five_selected_direction_coefficients,right_raw,left1,-1.3550737642108075e-06,3.013810056624235e-07
Muon,1300,4,context,context1,1,0,1,1,five_selected_direction_coefficients,right_raw,right_raw,9.583817959171217e-06,9.551880447060008e-06
Muon,1300,4,context,context1,1,0,1,1,five_selected_direction_coefficients,right_raw,right_white,4.804247269512398e-06,5.491325449486089e-06
Muon,1300,4,context,context1,1,0,1,1,five_selected_direction_coefficients,right_white,actual,6.7483155539515105e-06,3.689262258821258e-06
Muon,1300,4,context,context1,1,0,1,1,five_selected_direction_coefficients,right_white,left0,2.004787723577464e-06,8.709203419869886e-08
Muon,1300,4,context,context1,1,0,1,1,five_selected_direction_coefficients,right_white,left1,1.0504786347070387e-06,6.658199212941691e-08
Muon,1300,4,context,context1,1,0,1,1,five_selected_direction_coefficients,right_white,right_raw,4.804247269512391e-06,5.491325449486089e-06
Muon,1300,4,context,context1,1,0,1,1,five_selected_direction_coefficients,right_white,right_white,2.0815008494293325e-05,1.8763610182204805e-05
Muon,1300,4,context,context2,2,1,2,1,five_selected_direction_coefficients,actual,actual,3.6610020681297085e-05,3.7205416800568005e-05
Muon,1300,4,context,context2,2,1,2,1,five_selected_direction_coefficients,actual,left0,-1.2353512857078301e-06,-6.514684478844111e-07
Muon,1300,4,context,context2,2,1,2,1,five_selected_direction_coefficients,actual,left1,1.1261301451720884e-06,-8.113854764122687e-07
Muon,1300,4,context,context2,2,1,2,1,five_selected_direction_coefficients,actual,right_raw,5.226616085530376e-07,-5.267489775041607e-07
Muon,1300,4,context,context2,2,1,2,1,five_selected_direction_coefficients,actual,right_white,6.58463051981332e-06,2.880866675975806e-06
Muon,1300,4,context,context2,2,1,2,1,five_selected_direction_coefficients,left0,actual,-1.235351285707831e-06,-6.514684478844111e-07
Muon,1300,4,context,context2,2,1,2,1,five_selected_direction_coefficients,left0,left0,4.932979587131113e-06,7.149353446631246e-06
Muon,1300,4,context,context2,2,1,2,1,five_selected_direction_coefficients,left0,left1,1.6552603286107793e-06,-4.071712549906901e-08
Muon,1300,4,context,context2,2,1,2,1,five_selected_direction_coefficients,left0,right_raw,-1.2014423562727247e-06,-4.521640673846568e-08
Muon,1300,4,context,context2,2,1,2,1,five_selected_direction_coefficients,left0,right_white,-3.540514884700443e-07,-1.5047908615789912e-07
Muon,1300,4,context,context2,2,1,2,1,five_selected_direction_coefficients,left1,actual,1.1261301451720844e-06,-8.113854764122687e-07
Muon,1300,4,context,context2,2,1,2,1,five_selected_direction_coefficients,left1,left0,1.6552603286107816e-06,-4.071712549906901e-08
Muon,1300,4,context,context2,2,1,2,1,five_selected_direction_coefficients,left1,left1,5.27267914088906e-06,6.809106571938112e-06
Muon,1300,4,context,context2,2,1,2,1,five_selected_direction_coefficients,left1,right_raw,-7.3353717986578385e-09,2.1625911986489744e-07
Muon,1300,4,context,context2,2,1,2,1,five_selected_direction_coefficients,left1,right_white,2.2856757254541052e-07,-3.577531030934877e-07
Muon,1300,4,context,context2,2,1,2,1,five_selected_direction_coefficients,right_raw,actual,5.226616085530398e-07,-5.267489775041607e-07
Muon,1300,4,context,context2,2,1,2,1,five_selected_direction_coefficients,right_raw,left0,-1.2014423562727238e-06,-4.521640673846568e-08
Muon,1300,4,context,context2,2,1,2,1,five_selected_direction_coefficients,right_raw,left1,-7.335371798658077e-09,2.1625911986489744e-07
Muon,1300,4,context,context2,2,1,2,1,five_selected_direction_coefficients,right_raw,right_raw,5.53705222685475e-06,9.277824977956536e-06
Muon,1300,4,context,context2,2,1,2,1,five_selected_direction_coefficients,right_raw,right_white,3.2042135342588977e-06,4.679915056598265e-06
Muon,1300,4,context,context2,2,1,2,1,five_selected_direction_coefficients,right_white,actual,6.584630519813318e-06,2.880866675975806e-06
Muon,1300,4,context,context2,2,1,2,1,five_selected_direction_coefficients,right_white,left0,-3.540514884700415e-07,-1.5047908615789912e-07
Muon,1300,4,context,context2,2,1,2,1,five_selected_direction_coefficients,right_white,left1,2.2856757254541054e-07,-3.577531030934877e-07
Muon,1300,4,context,context2,2,1,2,1,five_selected_direction_coefficients,right_white,right_raw,3.2042135342588985e-06,4.679915056598265e-06
Muon,1300,4,context,context2,2,1,2,1,five_selected_direction_coefficients,right_white,right_white,1.3460738269903785e-05,1.5171626352457159e-05
Muon,1300,4,context,context3,3,1,3,1,five_selected_direction_coefficients,actual,actual,3.832629289141965e-05,3.429710875762613e-05
Muon,1300,4,context,context3,3,1,3,1,five_selected_direction_coefficients,actual,left0,-8.711406645634028e-07,2.6983487104752386e-07
Muon,1300,4,context,context3,3,1,3,1,five_selected_direction_coefficients,actual,left1,-1.267342126239724e-06,-6.545856332522186e-07
Muon,1300,4,context,context3,3,1,3,1,five_selected_direction_coefficients,actual,right_raw,-7.833474288153207e-07,6.809886047413251e-07
Muon,1300,4,context,context3,3,1,3,1,five_selected_direction_coefficients,actual,right_white,-3.797434303003287e-06,-2.5709028465895347e-06
Muon,1300,4,context,context3,3,1,3,1,five_selected_direction_coefficients,left0,actual,-8.711406645633984e-07,2.6983487104752386e-07
Muon,1300,4,context,context3,3,1,3,1,five_selected_direction_coefficients,left0,left0,7.856893895813973e-06,6.6312175813043595e-06
Muon,1300,4,context,context3,3,1,3,1,five_selected_direction_coefficients,left0,left1,-2.062862186784441e-06,7.552612330339192e-08
Muon,1300,4,context,context3,3,1,3,1,five_selected_direction_coefficients,left0,right_raw,9.471112402354022e-07,2.4969227520887056e-08
Muon,1300,4,context,context3,3,1,3,1,five_selected_direction_coefficients,left0,right_white,1.4832108936343314e-06,9.015570609342252e-08
Muon,1300,4,context,context3,3,1,3,1,five_selected_direction_coefficients,left1,actual,-1.267342126239724e-06,-6.545856332522186e-07
Muon,1300,4,context,context3,3,1,3,1,five_selected_direction_coefficients,left1,left0,-2.06286218678444e-06,7.552612330339192e-08
Muon,1300,4,context,context3,3,1,3,1,five_selected_direction_coefficients,left1,left1,5.419643395159074e-06,5.9107567656776916e-06
Muon,1300,4,context,context3,3,1,3,1,five_selected_direction_coefficients,left1,right_raw,1.0403548023656846e-06,6.557666069747268e-10
Muon,1300,4,context,context3,3,1,3,1,five_selected_direction_coefficients,left1,right_white,-7.012942716248787e-07,-7.957784487883836e-08
Muon,1300,4,context,context3,3,1,3,1,five_selected_direction_coefficients,right_raw,actual,-7.83347428815327e-07,6.809886047413251e-07
Muon,1300,4,context,context3,3,1,3,1,five_selected_direction_coefficients,right_raw,left0,9.471112402354054e-07,2.4969227520887056e-08
Muon,1300,4,context,context3,3,1,3,1,five_selected_direction_coefficients,right_raw,left1,1.0403548023656838e-06,6.557666069747268e-10
Muon,1300,4,context,context3,3,1,3,1,five_selected_direction_coefficients,right_raw,right_raw,8.844602558155371e-06,8.35495168229427e-06
Muon,1300,4,context,context3,3,1,3,1,five_selected_direction_coefficients,right_raw,right_white,3.229973294985924e-06,4.246583917505865e-06
Muon,1300,4,context,context3,3,1,3,1,five_selected_direction_coefficients,right_white,actual,-3.797434303003289e-06,-2.5709028465895347e-06
Muon,1300,4,context,context3,3,1,3,1,five_selected_direction_coefficients,right_white,left0,1.4832108936343367e-06,9.015570609342252e-08
Muon,1300,4,context,context3,3,1,3,1,five_selected_direction_coefficients,right_white,left1,-7.012942716248778e-07,-7.957784487883836e-08
Muon,1300,4,context,context3,3,1,3,1,five_selected_direction_coefficients,right_white,right_raw,3.2299732949859285e-06,4.246583917505865e-06
Muon,1300,4,context,context3,3,1,3,1,five_selected_direction_coefficients,right_white,right_white,1.978321643459587e-05,1.4961843178387965e-05
Muon,1300,4,bank,bank0,,0,"0,1",2,five_selected_direction_coefficients,actual,actual,4.223581649067015e-05,4.7896491862219625e-05
Muon,1300,4,bank,bank0,,0,"0,1",2,five_selected_direction_coefficients,actual,left0,-2.75819945022459e-07,-7.022370961564739e-07
Muon,1300,4,bank,bank0,,0,"0,1",2,five_selected_direction_coefficients,actual,left1,5.712089123162322e-07,-6.484503056533741e-07
Muon,1300,4,bank,bank0,,0,"0,1",2,five_selected_direction_coefficients,actual,right_raw,2.095823872609802e-07,1.1365261139732737e-06
Muon,1300,4,bank,bank0,,0,"0,1",2,five_selected_direction_coefficients,actual,right_white,6.43886805077025e-06,4.1771707663262056e-06
Muon,1300,4,bank,bank0,,0,"0,1",2,five_selected_direction_coefficients,left0,actual,-2.7581994502245887e-07,-7.022370961564739e-07
Muon,1300,4,bank,bank0,,0,"0,1",2,five_selected_direction_coefficients,left0,left0,6.205079719808534e-06,7.78712580993014e-06
Muon,1300,4,bank,bank0,,0,"0,1",2,five_selected_direction_coefficients,left0,left1,-2.0083169423155732e-07,9.930165005383023e-09
Muon,1300,4,bank,bank0,,0,"0,1",2,five_selected_direction_coefficients,left0,right_raw,5.504860335540936e-07,1.0128348226039696e-07
Muon,1300,4,bank,bank0,,0,"0,1",2,five_selected_direction_coefficients,left0,right_white,1.0398768947455087e-06,2.641546882121483e-07
Muon,1300,4,bank,bank0,,0,"0,1",2,five_selected_direction_coefficients,left1,actual,5.71208912316229e-07,-6.484503056533741e-07
Muon,1300,4,bank,bank0,,0,"0,1",2,five_selected_direction_coefficients,left1,left0,-2.008316942315545e-07,9.930165005383023e-09
Muon,1300,4,bank,bank0,,0,"0,1",2,five_selected_direction_coefficients,left1,left1,6.430152716417253e-06,7.605836242176269e-06
Muon,1300,4,bank,bank0,,0,"0,1",2,five_selected_direction_coefficients,left1,right_raw,-1.466564499383646e-06,1.2386908228421078e-07
Muon,1300,4,bank,bank0,,0,"0,1",2,five_selected_direction_coefficients,left1,right_white,-5.129233067069928e-07,2.5696234333221136e-08
Muon,1300,4,bank,bank0,,0,"0,1",2,five_selected_direction_coefficients,right_raw,actual,2.0958238726097665e-07,1.1365261139732737e-06
Muon,1300,4,bank,bank0,,0,"0,1",2,five_selected_direction_coefficients,right_raw,left0,5.504860335540924e-07,1.0128348226039696e-07
Muon,1300,4,bank,bank0,,0,"0,1",2,five_selected_direction_coefficients,right_raw,left1,-1.4665644993836457e-06,1.2386908228421078e-07
Muon,1300,4,bank,bank0,,0,"0,1",2,five_selected_direction_coefficients,right_raw,right_raw,7.727969808228453e-06,9.797456133267409e-06
Muon,1300,4,bank,bank0,,0,"0,1",2,five_selected_direction_coefficients,right_raw,right_white,4.567693297785807e-06,5.634007343214381e-06
Muon,1300,4,bank,bank0,,0,"0,1",2,five_selected_direction_coefficients,right_white,actual,6.43886805077025e-06,4.1771707663262056e-06
Muon,1300,4,bank,bank0,,0,"0,1",2,five_selected_direction_coefficients,right_white,left0,1.0398768947455055e-06,2.641546882121483e-07
Muon,1300,4,bank,bank0,,0,"0,1",2,five_selected_direction_coefficients,right_white,left1,-5.12923306706994e-07,2.5696234333221136e-08
Muon,1300,4,bank,bank0,,0,"0,1",2,five_selected_direction_coefficients,right_white,right_raw,4.567693297785803e-06,5.634007343214381e-06
Muon,1300,4,bank,bank0,,0,"0,1",2,five_selected_direction_coefficients,right_white,right_white,1.8503340419386984e-05,1.92308261106336e-05
Muon,1300,4,bank,bank1,,1,"2,3",2,five_selected_direction_coefficients,actual,actual,3.7468156786358366e-05,3.575126277909708e-05
Muon,1300,4,bank,bank1,,1,"2,3",2,five_selected_direction_coefficients,actual,left0,-1.0532459751356165e-06,-1.9081678841844365e-07
Muon,1300,4,bank,bank1,,1,"2,3",2,five_selected_direction_coefficients,actual,left1,-7.060599053381777e-08,-7.329855548322445e-07
Muon,1300,4,bank,bank1,,1,"2,3",2,five_selected_direction_coefficients,actual,right_raw,-1.3034291013114157e-07,7.711981361858252e-08
Muon,1300,4,bank,bank1,,1,"2,3",2,five_selected_direction_coefficients,actual,right_white,1.3935981084050164e-06,1.5498191469313504e-07
Muon,1300,4,bank,bank1,,1,"2,3",2,five_selected_direction_coefficients,left0,actual,-1.0532459751356146e-06,-1.9081678841844365e-07
Muon,1300,4,bank,bank1,,1,"2,3",2,five_selected_direction_coefficients,left0,left0,6.3949367414725425e-06,6.890285513967799e-06
Muon,1300,4,bank,bank1,,1,"2,3",2,five_selected_direction_coefficients,left0,left1,-2.0380092908683088e-07,1.7404498902161426e-08
Muon,1300,4,bank,bank1,,1,"2,3",2,five_selected_direction_coefficients,left0,right_raw,-1.2716555801866122e-07,-1.0123589608789317e-08
Muon,1300,4,bank,bank1,,1,"2,3",2,five_selected_direction_coefficients,left0,right_white,5.645797025821435e-07,-3.0161690032238236e-08
Muon,1300,4,bank,bank1,,1,"2,3",2,five_selected_direction_coefficients,left1,actual,-7.060599053381978e-08,-7.329855548322445e-07
Muon,1300,4,bank,bank1,,1,"2,3",2,five_selected_direction_coefficients,left1,left0,-2.038009290868293e-07,1.7404498902161426e-08
Muon,1300,4,bank,bank1,,1,"2,3",2,five_selected_direction_coefficients,left1,left1,5.346161268024067e-06,6.359931668807904e-06
Muon,1300,4,bank,bank1,,1,"2,3",2,five_selected_direction_coefficients,left1,right_raw,5.165097152835134e-07,1.0845744323593594e-07
Muon,1300,4,bank,bank1,,1,"2,3",2,five_selected_direction_coefficients,left1,right_white,-2.3636334953973408e-07,-2.1866547398616277e-07
Muon,1300,4,bank,bank1,,1,"2,3",2,five_selected_direction_coefficients,right_raw,actual,-1.3034291013114358e-07,7.711981361858252e-08
Muon,1300,4,bank,bank1,,1,"2,3",2,five_selected_direction_coefficients,right_raw,left0,-1.271655580186592e-07,-1.0123589608789317e-08
Muon,1300,4,bank,bank1,,1,"2,3",2,five_selected_direction_coefficients,right_raw,left1,5.165097152835129e-07,1.0845744323593594e-07
Muon,1300,4,bank,bank1,,1,"2,3",2,five_selected_direction_coefficients,right_raw,right_raw,7.1908273925050604e-06,8.816388330125397e-06
Muon,1300,4,bank,bank1,,1,"2,3",2,five_selected_direction_coefficients,right_raw,right_white,3.217093414622411e-06,4.463249487052063e-06
Muon,1300,4,bank,bank1,,1,"2,3",2,five_selected_direction_coefficients,right_white,actual,1.3935981084050147e-06,1.5498191469313504e-07
Muon,1300,4,bank,bank1,,1,"2,3",2,five_selected_direction_coefficients,right_white,left0,5.645797025821477e-07,-3.0161690032238236e-08
Muon,1300,4,bank,bank1,,1,"2,3",2,five_selected_direction_coefficients,right_white,left1,-2.3636334953973363e-07,-2.1866547398616277e-07
Muon,1300,4,bank,bank1,,1,"2,3",2,five_selected_direction_coefficients,right_white,right_raw,3.2170934146224135e-06,4.463249487052063e-06
Muon,1300,4,bank,bank1,,1,"2,3",2,five_selected_direction_coefficients,right_white,right_white,1.6621977352249827e-05,1.5066734765422562e-05
Muon,1300,4,all_contexts,all4,,,"0,1,2,3",4,five_selected_direction_coefficients,actual,actual,3.985198663851426e-05,4.18238773206584e-05
Muon,1300,4,all_contexts,all4,,,"0,1,2,3",4,five_selected_direction_coefficients,actual,left0,-6.645329600790378e-07,-4.465269422874591e-07
Muon,1300,4,all_contexts,all4,,,"0,1,2,3",4,five_selected_direction_coefficients,actual,left1,2.503014608912072e-07,-6.907179302428079e-07
Muon,1300,4,all_contexts,all4,,,"0,1,2,3",4,five_selected_direction_coefficients,actual,right_raw,3.9619738564919316e-08,6.068229637959287e-07
Muon,1300,4,all_contexts,all4,,,"0,1,2,3",4,five_selected_direction_coefficients,actual,right_white,3.916233079587633e-06,2.166076340509676e-06
Muon,1300,4,all_contexts,all4,,,"0,1,2,3",4,five_selected_direction_coefficients,left0,actual,-6.645329600790367e-07,-4.465269422874591e-07
Muon,1300,4,all_contexts,all4,,,"0,1,2,3",4,five_selected_direction_coefficients,left0,left0,6.300008230640538e-06,7.338705661948967e-06
Muon,1300,4,all_contexts,all4,,,"0,1,2,3",4,five_selected_direction_coefficients,left0,left1,-2.0231631165919411e-07,1.3667331953772185e-08
Muon,1300,4,all_contexts,all4,,,"0,1,2,3",4,five_selected_direction_coefficients,left0,right_raw,2.116602377677162e-07,4.557994632580365e-08
Muon,1300,4,all_contexts,all4,,,"0,1,2,3",4,five_selected_direction_coefficients,left0,right_white,8.022282986638262e-07,1.1699649908995528e-07
Muon,1300,4,all_contexts,all4,,,"0,1,2,3",4,five_selected_direction_coefficients,left1,actual,2.5030146089120467e-07,-6.907179302428079e-07
Muon,1300,4,all_contexts,all4,,,"0,1,2,3",4,five_selected_direction_coefficients,left1,left0,-2.023163116591919e-07,1.3667331953772185e-08
Muon,1300,4,all_contexts,all4,,,"0,1,2,3",4,five_selected_direction_coefficients,left1,left1,5.88815699222066e-06,6.98288395549209e-06
Muon,1300,4,all_contexts,all4,,,"0,1,2,3",4,five_selected_direction_coefficients,left1,right_raw,-4.750273920500662e-07,1.1616326276007321e-07
Muon,1300,4,all_contexts,all4,,,"0,1,2,3",4,five_selected_direction_coefficients,left1,right_white,-3.7464332812336344e-07,-9.648461982647092e-08
Muon,1300,4,all_contexts,all4,,,"0,1,2,3",4,five_selected_direction_coefficients,right_raw,actual,3.9619738564916537e-08,6.068229637959287e-07
Muon,1300,4,all_contexts,all4,,,"0,1,2,3",4,five_selected_direction_coefficients,right_raw,left0,2.1166023776771661e-07,4.557994632580365e-08
Muon,1300,4,all_contexts,all4,,,"0,1,2,3",4,five_selected_direction_coefficients,right_raw,left1,-4.750273920500664e-07,1.1616326276007321e-07
Muon,1300,4,all_contexts,all4,,,"0,1,2,3",4,five_selected_direction_coefficients,right_raw,right_raw,7.459398600366757e-06,9.306922231696406e-06
Muon,1300,4,all_contexts,all4,,,"0,1,2,3",4,five_selected_direction_coefficients,right_raw,right_white,3.892393356204109e-06,5.048628415133221e-06
Muon,1300,4,all_contexts,all4,,,"0,1,2,3",4,five_selected_direction_coefficients,right_white,actual,3.916233079587633e-06,2.166076340509676e-06
Muon,1300,4,all_contexts,all4,,,"0,1,2,3",4,five_selected_direction_coefficients,right_white,left0,8.022282986638266e-07,1.1699649908995528e-07
Muon,1300,4,all_contexts,all4,,,"0,1,2,3",4,five_selected_direction_coefficients,right_white,left1,-3.746433281233638e-07,-9.648461982647092e-08
Muon,1300,4,all_contexts,all4,,,"0,1,2,3",4,five_selected_direction_coefficients,right_white,right_raw,3.892393356204108e-06,5.048628415133221e-06
Muon,1300,4,all_contexts,all4,,,"0,1,2,3",4,five_selected_direction_coefficients,right_white,right_white,1.7562658885818405e-05,1.714878043802809e-05
Muon,1300,8,context,context0,0,0,0,1,five_selected_direction_coefficients,actual,actual,2.929235569768878e-05,3.3387700717036184e-05
Muon,1300,8,context,context0,0,0,0,1,five_selected_direction_coefficients,actual,left0,4.552865824277996e-08,-6.44741965418101e-08
Muon,1300,8,context,context0,0,0,0,1,five_selected_direction_coefficients,actual,left1,5.478880850788287e-07,9.36978180405148e-08
Muon,1300,8,context,context0,0,0,0,1,five_selected_direction_coefficients,actual,right_raw,-1.6907706796316718e-07,2.3370977825561443e-07
Muon,1300,8,context,context0,0,0,0,1,five_selected_direction_coefficients,actual,right_white,-1.8353217114601588e-06,-2.1621887732729132e-06
Muon,1300,8,context,context0,0,0,0,1,five_selected_direction_coefficients,left0,actual,4.552865824278054e-08,-6.44741965418101e-08
Muon,1300,8,context,context0,0,0,0,1,five_selected_direction_coefficients,left0,left0,4.505098264184515e-06,5.897322586966555e-06
Muon,1300,8,context,context0,0,0,0,1,five_selected_direction_coefficients,left0,left1,8.104576685804542e-07,-1.4696523290881785e-07
Muon,1300,8,context,context0,0,0,0,1,five_selected_direction_coefficients,left0,right_raw,-1.0051253835693349e-06,-2.8286683395244095e-07
Muon,1300,8,context,context0,0,0,0,1,five_selected_direction_coefficients,left0,right_white,-7.032050569952921e-07,-5.478926286837986e-07
Muon,1300,8,context,context0,0,0,0,1,five_selected_direction_coefficients,left1,actual,5.47888085078822e-07,9.36978180405148e-08
Muon,1300,8,context,context0,0,0,0,1,five_selected_direction_coefficients,left1,left0,8.104576685804552e-07,-1.4696523290881785e-07
Muon,1300,8,context,context0,0,0,0,1,five_selected_direction_coefficients,left1,left1,4.742157581828572e-06,5.948293259054843e-06
Muon,1300,8,context,context0,0,0,0,1,five_selected_direction_coefficients,left1,right_raw,-2.0480203759450914e-07,5.793749610020417e-07
Muon,1300,8,context,context0,0,0,0,1,five_selected_direction_coefficients,left1,right_white,-3.843726568042212e-07,7.188514332042635e-07
Muon,1300,8,context,context0,0,0,0,1,five_selected_direction_coefficients,right_raw,actual,-1.690770679631809e-07,2.3370977825561443e-07
Muon,1300,8,context,context0,0,0,0,1,five_selected_direction_coefficients,right_raw,left0,-1.0051253835693361e-06,-2.8286683395244095e-07
Muon,1300,8,context,context0,0,0,0,1,five_selected_direction_coefficients,right_raw,left1,-2.0480203759450798e-07,5.793749610020417e-07
Muon,1300,8,context,context0,0,0,0,1,five_selected_direction_coefficients,right_raw,right_raw,9.814924282675759e-06,1.0772862038250762e-05
Muon,1300,8,context,context0,0,0,0,1,five_selected_direction_coefficients,right_raw,right_white,1.0195513502261933e-05,1.0258307282169469e-05
Muon,1300,8,context,context0,0,0,0,1,five_selected_direction_coefficients,right_white,actual,-1.8353217114601626e-06,-2.1621887732729132e-06
Muon,1300,8,context,context0,0,0,0,1,five_selected_direction_coefficients,right_white,left0,-7.032050569953007e-07,-5.478926286837986e-07
Muon,1300,8,context,context0,0,0,0,1,five_selected_direction_coefficients,right_white,left1,-3.8437265680422485e-07,7.188514332042635e-07
Muon,1300,8,context,context0,0,0,0,1,five_selected_direction_coefficients,right_white,right_raw,1.0195513502261938e-05,1.0258307282169469e-05
Muon,1300,8,context,context0,0,0,0,1,five_selected_direction_coefficients,right_white,right_white,3.162314619099189e-05,3.052414774465185e-05
Muon,1300,8,context,context1,1,0,1,1,five_selected_direction_coefficients,actual,actual,3.0269574732848218e-05,3.084644434866096e-05
Muon,1300,8,context,context1,1,0,1,1,five_selected_direction_coefficients,actual,left0,8.449652278164857e-07,5.749515785662248e-07
Muon,1300,8,context,context1,1,0,1,1,five_selected_direction_coefficients,actual,left1,5.761582014857329e-07,-3.0038917417598134e-07
Muon,1300,8,context,context1,1,0,1,1,five_selected_direction_coefficients,actual,right_raw,2.335235464246854e-06,1.722763470156281e-06
Muon,1300,8,context,context1,1,0,1,1,five_selected_direction_coefficients,actual,right_white,1.113015740136281e-06,1.0383242278470433e-06
Muon,1300,8,context,context1,1,0,1,1,five_selected_direction_coefficients,left0,actual,8.449652278164812e-07,5.749515785662248e-07
Muon,1300,8,context,context1,1,0,1,1,five_selected_direction_coefficients,left0,left0,2.047329161687128e-06,4.984677590026524e-06
Muon,1300,8,context,context1,1,0,1,1,five_selected_direction_coefficients,left0,left1,-2.9505391907823166e-07,8.111744502397955e-08
Muon,1300,8,context,context1,1,0,1,1,five_selected_direction_coefficients,left0,right_raw,4.282708161880739e-07,2.1122810631985108e-07
Muon,1300,8,context,context1,1,0,1,1,five_selected_direction_coefficients,left0,right_white,6.907576665664609e-07,6.256286984300945e-07
Muon,1300,8,context,context1,1,0,1,1,five_selected_direction_coefficients,left1,actual,5.761582014857305e-07,-3.0038917417598134e-07
Muon,1300,8,context,context1,1,0,1,1,five_selected_direction_coefficients,left1,left0,-2.950539190782329e-07,8.111744502397955e-08
Muon,1300,8,context,context1,1,0,1,1,five_selected_direction_coefficients,left1,left1,1.7217218179713503e-06,4.9832048528864854e-06
Muon,1300,8,context,context1,1,0,1,1,five_selected_direction_coefficients,left1,right_raw,-2.73326778287909e-07,2.6706314125034606e-07
Muon,1300,8,context,context1,1,0,1,1,five_selected_direction_coefficients,left1,right_white,-3.0358379670701504e-07,-7.391520861251233e-08
Muon,1300,8,context,context1,1,0,1,1,five_selected_direction_coefficients,right_raw,actual,2.3352354642468504e-06,1.722763470156281e-06
Muon,1300,8,context,context1,1,0,1,1,five_selected_direction_coefficients,right_raw,left0,4.282708161880771e-07,2.1122810631985108e-07
Muon,1300,8,context,context1,1,0,1,1,five_selected_direction_coefficients,right_raw,left1,-2.7332677828790887e-07,2.6706314125034606e-07
Muon,1300,8,context,context1,1,0,1,1,five_selected_direction_coefficients,right_raw,right_raw,5.8147587460047085e-06,9.179242244123422e-06
Muon,1300,8,context,context1,1,0,1,1,five_selected_direction_coefficients,right_raw,right_white,5.672702788935442e-06,7.761465358365264e-06
Muon,1300,8,context,context1,1,0,1,1,five_selected_direction_coefficients,right_white,actual,1.1130157401362536e-06,1.0383242278470433e-06
Muon,1300,8,context,context1,1,0,1,1,five_selected_direction_coefficients,right_white,left0,6.907576665664628e-07,6.256286984300945e-07
Muon,1300,8,context,context1,1,0,1,1,five_selected_direction_coefficients,right_white,left1,-3.0358379670701843e-07,-7.391520861251233e-08
Muon,1300,8,context,context1,1,0,1,1,five_selected_direction_coefficients,right_white,right_raw,5.672702788935437e-06,7.761465358365264e-06
Muon,1300,8,context,context1,1,0,1,1,five_selected_direction_coefficients,right_white,right_white,2.4115176084997663e-05,2.4850902848075457e-05
Muon,1300,8,context,context2,2,1,2,1,five_selected_direction_coefficients,actual,actual,3.629860556737732e-05,3.596919971740679e-05
Muon,1300,8,context,context2,2,1,2,1,five_selected_direction_coefficients,actual,left0,6.55519922694138e-07,1.1883974714865175e-06
Muon,1300,8,context,context2,2,1,2,1,five_selected_direction_coefficients,actual,left1,-1.0623661633229308e-06,-1.9545303075764225e-07
Muon,1300,8,context,context2,2,1,2,1,five_selected_direction_coefficients,actual,right_raw,3.7196833026230503e-06,2.9009305368347207e-06
Muon,1300,8,context,context2,2,1,2,1,five_selected_direction_coefficients,actual,right_white,-6.923130243125138e-06,-8.87115575536392e-06
Muon,1300,8,context,context2,2,1,2,1,five_selected_direction_coefficients,left0,actual,6.555199226941375e-07,1.1883974714865175e-06
Muon,1300,8,context,context2,2,1,2,1,five_selected_direction_coefficients,left0,left0,5.693813572265029e-06,5.169392281174713e-06
Muon,1300,8,context,context2,2,1,2,1,five_selected_direction_coefficients,left0,left1,-2.2565954955405481e-07,3.4055641822700806e-08
Muon,1300,8,context,context2,2,1,2,1,five_selected_direction_coefficients,left0,right_raw,8.204606916644222e-07,4.3893973417350684e-07
Muon,1300,8,context,context2,2,1,2,1,five_selected_direction_coefficients,left0,right_white,6.129201120200649e-07,-1.0262082715518882e-06
Muon,1300,8,context,context2,2,1,2,1,five_selected_direction_coefficients,left1,actual,-1.062366163322924e-06,-1.9545303075764225e-07
Muon,1300,8,context,context2,2,1,2,1,five_selected_direction_coefficients,left1,left0,-2.2565954955405595e-07,3.4055641822700806e-08
Muon,1300,8,context,context2,2,1,2,1,five_selected_direction_coefficients,left1,left1,5.638568174481723e-06,4.839811107610697e-06
Muon,1300,8,context,context2,2,1,2,1,five_selected_direction_coefficients,left1,right_raw,-3.2205804861880053e-07,-4.982196193298451e-08
Muon,1300,8,context,context2,2,1,2,1,five_selected_direction_coefficients,left1,right_white,7.321848925176631e-07,6.655817171866699e-07
Muon,1300,8,context,context2,2,1,2,1,five_selected_direction_coefficients,right_raw,actual,3.71968330262305e-06,2.9009305368347207e-06
Muon,1300,8,context,context2,2,1,2,1,five_selected_direction_coefficients,right_raw,left0,8.204606916644216e-07,4.3893973417350684e-07
Muon,1300,8,context,context2,2,1,2,1,five_selected_direction_coefficients,right_raw,left1,-3.220580486188002e-07,-4.982196193298451e-08
Muon,1300,8,context,context2,2,1,2,1,five_selected_direction_coefficients,right_raw,right_raw,8.971120013534656e-06,8.217912799868997e-06
Muon,1300,8,context,context2,2,1,2,1,five_selected_direction_coefficients,right_raw,right_white,4.5854962785252695e-06,5.333783001398733e-06
Muon,1300,8,context,context2,2,1,2,1,five_selected_direction_coefficients,right_white,actual,-6.923130243125138e-06,-8.87115575536392e-06
Muon,1300,8,context,context2,2,1,2,1,five_selected_direction_coefficients,right_white,left0,6.129201120200643e-07,-1.0262082715518882e-06
Muon,1300,8,context,context2,2,1,2,1,five_selected_direction_coefficients,right_white,left1,7.321848925176642e-07,6.655817171866699e-07
Muon,1300,8,context,context2,2,1,2,1,five_selected_direction_coefficients,right_white,right_raw,4.585496278525273e-06,5.333783001398733e-06
Muon,1300,8,context,context2,2,1,2,1,five_selected_direction_coefficients,right_white,right_white,3.151427388558275e-05,3.025277421251733e-05
Muon,1300,8,context,context3,3,1,3,1,five_selected_direction_coefficients,actual,actual,2.722768099629927e-05,2.4689033613360657e-05
Muon,1300,8,context,context3,3,1,3,1,five_selected_direction_coefficients,actual,left0,-9.00626618041813e-09,5.479282580230216e-07
Muon,1300,8,context,context3,3,1,3,1,five_selected_direction_coefficients,actual,left1,-1.167458356321883e-06,-3.0615100008319305e-08
Muon,1300,8,context,context3,3,1,3,1,five_selected_direction_coefficients,actual,right_raw,-3.901534070564551e-07,1.7854965903290893e-07
Muon,1300,8,context,context3,3,1,3,1,five_selected_direction_coefficients,actual,right_white,-2.7107857548566506e-07,1.2022418109713737e-08
Muon,1300,8,context,context3,3,1,3,1,five_selected_direction_coefficients,left0,actual,-9.006266180421519e-09,5.479282580230216e-07
Muon,1300,8,context,context3,3,1,3,1,five_selected_direction_coefficients,left0,left0,6.3685818390993165e-06,4.2136245898466415e-06
Muon,1300,8,context,context3,3,1,3,1,five_selected_direction_coefficients,left0,left1,-1.042668378927915e-08,-3.747872768859892e-08
Muon,1300,8,context,context3,3,1,3,1,five_selected_direction_coefficients,left0,right_raw,1.060983580601422e-06,-1.753629987440798e-07
Muon,1300,8,context,context3,3,1,3,1,five_selected_direction_coefficients,left0,right_white,1.4305668709406235e-06,-1.5395821594648255e-07
Muon,1300,8,context,context3,3,1,3,1,five_selected_direction_coefficients,left1,actual,-1.1674583563218793e-06,-3.0615100008319305e-08
Muon,1300,8,context,context3,3,1,3,1,five_selected_direction_coefficients,left1,left0,-1.0426683789279335e-08,-3.747872768859892e-08
Muon,1300,8,context,context3,3,1,3,1,five_selected_direction_coefficients,left1,left1,7.1245641568381005e-06,4.113473364096449e-06
Muon,1300,8,context,context3,3,1,3,1,five_selected_direction_coefficients,left1,right_raw,-4.621199959191754e-08,1.056668540536383e-07
Muon,1300,8,context,context3,3,1,3,1,five_selected_direction_coefficients,left1,right_white,4.357870798501572e-08,-6.606053284015763e-08
Muon,1300,8,context,context3,3,1,3,1,five_selected_direction_coefficients,right_raw,actual,-3.9015340705645465e-07,1.7854965903290893e-07
Muon,1300,8,context,context3,3,1,3,1,five_selected_direction_coefficients,right_raw,left0,1.0609835806014207e-06,-1.753629987440798e-07
Muon,1300,8,context,context3,3,1,3,1,five_selected_direction_coefficients,right_raw,left1,-4.621199959192011e-08,1.056668540536383e-07
Muon,1300,8,context,context3,3,1,3,1,five_selected_direction_coefficients,right_raw,right_raw,7.470689703318262e-06,6.061330376723036e-06
Muon,1300,8,context,context3,3,1,3,1,five_selected_direction_coefficients,right_raw,right_white,6.4134368966424545e-06,5.080677592647698e-06
Muon,1300,8,context,context3,3,1,3,1,five_selected_direction_coefficients,right_white,actual,-2.710785754856418e-07,1.2022418109713737e-08
Muon,1300,8,context,context3,3,1,3,1,five_selected_direction_coefficients,right_white,left0,1.430566870940621e-06,-1.5395821594648255e-07
Muon,1300,8,context,context3,3,1,3,1,five_selected_direction_coefficients,right_white,left1,4.357870798501826e-08,-6.606053284015763e-08
Muon,1300,8,context,context3,3,1,3,1,five_selected_direction_coefficients,right_white,right_raw,6.413436896642453e-06,5.080677592647698e-06
Muon,1300,8,context,context3,3,1,3,1,five_selected_direction_coefficients,right_white,right_white,2.354523038889283e-05,1.8168291941372474e-05
Muon,1300,8,bank,bank0,,0,"0,1",2,five_selected_direction_coefficients,actual,actual,2.97809652152685e-05,3.2117072532848527e-05
Muon,1300,8,bank,bank0,,0,"0,1",2,five_selected_direction_coefficients,actual,left0,4.4524694302963283e-07,2.5523869101220735e-07
Muon,1300,8,bank,bank0,,0,"0,1",2,five_selected_direction_coefficients,actual,left1,5.620231432822808e-07,-1.0334567806773336e-07
Muon,1300,8,bank,bank0,,0,"0,1",2,five_selected_direction_coefficients,actual,right_raw,1.0830791981418435e-06,9.78236624205948e-07
Muon,1300,8,bank,bank0,,0,"0,1",2,five_selected_direction_coefficients,actual,right_white,-3.6115298566193894e-07,-5.619322727129332e-07
Muon,1300,8,bank,bank0,,0,"0,1",2,five_selected_direction_coefficients,left0,actual,4.452469430296309e-07,2.5523869101220735e-07
Muon,1300,8,bank,bank0,,0,"0,1",2,five_selected_direction_coefficients,left0,left0,3.2762137129358213e-06,5.441000088496533e-06
Muon,1300,8,bank,bank0,,0,"0,1",2,five_selected_direction_coefficients,left0,left1,2.5770187475111124e-07,-3.2923893942419227e-08
Muon,1300,8,bank,bank0,,0,"0,1",2,five_selected_direction_coefficients,left0,right_raw,-2.8842728369063047e-07,-3.581936381629494e-08
Muon,1300,8,bank,bank0,,0,"0,1",2,five_selected_direction_coefficients,left0,right_white,-6.223695214415613e-09,3.886803487314805e-08
Muon,1300,8,bank,bank0,,0,"0,1",2,five_selected_direction_coefficients,left1,actual,5.620231432822762e-07,-1.0334567806773336e-07
Muon,1300,8,bank,bank0,,0,"0,1",2,five_selected_direction_coefficients,left1,left0,2.577018747511112e-07,-3.2923893942419227e-08
Muon,1300,8,bank,bank0,,0,"0,1",2,five_selected_direction_coefficients,left1,left1,3.231939699899961e-06,5.465749055970663e-06
Muon,1300,8,bank,bank0,,0,"0,1",2,five_selected_direction_coefficients,left1,right_raw,-2.3906440794120906e-07,4.2321905112619483e-07
Muon,1300,8,bank,bank0,,0,"0,1",2,five_selected_direction_coefficients,left1,right_white,-3.439782267556181e-07,3.224681122958751e-07
Muon,1300,8,bank,bank0,,0,"0,1",2,five_selected_direction_coefficients,right_raw,actual,1.0830791981418348e-06,9.78236624205948e-07
Muon,1300,8,bank,bank0,,0,"0,1",2,five_selected_direction_coefficients,right_raw,left0,-2.884272836906295e-07,-3.581936381629494e-08
Muon,1300,8,bank,bank0,,0,"0,1",2,five_selected_direction_coefficients,right_raw,left1,-2.390644079412084e-07,4.2321905112619483e-07
Muon,1300,8,bank,bank0,,0,"0,1",2,five_selected_direction_coefficients,right_raw,right_raw,7.814841514340234e-06,9.976052141187088e-06
Muon,1300,8,bank,bank0,,0,"0,1",2,five_selected_direction_coefficients,right_raw,right_white,7.934108145598688e-06,9.009886320267359e-06
Muon,1300,8,bank,bank0,,0,"0,1",2,five_selected_direction_coefficients,right_white,actual,-3.611529856619545e-07,-5.619322727129332e-07
Muon,1300,8,bank,bank0,,0,"0,1",2,five_selected_direction_coefficients,right_white,left0,-6.223695214418948e-09,3.886803487314805e-08
Muon,1300,8,bank,bank0,,0,"0,1",2,five_selected_direction_coefficients,right_white,left1,-3.4397822675562164e-07,3.224681122958751e-07
Muon,1300,8,bank,bank0,,0,"0,1",2,five_selected_direction_coefficients,right_white,right_raw,7.934108145598688e-06,9.009886320267359e-06
Muon,1300,8,bank,bank0,,0,"0,1",2,five_selected_direction_coefficients,right_white,right_white,2.7869161137994773e-05,2.7687525296363673e-05
Muon,1300,8,bank,bank1,,1,"2,3",2,five_selected_direction_coefficients,actual,actual,3.17631432818383e-05,3.03291166653837e-05
Muon,1300,8,bank,bank1,,1,"2,3",2,five_selected_direction_coefficients,actual,left0,3.232568282568599e-07,8.6816286475477e-07
Muon,1300,8,bank,bank1,,1,"2,3",2,five_selected_direction_coefficients,actual,left1,-1.114912259822407e-06,-1.130340653829805e-07
Muon,1300,8,bank,bank1,,1,"2,3",2,five_selected_direction_coefficients,actual,right_raw,1.6647649477832977e-06,1.5397400979338146e-06
Muon,1300,8,bank,bank1,,1,"2,3",2,five_selected_direction_coefficients,actual,right_white,-3.597104409305401e-06,-4.4295666686271065e-06
Muon,1300,8,bank,bank1,,1,"2,3",2,five_selected_direction_coefficients,left0,actual,3.23256828256858e-07,8.6816286475477e-07
Muon,1300,8,bank,bank1,,1,"2,3",2,five_selected_direction_coefficients,left0,left0,6.031197705682173e-06,4.691508435510677e-06
Muon,1300,8,bank,bank1,,1,"2,3",2,five_selected_direction_coefficients,left0,left1,-1.1804311667166698e-07,-1.7115429329490896e-09
Muon,1300,8,bank,bank1,,1,"2,3",2,five_selected_direction_coefficients,left0,right_raw,9.407221361329221e-07,1.3178836771471327e-07
Muon,1300,8,bank,bank1,,1,"2,3",2,five_selected_direction_coefficients,left0,right_white,1.0217434914803441e-06,-5.900832437491856e-07
Muon,1300,8,bank,bank1,,1,"2,3",2,five_selected_direction_coefficients,left1,actual,-1.1149122598224017e-06,-1.130340653829805e-07
Muon,1300,8,bank,bank1,,1,"2,3",2,five_selected_direction_coefficients,left1,left0,-1.1804311667166764e-07,-1.7115429329490896e-09
Muon,1300,8,bank,bank1,,1,"2,3",2,five_selected_direction_coefficients,left1,left1,6.381566165659912e-06,4.476642235853576e-06
Muon,1300,8,bank,bank1,,1,"2,3",2,five_selected_direction_coefficients,left1,right_raw,-1.8413502410535905e-07,2.792244606032687e-08
Muon,1300,8,bank,bank1,,1,"2,3",2,five_selected_direction_coefficients,left1,right_white,3.878818002513394e-07,2.9976059217325605e-07
Muon,1300,8,bank,bank1,,1,"2,3",2,five_selected_direction_coefficients,right_raw,actual,1.6647649477832977e-06,1.5397400979338146e-06
Muon,1300,8,bank,bank1,,1,"2,3",2,five_selected_direction_coefficients,right_raw,left0,9.407221361329212e-07,1.3178836771471327e-07
Muon,1300,8,bank,bank1,,1,"2,3",2,five_selected_direction_coefficients,right_raw,left1,-1.8413502410536016e-07,2.792244606032687e-08
Muon,1300,8,bank,bank1,,1,"2,3",2,five_selected_direction_coefficients,right_raw,right_raw,8.220904858426459e-06,7.1396215882960145e-06
Muon,1300,8,bank,bank1,,1,"2,3",2,five_selected_direction_coefficients,right_raw,right_white,5.499466587583862e-06,5.207230297023213e-06
Muon,1300,8,bank,bank1,,1,"2,3",2,five_selected_direction_coefficients,right_white,actual,-3.5971044093053897e-06,-4.4295666686271065e-06
Muon,1300,8,bank,bank1,,1,"2,3",2,five_selected_direction_coefficients,right_white,left0,1.0217434914803426e-06,-5.900832437491856e-07
Muon,1300,8,bank,bank1,,1,"2,3",2,five_selected_direction_coefficients,right_white,left1,3.878818002513412e-07,2.9976059217325605e-07
Muon,1300,8,bank,bank1,,1,"2,3",2,five_selected_direction_coefficients,right_white,right_raw,5.499466587583863e-06,5.207230297023213e-06
Muon,1300,8,bank,bank1,,1,"2,3",2,five_selected_direction_coefficients,right_white,right_white,2.752975213723779e-05,2.4210533076944908e-05
Muon,1300,8,all_contexts,all4,,,"0,1,2,3",4,five_selected_direction_coefficients,actual,actual,3.07720542485534e-05,3.1223094599116134e-05
Muon,1300,8,all_contexts,all4,,,"0,1,2,3",4,five_selected_direction_coefficients,actual,left0,3.842518856432464e-07,5.617007778834896e-07
Muon,1300,8,all_contexts,all4,,,"0,1,2,3",4,five_selected_direction_coefficients,actual,left1,-2.764445582700631e-07,-1.0818987172535685e-07
Muon,1300,8,all_contexts,all4,,,"0,1,2,3",4,five_selected_direction_coefficients,actual,right_raw,1.3739220729625705e-06,1.2589883610698834e-06
Muon,1300,8,all_contexts,all4,,,"0,1,2,3",4,five_selected_direction_coefficients,actual,right_white,-1.97912869748367e-06,-2.4957494706700215e-06
Muon,1300,8,all_contexts,all4,,,"0,1,2,3",4,five_selected_direction_coefficients,left0,actual,3.842518856432444e-07,5.617007778834896e-07
Muon,1300,8,all_contexts,all4,,,"0,1,2,3",4,five_selected_direction_coefficients,left0,left0,4.653705709308997e-06,5.0662542620036105e-06
Muon,1300,8,all_contexts,all4,,,"0,1,2,3",4,five_selected_direction_coefficients,left0,left1,6.982937903972212e-08,-1.7317718437684145e-08
Muon,1300,8,all_contexts,all4,,,"0,1,2,3",4,five_selected_direction_coefficients,left0,right_raw,3.261474262211458e-07,4.7984501949209194e-08
Muon,1300,8,all_contexts,all4,,,"0,1,2,3",4,five_selected_direction_coefficients,left0,right_white,5.077598981329643e-07,-2.7560760443801896e-07
Muon,1300,8,all_contexts,all4,,,"0,1,2,3",4,five_selected_direction_coefficients,left1,actual,-2.764445582700627e-07,-1.0818987172535685e-07
Muon,1300,8,all_contexts,all4,,,"0,1,2,3",4,five_selected_direction_coefficients,left1,left0,6.982937903972178e-08,-1.7317718437684145e-08
Muon,1300,8,all_contexts,all4,,,"0,1,2,3",4,five_selected_direction_coefficients,left1,left1,4.806752932779937e-06,4.9711956459121225e-06
Muon,1300,8,all_contexts,all4,,,"0,1,2,3",4,five_selected_direction_coefficients,left1,right_raw,-2.1159971602328403e-07,2.255707485932609e-07
Muon,1300,8,all_contexts,all4,,,"0,1,2,3",4,five_selected_direction_coefficients,left1,right_white,2.1951786747860664e-08,3.111143522345653e-07
Muon,1300,8,all_contexts,all4,,,"0,1,2,3",4,five_selected_direction_coefficients,right_raw,actual,1.3739220729625662e-06,1.2589883610698834e-06
Muon,1300,8,all_contexts,all4,,,"0,1,2,3",4,five_selected_direction_coefficients,right_raw,left0,3.261474262211458e-07,4.7984501949209194e-08
Muon,1300,8,all_contexts,all4,,,"0,1,2,3",4,five_selected_direction_coefficients,right_raw,left1,-2.115997160232843e-07,2.255707485932609e-07
Muon,1300,8,all_contexts,all4,,,"0,1,2,3",4,five_selected_direction_coefficients,right_raw,right_raw,8.017873186383347e-06,8.557836864741543e-06
Muon,1300,8,all_contexts,all4,,,"0,1,2,3",4,five_selected_direction_coefficients,right_raw,right_white,6.716787366591275e-06,7.108558308645299e-06
Muon,1300,8,all_contexts,all4,,,"0,1,2,3",4,five_selected_direction_coefficients,right_white,actual,-1.9791286974836724e-06,-2.4957494706700215e-06
Muon,1300,8,all_contexts,all4,,,"0,1,2,3",4,five_selected_direction_coefficients,right_white,left0,5.077598981329619e-07,-2.7560760443801896e-07
Muon,1300,8,all_contexts,all4,,,"0,1,2,3",4,five_selected_direction_coefficients,right_white,left1,2.195178674785979e-08,3.111143522345653e-07
Muon,1300,8,all_contexts,all4,,,"0,1,2,3",4,five_selected_direction_coefficients,right_white,right_raw,6.716787366591276e-06,7.108558308645299e-06
Muon,1300,8,all_contexts,all4,,,"0,1,2,3",4,five_selected_direction_coefficients,right_white,right_white,2.7699456637616283e-05,2.5949029186654248e-05
PD,10,1,context,context0,0,0,0,1,five_selected_direction_coefficients,actual,actual,7.430693262953152e-05,7.141257444247855e-06
PD,10,1,context,context0,0,0,0,1,five_selected_direction_coefficients,actual,left0,-7.017519360209926e-07,-1.1155932675503758e-07
PD,10,1,context,context0,0,0,0,1,five_selected_direction_coefficients,actual,left1,3.5039513325419087e-07,4.923653251738711e-08
PD,10,1,context,context0,0,0,0,1,five_selected_direction_coefficients,actual,right_raw,1.878612616788669e-06,8.957221531311863e-08
PD,10,1,context,context0,0,0,0,1,five_selected_direction_coefficients,actual,right_white,3.165607186724512e-06,2.32434764497388e-07
PD,10,1,context,context0,0,0,0,1,five_selected_direction_coefficients,left0,actual,-7.017519360209926e-07,-1.1155932675503758e-07
PD,10,1,context,context0,0,0,0,1,five_selected_direction_coefficients,left0,left0,4.268975668170185e-06,7.622288381990406e-07
PD,10,1,context,context0,0,0,0,1,five_selected_direction_coefficients,left0,left1,4.862609572971621e-08,-2.7067797574355517e-09
PD,10,1,context,context0,0,0,0,1,five_selected_direction_coefficients,left0,right_raw,-4.089261946304572e-08,-7.158798126722649e-10
PD,10,1,context,context0,0,0,0,1,five_selected_direction_coefficients,left0,right_white,-1.7739202835584706e-07,-3.597904794899172e-09
PD,10,1,context,context0,0,0,0,1,five_selected_direction_coefficients,left1,actual,3.503951332541914e-07,4.923653251738711e-08
PD,10,1,context,context0,0,0,0,1,five_selected_direction_coefficients,left1,left0,4.862609572971591e-08,-2.7067797574355517e-09
PD,10,1,context,context0,0,0,0,1,five_selected_direction_coefficients,left1,left1,4.520495998473477e-06,7.606034926810678e-07
PD,10,1,context,context0,0,0,0,1,five_selected_direction_coefficients,left1,right_raw,5.99127229791453e-08,1.754822950420041e-09
PD,10,1,context,context0,0,0,0,1,five_selected_direction_coefficients,left1,right_white,2.166079217157952e-07,9.808204975121417e-09
PD,10,1,context,context0,0,0,0,1,five_selected_direction_coefficients,right_raw,actual,1.8786126167886674e-06,8.957221531311863e-08
PD,10,1,context,context0,0,0,0,1,five_selected_direction_coefficients,right_raw,left0,-4.089261946304498e-08,-7.158798126722649e-10
PD,10,1,context,context0,0,0,0,1,five_selected_direction_coefficients,right_raw,left1,5.991272297914464e-08,1.754822950420041e-09
PD,10,1,context,context0,0,0,0,1,five_selected_direction_coefficients,right_raw,right_raw,1.5688354742845253e-05,2.246108664845097e-06
PD,10,1,context,context0,0,0,0,1,five_selected_direction_coefficients,right_raw,right_white,1.152596898252328e-05,1.6854680070674705e-06
PD,10,1,context,context0,0,0,0,1,five_selected_direction_coefficients,right_white,actual,3.1656071867245133e-06,2.32434764497388e-07
PD,10,1,context,context0,0,0,0,1,five_selected_direction_coefficients,right_white,left0,-1.7739202835584773e-07,-3.597904794899172e-09
PD,10,1,context,context0,0,0,0,1,five_selected_direction_coefficients,right_white,left1,2.166079217157947e-07,9.808204975121417e-09
PD,10,1,context,context0,0,0,0,1,five_selected_direction_coefficients,right_white,right_raw,1.152596898252328e-05,1.6854680070674705e-06
PD,10,1,context,context0,0,0,0,1,five_selected_direction_coefficients,right_white,right_white,1.4990649749245994e-05,2.2196065472430536e-06
PD,10,1,context,context1,1,0,1,1,five_selected_direction_coefficients,actual,actual,8.223088601486898e-05,7.305417235219784e-06
PD,10,1,context,context1,1,0,1,1,five_selected_direction_coefficients,actual,left0,-2.7246307695036343e-07,-1.2150668216517231e-08
PD,10,1,context,context1,1,0,1,1,five_selected_direction_coefficients,actual,left1,8.668176491663698e-08,1.2264143496948972e-08
PD,10,1,context,context1,1,0,1,1,five_selected_direction_coefficients,actual,right_raw,-6.458425637334238e-07,-3.4389934233839285e-08
PD,10,1,context,context1,1,0,1,1,five_selected_direction_coefficients,actual,right_white,-1.281960480448586e-06,-6.719891084319136e-08
PD,10,1,context,context1,1,0,1,1,five_selected_direction_coefficients,left0,actual,-2.724630769503635e-07,-1.2150668216517231e-08
PD,10,1,context,context1,1,0,1,1,five_selected_direction_coefficients,left0,left0,4.848384866005596e-06,7.478664593246353e-07
PD,10,1,context,context1,1,0,1,1,five_selected_direction_coefficients,left0,left1,-6.775841980388694e-08,3.4087543186186986e-09
PD,10,1,context,context1,1,0,1,1,five_selected_direction_coefficients,left0,right_raw,1.5442782762546813e-07,-8.779148075331067e-09
PD,10,1,context,context1,1,0,1,1,five_selected_direction_coefficients,left0,right_white,5.076855456527836e-07,8.123457924817857e-09
PD,10,1,context,context1,1,0,1,1,five_selected_direction_coefficients,left1,actual,8.668176491663719e-08,1.2264143496948972e-08
PD,10,1,context,context1,1,0,1,1,five_selected_direction_coefficients,left1,left0,-6.77584198038864e-08,3.4087543186186986e-09
PD,10,1,context,context1,1,0,1,1,five_selected_direction_coefficients,left1,left1,5.447099832808934e-06,7.774149697047647e-07
PD,10,1,context,context1,1,0,1,1,five_selected_direction_coefficients,left1,right_raw,-2.964613005683907e-08,3.3485397223923073e-09
PD,10,1,context,context1,1,0,1,1,five_selected_direction_coefficients,left1,right_white,1.074802812908755e-07,1.0851782347002234e-08
PD,10,1,context,context1,1,0,1,1,five_selected_direction_coefficients,right_raw,actual,-6.458425637334241e-07,-3.4389934233839285e-08
PD,10,1,context,context1,1,0,1,1,five_selected_direction_coefficients,right_raw,left0,1.5442782762546786e-07,-8.779148075331067e-09
PD,10,1,context,context1,1,0,1,1,five_selected_direction_coefficients,right_raw,left1,-2.9646130056839558e-08,3.3485397223923073e-09
PD,10,1,context,context1,1,0,1,1,five_selected_direction_coefficients,right_raw,right_raw,1.706832466920023e-05,2.2624010694421483e-06
PD,10,1,context,context1,1,0,1,1,five_selected_direction_coefficients,right_raw,right_white,1.2026570584755401e-05,1.6041157601829577e-06
PD,10,1,context,context1,1,0,1,1,five_selected_direction_coefficients,right_white,actual,-1.2819604804485844e-06,-6.719891084319136e-08
PD,10,1,context,context1,1,0,1,1,five_selected_direction_coefficients,right_white,left0,5.076855456527827e-07,8.123457924817857e-09
PD,10,1,context,context1,1,0,1,1,five_selected_direction_coefficients,right_white,left1,1.0748028129087485e-07,1.0851782347002234e-08
PD,10,1,context,context1,1,0,1,1,five_selected_direction_coefficients,right_white,right_raw,1.2026570584755401e-05,1.6041157601829577e-06
PD,10,1,context,context1,1,0,1,1,five_selected_direction_coefficients,right_white,right_white,1.582537125306517e-05,2.1086706075446104e-06
PD,10,1,context,context2,2,1,2,1,five_selected_direction_coefficients,actual,actual,8.216417898301086e-05,7.291525720209778e-06
PD,10,1,context,context2,2,1,2,1,five_selected_direction_coefficients,actual,left0,-9.445492233796554e-07,-1.261686378636782e-07
PD,10,1,context,context2,2,1,2,1,five_selected_direction_coefficients,actual,left1,2.366066183619402e-07,2.2730575299473836e-08
PD,10,1,context,context2,2,1,2,1,five_selected_direction_coefficients,actual,right_raw,8.301064351263383e-07,-5.240590580345628e-08
PD,10,1,context,context2,2,1,2,1,five_selected_direction_coefficients,actual,right_white,2.8272643356548737e-07,-9.52547718211962e-08
PD,10,1,context,context2,2,1,2,1,five_selected_direction_coefficients,left0,actual,-9.445492233796554e-07,-1.261686378636782e-07
PD,10,1,context,context2,2,1,2,1,five_selected_direction_coefficients,left0,left0,4.972642020982864e-06,7.60983851668656e-07
PD,10,1,context,context2,2,1,2,1,five_selected_direction_coefficients,left0,left1,-4.954504883517843e-08,-6.693933951821018e-09
PD,10,1,context,context2,2,1,2,1,five_selected_direction_coefficients,left0,right_raw,-1.7283026790668342e-07,-3.340286532734031e-09
PD,10,1,context,context2,2,1,2,1,five_selected_direction_coefficients,left0,right_white,-1.6755831625831464e-07,9.321969555732036e-09
PD,10,1,context,context2,2,1,2,1,five_selected_direction_coefficients,left1,actual,2.3660661836193984e-07,2.2730575299473836e-08
PD,10,1,context,context2,2,1,2,1,five_selected_direction_coefficients,left1,left0,-4.954504883517837e-08,-6.693933951821018e-09
PD,10,1,context,context2,2,1,2,1,five_selected_direction_coefficients,left1,left1,5.205328120932018e-06,7.483782194708636e-07
PD,10,1,context,context2,2,1,2,1,five_selected_direction_coefficients,left1,right_raw,-7.984515921487477e-09,-2.277568681090932e-08
PD,10,1,context,context2,2,1,2,1,five_selected_direction_coefficients,left1,right_white,7.297726224872583e-08,-1.3813415226199028e-08
PD,10,1,context,context2,2,1,2,1,five_selected_direction_coefficients,right_raw,actual,8.301064351263409e-07,-5.240590580345628e-08
PD,10,1,context,context2,2,1,2,1,five_selected_direction_coefficients,right_raw,left0,-1.7283026790668332e-07,-3.340286532734031e-09
PD,10,1,context,context2,2,1,2,1,five_selected_direction_coefficients,right_raw,left1,-7.984515921487741e-09,-2.277568681090932e-08
PD,10,1,context,context2,2,1,2,1,five_selected_direction_coefficients,right_raw,right_raw,1.7525788940995638e-05,2.3614269690362863e-06
PD,10,1,context,context2,2,1,2,1,five_selected_direction_coefficients,right_raw,right_white,1.2638346217740151e-05,1.6929728478455284e-06
PD,10,1,context,context2,2,1,2,1,five_selected_direction_coefficients,right_white,actual,2.827264335654884e-07,-9.52547718211962e-08
PD,10,1,context,context2,2,1,2,1,five_selected_direction_coefficients,right_white,left0,-1.6755831625831448e-07,9.321969555732036e-09
PD,10,1,context,context2,2,1,2,1,five_selected_direction_coefficients,right_white,left1,7.297726224872519e-08,-1.3813415226199028e-08
PD,10,1,context,context2,2,1,2,1,five_selected_direction_coefficients,right_white,right_raw,1.263834621774015e-05,1.6929728478455284e-06
PD,10,1,context,context2,2,1,2,1,five_selected_direction_coefficients,right_white,right_white,1.65588249807978e-05,2.1875202098307476e-06
PD,10,1,context,context3,3,1,3,1,five_selected_direction_coefficients,actual,actual,7.095003231387005e-05,7.315859065438743e-06
PD,10,1,context,context3,3,1,3,1,five_selected_direction_coefficients,actual,left0,4.982619433389731e-07,-1.2757960443899338e-08
PD,10,1,context,context3,3,1,3,1,five_selected_direction_coefficients,actual,left1,9.157643124286001e-07,-6.4663422099089054e-09
PD,10,1,context,context3,3,1,3,1,five_selected_direction_coefficients,actual,right_raw,7.405342028036533e-07,8.786091080706443e-08
PD,10,1,context,context3,3,1,3,1,five_selected_direction_coefficients,actual,right_white,-2.07193867796213e-06,-2.1821395594613384e-07
PD,10,1,context,context3,3,1,3,1,five_selected_direction_coefficients,left0,actual,4.982619433389749e-07,-1.2757960443899338e-08
PD,10,1,context,context3,3,1,3,1,five_selected_direction_coefficients,left0,left0,3.935177136817822e-06,7.610462336122535e-07
PD,10,1,context,context3,3,1,3,1,five_selected_direction_coefficients,left0,left1,1.225755060468954e-07,8.222624540222314e-09
PD,10,1,context,context3,3,1,3,1,five_selected_direction_coefficients,left0,right_raw,-1.3448819592229153e-07,-9.46962211165008e-09
PD,10,1,context,context3,3,1,3,1,five_selected_direction_coefficients,left0,right_white,-2.7743304588771467e-07,-1.1274303629523902e-08
PD,10,1,context,context3,3,1,3,1,five_selected_direction_coefficients,left1,actual,9.157643124286005e-07,-6.4663422099089054e-09
PD,10,1,context,context3,3,1,3,1,five_selected_direction_coefficients,left1,left0,1.2257550604689527e-07,8.222624540222314e-09
PD,10,1,context,context3,3,1,3,1,five_selected_direction_coefficients,left1,left1,4.3373611294540835e-06,7.60361104935087e-07
PD,10,1,context,context3,3,1,3,1,five_selected_direction_coefficients,left1,right_raw,1.5840399365190686e-07,3.176695761669184e-09
PD,10,1,context,context3,3,1,3,1,five_selected_direction_coefficients,left1,right_white,4.393760894328526e-08,7.535750236227978e-09
PD,10,1,context,context3,3,1,3,1,five_selected_direction_coefficients,right_raw,actual,7.405342028036532e-07,8.786091080706443e-08
PD,10,1,context,context3,3,1,3,1,five_selected_direction_coefficients,right_raw,left0,-1.344881959222912e-07,-9.46962211165008e-09
PD,10,1,context,context3,3,1,3,1,five_selected_direction_coefficients,right_raw,left1,1.5840399365190638e-07,3.176695761669184e-09
PD,10,1,context,context3,3,1,3,1,five_selected_direction_coefficients,right_raw,right_raw,1.4431492110251381e-05,2.2483340633391543e-06
PD,10,1,context,context3,3,1,3,1,five_selected_direction_coefficients,right_raw,right_white,1.0815271912210002e-05,1.6970497296983332e-06
PD,10,1,context,context3,3,1,3,1,five_selected_direction_coefficients,right_white,actual,-2.0719386779621287e-06,-2.1821395594613384e-07
PD,10,1,context,context3,3,1,3,1,five_selected_direction_coefficients,right_white,left0,-2.774330458877143e-07,-1.1274303629523902e-08
PD,10,1,context,context3,3,1,3,1,five_selected_direction_coefficients,right_white,left1,4.3937608943285086e-08,7.535750236227978e-09
PD,10,1,context,context3,3,1,3,1,five_selected_direction_coefficients,right_white,right_raw,1.081527191221e-05,1.6970497296983332e-06
PD,10,1,context,context3,3,1,3,1,five_selected_direction_coefficients,right_white,right_white,1.4473748523209536e-05,2.2604377785391585e-06
PD,10,1,bank,bank0,,0,"0,1",2,five_selected_direction_coefficients,actual,actual,7.826890932220025e-05,7.223337339733814e-06
PD,10,1,bank,bank0,,0,"0,1",2,five_selected_direction_coefficients,actual,left0,-4.87107506485678e-07,-6.185499748577755e-08
PD,10,1,bank,bank0,,0,"0,1",2,five_selected_direction_coefficients,actual,left1,2.1853844908541394e-07,3.075033800716804e-08
PD,10,1,bank,bank0,,0,"0,1",2,five_selected_direction_coefficients,actual,right_raw,6.163850265276226e-07,2.7591140539639662e-08
PD,10,1,bank,bank0,,0,"0,1",2,five_selected_direction_coefficients,actual,right_white,9.41823353137963e-07,8.261792682709831e-08
PD,10,1,bank,bank0,,0,"0,1",2,five_selected_direction_coefficients,left0,actual,-4.87107506485678e-07,-6.185499748577755e-08
PD,10,1,bank,bank0,,0,"0,1",2,five_selected_direction_coefficients,left0,left0,4.5586802670878904e-06,7.55047648761839e-07
PD,10,1,bank,bank0,,0,"0,1",2,five_selected_direction_coefficients,left0,left1,-9.566162037085365e-09,3.5098728059157365e-10
PD,10,1,bank,bank0,,0,"0,1",2,five_selected_direction_coefficients,left0,right_raw,5.6767604081211205e-08,-4.747513944001669e-09
PD,10,1,bank,bank0,,0,"0,1",2,five_selected_direction_coefficients,left0,right_white,1.6514675864846827e-07,2.262776564959338e-09
PD,10,1,bank,bank0,,0,"0,1",2,five_selected_direction_coefficients,left1,actual,2.185384490854143e-07,3.075033800716804e-08
PD,10,1,bank,bank0,,0,"0,1",2,five_selected_direction_coefficients,left1,left0,-9.566162037085246e-09,3.5098728059157365e-10
PD,10,1,bank,bank0,,0,"0,1",2,five_selected_direction_coefficients,left1,left1,4.983797915641206e-06,7.690092311929161e-07
PD,10,1,bank,bank0,,0,"0,1",2,five_selected_direction_coefficients,left1,right_raw,1.5133296461153114e-08,2.551681336406174e-09
PD,10,1,bank,bank0,,0,"0,1",2,five_selected_direction_coefficients,left1,right_white,1.6204410150333534e-07,1.032999366106183e-08
PD,10,1,bank,bank0,,0,"0,1",2,five_selected_direction_coefficients,right_raw,actual,6.163850265276217e-07,2.7591140539639662e-08
PD,10,1,bank,bank0,,0,"0,1",2,five_selected_direction_coefficients,right_raw,left0,5.676760408121144e-08,-4.747513944001669e-09
PD,10,1,bank,bank0,,0,"0,1",2,five_selected_direction_coefficients,right_raw,left1,1.513329646115254e-08,2.551681336406174e-09
PD,10,1,bank,bank0,,0,"0,1",2,five_selected_direction_coefficients,right_raw,right_raw,1.6378339706022743e-05,2.254254867143622e-06
PD,10,1,bank,bank0,,0,"0,1",2,five_selected_direction_coefficients,right_raw,right_white,1.1776269783639341e-05,1.6447918836252124e-06
PD,10,1,bank,bank0,,0,"0,1",2,five_selected_direction_coefficients,right_white,actual,9.418233531379644e-07,8.261792682709831e-08
PD,10,1,bank,bank0,,0,"0,1",2,five_selected_direction_coefficients,right_white,left0,1.6514675864846747e-07,2.262776564959338e-09
PD,10,1,bank,bank0,,0,"0,1",2,five_selected_direction_coefficients,right_white,left1,1.6204410150333478e-07,1.032999366106183e-08
PD,10,1,bank,bank0,,0,"0,1",2,five_selected_direction_coefficients,right_white,right_raw,1.1776269783639341e-05,1.6447918836252124e-06
PD,10,1,bank,bank0,,0,"0,1",2,five_selected_direction_coefficients,right_white,right_white,1.540801050115558e-05,2.1641385773938307e-06
PD,10,1,bank,bank1,,1,"2,3",2,five_selected_direction_coefficients,actual,actual,7.655710564844045e-05,7.303692392824271e-06
PD,10,1,bank,bank1,,1,"2,3",2,five_selected_direction_coefficients,actual,left0,-2.2314364002034112e-07,-6.946329915378866e-08
PD,10,1,bank,bank1,,1,"2,3",2,five_selected_direction_coefficients,actual,left1,5.761854653952701e-07,8.132116544782459e-09
PD,10,1,bank,bank1,,1,"2,3",2,five_selected_direction_coefficients,actual,right_raw,7.853203189649958e-07,1.7727502501804025e-08
PD,10,1,bank,bank1,,1,"2,3",2,five_selected_direction_coefficients,actual,right_white,-8.946061221983213e-07,-1.5673436388366545e-07
PD,10,1,bank,bank1,,1,"2,3",2,five_selected_direction_coefficients,left0,actual,-2.2314364002034022e-07,-6.946329915378866e-08
PD,10,1,bank,bank1,,1,"2,3",2,five_selected_direction_coefficients,left0,left0,4.453909578900343e-06,7.610150426404541e-07
PD,10,1,bank,bank1,,1,"2,3",2,five_selected_direction_coefficients,left0,left1,3.6515228605858487e-08,7.643452942006455e-10
PD,10,1,bank,bank1,,1,"2,3",2,five_selected_direction_coefficients,left0,right_raw,-1.5365923191448748e-07,-6.4049543221920486e-09
PD,10,1,bank,bank1,,1,"2,3",2,five_selected_direction_coefficients,left0,right_white,-2.2249568107301465e-07,-9.761670368959282e-10
PD,10,1,bank,bank1,,1,"2,3",2,five_selected_direction_coefficients,left1,actual,5.761854653952701e-07,8.132116544782459e-09
PD,10,1,bank,bank1,,1,"2,3",2,five_selected_direction_coefficients,left1,left0,3.651522860585845e-08,7.643452942006455e-10
PD,10,1,bank,bank1,,1,"2,3",2,five_selected_direction_coefficients,left1,left1,4.771344625193051e-06,7.54369662202976e-07
PD,10,1,bank,bank1,,1,"2,3",2,five_selected_direction_coefficients,left1,right_raw,7.520973886520969e-08,-9.799495524620061e-09
PD,10,1,bank,bank1,,1,"2,3",2,five_selected_direction_coefficients,left1,right_white,5.8457435596005543e-08,-3.1388324949855227e-09
PD,10,1,bank,bank1,,1,"2,3",2,five_selected_direction_coefficients,right_raw,actual,7.85320318964997e-07,1.7727502501804025e-08
PD,10,1,bank,bank1,,1,"2,3",2,five_selected_direction_coefficients,right_raw,left0,-1.5365923191448724e-07,-6.4049543221920486e-09
PD,10,1,bank,bank1,,1,"2,3",2,five_selected_direction_coefficients,right_raw,left1,7.520973886520932e-08,-9.799495524620061e-09
PD,10,1,bank,bank1,,1,"2,3",2,five_selected_direction_coefficients,right_raw,right_raw,1.597864052562351e-05,2.3048805161877205e-06
PD,10,1,bank,bank1,,1,"2,3",2,five_selected_direction_coefficients,right_raw,right_white,1.1726809064975076e-05,1.6950112887719305e-06
PD,10,1,bank,bank1,,1,"2,3",2,five_selected_direction_coefficients,right_white,actual,-8.946061221983201e-07,-1.5673436388366545e-07
PD,10,1,bank,bank1,,1,"2,3",2,five_selected_direction_coefficients,right_white,left0,-2.224956810730144e-07,-9.761670368959282e-10
PD,10,1,bank,bank1,,1,"2,3",2,five_selected_direction_coefficients,right_white,left1,5.845743559600514e-08,-3.1388324949855227e-09
PD,10,1,bank,bank1,,1,"2,3",2,five_selected_direction_coefficients,right_white,right_raw,1.1726809064975075e-05,1.6950112887719305e-06
PD,10,1,bank,bank1,,1,"2,3",2,five_selected_direction_coefficients,right_white,right_white,1.5516286752003668e-05,2.223978994184954e-06
PD,10,1,all_contexts,all4,,,"0,1,2,3",4,five_selected_direction_coefficients,actual,actual,7.741300748532036e-05,7.26351486627903e-06
PD,10,1,all_contexts,all4,,,"0,1,2,3",4,five_selected_direction_coefficients,actual,left0,-3.5512557325300955e-07,-6.565914831978323e-08
PD,10,1,all_contexts,all4,,,"0,1,2,3",4,five_selected_direction_coefficients,actual,left1,3.9736195724034206e-07,1.944122727597521e-08
PD,10,1,all_contexts,all4,,,"0,1,2,3",4,five_selected_direction_coefficients,actual,right_raw,7.008526727463093e-07,2.2659321520721883e-08
PD,10,1,all_contexts,all4,,,"0,1,2,3",4,five_selected_direction_coefficients,actual,right_white,2.360861546982079e-08,-3.7058218528283355e-08
PD,10,1,all_contexts,all4,,,"0,1,2,3",4,five_selected_direction_coefficients,left0,actual,-3.5512557325300907e-07,-6.565914831978323e-08
PD,10,1,all_contexts,all4,,,"0,1,2,3",4,five_selected_direction_coefficients,left0,left0,4.506294922994117e-06,7.580313457011475e-07
PD,10,1,all_contexts,all4,,,"0,1,2,3",4,five_selected_direction_coefficients,left0,left1,1.347453328438656e-08,5.576662873961096e-10
PD,10,1,all_contexts,all4,,,"0,1,2,3",4,five_selected_direction_coefficients,left0,right_raw,-4.844581391663814e-08,-5.576234133096864e-09
PD,10,1,all_contexts,all4,,,"0,1,2,3",4,five_selected_direction_coefficients,left0,right_white,-2.8674461212273194e-08,6.433047640317052e-10
PD,10,1,all_contexts,all4,,,"0,1,2,3",4,five_selected_direction_coefficients,left1,actual,3.973619572403422e-07,1.944122727597521e-08
PD,10,1,all_contexts,all4,,,"0,1,2,3",4,five_selected_direction_coefficients,left1,left0,1.34745332843866e-08,5.576662873961096e-10
PD,10,1,all_contexts,all4,,,"0,1,2,3",4,five_selected_direction_coefficients,left1,left1,4.877571270417128e-06,7.616894466979451e-07
PD,10,1,all_contexts,all4,,,"0,1,2,3",4,five_selected_direction_coefficients,left1,right_raw,4.51715176631814e-08,-3.6239070941069437e-09
PD,10,1,all_contexts,all4,,,"0,1,2,3",4,five_selected_direction_coefficients,left1,right_white,1.1025076854967044e-07,3.595580583038161e-09
PD,10,1,all_contexts,all4,,,"0,1,2,3",4,five_selected_direction_coefficients,right_raw,actual,7.008526727463094e-07,2.2659321520721883e-08
PD,10,1,all_contexts,all4,,,"0,1,2,3",4,five_selected_direction_coefficients,right_raw,left0,-4.8445813916637905e-08,-5.576234133096864e-09
PD,10,1,all_contexts,all4,,,"0,1,2,3",4,five_selected_direction_coefficients,right_raw,left1,4.517151766318093e-08,-3.6239070941069437e-09
PD,10,1,all_contexts,all4,,,"0,1,2,3",4,five_selected_direction_coefficients,right_raw,right_raw,1.6178490115823126e-05,2.279567691665671e-06
PD,10,1,all_contexts,all4,,,"0,1,2,3",4,five_selected_direction_coefficients,right_raw,right_white,1.1751539424307209e-05,1.6699015861985737e-06
PD,10,1,all_contexts,all4,,,"0,1,2,3",4,five_selected_direction_coefficients,right_white,actual,2.3608615469822166e-08,-3.7058218528283355e-08
PD,10,1,all_contexts,all4,,,"0,1,2,3",4,five_selected_direction_coefficients,right_white,left0,-2.867446121227346e-08,6.433047640317052e-10
PD,10,1,all_contexts,all4,,,"0,1,2,3",4,five_selected_direction_coefficients,right_white,left1,1.1025076854966997e-07,3.595580583038161e-09
PD,10,1,all_contexts,all4,,,"0,1,2,3",4,five_selected_direction_coefficients,right_white,right_raw,1.1751539424307207e-05,1.6699015861985737e-06
PD,10,1,all_contexts,all4,,,"0,1,2,3",4,five_selected_direction_coefficients,right_white,right_white,1.5462148626579626e-05,2.194058785789391e-06
PD,10,4,context,context0,0,0,0,1,five_selected_direction_coefficients,actual,actual,6.884895756822908e-06,7.940789199897434e-07
PD,10,4,context,context0,0,0,0,1,five_selected_direction_coefficients,actual,left0,-9.150277701290945e-08,-1.0308662870035918e-08
PD,10,4,context,context0,0,0,0,1,five_selected_direction_coefficients,actual,left1,-2.070366033882747e-08,1.8506703493079543e-09
PD,10,4,context,context0,0,0,0,1,five_selected_direction_coefficients,actual,right_raw,2.8557670312725076e-07,2.5865985748147985e-08
PD,10,4,context,context0,0,0,0,1,five_selected_direction_coefficients,actual,right_white,-4.321929182292064e-07,-3.597093016497033e-08
PD,10,4,context,context0,0,0,0,1,five_selected_direction_coefficients,left0,actual,-9.150277701290948e-08,-1.0308662870035918e-08
PD,10,4,context,context0,0,0,0,1,five_selected_direction_coefficients,left0,left0,9.024866949762982e-07,1.209695705917998e-07
PD,10,4,context,context0,0,0,0,1,five_selected_direction_coefficients,left0,left1,1.5017889493843303e-08,-1.2553456710980072e-10
PD,10,4,context,context0,0,0,0,1,five_selected_direction_coefficients,left0,right_raw,1.841309211182324e-07,1.3198922960741806e-08
PD,10,4,context,context0,0,0,0,1,five_selected_direction_coefficients,left0,right_white,1.0977097873759405e-07,5.020450806958729e-09
PD,10,4,context,context0,0,0,0,1,five_selected_direction_coefficients,left1,actual,-2.0703660338827547e-08,1.8506703493079543e-09
PD,10,4,context,context0,0,0,0,1,five_selected_direction_coefficients,left1,left0,1.5017889493843313e-08,-1.2553456710980072e-10
PD,10,4,context,context0,0,0,0,1,five_selected_direction_coefficients,left1,left1,9.746092289520125e-07,1.23774991268277e-07
PD,10,4,context,context0,0,0,0,1,five_selected_direction_coefficients,left1,right_raw,1.076256685021529e-07,8.701709452549874e-09
PD,10,4,context,context0,0,0,0,1,five_selected_direction_coefficients,left1,right_white,2.4622833279043217e-08,-3.4748189050248566e-09
PD,10,4,context,context0,0,0,0,1,five_selected_direction_coefficients,right_raw,actual,2.8557670312725076e-07,2.5865985748147985e-08
PD,10,4,context,context0,0,0,0,1,five_selected_direction_coefficients,right_raw,left0,1.8413092111823235e-07,1.3198922960741806e-08
PD,10,4,context,context0,0,0,0,1,five_selected_direction_coefficients,right_raw,left1,1.0762566850215301e-07,8.701709452549874e-09
PD,10,4,context,context0,0,0,0,1,five_selected_direction_coefficients,right_raw,right_raw,9.243453757931456e-06,1.2075688152325905e-06
PD,10,4,context,context0,0,0,0,1,five_selected_direction_coefficients,right_raw,right_white,2.3783346522836236e-06,2.9121984123173936e-07
PD,10,4,context,context0,0,0,0,1,five_selected_direction_coefficients,right_white,actual,-4.321929182292064e-07,-3.597093016497033e-08
PD,10,4,context,context0,0,0,0,1,five_selected_direction_coefficients,right_white,left0,1.0977097873759405e-07,5.020450806958729e-09
PD,10,4,context,context0,0,0,0,1,five_selected_direction_coefficients,right_white,left1,2.462283327904319e-08,-3.4748189050248566e-09
PD,10,4,context,context0,0,0,0,1,five_selected_direction_coefficients,right_white,right_raw,2.378334652283624e-06,2.9121984123173936e-07
PD,10,4,context,context0,0,0,0,1,five_selected_direction_coefficients,right_white,right_white,4.177182055447247e-06,5.311426111098696e-07
PD,10,4,context,context1,1,0,1,1,five_selected_direction_coefficients,actual,actual,7.300775793325676e-06,7.83791339072918e-07
PD,10,4,context,context1,1,0,1,1,five_selected_direction_coefficients,actual,left0,3.678838899000375e-08,-2.742006664949667e-09
PD,10,4,context,context1,1,0,1,1,five_selected_direction_coefficients,actual,left1,8.66362778766962e-08,7.654899456696197e-09
PD,10,4,context,context1,1,0,1,1,five_selected_direction_coefficients,actual,right_raw,1.7189552725550285e-07,2.2411706497916497e-08
PD,10,4,context,context1,1,0,1,1,five_selected_direction_coefficients,actual,right_white,-2.621975947057691e-07,-2.6576564975022713e-08
PD,10,4,context,context1,1,0,1,1,five_selected_direction_coefficients,left0,actual,3.678838899000383e-08,-2.742006664949667e-09
PD,10,4,context,context1,1,0,1,1,five_selected_direction_coefficients,left0,left0,7.737774751241214e-07,1.1805313216692727e-07
PD,10,4,context,context1,1,0,1,1,five_selected_direction_coefficients,left0,left1,-1.2591706336129489e-08,-8.543763488520116e-10
PD,10,4,context,context1,1,0,1,1,five_selected_direction_coefficients,left0,right_raw,1.361234640183445e-07,1.5968804854917023e-08
PD,10,4,context,context1,1,0,1,1,five_selected_direction_coefficients,left0,right_white,2.6873631700330028e-08,5.260315008061652e-09
PD,10,4,context,context1,1,0,1,1,five_selected_direction_coefficients,left1,actual,8.663627787669621e-08,7.654899456696197e-09
PD,10,4,context,context1,1,0,1,1,five_selected_direction_coefficients,left1,left0,-1.25917063361295e-08,-8.543763488520116e-10
PD,10,4,context,context1,1,0,1,1,five_selected_direction_coefficients,left1,left1,9.310319756400759e-07,1.1744412844009752e-07
PD,10,4,context,context1,1,0,1,1,five_selected_direction_coefficients,left1,right_raw,4.855707967603101e-08,1.1343662529936238e-08
PD,10,4,context,context1,1,0,1,1,five_selected_direction_coefficients,left1,right_white,1.7388048622234435e-08,1.8493291523875036e-09
PD,10,4,context,context1,1,0,1,1,five_selected_direction_coefficients,right_raw,actual,1.718955272555028e-07,2.2411706497916497e-08
PD,10,4,context,context1,1,0,1,1,five_selected_direction_coefficients,right_raw,left0,1.3612346401834443e-07,1.5968804854917023e-08
PD,10,4,context,context1,1,0,1,1,five_selected_direction_coefficients,right_raw,left1,4.8557079676031115e-08,1.1343662529936238e-08
PD,10,4,context,context1,1,0,1,1,five_selected_direction_coefficients,right_raw,right_raw,9.316049295196504e-06,1.1597776578208997e-06
PD,10,4,context,context1,1,0,1,1,five_selected_direction_coefficients,right_raw,right_white,2.2675997689395947e-06,2.695930274015987e-07
PD,10,4,context,context1,1,0,1,1,five_selected_direction_coefficients,right_white,actual,-2.621975947057691e-07,-2.6576564975022713e-08
PD,10,4,context,context1,1,0,1,1,five_selected_direction_coefficients,right_white,left0,2.687363170033002e-08,5.260315008061652e-09
PD,10,4,context,context1,1,0,1,1,five_selected_direction_coefficients,right_white,left1,1.7388048622234366e-08,1.8493291523875036e-09
PD,10,4,context,context1,1,0,1,1,five_selected_direction_coefficients,right_white,right_raw,2.2675997689395943e-06,2.695930274015987e-07
PD,10,4,context,context1,1,0,1,1,five_selected_direction_coefficients,right_white,right_white,3.927463072830937e-06,4.785153563409515e-07
PD,10,4,context,context2,2,1,2,1,five_selected_direction_coefficients,actual,actual,7.188698790032197e-06,7.716220491579118e-07
PD,10,4,context,context2,2,1,2,1,five_selected_direction_coefficients,actual,left0,-2.5182886446996122e-08,-1.3847829854940926e-09
PD,10,4,context,context2,2,1,2,1,five_selected_direction_coefficients,actual,left1,-3.4416083831318956e-08,-2.776187008989394e-09
PD,10,4,context,context2,2,1,2,1,five_selected_direction_coefficients,actual,right_raw,2.7257043630830295e-07,3.321313818571493e-08
PD,10,4,context,context2,2,1,2,1,five_selected_direction_coefficients,actual,right_white,-9.726701902441002e-07,-8.672275117793875e-08
PD,10,4,context,context2,2,1,2,1,five_selected_direction_coefficients,left0,actual,-2.5182886446996165e-08,-1.3847829854940926e-09
PD,10,4,context,context2,2,1,2,1,five_selected_direction_coefficients,left0,left0,9.225261062980481e-07,1.1648575234453083e-07
PD,10,4,context,context2,2,1,2,1,five_selected_direction_coefficients,left0,left1,1.0668313315392675e-08,-8.891560068446151e-10
PD,10,4,context,context2,2,1,2,1,five_selected_direction_coefficients,left0,right_raw,3.49707420604191e-08,9.921918496437297e-09
PD,10,4,context,context2,2,1,2,1,five_selected_direction_coefficients,left0,right_white,-1.5505229907227766e-08,-7.08717736390736e-10
PD,10,4,context,context2,2,1,2,1,five_selected_direction_coefficients,left1,actual,-3.44160838313189e-08,-2.776187008989394e-09
PD,10,4,context,context2,2,1,2,1,five_selected_direction_coefficients,left1,left0,1.0668313315392665e-08,-8.891560068446151e-10
PD,10,4,context,context2,2,1,2,1,five_selected_direction_coefficients,left1,left1,9.309952949968692e-07,1.194876056231902e-07
PD,10,4,context,context2,2,1,2,1,five_selected_direction_coefficients,left1,right_raw,1.778748652145205e-07,2.0057635509998984e-08
PD,10,4,context,context2,2,1,2,1,five_selected_direction_coefficients,left1,right_white,2.3811148965300642e-08,-2.41002949412545e-10
PD,10,4,context,context2,2,1,2,1,five_selected_direction_coefficients,right_raw,actual,2.7257043630830295e-07,3.321313818571493e-08
PD,10,4,context,context2,2,1,2,1,five_selected_direction_coefficients,right_raw,left0,3.497074206041901e-08,9.921918496437297e-09
PD,10,4,context,context2,2,1,2,1,five_selected_direction_coefficients,right_raw,left1,1.7787486521452053e-07,2.0057635509998984e-08
PD,10,4,context,context2,2,1,2,1,five_selected_direction_coefficients,right_raw,right_raw,9.127577234874194e-06,1.1690433638314512e-06
PD,10,4,context,context2,2,1,2,1,five_selected_direction_coefficients,right_raw,right_white,2.060366531651805e-06,2.5481497312769194e-07
PD,10,4,context,context2,2,1,2,1,five_selected_direction_coefficients,right_white,actual,-9.726701902441004e-07,-8.672275117793875e-08
PD,10,4,context,context2,2,1,2,1,five_selected_direction_coefficients,right_white,left0,-1.5505229907227766e-08,-7.08717736390736e-10
PD,10,4,context,context2,2,1,2,1,five_selected_direction_coefficients,right_white,left1,2.3811148965300665e-08,-2.41002949412545e-10
PD,10,4,context,context2,2,1,2,1,five_selected_direction_coefficients,right_white,right_raw,2.060366531651805e-06,2.5481497312769194e-07
PD,10,4,context,context2,2,1,2,1,five_selected_direction_coefficients,right_white,right_white,4.453679759697213e-06,5.161217840660753e-07
PD,10,4,context,context3,3,1,3,1,five_selected_direction_coefficients,actual,actual,6.65052009099829e-06,7.969375891751736e-07
PD,10,4,context,context3,3,1,3,1,five_selected_direction_coefficients,actual,left0,-1.2003982053055304e-08,-2.7587350781720722e-09
PD,10,4,context,context3,3,1,3,1,five_selected_direction_coefficients,actual,left1,6.315363897261726e-08,4.039580627645834e-10
PD,10,4,context,context3,3,1,3,1,five_selected_direction_coefficients,actual,right_raw,1.5799361648789205e-07,2.9895803243780455e-08
PD,10,4,context,context3,3,1,3,1,five_selected_direction_coefficients,actual,right_white,-1.0884798747894803e-06,-1.0740165764328593e-07
PD,10,4,context,context3,3,1,3,1,five_selected_direction_coefficients,left0,actual,-1.2003982053055267e-08,-2.7587350781720722e-09
PD,10,4,context,context3,3,1,3,1,five_selected_direction_coefficients,left0,left0,8.544775006053344e-07,1.2273052147485252e-07
PD,10,4,context,context3,3,1,3,1,five_selected_direction_coefficients,left0,left1,1.9664992155755186e-08,-1.238545441873226e-09
PD,10,4,context,context3,3,1,3,1,five_selected_direction_coefficients,left0,right_raw,2.0628784592206661e-07,1.7189775032609698e-08
PD,10,4,context,context3,3,1,3,1,five_selected_direction_coefficients,left0,right_white,1.0167406875521854e-07,9.048593733373808e-09
PD,10,4,context,context3,3,1,3,1,five_selected_direction_coefficients,left1,actual,6.31536389726172e-08,4.039580627645834e-10
PD,10,4,context,context3,3,1,3,1,five_selected_direction_coefficients,left1,left0,1.9664992155755203e-08,-1.238545441873226e-09
PD,10,4,context,context3,3,1,3,1,five_selected_direction_coefficients,left1,left1,9.571785942948924e-07,1.2420319672747802e-07
PD,10,4,context,context3,3,1,3,1,five_selected_direction_coefficients,left1,right_raw,7.3617688155947e-08,1.0203041502181517e-08
PD,10,4,context,context3,3,1,3,1,five_selected_direction_coefficients,left1,right_white,-2.2714287258669194e-08,-6.587817528100958e-09
PD,10,4,context,context3,3,1,3,1,five_selected_direction_coefficients,right_raw,actual,1.5799361648789202e-07,2.9895803243780455e-08
PD,10,4,context,context3,3,1,3,1,five_selected_direction_coefficients,right_raw,left0,2.062878459220666e-07,1.7189775032609698e-08
PD,10,4,context,context3,3,1,3,1,five_selected_direction_coefficients,right_raw,left1,7.361768815594697e-08,1.0203041502181517e-08
PD,10,4,context,context3,3,1,3,1,five_selected_direction_coefficients,right_raw,right_raw,8.466166460391952e-06,1.1991716341081427e-06
PD,10,4,context,context3,3,1,3,1,five_selected_direction_coefficients,right_raw,right_white,2.052444787548326e-06,2.89823386402012e-07
PD,10,4,context,context3,3,1,3,1,five_selected_direction_coefficients,right_white,actual,-1.0884798747894805e-06,-1.0740165764328593e-07
PD,10,4,context,context3,3,1,3,1,five_selected_direction_coefficients,right_white,left0,1.0167406875521856e-07,9.048593733373808e-09
PD,10,4,context,context3,3,1,3,1,five_selected_direction_coefficients,right_white,left1,-2.271428725866931e-08,-6.587817528100958e-09
PD,10,4,context,context3,3,1,3,1,five_selected_direction_coefficients,right_white,right_raw,2.052444787548326e-06,2.89823386402012e-07
PD,10,4,context,context3,3,1,3,1,five_selected_direction_coefficients,right_white,right_white,4.307607743317882e-06,5.711077686115215e-07
PD,10,4,bank,bank0,,0,"0,1",2,five_selected_direction_coefficients,actual,actual,7.0928357750742915e-06,7.889351295313312e-07
PD,10,4,bank,bank0,,0,"0,1",2,five_selected_direction_coefficients,actual,left0,-2.7357194011452852e-08,-6.525334767492797e-09
PD,10,4,bank,bank0,,0,"0,1",2,five_selected_direction_coefficients,actual,left1,3.296630876893436e-08,4.752784903002073e-09
PD,10,4,bank,bank0,,0,"0,1",2,five_selected_direction_coefficients,actual,right_raw,2.287361151913768e-07,2.4138846123032216e-08
PD,10,4,bank,bank0,,0,"0,1",2,five_selected_direction_coefficients,actual,right_white,-3.4719525646748774e-07,-3.1273747569996496e-08
PD,10,4,bank,bank0,,0,"0,1",2,five_selected_direction_coefficients,left0,actual,-2.7357194011452822e-08,-6.525334767492797e-09
PD,10,4,bank,bank0,,0,"0,1",2,five_selected_direction_coefficients,left0,left0,8.381320850502098e-07,1.1951135137936358e-07
PD,10,4,bank,bank0,,0,"0,1",2,five_selected_direction_coefficients,left0,left1,1.2130915788569071e-09,-4.899554579809061e-10
PD,10,4,bank,bank0,,0,"0,1",2,five_selected_direction_coefficients,left0,right_raw,1.6012719256828846e-07,1.4583863907829415e-08
PD,10,4,bank,bank0,,0,"0,1",2,five_selected_direction_coefficients,left0,right_white,6.832230521896204e-08,5.140382907510187e-09
PD,10,4,bank,bank0,,0,"0,1",2,five_selected_direction_coefficients,left1,actual,3.296630876893433e-08,4.752784903002073e-09
PD,10,4,bank,bank0,,0,"0,1",2,five_selected_direction_coefficients,left1,left0,1.2130915788569063e-09,-4.899554579809061e-10
PD,10,4,bank,bank0,,0,"0,1",2,five_selected_direction_coefficients,left1,left1,9.528206022960441e-07,1.206095598541874e-07
PD,10,4,bank,bank0,,0,"0,1",2,five_selected_direction_coefficients,left1,right_raw,7.809137408909195e-08,1.0022685991243048e-08
PD,10,4,bank,bank0,,0,"0,1",2,five_selected_direction_coefficients,left1,right_white,2.1005440950638824e-08,-8.12744876318675e-10
PD,10,4,bank,bank0,,0,"0,1",2,five_selected_direction_coefficients,right_raw,actual,2.2873611519137678e-07,2.4138846123032216e-08
PD,10,4,bank,bank0,,0,"0,1",2,five_selected_direction_coefficients,right_raw,left0,1.601271925682884e-07,1.4583863907829415e-08
PD,10,4,bank,bank0,,0,"0,1",2,five_selected_direction_coefficients,right_raw,left1,7.809137408909206e-08,1.0022685991243048e-08
PD,10,4,bank,bank0,,0,"0,1",2,five_selected_direction_coefficients,right_raw,right_raw,9.27975152656398e-06,1.183673236526746e-06
PD,10,4,bank,bank0,,0,"0,1",2,five_selected_direction_coefficients,right_raw,right_white,2.3229672106116093e-06,2.804064343166691e-07
PD,10,4,bank,bank0,,0,"0,1",2,five_selected_direction_coefficients,right_white,actual,-3.4719525646748774e-07,-3.1273747569996496e-08
PD,10,4,bank,bank0,,0,"0,1",2,five_selected_direction_coefficients,right_white,left0,6.832230521896203e-08,5.140382907510187e-09
PD,10,4,bank,bank0,,0,"0,1",2,five_selected_direction_coefficients,right_white,left1,2.1005440950638778e-08,-8.12744876318675e-10
PD,10,4,bank,bank0,,0,"0,1",2,five_selected_direction_coefficients,right_white,right_raw,2.3229672106116093e-06,2.804064343166691e-07
PD,10,4,bank,bank0,,0,"0,1",2,five_selected_direction_coefficients,right_white,right_white,4.0523225641390915e-06,5.048289837254099e-07
PD,10,4,bank,bank1,,1,"2,3",2,five_selected_direction_coefficients,actual,actual,6.9196094405152435e-06,7.842798191665429e-07
PD,10,4,bank,bank1,,1,"2,3",2,five_selected_direction_coefficients,actual,left0,-1.8593434250025712e-08,-2.0717590318330876e-09
PD,10,4,bank,bank1,,1,"2,3",2,five_selected_direction_coefficients,actual,left1,1.4368777570649153e-08,-1.1861144731124079e-09
PD,10,4,bank,bank1,,1,"2,3",2,five_selected_direction_coefficients,actual,right_raw,2.152820263980975e-07,3.15544707147477e-08
PD,10,4,bank,bank1,,1,"2,3",2,five_selected_direction_coefficients,actual,right_white,-1.0305750325167902e-06,-9.706220441061222e-08
PD,10,4,bank,bank1,,1,"2,3",2,five_selected_direction_coefficients,left0,actual,-1.8593434250025715e-08,-2.0717590318330876e-09
PD,10,4,bank,bank1,,1,"2,3",2,five_selected_direction_coefficients,left0,left0,8.885018034516912e-07,1.196081369096917e-07
PD,10,4,bank,bank1,,1,"2,3",2,five_selected_direction_coefficients,left0,left1,1.516665273557393e-08,-1.0638507243589206e-09
PD,10,4,bank,bank1,,1,"2,3",2,five_selected_direction_coefficients,left0,right_raw,1.2062929399124287e-07,1.355584676452349e-08
PD,10,4,bank,bank1,,1,"2,3",2,five_selected_direction_coefficients,left0,right_white,4.3084419423995386e-08,4.169937998491534e-09
PD,10,4,bank,bank1,,1,"2,3",2,five_selected_direction_coefficients,left1,actual,1.4368777570649147e-08,-1.1861144731124079e-09
PD,10,4,bank,bank1,,1,"2,3",2,five_selected_direction_coefficients,left1,left0,1.5166652735573934e-08,-1.0638507243589206e-09
PD,10,4,bank,bank1,,1,"2,3",2,five_selected_direction_coefficients,left1,left1,9.440869446458808e-07,1.218454011753341e-07
PD,10,4,bank,bank1,,1,"2,3",2,five_selected_direction_coefficients,left1,right_raw,1.2574627668523373e-07,1.5130338506090257e-08
PD,10,4,bank,bank1,,1,"2,3",2,five_selected_direction_coefficients,left1,right_white,5.484308533157239e-10,-3.4144102387567523e-09
PD,10,4,bank,bank1,,1,"2,3",2,five_selected_direction_coefficients,right_raw,actual,2.152820263980975e-07,3.15544707147477e-08
PD,10,4,bank,bank1,,1,"2,3",2,five_selected_direction_coefficients,right_raw,left0,1.206292939912428e-07,1.355584676452349e-08
PD,10,4,bank,bank1,,1,"2,3",2,five_selected_direction_coefficients,right_raw,left1,1.2574627668523373e-07,1.5130338506090257e-08
PD,10,4,bank,bank1,,1,"2,3",2,five_selected_direction_coefficients,right_raw,right_raw,8.796871847633073e-06,1.1841074989697978e-06
PD,10,4,bank,bank1,,1,"2,3",2,five_selected_direction_coefficients,right_raw,right_white,2.0564056596000655e-06,2.7231917976485183e-07
PD,10,4,bank,bank1,,1,"2,3",2,five_selected_direction_coefficients,right_white,actual,-1.0305750325167905e-06,-9.706220441061222e-08
PD,10,4,bank,bank1,,1,"2,3",2,five_selected_direction_coefficients,right_white,left0,4.308441942399539e-08,4.169937998491534e-09
PD,10,4,bank,bank1,,1,"2,3",2,five_selected_direction_coefficients,right_white,left1,5.484308533156776e-10,-3.4144102387567523e-09
PD,10,4,bank,bank1,,1,"2,3",2,five_selected_direction_coefficients,right_white,right_raw,2.0564056596000655e-06,2.7231917976485183e-07
PD,10,4,bank,bank1,,1,"2,3",2,five_selected_direction_coefficients,right_white,right_white,4.380643751507547e-06,5.436147763387978e-07
PD,10,4,all_contexts,all4,,,"0,1,2,3",4,five_selected_direction_coefficients,actual,actual,7.006222607794767e-06,7.866074743489375e-07
PD,10,4,all_contexts,all4,,,"0,1,2,3",4,five_selected_direction_coefficients,actual,left0,-2.2975314130739284e-08,-4.298546899662937e-09
PD,10,4,all_contexts,all4,,,"0,1,2,3",4,five_selected_direction_coefficients,actual,left1,2.3667543169791758e-08,1.7833352149448325e-09
PD,10,4,all_contexts,all4,,,"0,1,2,3",4,five_selected_direction_coefficients,actual,right_raw,2.2200907079473716e-07,2.7846658418889968e-08
PD,10,4,all_contexts,all4,,,"0,1,2,3",4,five_selected_direction_coefficients,actual,right_white,-6.88885144492139e-07,-6.416797599030437e-08
PD,10,4,all_contexts,all4,,,"0,1,2,3",4,five_selected_direction_coefficients,left0,actual,-2.2975314130739267e-08,-4.298546899662937e-09
PD,10,4,all_contexts,all4,,,"0,1,2,3",4,five_selected_direction_coefficients,left0,left0,8.633169442509505e-07,1.1955974414452771e-07
PD,10,4,all_contexts,all4,,,"0,1,2,3",4,five_selected_direction_coefficients,left0,left1,8.18987215721542e-09,-7.769030911699119e-10
PD,10,4,all_contexts,all4,,,"0,1,2,3",4,five_selected_direction_coefficients,left0,right_raw,1.4037824327976566e-07,1.4069855336176484e-08
PD,10,4,all_contexts,all4,,,"0,1,2,3",4,five_selected_direction_coefficients,left0,right_white,5.570336232147872e-08,4.655160453000857e-09
PD,10,4,all_contexts,all4,,,"0,1,2,3",4,five_selected_direction_coefficients,left1,actual,2.366754316979174e-08,1.7833352149448325e-09
PD,10,4,all_contexts,all4,,,"0,1,2,3",4,five_selected_direction_coefficients,left1,left0,8.189872157215421e-09,-7.769030911699119e-10
PD,10,4,all_contexts,all4,,,"0,1,2,3",4,five_selected_direction_coefficients,left1,left1,9.484537734709625e-07,1.2122748051476087e-07
PD,10,4,all_contexts,all4,,,"0,1,2,3",4,five_selected_direction_coefficients,left1,right_raw,1.0191882538716284e-07,1.2576512248666631e-08
PD,10,4,all_contexts,all4,,,"0,1,2,3",4,five_selected_direction_coefficients,left1,right_white,1.0776935901977275e-08,-2.113577557537711e-09
PD,10,4,all_contexts,all4,,,"0,1,2,3",4,five_selected_direction_coefficients,right_raw,actual,2.220090707947371e-07,2.7846658418889968e-08
PD,10,4,all_contexts,all4,,,"0,1,2,3",4,five_selected_direction_coefficients,right_raw,left0,1.403782432797656e-07,1.4069855336176484e-08
PD,10,4,all_contexts,all4,,,"0,1,2,3",4,five_selected_direction_coefficients,right_raw,left1,1.019188253871629e-07,1.2576512248666631e-08
PD,10,4,all_contexts,all4,,,"0,1,2,3",4,five_selected_direction_coefficients,right_raw,right_raw,9.038311687098525e-06,1.1838903677482713e-06
PD,10,4,all_contexts,all4,,,"0,1,2,3",4,five_selected_direction_coefficients,right_raw,right_white,2.189686435105837e-06,2.763628070407601e-07
PD,10,4,all_contexts,all4,,,"0,1,2,3",4,five_selected_direction_coefficients,right_white,actual,-6.88885144492139e-07,-6.416797599030437e-08
PD,10,4,all_contexts,all4,,,"0,1,2,3",4,five_selected_direction_coefficients,right_white,left0,5.570336232147871e-08,4.655160453000857e-09
PD,10,4,all_contexts,all4,,,"0,1,2,3",4,five_selected_direction_coefficients,right_white,left1,1.0776935901977229e-08,-2.113577557537711e-09
PD,10,4,all_contexts,all4,,,"0,1,2,3",4,five_selected_direction_coefficients,right_white,right_raw,2.189686435105837e-06,2.763628070407601e-07
PD,10,4,all_contexts,all4,,,"0,1,2,3",4,five_selected_direction_coefficients,right_white,right_white,4.216483157823319e-06,5.242218800321056e-07
PD,10,8,context,context0,0,0,0,1,five_selected_direction_coefficients,actual,actual,1.6529167925339654e-06,2.789169938440332e-07
PD,10,8,context,context0,0,0,0,1,five_selected_direction_coefficients,actual,left0,1.2293563133556463e-08,5.501342645201608e-10
PD,10,8,context,context0,0,0,0,1,five_selected_direction_coefficients,actual,left1,-1.7472707320648653e-08,-1.811177902049954e-09
PD,10,8,context,context0,0,0,0,1,five_selected_direction_coefficients,actual,right_raw,1.219214211538134e-07,1.2981992788500535e-08
PD,10,8,context,context0,0,0,0,1,five_selected_direction_coefficients,actual,right_white,6.739960576949519e-08,7.961155642332487e-09
PD,10,8,context,context0,0,0,0,1,five_selected_direction_coefficients,left0,actual,1.2293563133556465e-08,5.501342645201608e-10
PD,10,8,context,context0,0,0,0,1,five_selected_direction_coefficients,left0,left0,4.395721527668353e-07,5.40044503326807e-08
PD,10,8,context,context0,0,0,0,1,five_selected_direction_coefficients,left0,left1,-6.663913002646411e-09,-1.1576546059316229e-09
PD,10,8,context,context0,0,0,0,1,five_selected_direction_coefficients,left0,right_raw,-1.6747228002067023e-08,-4.1145955699142244e-09
PD,10,8,context,context0,0,0,0,1,five_selected_direction_coefficients,left0,right_white,-1.7875246043976798e-08,-6.863646979614887e-10
PD,10,8,context,context0,0,0,0,1,five_selected_direction_coefficients,left1,actual,-1.747270732064865e-08,-1.811177902049954e-09
PD,10,8,context,context0,0,0,0,1,five_selected_direction_coefficients,left1,left0,-6.663913002646404e-09,-1.1576546059316229e-09
PD,10,8,context,context0,0,0,0,1,five_selected_direction_coefficients,left1,left1,4.265567681057463e-07,5.7703951116509785e-08
PD,10,8,context,context0,0,0,0,1,five_selected_direction_coefficients,left1,right_raw,4.476224339116598e-08,-5.435147545432331e-09
PD,10,8,context,context0,0,0,0,1,five_selected_direction_coefficients,left1,right_white,-2.9495256582161267e-08,-1.8380894394544814e-09
PD,10,8,context,context0,0,0,0,1,five_selected_direction_coefficients,right_raw,actual,1.2192142115381336e-07,1.2981992788500535e-08
PD,10,8,context,context0,0,0,0,1,five_selected_direction_coefficients,right_raw,left0,-1.6747228002067036e-08,-4.1145955699142244e-09
PD,10,8,context,context0,0,0,0,1,five_selected_direction_coefficients,right_raw,left1,4.476224339116598e-08,-5.435147545432331e-09
PD,10,8,context,context0,0,0,0,1,five_selected_direction_coefficients,right_raw,right_raw,5.6617673926318654e-06,8.082903896871989e-07
PD,10,8,context,context0,0,0,0,1,five_selected_direction_coefficients,right_raw,right_white,7.782015570172412e-07,1.1091838563496354e-07
PD,10,8,context,context0,0,0,0,1,five_selected_direction_coefficients,right_white,actual,6.739960576949516e-08,7.961155642332487e-09
PD,10,8,context,context0,0,0,0,1,five_selected_direction_coefficients,right_white,left0,-1.787524604397679e-08,-6.863646979614887e-10
PD,10,8,context,context0,0,0,0,1,five_selected_direction_coefficients,right_white,left1,-2.949525658216128e-08,-1.8380894394544814e-09
PD,10,8,context,context0,0,0,0,1,five_selected_direction_coefficients,right_white,right_raw,7.782015570172412e-07,1.1091838563496354e-07
PD,10,8,context,context0,0,0,0,1,five_selected_direction_coefficients,right_white,right_white,1.948328954065394e-06,2.835759934741537e-07
PD,10,8,context,context1,1,0,1,1,five_selected_direction_coefficients,actual,actual,1.7831407233994586e-06,2.7636110701687344e-07
PD,10,8,context,context1,1,0,1,1,five_selected_direction_coefficients,actual,left0,-3.014371008820617e-08,-2.6970477919258173e-09
PD,10,8,context,context1,1,0,1,1,five_selected_direction_coefficients,actual,left1,-9.871297090070348e-11,-1.461870056918625e-09
PD,10,8,context,context1,1,0,1,1,five_selected_direction_coefficients,actual,right_raw,1.836075655964028e-07,1.5555563265134256e-08
PD,10,8,context,context1,1,0,1,1,five_selected_direction_coefficients,actual,right_white,4.0123386269040976e-07,5.194197476644966e-08
PD,10,8,context,context1,1,0,1,1,five_selected_direction_coefficients,left0,actual,-3.014371008820616e-08,-2.6970477919258173e-09
PD,10,8,context,context1,1,0,1,1,five_selected_direction_coefficients,left0,left0,4.247645613925598e-07,5.353168273249482e-08
PD,10,8,context,context1,1,0,1,1,five_selected_direction_coefficients,left0,left1,-1.295891453540969e-08,-4.088589361682143e-10
PD,10,8,context,context1,1,0,1,1,five_selected_direction_coefficients,left0,right_raw,-2.388371877148079e-08,-4.8540944649102005e-09
PD,10,8,context,context1,1,0,1,1,five_selected_direction_coefficients,left0,right_white,-6.6907993503439466e-09,3.592662248957482e-10
PD,10,8,context,context1,1,0,1,1,five_selected_direction_coefficients,left1,actual,-9.871297090070431e-11,-1.461870056918625e-09
PD,10,8,context,context1,1,0,1,1,five_selected_direction_coefficients,left1,left0,-1.2958914535409699e-08,-4.088589361682143e-10
PD,10,8,context,context1,1,0,1,1,five_selected_direction_coefficients,left1,left1,4.1304400135572393e-07,5.581573135001898e-08
PD,10,8,context,context1,1,0,1,1,five_selected_direction_coefficients,left1,right_raw,-7.058435960275208e-09,-5.5766921419689005e-09
PD,10,8,context,context1,1,0,1,1,five_selected_direction_coefficients,left1,right_white,-6.879663012631751e-09,6.353738113974597e-10
PD,10,8,context,context1,1,0,1,1,five_selected_direction_coefficients,right_raw,actual,1.836075655964028e-07,1.5555563265134256e-08
PD,10,8,context,context1,1,0,1,1,five_selected_direction_coefficients,right_raw,left0,-2.3883718771480795e-08,-4.8540944649102005e-09
PD,10,8,context,context1,1,0,1,1,five_selected_direction_coefficients,right_raw,left1,-7.058435960275198e-09,-5.5766921419689005e-09
PD,10,8,context,context1,1,0,1,1,five_selected_direction_coefficients,right_raw,right_raw,6.176670460284137e-06,8.320023709317061e-07
PD,10,8,context,context1,1,0,1,1,five_selected_direction_coefficients,right_raw,right_white,8.062059311609281e-07,1.1568561216191639e-07
PD,10,8,context,context1,1,0,1,1,five_selected_direction_coefficients,right_white,actual,4.0123386269040976e-07,5.194197476644966e-08
PD,10,8,context,context1,1,0,1,1,five_selected_direction_coefficients,right_white,left0,-6.6907993503439466e-09,3.592662248957482e-10
PD,10,8,context,context1,1,0,1,1,five_selected_direction_coefficients,right_white,left1,-6.879663012631744e-09,6.353738113974597e-10
PD,10,8,context,context1,1,0,1,1,five_selected_direction_coefficients,right_white,right_raw,8.062059311609281e-07,1.1568561216191639e-07
PD,10,8,context,context1,1,0,1,1,five_selected_direction_coefficients,right_white,right_white,2.1453736904998315e-06,2.8800950216143833e-07
PD,10,8,context,context2,2,1,2,1,five_selected_direction_coefficients,actual,actual,1.7151195898277906e-06,2.7216333137887067e-07
PD,10,8,context,context2,2,1,2,1,five_selected_direction_coefficients,actual,left0,-1.0592937327933541e-08,-5.925444576439247e-10
PD,10,8,context,context2,2,1,2,1,five_selected_direction_coefficients,actual,left1,2.818039738815737e-08,6.022272105068728e-11
PD,10,8,context,context2,2,1,2,1,five_selected_direction_coefficients,actual,right_raw,1.2741301220305227e-07,9.546461414501371e-09
PD,10,8,context,context2,2,1,2,1,five_selected_direction_coefficients,actual,right_white,2.2290413380154458e-07,2.8753482554759862e-08
PD,10,8,context,context2,2,1,2,1,five_selected_direction_coefficients,left0,actual,-1.0592937327933541e-08,-5.925444576439247e-10
PD,10,8,context,context2,2,1,2,1,five_selected_direction_coefficients,left0,left0,3.827123116561885e-07,5.3531855149312826e-08
PD,10,8,context,context2,2,1,2,1,five_selected_direction_coefficients,left0,left1,1.5244976226628702e-08,-5.992229259083456e-10
PD,10,8,context,context2,2,1,2,1,five_selected_direction_coefficients,left0,right_raw,-4.6918006133894345e-09,-8.479785985582843e-09
PD,10,8,context,context2,2,1,2,1,five_selected_direction_coefficients,left0,right_white,-1.8273609919916001e-09,1.0960968983340878e-10
PD,10,8,context,context2,2,1,2,1,five_selected_direction_coefficients,left1,actual,2.8180397388157344e-08,6.022272105068728e-11
PD,10,8,context,context2,2,1,2,1,five_selected_direction_coefficients,left1,left0,1.5244976226628702e-08,-5.992229259083456e-10
PD,10,8,context,context2,2,1,2,1,five_selected_direction_coefficients,left1,left1,4.00787559794965e-07,5.49534976917617e-08
PD,10,8,context,context2,2,1,2,1,five_selected_direction_coefficients,left1,right_raw,-1.3901912463569339e-08,-2.9445474942790784e-09
PD,10,8,context,context2,2,1,2,1,five_selected_direction_coefficients,left1,right_white,-5.456233030818425e-09,9.241781273205269e-10
PD,10,8,context,context2,2,1,2,1,five_selected_direction_coefficients,right_raw,actual,1.2741301220305224e-07,9.546461414501371e-09
PD,10,8,context,context2,2,1,2,1,five_selected_direction_coefficients,right_raw,left0,-4.6918006133894486e-09,-8.479785985582843e-09
PD,10,8,context,context2,2,1,2,1,five_selected_direction_coefficients,right_raw,left1,-1.3901912463569326e-08,-2.9445474942790784e-09
PD,10,8,context,context2,2,1,2,1,five_selected_direction_coefficients,right_raw,right_raw,6.019757289952109e-06,8.20758449319859e-07
PD,10,8,context,context2,2,1,2,1,five_selected_direction_coefficients,right_raw,right_white,8.159879842272337e-07,1.0732792982994022e-07
PD,10,8,context,context2,2,1,2,1,five_selected_direction_coefficients,right_white,actual,2.229041338015446e-07,2.8753482554759862e-08
PD,10,8,context,context2,2,1,2,1,five_selected_direction_coefficients,right_white,left0,-1.827360991991615e-09,1.0960968983340878e-10
PD,10,8,context,context2,2,1,2,1,five_selected_direction_coefficients,right_white,left1,-5.456233030818431e-09,9.241781273205269e-10
PD,10,8,context,context2,2,1,2,1,five_selected_direction_coefficients,right_white,right_raw,8.159879842272337e-07,1.0732792982994022e-07
PD,10,8,context,context2,2,1,2,1,five_selected_direction_coefficients,right_white,right_white,1.9759422942905026e-06,2.709501824269875e-07
PD,10,8,context,context3,3,1,3,1,five_selected_direction_coefficients,actual,actual,1.6666014486328325e-06,2.843476352214936e-07
PD,10,8,context,context3,3,1,3,1,five_selected_direction_coefficients,actual,left0,-1.9402429630497615e-08,-9.691480937664634e-10
PD,10,8,context,context3,3,1,3,1,five_selected_direction_coefficients,actual,left1,1.0400124517307375e-08,-7.330713995790524e-10
PD,10,8,context,context3,3,1,3,1,five_selected_direction_coefficients,actual,right_raw,2.0684978782255356e-07,1.0749548554931705e-08
PD,10,8,context,context3,3,1,3,1,five_selected_direction_coefficients,actual,right_white,-2.771674027057975e-07,-3.14853609750883e-08
PD,10,8,context,context3,3,1,3,1,five_selected_direction_coefficients,left0,actual,-1.9402429630497635e-08,-9.691480937664634e-10
PD,10,8,context,context3,3,1,3,1,five_selected_direction_coefficients,left0,left0,3.7833238141161194e-07,5.6461462236967744e-08
PD,10,8,context,context3,3,1,3,1,five_selected_direction_coefficients,left0,left1,-2.0777906829923476e-09,-5.531435135504381e-10
PD,10,8,context,context3,3,1,3,1,five_selected_direction_coefficients,left0,right_raw,-3.645886560630436e-08,-6.672173841080063e-09
PD,10,8,context,context3,3,1,3,1,five_selected_direction_coefficients,left0,right_white,1.716828901772907e-08,1.1787751867497137e-09
PD,10,8,context,context3,3,1,3,1,five_selected_direction_coefficients,left1,actual,1.0400124517307382e-08,-7.330713995790524e-10
PD,10,8,context,context3,3,1,3,1,five_selected_direction_coefficients,left1,left0,-2.0777906829923427e-09,-5.531435135504381e-10
PD,10,8,context,context3,3,1,3,1,five_selected_direction_coefficients,left1,left1,4.0973293801111574e-07,5.726019680382937e-08
PD,10,8,context,context3,3,1,3,1,five_selected_direction_coefficients,left1,right_raw,-6.117052367559118e-08,-9.20637699133231e-09
PD,10,8,context,context3,3,1,3,1,five_selected_direction_coefficients,left1,right_white,-2.9605094068087102e-08,-3.935244081225277e-09
PD,10,8,context,context3,3,1,3,1,five_selected_direction_coefficients,right_raw,actual,2.068497878225536e-07,1.0749548554931705e-08
PD,10,8,context,context3,3,1,3,1,five_selected_direction_coefficients,right_raw,left0,-3.645886560630435e-08,-6.672173841080063e-09
PD,10,8,context,context3,3,1,3,1,five_selected_direction_coefficients,right_raw,left1,-6.117052367559115e-08,-9.20637699133231e-09
PD,10,8,context,context3,3,1,3,1,five_selected_direction_coefficients,right_raw,right_raw,5.688451598633696e-06,8.192879182018381e-07
PD,10,8,context,context3,3,1,3,1,five_selected_direction_coefficients,right_raw,right_white,8.474275750350126e-07,1.1817677004165733e-07
PD,10,8,context,context3,3,1,3,1,five_selected_direction_coefficients,right_white,actual,-2.771674027057975e-07,-3.14853609750883e-08
PD,10,8,context,context3,3,1,3,1,five_selected_direction_coefficients,right_white,left0,1.7168289017729056e-08,1.1787751867497137e-09
PD,10,8,context,context3,3,1,3,1,five_selected_direction_coefficients,right_white,left1,-2.96050940680871e-08,-3.935244081225277e-09
PD,10,8,context,context3,3,1,3,1,five_selected_direction_coefficients,right_white,right_raw,8.474275750350126e-07,1.1817677004165733e-07
PD,10,8,context,context3,3,1,3,1,five_selected_direction_coefficients,right_white,right_white,2.126285381621977e-06,3.0571255587375557e-07
PD,10,8,bank,bank0,,0,"0,1",2,five_selected_direction_coefficients,actual,actual,1.7180287579667119e-06,2.776390504304536e-07
PD,10,8,bank,bank0,,0,"0,1",2,five_selected_direction_coefficients,actual,left0,-8.925073477324853e-09,-1.073456763702828e-09
PD,10,8,bank,bank0,,0,"0,1",2,five_selected_direction_coefficients,actual,left1,-8.785710145774678e-09,-1.636523979484292e-09
PD,10,8,bank,bank0,,0,"0,1",2,five_selected_direction_coefficients,actual,right_raw,1.527644933751081e-07,1.42687780268174e-08
PD,10,8,bank,bank0,,0,"0,1",2,five_selected_direction_coefficients,actual,right_white,2.3431673422995246e-07,2.995156520439108e-08
PD,10,8,bank,bank0,,0,"0,1",2,five_selected_direction_coefficients,left0,actual,-8.92507347732485e-09,-1.073456763702828e-09
PD,10,8,bank,bank0,,0,"0,1",2,five_selected_direction_coefficients,left0,left0,4.3216835707969755e-07,5.376806653258774e-08
PD,10,8,bank,bank0,,0,"0,1",2,five_selected_direction_coefficients,left0,left1,-9.81141376902805e-09,-7.832567710499175e-10
PD,10,8,bank,bank0,,0,"0,1",2,five_selected_direction_coefficients,left0,right_raw,-2.0315473386773907e-08,-4.484345017412211e-09
PD,10,8,bank,bank0,,0,"0,1",2,five_selected_direction_coefficients,left0,right_white,-1.2283022697160372e-08,-1.6354923653287067e-10
PD,10,8,bank,bank0,,0,"0,1",2,five_selected_direction_coefficients,left1,actual,-8.785710145774677e-09,-1.636523979484292e-09
PD,10,8,bank,bank0,,0,"0,1",2,five_selected_direction_coefficients,left1,left0,-9.811413769028052e-09,-7.832567710499175e-10
PD,10,8,bank,bank0,,0,"0,1",2,five_selected_direction_coefficients,left1,left1,4.198003847307351e-07,5.675984123326438e-08
PD,10,8,bank,bank0,,0,"0,1",2,five_selected_direction_coefficients,left1,right_raw,1.8851903715445384e-08,-5.505919843700618e-09
PD,10,8,bank,bank0,,0,"0,1",2,five_selected_direction_coefficients,left1,right_white,-1.818745979739651e-08,-6.013578140285119e-10
PD,10,8,bank,bank0,,0,"0,1",2,five_selected_direction_coefficients,right_raw,actual,1.5276449337510808e-07,1.42687780268174e-08
PD,10,8,bank,bank0,,0,"0,1",2,five_selected_direction_coefficients,right_raw,left0,-2.0315473386773914e-08,-4.484345017412211e-09
PD,10,8,bank,bank0,,0,"0,1",2,five_selected_direction_coefficients,right_raw,left1,1.885190371544539e-08,-5.505919843700618e-09
PD,10,8,bank,bank0,,0,"0,1",2,five_selected_direction_coefficients,right_raw,right_raw,5.919218926458001e-06,8.20146380309452e-07
PD,10,8,bank,bank0,,0,"0,1",2,five_selected_direction_coefficients,right_raw,right_white,7.922037440890846e-07,1.1330199889843996e-07
PD,10,8,bank,bank0,,0,"0,1",2,five_selected_direction_coefficients,right_white,actual,2.3431673422995246e-07,2.995156520439108e-08
PD,10,8,bank,bank0,,0,"0,1",2,five_selected_direction_coefficients,right_white,left0,-1.2283022697160369e-08,-1.6354923653287067e-10
PD,10,8,bank,bank0,,0,"0,1",2,five_selected_direction_coefficients,right_white,left1,-1.8187459797396512e-08,-6.013578140285119e-10
PD,10,8,bank,bank0,,0,"0,1",2,five_selected_direction_coefficients,right_white,right_raw,7.922037440890846e-07,1.1330199889843996e-07
PD,10,8,bank,bank0,,0,"0,1",2,five_selected_direction_coefficients,right_white,right_white,2.0468513222826126e-06,2.8579274781779573e-07
PD,10,8,bank,bank1,,1,"2,3",2,five_selected_direction_coefficients,actual,actual,1.6908605192303115e-06,2.7825548330018237e-07
PD,10,8,bank,bank1,,1,"2,3",2,five_selected_direction_coefficients,actual,left0,-1.4997683479215578e-08,-7.808462757051935e-10
PD,10,8,bank,bank1,,1,"2,3",2,five_selected_direction_coefficients,actual,left1,1.9290260952732372e-08,-3.364243392641826e-10
PD,10,8,bank,bank1,,1,"2,3",2,five_selected_direction_coefficients,actual,right_raw,1.6713140001280291e-07,1.0148004984716539e-08
PD,10,8,bank,bank1,,1,"2,3",2,five_selected_direction_coefficients,actual,right_white,-2.7131634452126457e-08,-1.3659392101642232e-09
PD,10,8,bank,bank1,,1,"2,3",2,five_selected_direction_coefficients,left0,actual,-1.4997683479215588e-08,-7.808462757051935e-10
PD,10,8,bank,bank1,,1,"2,3",2,five_selected_direction_coefficients,left0,left0,3.8052234653390023e-07,5.499665869314034e-08
PD,10,8,bank,bank1,,1,"2,3",2,five_selected_direction_coefficients,left0,left1,6.583592771818177e-09,-5.761832197293916e-10
PD,10,8,bank,bank1,,1,"2,3",2,five_selected_direction_coefficients,left0,right_raw,-2.0575333109846896e-08,-7.575979913331455e-09
PD,10,8,bank,bank1,,1,"2,3",2,five_selected_direction_coefficients,left0,right_white,7.670464012868734e-09,6.441924382915615e-10
PD,10,8,bank,bank1,,1,"2,3",2,five_selected_direction_coefficients,left1,actual,1.9290260952732362e-08,-3.364243392641826e-10
PD,10,8,bank,bank1,,1,"2,3",2,five_selected_direction_coefficients,left1,left0,6.5835927718181795e-09,-5.761832197293916e-10
PD,10,8,bank,bank1,,1,"2,3",2,five_selected_direction_coefficients,left1,left1,4.0526024890304037e-07,5.610684724779559e-08
PD,10,8,bank,bank1,,1,"2,3",2,five_selected_direction_coefficients,left1,right_raw,-3.753621806958026e-08,-6.075462242805699e-09
PD,10,8,bank,bank1,,1,"2,3",2,five_selected_direction_coefficients,left1,right_white,-1.7530663549452765e-08,-1.5055329769523764e-09
PD,10,8,bank,bank1,,1,"2,3",2,five_selected_direction_coefficients,right_raw,actual,1.6713140001280291e-07,1.0148004984716539e-08
PD,10,8,bank,bank1,,1,"2,3",2,five_selected_direction_coefficients,right_raw,left0,-2.05753331098469e-08,-7.575979913331455e-09
PD,10,8,bank,bank1,,1,"2,3",2,five_selected_direction_coefficients,right_raw,left1,-3.753621806958024e-08,-6.075462242805699e-09
PD,10,8,bank,bank1,,1,"2,3",2,five_selected_direction_coefficients,right_raw,right_raw,5.854104444292902e-06,8.200231837608492e-07
PD,10,8,bank,bank1,,1,"2,3",2,five_selected_direction_coefficients,right_raw,right_white,8.317077796311232e-07,1.1275234993579885e-07
PD,10,8,bank,bank1,,1,"2,3",2,five_selected_direction_coefficients,right_white,actual,-2.7131634452126444e-08,-1.3659392101642232e-09
PD,10,8,bank,bank1,,1,"2,3",2,five_selected_direction_coefficients,right_white,left0,7.670464012868721e-09,6.441924382915615e-10
PD,10,8,bank,bank1,,1,"2,3",2,five_selected_direction_coefficients,right_white,left1,-1.7530663549452765e-08,-1.5055329769523764e-09
PD,10,8,bank,bank1,,1,"2,3",2,five_selected_direction_coefficients,right_white,right_raw,8.317077796311232e-07,1.1275234993579885e-07
PD,10,8,bank,bank1,,1,"2,3",2,five_selected_direction_coefficients,right_white,right_white,2.05111383795624e-06,2.88331369150372e-07
PD,10,8,all_contexts,all4,,,"0,1,2,3",4,five_selected_direction_coefficients,actual,actual,1.7044446385985117e-06,2.779472668653182e-07
PD,10,8,all_contexts,all4,,,"0,1,2,3",4,five_selected_direction_coefficients,actual,left0,-1.1961378478270215e-08,-9.271515197040111e-10
PD,10,8,all_contexts,all4,,,"0,1,2,3",4,five_selected_direction_coefficients,actual,left1,5.252275403478847e-09,-9.864741593742357e-10
PD,10,8,all_contexts,all4,,,"0,1,2,3",4,five_selected_direction_coefficients,actual,right_raw,1.599479466939555e-07,1.2208391505766974e-08
PD,10,8,all_contexts,all4,,,"0,1,2,3",4,five_selected_direction_coefficients,actual,right_white,1.0359254988891301e-07,1.4292812997113473e-08
PD,10,8,all_contexts,all4,,,"0,1,2,3",4,five_selected_direction_coefficients,left0,actual,-1.1961378478270219e-08,-9.271515197040111e-10
PD,10,8,all_contexts,all4,,,"0,1,2,3",4,five_selected_direction_coefficients,left0,left0,4.063453518067989e-07,5.4382362612863926e-08
PD,10,8,all_contexts,all4,,,"0,1,2,3",4,five_selected_direction_coefficients,left0,left1,-1.6139104986049368e-09,-6.797199953896553e-10
PD,10,8,all_contexts,all4,,,"0,1,2,3",4,five_selected_direction_coefficients,left0,right_raw,-2.0445403248310403e-08,-6.030162465371828e-09
PD,10,8,all_contexts,all4,,,"0,1,2,3",4,five_selected_direction_coefficients,left0,right_white,-2.306279342145819e-09,2.403216008793451e-10
PD,10,8,all_contexts,all4,,,"0,1,2,3",4,five_selected_direction_coefficients,left1,actual,5.2522754034788435e-09,-9.864741593742357e-10
PD,10,8,all_contexts,all4,,,"0,1,2,3",4,five_selected_direction_coefficients,left1,left0,-1.6139104986049363e-09,-6.797199953896553e-10
PD,10,8,all_contexts,all4,,,"0,1,2,3",4,five_selected_direction_coefficients,left1,left1,4.1253031681688777e-07,5.643334424052987e-08
PD,10,8,all_contexts,all4,,,"0,1,2,3",4,five_selected_direction_coefficients,left1,right_raw,-9.342157177067437e-09,-5.790691043253145e-09
PD,10,8,all_contexts,all4,,,"0,1,2,3",4,five_selected_direction_coefficients,left1,right_white,-1.7859061673424635e-08,-1.0534453954904434e-09
PD,10,8,all_contexts,all4,,,"0,1,2,3",4,five_selected_direction_coefficients,right_raw,actual,1.599479466939555e-07,1.2208391505766974e-08
PD,10,8,all_contexts,all4,,,"0,1,2,3",4,five_selected_direction_coefficients,right_raw,left0,-2.0445403248310407e-08,-6.030162465371828e-09
PD,10,8,all_contexts,all4,,,"0,1,2,3",4,five_selected_direction_coefficients,right_raw,left1,-9.342157177067424e-09,-5.790691043253145e-09
PD,10,8,all_contexts,all4,,,"0,1,2,3",4,five_selected_direction_coefficients,right_raw,right_raw,5.886661685375451e-06,8.200847820351493e-07
PD,10,8,all_contexts,all4,,,"0,1,2,3",4,five_selected_direction_coefficients,right_raw,right_white,8.119557618601039e-07,1.130271744171194e-07
PD,10,8,all_contexts,all4,,,"0,1,2,3",4,five_selected_direction_coefficients,right_white,actual,1.0359254988891301e-07,1.4292812997113473e-08
PD,10,8,all_contexts,all4,,,"0,1,2,3",4,five_selected_direction_coefficients,right_white,left0,-2.306279342145824e-09,2.403216008793451e-10
PD,10,8,all_contexts,all4,,,"0,1,2,3",4,five_selected_direction_coefficients,right_white,left1,-1.785906167342464e-08,-1.0534453954904434e-09
PD,10,8,all_contexts,all4,,,"0,1,2,3",4,five_selected_direction_coefficients,right_white,right_raw,8.119557618601039e-07,1.130271744171194e-07
PD,10,8,all_contexts,all4,,,"0,1,2,3",4,five_selected_direction_coefficients,right_white,right_white,2.048982580119426e-06,2.8706205848408407e-07
PD,500,1,context,context0,0,0,0,1,five_selected_direction_coefficients,actual,actual,0.00011408609514266406,0.00015054175341753072
PD,500,1,context,context0,0,0,0,1,five_selected_direction_coefficients,actual,left0,-2.9796335547434245e-06,-1.7575582435664418e-06
PD,500,1,context,context0,0,0,0,1,five_selected_direction_coefficients,actual,left1,2.411371182483746e-06,1.423352286820429e-06
PD,500,1,context,context0,0,0,0,1,five_selected_direction_coefficients,actual,right_raw,-1.062850775192721e-05,7.397873509907293e-06
PD,500,1,context,context0,0,0,0,1,five_selected_direction_coefficients,actual,right_white,1.1403325486871937e-05,1.3341375111298214e-05
PD,500,1,context,context0,0,0,0,1,five_selected_direction_coefficients,left0,actual,-2.9796335547434232e-06,-1.7575582435664418e-06
PD,500,1,context,context0,0,0,0,1,five_selected_direction_coefficients,left0,left0,1.4848888386073989e-05,1.793853035016571e-05
PD,500,1,context,context0,0,0,0,1,five_selected_direction_coefficients,left0,left1,-2.2797748705333486e-06,1.2905070680269226e-07
PD,500,1,context,context0,0,0,0,1,five_selected_direction_coefficients,left0,right_raw,-1.3125211354931822e-06,-1.975512432877098e-06
PD,500,1,context,context0,0,0,0,1,five_selected_direction_coefficients,left0,right_white,-2.4750729874626407e-06,-5.013347286598334e-07
PD,500,1,context,context0,0,0,0,1,five_selected_direction_coefficients,left1,actual,2.411371182483775e-06,1.423352286820429e-06
PD,500,1,context,context0,0,0,0,1,five_selected_direction_coefficients,left1,left0,-2.2797748705333375e-06,1.2905070680269226e-07
PD,500,1,context,context0,0,0,0,1,five_selected_direction_coefficients,left1,left1,8.803979821877461e-06,1.8340915490279922e-05
PD,500,1,context,context0,0,0,0,1,five_selected_direction_coefficients,left1,right_raw,6.249345825625993e-06,2.4894871214286756e-06
PD,500,1,context,context0,0,0,0,1,five_selected_direction_coefficients,left1,right_white,2.933075508311213e-06,3.899805262676414e-07
PD,500,1,context,context0,0,0,0,1,five_selected_direction_coefficients,right_raw,actual,-1.0628507751927149e-05,7.397873509907293e-06
PD,500,1,context,context0,0,0,0,1,five_selected_direction_coefficients,right_raw,left0,-1.3125211354931727e-06,-1.975512432877098e-06
PD,500,1,context,context0,0,0,0,1,five_selected_direction_coefficients,right_raw,left1,6.249345825625995e-06,2.4894871214286756e-06
PD,500,1,context,context0,0,0,0,1,five_selected_direction_coefficients,right_raw,right_raw,0.0002490773059128145,0.00025695453305963256
PD,500,1,context,context0,0,0,0,1,five_selected_direction_coefficients,right_raw,right_white,3.357720780078791e-05,4.048951543049631e-05
PD,500,1,context,context0,0,0,0,1,five_selected_direction_coefficients,right_white,actual,1.1403325486871941e-05,1.3341375111298214e-05
PD,500,1,context,context0,0,0,0,1,five_selected_direction_coefficients,right_white,left0,-2.47507298746262e-06,-5.013347286598334e-07
PD,500,1,context,context0,0,0,0,1,five_selected_direction_coefficients,right_white,left1,2.9330755083112003e-06,3.899805262676414e-07
PD,500,1,context,context0,0,0,0,1,five_selected_direction_coefficients,right_white,right_raw,3.3577207800787876e-05,4.048951543049631e-05
PD,500,1,context,context0,0,0,0,1,five_selected_direction_coefficients,right_white,right_white,5.623987377162793e-05,7.028624785542809e-05
PD,500,1,context,context1,1,0,1,1,five_selected_direction_coefficients,actual,actual,0.000122933932222745,0.00013447714899263922
PD,500,1,context,context1,1,0,1,1,five_selected_direction_coefficients,actual,left0,3.1008955512957194e-06,-2.754111920653588e-07
PD,500,1,context,context1,1,0,1,1,five_selected_direction_coefficients,actual,left1,-5.521991991323932e-07,1.4492356012890905e-06
PD,500,1,context,context1,1,0,1,1,five_selected_direction_coefficients,actual,right_raw,-2.303163402271887e-05,-7.659040345497431e-06
PD,500,1,context,context1,1,0,1,1,five_selected_direction_coefficients,actual,right_white,-3.384637715229476e-06,-3.7498908663336865e-06
PD,500,1,context,context1,1,0,1,1,five_selected_direction_coefficients,left0,actual,3.100895551295726e-06,-2.754111920653588e-07
PD,500,1,context,context1,1,0,1,1,five_selected_direction_coefficients,left0,left0,1.4021841261500762e-05,1.67945839348207e-05
PD,500,1,context,context1,1,0,1,1,five_selected_direction_coefficients,left0,left1,2.527232742770295e-07,-2.683112604653697e-07
PD,500,1,context,context1,1,0,1,1,five_selected_direction_coefficients,left0,right_raw,1.9186168184120404e-06,-4.029102684095464e-06
PD,500,1,context,context1,1,0,1,1,five_selected_direction_coefficients,left0,right_white,-2.068002716027844e-06,3.819815209944567e-07
PD,500,1,context,context1,1,0,1,1,five_selected_direction_coefficients,left1,actual,-5.521991991323784e-07,1.4492356012890905e-06
PD,500,1,context,context1,1,0,1,1,five_selected_direction_coefficients,left1,left0,2.52723274277037e-07,-2.683112604653697e-07
PD,500,1,context,context1,1,0,1,1,five_selected_direction_coefficients,left1,left1,1.4161868178905012e-05,1.7519615684344266e-05
PD,500,1,context,context1,1,0,1,1,five_selected_direction_coefficients,left1,right_raw,-3.1362695692145683e-06,-3.400599207485127e-06
PD,500,1,context,context1,1,0,1,1,five_selected_direction_coefficients,left1,right_white,-1.9662069534056966e-07,8.265212321254625e-07
PD,500,1,context,context1,1,0,1,1,five_selected_direction_coefficients,right_raw,actual,-2.3031634022718865e-05,-7.659040345497431e-06
PD,500,1,context,context1,1,0,1,1,five_selected_direction_coefficients,right_raw,left0,1.9186168184120552e-06,-4.029102684095464e-06
PD,500,1,context,context1,1,0,1,1,five_selected_direction_coefficients,right_raw,left1,-3.1362695692145797e-06,-3.400599207485127e-06
PD,500,1,context,context1,1,0,1,1,five_selected_direction_coefficients,right_raw,right_raw,0.0002472687629778837,0.0002719992616051293
PD,500,1,context,context1,1,0,1,1,five_selected_direction_coefficients,right_raw,right_white,4.474473577764194e-05,4.94036961354623e-05
PD,500,1,context,context1,1,0,1,1,five_selected_direction_coefficients,right_white,actual,-3.3846377152294742e-06,-3.7498908663336865e-06
PD,500,1,context,context1,1,0,1,1,five_selected_direction_coefficients,right_white,left0,-2.0680027160278424e-06,3.819815209944567e-07
PD,500,1,context,context1,1,0,1,1,five_selected_direction_coefficients,right_white,left1,-1.966206953405667e-07,8.265212321254625e-07
PD,500,1,context,context1,1,0,1,1,five_selected_direction_coefficients,right_white,right_raw,4.474473577764201e-05,4.94036961354623e-05
PD,500,1,context,context1,1,0,1,1,five_selected_direction_coefficients,right_white,right_white,4.758720761551749e-05,6.163462182184776e-05
PD,500,1,context,context2,2,1,2,1,five_selected_direction_coefficients,actual,actual,0.00012383585544434672,0.00014473638060428677
PD,500,1,context,context2,2,1,2,1,five_selected_direction_coefficients,actual,left0,1.4615619726329035e-06,1.5743116846865032e-06
PD,500,1,context,context2,2,1,2,1,five_selected_direction_coefficients,actual,left1,7.64758909546395e-06,1.0980516712707992e-06
PD,500,1,context,context2,2,1,2,1,five_selected_direction_coefficients,actual,right_raw,-4.803539071581774e-06,6.922230398234982e-06
PD,500,1,context,context2,2,1,2,1,five_selected_direction_coefficients,actual,right_white,-7.867025189549871e-06,-6.8838276500153594e-06
PD,500,1,context,context2,2,1,2,1,five_selected_direction_coefficients,left0,actual,1.461561972632933e-06,1.5743116846865032e-06
PD,500,1,context,context2,2,1,2,1,five_selected_direction_coefficients,left0,left0,1.8515700449901214e-05,1.6984367713677807e-05
PD,500,1,context,context2,2,1,2,1,five_selected_direction_coefficients,left0,left1,-8.115416588865284e-07,-7.338327435268195e-07
PD,500,1,context,context2,2,1,2,1,five_selected_direction_coefficients,left0,right_raw,-1.0204367405455215e-06,2.988872783007998e-07
PD,500,1,context,context2,2,1,2,1,five_selected_direction_coefficients,left0,right_white,1.0879668647489837e-06,7.797846467522753e-08
PD,500,1,context,context2,2,1,2,1,five_selected_direction_coefficients,left1,actual,7.647589095463955e-06,1.0980516712707992e-06
PD,500,1,context,context2,2,1,2,1,five_selected_direction_coefficients,left1,left0,-8.115416588865294e-07,-7.338327435268195e-07
PD,500,1,context,context2,2,1,2,1,five_selected_direction_coefficients,left1,left1,1.3380212666505863e-05,1.6213380947392682e-05
PD,500,1,context,context2,2,1,2,1,five_selected_direction_coefficients,left1,right_raw,1.8336994486361643e-06,-2.4758041737989446e-06
PD,500,1,context,context2,2,1,2,1,five_selected_direction_coefficients,left1,right_white,-1.2670338371837303e-06,-1.0512510645897108e-06
PD,500,1,context,context2,2,1,2,1,five_selected_direction_coefficients,right_raw,actual,-4.803539071581732e-06,6.922230398234982e-06
PD,500,1,context,context2,2,1,2,1,five_selected_direction_coefficients,right_raw,left0,-1.0204367405455128e-06,2.988872783007998e-07
PD,500,1,context,context2,2,1,2,1,five_selected_direction_coefficients,right_raw,left1,1.8336994486361844e-06,-2.4758041737989446e-06
PD,500,1,context,context2,2,1,2,1,five_selected_direction_coefficients,right_raw,right_raw,0.00021543442091685668,0.00026334909422504494
PD,500,1,context,context2,2,1,2,1,five_selected_direction_coefficients,right_raw,right_white,3.8074096891991834e-05,4.788650584241731e-05
PD,500,1,context,context2,2,1,2,1,five_selected_direction_coefficients,right_white,actual,-7.86702518954988e-06,-6.8838276500153594e-06
PD,500,1,context,context2,2,1,2,1,five_selected_direction_coefficients,right_white,left0,1.087966864748994e-06,7.797846467522753e-08
PD,500,1,context,context2,2,1,2,1,five_selected_direction_coefficients,right_white,left1,-1.267033837183742e-06,-1.0512510645897108e-06
PD,500,1,context,context2,2,1,2,1,five_selected_direction_coefficients,right_white,right_raw,3.807409689199184e-05,4.788650584241731e-05
PD,500,1,context,context2,2,1,2,1,five_selected_direction_coefficients,right_white,right_white,7.142073168876312e-05,6.391655049392534e-05
PD,500,1,context,context3,3,1,3,1,five_selected_direction_coefficients,actual,actual,0.00010306056750796116,0.00011158372038844953
PD,500,1,context,context3,3,1,3,1,five_selected_direction_coefficients,actual,left0,-2.021960345618245e-06,-9.766501550105092e-07
PD,500,1,context,context3,3,1,3,1,five_selected_direction_coefficients,actual,left1,-1.5889845370702138e-06,-2.0087023258212114e-06
PD,500,1,context,context3,3,1,3,1,five_selected_direction_coefficients,actual,right_raw,-7.568654186641221e-06,1.6752444751838095e-06
PD,500,1,context,context3,3,1,3,1,five_selected_direction_coefficients,actual,right_white,-3.2723204935605555e-06,-3.5976094002395137e-06
PD,500,1,context,context3,3,1,3,1,five_selected_direction_coefficients,left0,actual,-2.0219603456182213e-06,-9.766501550105092e-07
PD,500,1,context,context3,3,1,3,1,five_selected_direction_coefficients,left0,left0,1.1095018968162796e-05,1.4182384491525716e-05
PD,500,1,context,context3,3,1,3,1,five_selected_direction_coefficients,left0,left1,4.591606463293986e-08,-2.009556567869044e-07
PD,500,1,context,context3,3,1,3,1,five_selected_direction_coefficients,left0,right_raw,-2.7000671539709686e-06,-2.275504725528233e-07
PD,500,1,context,context3,3,1,3,1,five_selected_direction_coefficients,left0,right_white,3.0805929424826565e-06,-1.4051483985131942e-07
PD,500,1,context,context3,3,1,3,1,five_selected_direction_coefficients,left1,actual,-1.5889845370702096e-06,-2.0087023258212114e-06
PD,500,1,context,context3,3,1,3,1,five_selected_direction_coefficients,left1,left0,4.5916064632946e-08,-2.009556567869044e-07
PD,500,1,context,context3,3,1,3,1,five_selected_direction_coefficients,left1,left1,1.0599670857430733e-05,1.5240707746538973e-05
PD,500,1,context,context3,3,1,3,1,five_selected_direction_coefficients,left1,right_raw,-5.041914020694869e-07,-4.1733523567179766e-06
PD,500,1,context,context3,3,1,3,1,five_selected_direction_coefficients,left1,right_white,1.2111939490725157e-06,-4.723958686116012e-07
PD,500,1,context,context3,3,1,3,1,five_selected_direction_coefficients,right_raw,actual,-7.568654186641274e-06,1.6752444751838095e-06
PD,500,1,context,context3,3,1,3,1,five_selected_direction_coefficients,right_raw,left0,-2.700067153970985e-06,-2.275504725528233e-07
PD,500,1,context,context3,3,1,3,1,five_selected_direction_coefficients,right_raw,left1,-5.041914020694833e-07,-4.1733523567179766e-06
PD,500,1,context,context3,3,1,3,1,five_selected_direction_coefficients,right_raw,right_raw,0.0001851046180556683,0.00022113442169396805
PD,500,1,context,context3,3,1,3,1,five_selected_direction_coefficients,right_raw,right_white,3.879932213779705e-05,4.01562618121477e-05
PD,500,1,context,context3,3,1,3,1,five_selected_direction_coefficients,right_white,actual,-3.2723204935605547e-06,-3.5976094002395137e-06
PD,500,1,context,context3,3,1,3,1,five_selected_direction_coefficients,right_white,left0,3.0805929424826587e-06,-1.4051483985131942e-07
PD,500,1,context,context3,3,1,3,1,five_selected_direction_coefficients,right_white,left1,1.211193949072528e-06,-4.723958686116012e-07
PD,500,1,context,context3,3,1,3,1,five_selected_direction_coefficients,right_white,right_raw,3.879932213779702e-05,4.01562618121477e-05
PD,500,1,context,context3,3,1,3,1,five_selected_direction_coefficients,right_white,right_white,3.886982163379339e-05,6.017616709813313e-05
PD,500,1,bank,bank0,,0,"0,1",2,five_selected_direction_coefficients,actual,actual,0.00011851001368270452,0.00014250945120508507
PD,500,1,bank,bank0,,0,"0,1",2,five_selected_direction_coefficients,actual,left0,6.063099827614746e-08,-1.016484717815902e-06
PD,500,1,bank,bank0,,0,"0,1",2,five_selected_direction_coefficients,actual,left1,9.295859916756766e-07,1.4362939440547594e-06
PD,500,1,bank,bank0,,0,"0,1",2,five_selected_direction_coefficients,actual,right_raw,-1.683007088732304e-05,-1.305834177950671e-07
PD,500,1,bank,bank0,,0,"0,1",2,five_selected_direction_coefficients,actual,right_white,4.00934388582123e-06,4.795742122482256e-06
PD,500,1,bank,bank0,,0,"0,1",2,five_selected_direction_coefficients,left0,actual,6.063099827615148e-08,-1.016484717815902e-06
PD,500,1,bank,bank0,,0,"0,1",2,five_selected_direction_coefficients,left0,left0,1.4435364823787375e-05,1.7366557142493225e-05
PD,500,1,bank,bank0,,0,"0,1",2,five_selected_direction_coefficients,left0,left1,-1.0135257981281596e-06,-6.963027683133871e-08
PD,500,1,bank,bank0,,0,"0,1",2,five_selected_direction_coefficients,left0,right_raw,3.030478414594291e-07,-3.00230755848628e-06
PD,500,1,bank,bank0,,0,"0,1",2,five_selected_direction_coefficients,left0,right_white,-2.2715378517452424e-06,-5.967660383268834e-08
PD,500,1,bank,bank0,,0,"0,1",2,five_selected_direction_coefficients,left1,actual,9.295859916756984e-07,1.4362939440547594e-06
PD,500,1,bank,bank0,,0,"0,1",2,five_selected_direction_coefficients,left1,left0,-1.0135257981281503e-06,-6.963027683133871e-08
PD,500,1,bank,bank0,,0,"0,1",2,five_selected_direction_coefficients,left1,left1,1.1482924000391236e-05,1.793026558731209e-05
PD,500,1,bank,bank0,,0,"0,1",2,five_selected_direction_coefficients,left1,right_raw,1.5565381282057124e-06,-4.5555604302822735e-07
PD,500,1,bank,bank0,,0,"0,1",2,five_selected_direction_coefficients,left1,right_white,1.3682274064853217e-06,6.082508791965529e-07
PD,500,1,bank,bank0,,0,"0,1",2,five_selected_direction_coefficients,right_raw,actual,-1.6830070887323006e-05,-1.305834177950671e-07
PD,500,1,bank,bank0,,0,"0,1",2,five_selected_direction_coefficients,right_raw,left0,3.0304784145944127e-07,-3.00230755848628e-06
PD,500,1,bank,bank0,,0,"0,1",2,five_selected_direction_coefficients,right_raw,left1,1.5565381282057075e-06,-4.5555604302822735e-07
PD,500,1,bank,bank0,,0,"0,1",2,five_selected_direction_coefficients,right_raw,right_raw,0.0002481730344453491,0.0002644768973323808
PD,500,1,bank,bank0,,0,"0,1",2,five_selected_direction_coefficients,right_raw,right_white,3.9160971789214926e-05,4.494660578297924e-05
PD,500,1,bank,bank0,,0,"0,1",2,five_selected_direction_coefficients,right_white,actual,4.009343885821234e-06,4.795742122482256e-06
PD,500,1,bank,bank0,,0,"0,1",2,five_selected_direction_coefficients,right_white,left0,-2.271537851745231e-06,-5.967660383268834e-08
PD,500,1,bank,bank0,,0,"0,1",2,five_selected_direction_coefficients,right_white,left1,1.3682274064853168e-06,6.082508791965529e-07
PD,500,1,bank,bank0,,0,"0,1",2,five_selected_direction_coefficients,right_white,right_raw,3.9160971789214946e-05,4.494660578297924e-05
PD,500,1,bank,bank0,,0,"0,1",2,five_selected_direction_coefficients,right_white,right_white,5.191354069357271e-05,6.5960434838638e-05
PD,500,1,bank,bank1,,1,"2,3",2,five_selected_direction_coefficients,actual,actual,0.00011344821147615393,0.00012816005049636826
PD,500,1,bank,bank1,,1,"2,3",2,five_selected_direction_coefficients,actual,left0,-2.801991864926708e-07,2.988307648379966e-07
PD,500,1,bank,bank1,,1,"2,3",2,five_selected_direction_coefficients,actual,left1,3.029302279196868e-06,-4.5532532727520554e-07
PD,500,1,bank,bank1,,1,"2,3",2,five_selected_direction_coefficients,actual,right_raw,-6.186096629111498e-06,4.298737436709393e-06
PD,500,1,bank,bank1,,1,"2,3",2,five_selected_direction_coefficients,actual,right_white,-5.5696728415552134e-06,-5.240718525127429e-06
PD,500,1,bank,bank1,,1,"2,3",2,five_selected_direction_coefficients,left0,actual,-2.801991864926442e-07,2.988307648379966e-07
PD,500,1,bank,bank1,,1,"2,3",2,five_selected_direction_coefficients,left0,left0,1.4805359709032005e-05,1.5583376102601763e-05
PD,500,1,bank,bank1,,1,"2,3",2,five_selected_direction_coefficients,left0,left1,-3.828127971267943e-07,-4.6739420015686165e-07
PD,500,1,bank,bank1,,1,"2,3",2,five_selected_direction_coefficients,left0,right_raw,-1.8602519472582452e-06,3.566840287398809e-08
PD,500,1,bank,bank1,,1,"2,3",2,five_selected_direction_coefficients,left0,right_white,2.08427990361582e-06,-3.126818758804581e-08
PD,500,1,bank,bank1,,1,"2,3",2,five_selected_direction_coefficients,left1,actual,3.0293022791968728e-06,-4.5532532727520554e-07
PD,500,1,bank,bank1,,1,"2,3",2,five_selected_direction_coefficients,left1,left0,-3.828127971267917e-07,-4.6739420015686165e-07
PD,500,1,bank,bank1,,1,"2,3",2,five_selected_direction_coefficients,left1,left1,1.1989941761968299e-05,1.572704434696581e-05
PD,500,1,bank,bank1,,1,"2,3",2,five_selected_direction_coefficients,left1,right_raw,6.647540232833387e-07,-3.324578265258462e-06
PD,500,1,bank,bank1,,1,"2,3",2,five_selected_direction_coefficients,left1,right_white,-2.79199440556073e-08,-7.61823466600656e-07
PD,500,1,bank,bank1,,1,"2,3",2,five_selected_direction_coefficients,right_raw,actual,-6.186096629111503e-06,4.298737436709393e-06
PD,500,1,bank,bank1,,1,"2,3",2,five_selected_direction_coefficients,right_raw,left0,-1.860251947258249e-06,3.566840287398809e-08
PD,500,1,bank,bank1,,1,"2,3",2,five_selected_direction_coefficients,right_raw,left1,6.647540232833506e-07,-3.324578265258462e-06
PD,500,1,bank,bank1,,1,"2,3",2,five_selected_direction_coefficients,right_raw,right_raw,0.00020026951948626248,0.00024224175795950663
PD,500,1,bank,bank1,,1,"2,3",2,five_selected_direction_coefficients,right_raw,right_white,3.843670951489444e-05,4.402138382728253e-05
PD,500,1,bank,bank1,,1,"2,3",2,five_selected_direction_coefficients,right_white,actual,-5.569672841555217e-06,-5.240718525127429e-06
PD,500,1,bank,bank1,,1,"2,3",2,five_selected_direction_coefficients,right_white,left0,2.084279903615826e-06,-3.126818758804581e-08
PD,500,1,bank,bank1,,1,"2,3",2,five_selected_direction_coefficients,right_white,left1,-2.791994405560698e-08,-7.61823466600656e-07
PD,500,1,bank,bank1,,1,"2,3",2,five_selected_direction_coefficients,right_white,right_raw,3.843670951489443e-05,4.402138382728253e-05
PD,500,1,bank,bank1,,1,"2,3",2,five_selected_direction_coefficients,right_white,right_white,5.514527666127825e-05,6.20463587960292e-05
PD,500,1,all_contexts,all4,,,"0,1,2,3",4,five_selected_direction_coefficients,actual,actual,0.00011597911257942923,0.00013533475085072668
PD,500,1,all_contexts,all4,,,"0,1,2,3",4,five_selected_direction_coefficients,actual,left0,-1.0978409410826166e-07,-3.5882697648895335e-07
PD,500,1,all_contexts,all4,,,"0,1,2,3",4,five_selected_direction_coefficients,actual,left1,1.979444135436272e-06,4.904843083897775e-07
PD,500,1,all_contexts,all4,,,"0,1,2,3",4,five_selected_direction_coefficients,actual,right_raw,-1.150808375821727e-05,2.0840770094571636e-06
PD,500,1,all_contexts,all4,,,"0,1,2,3",4,five_selected_direction_coefficients,actual,right_white,-7.801644778669914e-07,-2.224882013225892e-07
PD,500,1,all_contexts,all4,,,"0,1,2,3",4,five_selected_direction_coefficients,left0,actual,-1.0978409410824636e-07,-3.5882697648895335e-07
PD,500,1,all_contexts,all4,,,"0,1,2,3",4,five_selected_direction_coefficients,left0,left0,1.4620362266409691e-05,1.6474966622547513e-05
PD,500,1,all_contexts,all4,,,"0,1,2,3",4,five_selected_direction_coefficients,left0,left1,-6.981692976274769e-07,-2.685122384940999e-07
PD,500,1,all_contexts,all4,,,"0,1,2,3",4,five_selected_direction_coefficients,left0,right_raw,-7.78602052899408e-07,-1.4833195778061454e-06
PD,500,1,all_contexts,all4,,,"0,1,2,3",4,five_selected_direction_coefficients,left0,right_white,-9.362897406471121e-08,-4.547239571036703e-08
PD,500,1,all_contexts,all4,,,"0,1,2,3",4,five_selected_direction_coefficients,left1,actual,1.9794441354362857e-06,4.904843083897775e-07
PD,500,1,all_contexts,all4,,,"0,1,2,3",4,five_selected_direction_coefficients,left1,left0,-6.98169297627471e-07,-2.685122384940999e-07
PD,500,1,all_contexts,all4,,,"0,1,2,3",4,five_selected_direction_coefficients,left1,left1,1.1736432881179768e-05,1.6828654967138947e-05
PD,500,1,all_contexts,all4,,,"0,1,2,3",4,five_selected_direction_coefficients,left1,right_raw,1.1106460757445254e-06,-1.890067154143344e-06
PD,500,1,all_contexts,all4,,,"0,1,2,3",4,five_selected_direction_coefficients,left1,right_white,6.701537312148572e-07,-7.678629370205151e-08
PD,500,1,all_contexts,all4,,,"0,1,2,3",4,five_selected_direction_coefficients,right_raw,actual,-1.1508083758217254e-05,2.0840770094571636e-06
PD,500,1,all_contexts,all4,,,"0,1,2,3",4,five_selected_direction_coefficients,right_raw,left0,-7.786020528994038e-07,-1.4833195778061454e-06
PD,500,1,all_contexts,all4,,,"0,1,2,3",4,five_selected_direction_coefficients,right_raw,left1,1.110646075744529e-06,-1.890067154143344e-06
PD,500,1,all_contexts,all4,,,"0,1,2,3",4,five_selected_direction_coefficients,right_raw,right_raw,0.00022422127696580582,0.00025335932764594346
PD,500,1,all_contexts,all4,,,"0,1,2,3",4,five_selected_direction_coefficients,right_raw,right_white,3.8798840652054685e-05,4.448399480513086e-05
PD,500,1,all_contexts,all4,,,"0,1,2,3",4,five_selected_direction_coefficients,right_white,actual,-7.801644778669916e-07,-2.224882013225892e-07
PD,500,1,all_contexts,all4,,,"0,1,2,3",4,five_selected_direction_coefficients,right_white,left0,-9.362897406470231e-08,-4.547239571036703e-08
PD,500,1,all_contexts,all4,,,"0,1,2,3",4,five_selected_direction_coefficients,right_white,left1,6.701537312148549e-07,-7.678629370205151e-08
PD,500,1,all_contexts,all4,,,"0,1,2,3",4,five_selected_direction_coefficients,right_white,right_raw,3.8798840652054685e-05,4.448399480513086e-05
PD,500,1,all_contexts,all4,,,"0,1,2,3",4,five_selected_direction_coefficients,right_white,right_white,5.352940867742548e-05,6.400339681733363e-05
PD,500,4,context,context0,0,0,0,1,five_selected_direction_coefficients,actual,actual,9.098218385826125e-05,9.22873995647351e-05
PD,500,4,context,context0,0,0,0,1,five_selected_direction_coefficients,actual,left0,1.254416077006813e-06,1.2141853873683407e-06
PD,500,4,context,context0,0,0,0,1,five_selected_direction_coefficients,actual,left1,-2.598892374539063e-07,-2.1766098680113513e-07
PD,500,4,context,context0,0,0,0,1,five_selected_direction_coefficients,actual,right_raw,1.8240656354476874e-06,2.7158494906747524e-06
PD,500,4,context,context0,0,0,0,1,five_selected_direction_coefficients,actual,right_white,4.6792887051043064e-06,6.298387872736348e-06
PD,500,4,context,context0,0,0,0,1,five_selected_direction_coefficients,left0,actual,1.2544160770068175e-06,1.2141853873683407e-06
PD,500,4,context,context0,0,0,0,1,five_selected_direction_coefficients,left0,left0,9.755028294519553e-06,1.1344209711721828e-05
PD,500,4,context,context0,0,0,0,1,five_selected_direction_coefficients,left0,left1,-1.6987659908882106e-06,-3.344238283785029e-07
PD,500,4,context,context0,0,0,0,1,five_selected_direction_coefficients,left0,right_raw,6.09068459349988e-06,9.522194450429617e-07
PD,500,4,context,context0,0,0,0,1,five_selected_direction_coefficients,left0,right_white,1.776963821041616e-06,1.1895683488439995e-06
PD,500,4,context,context0,0,0,0,1,five_selected_direction_coefficients,left1,actual,-2.5988923745390406e-07,-2.1766098680113513e-07
PD,500,4,context,context0,0,0,0,1,five_selected_direction_coefficients,left1,left0,-1.698765990888209e-06,-3.344238283785029e-07
PD,500,4,context,context0,0,0,0,1,five_selected_direction_coefficients,left1,left1,8.252774939861855e-06,1.1316788178857478e-05
PD,500,4,context,context0,0,0,0,1,five_selected_direction_coefficients,left1,right_raw,-1.4008058202792288e-07,6.671397699832464e-07
PD,500,4,context,context0,0,0,0,1,five_selected_direction_coefficients,left1,right_white,-9.685310957351758e-07,5.435079671918024e-07
PD,500,4,context,context0,0,0,0,1,five_selected_direction_coefficients,right_raw,actual,1.8240656354476578e-06,2.7158494906747524e-06
PD,500,4,context,context0,0,0,0,1,five_selected_direction_coefficients,right_raw,left0,6.090684593499883e-06,9.522194450429617e-07
PD,500,4,context,context0,0,0,0,1,five_selected_direction_coefficients,right_raw,left1,-1.400805820279286e-07,6.671397699832464e-07
PD,500,4,context,context0,0,0,0,1,five_selected_direction_coefficients,right_raw,right_raw,8.775877787723082e-05,0.00010749146245333965
PD,500,4,context,context0,0,0,0,1,five_selected_direction_coefficients,right_raw,right_white,1.6383051321760388e-05,2.04169045184089e-05
PD,500,4,context,context0,0,0,0,1,five_selected_direction_coefficients,right_white,actual,4.679288705104317e-06,6.298387872736348e-06
PD,500,4,context,context0,0,0,0,1,five_selected_direction_coefficients,right_white,left0,1.7769638210416218e-06,1.1895683488439995e-06
PD,500,4,context,context0,0,0,0,1,five_selected_direction_coefficients,right_white,left1,-9.68531095735172e-07,5.435079671918024e-07
PD,500,4,context,context0,0,0,0,1,five_selected_direction_coefficients,right_white,right_raw,1.63830513217604e-05,2.04169045184089e-05
PD,500,4,context,context0,0,0,0,1,five_selected_direction_coefficients,right_white,right_white,2.9787223613034012e-05,3.4028256802508485e-05
PD,500,4,context,context1,1,0,1,1,five_selected_direction_coefficients,actual,actual,7.745699631892601e-05,8.239336277402171e-05
PD,500,4,context,context1,1,0,1,1,five_selected_direction_coefficients,actual,left0,3.824732822736863e-06,2.5649363407177896e-06
PD,500,4,context,context1,1,0,1,1,five_selected_direction_coefficients,actual,left1,1.0168670422441537e-06,-5.647597228321235e-07
PD,500,4,context,context1,1,0,1,1,five_selected_direction_coefficients,actual,right_raw,-2.77918611360173e-07,3.055616356100606e-06
PD,500,4,context,context1,1,0,1,1,five_selected_direction_coefficients,actual,right_white,-6.605863763475209e-07,9.553795798312825e-07
PD,500,4,context,context1,1,0,1,1,five_selected_direction_coefficients,left0,actual,3.824732822736869e-06,2.5649363407177896e-06
PD,500,4,context,context1,1,0,1,1,five_selected_direction_coefficients,left0,left0,8.519759980339848e-06,1.0227445099293052e-05
PD,500,4,context,context1,1,0,1,1,five_selected_direction_coefficients,left0,left1,-2.851788783533711e-07,-6.154462622890248e-08
PD,500,4,context,context1,1,0,1,1,five_selected_direction_coefficients,left0,right_raw,-7.502690884355515e-06,-1.5757597990383594e-06
PD,500,4,context,context1,1,0,1,1,five_selected_direction_coefficients,left0,right_white,-8.318373862345657e-07,-1.2037261974251963e-07
PD,500,4,context,context1,1,0,1,1,five_selected_direction_coefficients,left1,actual,1.0168670422441484e-06,-5.647597228321235e-07
PD,500,4,context,context1,1,0,1,1,five_selected_direction_coefficients,left1,left0,-2.85178878353367e-07,-6.154462622890248e-08
PD,500,4,context,context1,1,0,1,1,five_selected_direction_coefficients,left1,left1,9.455273911606267e-06,1.0419217293843636e-05
PD,500,4,context,context1,1,0,1,1,five_selected_direction_coefficients,left1,right_raw,2.7699228925971163e-06,-3.1610233709630414e-07
PD,500,4,context,context1,1,0,1,1,five_selected_direction_coefficients,left1,right_white,-2.350525093609132e-06,-8.199718149530381e-07
PD,500,4,context,context1,1,0,1,1,five_selected_direction_coefficients,right_raw,actual,-2.779186113601654e-07,3.055616356100606e-06
PD,500,4,context,context1,1,0,1,1,five_selected_direction_coefficients,right_raw,left0,-7.502690884355509e-06,-1.5757597990383594e-06
PD,500,4,context,context1,1,0,1,1,five_selected_direction_coefficients,right_raw,left1,2.7699228925971396e-06,-3.1610233709630414e-07
PD,500,4,context,context1,1,0,1,1,five_selected_direction_coefficients,right_raw,right_raw,8.832249794437893e-05,0.00010129461945395155
PD,500,4,context,context1,1,0,1,1,five_selected_direction_coefficients,right_raw,right_white,1.4633379933396119e-05,1.9984316819333684e-05
PD,500,4,context,context1,1,0,1,1,five_selected_direction_coefficients,right_white,actual,-6.605863763475155e-07,9.553795798312825e-07
PD,500,4,context,context1,1,0,1,1,five_selected_direction_coefficients,right_white,left0,-8.318373862345567e-07,-1.2037261974251963e-07
PD,500,4,context,context1,1,0,1,1,five_selected_direction_coefficients,right_white,left1,-2.350525093609134e-06,-8.199718149530381e-07
PD,500,4,context,context1,1,0,1,1,five_selected_direction_coefficients,right_white,right_raw,1.4633379933396119e-05,1.9984316819333684e-05
PD,500,4,context,context1,1,0,1,1,five_selected_direction_coefficients,right_white,right_white,2.217340286602451e-05,2.999666401810784e-05
PD,500,4,context,context2,2,1,2,1,five_selected_direction_coefficients,actual,actual,9.586614892296624e-05,9.621771316325874e-05
PD,500,4,context,context2,2,1,2,1,five_selected_direction_coefficients,actual,left0,-5.487999593219976e-07,6.495550390398779e-07
PD,500,4,context,context2,2,1,2,1,five_selected_direction_coefficients,actual,left1,7.81733551922871e-07,7.226373557137241e-07
PD,500,4,context,context2,2,1,2,1,five_selected_direction_coefficients,actual,right_raw,1.1322114081466878e-05,2.9419074000797624e-06
PD,500,4,context,context2,2,1,2,1,five_selected_direction_coefficients,actual,right_white,-2.507003790368889e-08,-1.7062328817984552e-06
PD,500,4,context,context2,2,1,2,1,five_selected_direction_coefficients,left0,actual,-5.48799959321998e-07,6.495550390398779e-07
PD,500,4,context,context2,2,1,2,1,five_selected_direction_coefficients,left0,left0,9.067304644338149e-06,1.0605243087285126e-05
PD,500,4,context,context2,2,1,2,1,five_selected_direction_coefficients,left0,left1,-2.4745182862990523e-07,-9.92231151034258e-08
PD,500,4,context,context2,2,1,2,1,five_selected_direction_coefficients,left0,right_raw,-1.497460593693132e-06,-5.082778688988551e-07
PD,500,4,context,context2,2,1,2,1,five_selected_direction_coefficients,left0,right_white,1.495801890887548e-07,-4.962430401438264e-08
PD,500,4,context,context2,2,1,2,1,five_selected_direction_coefficients,left1,actual,7.817335519228748e-07,7.226373557137241e-07
PD,500,4,context,context2,2,1,2,1,five_selected_direction_coefficients,left1,left0,-2.474518286299058e-07,-9.92231151034258e-08
PD,500,4,context,context2,2,1,2,1,five_selected_direction_coefficients,left1,left1,1.2044872675186175e-05,1.0923646147096976e-05
PD,500,4,context,context2,2,1,2,1,five_selected_direction_coefficients,left1,right_raw,-3.6234806444403557e-06,3.2668698419048547e-07
PD,500,4,context,context2,2,1,2,1,five_selected_direction_coefficients,left1,right_white,-1.4022366763637765e-06,3.879575014642917e-07
PD,500,4,context,context2,2,1,2,1,five_selected_direction_coefficients,right_raw,actual,1.1322114081466888e-05,2.9419074000797624e-06
PD,500,4,context,context2,2,1,2,1,five_selected_direction_coefficients,right_raw,left0,-1.4974605936931395e-06,-5.082778688988551e-07
PD,500,4,context,context2,2,1,2,1,five_selected_direction_coefficients,right_raw,left1,-3.623480644440351e-06,3.2668698419048547e-07
PD,500,4,context,context2,2,1,2,1,five_selected_direction_coefficients,right_raw,right_raw,0.00011366231956423914,0.00010750102835674854
PD,500,4,context,context2,2,1,2,1,five_selected_direction_coefficients,right_raw,right_white,2.5855144884234237e-05,2.0937604004878376e-05
PD,500,4,context,context2,2,1,2,1,five_selected_direction_coefficients,right_white,actual,-2.5070037903697996e-08,-1.7062328817984552e-06
PD,500,4,context,context2,2,1,2,1,five_selected_direction_coefficients,right_white,left0,1.4958018908874676e-07,-4.962430401438264e-08
PD,500,4,context,context2,2,1,2,1,five_selected_direction_coefficients,right_white,left1,-1.4022366763637737e-06,3.879575014642917e-07
PD,500,4,context,context2,2,1,2,1,five_selected_direction_coefficients,right_white,right_raw,2.5855144884234237e-05,2.0937604004878376e-05
PD,500,4,context,context2,2,1,2,1,five_selected_direction_coefficients,right_white,right_white,3.0308261393394335e-05,2.98088643644051e-05
PD,500,4,context,context3,3,1,3,1,five_selected_direction_coefficients,actual,actual,7.085025377436754e-05,6.563457866839985e-05
PD,500,4,context,context3,3,1,3,1,five_selected_direction_coefficients,actual,left0,3.622367111574722e-07,3.7370591161979655e-08
PD,500,4,context,context3,3,1,3,1,five_selected_direction_coefficients,actual,left1,2.4744426150627757e-07,5.01836424464306e-07
PD,500,4,context,context3,3,1,3,1,five_selected_direction_coefficients,actual,right_raw,-2.600860776223389e-06,7.610962696822958e-07
PD,500,4,context,context3,3,1,3,1,five_selected_direction_coefficients,actual,right_white,1.3387592019128007e-06,-2.262075850937355e-06
PD,500,4,context,context3,3,1,3,1,five_selected_direction_coefficients,left0,actual,3.622367111574746e-07,3.7370591161979655e-08
PD,500,4,context,context3,3,1,3,1,five_selected_direction_coefficients,left0,left0,1.0749647276590284e-05,8.73734485106309e-06
PD,500,4,context,context3,3,1,3,1,five_selected_direction_coefficients,left0,left1,1.2350609285690384e-06,-1.3739116925622825e-07
PD,500,4,context,context3,3,1,3,1,five_selected_direction_coefficients,left0,right_raw,4.837708913667751e-06,8.188197126445399e-07
PD,500,4,context,context3,3,1,3,1,five_selected_direction_coefficients,left0,right_white,2.2638552219426644e-06,6.893671219409062e-07
PD,500,4,context,context3,3,1,3,1,five_selected_direction_coefficients,left1,actual,2.4744426150627424e-07,5.01836424464306e-07
PD,500,4,context,context3,3,1,3,1,five_selected_direction_coefficients,left1,left0,1.2350609285690392e-06,-1.3739116925622825e-07
PD,500,4,context,context3,3,1,3,1,five_selected_direction_coefficients,left1,left1,1.161620751014284e-05,9.253055008815055e-06
PD,500,4,context,context3,3,1,3,1,five_selected_direction_coefficients,left1,right_raw,1.7422860168232187e-06,-1.0203090164402734e-06
PD,500,4,context,context3,3,1,3,1,five_selected_direction_coefficients,left1,right_white,2.666990117889268e-06,2.965404331210057e-07
PD,500,4,context,context3,3,1,3,1,five_selected_direction_coefficients,right_raw,actual,-2.6008607762234096e-06,7.610962696822958e-07
PD,500,4,context,context3,3,1,3,1,five_selected_direction_coefficients,right_raw,left0,4.837708913667752e-06,8.188197126445399e-07
PD,500,4,context,context3,3,1,3,1,five_selected_direction_coefficients,right_raw,left1,1.7422860168232126e-06,-1.0203090164402734e-06
PD,500,4,context,context3,3,1,3,1,five_selected_direction_coefficients,right_raw,right_raw,0.00010151470735969009,0.00010171293568307086
PD,500,4,context,context3,3,1,3,1,five_selected_direction_coefficients,right_raw,right_white,1.2543271203960424e-05,1.7670753712245003e-05
PD,500,4,context,context3,3,1,3,1,five_selected_direction_coefficients,right_white,actual,1.3387592019127997e-06,-2.262075850937355e-06
PD,500,4,context,context3,3,1,3,1,five_selected_direction_coefficients,right_white,left0,2.26385522194266e-06,6.893671219409062e-07
PD,500,4,context,context3,3,1,3,1,five_selected_direction_coefficients,right_white,left1,2.6669901178892725e-06,2.965404331210057e-07
PD,500,4,context,context3,3,1,3,1,five_selected_direction_coefficients,right_white,right_raw,1.2543271203960407e-05,1.7670753712245003e-05
PD,500,4,context,context3,3,1,3,1,five_selected_direction_coefficients,right_white,right_white,2.5431797990065046e-05,2.476709815093257e-05
PD,500,4,bank,bank0,,0,"0,1",2,five_selected_direction_coefficients,actual,actual,8.421959008859363e-05,8.734038116937842e-05
PD,500,4,bank,bank0,,0,"0,1",2,five_selected_direction_coefficients,actual,left0,2.5395744498718376e-06,1.889560864043066e-06
PD,500,4,bank,bank0,,0,"0,1",2,five_selected_direction_coefficients,actual,left1,3.784889023951237e-07,-3.912103548166294e-07
PD,500,4,bank,bank0,,0,"0,1",2,five_selected_direction_coefficients,actual,right_raw,7.730735120437572e-07,2.885732923387684e-06
PD,500,4,bank,bank0,,0,"0,1",2,five_selected_direction_coefficients,actual,right_white,2.0093511643783926e-06,3.6268837262838217e-06
PD,500,4,bank,bank0,,0,"0,1",2,five_selected_direction_coefficients,left0,actual,2.5395744498718436e-06,1.889560864043066e-06
PD,500,4,bank,bank0,,0,"0,1",2,five_selected_direction_coefficients,left0,left0,9.137394137429702e-06,1.0785827405507432e-05
PD,500,4,bank,bank0,,0,"0,1",2,five_selected_direction_coefficients,left0,left1,-9.919724346207908e-07,-1.9798422730370243e-07
PD,500,4,bank,bank0,,0,"0,1",2,five_selected_direction_coefficients,left0,right_raw,-7.060031454278173e-07,-3.1177017699769903e-07
PD,500,4,bank,bank0,,0,"0,1",2,five_selected_direction_coefficients,left0,right_white,4.725632174035252e-07,5.3459786455074e-07
PD,500,4,bank,bank0,,0,"0,1",2,five_selected_direction_coefficients,left1,actual,3.7848890239512217e-07,-3.912103548166294e-07
PD,500,4,bank,bank0,,0,"0,1",2,five_selected_direction_coefficients,left1,left0,-9.91972434620788e-07,-1.9798422730370243e-07
PD,500,4,bank,bank0,,0,"0,1",2,five_selected_direction_coefficients,left1,left1,8.854024425734061e-06,1.0868002736350546e-05
PD,500,4,bank,bank0,,0,"0,1",2,five_selected_direction_coefficients,left1,right_raw,1.3149211552845968e-06,1.755187164434704e-07
PD,500,4,bank,bank0,,0,"0,1",2,five_selected_direction_coefficients,left1,right_white,-1.659528094672154e-06,-1.3823192388061788e-07
PD,500,4,bank,bank0,,0,"0,1",2,five_selected_direction_coefficients,right_raw,actual,7.730735120437462e-07,2.885732923387684e-06
PD,500,4,bank,bank0,,0,"0,1",2,five_selected_direction_coefficients,right_raw,left0,-7.06003145427813e-07,-3.1177017699769903e-07
PD,500,4,bank,bank0,,0,"0,1",2,five_selected_direction_coefficients,right_raw,left1,1.3149211552846055e-06,1.755187164434704e-07
PD,500,4,bank,bank0,,0,"0,1",2,five_selected_direction_coefficients,right_raw,right_raw,8.804063791080487e-05,0.00010439304095364552
PD,500,4,bank,bank0,,0,"0,1",2,five_selected_direction_coefficients,right_raw,right_white,1.5508215627578253e-05,2.0200610668871264e-05
PD,500,4,bank,bank0,,0,"0,1",2,five_selected_direction_coefficients,right_white,actual,2.0093511643784006e-06,3.6268837262838217e-06
PD,500,4,bank,bank0,,0,"0,1",2,five_selected_direction_coefficients,right_white,left0,4.7256321740353255e-07,5.3459786455074e-07
PD,500,4,bank,bank0,,0,"0,1",2,five_selected_direction_coefficients,right_white,left1,-1.659528094672153e-06,-1.3823192388061788e-07
PD,500,4,bank,bank0,,0,"0,1",2,five_selected_direction_coefficients,right_white,right_raw,1.550821562757826e-05,2.0200610668871264e-05
PD,500,4,bank,bank0,,0,"0,1",2,five_selected_direction_coefficients,right_white,right_white,2.598031323952926e-05,3.2012460410308156e-05
PD,500,4,bank,bank1,,1,"2,3",2,five_selected_direction_coefficients,actual,actual,8.335820134866689e-05,8.092614591582919e-05
PD,500,4,bank,bank1,,1,"2,3",2,five_selected_direction_coefficients,actual,left0,-9.328162408226269e-08,3.4346281510092887e-07
PD,500,4,bank,bank1,,1,"2,3",2,five_selected_direction_coefficients,actual,left1,5.145889067145743e-07,6.122368900890149e-07
PD,500,4,bank,bank1,,1,"2,3",2,five_selected_direction_coefficients,actual,right_raw,4.360626652621745e-06,1.8515018348810295e-06
PD,500,4,bank,bank1,,1,"2,3",2,five_selected_direction_coefficients,actual,right_white,6.568445820045559e-07,-1.984154366367905e-06
PD,500,4,bank,bank1,,1,"2,3",2,five_selected_direction_coefficients,left0,actual,-9.328162408226168e-08,3.4346281510092887e-07
PD,500,4,bank,bank1,,1,"2,3",2,five_selected_direction_coefficients,left0,left0,9.908475960464217e-06,9.671293969174105e-06
PD,500,4,bank,bank1,,1,"2,3",2,five_selected_direction_coefficients,left0,left1,4.938045499695666e-07,-1.183071421798272e-07
PD,500,4,bank,bank1,,1,"2,3",2,five_selected_direction_coefficients,left0,right_raw,1.6701241599873092e-06,1.5527092187284232e-07
PD,500,4,bank,bank1,,1,"2,3",2,five_selected_direction_coefficients,left0,right_white,1.2067177055157096e-06,3.198714089632618e-07
PD,500,4,bank,bank1,,1,"2,3",2,five_selected_direction_coefficients,left1,actual,5.145889067145745e-07,6.122368900890149e-07
PD,500,4,bank,bank1,,1,"2,3",2,five_selected_direction_coefficients,left1,left0,4.938045499695668e-07,-1.183071421798272e-07
PD,500,4,bank,bank1,,1,"2,3",2,five_selected_direction_coefficients,left1,left1,1.1830540092664507e-05,1.0088350577956031e-05
PD,500,4,bank,bank1,,1,"2,3",2,five_selected_direction_coefficients,left1,right_raw,-9.405973138085685e-07,-3.468110161248946e-07
PD,500,4,bank,bank1,,1,"2,3",2,five_selected_direction_coefficients,left1,right_white,6.323767207627457e-07,3.4224896729264813e-07
PD,500,4,bank,bank1,,1,"2,3",2,five_selected_direction_coefficients,right_raw,actual,4.360626652621739e-06,1.8515018348810295e-06
PD,500,4,bank,bank1,,1,"2,3",2,five_selected_direction_coefficients,right_raw,left0,1.6701241599873064e-06,1.5527092187284232e-07
PD,500,4,bank,bank1,,1,"2,3",2,five_selected_direction_coefficients,right_raw,left1,-9.405973138085692e-07,-3.468110161248946e-07
PD,500,4,bank,bank1,,1,"2,3",2,five_selected_direction_coefficients,right_raw,right_raw,0.00010758851346196461,0.00010460698201990968
PD,500,4,bank,bank1,,1,"2,3",2,five_selected_direction_coefficients,right_raw,right_white,1.919920804409733e-05,1.930417885856167e-05
PD,500,4,bank,bank1,,1,"2,3",2,five_selected_direction_coefficients,right_white,actual,6.568445820045508e-07,-1.984154366367905e-06
PD,500,4,bank,bank1,,1,"2,3",2,five_selected_direction_coefficients,right_white,left0,1.2067177055157035e-06,3.198714089632618e-07
PD,500,4,bank,bank1,,1,"2,3",2,five_selected_direction_coefficients,right_white,left1,6.323767207627494e-07,3.4224896729264813e-07
PD,500,4,bank,bank1,,1,"2,3",2,five_selected_direction_coefficients,right_white,right_raw,1.919920804409732e-05,1.930417885856167e-05
PD,500,4,bank,bank1,,1,"2,3",2,five_selected_direction_coefficients,right_white,right_white,2.787002969172969e-05,2.728798125766885e-05
PD,500,4,all_contexts,all4,,,"0,1,2,3",4,five_selected_direction_coefficients,actual,actual,8.378889571863025e-05,8.41332635426041e-05
PD,500,4,all_contexts,all4,,,"0,1,2,3",4,five_selected_direction_coefficients,actual,left0,1.2231464128947876e-06,1.1165118395719961e-06
PD,500,4,all_contexts,all4,,,"0,1,2,3",4,five_selected_direction_coefficients,actual,left1,4.46538904554849e-07,1.1051326763619269e-07
PD,500,4,all_contexts,all4,,,"0,1,2,3",4,five_selected_direction_coefficients,actual,right_raw,2.566850082332751e-06,2.368617379134359e-06
PD,500,4,all_contexts,all4,,,"0,1,2,3",4,five_selected_direction_coefficients,actual,right_white,1.3330978731914741e-06,8.213646799579583e-07
PD,500,4,all_contexts,all4,,,"0,1,2,3",4,five_selected_direction_coefficients,left0,actual,1.223146412894791e-06,1.1165118395719961e-06
PD,500,4,all_contexts,all4,,,"0,1,2,3",4,five_selected_direction_coefficients,left0,left0,9.52293504894696e-06,1.022856068734078e-05
PD,500,4,all_contexts,all4,,,"0,1,2,3",4,five_selected_direction_coefficients,left0,left1,-2.4908394232561213e-07,-1.5814568474176452e-07
PD,500,4,all_contexts,all4,,,"0,1,2,3",4,five_selected_direction_coefficients,left0,right_raw,4.82060507279746e-07,-7.824962756242857e-08
PD,500,4,all_contexts,all4,,,"0,1,2,3",4,five_selected_direction_coefficients,left0,right_white,8.396404614596173e-07,4.2723463675700126e-07
PD,500,4,all_contexts,all4,,,"0,1,2,3",4,five_selected_direction_coefficients,left1,actual,4.465389045548483e-07,1.1051326763619269e-07
PD,500,4,all_contexts,all4,,,"0,1,2,3",4,five_selected_direction_coefficients,left1,left0,-2.4908394232561065e-07,-1.5814568474176452e-07
PD,500,4,all_contexts,all4,,,"0,1,2,3",4,five_selected_direction_coefficients,left1,left1,1.0342282259199283e-05,1.0478176657153272e-05
PD,500,4,all_contexts,all4,,,"0,1,2,3",4,five_selected_direction_coefficients,left1,right_raw,1.8716192073801416e-07,-8.564614984071185e-08
PD,500,4,all_contexts,all4,,,"0,1,2,3",4,five_selected_direction_coefficients,left1,right_white,-5.13575686954704e-07,1.0200852170601539e-07
PD,500,4,all_contexts,all4,,,"0,1,2,3",4,five_selected_direction_coefficients,right_raw,actual,2.5668500823327424e-06,2.368617379134359e-06
PD,500,4,all_contexts,all4,,,"0,1,2,3",4,five_selected_direction_coefficients,right_raw,left0,4.820605072797467e-07,-7.824962756242857e-08
PD,500,4,all_contexts,all4,,,"0,1,2,3",4,five_selected_direction_coefficients,right_raw,left1,1.8716192073801813e-07,-8.564614984071185e-08
PD,500,4,all_contexts,all4,,,"0,1,2,3",4,five_selected_direction_coefficients,right_raw,right_raw,9.781457568638473e-05,0.00010450001148677768
PD,500,4,all_contexts,all4,,,"0,1,2,3",4,five_selected_direction_coefficients,right_raw,right_white,1.7353711835837794e-05,1.9752394763716494e-05
PD,500,4,all_contexts,all4,,,"0,1,2,3",4,five_selected_direction_coefficients,right_white,actual,1.3330978731914756e-06,8.213646799579583e-07
PD,500,4,all_contexts,all4,,,"0,1,2,3",4,five_selected_direction_coefficients,right_white,left0,8.39640461459618e-07,4.2723463675700126e-07
PD,500,4,all_contexts,all4,,,"0,1,2,3",4,five_selected_direction_coefficients,right_white,left1,-5.135756869547018e-07,1.0200852170601539e-07
PD,500,4,all_contexts,all4,,,"0,1,2,3",4,five_selected_direction_coefficients,right_white,right_raw,1.735371183583779e-05,1.9752394763716494e-05
PD,500,4,all_contexts,all4,,,"0,1,2,3",4,five_selected_direction_coefficients,right_white,right_white,2.6925171465629473e-05,2.96502208339885e-05
PD,500,8,context,context0,0,0,0,1,five_selected_direction_coefficients,actual,actual,6.89505173674075e-05,7.274750807021714e-05
PD,500,8,context,context0,0,0,0,1,five_selected_direction_coefficients,actual,left0,2.038302082631885e-06,1.9853591324344843e-06
PD,500,8,context,context0,0,0,0,1,five_selected_direction_coefficients,actual,left1,5.45089232374418e-07,-1.0129236176421904e-06
PD,500,8,context,context0,0,0,0,1,five_selected_direction_coefficients,actual,right_raw,-2.316898822904758e-06,2.9335048243570837e-07
PD,500,8,context,context0,0,0,0,1,five_selected_direction_coefficients,actual,right_white,-4.017843019229857e-06,-2.3672837479001603e-06
PD,500,8,context,context0,0,0,0,1,five_selected_direction_coefficients,left0,actual,2.0383020826318944e-06,1.9853591324344843e-06
PD,500,8,context,context0,0,0,0,1,five_selected_direction_coefficients,left0,left0,1.6805446745414987e-05,1.3976122456667832e-05
PD,500,8,context,context0,0,0,0,1,five_selected_direction_coefficients,left0,left1,-2.0500520612457646e-06,-8.941913866190812e-07
PD,500,8,context,context0,0,0,0,1,five_selected_direction_coefficients,left0,right_raw,5.985741122599552e-07,3.225250938713949e-07
PD,500,8,context,context0,0,0,0,1,five_selected_direction_coefficients,left0,right_white,1.3093617018711999e-06,6.436291313514834e-07
PD,500,8,context,context0,0,0,0,1,five_selected_direction_coefficients,left1,actual,5.450892323744165e-07,-1.0129236176421904e-06
PD,500,8,context,context0,0,0,0,1,five_selected_direction_coefficients,left1,left0,-2.050052061245761e-06,-8.941913866190812e-07
PD,500,8,context,context0,0,0,0,1,five_selected_direction_coefficients,left1,left1,1.5025893070441725e-05,1.3890250716693274e-05
PD,500,8,context,context0,0,0,0,1,five_selected_direction_coefficients,left1,right_raw,1.0061463498567724e-06,-9.689958267598264e-08
PD,500,8,context,context0,0,0,0,1,five_selected_direction_coefficients,left1,right_white,-1.0035474431468633e-06,-5.467103903841133e-07
PD,500,8,context,context0,0,0,0,1,five_selected_direction_coefficients,right_raw,actual,-2.3168988229047684e-06,2.9335048243570837e-07
PD,500,8,context,context0,0,0,0,1,five_selected_direction_coefficients,right_raw,left0,5.985741122599614e-07,3.225250938713949e-07
PD,500,8,context,context0,0,0,0,1,five_selected_direction_coefficients,right_raw,left1,1.0061463498567805e-06,-9.689958267598264e-08
PD,500,8,context,context0,0,0,0,1,five_selected_direction_coefficients,right_raw,right_raw,6.285320415218221e-05,5.5125364341506426e-05
PD,500,8,context,context0,0,0,0,1,five_selected_direction_coefficients,right_raw,right_white,2.9457401159498133e-05,2.9057595240643555e-05
PD,500,8,context,context0,0,0,0,1,five_selected_direction_coefficients,right_white,actual,-4.01784301922986e-06,-2.3672837479001603e-06
PD,500,8,context,context0,0,0,0,1,five_selected_direction_coefficients,right_white,left0,1.3093617018712e-06,6.436291313514834e-07
PD,500,8,context,context0,0,0,0,1,five_selected_direction_coefficients,right_white,left1,-1.0035474431468654e-06,-5.467103903841133e-07
PD,500,8,context,context0,0,0,0,1,five_selected_direction_coefficients,right_white,right_raw,2.9457401159498113e-05,2.9057595240643555e-05
PD,500,8,context,context0,0,0,0,1,five_selected_direction_coefficients,right_white,right_white,5.7835024554639386e-05,5.8112512260264394e-05
PD,500,8,context,context1,1,0,1,1,five_selected_direction_coefficients,actual,actual,6.555702093483166e-05,6.763811294687628e-05
PD,500,8,context,context1,1,0,1,1,five_selected_direction_coefficients,actual,left0,-6.810794338526068e-07,-1.1261555179715246e-06
PD,500,8,context,context1,1,0,1,1,five_selected_direction_coefficients,actual,left1,1.5407470712472854e-06,1.1060330883372308e-06
PD,500,8,context,context1,1,0,1,1,five_selected_direction_coefficients,actual,right_raw,3.440056806560968e-06,2.8492617998830327e-06
PD,500,8,context,context1,1,0,1,1,five_selected_direction_coefficients,actual,right_white,4.268610527938737e-06,3.634468967476585e-06
PD,500,8,context,context1,1,0,1,1,five_selected_direction_coefficients,left0,actual,-6.810794338526087e-07,-1.1261555179715246e-06
PD,500,8,context,context1,1,0,1,1,five_selected_direction_coefficients,left0,left0,1.140779887807284e-05,1.3010247679039724e-05
PD,500,8,context,context1,1,0,1,1,five_selected_direction_coefficients,left0,left1,1.2081467771807309e-06,2.4222041613134684e-07
PD,500,8,context,context1,1,0,1,1,five_selected_direction_coefficients,left0,right_raw,2.798587597880307e-06,9.70558642436817e-07
PD,500,8,context,context1,1,0,1,1,five_selected_direction_coefficients,left0,right_white,2.1760199184932993e-06,6.785872259553958e-07
PD,500,8,context,context1,1,0,1,1,five_selected_direction_coefficients,left1,actual,1.5407470712472787e-06,1.1060330883372308e-06
PD,500,8,context,context1,1,0,1,1,five_selected_direction_coefficients,left1,left0,1.2081467771807351e-06,2.4222041613134684e-07
PD,500,8,context,context1,1,0,1,1,five_selected_direction_coefficients,left1,left1,1.0544159957265862e-05,1.2573503346911384e-05
PD,500,8,context,context1,1,0,1,1,five_selected_direction_coefficients,left1,right_raw,-1.7210926444592976e-06,4.0695703285824975e-07
PD,500,8,context,context1,1,0,1,1,five_selected_direction_coefficients,left1,right_white,-2.4857893030647318e-06,-2.6485370456692845e-07
PD,500,8,context,context1,1,0,1,1,five_selected_direction_coefficients,right_raw,actual,3.440056806560992e-06,2.8492617998830327e-06
PD,500,8,context,context1,1,0,1,1,five_selected_direction_coefficients,right_raw,left0,2.7985875978803116e-06,9.70558642436817e-07
PD,500,8,context,context1,1,0,1,1,five_selected_direction_coefficients,right_raw,left1,-1.7210926444592976e-06,4.0695703285824975e-07
PD,500,8,context,context1,1,0,1,1,five_selected_direction_coefficients,right_raw,right_raw,5.275894909291828e-05,5.482257573633915e-05
PD,500,8,context,context1,1,0,1,1,five_selected_direction_coefficients,right_raw,right_white,2.2775365154002824e-05,2.491000378240207e-05
PD,500,8,context,context1,1,0,1,1,five_selected_direction_coefficients,right_white,actual,4.268610527938762e-06,3.634468967476585e-06
PD,500,8,context,context1,1,0,1,1,five_selected_direction_coefficients,right_white,left0,2.1760199184932968e-06,6.785872259553958e-07
PD,500,8,context,context1,1,0,1,1,five_selected_direction_coefficients,right_white,left1,-2.4857893030647246e-06,-2.6485370456692845e-07
PD,500,8,context,context1,1,0,1,1,five_selected_direction_coefficients,right_white,right_raw,2.277536515400282e-05,2.491000378240207e-05
PD,500,8,context,context1,1,0,1,1,five_selected_direction_coefficients,right_white,right_white,4.18218806632388e-05,4.8685508626187045e-05
PD,500,8,context,context2,2,1,2,1,five_selected_direction_coefficients,actual,actual,5.7802274780009794e-05,5.839563524880609e-05
PD,500,8,context,context2,2,1,2,1,five_selected_direction_coefficients,actual,left0,-8.653327409168221e-07,-1.6887442763878735e-07
PD,500,8,context,context2,2,1,2,1,five_selected_direction_coefficients,actual,left1,4.0867524754756725e-07,7.266228105321652e-07
PD,500,8,context,context2,2,1,2,1,five_selected_direction_coefficients,actual,right_raw,5.897314282954672e-06,4.980076162673815e-06
PD,500,8,context,context2,2,1,2,1,five_selected_direction_coefficients,actual,right_white,2.6174561711538994e-06,2.7553960394056746e-06
PD,500,8,context,context2,2,1,2,1,five_selected_direction_coefficients,left0,actual,-8.653327409168246e-07,-1.6887442763878735e-07
PD,500,8,context,context2,2,1,2,1,five_selected_direction_coefficients,left0,left0,1.277375198618751e-05,1.1566408380819301e-05
PD,500,8,context,context2,2,1,2,1,five_selected_direction_coefficients,left0,left1,5.150099192055274e-07,2.458889705498837e-07
PD,500,8,context,context2,2,1,2,1,five_selected_direction_coefficients,left0,right_raw,2.8911988251418196e-07,7.975450899868184e-08
PD,500,8,context,context2,2,1,2,1,five_selected_direction_coefficients,left0,right_white,-1.3382797093634306e-06,1.7543380776571376e-07
PD,500,8,context,context2,2,1,2,1,five_selected_direction_coefficients,left1,actual,4.086752475475666e-07,7.266228105321652e-07
PD,500,8,context,context2,2,1,2,1,five_selected_direction_coefficients,left1,left0,5.150099192055313e-07,2.458889705498837e-07
PD,500,8,context,context2,2,1,2,1,five_selected_direction_coefficients,left1,left1,1.095518623660101e-05,1.1961093870570125e-05
PD,500,8,context,context2,2,1,2,1,five_selected_direction_coefficients,left1,right_raw,-1.2748974465680433e-06,1.8581685697309176e-07
PD,500,8,context,context2,2,1,2,1,five_selected_direction_coefficients,left1,right_white,-4.1049155333039525e-07,3.9962283350152634e-07
PD,500,8,context,context2,2,1,2,1,five_selected_direction_coefficients,right_raw,actual,5.897314282954683e-06,4.980076162673815e-06
PD,500,8,context,context2,2,1,2,1,five_selected_direction_coefficients,right_raw,left0,2.891198825141769e-07,7.975450899868184e-08
PD,500,8,context,context2,2,1,2,1,five_selected_direction_coefficients,right_raw,left1,-1.2748974465680376e-06,1.8581685697309176e-07
PD,500,8,context,context2,2,1,2,1,five_selected_direction_coefficients,right_raw,right_raw,5.106206535793253e-05,5.117346910398703e-05
PD,500,8,context,context2,2,1,2,1,five_selected_direction_coefficients,right_raw,right_white,2.5534477404374255e-05,2.802560358883855e-05
PD,500,8,context,context2,2,1,2,1,five_selected_direction_coefficients,right_white,actual,2.617456171153899e-06,2.7553960394056746e-06
PD,500,8,context,context2,2,1,2,1,five_selected_direction_coefficients,right_white,left0,-1.3382797093634292e-06,1.7543380776571376e-07
PD,500,8,context,context2,2,1,2,1,five_selected_direction_coefficients,right_white,left1,-4.1049155333039514e-07,3.9962283350152634e-07
PD,500,8,context,context2,2,1,2,1,five_selected_direction_coefficients,right_white,right_raw,2.553447740437426e-05,2.802560358883855e-05
PD,500,8,context,context2,2,1,2,1,five_selected_direction_coefficients,right_white,right_white,5.091759450424253e-05,5.2960171558132935e-05
PD,500,8,context,context3,3,1,3,1,five_selected_direction_coefficients,actual,actual,4.968528645598646e-05,5.005321317311565e-05
PD,500,8,context,context3,3,1,3,1,five_selected_direction_coefficients,actual,left0,5.231734148816704e-07,8.354277669144191e-07
PD,500,8,context,context3,3,1,3,1,five_selected_direction_coefficients,actual,left1,1.2513205860910934e-06,6.865943218699e-07
PD,500,8,context,context3,3,1,3,1,five_selected_direction_coefficients,actual,right_raw,-4.357524525432951e-06,-4.749902243949345e-06
PD,500,8,context,context3,3,1,3,1,five_selected_direction_coefficients,actual,right_white,-5.006162265878623e-06,-5.751923385118267e-06
PD,500,8,context,context3,3,1,3,1,five_selected_direction_coefficients,left0,actual,5.231734148816629e-07,8.354277669144191e-07
PD,500,8,context,context3,3,1,3,1,five_selected_direction_coefficients,left0,left0,1.2105939077987022e-05,9.95115054586595e-06
PD,500,8,context,context3,3,1,3,1,five_selected_direction_coefficients,left0,left1,7.533998655226023e-07,-8.485657072319454e-08
PD,500,8,context,context3,3,1,3,1,five_selected_direction_coefficients,left0,right_raw,-1.6095609396981615e-06,-1.2525937761316033e-06
PD,500,8,context,context3,3,1,3,1,five_selected_direction_coefficients,left0,right_white,-1.6101246166560242e-07,-2.778045234396063e-07
PD,500,8,context,context3,3,1,3,1,five_selected_direction_coefficients,left1,actual,1.2513205860910803e-06,6.865943218699e-07
PD,500,8,context,context3,3,1,3,1,five_selected_direction_coefficients,left1,left0,7.533998655226001e-07,-8.485657072319454e-08
PD,500,8,context,context3,3,1,3,1,five_selected_direction_coefficients,left1,left1,1.2111701657020635e-05,9.315544809699734e-06
PD,500,8,context,context3,3,1,3,1,five_selected_direction_coefficients,left1,right_raw,4.7388408781873877e-07,-9.10381061554156e-07
PD,500,8,context,context3,3,1,3,1,five_selected_direction_coefficients,left1,right_white,-1.2980517792964518e-07,-1.1589111801323567e-06
PD,500,8,context,context3,3,1,3,1,five_selected_direction_coefficients,right_raw,actual,-4.357524525432952e-06,-4.749902243949345e-06
PD,500,8,context,context3,3,1,3,1,five_selected_direction_coefficients,right_raw,left0,-1.6095609396981657e-06,-1.2525937761316033e-06
PD,500,8,context,context3,3,1,3,1,five_selected_direction_coefficients,right_raw,left1,4.738840878187447e-07,-9.10381061554156e-07
PD,500,8,context,context3,3,1,3,1,five_selected_direction_coefficients,right_raw,right_raw,5.428939220572998e-05,5.496837558786449e-05
PD,500,8,context,context3,3,1,3,1,five_selected_direction_coefficients,right_raw,right_white,2.2480661378929032e-05,2.4201799067214663e-05
PD,500,8,context,context3,3,1,3,1,five_selected_direction_coefficients,right_white,actual,-5.006162265878634e-06,-5.751923385118267e-06
PD,500,8,context,context3,3,1,3,1,five_selected_direction_coefficients,right_white,left0,-1.6101246166560457e-07,-2.778045234396063e-07
PD,500,8,context,context3,3,1,3,1,five_selected_direction_coefficients,right_white,left1,-1.2980517792964253e-07,-1.1589111801323567e-06
PD,500,8,context,context3,3,1,3,1,five_selected_direction_coefficients,right_white,right_raw,2.2480661378929045e-05,2.4201799067214663e-05
PD,500,8,context,context3,3,1,3,1,five_selected_direction_coefficients,right_white,right_white,4.422749182061627e-05,4.379101174171084e-05
PD,500,8,bank,bank0,,0,"0,1",2,five_selected_direction_coefficients,actual,actual,6.725376915111959e-05,7.019281050854668e-05
PD,500,8,bank,bank0,,0,"0,1",2,five_selected_direction_coefficients,actual,left0,6.786113243896391e-07,4.296018072314801e-07
PD,500,8,bank,bank0,,0,"0,1",2,five_selected_direction_coefficients,actual,left1,1.0429181518108516e-06,4.6554735347521075e-08
PD,500,8,bank,bank0,,0,"0,1",2,five_selected_direction_coefficients,actual,right_raw,5.615789918281049e-07,1.5713061411593712e-06
PD,500,8,bank,bank0,,0,"0,1",2,five_selected_direction_coefficients,actual,right_white,1.2538375435443992e-07,6.335926097882139e-07
PD,500,8,bank,bank0,,0,"0,1",2,five_selected_direction_coefficients,left0,actual,6.786113243896428e-07,4.296018072314801e-07
PD,500,8,bank,bank0,,0,"0,1",2,five_selected_direction_coefficients,left0,left0,1.4106622811743913e-05,1.3493185067853774e-05
PD,500,8,bank,bank0,,0,"0,1",2,five_selected_direction_coefficients,left0,left1,-4.209526420325169e-07,-3.259854852438668e-07
PD,500,8,bank,bank0,,0,"0,1",2,five_selected_direction_coefficients,left0,right_raw,1.6985808550701312e-06,6.465418681541058e-07
PD,500,8,bank,bank0,,0,"0,1",2,five_selected_direction_coefficients,left0,right_white,1.7426908101822495e-06,6.611081786534395e-07
PD,500,8,bank,bank0,,0,"0,1",2,five_selected_direction_coefficients,left1,actual,1.0429181518108476e-06,4.6554735347521075e-08
PD,500,8,bank,bank0,,0,"0,1",2,five_selected_direction_coefficients,left1,left0,-4.2095264203251285e-07,-3.259854852438668e-07
PD,500,8,bank,bank0,,0,"0,1",2,five_selected_direction_coefficients,left1,left1,1.2785026513853793e-05,1.3231877031802347e-05
PD,500,8,bank,bank0,,0,"0,1",2,five_selected_direction_coefficients,left1,right_raw,-3.574731473012626e-07,1.5502872509113348e-07
PD,500,8,bank,bank0,,0,"0,1",2,five_selected_direction_coefficients,left1,right_white,-1.7446683731057975e-06,-4.0578204747552105e-07
PD,500,8,bank,bank0,,0,"0,1",2,five_selected_direction_coefficients,right_raw,actual,5.615789918281119e-07,1.5713061411593712e-06
PD,500,8,bank,bank0,,0,"0,1",2,five_selected_direction_coefficients,right_raw,left0,1.6985808550701365e-06,6.465418681541058e-07
PD,500,8,bank,bank0,,0,"0,1",2,five_selected_direction_coefficients,right_raw,left1,-3.5747314730125856e-07,1.5502872509113348e-07
PD,500,8,bank,bank0,,0,"0,1",2,five_selected_direction_coefficients,right_raw,right_raw,5.7806076622550246e-05,5.4973970038922774e-05
PD,500,8,bank,bank0,,0,"0,1",2,five_selected_direction_coefficients,right_raw,right_white,2.611638315675048e-05,2.6983799511522822e-05
PD,500,8,bank,bank0,,0,"0,1",2,five_selected_direction_coefficients,right_white,actual,1.2538375435445093e-07,6.335926097882139e-07
PD,500,8,bank,bank0,,0,"0,1",2,five_selected_direction_coefficients,right_white,left0,1.7426908101822484e-06,6.611081786534395e-07
PD,500,8,bank,bank0,,0,"0,1",2,five_selected_direction_coefficients,right_white,left1,-1.744668373105795e-06,-4.0578204747552105e-07
PD,500,8,bank,bank0,,0,"0,1",2,five_selected_direction_coefficients,right_white,right_raw,2.6116383156750467e-05,2.6983799511522822e-05
PD,500,8,bank,bank0,,0,"0,1",2,five_selected_direction_coefficients,right_white,right_white,4.9828452608939095e-05,5.3399010443225706e-05
PD,500,8,bank,bank1,,1,"2,3",2,five_selected_direction_coefficients,actual,actual,5.374378061799813e-05,5.422442421096091e-05
PD,500,8,bank,bank1,,1,"2,3",2,five_selected_direction_coefficients,actual,left0,-1.7107966301757584e-07,3.332766696378159e-07
PD,500,8,bank,bank1,,1,"2,3",2,five_selected_direction_coefficients,actual,left1,8.299979168193304e-07,7.066085662010335e-07
PD,500,8,bank,bank1,,1,"2,3",2,five_selected_direction_coefficients,actual,right_raw,7.698948787608608e-07,1.1508695936223712e-07
PD,500,8,bank,bank1,,1,"2,3",2,five_selected_direction_coefficients,actual,right_white,-1.194353047362362e-06,-1.4982636728562968e-06
PD,500,8,bank,bank1,,1,"2,3",2,five_selected_direction_coefficients,left0,actual,-1.7107966301758087e-07,3.332766696378159e-07
PD,500,8,bank,bank1,,1,"2,3",2,five_selected_direction_coefficients,left0,left0,1.2439845532087265e-05,1.0758779463342633e-05
PD,500,8,bank,bank1,,1,"2,3",2,five_selected_direction_coefficients,left0,left1,6.342048923640649e-07,8.05161999133448e-08
PD,500,8,bank,bank1,,1,"2,3",2,five_selected_direction_coefficients,left0,right_raw,-6.602205285919898e-07,-5.864196335664608e-07
PD,500,8,bank,bank1,,1,"2,3",2,five_selected_direction_coefficients,left0,right_white,-7.496460855145166e-07,-5.118535783694626e-08
PD,500,8,bank,bank1,,1,"2,3",2,five_selected_direction_coefficients,left1,actual,8.299979168193235e-07,7.066085662010335e-07
PD,500,8,bank,bank1,,1,"2,3",2,five_selected_direction_coefficients,left1,left0,6.342048923640657e-07,8.05161999133448e-08
PD,500,8,bank,bank1,,1,"2,3",2,five_selected_direction_coefficients,left1,left1,1.1533443946810823e-05,1.0638319340134906e-05
PD,500,8,bank,bank1,,1,"2,3",2,five_selected_direction_coefficients,left1,right_raw,-4.0050667937465226e-07,-3.6228210229053245e-07
PD,500,8,bank,bank1,,1,"2,3",2,five_selected_direction_coefficients,left1,right_white,-2.701483656300202e-07,-3.796441733154155e-07
PD,500,8,bank,bank1,,1,"2,3",2,five_selected_direction_coefficients,right_raw,actual,7.698948787608659e-07,1.1508695936223712e-07
PD,500,8,bank,bank1,,1,"2,3",2,five_selected_direction_coefficients,right_raw,left0,-6.602205285919945e-07,-5.864196335664608e-07
PD,500,8,bank,bank1,,1,"2,3",2,five_selected_direction_coefficients,right_raw,left1,-4.0050667937464643e-07,-3.6228210229053245e-07
PD,500,8,bank,bank1,,1,"2,3",2,five_selected_direction_coefficients,right_raw,right_raw,5.2675728781831256e-05,5.3070922345925796e-05
PD,500,8,bank,bank1,,1,"2,3",2,five_selected_direction_coefficients,right_raw,right_white,2.4007569391651642e-05,2.611370132802658e-05
PD,500,8,bank,bank1,,1,"2,3",2,five_selected_direction_coefficients,right_white,actual,-1.1943530473623677e-06,-1.4982636728562968e-06
PD,500,8,bank,bank1,,1,"2,3",2,five_selected_direction_coefficients,right_white,left0,-7.496460855145169e-07,-5.118535783694626e-08
PD,500,8,bank,bank1,,1,"2,3",2,five_selected_direction_coefficients,right_white,left1,-2.7014836563001884e-07,-3.796441733154155e-07
PD,500,8,bank,bank1,,1,"2,3",2,five_selected_direction_coefficients,right_white,right_raw,2.4007569391651652e-05,2.611370132802658e-05
PD,500,8,bank,bank1,,1,"2,3",2,five_selected_direction_coefficients,right_white,right_white,4.75725431624294e-05,4.837559164992192e-05
PD,500,8,all_contexts,all4,,,"0,1,2,3",4,five_selected_direction_coefficients,actual,actual,6.049877488455886e-05,6.22086173597538e-05
PD,500,8,all_contexts,all4,,,"0,1,2,3",4,five_selected_direction_coefficients,actual,left0,2.537658306860316e-07,3.8143923843464844e-07
PD,500,8,all_contexts,all4,,,"0,1,2,3",4,five_selected_direction_coefficients,actual,left1,9.364580343150909e-07,3.765816507742768e-07
PD,500,8,all_contexts,all4,,,"0,1,2,3",4,five_selected_direction_coefficients,actual,right_raw,6.657369352944829e-07,8.431965502608005e-07
PD,500,8,all_contexts,all4,,,"0,1,2,3",4,five_selected_direction_coefficients,actual,right_white,-5.34484646503961e-07,-4.3233553153404004e-07
PD,500,8,all_contexts,all4,,,"0,1,2,3",4,five_selected_direction_coefficients,left0,actual,2.53765830686031e-07,3.8143923843464844e-07
PD,500,8,all_contexts,all4,,,"0,1,2,3",4,five_selected_direction_coefficients,left0,left0,1.3273234171915589e-05,1.2125982265598186e-05
PD,500,8,all_contexts,all4,,,"0,1,2,3",4,five_selected_direction_coefficients,left0,left1,1.0662612516577398e-07,-1.2273464266526112e-07
PD,500,8,all_contexts,all4,,,"0,1,2,3",4,five_selected_direction_coefficients,left0,right_raw,5.191801632390707e-07,3.0061117293822085e-08
PD,500,8,all_contexts,all4,,,"0,1,2,3",4,five_selected_direction_coefficients,left0,right_white,4.965223623338664e-07,3.049614104082466e-07
PD,500,8,all_contexts,all4,,,"0,1,2,3",4,five_selected_direction_coefficients,left1,actual,9.364580343150855e-07,3.765816507742768e-07
PD,500,8,all_contexts,all4,,,"0,1,2,3",4,five_selected_direction_coefficients,left1,left0,1.0662612516577641e-07,-1.2273464266526112e-07
PD,500,8,all_contexts,all4,,,"0,1,2,3",4,five_selected_direction_coefficients,left1,left1,1.2159235230332307e-05,1.1935098185968631e-05
PD,500,8,all_contexts,all4,,,"0,1,2,3",4,five_selected_direction_coefficients,left1,right_raw,-3.789899133379574e-07,-1.0362668859969959e-07
PD,500,8,all_contexts,all4,,,"0,1,2,3",4,five_selected_direction_coefficients,left1,right_white,-1.0074083693679088e-06,-3.927131103954685e-07
PD,500,8,all_contexts,all4,,,"0,1,2,3",4,five_selected_direction_coefficients,right_raw,actual,6.657369352944889e-07,8.431965502608005e-07
PD,500,8,all_contexts,all4,,,"0,1,2,3",4,five_selected_direction_coefficients,right_raw,left0,5.19180163239071e-07,3.0061117293822085e-08
PD,500,8,all_contexts,all4,,,"0,1,2,3",4,five_selected_direction_coefficients,right_raw,left1,-3.789899133379524e-07,-1.0362668859969959e-07
PD,500,8,all_contexts,all4,,,"0,1,2,3",4,five_selected_direction_coefficients,right_raw,right_raw,5.5240902702190754e-05,5.402244619242418e-05
PD,500,8,all_contexts,all4,,,"0,1,2,3",4,five_selected_direction_coefficients,right_raw,right_white,2.506197627420106e-05,2.654875041977473e-05
PD,500,8,all_contexts,all4,,,"0,1,2,3",4,five_selected_direction_coefficients,right_white,actual,-5.344846465039584e-07,-4.3233553153404004e-07
PD,500,8,all_contexts,all4,,,"0,1,2,3",4,five_selected_direction_coefficients,right_white,left0,4.965223623338658e-07,3.049614104082466e-07
PD,500,8,all_contexts,all4,,,"0,1,2,3",4,five_selected_direction_coefficients,right_white,left1,-1.007408369367907e-06,-3.927131103954685e-07
PD,500,8,all_contexts,all4,,,"0,1,2,3",4,five_selected_direction_coefficients,right_white,right_raw,2.5061976274201058e-05,2.654875041977473e-05
PD,500,8,all_contexts,all4,,,"0,1,2,3",4,five_selected_direction_coefficients,right_white,right_white,4.870049788568425e-05,5.0887301046573645e-05
PD,1300,1,context,context0,0,0,0,1,five_selected_direction_coefficients,actual,actual,7.60739547377586e-05,8.594488903506737e-05
PD,1300,1,context,context0,0,0,0,1,five_selected_direction_coefficients,actual,left0,-4.017249791206129e-06,-1.3184413251868168e-06
PD,1300,1,context,context0,0,0,0,1,five_selected_direction_coefficients,actual,left1,-2.166600312255477e-06,-6.95728886099683e-07
PD,1300,1,context,context0,0,0,0,1,five_selected_direction_coefficients,actual,right_raw,5.275862122986323e-06,-1.1859732062402429e-06
PD,1300,1,context,context0,0,0,0,1,five_selected_direction_coefficients,actual,right_white,2.997685253865319e-07,-2.5774006818883147e-06
PD,1300,1,context,context0,0,0,0,1,five_selected_direction_coefficients,left0,actual,-4.017249791206141e-06,-1.3184413251868168e-06
PD,1300,1,context,context0,0,0,0,1,five_selected_direction_coefficients,left0,left0,8.248125381879974e-06,1.0208192521022761e-05
PD,1300,1,context,context0,0,0,0,1,five_selected_direction_coefficients,left0,left1,4.692194403003314e-07,-4.950048811938166e-08
PD,1300,1,context,context0,0,0,0,1,five_selected_direction_coefficients,left0,right_raw,-3.6631390020715463e-07,2.9602162915752836e-06
PD,1300,1,context,context0,0,0,0,1,five_selected_direction_coefficients,left0,right_white,2.0502986070300856e-06,5.398044174134345e-07
PD,1300,1,context,context0,0,0,0,1,five_selected_direction_coefficients,left1,actual,-2.1666003122554804e-06,-6.95728886099683e-07
PD,1300,1,context,context0,0,0,0,1,five_selected_direction_coefficients,left1,left0,4.69219440300329e-07,-4.950048811938166e-08
PD,1300,1,context,context0,0,0,0,1,five_selected_direction_coefficients,left1,left1,6.8303590084541285e-06,1.117687876390695e-05
PD,1300,1,context,context0,0,0,0,1,five_selected_direction_coefficients,left1,right_raw,-1.7091242072078154e-06,-4.52463361929848e-07
PD,1300,1,context,context0,0,0,0,1,five_selected_direction_coefficients,left1,right_white,3.4128257804567546e-06,8.891838868918362e-07
PD,1300,1,context,context0,0,0,0,1,five_selected_direction_coefficients,right_raw,actual,5.2758621229862515e-06,-1.1859732062402429e-06
PD,1300,1,context,context0,0,0,0,1,five_selected_direction_coefficients,right_raw,left0,-3.663139002071557e-07,2.9602162915752836e-06
PD,1300,1,context,context0,0,0,0,1,five_selected_direction_coefficients,right_raw,left1,-1.70912420720779e-06,-4.52463361929848e-07
PD,1300,1,context,context0,0,0,0,1,five_selected_direction_coefficients,right_raw,right_raw,0.00021573802257732487,0.00027216248717742855
PD,1300,1,context,context0,0,0,0,1,five_selected_direction_coefficients,right_raw,right_white,2.5378684202585437e-05,2.3507688970055598e-05
PD,1300,1,context,context0,0,0,0,1,five_selected_direction_coefficients,right_white,actual,2.9976852538651854e-07,-2.5774006818883147e-06
PD,1300,1,context,context0,0,0,0,1,five_selected_direction_coefficients,right_white,left0,2.050298607030083e-06,5.398044174134345e-07
PD,1300,1,context,context0,0,0,0,1,five_selected_direction_coefficients,right_white,left1,3.4128257804567575e-06,8.891838868918362e-07
PD,1300,1,context,context0,0,0,0,1,five_selected_direction_coefficients,right_white,right_raw,2.537868420258543e-05,2.3507688970055598e-05
PD,1300,1,context,context0,0,0,0,1,five_selected_direction_coefficients,right_white,right_white,3.169716384162581e-05,3.924741161098427e-05
PD,1300,1,context,context1,1,0,1,1,five_selected_direction_coefficients,actual,actual,7.163020677757162e-05,7.354380346454923e-05
PD,1300,1,context,context1,1,0,1,1,five_selected_direction_coefficients,actual,left0,2.8301113807641944e-06,7.113241912195091e-07
PD,1300,1,context,context1,1,0,1,1,five_selected_direction_coefficients,actual,left1,-2.8285442402715165e-06,1.8153064971725028e-07
PD,1300,1,context,context1,1,0,1,1,five_selected_direction_coefficients,actual,right_raw,1.0455997604924075e-05,5.4566701560228575e-06
PD,1300,1,context,context1,1,0,1,1,five_selected_direction_coefficients,actual,right_white,1.7719721880998125e-06,6.652992223045212e-07
PD,1300,1,context,context1,1,0,1,1,five_selected_direction_coefficients,left0,actual,2.8301113807641944e-06,7.113241912195091e-07
PD,1300,1,context,context1,1,0,1,1,five_selected_direction_coefficients,left0,left0,6.9327273855242205e-06,9.188901262844024e-06
PD,1300,1,context,context1,1,0,1,1,five_selected_direction_coefficients,left0,left1,-2.4925600131632006e-07,-1.7582246017760738e-07
PD,1300,1,context,context1,1,0,1,1,five_selected_direction_coefficients,left0,right_raw,8.261720573292631e-06,7.030146090894272e-07
PD,1300,1,context,context1,1,0,1,1,five_selected_direction_coefficients,left0,right_white,-1.2936456477904387e-06,1.2672464106531372e-08
PD,1300,1,context,context1,1,0,1,1,five_selected_direction_coefficients,left1,actual,-2.828544240271512e-06,1.8153064971725028e-07
PD,1300,1,context,context1,1,0,1,1,five_selected_direction_coefficients,left1,left0,-2.4925600131631646e-07,-1.7582246017760738e-07
PD,1300,1,context,context1,1,0,1,1,five_selected_direction_coefficients,left1,left1,7.225628470369558e-06,9.591243906757527e-06
PD,1300,1,context,context1,1,0,1,1,five_selected_direction_coefficients,left1,right_raw,-1.0164638184839747e-06,7.736147247884468e-08
PD,1300,1,context,context1,1,0,1,1,five_selected_direction_coefficients,left1,right_white,-3.4020368459697004e-07,2.0525781623781116e-07
PD,1300,1,context,context1,1,0,1,1,five_selected_direction_coefficients,right_raw,actual,1.045599760492417e-05,5.4566701560228575e-06
PD,1300,1,context,context1,1,0,1,1,five_selected_direction_coefficients,right_raw,left0,8.261720573292665e-06,7.030146090894272e-07
PD,1300,1,context,context1,1,0,1,1,five_selected_direction_coefficients,right_raw,left1,-1.0164638184839688e-06,7.736147247884468e-08
PD,1300,1,context,context1,1,0,1,1,five_selected_direction_coefficients,right_raw,right_raw,0.00019438966608210657,0.0002613386068362172
PD,1300,1,context,context1,1,0,1,1,five_selected_direction_coefficients,right_raw,right_white,1.4976043733501765e-05,2.3635172112464488e-05
PD,1300,1,context,context1,1,0,1,1,five_selected_direction_coefficients,right_white,actual,1.7719721880998229e-06,6.652992223045212e-07
PD,1300,1,context,context1,1,0,1,1,five_selected_direction_coefficients,right_white,left0,-1.2936456477904277e-06,1.2672464106531372e-08
PD,1300,1,context,context1,1,0,1,1,five_selected_direction_coefficients,right_white,left1,-3.402036845969652e-07,2.0525781623781116e-07
PD,1300,1,context,context1,1,0,1,1,five_selected_direction_coefficients,right_white,right_raw,1.4976043733501794e-05,2.3635172112464488e-05
PD,1300,1,context,context1,1,0,1,1,five_selected_direction_coefficients,right_white,right_white,2.3495971869706014e-05,3.20040778592122e-05
PD,1300,1,context,context2,2,1,2,1,five_selected_direction_coefficients,actual,actual,5.697044652797373e-05,6.102567548359689e-05
PD,1300,1,context,context2,2,1,2,1,five_selected_direction_coefficients,actual,left0,-1.7140086681678058e-06,3.972598870952636e-08
PD,1300,1,context,context2,2,1,2,1,five_selected_direction_coefficients,actual,left1,-1.6142836517876364e-07,7.170373632025968e-07
PD,1300,1,context,context2,2,1,2,1,five_selected_direction_coefficients,actual,right_raw,5.2962283567911095e-06,2.562776182167005e-06
PD,1300,1,context,context2,2,1,2,1,five_selected_direction_coefficients,actual,right_white,-1.0480258736547156e-05,-3.0524573540777272e-06
PD,1300,1,context,context2,2,1,2,1,five_selected_direction_coefficients,left0,actual,-1.7140086681678226e-06,3.972598870952636e-08
PD,1300,1,context,context2,2,1,2,1,five_selected_direction_coefficients,left0,left0,1.2264180968971887e-05,1.0682899303387032e-05
PD,1300,1,context,context2,2,1,2,1,five_selected_direction_coefficients,left0,left1,-6.685594295246948e-07,2.918140382528139e-07
PD,1300,1,context,context2,2,1,2,1,five_selected_direction_coefficients,left0,right_raw,-2.397570429266848e-08,-8.167868812889195e-07
PD,1300,1,context,context2,2,1,2,1,five_selected_direction_coefficients,left0,right_white,1.5414229015324237e-06,-4.50164695040252e-07
PD,1300,1,context,context2,2,1,2,1,five_selected_direction_coefficients,left1,actual,-1.6142836517878069e-07,7.170373632025968e-07
PD,1300,1,context,context2,2,1,2,1,five_selected_direction_coefficients,left1,left0,-6.685594295246916e-07,2.918140382528139e-07
PD,1300,1,context,context2,2,1,2,1,five_selected_direction_coefficients,left1,left1,1.0496515166228764e-05,9.410724557076751e-06
PD,1300,1,context,context2,2,1,2,1,five_selected_direction_coefficients,left1,right_raw,7.564873590605868e-06,3.029331571415192e-06
PD,1300,1,context,context2,2,1,2,1,five_selected_direction_coefficients,left1,right_white,1.4525821231889319e-06,7.730460134767669e-07
PD,1300,1,context,context2,2,1,2,1,five_selected_direction_coefficients,right_raw,actual,5.296228356791111e-06,2.562776182167005e-06
PD,1300,1,context,context2,2,1,2,1,five_selected_direction_coefficients,right_raw,left0,-2.3975704292671973e-08,-8.167868812889195e-07
PD,1300,1,context,context2,2,1,2,1,five_selected_direction_coefficients,right_raw,left1,7.564873590605871e-06,3.029331571415192e-06
PD,1300,1,context,context2,2,1,2,1,five_selected_direction_coefficients,right_raw,right_raw,0.00029892141738989614,0.0002510846420024238
PD,1300,1,context,context2,2,1,2,1,five_selected_direction_coefficients,right_raw,right_white,2.306829165684399e-05,2.2814881760190354e-05
PD,1300,1,context,context2,2,1,2,1,five_selected_direction_coefficients,right_white,actual,-1.0480258736547183e-05,-3.0524573540777272e-06
PD,1300,1,context,context2,2,1,2,1,five_selected_direction_coefficients,right_white,left0,1.5414229015324366e-06,-4.50164695040252e-07
PD,1300,1,context,context2,2,1,2,1,five_selected_direction_coefficients,right_white,left1,1.452582123188945e-06,7.730460134767669e-07
PD,1300,1,context,context2,2,1,2,1,five_selected_direction_coefficients,right_white,right_raw,2.3068291656843984e-05,2.2814881760190354e-05
PD,1300,1,context,context2,2,1,2,1,five_selected_direction_coefficients,right_white,right_white,4.109354512556895e-05,3.559853264724162e-05
PD,1300,1,context,context3,3,1,3,1,five_selected_direction_coefficients,actual,actual,5.1235949561844377e-05,5.8070182657272863e-05
PD,1300,1,context,context3,3,1,3,1,five_selected_direction_coefficients,actual,left0,-2.014430612356437e-06,6.253271538377597e-08
PD,1300,1,context,context3,3,1,3,1,five_selected_direction_coefficients,actual,left1,-7.920501459702553e-07,3.6011891300567427e-07
PD,1300,1,context,context3,3,1,3,1,five_selected_direction_coefficients,actual,right_raw,-6.230849966491919e-06,2.0240449018936864e-06
PD,1300,1,context,context3,3,1,3,1,five_selected_direction_coefficients,actual,right_white,2.2727119702542288e-06,3.281688271994905e-06
PD,1300,1,context,context3,3,1,3,1,five_selected_direction_coefficients,left0,actual,-2.0144306123564444e-06,6.253271538377597e-08
PD,1300,1,context,context3,3,1,3,1,five_selected_direction_coefficients,left0,left0,8.40833418128801e-06,9.09691010011979e-06
PD,1300,1,context,context3,3,1,3,1,five_selected_direction_coefficients,left0,left1,1.0246346094064182e-08,-5.419650030955632e-07
PD,1300,1,context,context3,3,1,3,1,five_selected_direction_coefficients,left0,right_raw,-4.528045059095357e-07,-4.367697201790618e-06
PD,1300,1,context,context3,3,1,3,1,five_selected_direction_coefficients,left0,right_white,1.1879449724162792e-06,5.42315796229487e-07
PD,1300,1,context,context3,3,1,3,1,five_selected_direction_coefficients,left1,actual,-7.92050145970265e-07,3.6011891300567427e-07
PD,1300,1,context,context3,3,1,3,1,five_selected_direction_coefficients,left1,left0,1.0246346094067359e-08,-5.419650030955632e-07
PD,1300,1,context,context3,3,1,3,1,five_selected_direction_coefficients,left1,left1,8.335451059349989e-06,8.031508882991205e-06
PD,1300,1,context,context3,3,1,3,1,five_selected_direction_coefficients,left1,right_raw,4.098058534825064e-07,6.619447957683027e-06
PD,1300,1,context,context3,3,1,3,1,five_selected_direction_coefficients,left1,right_white,-7.143113781551473e-07,-1.0057284031628534e-07
PD,1300,1,context,context3,3,1,3,1,five_selected_direction_coefficients,right_raw,actual,-6.230849966491875e-06,2.0240449018936864e-06
PD,1300,1,context,context3,3,1,3,1,five_selected_direction_coefficients,right_raw,left0,-4.5280450590952626e-07,-4.367697201790618e-06
PD,1300,1,context,context3,3,1,3,1,five_selected_direction_coefficients,right_raw,left1,4.098058534825332e-07,6.619447957683027e-06
PD,1300,1,context,context3,3,1,3,1,five_selected_direction_coefficients,right_raw,right_raw,0.00023101232868685663,0.00023804477872753862
PD,1300,1,context,context3,3,1,3,1,five_selected_direction_coefficients,right_raw,right_white,1.647914652692948e-05,1.819136775789611e-05
PD,1300,1,context,context3,3,1,3,1,five_selected_direction_coefficients,right_white,actual,2.27271197025424e-06,3.281688271994905e-06
PD,1300,1,context,context3,3,1,3,1,five_selected_direction_coefficients,right_white,left0,1.1879449724162817e-06,5.42315796229487e-07
PD,1300,1,context,context3,3,1,3,1,five_selected_direction_coefficients,right_white,left1,-7.143113781551382e-07,-1.0057284031628534e-07
PD,1300,1,context,context3,3,1,3,1,five_selected_direction_coefficients,right_white,right_raw,1.6479146526929468e-05,1.819136775789611e-05
PD,1300,1,context,context3,3,1,3,1,five_selected_direction_coefficients,right_white,right_white,2.971098743254196e-05,2.8686968390138284e-05
PD,1300,1,bank,bank0,,0,"0,1",2,five_selected_direction_coefficients,actual,actual,7.38520807576651e-05,7.974434624980826e-05
PD,1300,1,bank,bank0,,0,"0,1",2,five_selected_direction_coefficients,actual,left0,-5.935692052209673e-07,-3.0355856698365416e-07
PD,1300,1,bank,bank0,,0,"0,1",2,five_selected_direction_coefficients,actual,left1,-2.497572276263497e-06,-2.5709911819121607e-07
PD,1300,1,bank,bank0,,0,"0,1",2,five_selected_direction_coefficients,actual,right_raw,7.865929863955198e-06,2.135348474891308e-06
PD,1300,1,bank,bank0,,0,"0,1",2,five_selected_direction_coefficients,actual,right_white,1.0358703567431722e-06,-9.560507297918968e-07
PD,1300,1,bank,bank0,,0,"0,1",2,five_selected_direction_coefficients,left0,actual,-5.935692052209732e-07,-3.0355856698365416e-07
PD,1300,1,bank,bank0,,0,"0,1",2,five_selected_direction_coefficients,left0,left0,7.590426383702097e-06,9.698546891933403e-06
PD,1300,1,bank,bank0,,0,"0,1",2,five_selected_direction_coefficients,left0,left1,1.0998171949200568e-07,-1.1266147414849444e-07
PD,1300,1,bank,bank0,,0,"0,1",2,five_selected_direction_coefficients,left0,right_raw,3.947703336542739e-06,1.831615450332358e-06
PD,1300,1,bank,bank0,,0,"0,1",2,five_selected_direction_coefficients,left0,right_white,3.783264796198234e-07,2.762384407599831e-07
PD,1300,1,bank,bank0,,0,"0,1",2,five_selected_direction_coefficients,left1,actual,-2.497572276263496e-06,-2.5709911819121607e-07
PD,1300,1,bank,bank0,,0,"0,1",2,five_selected_direction_coefficients,left1,left0,1.0998171949200626e-07,-1.1266147414849444e-07
PD,1300,1,bank,bank0,,0,"0,1",2,five_selected_direction_coefficients,left1,left1,7.027993739411843e-06,1.0384061335332242e-05
PD,1300,1,bank,bank0,,0,"0,1",2,five_selected_direction_coefficients,left1,right_raw,-1.3627940128458952e-06,-1.8755094472550155e-07
PD,1300,1,bank,bank0,,0,"0,1",2,five_selected_direction_coefficients,left1,right_white,1.5363110479298922e-06,5.472208515648236e-07
PD,1300,1,bank,bank0,,0,"0,1",2,five_selected_direction_coefficients,right_raw,actual,7.86592986395521e-06,2.135348474891308e-06
PD,1300,1,bank,bank0,,0,"0,1",2,five_selected_direction_coefficients,right_raw,left0,3.947703336542755e-06,1.831615450332358e-06
PD,1300,1,bank,bank0,,0,"0,1",2,five_selected_direction_coefficients,right_raw,left1,-1.3627940128458795e-06,-1.8755094472550155e-07
PD,1300,1,bank,bank0,,0,"0,1",2,five_selected_direction_coefficients,right_raw,right_raw,0.00020506384432971572,0.0002667505470068227
PD,1300,1,bank,bank0,,0,"0,1",2,five_selected_direction_coefficients,right_raw,right_white,2.01773639680436e-05,2.3571430541260052e-05
PD,1300,1,bank,bank0,,0,"0,1",2,five_selected_direction_coefficients,right_white,actual,1.0358703567431708e-06,-9.560507297918968e-07
PD,1300,1,bank,bank0,,0,"0,1",2,five_selected_direction_coefficients,right_white,left0,3.7832647961982765e-07,2.762384407599831e-07
PD,1300,1,bank,bank0,,0,"0,1",2,five_selected_direction_coefficients,right_white,left1,1.5363110479298962e-06,5.472208515648236e-07
PD,1300,1,bank,bank0,,0,"0,1",2,five_selected_direction_coefficients,right_white,right_raw,2.017736396804361e-05,2.3571430541260052e-05
PD,1300,1,bank,bank0,,0,"0,1",2,five_selected_direction_coefficients,right_white,right_white,2.7596567855665913e-05,3.5625744735098235e-05
PD,1300,1,bank,bank1,,1,"2,3",2,five_selected_direction_coefficients,actual,actual,5.410319804490905e-05,5.954792907043481e-05
PD,1300,1,bank,bank1,,1,"2,3",2,five_selected_direction_coefficients,actual,left0,-1.8642196402621215e-06,5.112935204665101e-08
PD,1300,1,bank,bank1,,1,"2,3",2,five_selected_direction_coefficients,actual,left1,-4.7673925557450943e-07,5.385781381041356e-07
PD,1300,1,bank,bank1,,1,"2,3",2,five_selected_direction_coefficients,actual,right_raw,-4.6731080485040496e-07,2.293410542030344e-06
PD,1300,1,bank,bank1,,1,"2,3",2,five_selected_direction_coefficients,actual,right_white,-4.103773383146464e-06,1.1461545895858886e-07
PD,1300,1,bank,bank1,,1,"2,3",2,five_selected_direction_coefficients,left0,actual,-1.8642196402621334e-06,5.112935204665101e-08
PD,1300,1,bank,bank1,,1,"2,3",2,five_selected_direction_coefficients,left0,left0,1.0336257575129949e-05,9.889904701753415e-06
PD,1300,1,bank,bank1,,1,"2,3",2,five_selected_direction_coefficients,left0,left1,-3.291565417153153e-07,-1.250754824213745e-07
PD,1300,1,bank,bank1,,1,"2,3",2,five_selected_direction_coefficients,left0,right_raw,-2.3839010510110208e-07,-2.592242041539769e-06
PD,1300,1,bank,bank1,,1,"2,3",2,five_selected_direction_coefficients,left0,right_white,1.3646839369743513e-06,4.607555059461732e-08
PD,1300,1,bank,bank1,,1,"2,3",2,five_selected_direction_coefficients,left1,actual,-4.767392555745229e-07,5.385781381041356e-07
PD,1300,1,bank,bank1,,1,"2,3",2,five_selected_direction_coefficients,left1,left0,-3.2915654171531214e-07,-1.250754824213745e-07
PD,1300,1,bank,bank1,,1,"2,3",2,five_selected_direction_coefficients,left1,left1,9.415983112789375e-06,8.721116720033971e-06
PD,1300,1,bank,bank1,,1,"2,3",2,five_selected_direction_coefficients,left1,right_raw,3.987339722044187e-06,4.8243897645491065e-06
PD,1300,1,bank,bank1,,1,"2,3",2,five_selected_direction_coefficients,left1,right_white,3.691353725168923e-07,3.362365865802411e-07
PD,1300,1,bank,bank1,,1,"2,3",2,five_selected_direction_coefficients,right_raw,actual,-4.673108048503821e-07,2.293410542030344e-06
PD,1300,1,bank,bank1,,1,"2,3",2,five_selected_direction_coefficients,right_raw,left0,-2.3839010510109912e-07,-2.592242041539769e-06
PD,1300,1,bank,bank1,,1,"2,3",2,five_selected_direction_coefficients,right_raw,left1,3.987339722044202e-06,4.8243897645491065e-06
PD,1300,1,bank,bank1,,1,"2,3",2,five_selected_direction_coefficients,right_raw,right_raw,0.0002649668730383764,0.00024456471036498153
PD,1300,1,bank,bank1,,1,"2,3",2,five_selected_direction_coefficients,right_raw,right_white,1.9773719091886736e-05,2.05031247590432e-05
PD,1300,1,bank,bank1,,1,"2,3",2,five_selected_direction_coefficients,right_white,actual,-4.103773383146472e-06,1.1461545895858886e-07
PD,1300,1,bank,bank1,,1,"2,3",2,five_selected_direction_coefficients,right_white,left0,1.3646839369743592e-06,4.607555059461732e-08
PD,1300,1,bank,bank1,,1,"2,3",2,five_selected_direction_coefficients,right_white,left1,3.691353725169034e-07,3.362365865802411e-07
PD,1300,1,bank,bank1,,1,"2,3",2,five_selected_direction_coefficients,right_white,right_raw,1.9773719091886726e-05,2.05031247590432e-05
PD,1300,1,bank,bank1,,1,"2,3",2,five_selected_direction_coefficients,right_white,right_white,3.540226627905546e-05,3.214275051868996e-05
PD,1300,1,all_contexts,all4,,,"0,1,2,3",4,five_selected_direction_coefficients,actual,actual,6.397763940128707e-05,6.964613766012171e-05
PD,1300,1,all_contexts,all4,,,"0,1,2,3",4,five_selected_direction_coefficients,actual,left0,-1.2288944227415444e-06,-1.2621460746850136e-07
PD,1300,1,all_contexts,all4,,,"0,1,2,3",4,five_selected_direction_coefficients,actual,left1,-1.4871557659190033e-06,1.4073950995645975e-07
PD,1300,1,all_contexts,all4,,,"0,1,2,3",4,five_selected_direction_coefficients,actual,right_raw,3.6993095295523964e-06,2.214379508460824e-06
PD,1300,1,all_contexts,all4,,,"0,1,2,3",4,five_selected_direction_coefficients,actual,right_white,-1.5339515132016455e-06,-4.2071763541665505e-07
PD,1300,1,all_contexts,all4,,,"0,1,2,3",4,five_selected_direction_coefficients,left0,actual,-1.2288944227415533e-06,-1.2621460746850136e-07
PD,1300,1,all_contexts,all4,,,"0,1,2,3",4,five_selected_direction_coefficients,left0,left0,8.963341979416023e-06,9.79422579684339e-06
PD,1300,1,all_contexts,all4,,,"0,1,2,3",4,five_selected_direction_coefficients,left0,left1,-1.0958741111165482e-07,-1.1886847828493434e-07
PD,1300,1,all_contexts,all4,,,"0,1,2,3",4,five_selected_direction_coefficients,left0,right_raw,1.8546566157208185e-06,-3.8031329560370514e-07
PD,1300,1,all_contexts,all4,,,"0,1,2,3",4,five_selected_direction_coefficients,left0,right_white,8.715052082970875e-07,1.6115699567730028e-07
PD,1300,1,all_contexts,all4,,,"0,1,2,3",4,five_selected_direction_coefficients,left1,actual,-1.4871557659190094e-06,1.4073950995645975e-07
PD,1300,1,all_contexts,all4,,,"0,1,2,3",4,five_selected_direction_coefficients,left1,left0,-1.0958741111165294e-07,-1.1886847828493434e-07
PD,1300,1,all_contexts,all4,,,"0,1,2,3",4,five_selected_direction_coefficients,left1,left1,8.22198842610061e-06,9.552589027683096e-06
PD,1300,1,all_contexts,all4,,,"0,1,2,3",4,five_selected_direction_coefficients,left1,right_raw,1.312272854599146e-06,2.3184194099118023e-06
PD,1300,1,all_contexts,all4,,,"0,1,2,3",4,five_selected_direction_coefficients,left1,right_white,9.527232102233924e-07,4.41728719072532e-07
PD,1300,1,all_contexts,all4,,,"0,1,2,3",4,five_selected_direction_coefficients,right_raw,actual,3.6993095295524133e-06,2.214379508460824e-06
PD,1300,1,all_contexts,all4,,,"0,1,2,3",4,five_selected_direction_coefficients,right_raw,left0,1.854656615720828e-06,-3.8031329560370514e-07
PD,1300,1,all_contexts,all4,,,"0,1,2,3",4,five_selected_direction_coefficients,right_raw,left1,1.3122728545991614e-06,2.3184194099118023e-06
PD,1300,1,all_contexts,all4,,,"0,1,2,3",4,five_selected_direction_coefficients,right_raw,right_raw,0.00023501535868404605,0.0002556576286859018
PD,1300,1,all_contexts,all4,,,"0,1,2,3",4,five_selected_direction_coefficients,right_raw,right_white,1.997554152996517e-05,2.203727765015166e-05
PD,1300,1,all_contexts,all4,,,"0,1,2,3",4,five_selected_direction_coefficients,right_white,actual,-1.5339515132016504e-06,-4.2071763541665505e-07
PD,1300,1,all_contexts,all4,,,"0,1,2,3",4,five_selected_direction_coefficients,right_white,left0,8.715052082970934e-07,1.6115699567730028e-07
PD,1300,1,all_contexts,all4,,,"0,1,2,3",4,five_selected_direction_coefficients,right_white,left1,9.527232102233998e-07,4.41728719072532e-07
PD,1300,1,all_contexts,all4,,,"0,1,2,3",4,five_selected_direction_coefficients,right_white,right_raw,1.997554152996517e-05,2.203727765015166e-05
PD,1300,1,all_contexts,all4,,,"0,1,2,3",4,five_selected_direction_coefficients,right_white,right_white,3.149941706736069e-05,3.388424762689416e-05
PD,1300,4,context,context0,0,0,0,1,five_selected_direction_coefficients,actual,actual,6.314380101272315e-05,7.439128942515547e-05
PD,1300,4,context,context0,0,0,0,1,five_selected_direction_coefficients,actual,left0,4.397040431377653e-07,4.6370404424648024e-07
PD,1300,4,context,context0,0,0,0,1,five_selected_direction_coefficients,actual,left1,-6.400662490123354e-07,1.0593974221544746e-06
PD,1300,4,context,context0,0,0,0,1,five_selected_direction_coefficients,actual,right_raw,1.96074939709769e-06,-5.324527444839732e-06
PD,1300,4,context,context0,0,0,0,1,five_selected_direction_coefficients,actual,right_white,4.3980605913143595e-06,4.052088840909052e-06
PD,1300,4,context,context0,0,0,0,1,five_selected_direction_coefficients,left0,actual,4.397040431377566e-07,4.6370404424648024e-07
PD,1300,4,context,context0,0,0,0,1,five_selected_direction_coefficients,left0,left0,5.2610896114853965e-06,7.59957297575105e-06
PD,1300,4,context,context0,0,0,0,1,five_selected_direction_coefficients,left0,left1,-5.163305277164537e-07,-3.8287338640226255e-07
PD,1300,4,context,context0,0,0,0,1,five_selected_direction_coefficients,left0,right_raw,1.957056720989072e-06,9.03972623490257e-07
PD,1300,4,context,context0,0,0,0,1,five_selected_direction_coefficients,left0,right_white,2.1150154670047366e-06,8.879034727494601e-07
PD,1300,4,context,context0,0,0,0,1,five_selected_direction_coefficients,left1,actual,-6.400662490123314e-07,1.0593974221544746e-06
PD,1300,4,context,context0,0,0,0,1,five_selected_direction_coefficients,left1,left0,-5.163305277164532e-07,-3.8287338640226255e-07
PD,1300,4,context,context0,0,0,0,1,five_selected_direction_coefficients,left1,left1,5.5182609275141376e-06,7.67893844967999e-06
PD,1300,4,context,context0,0,0,0,1,five_selected_direction_coefficients,left1,right_raw,-8.063419186806998e-07,-1.3042092911276905e-06
PD,1300,4,context,context0,0,0,0,1,five_selected_direction_coefficients,left1,right_white,-1.3676050946979428e-06,-2.1222175552421624e-07
PD,1300,4,context,context0,0,0,0,1,five_selected_direction_coefficients,right_raw,actual,1.9607493970976977e-06,-5.324527444839732e-06
PD,1300,4,context,context0,0,0,0,1,five_selected_direction_coefficients,right_raw,left0,1.9570567209890757e-06,9.03972623490257e-07
PD,1300,4,context,context0,0,0,0,1,five_selected_direction_coefficients,right_raw,left1,-8.063419186806965e-07,-1.3042092911276905e-06
PD,1300,4,context,context0,0,0,0,1,five_selected_direction_coefficients,right_raw,right_raw,8.690010717387833e-05,0.00012573863288408967
PD,1300,4,context,context0,0,0,0,1,five_selected_direction_coefficients,right_raw,right_white,8.179935660782147e-06,1.3006265318789908e-05
PD,1300,4,context,context0,0,0,0,1,five_selected_direction_coefficients,right_white,actual,4.398060591314356e-06,4.052088840909052e-06
PD,1300,4,context,context0,0,0,0,1,five_selected_direction_coefficients,right_white,left0,2.1150154670047353e-06,8.879034727494601e-07
PD,1300,4,context,context0,0,0,0,1,five_selected_direction_coefficients,right_white,left1,-1.367605094697943e-06,-2.1222175552421624e-07
PD,1300,4,context,context0,0,0,0,1,five_selected_direction_coefficients,right_white,right_raw,8.179935660782147e-06,1.3006265318789908e-05
PD,1300,4,context,context0,0,0,0,1,five_selected_direction_coefficients,right_white,right_white,1.7292991945037076e-05,2.206160165288259e-05
PD,1300,4,context,context1,1,0,1,1,five_selected_direction_coefficients,actual,actual,5.935430257378039e-05,6.523810776170422e-05
PD,1300,4,context,context1,1,0,1,1,five_selected_direction_coefficients,actual,left0,4.3185004243740145e-07,-3.607408928058297e-07
PD,1300,4,context,context1,1,0,1,1,five_selected_direction_coefficients,actual,left1,3.6479181245151126e-07,3.1832131023578093e-07
PD,1300,4,context,context1,1,0,1,1,five_selected_direction_coefficients,actual,right_raw,-3.126751436099033e-06,-3.984522110642007e-06
PD,1300,4,context,context1,1,0,1,1,five_selected_direction_coefficients,actual,right_white,6.452843160120957e-06,8.523487488076012e-06
PD,1300,4,context,context1,1,0,1,1,five_selected_direction_coefficients,left0,actual,4.3185004243740235e-07,-3.607408928058297e-07
PD,1300,4,context,context1,1,0,1,1,five_selected_direction_coefficients,left0,left0,5.6613450642333604e-06,7.127365140357637e-06
PD,1300,4,context,context1,1,0,1,1,five_selected_direction_coefficients,left0,left1,-3.0632254538714496e-07,-1.332232836561798e-08
PD,1300,4,context,context1,1,0,1,1,five_selected_direction_coefficients,left0,right_raw,2.9428577753909134e-06,1.5996693004798189e-06
PD,1300,4,context,context1,1,0,1,1,five_selected_direction_coefficients,left0,right_white,7.966632135346583e-07,-3.950698783895777e-07
PD,1300,4,context,context1,1,0,1,1,five_selected_direction_coefficients,left1,actual,3.6479181245151407e-07,3.1832131023578093e-07
PD,1300,4,context,context1,1,0,1,1,five_selected_direction_coefficients,left1,left0,-3.0632254538714353e-07,-1.332232836561798e-08
PD,1300,4,context,context1,1,0,1,1,five_selected_direction_coefficients,left1,left1,6.411855064673521e-06,7.2212854967207765e-06
PD,1300,4,context,context1,1,0,1,1,five_selected_direction_coefficients,left1,right_raw,-2.062298834509341e-06,-1.9690021519537997e-06
PD,1300,4,context,context1,1,0,1,1,five_selected_direction_coefficients,left1,right_white,2.8569942722165186e-07,-5.783305985823555e-07
PD,1300,4,context,context1,1,0,1,1,five_selected_direction_coefficients,right_raw,actual,-3.126751436099051e-06,-3.984522110642007e-06
PD,1300,4,context,context1,1,0,1,1,five_selected_direction_coefficients,right_raw,left0,2.9428577753909147e-06,1.5996693004798189e-06
PD,1300,4,context,context1,1,0,1,1,five_selected_direction_coefficients,right_raw,left1,-2.0622988345093395e-06,-1.9690021519537997e-06
PD,1300,4,context,context1,1,0,1,1,five_selected_direction_coefficients,right_raw,right_raw,0.00011709408488957024,0.00012041649753849969
PD,1300,4,context,context1,1,0,1,1,five_selected_direction_coefficients,right_raw,right_white,1.517196292780242e-05,1.4988265044452436e-05
PD,1300,4,context,context1,1,0,1,1,five_selected_direction_coefficients,right_white,actual,6.452843160120948e-06,8.523487488076012e-06
PD,1300,4,context,context1,1,0,1,1,five_selected_direction_coefficients,right_white,left0,7.966632135346506e-07,-3.950698783895777e-07
PD,1300,4,context,context1,1,0,1,1,five_selected_direction_coefficients,right_white,left1,2.8569942722164683e-07,-5.783305985823555e-07
PD,1300,4,context,context1,1,0,1,1,five_selected_direction_coefficients,right_white,right_raw,1.5171962927802442e-05,1.4988265044452436e-05
PD,1300,4,context,context1,1,0,1,1,five_selected_direction_coefficients,right_white,right_white,1.9405128511555392e-05,2.2577278032920035e-05
PD,1300,4,context,context2,2,1,2,1,five_selected_direction_coefficients,actual,actual,6.089029097871231e-05,5.959789511768271e-05
PD,1300,4,context,context2,2,1,2,1,five_selected_direction_coefficients,actual,left0,1.792577938252813e-06,-3.684299640131739e-08
PD,1300,4,context,context2,2,1,2,1,five_selected_direction_coefficients,actual,left1,2.0503165419982515e-06,9.368322817851431e-07
PD,1300,4,context,context2,2,1,2,1,five_selected_direction_coefficients,actual,right_raw,4.241688617527387e-06,2.1364142020580574e-06
PD,1300,4,context,context2,2,1,2,1,five_selected_direction_coefficients,actual,right_white,5.006014318745337e-07,1.6913112397584173e-08
PD,1300,4,context,context2,2,1,2,1,five_selected_direction_coefficients,left0,actual,1.7925779382528205e-06,-3.684299640131739e-08
PD,1300,4,context,context2,2,1,2,1,five_selected_direction_coefficients,left0,left0,7.793948098466797e-06,7.273354362229451e-06
PD,1300,4,context,context2,2,1,2,1,five_selected_direction_coefficients,left0,left1,2.3208774650714066e-07,5.4522529561777235e-08
PD,1300,4,context,context2,2,1,2,1,five_selected_direction_coefficients,left0,right_raw,-1.777472091621743e-06,2.408505157116323e-07
PD,1300,4,context,context2,2,1,2,1,five_selected_direction_coefficients,left0,right_white,-5.967328706481426e-07,-1.9445291094393737e-07
PD,1300,4,context,context2,2,1,2,1,five_selected_direction_coefficients,left1,actual,2.0503165419982574e-06,9.368322817851431e-07
PD,1300,4,context,context2,2,1,2,1,five_selected_direction_coefficients,left1,left0,2.3208774650714148e-07,5.4522529561777235e-08
PD,1300,4,context,context2,2,1,2,1,five_selected_direction_coefficients,left1,left1,8.52541940254621e-06,7.428125909019261e-06
PD,1300,4,context,context2,2,1,2,1,five_selected_direction_coefficients,left1,right_raw,1.0015384223643973e-06,-5.195768516436544e-07
PD,1300,4,context,context2,2,1,2,1,five_selected_direction_coefficients,left1,right_white,1.7818243583180504e-06,5.981915669690759e-09
PD,1300,4,context,context2,2,1,2,1,five_selected_direction_coefficients,right_raw,actual,4.241688617527343e-06,2.1364142020580574e-06
PD,1300,4,context,context2,2,1,2,1,five_selected_direction_coefficients,right_raw,left0,-1.7774720916217391e-06,2.408505157116323e-07
PD,1300,4,context,context2,2,1,2,1,five_selected_direction_coefficients,right_raw,left1,1.0015384223643905e-06,-5.195768516436544e-07
PD,1300,4,context,context2,2,1,2,1,five_selected_direction_coefficients,right_raw,right_raw,0.00011424701315680021,0.00011937621673200305
PD,1300,4,context,context2,2,1,2,1,five_selected_direction_coefficients,right_raw,right_white,1.3027719093572671e-05,1.4292843180194298e-05
PD,1300,4,context,context2,2,1,2,1,five_selected_direction_coefficients,right_white,actual,5.006014318745235e-07,1.6913112397584173e-08
PD,1300,4,context,context2,2,1,2,1,five_selected_direction_coefficients,right_white,left0,-5.967328706481445e-07,-1.9445291094393737e-07
PD,1300,4,context,context2,2,1,2,1,five_selected_direction_coefficients,right_white,left1,1.781824358318047e-06,5.981915669690759e-09
PD,1300,4,context,context2,2,1,2,1,five_selected_direction_coefficients,right_white,right_raw,1.3027719093572684e-05,1.4292843180194298e-05
PD,1300,4,context,context2,2,1,2,1,five_selected_direction_coefficients,right_white,right_white,2.0558042317217366e-05,1.934449995817872e-05
PD,1300,4,context,context3,3,1,3,1,five_selected_direction_coefficients,actual,actual,4.3357621291618804e-05,4.659186934256161e-05
PD,1300,4,context,context3,3,1,3,1,five_selected_direction_coefficients,actual,left0,-1.1311867956398528e-06,-7.415736381057334e-08
PD,1300,4,context,context3,3,1,3,1,five_selected_direction_coefficients,actual,left1,5.635264542429242e-07,4.5449343525068994e-07
PD,1300,4,context,context3,3,1,3,1,five_selected_direction_coefficients,actual,right_raw,-1.4826967938073909e-06,-3.4404966687724035e-06
PD,1300,4,context,context3,3,1,3,1,five_selected_direction_coefficients,actual,right_white,-1.8162242805146094e-06,-2.2277222909351574e-06
PD,1300,4,context,context3,3,1,3,1,five_selected_direction_coefficients,left0,actual,-1.1311867956398617e-06,-7.415736381057334e-08
PD,1300,4,context,context3,3,1,3,1,five_selected_direction_coefficients,left0,left0,5.545401553939943e-06,6.074075982520713e-06
PD,1300,4,context,context3,3,1,3,1,five_selected_direction_coefficients,left0,left1,7.396445944610767e-09,-1.1047794711961233e-08
PD,1300,4,context,context3,3,1,3,1,five_selected_direction_coefficients,left0,right_raw,-3.0208687585775805e-08,6.23345056340894e-07
PD,1300,4,context,context3,3,1,3,1,five_selected_direction_coefficients,left0,right_white,-3.428517273788735e-07,1.0585212149579867e-07
PD,1300,4,context,context3,3,1,3,1,five_selected_direction_coefficients,left1,actual,5.635264542429318e-07,4.5449343525068994e-07
PD,1300,4,context,context3,3,1,3,1,five_selected_direction_coefficients,left1,left0,7.396445944613732e-09,-1.1047794711961233e-08
PD,1300,4,context,context3,3,1,3,1,five_selected_direction_coefficients,left1,left1,5.739607926892357e-06,6.109319752998156e-06
PD,1300,4,context,context3,3,1,3,1,five_selected_direction_coefficients,left1,right_raw,-8.907653114054965e-07,-5.301534163168914e-07
PD,1300,4,context,context3,3,1,3,1,five_selected_direction_coefficients,left1,right_white,-1.6383200137661105e-06,-4.045513033759303e-07
PD,1300,4,context,context3,3,1,3,1,five_selected_direction_coefficients,right_raw,actual,-1.482696793807393e-06,-3.4404966687724035e-06
PD,1300,4,context,context3,3,1,3,1,five_selected_direction_coefficients,right_raw,left0,-3.0208687585785334e-08,6.23345056340894e-07
PD,1300,4,context,context3,3,1,3,1,five_selected_direction_coefficients,right_raw,left1,-8.907653114054797e-07,-5.301534163168914e-07
PD,1300,4,context,context3,3,1,3,1,five_selected_direction_coefficients,right_raw,right_raw,0.00010117978902011265,0.00011500082726414804
PD,1300,4,context,context3,3,1,3,1,five_selected_direction_coefficients,right_raw,right_white,8.363672136417864e-06,1.1723064773388751e-05
PD,1300,4,context,context3,3,1,3,1,five_selected_direction_coefficients,right_white,actual,-1.816224280514623e-06,-2.2277222909351574e-06
PD,1300,4,context,context3,3,1,3,1,five_selected_direction_coefficients,right_white,left0,-3.4285172737887434e-07,1.0585212149579867e-07
PD,1300,4,context,context3,3,1,3,1,five_selected_direction_coefficients,right_white,left1,-1.6383200137661084e-06,-4.045513033759303e-07
PD,1300,4,context,context3,3,1,3,1,five_selected_direction_coefficients,right_white,right_raw,8.363672136417854e-06,1.1723064773388751e-05
PD,1300,4,context,context3,3,1,3,1,five_selected_direction_coefficients,right_white,right_white,1.3502021970332477e-05,1.3935600761928156e-05
PD,1300,4,bank,bank0,,0,"0,1",2,five_selected_direction_coefficients,actual,actual,6.124905179325177e-05,6.981469859342986e-05
PD,1300,4,bank,bank0,,0,"0,1",2,five_selected_direction_coefficients,actual,left0,4.357770427875834e-07,5.1481575720325213e-08
PD,1300,4,bank,bank0,,0,"0,1",2,five_selected_direction_coefficients,actual,left1,-1.3763721828041208e-07,6.888593661951275e-07
PD,1300,4,bank,bank0,,0,"0,1",2,five_selected_direction_coefficients,actual,right_raw,-5.830010195006714e-07,-4.654524777740858e-06
PD,1300,4,bank,bank0,,0,"0,1",2,five_selected_direction_coefficients,actual,right_white,5.425451875717659e-06,6.287788164492529e-06
PD,1300,4,bank,bank0,,0,"0,1",2,five_selected_direction_coefficients,left0,actual,4.3577704278757946e-07,5.1481575720325213e-08
PD,1300,4,bank,bank0,,0,"0,1",2,five_selected_direction_coefficients,left0,left0,5.4612173378593785e-06,7.363469058054353e-06
PD,1300,4,bank,bank0,,0,"0,1",2,five_selected_direction_coefficients,left0,left1,-4.1132653655179935e-07,-1.9809785738394046e-07
PD,1300,4,bank,bank0,,0,"0,1",2,five_selected_direction_coefficients,left0,right_raw,2.4499572481899926e-06,1.2518209619850378e-06
PD,1300,4,bank,bank0,,0,"0,1",2,five_selected_direction_coefficients,left0,right_white,1.4558393402696975e-06,2.4641679717994117e-07
PD,1300,4,bank,bank0,,0,"0,1",2,five_selected_direction_coefficients,left1,actual,-1.3763721828040867e-07,6.888593661951275e-07
PD,1300,4,bank,bank0,,0,"0,1",2,five_selected_direction_coefficients,left1,left0,-4.1132653655179834e-07,-1.9809785738394046e-07
PD,1300,4,bank,bank0,,0,"0,1",2,five_selected_direction_coefficients,left1,left1,5.96505799609383e-06,7.450111973200377e-06
PD,1300,4,bank,bank0,,0,"0,1",2,five_selected_direction_coefficients,left1,right_raw,-1.4343203765950205e-06,-1.636605721540744e-06
PD,1300,4,bank,bank0,,0,"0,1",2,five_selected_direction_coefficients,left1,right_white,-5.409528337381455e-07,-3.9527617705328603e-07
PD,1300,4,bank,bank0,,0,"0,1",2,five_selected_direction_coefficients,right_raw,actual,-5.830010195006767e-07,-4.654524777740858e-06
PD,1300,4,bank,bank0,,0,"0,1",2,five_selected_direction_coefficients,right_raw,left0,2.449957248189995e-06,1.2518209619850378e-06
PD,1300,4,bank,bank0,,0,"0,1",2,five_selected_direction_coefficients,right_raw,left1,-1.434320376595018e-06,-1.636605721540744e-06
PD,1300,4,bank,bank0,,0,"0,1",2,five_selected_direction_coefficients,right_raw,right_raw,0.00010199709603172429,0.00012307756521129484
PD,1300,4,bank,bank0,,0,"0,1",2,five_selected_direction_coefficients,right_raw,right_white,1.1675949294292284e-05,1.3997265181621175e-05
PD,1300,4,bank,bank0,,0,"0,1",2,five_selected_direction_coefficients,right_white,actual,5.425451875717652e-06,6.287788164492529e-06
PD,1300,4,bank,bank0,,0,"0,1",2,five_selected_direction_coefficients,right_white,left0,1.4558393402696928e-06,2.4641679717994117e-07
PD,1300,4,bank,bank0,,0,"0,1",2,five_selected_direction_coefficients,right_white,left1,-5.40952833738148e-07,-3.9527617705328603e-07
PD,1300,4,bank,bank0,,0,"0,1",2,five_selected_direction_coefficients,right_white,right_raw,1.1675949294292296e-05,1.3997265181621175e-05
PD,1300,4,bank,bank0,,0,"0,1",2,five_selected_direction_coefficients,right_white,right_white,1.8349060228296234e-05,2.2319439842901305e-05
PD,1300,4,bank,bank1,,1,"2,3",2,five_selected_direction_coefficients,actual,actual,5.212395613516556e-05,5.309488223012215e-05
PD,1300,4,bank,bank1,,1,"2,3",2,five_selected_direction_coefficients,actual,left0,3.306955713064801e-07,-5.550018010594533e-08
PD,1300,4,bank,bank1,,1,"2,3",2,five_selected_direction_coefficients,actual,left1,1.3069214981205878e-06,6.956628585179158e-07
PD,1300,4,bank,bank1,,1,"2,3",2,five_selected_direction_coefficients,actual,right_raw,1.3794959118599982e-06,-6.520412333571734e-07
PD,1300,4,bank,bank1,,1,"2,3",2,five_selected_direction_coefficients,actual,right_white,-6.578114243200379e-07,-1.1054045892687867e-06
PD,1300,4,bank,bank1,,1,"2,3",2,five_selected_direction_coefficients,left0,actual,3.306955713064794e-07,-5.550018010594533e-08
PD,1300,4,bank,bank1,,1,"2,3",2,five_selected_direction_coefficients,left0,left0,6.66967482620337e-06,6.673715172375069e-06
PD,1300,4,bank,bank1,,1,"2,3",2,five_selected_direction_coefficients,left0,left1,1.197420962258757e-07,2.173736742490806e-08
PD,1300,4,bank,bank1,,1,"2,3",2,five_selected_direction_coefficients,left0,right_raw,-9.038403896037594e-07,4.320977860262636e-07
PD,1300,4,bank,bank1,,1,"2,3",2,five_selected_direction_coefficients,left0,right_white,-4.69792299013508e-07,-4.430039472406938e-08
PD,1300,4,bank,bank1,,1,"2,3",2,five_selected_direction_coefficients,left1,actual,1.3069214981205946e-06,6.956628585179158e-07
PD,1300,4,bank,bank1,,1,"2,3",2,five_selected_direction_coefficients,left1,left0,1.197420962258776e-07,2.173736742490806e-08
PD,1300,4,bank,bank1,,1,"2,3",2,five_selected_direction_coefficients,left1,left1,7.132513664719284e-06,6.76872283100872e-06
PD,1300,4,bank,bank1,,1,"2,3",2,five_selected_direction_coefficients,left1,right_raw,5.5386555479450366e-08,-5.248651339802727e-07
PD,1300,4,bank,bank1,,1,"2,3",2,five_selected_direction_coefficients,left1,right_white,7.175217227596993e-08,-1.9928469385311975e-07
PD,1300,4,bank,bank1,,1,"2,3",2,five_selected_direction_coefficients,right_raw,actual,1.3794959118599752e-06,-6.520412333571734e-07
PD,1300,4,bank,bank1,,1,"2,3",2,five_selected_direction_coefficients,right_raw,left0,-9.038403896037622e-07,4.320977860262636e-07
PD,1300,4,bank,bank1,,1,"2,3",2,five_selected_direction_coefficients,right_raw,left1,5.5386555479455395e-08,-5.248651339802727e-07
PD,1300,4,bank,bank1,,1,"2,3",2,five_selected_direction_coefficients,right_raw,right_raw,0.00010771340108845642,0.00011718852199807559
PD,1300,4,bank,bank1,,1,"2,3",2,five_selected_direction_coefficients,right_raw,right_white,1.0695695614995267e-05,1.3007953976791557e-05
PD,1300,4,bank,bank1,,1,"2,3",2,five_selected_direction_coefficients,right_white,actual,-6.578114243200497e-07,-1.1054045892687867e-06
PD,1300,4,bank,bank1,,1,"2,3",2,five_selected_direction_coefficients,right_white,left0,-4.697922990135094e-07,-4.430039472406938e-08
PD,1300,4,bank,bank1,,1,"2,3",2,five_selected_direction_coefficients,right_white,left1,7.17521722759693e-08,-1.9928469385311975e-07
PD,1300,4,bank,bank1,,1,"2,3",2,five_selected_direction_coefficients,right_white,right_raw,1.0695695614995269e-05,1.3007953976791557e-05
PD,1300,4,bank,bank1,,1,"2,3",2,five_selected_direction_coefficients,right_white,right_white,1.703003214377492e-05,1.664005036005343e-05
PD,1300,4,all_contexts,all4,,,"0,1,2,3",4,five_selected_direction_coefficients,actual,actual,5.668650396420867e-05,6.145479041177596e-05
PD,1300,4,all_contexts,all4,,,"0,1,2,3",4,five_selected_direction_coefficients,actual,left0,3.832363070470318e-07,-2.0093021928101184e-09
PD,1300,4,all_contexts,all4,,,"0,1,2,3",4,five_selected_direction_coefficients,actual,left1,5.846421399200879e-07,6.922611123565222e-07
PD,1300,4,all_contexts,all4,,,"0,1,2,3",4,five_selected_direction_coefficients,actual,right_raw,3.982474461796634e-07,-2.6532830055490143e-06
PD,1300,4,all_contexts,all4,,,"0,1,2,3",4,five_selected_direction_coefficients,actual,right_white,2.3838202256988106e-06,2.5911917876118735e-06
PD,1300,4,all_contexts,all4,,,"0,1,2,3",4,five_selected_direction_coefficients,left0,actual,3.8323630704702937e-07,-2.0093021928101184e-09
PD,1300,4,all_contexts,all4,,,"0,1,2,3",4,five_selected_direction_coefficients,left0,left0,6.065446082031374e-06,7.0185921152147325e-06
PD,1300,4,all_contexts,all4,,,"0,1,2,3",4,five_selected_direction_coefficients,left0,left1,-1.4579222016296182e-07,-8.818024497951626e-08
PD,1300,4,all_contexts,all4,,,"0,1,2,3",4,five_selected_direction_coefficients,left0,right_raw,7.730584292931166e-07,8.419593740056509e-07
PD,1300,4,all_contexts,all4,,,"0,1,2,3",4,five_selected_direction_coefficients,left0,right_white,4.930235206280947e-07,1.0105820122793588e-07
PD,1300,4,all_contexts,all4,,,"0,1,2,3",4,five_selected_direction_coefficients,left1,actual,5.84642139920093e-07,6.922611123565222e-07
PD,1300,4,all_contexts,all4,,,"0,1,2,3",4,five_selected_direction_coefficients,left1,left0,-1.4579222016296037e-07,-8.818024497951626e-08
PD,1300,4,all_contexts,all4,,,"0,1,2,3",4,five_selected_direction_coefficients,left1,left1,6.548785830406557e-06,7.109417402104544e-06
PD,1300,4,all_contexts,all4,,,"0,1,2,3",4,five_selected_direction_coefficients,left1,right_raw,-6.894669105577851e-07,-1.0807354277605098e-06
PD,1300,4,all_contexts,all4,,,"0,1,2,3",4,five_selected_direction_coefficients,left1,right_white,-2.3460033073108777e-07,-2.9728043545320277e-07
PD,1300,4,all_contexts,all4,,,"0,1,2,3",4,five_selected_direction_coefficients,right_raw,actual,3.9824744617964924e-07,-2.6532830055490143e-06
PD,1300,4,all_contexts,all4,,,"0,1,2,3",4,five_selected_direction_coefficients,right_raw,left0,7.730584292931165e-07,8.419593740056509e-07
PD,1300,4,all_contexts,all4,,,"0,1,2,3",4,five_selected_direction_coefficients,right_raw,left1,-6.894669105577813e-07,-1.0807354277605098e-06
PD,1300,4,all_contexts,all4,,,"0,1,2,3",4,five_selected_direction_coefficients,right_raw,right_raw,0.00010485524856009037,0.00012013304360468515
PD,1300,4,all_contexts,all4,,,"0,1,2,3",4,five_selected_direction_coefficients,right_raw,right_white,1.1185822454643776e-05,1.3502609579206343e-05
PD,1300,4,all_contexts,all4,,,"0,1,2,3",4,five_selected_direction_coefficients,right_white,actual,2.3838202256988013e-06,2.5911917876118735e-06
PD,1300,4,all_contexts,all4,,,"0,1,2,3",4,five_selected_direction_coefficients,right_white,left0,4.930235206280917e-07,1.0105820122793588e-07
PD,1300,4,all_contexts,all4,,,"0,1,2,3",4,five_selected_direction_coefficients,right_white,left1,-2.3460033073108936e-07,-2.9728043545320277e-07
PD,1300,4,all_contexts,all4,,,"0,1,2,3",4,five_selected_direction_coefficients,right_white,right_raw,1.1185822454643783e-05,1.3502609579206343e-05
PD,1300,4,all_contexts,all4,,,"0,1,2,3",4,five_selected_direction_coefficients,right_white,right_white,1.7689546186035577e-05,1.9479745101477375e-05
PD,1300,8,context,context0,0,0,0,1,five_selected_direction_coefficients,actual,actual,6.254231878714998e-05,6.523326606090722e-05
PD,1300,8,context,context0,0,0,0,1,five_selected_direction_coefficients,actual,left0,1.8301556678623802e-07,1.3468743137004806e-06
PD,1300,8,context,context0,0,0,0,1,five_selected_direction_coefficients,actual,left1,-3.0702090521811967e-07,6.877521398924952e-07
PD,1300,8,context,context0,0,0,0,1,five_selected_direction_coefficients,actual,right_raw,9.351943825044201e-06,1.0686314480478468e-05
PD,1300,8,context,context0,0,0,0,1,five_selected_direction_coefficients,actual,right_white,4.906364608691718e-06,4.733280168417442e-06
PD,1300,8,context,context0,0,0,0,1,five_selected_direction_coefficients,left0,actual,1.8301556678623397e-07,1.3468743137004806e-06
PD,1300,8,context,context0,0,0,0,1,five_selected_direction_coefficients,left0,left0,9.133684718973095e-06,1.0427329853945646e-05
PD,1300,8,context,context0,0,0,0,1,five_selected_direction_coefficients,left0,left1,-1.0566598999696252e-06,-1.907254027369704e-07
PD,1300,8,context,context0,0,0,0,1,five_selected_direction_coefficients,left0,right_raw,2.5271499787672405e-06,8.062725362330679e-07
PD,1300,8,context,context0,0,0,0,1,five_selected_direction_coefficients,left0,right_white,-8.83045023209334e-07,-1.2509845606321378e-06
PD,1300,8,context,context0,0,0,0,1,five_selected_direction_coefficients,left1,actual,-3.0702090521812835e-07,6.877521398924952e-07
PD,1300,8,context,context0,0,0,0,1,five_selected_direction_coefficients,left1,left0,-1.0566598999696218e-06,-1.907254027369704e-07
PD,1300,8,context,context0,0,0,0,1,five_selected_direction_coefficients,left1,left1,8.32112883738698e-06,9.914189966346102e-06
PD,1300,8,context,context0,0,0,0,1,five_selected_direction_coefficients,left1,right_raw,5.221830931818587e-08,1.966039613453835e-07
PD,1300,8,context,context0,0,0,0,1,five_selected_direction_coefficients,left1,right_white,2.1355567688457355e-06,1.8476087076702767e-06
PD,1300,8,context,context0,0,0,0,1,five_selected_direction_coefficients,right_raw,actual,9.351943825044238e-06,1.0686314480478468e-05
PD,1300,8,context,context0,0,0,0,1,five_selected_direction_coefficients,right_raw,left0,2.5271499787672502e-06,8.062725362330679e-07
PD,1300,8,context,context0,0,0,0,1,five_selected_direction_coefficients,right_raw,left1,5.22183093181869e-08,1.966039613453835e-07
PD,1300,8,context,context0,0,0,0,1,five_selected_direction_coefficients,right_raw,right_raw,4.558788283486181e-05,5.031912735809154e-05
PD,1300,8,context,context0,0,0,0,1,five_selected_direction_coefficients,right_raw,right_white,2.0143661703025682e-05,2.3345787342190974e-05
PD,1300,8,context,context0,0,0,0,1,five_selected_direction_coefficients,right_white,actual,4.906364608691733e-06,4.733280168417442e-06
PD,1300,8,context,context0,0,0,0,1,five_selected_direction_coefficients,right_white,left0,-8.83045023209334e-07,-1.2509845606321378e-06
PD,1300,8,context,context0,0,0,0,1,five_selected_direction_coefficients,right_white,left1,2.1355567688457385e-06,1.8476087076702767e-06
PD,1300,8,context,context0,0,0,0,1,five_selected_direction_coefficients,right_white,right_raw,2.0143661703025682e-05,2.3345787342190974e-05
PD,1300,8,context,context0,0,0,0,1,five_selected_direction_coefficients,right_white,right_white,7.156183178948583e-05,7.539042548510012e-05
PD,1300,8,context,context1,1,0,1,1,five_selected_direction_coefficients,actual,actual,4.795006614819106e-05,4.81019585008227e-05
PD,1300,8,context,context1,1,0,1,1,five_selected_direction_coefficients,actual,left0,1.7388718201133888e-07,-1.5143329779901176e-07
PD,1300,8,context,context1,1,0,1,1,five_selected_direction_coefficients,actual,left1,-2.794538326858275e-07,-6.770997016368288e-07
PD,1300,8,context,context1,1,0,1,1,five_selected_direction_coefficients,actual,right_raw,8.008011645568021e-06,7.463922371556746e-06
PD,1300,8,context,context1,1,0,1,1,five_selected_direction_coefficients,actual,right_white,9.342548579752926e-06,8.287417574214036e-06
PD,1300,8,context,context1,1,0,1,1,five_selected_direction_coefficients,left0,actual,1.7388718201133817e-07,-1.5143329779901176e-07
PD,1300,8,context,context1,1,0,1,1,five_selected_direction_coefficients,left0,left0,8.053750599196506e-06,9.349625536848702e-06
PD,1300,8,context,context1,1,0,1,1,five_selected_direction_coefficients,left0,left1,5.357804035539904e-07,1.146862426480645e-07
PD,1300,8,context,context1,1,0,1,1,five_selected_direction_coefficients,left0,right_raw,6.914355756724883e-07,-8.793322411739284e-07
PD,1300,8,context,context1,1,0,1,1,five_selected_direction_coefficients,left0,right_white,-1.1195631878981955e-06,-1.3622899158216419e-06
PD,1300,8,context,context1,1,0,1,1,five_selected_direction_coefficients,left1,actual,-2.794538326858299e-07,-6.770997016368288e-07
PD,1300,8,context,context1,1,0,1,1,five_selected_direction_coefficients,left1,left0,5.357804035539897e-07,1.146862426480645e-07
PD,1300,8,context,context1,1,0,1,1,five_selected_direction_coefficients,left1,left1,8.943516679472114e-06,9.057302507139001e-06
PD,1300,8,context,context1,1,0,1,1,five_selected_direction_coefficients,left1,right_raw,1.0714545571173404e-06,8.054182746799989e-08
PD,1300,8,context,context1,1,0,1,1,five_selected_direction_coefficients,left1,right_white,1.0812795112726762e-06,9.611653402119281e-07
PD,1300,8,context,context1,1,0,1,1,five_selected_direction_coefficients,right_raw,actual,8.008011645568014e-06,7.463922371556746e-06
PD,1300,8,context,context1,1,0,1,1,five_selected_direction_coefficients,right_raw,left0,6.914355756724904e-07,-8.793322411739284e-07
PD,1300,8,context,context1,1,0,1,1,five_selected_direction_coefficients,right_raw,left1,1.0714545571173344e-06,8.054182746799989e-08
PD,1300,8,context,context1,1,0,1,1,five_selected_direction_coefficients,right_raw,right_raw,4.90938657511956e-05,4.8847030178663105e-05
PD,1300,8,context,context1,1,0,1,1,five_selected_direction_coefficients,right_raw,right_white,2.3155889811679814e-05,2.273961294031546e-05
PD,1300,8,context,context1,1,0,1,1,five_selected_direction_coefficients,right_white,actual,9.342548579752928e-06,8.287417574214036e-06
PD,1300,8,context,context1,1,0,1,1,five_selected_direction_coefficients,right_white,left0,-1.119563187898193e-06,-1.3622899158216419e-06
PD,1300,8,context,context1,1,0,1,1,five_selected_direction_coefficients,right_white,left1,1.081279511272679e-06,9.611653402119281e-07
PD,1300,8,context,context1,1,0,1,1,five_selected_direction_coefficients,right_white,right_raw,2.3155889811679808e-05,2.273961294031546e-05
PD,1300,8,context,context1,1,0,1,1,five_selected_direction_coefficients,right_white,right_white,5.391980465465649e-05,5.652273248778441e-05
PD,1300,8,context,context2,2,1,2,1,five_selected_direction_coefficients,actual,actual,5.351908642814348e-05,5.371415182315779e-05
PD,1300,8,context,context2,2,1,2,1,five_selected_direction_coefficients,actual,left0,-1.446877072816302e-06,-6.045653752140469e-07
PD,1300,8,context,context2,2,1,2,1,five_selected_direction_coefficients,actual,left1,-1.5745123988438047e-06,-3.640301146671014e-07
PD,1300,8,context,context2,2,1,2,1,five_selected_direction_coefficients,actual,right_raw,1.2239907313884654e-05,1.2843623822647961e-05
PD,1300,8,context,context2,2,1,2,1,five_selected_direction_coefficients,actual,right_white,2.112291323988166e-06,3.1283218693066604e-06
PD,1300,8,context,context2,2,1,2,1,five_selected_direction_coefficients,left0,actual,-1.4468770728162909e-06,-6.045653752140469e-07
PD,1300,8,context,context2,2,1,2,1,five_selected_direction_coefficients,left0,left0,1.0502148734190497e-05,9.18022152737545e-06
PD,1300,8,context,context2,2,1,2,1,five_selected_direction_coefficients,left0,left1,-1.3214402225751855e-06,1.0025589857506385e-07
PD,1300,8,context,context2,2,1,2,1,five_selected_direction_coefficients,left0,right_raw,-2.3446018178655996e-06,-6.384812013345763e-07
PD,1300,8,context,context2,2,1,2,1,five_selected_direction_coefficients,left0,right_white,-9.164012623162319e-07,-4.2392238573559483e-07
PD,1300,8,context,context2,2,1,2,1,five_selected_direction_coefficients,left1,actual,-1.5745123988437996e-06,-3.640301146671014e-07
PD,1300,8,context,context2,2,1,2,1,five_selected_direction_coefficients,left1,left0,-1.3214402225751847e-06,1.0025589857506385e-07
PD,1300,8,context,context2,2,1,2,1,five_selected_direction_coefficients,left1,left1,9.13589047993388e-06,8.625458795677949e-06
PD,1300,8,context,context2,2,1,2,1,five_selected_direction_coefficients,left1,right_raw,1.0896771910380655e-06,5.841231170863156e-07
PD,1300,8,context,context2,2,1,2,1,five_selected_direction_coefficients,left1,right_white,1.3367578492654349e-06,1.0175884921950463e-06
PD,1300,8,context,context2,2,1,2,1,five_selected_direction_coefficients,right_raw,actual,1.2239907313884654e-05,1.2843623822647961e-05
PD,1300,8,context,context2,2,1,2,1,five_selected_direction_coefficients,right_raw,left0,-2.344601817865594e-06,-6.384812013345763e-07
PD,1300,8,context,context2,2,1,2,1,five_selected_direction_coefficients,right_raw,left1,1.0896771910380482e-06,5.841231170863156e-07
PD,1300,8,context,context2,2,1,2,1,five_selected_direction_coefficients,right_raw,right_raw,5.9047259857893056e-05,5.42324893039378e-05
PD,1300,8,context,context2,2,1,2,1,five_selected_direction_coefficients,right_raw,right_white,2.5490408175476605e-05,2.3975188592364605e-05
PD,1300,8,context,context2,2,1,2,1,five_selected_direction_coefficients,right_white,actual,2.1122913239881394e-06,3.1283218693066604e-06
PD,1300,8,context,context2,2,1,2,1,five_selected_direction_coefficients,right_white,left0,-9.164012623162365e-07,-4.2392238573559483e-07
PD,1300,8,context,context2,2,1,2,1,five_selected_direction_coefficients,right_white,left1,1.3367578492654372e-06,1.0175884921950463e-06
PD,1300,8,context,context2,2,1,2,1,five_selected_direction_coefficients,right_white,right_raw,2.5490408175476588e-05,2.3975188592364605e-05
PD,1300,8,context,context2,2,1,2,1,five_selected_direction_coefficients,right_white,right_white,4.842103075422588e-05,4.3274358967096146e-05
PD,1300,8,context,context3,3,1,3,1,five_selected_direction_coefficients,actual,actual,3.724229326688109e-05,3.564799092144489e-05
PD,1300,8,context,context3,3,1,3,1,five_selected_direction_coefficients,actual,left0,-8.286349702955143e-07,-7.59192424432961e-07
PD,1300,8,context,context3,3,1,3,1,five_selected_direction_coefficients,actual,left1,-6.097710737974657e-07,-5.053631472441832e-07
PD,1300,8,context,context3,3,1,3,1,five_selected_direction_coefficients,actual,right_raw,8.257676564228524e-06,8.297735261054934e-06
PD,1300,8,context,context3,3,1,3,1,five_selected_direction_coefficients,actual,right_white,-8.229366222443383e-07,-8.631553302381129e-07
PD,1300,8,context,context3,3,1,3,1,five_selected_direction_coefficients,left0,actual,-8.286349702955171e-07,-7.59192424432961e-07
PD,1300,8,context,context3,3,1,3,1,five_selected_direction_coefficients,left0,left0,8.935693241263375e-06,6.9525468219459175e-06
PD,1300,8,context,context3,3,1,3,1,five_selected_direction_coefficients,left0,left1,5.183972282434495e-07,-1.0246056080329889e-07
PD,1300,8,context,context3,3,1,3,1,five_selected_direction_coefficients,left0,right_raw,-1.475971493961563e-06,-7.971825056490299e-07
PD,1300,8,context,context3,3,1,3,1,five_selected_direction_coefficients,left0,right_white,-2.3788621894511564e-07,-2.1190147922991481e-07
PD,1300,8,context,context3,3,1,3,1,five_selected_direction_coefficients,left1,actual,-6.097710737974634e-07,-5.053631472441832e-07
PD,1300,8,context,context3,3,1,3,1,five_selected_direction_coefficients,left1,left0,5.183972282434484e-07,-1.0246056080329889e-07
PD,1300,8,context,context3,3,1,3,1,five_selected_direction_coefficients,left1,left1,8.76101939145438e-06,6.9675289849899315e-06
PD,1300,8,context,context3,3,1,3,1,five_selected_direction_coefficients,left1,right_raw,-3.338887991956708e-07,3.066837395230557e-07
PD,1300,8,context,context3,3,1,3,1,five_selected_direction_coefficients,left1,right_white,-4.7542566606177847e-07,3.558633809441735e-07
PD,1300,8,context,context3,3,1,3,1,five_selected_direction_coefficients,right_raw,actual,8.25767656422853e-06,8.297735261054934e-06
PD,1300,8,context,context3,3,1,3,1,five_selected_direction_coefficients,right_raw,left0,-1.4759714939615632e-06,-7.971825056490299e-07
PD,1300,8,context,context3,3,1,3,1,five_selected_direction_coefficients,right_raw,left1,-3.3388879919566775e-07,3.066837395230557e-07
PD,1300,8,context,context3,3,1,3,1,five_selected_direction_coefficients,right_raw,right_raw,5.0230681861319305e-05,4.49645391953263e-05
PD,1300,8,context,context3,3,1,3,1,five_selected_direction_coefficients,right_raw,right_white,1.02021338494371e-05,9.339921950957648e-06
PD,1300,8,context,context3,3,1,3,1,five_selected_direction_coefficients,right_white,actual,-8.229366222443405e-07,-8.631553302381129e-07
PD,1300,8,context,context3,3,1,3,1,five_selected_direction_coefficients,right_white,left0,-2.3788621894511408e-07,-2.1190147922991481e-07
PD,1300,8,context,context3,3,1,3,1,five_selected_direction_coefficients,right_white,left1,-4.754256660617804e-07,3.558633809441735e-07
PD,1300,8,context,context3,3,1,3,1,five_selected_direction_coefficients,right_white,right_raw,1.0202133849437091e-05,9.339921950957648e-06
PD,1300,8,context,context3,3,1,3,1,five_selected_direction_coefficients,right_white,right_white,3.4684031812713226e-05,3.287353906347606e-05
PD,1300,8,bank,bank0,,0,"0,1",2,five_selected_direction_coefficients,actual,actual,5.5246192467670524e-05,5.666761228086497e-05
PD,1300,8,bank,bank0,,0,"0,1",2,five_selected_direction_coefficients,actual,left0,1.7845137439878845e-07,5.977205079507345e-07
PD,1300,8,bank,bank0,,0,"0,1",2,five_selected_direction_coefficients,actual,left1,-2.932373689519736e-07,5.326219127833603e-09
PD,1300,8,bank,bank0,,0,"0,1",2,five_selected_direction_coefficients,actual,right_raw,8.679977735306112e-06,9.075118426017618e-06
PD,1300,8,bank,bank0,,0,"0,1",2,five_selected_direction_coefficients,actual,right_white,7.1244565942223225e-06,6.510348871315739e-06
PD,1300,8,bank,bank0,,0,"0,1",2,five_selected_direction_coefficients,left0,actual,1.7845137439878607e-07,5.977205079507345e-07
PD,1300,8,bank,bank0,,0,"0,1",2,five_selected_direction_coefficients,left0,left0,8.593717659084802e-06,9.888477695397177e-06
PD,1300,8,bank,bank0,,0,"0,1",2,five_selected_direction_coefficients,left0,left1,-2.6043974820781737e-07,-3.801958004445292e-08
PD,1300,8,bank,bank0,,0,"0,1",2,five_selected_direction_coefficients,left0,right_raw,1.6092927772198643e-06,-3.652985247042993e-08
PD,1300,8,bank,bank0,,0,"0,1",2,five_selected_direction_coefficients,left0,right_white,-1.0013041055537647e-06,-1.3066372382268897e-06
PD,1300,8,bank,bank0,,0,"0,1",2,five_selected_direction_coefficients,left1,actual,-2.932373689519791e-07,5.326219127833603e-09
PD,1300,8,bank,bank0,,0,"0,1",2,five_selected_direction_coefficients,left1,left0,-2.6043974820781605e-07,-3.801958004445292e-08
PD,1300,8,bank,bank0,,0,"0,1",2,five_selected_direction_coefficients,left1,left1,8.632322758429547e-06,9.485746236742543e-06
PD,1300,8,bank,bank0,,0,"0,1",2,five_selected_direction_coefficients,left1,right_raw,5.618364332177632e-07,1.385728944066917e-07
PD,1300,8,bank,bank0,,0,"0,1",2,five_selected_direction_coefficients,left1,right_white,1.6084181400592058e-06,1.4043870239411022e-06
PD,1300,8,bank,bank0,,0,"0,1",2,five_selected_direction_coefficients,right_raw,actual,8.679977735306125e-06,9.075118426017618e-06
PD,1300,8,bank,bank0,,0,"0,1",2,five_selected_direction_coefficients,right_raw,left0,1.6092927772198702e-06,-3.652985247042993e-08
PD,1300,8,bank,bank0,,0,"0,1",2,five_selected_direction_coefficients,right_raw,left1,5.618364332177607e-07,1.385728944066917e-07
PD,1300,8,bank,bank0,,0,"0,1",2,five_selected_direction_coefficients,right_raw,right_raw,4.7340874293028705e-05,4.9583078768377315e-05
PD,1300,8,bank,bank0,,0,"0,1",2,five_selected_direction_coefficients,right_raw,right_white,2.1649775757352747e-05,2.304270014125323e-05
PD,1300,8,bank,bank0,,0,"0,1",2,five_selected_direction_coefficients,right_white,actual,7.124456594222331e-06,6.510348871315739e-06
PD,1300,8,bank,bank0,,0,"0,1",2,five_selected_direction_coefficients,right_white,left0,-1.0013041055537635e-06,-1.3066372382268897e-06
PD,1300,8,bank,bank0,,0,"0,1",2,five_selected_direction_coefficients,right_white,left1,1.6084181400592087e-06,1.4043870239411022e-06
PD,1300,8,bank,bank0,,0,"0,1",2,five_selected_direction_coefficients,right_white,right_raw,2.1649775757352747e-05,2.304270014125323e-05
PD,1300,8,bank,bank0,,0,"0,1",2,five_selected_direction_coefficients,right_white,right_white,6.274081822207116e-05,6.595657898644229e-05
PD,1300,8,bank,bank1,,1,"2,3",2,five_selected_direction_coefficients,actual,actual,4.538068984751229e-05,4.4681071372301306e-05
PD,1300,8,bank,bank1,,1,"2,3",2,five_selected_direction_coefficients,actual,left0,-1.137756021555908e-06,-6.818788998235044e-07
PD,1300,8,bank,bank1,,1,"2,3",2,five_selected_direction_coefficients,actual,left1,-1.0921417363206353e-06,-4.346966309556424e-07
PD,1300,8,bank,bank1,,1,"2,3",2,five_selected_direction_coefficients,actual,right_raw,1.024879193905659e-05,1.0570679541851457e-05
PD,1300,8,bank,bank1,,1,"2,3",2,five_selected_direction_coefficients,actual,right_white,6.446773508719138e-07,1.1325832695342755e-06
PD,1300,8,bank,bank1,,1,"2,3",2,five_selected_direction_coefficients,left0,actual,-1.1377560215559039e-06,-6.818788998235044e-07
PD,1300,8,bank,bank1,,1,"2,3",2,five_selected_direction_coefficients,left0,left0,9.718920987726937e-06,8.066384174660685e-06
PD,1300,8,bank,bank1,,1,"2,3",2,five_selected_direction_coefficients,left0,left1,-4.01521497165868e-07,-1.1023311141175744e-09
PD,1300,8,bank,bank1,,1,"2,3",2,five_selected_direction_coefficients,left0,right_raw,-1.9102866559135815e-06,-7.178318534918035e-07
PD,1300,8,bank,bank1,,1,"2,3",2,five_selected_direction_coefficients,left0,right_white,-5.771437406306737e-07,-3.1791193248275514e-07
PD,1300,8,bank,bank1,,1,"2,3",2,five_selected_direction_coefficients,left1,actual,-1.0921417363206315e-06,-4.346966309556424e-07
PD,1300,8,bank,bank1,,1,"2,3",2,five_selected_direction_coefficients,left1,left0,-4.0152149716586815e-07,-1.1023311141175744e-09
PD,1300,8,bank,bank1,,1,"2,3",2,five_selected_direction_coefficients,left1,left1,8.94845493569413e-06,7.796493890333944e-06
PD,1300,8,bank,bank1,,1,"2,3",2,five_selected_direction_coefficients,left1,right_raw,3.778941959211974e-07,4.454034283046853e-07
PD,1300,8,bank,bank1,,1,"2,3",2,five_selected_direction_coefficients,left1,right_white,4.306660916018282e-07,6.867259365696104e-07
PD,1300,8,bank,bank1,,1,"2,3",2,five_selected_direction_coefficients,right_raw,actual,1.0248791939056592e-05,1.0570679541851457e-05
PD,1300,8,bank,bank1,,1,"2,3",2,five_selected_direction_coefficients,right_raw,left0,-1.9102866559135785e-06,-7.178318534918035e-07
PD,1300,8,bank,bank1,,1,"2,3",2,five_selected_direction_coefficients,right_raw,left1,3.778941959211902e-07,4.454034283046853e-07
PD,1300,8,bank,bank1,,1,"2,3",2,five_selected_direction_coefficients,right_raw,right_raw,5.4638970859606183e-05,4.9598514249632124e-05
PD,1300,8,bank,bank1,,1,"2,3",2,five_selected_direction_coefficients,right_raw,right_white,1.7846271012456852e-05,1.6657555271661154e-05
PD,1300,8,bank,bank1,,1,"2,3",2,five_selected_direction_coefficients,right_white,actual,6.446773508718994e-07,1.1325832695342755e-06
PD,1300,8,bank,bank1,,1,"2,3",2,five_selected_direction_coefficients,right_white,left0,-5.771437406306753e-07,-3.1791193248275514e-07
PD,1300,8,bank,bank1,,1,"2,3",2,five_selected_direction_coefficients,right_white,left1,4.3066609160182844e-07,6.867259365696104e-07
PD,1300,8,bank,bank1,,1,"2,3",2,five_selected_direction_coefficients,right_white,right_raw,1.784627101245684e-05,1.6657555271661154e-05
PD,1300,8,bank,bank1,,1,"2,3",2,five_selected_direction_coefficients,right_white,right_white,4.1552531283469554e-05,3.807394901528613e-05
PD,1300,8,all_contexts,all4,,,"0,1,2,3",4,five_selected_direction_coefficients,actual,actual,5.0313441157591405e-05,5.067434182658325e-05
PD,1300,8,all_contexts,all4,,,"0,1,2,3",4,five_selected_direction_coefficients,actual,left0,-4.796523235785599e-07,-4.207919593638487e-08
PD,1300,8,all_contexts,all4,,,"0,1,2,3",4,five_selected_direction_coefficients,actual,left1,-6.926895526363044e-07,-2.1468520591390424e-07
PD,1300,8,all_contexts,all4,,,"0,1,2,3",4,five_selected_direction_coefficients,actual,right_raw,9.464384837181351e-06,9.82289898393451e-06
PD,1300,8,all_contexts,all4,,,"0,1,2,3",4,five_selected_direction_coefficients,actual,right_white,3.884566972547118e-06,3.821466070425021e-06
PD,1300,8,all_contexts,all4,,,"0,1,2,3",4,five_selected_direction_coefficients,left0,actual,-4.79652323578559e-07,-4.207919593638487e-08
PD,1300,8,all_contexts,all4,,,"0,1,2,3",4,five_selected_direction_coefficients,left0,left0,9.15631932340587e-06,8.977430935028944e-06
PD,1300,8,all_contexts,all4,,,"0,1,2,3",4,five_selected_direction_coefficients,left0,left1,-3.309806226868427e-07,-1.956095557928523e-08
PD,1300,8,all_contexts,all4,,,"0,1,2,3",4,five_selected_direction_coefficients,left0,right_raw,-1.504969393468585e-07,-3.77180852981117e-07
PD,1300,8,all_contexts,all4,,,"0,1,2,3",4,five_selected_direction_coefficients,left0,right_white,-7.892239230922193e-07,-8.122745853548234e-07
PD,1300,8,all_contexts,all4,,,"0,1,2,3",4,five_selected_direction_coefficients,left1,actual,-6.926895526363053e-07,-2.1468520591390424e-07
PD,1300,8,all_contexts,all4,,,"0,1,2,3",4,five_selected_direction_coefficients,left1,left0,-3.3098062268684207e-07,-1.956095557928523e-08
PD,1300,8,all_contexts,all4,,,"0,1,2,3",4,five_selected_direction_coefficients,left1,left1,8.790388847061838e-06,8.64112006353825e-06
PD,1300,8,all_contexts,all4,,,"0,1,2,3",4,five_selected_direction_coefficients,left1,right_raw,4.698653145694802e-07,2.919881613556886e-07
PD,1300,8,all_contexts,all4,,,"0,1,2,3",4,five_selected_direction_coefficients,left1,right_white,1.019542115830517e-06,1.0455564802553562e-06
PD,1300,8,all_contexts,all4,,,"0,1,2,3",4,five_selected_direction_coefficients,right_raw,actual,9.464384837181358e-06,9.82289898393451e-06
PD,1300,8,all_contexts,all4,,,"0,1,2,3",4,five_selected_direction_coefficients,right_raw,left0,-1.504969393468542e-07,-3.77180852981117e-07
PD,1300,8,all_contexts,all4,,,"0,1,2,3",4,five_selected_direction_coefficients,right_raw,left1,4.6986531456947545e-07,2.919881613556886e-07
PD,1300,8,all_contexts,all4,,,"0,1,2,3",4,five_selected_direction_coefficients,right_raw,right_raw,5.098992257631745e-05,4.9590796509004624e-05
PD,1300,8,all_contexts,all4,,,"0,1,2,3",4,five_selected_direction_coefficients,right_raw,right_white,1.97480233849048e-05,1.9850127706457186e-05
PD,1300,8,all_contexts,all4,,,"0,1,2,3",4,five_selected_direction_coefficients,right_white,actual,3.884566972547115e-06,3.821466070425021e-06
PD,1300,8,all_contexts,all4,,,"0,1,2,3",4,five_selected_direction_coefficients,right_white,left0,-7.892239230922193e-07,-8.122745853548234e-07
PD,1300,8,all_contexts,all4,,,"0,1,2,3",4,five_selected_direction_coefficients,right_white,left1,1.0195421158305185e-06,1.0455564802553562e-06
PD,1300,8,all_contexts,all4,,,"0,1,2,3",4,five_selected_direction_coefficients,right_white,right_raw,1.9748023384904793e-05,1.9850127706457186e-05
PD,1300,8,all_contexts,all4,,,"0,1,2,3",4,five_selected_direction_coefficients,right_white,right_white,5.214667475277035e-05,5.2015264000864216e-05
Muon,10,joint,context,context0,0,0,0,1,three_selected_up_write_coefficients,block01_actual,block01_actual,6.797060134718334e-05,6.849915894379431e-06
Muon,10,joint,context,context0,0,0,0,1,three_selected_up_write_coefficients,block01_actual,block04_actual,1.7426540765761348e-05,1.4122238659479693e-06
Muon,10,joint,context,context0,0,0,0,1,three_selected_up_write_coefficients,block01_actual,block08_actual,8.226856582307423e-06,7.143603943980698e-07
Muon,10,joint,context,context0,0,0,0,1,three_selected_up_write_coefficients,block04_actual,block01_actual,1.742654076576135e-05,1.4122238659479693e-06
Muon,10,joint,context,context0,0,0,0,1,three_selected_up_write_coefficients,block04_actual,block04_actual,1.520533483473234e-05,1.6906602072991948e-06
Muon,10,joint,context,context0,0,0,0,1,three_selected_up_write_coefficients,block04_actual,block08_actual,5.880958505134533e-06,6.032533527178559e-07
Muon,10,joint,context,context0,0,0,0,1,three_selected_up_write_coefficients,block08_actual,block01_actual,8.226856582307423e-06,7.143603943980698e-07
Muon,10,joint,context,context0,0,0,0,1,three_selected_up_write_coefficients,block08_actual,block04_actual,5.880958505134533e-06,6.032533527178559e-07
Muon,10,joint,context,context0,0,0,0,1,three_selected_up_write_coefficients,block08_actual,block08_actual,6.404788629796734e-06,8.687782468455731e-07
Muon,10,joint,context,context1,1,0,1,1,three_selected_up_write_coefficients,block01_actual,block01_actual,7.460730670671275e-05,6.775230122449676e-06
Muon,10,joint,context,context1,1,0,1,1,three_selected_up_write_coefficients,block01_actual,block04_actual,1.9045475362542364e-05,1.3741793265179624e-06
Muon,10,joint,context,context1,1,0,1,1,three_selected_up_write_coefficients,block01_actual,block08_actual,9.13929523890353e-06,7.187391653179185e-07
Muon,10,joint,context,context1,1,0,1,1,three_selected_up_write_coefficients,block04_actual,block01_actual,1.904547536254237e-05,1.3741793265179624e-06
Muon,10,joint,context,context1,1,0,1,1,three_selected_up_write_coefficients,block04_actual,block04_actual,1.6506340418206313e-05,1.729470712255482e-06
Muon,10,joint,context,context1,1,0,1,1,three_selected_up_write_coefficients,block04_actual,block08_actual,6.5039961837852005e-06,6.246032973280132e-07
Muon,10,joint,context,context1,1,0,1,1,three_selected_up_write_coefficients,block08_actual,block01_actual,9.13929523890353e-06,7.187391653179185e-07
Muon,10,joint,context,context1,1,0,1,1,three_selected_up_write_coefficients,block08_actual,block04_actual,6.5039961837852005e-06,6.246032973280132e-07
Muon,10,joint,context,context1,1,0,1,1,three_selected_up_write_coefficients,block08_actual,block08_actual,7.095894201794098e-06,8.832240965255253e-07
Muon,10,joint,context,context2,2,1,2,1,three_selected_up_write_coefficients,block01_actual,block01_actual,7.598441667167615e-05,7.242898877601104e-06
Muon,10,joint,context,context2,2,1,2,1,three_selected_up_write_coefficients,block01_actual,block04_actual,1.8444576532277826e-05,1.4224750059849845e-06
Muon,10,joint,context,context2,2,1,2,1,three_selected_up_write_coefficients,block01_actual,block08_actual,8.957316968726054e-06,7.160908193665159e-07
Muon,10,joint,context,context2,2,1,2,1,three_selected_up_write_coefficients,block04_actual,block01_actual,1.844457653227783e-05,1.4224750059849845e-06
Muon,10,joint,context,context2,2,1,2,1,three_selected_up_write_coefficients,block04_actual,block04_actual,1.62209789967076e-05,1.708078333878995e-06
Muon,10,joint,context,context2,2,1,2,1,three_selected_up_write_coefficients,block04_actual,block08_actual,6.2805707915832195e-06,6.167354938487182e-07
Muon,10,joint,context,context2,2,1,2,1,three_selected_up_write_coefficients,block08_actual,block01_actual,8.957316968726052e-06,7.160908193665159e-07
Muon,10,joint,context,context2,2,1,2,1,three_selected_up_write_coefficients,block08_actual,block04_actual,6.2805707915832195e-06,6.167354938487182e-07
Muon,10,joint,context,context2,2,1,2,1,three_selected_up_write_coefficients,block08_actual,block08_actual,6.837977126091918e-06,8.731998822141302e-07
Muon,10,joint,context,context3,3,1,3,1,three_selected_up_write_coefficients,block01_actual,block01_actual,6.465825677755551e-05,6.890919563162511e-06
Muon,10,joint,context,context3,3,1,3,1,three_selected_up_write_coefficients,block01_actual,block04_actual,1.6180396249307805e-05,1.4628963582274143e-06
Muon,10,joint,context,context3,3,1,3,1,three_selected_up_write_coefficients,block01_actual,block08_actual,8.187110170711388e-06,7.46366312578835e-07
Muon,10,joint,context,context3,3,1,3,1,three_selected_up_write_coefficients,block04_actual,block01_actual,1.6180396249307805e-05,1.4628963582274143e-06
Muon,10,joint,context,context3,3,1,3,1,three_selected_up_write_coefficients,block04_actual,block04_actual,1.4952038329646093e-05,1.7730454800515505e-06
Muon,10,joint,context,context3,3,1,3,1,three_selected_up_write_coefficients,block04_actual,block08_actual,5.743722566615862e-06,6.341317442992936e-07
Muon,10,joint,context,context3,3,1,3,1,three_selected_up_write_coefficients,block08_actual,block01_actual,8.187110170711388e-06,7.46366312578835e-07
Muon,10,joint,context,context3,3,1,3,1,three_selected_up_write_coefficients,block08_actual,block04_actual,5.743722566615863e-06,6.341317442992936e-07
Muon,10,joint,context,context3,3,1,3,1,three_selected_up_write_coefficients,block08_actual,block08_actual,6.388447311915985e-06,8.848822474264119e-07
Muon,10,joint,bank,bank0,,0,"0,1",2,three_selected_up_write_coefficients,block01_actual,block01_actual,7.128895402694804e-05,6.812573008414559e-06
Muon,10,joint,bank,bank0,,0,"0,1",2,three_selected_up_write_coefficients,block01_actual,block04_actual,1.8236008064151858e-05,1.3932015962329668e-06
Muon,10,joint,bank,bank0,,0,"0,1",2,three_selected_up_write_coefficients,block01_actual,block08_actual,8.683075910605477e-06,7.165497798579946e-07
Muon,10,joint,bank,bank0,,0,"0,1",2,three_selected_up_write_coefficients,block04_actual,block01_actual,1.823600806415186e-05,1.3932015962329668e-06
Muon,10,joint,bank,bank0,,0,"0,1",2,three_selected_up_write_coefficients,block04_actual,block04_actual,1.5855837626469328e-05,1.710065459777338e-06
Muon,10,joint,bank,bank0,,0,"0,1",2,three_selected_up_write_coefficients,block04_actual,block08_actual,6.192477344459867e-06,6.13928325022935e-07
Muon,10,joint,bank,bank0,,0,"0,1",2,three_selected_up_write_coefficients,block08_actual,block01_actual,8.683075910605477e-06,7.165497798579946e-07
Muon,10,joint,bank,bank0,,0,"0,1",2,three_selected_up_write_coefficients,block08_actual,block04_actual,6.192477344459867e-06,6.13928325022935e-07
Muon,10,joint,bank,bank0,,0,"0,1",2,three_selected_up_write_coefficients,block08_actual,block08_actual,6.750341415795416e-06,8.76001171685549e-07
Muon,10,joint,bank,bank1,,1,"2,3",2,three_selected_up_write_coefficients,block01_actual,block01_actual,7.032133672461583e-05,7.066909220381799e-06
Muon,10,joint,bank,bank1,,1,"2,3",2,three_selected_up_write_coefficients,block01_actual,block04_actual,1.7312486390792815e-05,1.4426856821062007e-06
Muon,10,joint,bank,bank1,,1,"2,3",2,three_selected_up_write_coefficients,block01_actual,block08_actual,8.572213569718722e-06,7.312285659726751e-07
Muon,10,joint,bank,bank1,,1,"2,3",2,three_selected_up_write_coefficients,block04_actual,block01_actual,1.7312486390792815e-05,1.4426856821062007e-06
Muon,10,joint,bank,bank1,,1,"2,3",2,three_selected_up_write_coefficients,block04_actual,block04_actual,1.5586508663176846e-05,1.7405619069652745e-06
Muon,10,joint,bank,bank1,,1,"2,3",2,three_selected_up_write_coefficients,block04_actual,block08_actual,6.012146679099541e-06,6.254336190740067e-07
Muon,10,joint,bank,bank1,,1,"2,3",2,three_selected_up_write_coefficients,block08_actual,block01_actual,8.57221356971872e-06,7.312285659726751e-07
Muon,10,joint,bank,bank1,,1,"2,3",2,three_selected_up_write_coefficients,block08_actual,block04_actual,6.012146679099542e-06,6.254336190740067e-07
Muon,10,joint,bank,bank1,,1,"2,3",2,three_selected_up_write_coefficients,block08_actual,block08_actual,6.6132122190039514e-06,8.790410648202722e-07
Muon,10,joint,all_contexts,all4,,,"0,1,2,3",4,three_selected_up_write_coefficients,block01_actual,block01_actual,7.080514537578193e-05,6.939741114398187e-06
Muon,10,joint,all_contexts,all4,,,"0,1,2,3",4,three_selected_up_write_coefficients,block01_actual,block04_actual,1.7774247227472336e-05,1.4179436391695834e-06
Muon,10,joint,all_contexts,all4,,,"0,1,2,3",4,three_selected_up_write_coefficients,block01_actual,block08_actual,8.6276447401621e-06,7.238891729153338e-07
Muon,10,joint,all_contexts,all4,,,"0,1,2,3",4,three_selected_up_write_coefficients,block04_actual,block01_actual,1.777424722747234e-05,1.4179436391695834e-06
Muon,10,joint,all_contexts,all4,,,"0,1,2,3",4,three_selected_up_write_coefficients,block04_actual,block04_actual,1.5721173144823085e-05,1.725313683371307e-06
Muon,10,joint,all_contexts,all4,,,"0,1,2,3",4,three_selected_up_write_coefficients,block04_actual,block08_actual,6.1023120117797045e-06,6.196809720484706e-07
Muon,10,joint,all_contexts,all4,,,"0,1,2,3",4,three_selected_up_write_coefficients,block08_actual,block01_actual,8.627644740162098e-06,7.238891729153338e-07
Muon,10,joint,all_contexts,all4,,,"0,1,2,3",4,three_selected_up_write_coefficients,block08_actual,block04_actual,6.1023120117797045e-06,6.196809720484706e-07
Muon,10,joint,all_contexts,all4,,,"0,1,2,3",4,three_selected_up_write_coefficients,block08_actual,block08_actual,6.681776817399683e-06,8.775211182529106e-07
Muon,500,joint,context,context0,0,0,0,1,three_selected_up_write_coefficients,block01_actual,block01_actual,0.0003343208506014418,0.00035087957196104625
Muon,500,joint,context,context0,0,0,0,1,three_selected_up_write_coefficients,block01_actual,block04_actual,6.457297732702542e-05,6.479767880600396e-05
Muon,500,joint,context,context0,0,0,0,1,three_selected_up_write_coefficients,block01_actual,block08_actual,2.1237153638635502e-05,2.043594879774837e-05
Muon,500,joint,context,context0,0,0,0,1,three_selected_up_write_coefficients,block04_actual,block01_actual,6.457297732702544e-05,6.479767880600396e-05
Muon,500,joint,context,context0,0,0,0,1,three_selected_up_write_coefficients,block04_actual,block04_actual,4.6126763754590955e-05,5.480630056009281e-05
Muon,500,joint,context,context0,0,0,0,1,three_selected_up_write_coefficients,block04_actual,block08_actual,1.874848664926483e-05,1.8143517662010018e-05
Muon,500,joint,context,context0,0,0,0,1,three_selected_up_write_coefficients,block08_actual,block01_actual,2.1237153638635512e-05,2.043594879774837e-05
Muon,500,joint,context,context0,0,0,0,1,three_selected_up_write_coefficients,block08_actual,block04_actual,1.8748486649264835e-05,1.8143517662010018e-05
Muon,500,joint,context,context0,0,0,0,1,three_selected_up_write_coefficients,block08_actual,block08_actual,2.9366991299480595e-05,3.286906007306545e-05
Muon,500,joint,context,context1,1,0,1,1,three_selected_up_write_coefficients,block01_actual,block01_actual,0.000335218664327007,0.0003200400559600814
Muon,500,joint,context,context1,1,0,1,1,three_selected_up_write_coefficients,block01_actual,block04_actual,5.1880501223591147e-05,5.311778104140876e-05
Muon,500,joint,context,context1,1,0,1,1,three_selected_up_write_coefficients,block01_actual,block08_actual,1.578952612860657e-05,1.6390821576243155e-05
Muon,500,joint,context,context1,1,0,1,1,three_selected_up_write_coefficients,block04_actual,block01_actual,5.188050122359115e-05,5.311778104140876e-05
Muon,500,joint,context,context1,1,0,1,1,three_selected_up_write_coefficients,block04_actual,block04_actual,4.606467388533737e-05,4.6784097908724244e-05
Muon,500,joint,context,context1,1,0,1,1,three_selected_up_write_coefficients,block04_actual,block08_actual,1.7182837462482597e-05,1.584734337250766e-05
Muon,500,joint,context,context1,1,0,1,1,three_selected_up_write_coefficients,block08_actual,block01_actual,1.578952612860658e-05,1.6390821576243155e-05
Muon,500,joint,context,context1,1,0,1,1,three_selected_up_write_coefficients,block08_actual,block04_actual,1.71828374624826e-05,1.584734337250766e-05
Muon,500,joint,context,context1,1,0,1,1,three_selected_up_write_coefficients,block08_actual,block08_actual,2.811163725550347e-05,3.063147584378083e-05
Muon,500,joint,context,context2,2,1,2,1,three_selected_up_write_coefficients,block01_actual,block01_actual,0.00032780503257330616,0.00034732129126458254
Muon,500,joint,context,context2,2,1,2,1,three_selected_up_write_coefficients,block01_actual,block04_actual,7.141798674739989e-05,6.0146489260848615e-05
Muon,500,joint,context,context2,2,1,2,1,three_selected_up_write_coefficients,block01_actual,block08_actual,1.8037752388573543e-05,1.585989879520989e-05
Muon,500,joint,context,context2,2,1,2,1,three_selected_up_write_coefficients,block04_actual,block01_actual,7.141798674739985e-05,6.0146489260848615e-05
Muon,500,joint,context,context2,2,1,2,1,three_selected_up_write_coefficients,block04_actual,block04_actual,4.7693896920832695e-05,4.598982426558712e-05
Muon,500,joint,context,context2,2,1,2,1,three_selected_up_write_coefficients,block04_actual,block08_actual,1.4666702026938511e-05,1.438002060176377e-05
Muon,500,joint,context,context2,2,1,2,1,three_selected_up_write_coefficients,block08_actual,block01_actual,1.803775238857358e-05,1.585989879520989e-05
Muon,500,joint,context,context2,2,1,2,1,three_selected_up_write_coefficients,block08_actual,block04_actual,1.4666702026938516e-05,1.438002060176377e-05
Muon,500,joint,context,context2,2,1,2,1,three_selected_up_write_coefficients,block08_actual,block08_actual,2.365615471235124e-05,2.6562126963731155e-05
Muon,500,joint,context,context3,3,1,3,1,three_selected_up_write_coefficients,block01_actual,block01_actual,0.0002957964506713598,0.00029107236425015464
Muon,500,joint,context,context3,3,1,3,1,three_selected_up_write_coefficients,block01_actual,block04_actual,5.2894827996634464e-05,4.577989836007101e-05
Muon,500,joint,context,context3,3,1,3,1,three_selected_up_write_coefficients,block01_actual,block08_actual,1.773040432563172e-05,1.635471150443252e-05
Muon,500,joint,context,context3,3,1,3,1,three_selected_up_write_coefficients,block04_actual,block01_actual,5.289482799663446e-05,4.577989836007101e-05
Muon,500,joint,context,context3,3,1,3,1,three_selected_up_write_coefficients,block04_actual,block04_actual,3.334617555831433e-05,3.1631115961320254e-05
Muon,500,joint,context,context3,3,1,3,1,three_selected_up_write_coefficients,block04_actual,block08_actual,1.0854857663238201e-05,1.0129467539866915e-05
Muon,500,joint,context,context3,3,1,3,1,three_selected_up_write_coefficients,block08_actual,block01_actual,1.773040432563172e-05,1.635471150443252e-05
Muon,500,joint,context,context3,3,1,3,1,three_selected_up_write_coefficients,block08_actual,block04_actual,1.085485766323821e-05,1.0129467539866915e-05
Muon,500,joint,context,context3,3,1,3,1,three_selected_up_write_coefficients,block08_actual,block08_actual,2.5610738257503304e-05,2.0093686636366694e-05
Muon,500,joint,bank,bank0,,0,"0,1",2,three_selected_up_write_coefficients,block01_actual,block01_actual,0.00033476975746422443,0.0003354598139605636
Muon,500,joint,bank,bank0,,0,"0,1",2,three_selected_up_write_coefficients,block01_actual,block04_actual,5.822673927530828e-05,5.895772992370631e-05
Muon,500,joint,bank,bank0,,0,"0,1",2,three_selected_up_write_coefficients,block01_actual,block08_actual,1.8513339883621035e-05,1.8413385186995728e-05
Muon,500,joint,bank,bank0,,0,"0,1",2,three_selected_up_write_coefficients,block04_actual,block01_actual,5.8226739275308296e-05,5.895772992370631e-05
Muon,500,joint,bank,bank0,,0,"0,1",2,three_selected_up_write_coefficients,block04_actual,block04_actual,4.609571881996416e-05,5.07951992344086e-05
Muon,500,joint,bank,bank0,,0,"0,1",2,three_selected_up_write_coefficients,block04_actual,block08_actual,1.7965662055873714e-05,1.6995430517258835e-05
Muon,500,joint,bank,bank0,,0,"0,1",2,three_selected_up_write_coefficients,block08_actual,block01_actual,1.8513339883621048e-05,1.8413385186995728e-05
Muon,500,joint,bank,bank0,,0,"0,1",2,three_selected_up_write_coefficients,block08_actual,block04_actual,1.7965662055873718e-05,1.6995430517258835e-05
Muon,500,joint,bank,bank0,,0,"0,1",2,three_selected_up_write_coefficients,block08_actual,block08_actual,2.873931427749203e-05,3.1750267958423136e-05
Muon,500,joint,bank,bank1,,1,"2,3",2,three_selected_up_write_coefficients,block01_actual,block01_actual,0.000311800741622333,0.0003191968277573684
Muon,500,joint,bank,bank1,,1,"2,3",2,three_selected_up_write_coefficients,block01_actual,block04_actual,6.215640737201717e-05,5.2963193810459795e-05
Muon,500,joint,bank,bank1,,1,"2,3",2,three_selected_up_write_coefficients,block01_actual,block08_actual,1.7884078357102633e-05,1.610730514982122e-05
Muon,500,joint,bank,bank1,,1,"2,3",2,three_selected_up_write_coefficients,block04_actual,block01_actual,6.215640737201715e-05,5.2963193810459795e-05
Muon,500,joint,bank,bank1,,1,"2,3",2,three_selected_up_write_coefficients,block04_actual,block04_actual,4.0520036239573515e-05,3.8810470113453675e-05
Muon,500,joint,bank,bank1,,1,"2,3",2,three_selected_up_write_coefficients,block04_actual,block08_actual,1.2760779845088357e-05,1.2254744070815332e-05
Muon,500,joint,bank,bank1,,1,"2,3",2,three_selected_up_write_coefficients,block08_actual,block01_actual,1.788407835710265e-05,1.610730514982122e-05
Muon,500,joint,bank,bank1,,1,"2,3",2,three_selected_up_write_coefficients,block08_actual,block04_actual,1.2760779845088364e-05,1.2254744070815332e-05
Muon,500,joint,bank,bank1,,1,"2,3",2,three_selected_up_write_coefficients,block08_actual,block08_actual,2.463344648492727e-05,2.332790680004893e-05
Muon,500,joint,all_contexts,all4,,,"0,1,2,3",4,three_selected_up_write_coefficients,block01_actual,block01_actual,0.0003232852495432787,0.0003273283208589656
Muon,500,joint,all_contexts,all4,,,"0,1,2,3",4,three_selected_up_write_coefficients,block01_actual,block04_actual,6.0191573323662735e-05,5.596046186708316e-05
Muon,500,joint,all_contexts,all4,,,"0,1,2,3",4,three_selected_up_write_coefficients,block01_actual,block08_actual,1.8198709120361834e-05,1.7260345168408427e-05
Muon,500,joint,all_contexts,all4,,,"0,1,2,3",4,three_selected_up_write_coefficients,block04_actual,block01_actual,6.019157332366272e-05,5.596046186708316e-05
Muon,500,joint,all_contexts,all4,,,"0,1,2,3",4,three_selected_up_write_coefficients,block04_actual,block04_actual,4.330787752976883e-05,4.480283467393122e-05
Muon,500,joint,all_contexts,all4,,,"0,1,2,3",4,three_selected_up_write_coefficients,block04_actual,block08_actual,1.5363220950481037e-05,1.4625087294037097e-05
Muon,500,joint,all_contexts,all4,,,"0,1,2,3",4,three_selected_up_write_coefficients,block08_actual,block01_actual,1.8198709120361847e-05,1.7260345168408427e-05
Muon,500,joint,all_contexts,all4,,,"0,1,2,3",4,three_selected_up_write_coefficients,block08_actual,block04_actual,1.536322095048104e-05,1.4625087294037097e-05
Muon,500,joint,all_contexts,all4,,,"0,1,2,3",4,three_selected_up_write_coefficients,block08_actual,block08_actual,2.6686380381209652e-05,2.7539087379236044e-05
Muon,1300,joint,context,context0,0,0,0,1,three_selected_up_write_coefficients,block01_actual,block01_actual,0.0001560492634164884,0.00021020162372539534
Muon,1300,joint,context,context0,0,0,0,1,three_selected_up_write_coefficients,block01_actual,block04_actual,3.193991214077197e-05,3.811932875655497e-05
Muon,1300,joint,context,context0,0,0,0,1,three_selected_up_write_coefficients,block01_actual,block08_actual,8.69000322684684e-06,1.0316879401890783e-05
Muon,1300,joint,context,context0,0,0,0,1,three_selected_up_write_coefficients,block04_actual,block01_actual,3.193991214077199e-05,3.811932875655497e-05
Muon,1300,joint,context,context0,0,0,0,1,three_selected_up_write_coefficients,block04_actual,block04_actual,3.876754234674686e-05,5.16519755927831e-05
Muon,1300,joint,context,context0,0,0,0,1,three_selected_up_write_coefficients,block04_actual,block08_actual,1.2901087037005628e-05,1.2133018414583063e-05
Muon,1300,joint,context,context0,0,0,0,1,three_selected_up_write_coefficients,block08_actual,block01_actual,8.690003226846832e-06,1.0316879401890783e-05
Muon,1300,joint,context,context0,0,0,0,1,three_selected_up_write_coefficients,block08_actual,block04_actual,1.2901087037005638e-05,1.2133018414583063e-05
Muon,1300,joint,context,context0,0,0,0,1,three_selected_up_write_coefficients,block08_actual,block08_actual,2.929235569768878e-05,3.3387700717036184e-05
Muon,1300,joint,context,context1,1,0,1,1,three_selected_up_write_coefficients,block01_actual,block01_actual,0.00016881052313230877,0.00017018124549661814
Muon,1300,joint,context,context1,1,0,1,1,three_selected_up_write_coefficients,block01_actual,block04_actual,3.565975689132085e-05,2.7767439211613948e-05
Muon,1300,joint,context,context1,1,0,1,1,three_selected_up_write_coefficients,block01_actual,block08_actual,6.013504178681295e-06,5.852385192223992e-06
Muon,1300,joint,context,context1,1,0,1,1,three_selected_up_write_coefficients,block04_actual,block01_actual,3.5659756891320824e-05,2.7767439211613948e-05
Muon,1300,joint,context,context1,1,0,1,1,three_selected_up_write_coefficients,block04_actual,block04_actual,4.570409063459344e-05,4.414100813165606e-05
Muon,1300,joint,context,context1,1,0,1,1,three_selected_up_write_coefficients,block04_actual,block08_actual,1.0642316032492152e-05,1.0033791725370789e-05
Muon,1300,joint,context,context1,1,0,1,1,three_selected_up_write_coefficients,block08_actual,block01_actual,6.013504178681318e-06,5.852385192223992e-06
Muon,1300,joint,context,context1,1,0,1,1,three_selected_up_write_coefficients,block08_actual,block04_actual,1.0642316032492159e-05,1.0033791725370789e-05
Muon,1300,joint,context,context1,1,0,1,1,three_selected_up_write_coefficients,block08_actual,block08_actual,3.026957473284821e-05,3.084644434866096e-05
Muon,1300,joint,context,context2,2,1,2,1,three_selected_up_write_coefficients,block01_actual,block01_actual,0.00015560360166709585,0.0001604122178272404
Muon,1300,joint,context,context2,2,1,2,1,three_selected_up_write_coefficients,block01_actual,block04_actual,1.8869335323905224e-05,2.10031944333593e-05
Muon,1300,joint,context,context2,2,1,2,1,three_selected_up_write_coefficients,block01_actual,block08_actual,7.82246762640123e-06,7.781327659732268e-06
Muon,1300,joint,context,context2,2,1,2,1,three_selected_up_write_coefficients,block04_actual,block01_actual,1.88693353239052e-05,2.10031944333593e-05
Muon,1300,joint,context,context2,2,1,2,1,three_selected_up_write_coefficients,block04_actual,block04_actual,3.6610020681297085e-05,3.7205416800568005e-05
Muon,1300,joint,context,context2,2,1,2,1,three_selected_up_write_coefficients,block04_actual,block08_actual,1.0528332281182658e-05,1.0918128331488005e-05
Muon,1300,joint,context,context2,2,1,2,1,three_selected_up_write_coefficients,block08_actual,block01_actual,7.822467626401225e-06,7.781327659732268e-06
Muon,1300,joint,context,context2,2,1,2,1,three_selected_up_write_coefficients,block08_actual,block04_actual,1.0528332281182656e-05,1.0918128331488005e-05
Muon,1300,joint,context,context2,2,1,2,1,three_selected_up_write_coefficients,block08_actual,block08_actual,3.629860556737732e-05,3.596919971740679e-05
Muon,1300,joint,context,context3,3,1,3,1,three_selected_up_write_coefficients,block01_actual,block01_actual,0.00014775514003700064,0.00015686352812527206
Muon,1300,joint,context,context3,3,1,3,1,three_selected_up_write_coefficients,block01_actual,block04_actual,2.5729420100723496e-05,2.388571033678511e-05
Muon,1300,joint,context,context3,3,1,3,1,three_selected_up_write_coefficients,block01_actual,block08_actual,4.384980531928212e-06,4.733960043828497e-06
Muon,1300,joint,context,context3,3,1,3,1,three_selected_up_write_coefficients,block04_actual,block01_actual,2.5729420100723506e-05,2.388571033678511e-05
Muon,1300,joint,context,context3,3,1,3,1,three_selected_up_write_coefficients,block04_actual,block04_actual,3.832629289141965e-05,3.429710875762613e-05
Muon,1300,joint,context,context3,3,1,3,1,three_selected_up_write_coefficients,block04_actual,block08_actual,6.801035384152868e-06,7.708737734702523e-06
Muon,1300,joint,context,context3,3,1,3,1,three_selected_up_write_coefficients,block08_actual,block01_actual,4.38498053192822e-06,4.733960043828497e-06
Muon,1300,joint,context,context3,3,1,3,1,three_selected_up_write_coefficients,block08_actual,block04_actual,6.80103538415287e-06,7.708737734702523e-06
Muon,1300,joint,context,context3,3,1,3,1,three_selected_up_write_coefficients,block08_actual,block08_actual,2.722768099629927e-05,2.4689033613360657e-05
Muon,1300,joint,bank,bank0,,0,"0,1",2,three_selected_up_write_coefficients,block01_actual,block01_actual,0.00016242989327439858,0.00019019143461100683
Muon,1300,joint,bank,bank0,,0,"0,1",2,three_selected_up_write_coefficients,block01_actual,block04_actual,3.3799834516046415e-05,3.2943383984084444e-05
Muon,1300,joint,bank,bank0,,0,"0,1",2,three_selected_up_write_coefficients,block01_actual,block08_actual,7.351753702764067e-06,8.084632297057375e-06
Muon,1300,joint,bank,bank0,,0,"0,1",2,three_selected_up_write_coefficients,block04_actual,block01_actual,3.379983451604641e-05,3.2943383984084444e-05
Muon,1300,joint,bank,bank0,,0,"0,1",2,three_selected_up_write_coefficients,block04_actual,block04_actual,4.223581649067015e-05,4.7896491862219625e-05
Muon,1300,joint,bank,bank0,,0,"0,1",2,three_selected_up_write_coefficients,block04_actual,block08_actual,1.177170153474889e-05,1.1083405069976924e-05
Muon,1300,joint,bank,bank0,,0,"0,1",2,three_selected_up_write_coefficients,block08_actual,block01_actual,7.351753702764076e-06,8.084632297057375e-06
Muon,1300,joint,bank,bank0,,0,"0,1",2,three_selected_up_write_coefficients,block08_actual,block04_actual,1.1771701534748898e-05,1.1083405069976924e-05
Muon,1300,joint,bank,bank0,,0,"0,1",2,three_selected_up_write_coefficients,block08_actual,block08_actual,2.9780965215268496e-05,3.2117072532848527e-05
Muon,1300,joint,bank,bank1,,1,"2,3",2,three_selected_up_write_coefficients,block01_actual,block01_actual,0.00015167937085204823,0.0001586378729762563
Muon,1300,joint,bank,bank1,,1,"2,3",2,three_selected_up_write_coefficients,block01_actual,block04_actual,2.229937771231436e-05,2.24444523850722e-05
Muon,1300,joint,bank,bank1,,1,"2,3",2,three_selected_up_write_coefficients,block01_actual,block08_actual,6.103724079164721e-06,6.2576438517803934e-06
Muon,1300,joint,bank,bank1,,1,"2,3",2,three_selected_up_write_coefficients,block04_actual,block01_actual,2.229937771231435e-05,2.24444523850722e-05
Muon,1300,joint,bank,bank1,,1,"2,3",2,three_selected_up_write_coefficients,block04_actual,block04_actual,3.7468156786358366e-05,3.575126277909708e-05
Muon,1300,joint,bank,bank1,,1,"2,3",2,three_selected_up_write_coefficients,block04_actual,block08_actual,8.664683832667762e-06,9.313433033095258e-06
Muon,1300,joint,bank,bank1,,1,"2,3",2,three_selected_up_write_coefficients,block08_actual,block01_actual,6.103724079164723e-06,6.2576438517803934e-06
Muon,1300,joint,bank,bank1,,1,"2,3",2,three_selected_up_write_coefficients,block08_actual,block04_actual,8.664683832667764e-06,9.313433033095258e-06
Muon,1300,joint,bank,bank1,,1,"2,3",2,three_selected_up_write_coefficients,block08_actual,block08_actual,3.17631432818383e-05,3.03291166653837e-05
Muon,1300,joint,all_contexts,all4,,,"0,1,2,3",4,three_selected_up_write_coefficients,block01_actual,block01_actual,0.0001570546320632234,0.00017441465379363128
Muon,1300,joint,all_contexts,all4,,,"0,1,2,3",4,three_selected_up_write_coefficients,block01_actual,block04_actual,2.8049606114180387e-05,2.7693918184578327e-05
Muon,1300,joint,all_contexts,all4,,,"0,1,2,3",4,three_selected_up_write_coefficients,block01_actual,block08_actual,6.727738890964395e-06,7.171138074418878e-06
Muon,1300,joint,all_contexts,all4,,,"0,1,2,3",4,three_selected_up_write_coefficients,block04_actual,block01_actual,2.804960611418038e-05,2.7693918184578327e-05
Muon,1300,joint,all_contexts,all4,,,"0,1,2,3",4,three_selected_up_write_coefficients,block04_actual,block04_actual,3.985198663851426e-05,4.18238773206584e-05
Muon,1300,joint,all_contexts,all4,,,"0,1,2,3",4,three_selected_up_write_coefficients,block04_actual,block08_actual,1.0218192683708327e-05,1.0198419051536111e-05
Muon,1300,joint,all_contexts,all4,,,"0,1,2,3",4,three_selected_up_write_coefficients,block08_actual,block01_actual,6.7277388909644e-06,7.171138074418878e-06
Muon,1300,joint,all_contexts,all4,,,"0,1,2,3",4,three_selected_up_write_coefficients,block08_actual,block04_actual,1.021819268370833e-05,1.0198419051536111e-05
Muon,1300,joint,all_contexts,all4,,,"0,1,2,3",4,three_selected_up_write_coefficients,block08_actual,block08_actual,3.07720542485534e-05,3.1223094599116134e-05
PD,10,joint,context,context0,0,0,0,1,three_selected_up_write_coefficients,block01_actual,block01_actual,7.430693262953152e-05,7.141257444247855e-06
PD,10,joint,context,context0,0,0,0,1,three_selected_up_write_coefficients,block01_actual,block04_actual,1.4555015765020457e-05,1.0550585114600154e-06
PD,10,joint,context,context0,0,0,0,1,three_selected_up_write_coefficients,block01_actual,block08_actual,6.769252719254277e-06,4.950747180315991e-07
PD,10,joint,context,context0,0,0,0,1,three_selected_up_write_coefficients,block04_actual,block01_actual,1.4555015765020456e-05,1.0550585114600154e-06
PD,10,joint,context,context0,0,0,0,1,three_selected_up_write_coefficients,block04_actual,block04_actual,6.884895756822908e-06,7.940789199897434e-07
PD,10,joint,context,context0,0,0,0,1,three_selected_up_write_coefficients,block04_actual,block08_actual,2.386157508785532e-06,2.449785703061547e-07
PD,10,joint,context,context0,0,0,0,1,three_selected_up_write_coefficients,block08_actual,block01_actual,6.769252719254278e-06,4.950747180315991e-07
PD,10,joint,context,context0,0,0,0,1,three_selected_up_write_coefficients,block08_actual,block04_actual,2.3861575087855326e-06,2.449785703061547e-07
PD,10,joint,context,context0,0,0,0,1,three_selected_up_write_coefficients,block08_actual,block08_actual,1.6529167925339651e-06,2.789169938440332e-07
PD,10,joint,context,context1,1,0,1,1,three_selected_up_write_coefficients,block01_actual,block01_actual,8.223088601486898e-05,7.305417235219784e-06
PD,10,joint,context,context1,1,0,1,1,three_selected_up_write_coefficients,block01_actual,block04_actual,1.608005704627551e-05,1.0462307213694868e-06
PD,10,joint,context,context1,1,0,1,1,three_selected_up_write_coefficients,block01_actual,block08_actual,7.651474830598572e-06,4.977891128221686e-07
PD,10,joint,context,context1,1,0,1,1,three_selected_up_write_coefficients,block04_actual,block01_actual,1.6080057046275515e-05,1.0462307213694868e-06
PD,10,joint,context,context1,1,0,1,1,three_selected_up_write_coefficients,block04_actual,block04_actual,7.300775793325676e-06,7.83791339072918e-07
PD,10,joint,context,context1,1,0,1,1,three_selected_up_write_coefficients,block04_actual,block08_actual,2.607455002098138e-06,2.45618319964802e-07
PD,10,joint,context,context1,1,0,1,1,three_selected_up_write_coefficients,block08_actual,block01_actual,7.651474830598572e-06,4.977891128221686e-07
PD,10,joint,context,context1,1,0,1,1,three_selected_up_write_coefficients,block08_actual,block04_actual,2.607455002098138e-06,2.45618319964802e-07
PD,10,joint,context,context1,1,0,1,1,three_selected_up_write_coefficients,block08_actual,block08_actual,1.783140723399459e-06,2.7636110701687344e-07
PD,10,joint,context,context2,2,1,2,1,three_selected_up_write_coefficients,block01_actual,block01_actual,8.216417898301086e-05,7.291525720209778e-06
PD,10,joint,context,context2,2,1,2,1,three_selected_up_write_coefficients,block01_actual,block04_actual,1.6089650570494965e-05,1.0230894028512326e-06
PD,10,joint,context,context2,2,1,2,1,three_selected_up_write_coefficients,block01_actual,block08_actual,7.421787015440725e-06,4.814176033663635e-07
PD,10,joint,context,context2,2,1,2,1,three_selected_up_write_coefficients,block04_actual,block01_actual,1.6089650570494965e-05,1.0230894028512326e-06
PD,10,joint,context,context2,2,1,2,1,three_selected_up_write_coefficients,block04_actual,block04_actual,7.188698790032197e-06,7.716220491579118e-07
PD,10,joint,context,context2,2,1,2,1,three_selected_up_write_coefficients,block04_actual,block08_actual,2.5396805511195272e-06,2.4417074953247886e-07
PD,10,joint,context,context2,2,1,2,1,three_selected_up_write_coefficients,block08_actual,block01_actual,7.421787015440726e-06,4.814176033663635e-07
PD,10,joint,context,context2,2,1,2,1,three_selected_up_write_coefficients,block08_actual,block04_actual,2.539680551119527e-06,2.4417074953247886e-07
PD,10,joint,context,context2,2,1,2,1,three_selected_up_write_coefficients,block08_actual,block08_actual,1.7151195898277906e-06,2.7216333137887067e-07
PD,10,joint,context,context3,3,1,3,1,three_selected_up_write_coefficients,block01_actual,block01_actual,7.095003231387005e-05,7.315859065438743e-06
PD,10,joint,context,context3,3,1,3,1,three_selected_up_write_coefficients,block01_actual,block04_actual,1.3332415205488183e-05,1.0238477674416504e-06
PD,10,joint,context,context3,3,1,3,1,three_selected_up_write_coefficients,block01_actual,block08_actual,6.814090516855022e-06,4.974656449265584e-07
PD,10,joint,context,context3,3,1,3,1,three_selected_up_write_coefficients,block04_actual,block01_actual,1.3332415205488184e-05,1.0238477674416504e-06
PD,10,joint,context,context3,3,1,3,1,three_selected_up_write_coefficients,block04_actual,block04_actual,6.650520090998291e-06,7.969375891751736e-07
PD,10,joint,context,context3,3,1,3,1,three_selected_up_write_coefficients,block04_actual,block08_actual,2.253775785682337e-06,2.526662113577758e-07
PD,10,joint,context,context3,3,1,3,1,three_selected_up_write_coefficients,block08_actual,block01_actual,6.814090516855021e-06,4.974656449265584e-07
PD,10,joint,context,context3,3,1,3,1,three_selected_up_write_coefficients,block08_actual,block04_actual,2.253775785682338e-06,2.526662113577758e-07
PD,10,joint,context,context3,3,1,3,1,three_selected_up_write_coefficients,block08_actual,block08_actual,1.6666014486328323e-06,2.843476352214936e-07
PD,10,joint,bank,bank0,,0,"0,1",2,three_selected_up_write_coefficients,block01_actual,block01_actual,7.826890932220025e-05,7.223337339733814e-06
PD,10,joint,bank,bank0,,0,"0,1",2,three_selected_up_write_coefficients,block01_actual,block04_actual,1.5317536405647984e-05,1.0506446164147507e-06
PD,10,joint,bank,bank0,,0,"0,1",2,three_selected_up_write_coefficients,block01_actual,block08_actual,7.210363774926424e-06,4.964319154268848e-07
PD,10,joint,bank,bank0,,0,"0,1",2,three_selected_up_write_coefficients,block04_actual,block01_actual,1.5317536405647984e-05,1.0506446164147507e-06
PD,10,joint,bank,bank0,,0,"0,1",2,three_selected_up_write_coefficients,block04_actual,block04_actual,7.0928357750742915e-06,7.889351295313312e-07
PD,10,joint,bank,bank0,,0,"0,1",2,three_selected_up_write_coefficients,block04_actual,block08_actual,2.496806255441835e-06,2.452984451354788e-07
PD,10,joint,bank,bank0,,0,"0,1",2,three_selected_up_write_coefficients,block08_actual,block01_actual,7.210363774926425e-06,4.964319154268848e-07
PD,10,joint,bank,bank0,,0,"0,1",2,three_selected_up_write_coefficients,block08_actual,block04_actual,2.496806255441835e-06,2.452984451354788e-07
PD,10,joint,bank,bank0,,0,"0,1",2,three_selected_up_write_coefficients,block08_actual,block08_actual,1.718028757966712e-06,2.776390504304536e-07
PD,10,joint,bank,bank1,,1,"2,3",2,three_selected_up_write_coefficients,block01_actual,block01_actual,7.655710564844045e-05,7.303692392824271e-06
PD,10,joint,bank,bank1,,1,"2,3",2,three_selected_up_write_coefficients,block01_actual,block04_actual,1.4711032887991574e-05,1.0234685851464396e-06
PD,10,joint,bank,bank1,,1,"2,3",2,three_selected_up_write_coefficients,block01_actual,block08_actual,7.117938766147873e-06,4.894416241464608e-07
PD,10,joint,bank,bank1,,1,"2,3",2,three_selected_up_write_coefficients,block04_actual,block01_actual,1.4711032887991574e-05,1.0234685851464396e-06
PD,10,joint,bank,bank1,,1,"2,3",2,three_selected_up_write_coefficients,block04_actual,block04_actual,6.919609440515244e-06,7.842798191665429e-07
PD,10,joint,bank,bank1,,1,"2,3",2,three_selected_up_write_coefficients,block04_actual,block08_actual,2.396728168400932e-06,2.484184804451272e-07
PD,10,joint,bank,bank1,,1,"2,3",2,three_selected_up_write_coefficients,block08_actual,block01_actual,7.117938766147874e-06,4.894416241464608e-07
PD,10,joint,bank,bank1,,1,"2,3",2,three_selected_up_write_coefficients,block08_actual,block04_actual,2.3967281684009324e-06,2.484184804451272e-07
PD,10,joint,bank,bank1,,1,"2,3",2,three_selected_up_write_coefficients,block08_actual,block08_actual,1.6908605192303115e-06,2.7825548330018237e-07
PD,10,joint,all_contexts,all4,,,"0,1,2,3",4,three_selected_up_write_coefficients,block01_actual,block01_actual,7.741300748532036e-05,7.26351486627903e-06
PD,10,joint,all_contexts,all4,,,"0,1,2,3",4,three_selected_up_write_coefficients,block01_actual,block04_actual,1.5014284646819779e-05,1.0370566007805975e-06
PD,10,joint,all_contexts,all4,,,"0,1,2,3",4,three_selected_up_write_coefficients,block01_actual,block08_actual,7.164151270537148e-06,4.929367697866725e-07
PD,10,joint,all_contexts,all4,,,"0,1,2,3",4,three_selected_up_write_coefficients,block04_actual,block01_actual,1.5014284646819779e-05,1.0370566007805975e-06
PD,10,joint,all_contexts,all4,,,"0,1,2,3",4,three_selected_up_write_coefficients,block04_actual,block04_actual,7.006222607794767e-06,7.866074743489375e-07
PD,10,joint,all_contexts,all4,,,"0,1,2,3",4,three_selected_up_write_coefficients,block04_actual,block08_actual,2.4467672119213836e-06,2.468584627903031e-07
PD,10,joint,all_contexts,all4,,,"0,1,2,3",4,three_selected_up_write_coefficients,block08_actual,block01_actual,7.16415127053715e-06,4.929367697866725e-07
PD,10,joint,all_contexts,all4,,,"0,1,2,3",4,three_selected_up_write_coefficients,block08_actual,block04_actual,2.4467672119213836e-06,2.468584627903031e-07
PD,10,joint,all_contexts,all4,,,"0,1,2,3",4,three_selected_up_write_coefficients,block08_actual,block08_actual,1.7044446385985117e-06,2.779472668653182e-07
PD,500,joint,context,context0,0,0,0,1,three_selected_up_write_coefficients,block01_actual,block01_actual,0.00011408609514266407,0.00015054175341753072
PD,500,joint,context,context0,0,0,0,1,three_selected_up_write_coefficients,block01_actual,block04_actual,5.6149487151033536e-05,6.25874410340437e-05
PD,500,joint,context,context0,0,0,0,1,three_selected_up_write_coefficients,block01_actual,block08_actual,1.780845926604399e-05,1.9516519064108733e-05
PD,500,joint,context,context0,0,0,0,1,three_selected_up_write_coefficients,block04_actual,block01_actual,5.614948715103354e-05,6.25874410340437e-05
PD,500,joint,context,context0,0,0,0,1,three_selected_up_write_coefficients,block04_actual,block04_actual,9.098218385826125e-05,9.22873995647351e-05
PD,500,joint,context,context0,0,0,0,1,three_selected_up_write_coefficients,block04_actual,block08_actual,2.4528932980998668e-05,2.6915501344646562e-05
PD,500,joint,context,context0,0,0,0,1,three_selected_up_write_coefficients,block08_actual,block01_actual,1.7808459266044e-05,1.9516519064108733e-05
PD,500,joint,context,context0,0,0,0,1,three_selected_up_write_coefficients,block08_actual,block04_actual,2.452893298099867e-05,2.6915501344646562e-05
PD,500,joint,context,context0,0,0,0,1,three_selected_up_write_coefficients,block08_actual,block08_actual,6.89505173674075e-05,7.274750807021714e-05
PD,500,joint,context,context1,1,0,1,1,three_selected_up_write_coefficients,block01_actual,block01_actual,0.000122933932222745,0.00013447714899263922
PD,500,joint,context,context1,1,0,1,1,three_selected_up_write_coefficients,block01_actual,block04_actual,4.704059187747668e-05,5.516395224973524e-05
PD,500,joint,context,context1,1,0,1,1,three_selected_up_write_coefficients,block01_actual,block08_actual,2.0127650557836516e-05,1.742260270122007e-05
PD,500,joint,context,context1,1,0,1,1,three_selected_up_write_coefficients,block04_actual,block01_actual,4.70405918774767e-05,5.516395224973524e-05
PD,500,joint,context,context1,1,0,1,1,three_selected_up_write_coefficients,block04_actual,block04_actual,7.745699631892601e-05,8.239336277402171e-05
PD,500,joint,context,context1,1,0,1,1,three_selected_up_write_coefficients,block04_actual,block08_actual,2.8068260738716496e-05,2.743531856198075e-05
PD,500,joint,context,context1,1,0,1,1,three_selected_up_write_coefficients,block08_actual,block01_actual,2.0127650557836536e-05,1.742260270122007e-05
PD,500,joint,context,context1,1,0,1,1,three_selected_up_write_coefficients,block08_actual,block04_actual,2.8068260738716482e-05,2.743531856198075e-05
PD,500,joint,context,context1,1,0,1,1,three_selected_up_write_coefficients,block08_actual,block08_actual,6.555702093483166e-05,6.763811294687628e-05
PD,500,joint,context,context2,2,1,2,1,three_selected_up_write_coefficients,block01_actual,block01_actual,0.00012383585544434672,0.00014473638060428677
PD,500,joint,context,context2,2,1,2,1,three_selected_up_write_coefficients,block01_actual,block04_actual,5.6852268057036485e-05,6.2409873549313e-05
PD,500,joint,context,context2,2,1,2,1,three_selected_up_write_coefficients,block01_actual,block08_actual,1.5470072736403322e-05,1.6146976213547405e-05
PD,500,joint,context,context2,2,1,2,1,three_selected_up_write_coefficients,block04_actual,block01_actual,5.685226805703649e-05,6.2409873549313e-05
PD,500,joint,context,context2,2,1,2,1,three_selected_up_write_coefficients,block04_actual,block04_actual,9.586614892296625e-05,9.621771316325874e-05
PD,500,joint,context,context2,2,1,2,1,three_selected_up_write_coefficients,block04_actual,block08_actual,2.9532135089827838e-05,2.464124543782131e-05
PD,500,joint,context,context2,2,1,2,1,three_selected_up_write_coefficients,block08_actual,block01_actual,1.547007273640332e-05,1.6146976213547405e-05
PD,500,joint,context,context2,2,1,2,1,three_selected_up_write_coefficients,block08_actual,block04_actual,2.9532135089827848e-05,2.464124543782131e-05
PD,500,joint,context,context2,2,1,2,1,three_selected_up_write_coefficients,block08_actual,block08_actual,5.780227478000979e-05,5.839563524880609e-05
PD,500,joint,context,context3,3,1,3,1,three_selected_up_write_coefficients,block01_actual,block01_actual,0.00010306056750796115,0.00011158372038844953
PD,500,joint,context,context3,3,1,3,1,three_selected_up_write_coefficients,block01_actual,block04_actual,4.6663092539841984e-05,4.246113706634469e-05
PD,500,joint,context,context3,3,1,3,1,three_selected_up_write_coefficients,block01_actual,block08_actual,1.3216007641218233e-05,1.36042163463994e-05
PD,500,joint,context,context3,3,1,3,1,three_selected_up_write_coefficients,block04_actual,block01_actual,4.6663092539842004e-05,4.246113706634469e-05
PD,500,joint,context,context3,3,1,3,1,three_selected_up_write_coefficients,block04_actual,block04_actual,7.085025377436754e-05,6.563457866839985e-05
PD,500,joint,context,context3,3,1,3,1,three_selected_up_write_coefficients,block04_actual,block08_actual,1.605987357578917e-05,1.783615871650082e-05
PD,500,joint,context,context3,3,1,3,1,three_selected_up_write_coefficients,block08_actual,block01_actual,1.3216007641218242e-05,1.36042163463994e-05
PD,500,joint,context,context3,3,1,3,1,three_selected_up_write_coefficients,block08_actual,block04_actual,1.605987357578917e-05,1.783615871650082e-05
PD,500,joint,context,context3,3,1,3,1,three_selected_up_write_coefficients,block08_actual,block08_actual,4.968528645598646e-05,5.005321317311565e-05
PD,500,joint,bank,bank0,,0,"0,1",2,three_selected_up_write_coefficients,block01_actual,block01_actual,0.00011851001368270453,0.00014250945120508507
PD,500,joint,bank,bank0,,0,"0,1",2,three_selected_up_write_coefficients,block01_actual,block04_actual,5.1595039514255105e-05,5.887569664188948e-05
PD,500,joint,bank,bank0,,0,"0,1",2,three_selected_up_write_coefficients,block01_actual,block08_actual,1.8968054911940255e-05,1.846956088266442e-05
PD,500,joint,bank,bank0,,0,"0,1",2,three_selected_up_write_coefficients,block04_actual,block01_actual,5.159503951425512e-05,5.887569664188948e-05
PD,500,joint,bank,bank0,,0,"0,1",2,three_selected_up_write_coefficients,block04_actual,block04_actual,8.421959008859363e-05,8.734038116937842e-05
PD,500,joint,bank,bank0,,0,"0,1",2,three_selected_up_write_coefficients,block04_actual,block08_actual,2.6298596859857583e-05,2.7175409953313663e-05
PD,500,joint,bank,bank0,,0,"0,1",2,three_selected_up_write_coefficients,block08_actual,block01_actual,1.896805491194027e-05,1.846956088266442e-05
PD,500,joint,bank,bank0,,0,"0,1",2,three_selected_up_write_coefficients,block08_actual,block04_actual,2.6298596859857577e-05,2.7175409953313663e-05
PD,500,joint,bank,bank0,,0,"0,1",2,three_selected_up_write_coefficients,block08_actual,block08_actual,6.725376915111959e-05,7.019281050854668e-05
PD,500,joint,bank,bank1,,1,"2,3",2,three_selected_up_write_coefficients,block01_actual,block01_actual,0.00011344821147615393,0.00012816005049636826
PD,500,joint,bank,bank1,,1,"2,3",2,three_selected_up_write_coefficients,block01_actual,block04_actual,5.175768029843923e-05,5.243550530782882e-05
PD,500,joint,bank,bank1,,1,"2,3",2,three_selected_up_write_coefficients,block01_actual,block08_actual,1.4343040188810777e-05,1.487559627997341e-05
PD,500,joint,bank,bank1,,1,"2,3",2,three_selected_up_write_coefficients,block04_actual,block01_actual,5.1757680298439244e-05,5.243550530782882e-05
PD,500,joint,bank,bank1,,1,"2,3",2,three_selected_up_write_coefficients,block04_actual,block04_actual,8.335820134866689e-05,8.092614591582919e-05
PD,500,joint,bank,bank1,,1,"2,3",2,three_selected_up_write_coefficients,block04_actual,block08_actual,2.2796004332808502e-05,2.123870207716105e-05
PD,500,joint,bank,bank1,,1,"2,3",2,three_selected_up_write_coefficients,block08_actual,block01_actual,1.434304018881078e-05,1.487559627997341e-05
PD,500,joint,bank,bank1,,1,"2,3",2,three_selected_up_write_coefficients,block08_actual,block04_actual,2.279600433280851e-05,2.123870207716105e-05
PD,500,joint,bank,bank1,,1,"2,3",2,three_selected_up_write_coefficients,block08_actual,block08_actual,5.374378061799812e-05,5.422442421096091e-05
PD,500,joint,all_contexts,all4,,,"0,1,2,3",4,three_selected_up_write_coefficients,block01_actual,block01_actual,0.00011597911257942923,0.00013533475085072668
PD,500,joint,all_contexts,all4,,,"0,1,2,3",4,three_selected_up_write_coefficients,block01_actual,block04_actual,5.167635990634717e-05,5.5655600974859194e-05
PD,500,joint,all_contexts,all4,,,"0,1,2,3",4,three_selected_up_write_coefficients,block01_actual,block08_actual,1.6655547550375516e-05,1.667257858131889e-05
PD,500,joint,all_contexts,all4,,,"0,1,2,3",4,three_selected_up_write_coefficients,block04_actual,block01_actual,5.167635990634718e-05,5.5655600974859194e-05
PD,500,joint,all_contexts,all4,,,"0,1,2,3",4,three_selected_up_write_coefficients,block04_actual,block04_actual,8.378889571863027e-05,8.41332635426041e-05
PD,500,joint,all_contexts,all4,,,"0,1,2,3",4,three_selected_up_write_coefficients,block04_actual,block08_actual,2.4547300596333043e-05,2.420705601523739e-05
PD,500,joint,all_contexts,all4,,,"0,1,2,3",4,three_selected_up_write_coefficients,block08_actual,block01_actual,1.6655547550375526e-05,1.667257858131889e-05
PD,500,joint,all_contexts,all4,,,"0,1,2,3",4,three_selected_up_write_coefficients,block08_actual,block04_actual,2.4547300596333043e-05,2.420705601523739e-05
PD,500,joint,all_contexts,all4,,,"0,1,2,3",4,three_selected_up_write_coefficients,block08_actual,block08_actual,6.049877488455885e-05,6.22086173597538e-05
PD,1300,joint,context,context0,0,0,0,1,three_selected_up_write_coefficients,block01_actual,block01_actual,7.60739547377586e-05,8.594488903506737e-05
PD,1300,joint,context,context0,0,0,0,1,three_selected_up_write_coefficients,block01_actual,block04_actual,3.5934557315190184e-05,3.7591767814298164e-05
PD,1300,joint,context,context0,0,0,0,1,three_selected_up_write_coefficients,block01_actual,block08_actual,1.5448493103215695e-05,1.3807130854923939e-05
PD,1300,joint,context,context0,0,0,0,1,three_selected_up_write_coefficients,block04_actual,block01_actual,3.593455731519017e-05,3.7591767814298164e-05
PD,1300,joint,context,context0,0,0,0,1,three_selected_up_write_coefficients,block04_actual,block04_actual,6.314380101272315e-05,7.439128942515547e-05
PD,1300,joint,context,context0,0,0,0,1,three_selected_up_write_coefficients,block04_actual,block08_actual,1.9769102516106542e-05,2.0503336997479713e-05
PD,1300,joint,context,context0,0,0,0,1,three_selected_up_write_coefficients,block08_actual,block01_actual,1.5448493103215668e-05,1.3807130854923939e-05
PD,1300,joint,context,context0,0,0,0,1,three_selected_up_write_coefficients,block08_actual,block04_actual,1.9769102516106572e-05,2.0503336997479713e-05
PD,1300,joint,context,context0,0,0,0,1,three_selected_up_write_coefficients,block08_actual,block08_actual,6.254231878714998e-05,6.523326606090722e-05
PD,1300,joint,context,context1,1,0,1,1,three_selected_up_write_coefficients,block01_actual,block01_actual,7.163020677757162e-05,7.354380346454923e-05
PD,1300,joint,context,context1,1,0,1,1,three_selected_up_write_coefficients,block01_actual,block04_actual,3.355462110791853e-05,3.420872505250427e-05
PD,1300,joint,context,context1,1,0,1,1,three_selected_up_write_coefficients,block01_actual,block08_actual,7.765923046092607e-06,6.7897254761945695e-06
PD,1300,joint,context,context1,1,0,1,1,three_selected_up_write_coefficients,block04_actual,block01_actual,3.355462110791855e-05,3.420872505250427e-05
PD,1300,joint,context,context1,1,0,1,1,three_selected_up_write_coefficients,block04_actual,block04_actual,5.935430257378039e-05,6.523810776170422e-05
PD,1300,joint,context,context1,1,0,1,1,three_selected_up_write_coefficients,block04_actual,block08_actual,1.3612897829730187e-05,1.3671567114303999e-05
PD,1300,joint,context,context1,1,0,1,1,three_selected_up_write_coefficients,block08_actual,block01_actual,7.765923046092588e-06,6.7897254761945695e-06
PD,1300,joint,context,context1,1,0,1,1,three_selected_up_write_coefficients,block08_actual,block04_actual,1.3612897829730166e-05,1.3671567114303999e-05
PD,1300,joint,context,context1,1,0,1,1,three_selected_up_write_coefficients,block08_actual,block08_actual,4.7950066148191064e-05,4.81019585008227e-05
PD,1300,joint,context,context2,2,1,2,1,three_selected_up_write_coefficients,block01_actual,block01_actual,5.697044652797373e-05,6.102567548359689e-05
PD,1300,joint,context,context2,2,1,2,1,three_selected_up_write_coefficients,block01_actual,block04_actual,2.696858872242884e-05,2.1862941084602778e-05
PD,1300,joint,context,context2,2,1,2,1,three_selected_up_write_coefficients,block01_actual,block08_actual,6.584048351821761e-06,7.600564600915396e-06
PD,1300,joint,context,context2,2,1,2,1,three_selected_up_write_coefficients,block04_actual,block01_actual,2.6968588722428836e-05,2.1862941084602778e-05
PD,1300,joint,context,context2,2,1,2,1,three_selected_up_write_coefficients,block04_actual,block04_actual,6.089029097871231e-05,5.959789511768271e-05
PD,1300,joint,context,context2,2,1,2,1,three_selected_up_write_coefficients,block04_actual,block08_actual,1.5608775545166712e-05,1.7224080901967183e-05
PD,1300,joint,context,context2,2,1,2,1,three_selected_up_write_coefficients,block08_actual,block01_actual,6.58404835182176e-06,7.600564600915396e-06
PD,1300,joint,context,context2,2,1,2,1,three_selected_up_write_coefficients,block08_actual,block04_actual,1.5608775545166716e-05,1.7224080901967183e-05
PD,1300,joint,context,context2,2,1,2,1,three_selected_up_write_coefficients,block08_actual,block08_actual,5.351908642814349e-05,5.371415182315779e-05
PD,1300,joint,context,context3,3,1,3,1,three_selected_up_write_coefficients,block01_actual,block01_actual,5.1235949561844377e-05,5.8070182657272863e-05
PD,1300,joint,context,context3,3,1,3,1,three_selected_up_write_coefficients,block01_actual,block04_actual,2.2710507361976306e-05,2.2392663995633218e-05
PD,1300,joint,context,context3,3,1,3,1,three_selected_up_write_coefficients,block01_actual,block08_actual,5.064472414361912e-06,5.800531709078322e-06
PD,1300,joint,context,context3,3,1,3,1,three_selected_up_write_coefficients,block04_actual,block01_actual,2.27105073619763e-05,2.2392663995633218e-05
PD,1300,joint,context,context3,3,1,3,1,three_selected_up_write_coefficients,block04_actual,block04_actual,4.33576212916188e-05,4.659186934256161e-05
PD,1300,joint,context,context3,3,1,3,1,three_selected_up_write_coefficients,block04_actual,block08_actual,9.07509088352785e-06,1.088309727997265e-05
PD,1300,joint,context,context3,3,1,3,1,three_selected_up_write_coefficients,block08_actual,block01_actual,5.064472414361902e-06,5.800531709078322e-06
PD,1300,joint,context,context3,3,1,3,1,three_selected_up_write_coefficients,block08_actual,block04_actual,9.075090883527851e-06,1.088309727997265e-05
PD,1300,joint,context,context3,3,1,3,1,three_selected_up_write_coefficients,block08_actual,block08_actual,3.7242293266881096e-05,3.564799092144489e-05
PD,1300,joint,bank,bank0,,0,"0,1",2,three_selected_up_write_coefficients,block01_actual,block01_actual,7.38520807576651e-05,7.974434624980826e-05
PD,1300,joint,bank,bank0,,0,"0,1",2,three_selected_up_write_coefficients,block01_actual,block04_actual,3.474458921155436e-05,3.5900246433401184e-05
PD,1300,joint,bank,bank0,,0,"0,1",2,three_selected_up_write_coefficients,block01_actual,block08_actual,1.1607208074654152e-05,1.0298428165559252e-05
PD,1300,joint,bank,bank0,,0,"0,1",2,three_selected_up_write_coefficients,block04_actual,block01_actual,3.474458921155436e-05,3.5900246433401184e-05
PD,1300,joint,bank,bank0,,0,"0,1",2,three_selected_up_write_coefficients,block04_actual,block04_actual,6.124905179325177e-05,6.981469859342986e-05
PD,1300,joint,bank,bank0,,0,"0,1",2,three_selected_up_write_coefficients,block04_actual,block08_actual,1.6691000172918364e-05,1.7087452055891825e-05
PD,1300,joint,bank,bank0,,0,"0,1",2,three_selected_up_write_coefficients,block08_actual,block01_actual,1.1607208074654128e-05,1.0298428165559252e-05
PD,1300,joint,bank,bank0,,0,"0,1",2,three_selected_up_write_coefficients,block08_actual,block04_actual,1.6691000172918368e-05,1.7087452055891825e-05
PD,1300,joint,bank,bank0,,0,"0,1",2,three_selected_up_write_coefficients,block08_actual,block08_actual,5.5246192467670524e-05,5.666761228086497e-05
PD,1300,joint,bank,bank1,,1,"2,3",2,three_selected_up_write_coefficients,block01_actual,block01_actual,5.410319804490905e-05,5.954792907043481e-05
PD,1300,joint,bank,bank1,,1,"2,3",2,three_selected_up_write_coefficients,block01_actual,block04_actual,2.4839548042202573e-05,2.2127802540117993e-05
PD,1300,joint,bank,bank1,,1,"2,3",2,three_selected_up_write_coefficients,block01_actual,block08_actual,5.824260383091836e-06,6.70054815499687e-06
PD,1300,joint,bank,bank1,,1,"2,3",2,three_selected_up_write_coefficients,block04_actual,block01_actual,2.4839548042202566e-05,2.2127802540117993e-05
PD,1300,joint,bank,bank1,,1,"2,3",2,three_selected_up_write_coefficients,block04_actual,block04_actual,5.212395613516555e-05,5.309488223012215e-05
PD,1300,joint,bank,bank1,,1,"2,3",2,three_selected_up_write_coefficients,block04_actual,block08_actual,1.2341933214347281e-05,1.4053589090969928e-05
PD,1300,joint,bank,bank1,,1,"2,3",2,three_selected_up_write_coefficients,block08_actual,block01_actual,5.824260383091831e-06,6.70054815499687e-06
PD,1300,joint,bank,bank1,,1,"2,3",2,three_selected_up_write_coefficients,block08_actual,block04_actual,1.2341933214347283e-05,1.4053589090969928e-05
PD,1300,joint,bank,bank1,,1,"2,3",2,three_selected_up_write_coefficients,block08_actual,block08_actual,4.5380689847512294e-05,4.4681071372301306e-05
PD,1300,joint,all_contexts,all4,,,"0,1,2,3",4,three_selected_up_write_coefficients,block01_actual,block01_actual,6.397763940128707e-05,6.964613766012171e-05
PD,1300,joint,all_contexts,all4,,,"0,1,2,3",4,three_selected_up_write_coefficients,block01_actual,block04_actual,2.9792068626878467e-05,2.9014024486759578e-05
PD,1300,joint,all_contexts,all4,,,"0,1,2,3",4,three_selected_up_write_coefficients,block01_actual,block08_actual,8.715734228872993e-06,8.499488160278055e-06
PD,1300,joint,all_contexts,all4,,,"0,1,2,3",4,three_selected_up_write_coefficients,block04_actual,block01_actual,2.9792068626878467e-05,2.9014024486759578e-05
PD,1300,joint,all_contexts,all4,,,"0,1,2,3",4,three_selected_up_write_coefficients,block04_actual,block04_actual,5.668650396420866e-05,6.145479041177596e-05
PD,1300,joint,all_contexts,all4,,,"0,1,2,3",4,three_selected_up_write_coefficients,block04_actual,block08_actual,1.4516466693632823e-05,1.5570520573430854e-05
PD,1300,joint,all_contexts,all4,,,"0,1,2,3",4,three_selected_up_write_coefficients,block08_actual,block01_actual,8.71573422887298e-06,8.499488160278055e-06
PD,1300,joint,all_contexts,all4,,,"0,1,2,3",4,three_selected_up_write_coefficients,block08_actual,block04_actual,1.4516466693632827e-05,1.5570520573430854e-05
PD,1300,joint,all_contexts,all4,,,"0,1,2,3",4,three_selected_up_write_coefficients,block08_actual,block08_actual,5.0313441157591405e-05,5.067434182658325e-05
