step,tokens,lr,aux_lr,train_nll,gradient_norm_before_clip,gradient_clipped,label,clip_coefficient,raw_age_steps,raw_age_tokens,unit_age_steps,unit_age_tokens,nominal_age_steps,nominal_age_tokens
1,16777216,0.006666666666666666,0.0006666666666666666,10.919343697372824,8.227890968322754,True,M9,0.12153781355540196,0.0,0.0,0.0,0.0,0.0,0.0
2,33554432,0.013333333333333332,0.0013333333333333333,10.328861859161407,6.50189208984375,True,M9,0.15380136003190287,0.41561589445487424,6972877.634302627,0.47368421856986037,7947102.450737759,0.4736842105263158,7947102.315789474
3,50331648,0.02,0.002,9.554226094856858,5.84962797164917,True,M9,0.17095101327735537,0.8222113588161382,13794417.564511854,0.929889315097046,15600953.895475201,0.929889298892989,15600953.623616237
4,67108864,0.02,0.002,8.71290603512898,3.7975668907165527,True,M9,0.26332643122577926,1.0610042664338708,17800697.7548826,1.3687118912379619,22963175.041067794,1.3687118348357084,22963174.094795004
5,83886080,0.02,0.002,8.169394639087841,5.27930212020874,True,M9,0.18941893981652272,1.545119602341203,25922805.31431247,1.7902859968080127,30036014.87022334,1.7902859515030158,30036014.11013162
6,100663296,0.02,0.002,7.744736113585532,3.267209053039551,True,M9,0.3060715361932974,1.7559844058299194,29460529.669240218,2.194782393072381,36822338.28157224,2.194782300628096,36822336.730614506
7,117440512,0.02,0.002,7.502151818247512,3.25573468208313,True,M9,0.3071502411891638,2.047957737339409,34359029.31821453,2.582406859184033,43325597.676412106,2.5824067367052264,43325595.62155871
8,134217728,0.02,0.002,7.4132798267528415,3.606714963912964,True,M9,0.27726053562451575,2.4234914013880364,40659438.71522979,2.9533988757896954,49549810.87328089,2.9533987498770706,49549808.76081759
9,150994944,0.02,0.002,7.342837354633957,2.954292058944702,True,M9,0.3384904544159232,2.6789611285597017,44945509.509449884,3.3080298304508213,55499530.99991681,3.3080296706169134,55499528.31834881
10,167772160,0.02,0.002,7.1979575387667865,4.796720504760742,True,M9,0.20847572639093198,3.2023649997098427,53726769.31097197,3.6466007818847586,61179808.98344948,3.6466006721237054,61179807.141964585
11,184549376,0.02,0.002,7.10131595400162,2.3823914527893066,True,M9,0.4197461248792991,3.258126095954627,54662285.26706751,3.96944079223566,66596165.57054879,3.969440598586175,66596162.32164955
12,201326592,0.02,0.002,6.943204236915335,1.19110107421875,True,M9,0.8395586084894573,2.8399707628670754,47646802.9223057,4.276904153881793,71754544.80097207,4.276903649083571,71754536.33186327
13,218103808,0.02,0.002,6.89836198464036,2.9397003650665283,True,M9,0.34017060776422403,3.339288221967565,56023959.78620578,4.569367378156961,76661263.48669301,4.569366947863126,76661256.26756041
14,234881024,0.02,0.002,6.870261172996834,2.252711057662964,True,M9,0.44390937430211663,3.6493568630573927,61226048.3525963,4.847228465718368,81322998.97070566,4.847228032075593,81322991.69538715
15,251658240,0.02,0.002,6.7441393218468875,1.271178126335144,True,M9,0.7866711931331319,3.540824823132929,59405182.87586295,5.110902940133404,85746722.5816532,5.110902287785767,85746711.63707598
16,268435456,0.02,0.002,6.652112745679915,1.106366753578186,True,M9,0.9038585920150202,3.4812056985565882,58404939.94511477,5.3608212578761965,89939656.18078065,5.360820364245987,89939641.1881536
17,285212672,0.02,0.002,6.6007232731208205,1.3247900009155273,True,M9,0.7548360453150172,3.683586583889867,61800327.77262242,5.597426569159957,93909234.59493554,5.597425595082192,93909218.25262247
18,301989888,0.02,0.002,6.564940264681354,1.2939091920852661,True,M9,0.7728511654958059,3.8949101813890263,65345749.413762875,5.821172493467852,97663068.29616874,5.821171453259276,97663050.84436478
19,318767104,0.02,0.002,6.4921309892088175,0.7937062978744507,False,M9,1.0,3.940856982545626,66116608.821276195,6.179918973782555,103681835.48564826,6.032519064538283,101208875.36987671
20,335544320,0.02,0.002,6.4337297945749015,0.7366536855697632,False,M9,1.0,4.061322563716367,68137685.89714324,6.545368913740631,109813068.06551193,6.231934801689436,104554516.26586083
21,352321536,0.02,0.002,6.417120699072257,0.9739224314689636,False,M9,1.0,4.225544888210847,70892879.30720924,6.678340380763767,112043959.08959596,6.419887979061036,107707847.32051048
22,369098752,0.02,0.002,6.390250317519531,0.9748450517654419,False,M9,1.0,4.415413243242418,74078341.71113859,6.8082628750353775,114223696.83924954,6.596848664302163,110676754.96030888
23,385875968,0.02,0.002,6.322201581671834,0.6368411779403687,False,M9,1.0,4.619639523083003,77504690.12090053,7.2148323772968475,121044801.1977027,6.763285621170933,113469103.73607892
24,402653184,0.02,0.002,6.3051769367884845,0.5439853072166443,False,M9,1.0,4.830884504882924,81048792.80947387,7.662145261408039,128549466.07401913,6.919664394497992,116092704.19400202
25,419430400,0.02,0.002,6.269073172472417,0.5213171243667603,False,M9,1.0,5.044226843634955,84628083.30866186,8.083077124294315,135611530.85894457,7.066445545578164,118555283.2704027
26,436207616,0.02,0.002,6.234886947320774,0.4778667092323303,False,M9,1.0,5.256295147259396,88185999.0453227,8.504058265170007,142674422.3913425,7.204083043584557,120864457.30415553
27,452984832,0.02,0.002,6.204838014906272,0.4556374251842499,False,M9,1.0,5.464750135931338,91683293.41654941,8.902806006450222,149364299.37631276,7.333022816083083,123027707.71835415
28,469762048,0.02,0.002,6.178964285412803,0.6912176012992859,False,M9,1.0,5.667962082199417,95092624.13286938,8.94857325471281,150132146.38613984,7.453701459406041,125052359.38397038
29,486539264,0.02,0.002,6.16768528916873,0.8047341108322144,False,M9,1.0,5.864802325682892,98395055.41528423,8.845930828666399,148410092.23359516,7.566545107547085,126945561.64306067
30,503316480,0.02,0.002,6.128629243001342,0.5465539693832397,False,M9,1.0,6.054504103075982,101577723.11019202,9.08598272416615,152437494.73560393,7.671968456383594,128714271.93793413
31,520093696,0.02,0.002,6.09682484716177,0.432860791683197,False,M9,1.0,6.236566959855251,104632230.98395488,9.444508507458798,158452559.24347386,7.770373938425486,130365241.96573508
32,536870912,0.02,0.002,6.061467594234273,0.4101271331310272,False,M9,1.0,6.410689399617985,107553520.76630124,9.789072532307387,164233384.314188,7.862151041933917,131905006.25515038
33,553648128,0.02,0.002,6.042389118578285,0.399912029504776,False,M9,1.0,6.576720326288439,110339057.48573162,10.102221419061234,169487150.82741684,7.94767576714461,133339873.04335083
34,570425344,0.02,0.002,6.0103829994332045,0.381198525428772,False,M9,1.0,6.73462330037641,112988229.78904791,10.400935481107675,174498741.16860738,8.027310211459948,134675917.31666923
35,587202560,0.02,0.002,5.994376336922869,0.4046257436275482,False,M9,1.0,6.884449728918683,115501900.14321019,10.610475509388944,178014239.48372835,8.101402274826953,135918975.86766315
36,603979776,0.02,0.002,5.960918819764629,0.3692094385623932,False,M9,1.0,7.026318413565741,117882061.70916976,10.84793446930372,181998139.74535388,8.170285476079062,137074644.21384126
37,620756992,0.02,0.002,5.941867220681161,0.35487204790115356,False,M9,1.0,7.160399712167419,120131572.61737062,11.071380772301788,185746946.63515392,8.234278870768124,138148275.2191129
38,637534208,0.02,0.002,5.912207270041108,0.48637744784355164,False,M9,1.0,7.286903109718221,122253947.44281429,10.97584642709238,184144146.2901571,8.293687060929715,139144979.257623
39,654311424,0.02,0.002,5.908407904673368,0.5833829045295715,False,M9,1.0,7.406067352960538,124253191.69116719,10.68365551162891,179241996.18818873,8.348800287287728,140069625.76068828
40,671088640,0.02,0.002,5.9033146721776575,0.8391098976135254,False,M9,1.0,7.518152544824076,126133669.16546321,9.965230956893132,167188832.25368276,8.399894594592771,140926845.99071535
41,687865856,0.02,0.002,5.887463759165257,0.7205907702445984,False,M9,1.0,7.62343376072394,127899994.86535786,9.615762340077104,161325721.78413904,8.447232061082033,141721036.89089847
42,704643072,0.02,0.002,5.832553712767549,0.3876897096633911,False,M9,1.0,7.7221958641288,129556948.00679553,9.88828565566133,165897904.31473175,8.491061083426727,142456365.86584422
43,721420288,0.02,0.002,5.836296416819096,0.5243302583694458,False,M9,1.0,7.814729280197056,131109401.11539052,9.871712731990286,165619856.79455113,8.531616708978138,143136776.35573536
44,738197504,0.02,0.002,5.820579070132226,0.5166730284690857,False,M9,1.0,7.901326544426472,132562262.12237652,9.86344468134985,165481141.92305762,8.5691210076182,143765994.0749482
45,754974720,0.02,0.002,5.78357001231052,0.3845086693763733,False,M9,1.0,7.9822794853233505,133920427.09763868,10.089689327245733,169276897.21609634,8.603783476049944,144347533.79492074
46,771751936,0.02,0.002,5.752294771373272,0.2926355004310608,False,M9,1.0,8.057876930891405,135188741.77098218,10.459699300403019,175484634.45791033,8.63580146791353,144884706.56030238
47,788529152,0.02,0.002,5.727540428051725,0.3136904239654541,False,M9,1.0,8.128402851559166,136371970.37562406,10.733450553881966,180077418.36779737,8.665360643673424,145380627.23680806
48,805306368,0.02,0.002,5.708752020262182,0.3110450208187103,False,M9,1.0,8.194134869281433,137474770.63506636,10.967667201724407,184006921.65944594,8.692635434781238,145838222.29857874
49,822083584,0.02,0.002,5.687779854284599,0.30463385581970215,False,M9,1.0,8.255343075552398,138501673.9326469,11.174063452557096,187469676.14125615,8.717789517168503,146260237.7720717
50,838860800,0.02,0.002,5.65156013215892,0.3849433958530426,False,M9,1.0,8.312289111074323,139457069.8709419,11.137145711408547,186850299.22377485,8.740976289657524,146649247.26246285
51,855638016,0.02,0.002,5.651514402823523,0.408860445022583,False,M9,1.0,8.365225467631339,140345194.55915198,11.028573935090236,185028767.08097887,8.762339353390583,147007659.99713415
52,872415232,0.02,0.002,5.615289325593039,0.4889775812625885,False,M9,1.0,8.414394978893128,141170122.07020545,10.726657773797484,179963454.42907953,8.782012988864336,147337728.82898256
53,889192448,0.02,0.002,5.603485566796735,0.5180148482322693,False,M9,1.0,8.460030471828473,141935758.5924482,10.40147831564208,174507848.42084336,8.800122627614016,147641558.1499679
54,905969664,0.02,0.002,5.567538980161771,0.38916531205177307,False,M9,1.0,8.502354554442647,142645838.86846805,10.418683836215038,174796509.15588832,8.81678531601892,147921111.6724777
55,922746880,0.02,0.002,5.541937176370993,0.34597623348236084,False,M9,1.0,8.541579518882942,143303924.5694752,10.522703439710224,176541668.5119614,8.832110169095703,148178220.04271513
56,939524096,0.02,0.002,5.5216234035324305,0.30472272634506226,False,M9,1.0,8.57790734174309,143913404.30040964,10.700986315458106,179532758.8274848,8.846198812508355,148414588.25639617
57,956301312,0.02,0.002,5.497991319745779,0.37359514832496643,False,M9,1.0,8.611529765758183,144477494.97055444,10.66493766938055,178927962.90573406,8.85914581135404,148631802.85258198
58,973078528,0.02,0.002,5.456692781299353,0.442409485578537,False,M9,1.0,8.642628449104276,144999244.29836744,10.447740971030887,175284006.98303494,8.871039084582312,148831338.86647972
59,989855744,0.02,0.002,5.450484414817765,0.49032267928123474,False,M9,1.0,8.671375170266954,145481534.24860546,10.1442358996181,170192036.84284717,8.881960304173168,149014566.52653894
60,1006632960,0.02,0.002,5.413271683966741,0.4095255434513092,False,M9,1.0,8.697932077969718,145927085.2254268,10.079175044293557,169100496.81992257,8.891985278437947,149182757.68517357
61,1023410176,0.02,0.002,5.401114001171663,0.41590699553489685,False,M9,1.0,8.722451976994028,146338460.86765584,10.00066156456321,167783259.2115749,8.901184319017831,149337091.97597507
62,1040187392,0.02,0.002,5.378884718520567,0.43654003739356995,False,M9,1.0,8.745078641906556,146718073.31225294,9.879105186065384,165743881.59333915,8.909622591339561,149478662.69338354
63,1056964608,0.02,0.002,5.3622637409716845,0.43940213322639465,False,M9,1.0,8.765947151758462,147068188.8096365,9.765589496820654,163839404.35549143,8.917360448448472,149608482.39347687
64,1073741824,0.02,0.002,5.332295306259766,0.36257636547088623,False,M9,1.0,8.785184239753795,147390933.5901452,9.841995410192574,165121282.8678094,8.92445374827728,149727488.21685755
65,1090519040,0.02,0.002,5.307334469165653,0.36972588300704956,False,M9,1.0,8.80290865271369,147688299.89484656,9.881482335856925,165783763.54885617,8.930954154526608,149836546.93659028
66,1107296256,0.02,0.002,5.287728940602392,0.40690505504608154,False,M9,1.0,8.8192315159017,147962152.09629026,9.817872885427521,164716574.05936077,8.93690942143253,149936459.73580858
67,1124073472,0.02,0.002,5.266682670917362,0.35718920826911926,False,M9,1.0,8.83425669943291,148214232.845833,9.876305561050591,165696911.67974696,8.9423636627783,150027966.7209827
68,1140850688,0.02,0.002,5.264388283947483,0.4325248599052429,False,M9,1.0,8.848081183073852,148446169.19396555,9.73614321626607,163345377.74623057,8.947357605574803,150111751.17797127
69,1157627904,0.02,0.002,5.229613762581721,0.480299174785614,False,M9,1.0,8.860795416758863,148659478.63877347,9.50653739301348,159493231.25466403,8.951928828887503,150188443.57887268
70,1174405120,0.02,0.002,5.218773892847821,0.39442169666290283,False,M9,1.0,8.872483674607551,148855575.0653646,9.512466821535531,159592710.55773506,8.95611198832934,150258625.34839082
71,1191182336,0.02,0.002,5.185521742096171,0.3523370325565338,False,M9,1.0,8.883224400633445,149035774.54589784,9.60999100375356,161228894.8280303,8.959939026769872,150322832.39894792
72,1207959552,0.02,0.002,5.172143241390586,0.39788737893104553,False,M9,1.0,8.893090544690411,149201300.97582868,9.578237615087508,160696161.36764798,8.96343937183271,150381558.4441417
73,1224736768,0.02,0.002,5.148214534157887,0.42196762561798096,False,M9,1.0,8.902149887516021,149353291.527232,9.490719532406802,159227851.5906079,8.966640120766986,150435258.1003738
74,1241513984,0.02,0.002,5.149875057628378,0.432346910238266,False,M9,1.0,8.91046535400368,149492801.9046362,9.39153531778542,157563816.59811464,8.96956621328529,150484349.78658938
75,1258291200,0.02,0.002,5.129400101490319,0.4051862061023712,False,M9,1.0,8.918095314072128,149620811.39277592,9.369297340901307,157190725.25652686,8.972240592961413,150529218.4320817
76,1275068416,0.02,0.002,5.117191480938345,0.43063077330589294,False,M9,1.0,8.925093870705469,149738227.68910173,9.290100632921002,155862024.98025236,8.974684357777097,150570218.00224763
77,1291845632,0.02,0.002,5.104581713909283,0.5044584274291992,False,M9,1.0,8.931511134912155,149845891.51682636,9.062450184898056,152042684.24127463,8.97691690039871,150607673.85203964
78,1308622848,0.02,0.002,5.116899009444751,0.5368688702583313,False,M9,1.0,8.937393487500996,149944581.0167975,8.81838159777565,147947892.8363072,8.97895603875292,150641884.9166621
79,1325400064,0.02,0.002,5.084699015133083,0.5329154133796692,False,M9,1.0,8.942783827698452,150035015.91860372,8.640200738697784,144958514.07649228,8.980818137456023,150673125.74881738
80,1342177280,0.02,0.002,5.075170604977757,0.5219237208366394,False,M9,1.0,8.94772180873727,150117861.49309587,8.526770811829,143055475.69255048,8.982518220634715,150701648.41152427
81,1358954496,0.02,0.002,5.037581343436614,0.44430628418922424,False,M9,1.0,8.952244060633967,150193732.28997317,8.588502264331611,144091157.60518053,8.98407007665764,150727684.23522177
82,1375731712,0.02,0.002,5.03803975880146,0.4267061948776245,False,M9,1.0,8.956384400444053,150263195.66528037,8.676625259099417,145569616.1229669,8.985486355277267,150751445.44753945
83,1392508928,0.02,0.002,5.0162362908013165,0.3944947123527527,False,M9,1.0,8.96017403034122,150326775.1046252,8.815435258580143,147898461.4672149,8.986778657660956,150773126.6837679
84,1409286144,0.019139501788825494,0.0019139501788825496,5.005717356689274,0.3930060565471649,False,M9,1.0,8.96364172391158,150384953.34867695,8.935207157982543,149907900.49421924,8.987957619768812,150792906.38570723
85,1426063360,0.01696045964170291,0.001696045964170291,5.001348890829831,0.4575580656528473,False,M9,1.0,8.966814001088261,150438175.328082,8.902446892885301,149358274.45046556,8.989032989514348,150810948.09620795
86,1442840576,0.014781417494580324,0.0014781417494580326,4.964340418577194,0.40232211351394653,False,M9,1.0,8.969715292176566,150486850.91534936,8.989504208717161,150818853.8425569,8.990013698122334,150827401.6563572
87,1459617792,0.01260237534745774,0.0012602375347457741,4.940096484962851,0.27424851059913635,False,M9,1.0,8.97236809143672,150531357.5015416,9.337487270979167,156657040.84246802,8.990907926076721,150842404.31190118
88,1476395008,0.010423333200335156,0.0010423333200335156,4.937936196569353,0.25677770376205444,False,M9,1.0,8.974793100701435,150572042.40577772,9.680179342555371,162406459.74878946,8.99172316403031,150856081.73513994
89,1493172224,0.00824429105321257,0.0008244291053212571,4.928877877769992,0.20094414055347443,False,M9,1.0,8.977009363509604,150609225.12562314,10.120631748928611,169796024.90823308,8.992466269026968,150868548.96817955
90,1509949440,0.0060652489060899865,0.0006065248906089987,4.914160917745903,0.18235640227794647,False,M9,1.0,8.979034390237036,150643199.43643504,10.562632254114167,177211562.85584027,8.993143516367134,150879911.29309094
91,1526726656,0.003886206758967402,0.0003886206758967402,4.905450111953542,0.14418572187423706,False,M9,1.0,8.980884274700337,150674235.3476509,11.074446494844148,185798380.92444316,8.993760647427447,150890265.03419012
92,1539870720,0.0017071646118448178,0.00017071646118448178,4.903512996541038,0.12725308537483215,False,M9,1.0,8.982573802702072,147432824.95053223,11.594403263737505,191033099.00895432,8.994322913726668,147629883.91659966
1,16777216,0.006666666666666666,0.0006666666666666666,10.919343697372824,8.227890014648438,True,M8,0.12153782764254666,0.0,0.0,0.0,0.0,0.0,0.0
2,33554432,0.013333333333333332,0.0013333333333333333,10.328880408313125,6.502654075622559,True,M8,0.15378333747838546,0.38735057491670805,6498664.263101793,0.44444445240629993,7456540.578022214,0.4444444444444445,7456540.444444445
3,50331648,0.02,0.002,9.55415306892246,5.893088340759277,True,M8,0.1696902833431604,0.7519412006604443,12615479.942779617,0.8524590316565464,14301889.305252716,0.8524590163934426,14301889.049180327
4,67108864,0.02,0.002,8.711994581855834,3.9088504314422607,True,M8,0.25582962605233295,0.9403264557269629,15776060.058245694,1.2249323025637013,20550953.82548857,1.2249322493224934,20550952.932249326
5,83886080,0.02,0.002,8.188638829393312,5.961447715759277,True,M8,0.16774446073090732,1.4063419115891238,23594502.020583633,1.5630652354615058,26223883.077428542,1.563065207044265,26223882.600666355
6,100663296,0.02,0.002,7.750701429788023,3.291060447692871,True,M8,0.30385333604178943,1.482530460788635,24872733.76723046,1.8683321150340795,31345411.4536636,1.8683320322664587,31345410.065053347
7,117440512,0.02,0.002,7.497258908348158,3.227562665939331,True,M8,0.30983122364186294,1.6668832257017894,27965659.924375672,2.1424338285261495,35944075.10689017,2.14243371503539,35944073.20283119
8,134217728,0.02,0.002,7.425168599002063,3.7120838165283203,True,M8,0.26939039634747275,1.965151919253285,32969778.22212692,2.387247903685126,40051373.72567256,2.387247799833277,40051371.98332765
9,150994944,0.02,0.002,7.319380022585392,2.868061065673828,True,M8,0.34866748944118753,2.0797830531903445,34892969.5165139,2.604776895463938,43700904.607007906,2.604776753848802,43700902.23110018
10,167772160,0.02,0.002,7.316045072861016,9.134589195251465,True,M8,0.10947398609297669,2.7567252265161732,46250174.577910766,2.7970975134237803,46927509.15577366,2.797097503983287,46927508.99738847
11,184549376,0.02,0.002,7.11600850452669,2.828972578048706,True,M8,0.35348509712478593,2.6392988819733407,44280087.43142524,2.9663143515129247,49766496.599232264,2.966314266484154,49766495.17268621
12,201326592,0.02,0.002,6.976661514258012,1.2715027332305908,True,M8,0.7864703609318049,1.9916934093023453,33415070.533641856,3.11451672173846,52252919.77621804,3.114516302840974,52252912.74828444
13,218103808,0.02,0.002,6.904596951790154,2.311962842941284,True,M8,0.43253271587837566,2.281592339858463,38278767.50975084,3.2437420734134847,54420961.41394589,3.2437417023523154,54420955.1885725
14,234881024,0.02,0.002,6.834125987952575,2.2638680934906006,True,M8,0.44172165381617806,2.5184896386998297,42253244.662229,3.3559481046927324,56303466.237220585,3.3559477718977,56303460.65384644
15,251658240,0.02,0.002,6.845542130060494,3.629094123840332,True,M8,0.27555078218555856,2.9784226215193748,49969639.6605168,3.452988326808064,57931531.00433748,3.4529881502074184,57931528.041470304
16,268435456,0.02,0.002,6.650888001080602,1.0678616762161255,True,M8,0.936449997057121,2.4081657307392823,40402316.62841078,3.536596936063549,59334250.701276354,3.5365963850915523,59334241.45750015
17,285212672,0.02,0.002,6.577518730657175,0.7428191900253296,False,M8,1.0,2.2321580563928247,37449397.8582426,3.8087987001969887,63901038.49372412,3.608375430343641,60538494.00396822
18,301989888,0.02,0.002,6.545084877405316,1.0893815755844116,True,M8,0.9179511609716529,2.315414618514222,38846211.184370704,3.7865603202092712,63527940.38918011,3.66979233434941,61568898.66852427
19,318767104,0.02,0.002,6.503960022935644,1.1777665615081787,True,M8,0.8490639687167644,2.496671770253916,41887201.57065232,3.781687195935441,63446182.930643216,3.7221772955251615,62447772.47732147
20,335544320,0.02,0.002,6.508955538505688,2.11779522895813,True,M8,0.4721889605460104,2.984347939330526,50069049.99730313,3.787713315640921,63547284.44258391,3.7667262356852413,63195179.6689582
21,352321536,0.02,0.002,6.4391716863028705,0.9965915083885193,False,M8,1.0,2.870840840903876,48164716.889465965,3.8029320541083362,63802612.505099244,3.8045060740157535,63829020.17707428
22,369098752,0.02,0.002,6.372310061473399,0.7858415842056274,False,M8,1.0,2.868696378095846,48128738.77373168,3.993325233096496,66996879.99391026,3.836461954361675,64365150.88410796
23,385875968,0.02,0.002,6.331940179923549,0.8556510210037231,False,M8,1.0,2.922815523840109,49036707.37161866,4.061515033170227,68140914.99874407,3.8634257716696356,64817528.67126816
24,402653184,0.02,0.002,6.320914233801886,1.0903724431991577,True,M8,0.917116980642887,3.064007088752201,51405508.753526844,3.9772539510947906,66727248.62437074,3.886125447038975,65198366.028069444
25,419430400,0.02,0.002,6.310949934180826,1.2849127054214478,True,M8,0.7782623811861382,3.2981036303364077,55332996.996538065,3.925988417668405,65867155.69672105,3.905194505310196,65518291.73760231
26,436207616,0.02,0.002,6.252600106410682,0.9478153586387634,False,M8,1.0,3.2993966640206147,55354690.50195328,3.940034270450363,66102806.002748154,3.9211816077514268,65786510.80847296
27,452984832,0.02,0.002,6.241124235326424,0.9770241379737854,False,M8,1.0,3.3317037041639646,55896712.69275893,3.927200875856281,65887497.36963001,3.934559781000031,66010959.310750216
28,469762048,0.02,0.002,6.167607738869265,0.5604615211486816,False,M8,1.0,3.380589756369165,56716884.54999286,4.29567647343878,72069492.06100067,3.9457351598150314,66198451.0550113
29,486539264,0.02,0.002,6.16442898940295,0.6458627581596375,False,M8,1.0,3.4372043157357823,57666719.24123142,4.470333838919412,74999756.40766019,3.955055124750116,66354814.11983964
30,503316480,0.02,0.002,6.144653762225062,0.7298769950866699,False,M8,1.0,3.496078349384105,58654461.6205406,4.483303652724164,75217353.77534229,3.9628157669705435,66485016.090670474
31,520093696,0.02,0.002,6.121768140932545,0.8721725344657898,False,M8,1.0,3.5538649732294476,59623960.29070466,4.319218980715172,72464469.79075828,3.969268652172975,66593277.539534874
32,536870912,0.02,0.002,6.075831818394363,0.7167128920555115,False,M8,1.0,3.608581739733764,60541955.30116914,4.3669253758624755,73264850.28672594,3.9746268853429223,66683173.77480544
33,553648128,0.02,0.002,6.061730155022815,0.7543558478355408,False,M8,1.0,3.6591356183058323,61390108.6416105,4.343790426819939,72876710.2494903,3.9790704994492683,66757725.248488255
34,570425344,0.02,0.002,6.0296177479904145,0.7168890237808228,False,M8,1.0,3.705015467104052,62159844.77494557,4.357082107484932,73099707.64700992,3.982751205659098,66819477.25160311
35,587202560,0.02,0.002,6.0005113740917295,0.5627838373184204,False,M8,1.0,3.7460880950371953,62848929.125467554,4.535318567360664,76090019.23342042,3.9857965516743112,66870569.67949508
36,603979776,0.02,0.002,5.977850376162678,0.5473703145980835,False,M8,1.0,3.7824607718922976,63459161.381563805,4.66526748362085,78270200.27048346,3.9883135395950697,66912797.72951104
37,620756992,0.02,0.002,5.955192569643259,0.6214876174926758,False,M8,1.0,3.8143876698601846,63994805.84498101,4.631962703937202,77711438.7878985,3.9903917563690516,66947664.421222955
38,637534208,0.02,0.002,5.927581936353818,0.7633771896362305,False,M8,1.0,3.842206058059751,64461520.95257698,4.399823036783121,73816781.44988637,3.992106069269759,66976425.81904971
39,654311424,0.02,0.002,5.912086928496137,0.6388036608695984,False,M8,1.0,3.86629301543009,64865633.03916195,4.394232021523236,73722979.77921198,3.993518936669197,67000129.80058944
40,671088640,0.02,0.002,5.881809097714722,0.5759748220443726,False,M8,1.0,3.887036468575335,65213650.43316561,4.45845502873883,74800463.04343756,3.9946823811840817,67019649.160519674
41,687865856,0.02,0.002,5.8598637990653515,0.5353190302848816,False,M8,1.0,3.904816298095766,65511946.47347306,4.542881293638005,76216900.72572424,3.995639668503851,67035709.77665751
42,704643072,0.02,0.002,5.82789472467266,0.5681459903717041,False,M8,1.0,3.9199925309705517,65766561.410479635,4.533957602236808,76067186.02756901,3.996426731167238,67048914.49696668
43,721420288,0.02,0.002,5.829887870233506,0.7286253571510315,False,M8,1.0,3.9328984992248057,65983087.6275704,4.283930326610948,71872424.41850242,3.997073372468533,67059763.33775303
44,738197504,0.02,0.002,5.8135501383803785,0.7341841459274292,False,M8,1.0,3.943837444072337,66166612.66808952,4.11358322479021,69014474.2962819,3.997604281701568,67068670.51663205
45,754974720,0.02,0.002,5.776372115127742,0.5746662020683289,False,M8,1.0,3.9530814692417358,66321701.67506596,4.20279660650848,70511226.47145978,3.9980398881916273,67075978.78080678
46,771751936,0.02,0.002,5.747437914600596,0.5483402013778687,False,M8,1.0,3.960872052889269,66452405.97968669,4.29117954776188,71994046.16758338,3.9983970780851807,67081971.432803944
47,788529152,0.02,0.002,5.724746982334182,0.5711920261383057,False,M8,1.0,3.9674215501263603,66562288.309524775,4.308257070856284,72280559.46128318,3.998689794696394,67086882.40261706
48,805306368,0.02,0.002,5.713257980067283,0.6832058429718018,False,M8,1.0,3.972915281443723,66654457.82648213,4.154394780459769,69699178.58104612,3.998929540358424,67090904.667374
49,822083584,0.02,0.002,5.695372077636421,0.6745457649230957,False,M8,1.0,3.977513922390303,66731610.21894935,4.064115148783606,68184537.7000147,3.9991257951918846,67094197.27710601
50,838860800,0.02,0.002,5.648394118761644,0.5357857346534729,False,M8,1.0,3.9813559981328486,66796069.5535704,4.1851678428918335,70215464.89645036,3.9992863659683238,67096891.20770562
51,855638016,0.02,0.002,5.636439088266343,0.41953542828559875,False,M8,1.0,3.984560351155625,66849829.67637377,4.432215271218166,74360232.96372576,3.999417676292416,67099094.22937594
52,872415232,0.02,0.002,5.598086323821917,0.4541691839694977,False,M8,1.0,3.9872284973509773,66894593.741412774,4.540085781144705,76169999.80879344,3.999525007629106,67100894.95039516
53,889192448,0.02,0.002,5.585574659286067,0.5661287307739258,False,M8,1.0,3.98944681955485,66931811.01218474,4.411271993365984,74008863.06745169,3.9996126992359056,67102366.17142382
54,905969664,0.02,0.002,5.559384795371443,0.6307788491249084,False,M8,1.0,3.991288571542561,66962710.483100995,4.215117145367505,70717930.81313403,3.999684313800835,67103567.66444839
55,922746880,0.02,0.002,5.53537435317412,0.6426636576652527,False,M8,1.0,3.992815682146458,66988331.14755847,4.069487194526501,68274665.67180513,3.9997427745088383,67104548.472374074
56,939524096,0.02,0.002,5.517191996215843,0.5451563000679016,False,M8,1.0,3.994080360402879,67009548.92783695,4.1117357892959925,68983479.47194935,3.9997904783413603,67105348.80987632
57,956301312,0.02,0.002,5.486871445085853,0.5281230211257935,False,M8,1.0,3.9951265099308055,67027100.40443527,4.160018237539223,69793524.53513485,3.9998293896342028,67106001.63304118
58,973078528,0.02,0.002,5.443049774738029,0.5361064672470093,False,M8,1.0,3.995990965183638,67041603.55693437,4.173939139706995,70027078.51771843,3.9998611172590524,67106533.93425645
59,989855744,0.02,0.002,5.435964314267039,0.6020649075508118,False,M8,1.0,3.9967045646219836,67053575.76884898,4.07954347667008,68443382.0894849,3.9998869782373565,67106967.80947543
60,1006632960,0.02,0.002,5.405695114750415,0.5971934199333191,False,M8,1.0,3.9972930768444357,67063449.365523696,4.024160559383385,67514210.92345588,3.999908050126637,67107321.33711342
61,1023410176,0.02,0.002,5.388767772121355,0.5535469651222229,False,M8,1.0,3.9977779957407167,67071584.954589084,4.049350103660884,67936821.34874104,3.99992521412592,67107609.30123681
62,1040187392,0.02,0.002,5.364767460618168,0.5283777713775635,False,M8,1.0,3.9981772201317876,67078282.82843055,4.100152280859804,68789140.4488776,3.9999391905172983,67107843.786173865
63,1056964608,0.02,0.002,5.346849169349298,0.5410873889923096,False,M8,1.0,3.998505632376545,67083792.67159789,4.110929398454705,68969950.47862466,3.9999505677850493,67108034.665052414
64,1073741824,0.02,0.002,5.3272098179440945,0.5788359045982361,False,M8,1.0,3.9987755892273364,67088321.7959943,4.058342866755506,68087694.87761635,3.9999598265236775,67108190.00091027
65,1090519040,0.02,0.002,5.299240850144997,0.5677280426025391,False,M8,1.0,3.9989973369272094,67092042.10505257,4.038613142874623,67756685.03844641,3.9999673590545863,67108316.37580835
66,1107296256,0.02,0.002,5.275955501710996,0.5288196206092834,False,M8,1.0,3.9991793612426942,67095095.96631071,4.080766846966616,68463906.83719786,3.99997348551162,67108419.16070132
67,1124073472,0.02,0.002,5.255720257991925,0.4577733874320984,False,M8,1.0,3.9993286818705767,67097601.15073795,4.213950268226276,70698353.86329018,3.999978467023288,67108502.73659858
68,1140850688,0.02,0.002,5.243385990848765,0.4369238317012787,False,M8,1.0,3.999451099478866,67099654.977394424,4.332156060862214,72681517.97879452,3.9999825165095846,67108570.67570487
69,1157627904,0.02,0.002,5.208962491946295,0.476093053817749,False,M8,1.0,3.999551402559415,67101337.78384226,4.333837576343613,72709729.12723328,3.9999858075202757,67108625.88970209
70,1174405120,0.02,0.002,5.207060783635825,0.522097647190094,False,M8,1.0,3.999633540290854,67102715.82630436,4.24449956541231,71210886.02082846,3.9999884814662057,67108670.75107053
71,1191182336,0.02,0.002,5.188844785327092,0.6489169597625732,False,M8,1.0,3.9997007667368902,67103843.69891042,3.9812487517789563,66794270.258325934,3.9999906535328855,67108707.19230238
72,1207959552,0.02,0.002,5.17324672662653,0.7062088847160339,False,M8,1.0,3.999755760933518,67104766.34842599,3.75186642351813,62945873.39051115,3.9999924175142034,67108736.786997974
73,1224736768,0.02,0.002,5.155716460198164,0.7039186358451843,False,M8,1.0,3.9998007267430875,67105520.749525756,3.6343089272155735,60973585.882623956,3.9999938497616503,67108760.816122755
74,1241513984,0.02,0.002,5.145015680231154,0.573782205581665,False,M8,1.0,3.9998374757659696,67106137.29582044,3.738462932253633,62721000.12241257,3.999995012409532,67108780.322117396
75,1258291200,0.02,0.002,5.138042722595856,0.6218316555023193,False,M8,1.0,3.9998674960932563,67106640.95333572,3.755114690096706,63000370.260525495,3.9999959560077833,67108796.15306908
76,1275068416,0.02,0.002,5.120883526979014,0.6164894104003906,False,M8,1.0,3.999892009248044,67107052.21582843,3.7823739074829983,63457704.03860628,3.999996721670345,67108808.99875526
77,1291845632,0.02,0.002,5.102333226939663,0.5409433245658875,False,M8,1.0,3.9999120172900224,67107387.89507044,3.905975135858683,65531388.54493047,3.999997342827567,67108819.42004414
78,1308622848,0.02,0.002,5.1077248750953,0.5283067226409912,False,M8,1.0,3.9999283417406017,67107661.77390389,4.009070430968802,67261040.57957669,3.9999978466550816,67108827.87286718
79,1325400064,0.02,0.002,5.082365241833031,0.5731374621391296,False,M8,1.0,3.9999416557162846,67107885.14534974,4.013950097146618,67342907.7930498,3.999998255238487,67108834.72775923
80,1342177280,0.02,0.002,5.064869346329942,0.5647140145301819,False,M8,1.0,3.9999525104300684,67108067.25722751,4.028304955844326,67583742.35807072,3.999998586522325,67108840.28577974
81,1358954496,0.02,0.002,5.039563656901009,0.6100130677223206,False,M8,1.0,3.9999613570283796,67108215.67851824,3.9735725091518,66665484.27770173,3.999998855083087,67108844.79148165
82,1375731712,0.02,0.002,5.040973750408739,0.5927181243896484,False,M8,1.0,3.9999685645693095,67108336.60098925,3.9637481700096218,66500659.21785615,3.9999990727586514,67108848.44347161
83,1392508928,0.02,0.002,5.025324413785711,0.6434953808784485,False,M8,1.0,3.9999744348121746,67108435.08732177,3.8914877270846544,65288330.1586483,3.9999992491606666,67108851.40300632
84,1409286144,0.019139501788825494,0.0019139501788825496,5.020757570513524,0.6148927211761475,False,M8,1.0,3.9999792143747577,67108515.275075614,3.888241184082407,65233862.2054463,3.9999993920915284,67108853.800988264
85,1426063360,0.01696045964170291,0.001696045964170291,4.99646945646964,0.5166856050491333,False,M8,1.0,3.9999831047195835,67108580.54423107,4.021824441616359,67475017.37107705,3.9999995078836195,67108855.74365719
86,1442840576,0.014781417494580324,0.0014781417494580326,4.95869203703478,0.4113922119140625,False,M8,1.0,3.9999862703513345,67108633.654718734,4.26878428511932,71618316.00885242,3.999999601675213,67108857.31721901
87,1459617792,0.01260237534745774,0.0012602375347457741,4.932265528244898,0.31770050525665283,False,M8,1.0,3.9999888455415,67108676.85924038,4.602550000592503,77217975.51074055,3.999999677634824,67108858.59160981
88,1476395008,0.010423333200335156,0.0010423333200335156,4.92577906884253,0.2772575318813324,False,M8,1.0,3.999990939841481,67108711.99576353,4.923411768783084,82601142.70181586,3.9999997391435818,67108859.623555526
89,1493172224,0.00824429105321257,0.0008244291053212571,4.914832991547883,0.23789620399475098,False,M8,1.0,3.999992642599767,67108740.56330709,5.241897246843265,87944442.36009477,3.9999997889434447,67108860.45905858
90,1509949440,0.0060652489060899865,0.0006065248906089987,4.896655120421201,0.17004720866680145,False,M8,1.0,3.9999940266610507,67108763.78400221,5.660042124443106,94959749.29088087,3.9999998292576184,67108861.135418184
91,1526726656,0.003886206758967402,0.0003886206758967402,4.8874359944602475,0.15285134315490723,False,M8,1.0,3.999995151393813,67108782.6538867,6.028611936679974,101143324.64185825,3.999999861888385,67108861.6828716
92,1539870720,0.0017071646118448178,0.00017071646118448178,4.884879357497539,0.11747514456510544,False,M8,1.0,3.9999960651670166,64202276.42511069,6.441870082900725,104746785.9055819,3.9999998882965397,64202340.52680917
1,16777216,0.006666666666666666,0.0006666666666666666,10.919343697372824,8.22789478302002,True,MC9,0.012153775720685584,0.0,0.0,0.0,0.0,0.0,0.0
2,33554432,0.013333333333333332,0.0013333333333333333,10.33529266063124,6.308577537536621,True,MC9,0.015851431412796217,0.40830413360942613,6850206.643258202,0.47368421974484926,7947102.470450801,0.4736842105263158,7947102.315789474
3,50331648,0.02,0.002,9.575133942067623,5.7814459800720215,True,MC9,0.01729670795990838,0.820029226444114,13757807.458365813,0.9298893156791058,15600953.905240545,0.929889298892989,15600953.623616237
4,67108864,0.02,0.002,8.738377258647233,3.799363851547241,True,MC9,0.026320188743988702,1.0666752089430678,17895840.38228298,1.3687118906821831,22963175.031743374,1.3687118348357084,22963174.094795004
5,83886080,0.02,0.002,8.189875212265179,5.1017889976501465,True,MC9,0.019600963592397845,1.5394173725667861,25827137.773705445,1.7902859985691415,30036014.899770178,1.7902859515030158,30036014.11013162
6,100663296,0.02,0.002,7.764560417737812,3.25125789642334,True,MC9,0.03075731683810492,1.7576074064466825,29487759.101155784,2.1947823938402093,36822338.29445426,2.194782300628096,36822336.730614506
7,117440512,0.02,0.002,7.513867922127247,3.4375343322753906,True,MC9,0.029090610083651852,2.083507745525653,34955459.48435692,2.582406850507375,43325597.53084194,2.5824067367052264,43325595.62155871
8,134217728,0.02,0.002,7.427917186403647,3.2326695919036865,True,MC9,0.030934175678292982,2.3924951707870417,40139408.25925109,2.9533988858233178,49549811.04161714,2.9533987498770706,49549808.76081759
9,150994944,0.02,0.002,7.353896262124181,2.9193058013916016,True,MC9,0.034254707299805245,2.659263145291049,44615032.189387314,3.308029838467999,55499531.13442273,3.3080296706169134,55499528.31834881
10,167772160,0.02,0.002,7.209059637971222,4.630122184753418,True,MC9,0.021597697514677595,3.1780595128635016,53318990.908165745,3.646600790271223,61179809.12415101,3.6466006721237054,61179807.141964585
11,184549376,0.02,0.002,7.0944936878513545,2.2142274379730225,True,MC9,0.04516245852733392,3.2002629075015925,53691502.05594224,3.9694408149010907,66596165.95081162,3.969440598586175,66596162.32164955
12,201326592,0.02,0.002,6.976985973306,1.909633994102478,True,MC9,0.05236602822467634,3.227219940602492,54143766.02299518,4.276903979748496,71754541.87950014,4.276903649083571,71754536.33186327
13,218103808,0.02,0.002,6.881311692995951,1.7211096286773682,True,MC9,0.058102017577363746,3.2881360509877933,55165768.76480922,4.56936739716583,76661263.80560891,4.569366947863126,76661256.26756041
14,234881024,0.02,0.002,6.8825340799521655,2.4226396083831787,True,MC9,0.04127727391919595,3.648364340737854,61209396.591256574,4.8472284621458535,81322998.9107688,4.847228032075593,81322991.69538715
15,251658240,0.02,0.002,6.748522891430184,1.3759827613830566,True,MC9,0.07267527626887543,3.5981669009878403,60367223.30192361,5.110902900557882,85746721.9176861,5.110902287785767,85746711.63707598
16,268435456,0.02,0.002,6.652711600530893,0.9018095135688782,True,MC9,0.11088803966617565,3.3247188669634307,55779526.57032074,5.360821364916739,89939657.97662295,5.360820364245987,89939641.1881536
17,285212672,0.02,0.002,6.583684728248045,0.7742806673049927,True,MC9,0.12915196655509809,3.1836814009101,53413310.53825135,5.597427013115872,93909242.04327981,5.597425595082192,93909218.25262247
18,301989888,0.02,0.002,6.547194513259456,0.9347971677780151,True,MC9,0.10697496363059499,3.3662868184593955,56476921.071246065,5.821173034761455,97663077.37756844,5.821171453259276,97663050.84436478
19,318767104,0.02,0.002,6.520652760285884,1.3948832750320435,True,MC9,0.07169053504291802,3.8117451645977387,63950471.963411815,6.032520513881343,101208899.68581828,6.032519064538283,101208875.36987671
20,335544320,0.02,0.002,6.472334712743759,0.9953904747962952,True,MC9,0.10046298620396041,4.017309158433778,67399263.48982172,6.231936335764244,104554542.00336525,6.231934801689436,104554516.26586083
21,352321536,0.02,0.002,6.438541753683239,1.078006625175476,True,MC9,0.09276372231942441,4.290538080138227,71983284.12670435,6.4198895102377165,107707873.00939238,6.419887979061036,107707847.32051048
22,369098752,0.02,0.002,6.388512378092855,0.624565839767456,True,MC9,0.16011096592517277,4.140359601135897,69463707.34593078,6.596850671056026,110676788.62805189,6.596848664302163,110676754.96030888
23,385875968,0.02,0.002,6.341190135804936,0.6888667345046997,True,MC9,0.14516574806904062,4.216827845837468,70746631.6044299,6.763287878774415,113469141.61238018,6.763285621170933,113469103.73607892
24,402653184,0.02,0.002,6.314333922462538,0.537533700466156,True,MC9,0.1860345014252641,4.154099908683391,69694231.45356153,6.919667139003188,116092750.23915851,6.919664394497992,116092704.19400202
25,419430400,0.02,0.002,6.29472771123983,0.7902372479438782,True,MC9,0.1265441153477323,4.466427182556881,74934213.59002823,7.066448202284238,118555327.84253435,7.066445545578164,118555283.2704027
26,436207616,0.02,0.002,6.263395601883531,0.6488608121871948,True,MC9,0.15411601996258378,4.6304156541517845,77685483.59948578,7.204085816263797,120864503.82199404,7.204083043584557,120864457.30415553
27,452984832,0.02,0.002,6.237610204843804,0.7425270080566406,True,MC9,0.13467505456356055,4.902438545393498,82249270.40279253,7.333025504144542,123027752.81654188,7.333022816083083,123027707.71835415
28,469762048,0.02,0.002,6.199020392028615,0.7457030415534973,True,MC9,0.13410145906098853,5.1637724048276485,86633725.0106329,7.453704048717862,125052402.82541409,7.453701459406041,125052359.38397038
29,486539264,0.02,0.002,6.184394009178504,0.7493044137954712,True,MC9,0.13345692978977433,5.414499310531274,90840224.46463425,7.566547586982814,126945603.24108946,7.566545107547085,126945561.64306067
30,503316480,0.02,0.002,6.155483020935208,0.6528548002243042,True,MC9,0.15317318152897258,5.553574472220956,93173518.49253698,7.671970981023035,128714314.29435536,7.671968456383594,128714271.93793413
31,520093696,0.02,0.002,6.128766478504986,0.7347609400749207,True,MC9,0.13609850285631753,5.78679780611369,97086356.7414955,7.770376337289728,130365282.21199863,7.770373938425486,130365241.96573508
32,536870912,0.02,0.002,6.083722040057182,0.4823041558265686,True,MC9,0.20733761352524058,5.6648744770274435,95040822.71397646,7.862153895838514,131905054.13572425,7.862151041933917,131905006.25515038
33,553648128,0.02,0.002,6.074856057297438,0.6298366189002991,True,MC9,0.1587710816235472,5.843034078403977,98029844.82874446,7.947678563468403,133339919.95787911,7.94767576714461,133339873.04335083
34,570425344,0.02,0.002,6.04860519990325,0.6065355539321899,True,MC9,0.16487052487059153,5.990713164776375,100507488.75949684,8.027312984425011,134675963.83930305,8.027310211459948,134675917.31666923
35,587202560,0.02,0.002,6.026108955498785,0.5489725470542908,True,MC9,0.1821581395617055,6.063571686986912,101729851.92406382,8.10140514562197,135919024.03161123,8.101402274826953,135918975.86766315
36,603979776,0.02,0.002,5.9945775447413325,0.5068285465240479,True,MC9,0.19730499274523894,6.091311850893153,102195254.64579423,8.170288524855328,137074695.3638192,8.170285476079062,137074644.21384126
37,620756992,0.02,0.002,5.9746838877908885,0.5252010822296143,True,MC9,0.19040290087098471,6.179318732032668,103671765.10015818,8.234281976104851,138148327.31801793,8.234278870768124,138148275.2191129
38,637534208,0.02,0.002,5.932829265948385,0.4717880189418793,True,MC9,0.2119591511991491,6.194008729615644,103918222.36264725,8.293690363972283,139145034.6734816,8.293687060929715,139144979.257623
39,654311424,0.02,0.002,5.936397973913699,0.5796911716461182,True,MC9,0.17250534834037143,6.399752355048098,107370027.60715063,8.348803383478774,140069677.70615423,8.348800287287728,140069625.76068828
40,671088640,0.02,0.002,5.910297257592902,0.575528085231781,True,MC9,0.17375316481134453,6.585988548980953,110494552.45978002,8.399897503528958,140926894.7945661,8.399894594592771,140926845.99071535
41,687865856,0.02,0.002,5.886302647879347,0.45730850100517273,True,MC9,0.21867028736599306,6.574908703477567,110308663.49852309,8.447235174333377,141721089.12258872,8.447232061082033,141721036.89089847
42,704643072,0.02,0.002,5.852523335837759,0.44580206274986267,True,MC9,0.22431429560659924,6.575932217957583,110325835.22203346,8.491064380349796,142456421.17903468,8.491061083426727,142456365.86584422
43,721420288,0.02,0.002,5.835607067449018,0.3869401812553406,True,MC9,0.2584372117632279,6.481672242459565,108744415.2529485,8.531620416797146,143136838.56261575,8.531616708978138,143136776.35573536
44,738197504,0.02,0.002,5.82194986846298,0.4879571199417114,True,MC9,0.20493562031910734,6.637020836167056,111350732.16487531,8.569124549232669,143766053.49337912,8.5691210076182,143765994.0749482
45,754974720,0.02,0.002,5.794526593061164,0.46930351853370667,True,MC9,0.21308126397853497,6.755878684459261,113344835.95896886,8.603786918842125,144347591.5553888,8.603783476049944,144347533.79492074
46,771751936,0.02,0.002,5.764379146276042,0.44172605872154236,True,MC9,0.22638413931313728,6.826150335904459,114523798.63394167,8.635804912535292,144884764.3514657,8.63580146791353,144884706.56030238
47,788529152,0.02,0.002,5.748271251795813,0.6129435896873474,True,MC9,0.1631468842085845,7.140728602086203,119801546.15457828,8.66536350400362,145380675.2251856,8.665360643673424,145380627.23680806
48,805306368,0.02,0.002,5.7205722741782665,0.3965747356414795,True,MC9,0.2521586446489103,7.076402356920228,118722330.84495977,8.6926385719603,145838274.9317095,8.692635434781238,145838222.29857874
49,822083584,0.02,0.002,5.696279525756836,0.4390500783920288,True,MC9,0.22776393208334178,7.139588592687018,119782419.97064613,8.7177926339538,146260290.06305185,8.717789517168503,146260237.7720717
50,838860800,0.02,0.002,5.661699439398944,0.45048725605010986,True,MC9,0.22198136945189656,7.231268597679975,121320555.21729404,8.740979308343148,146649297.9076036,8.740976289657524,146649247.26246285
51,855638016,0.02,0.002,5.657302454812452,0.49148157238960266,True,MC9,0.20346601409241652,7.391253035415911,124004648.68582839,8.762342099741968,147007706.07326454,8.762339353390583,147007659.99713415
52,872415232,0.02,0.002,5.615153192076832,0.44925758242607117,True,MC9,0.2225889585903587,7.465208769771936,125245420.01555803,8.782015655953655,147337773.57531616,8.782012988864336,147337728.82898256
53,889192448,0.02,0.002,5.594086799537763,0.4576074481010437,True,MC9,0.21852743413058492,7.55563909206034,126762589.06554021,8.800125168191645,147641600.77378756,8.800122627614016,147641558.1499679
54,905969664,0.02,0.002,5.565989543450996,0.3958304226398468,True,MC9,0.25263279840970715,7.51800933441277,126131266.49345927,8.816788030619488,147921157.21591777,8.81678531601892,147921111.6724777
55,922746880,0.02,0.002,5.535063752206042,0.38526424765586853,True,MC9,0.25956143360566813,7.482100741976406,125528820.28189842,8.832113059231535,148178268.53114825,8.832110169095703,148178220.04271513
56,939524096,0.02,0.002,5.525028389529325,0.4358364939689636,True,MC9,0.22944331633643503,7.57704388331181,127121701.87180103,8.846201549098033,148414634.1687523,8.846198812508355,148414588.25639617
57,956301312,0.02,0.002,5.496315164025873,0.4672585725784302,True,MC9,0.21401380703273848,7.722996179237033,129570375.06623442,8.859148259321474,148631843.92266038,8.85914581135404,148631802.85258198
58,973078528,0.02,0.002,5.450154397403821,0.4409189820289612,True,MC9,0.22679852144562515,7.80758325770118,130989510.75243635,8.871041388005983,148831377.51151618,8.871039084582312,148831338.86647972
59,989855744,0.02,0.002,5.441435331944376,0.44383183121681213,True,MC9,0.22531005587360448,7.893248972911641,132426742.96031675,8.88196245433326,149014602.60023925,8.881960304173168,149014566.52653894
60,1006632960,0.02,0.002,5.407903723418713,0.409915030002594,True,MC9,0.2439524016647195,7.905877972569259,132638622.41543654,8.891987449096169,149182794.10277542,8.891985278437947,149182757.68517357
61,1023410176,0.02,0.002,5.392693096539006,0.4297020733356476,True,MC9,0.23271883820548916,7.968179983458861,133683876.70936574,8.901186384554343,149337126.62992728,8.901184319017831,149337091.97597507
62,1040187392,0.02,0.002,5.372475795680657,0.43917644023895264,True,MC9,0.22769839895599117,8.047072927729172,135007480.6762647,8.90962450635319,149478694.82198083,8.909622591339561,149478662.69338354
63,1056964608,0.02,0.002,5.346915608737618,0.35493770241737366,True,MC9,0.28173878846947964,7.927649502728751,133003888.07957284,8.91736270496758,149608520.25158536,8.917360448448472,149608482.39347687
64,1073741824,0.02,0.002,5.3234497604426,0.39880964159965515,True,MC9,0.2507455658627703,7.954372754699356,133452229.8501061,8.924455982134361,149727525.69476032,8.92445374827728,149727488.21685755
65,1090519040,0.02,0.002,5.296417355071753,0.4028453230857849,True,MC9,0.2482336173109499,7.995561724673834,134143266.09618545,8.93095632532097,149836583.3564762,8.930954154526608,149836546.93659028
66,1107296256,0.02,0.002,5.275224747834727,0.4185554087162018,True,MC9,0.2389164230138549,8.071320485199953,135414287.18542442,8.936911436161392,149936493.53734988,8.93690942143253,149936459.73580858
67,1124073472,0.02,0.002,5.255168496631086,0.3541821539402008,True,MC9,0.2823397976090182,7.992994316719715,134100192.13837907,8.942365919625418,150028004.58459428,8.9423636627783,150027966.7209827
68,1140850688,0.02,0.002,5.249295505229384,0.4298289120197296,True,MC9,0.23265016510858816,8.110309202786981,136068409.32194498,8.947359591164743,150111784.49064258,8.947357605574803,150111751.17797127
69,1157627904,0.02,0.002,5.210628517204896,0.38824138045310974,True,MC9,0.25757105621311116,8.128830791373474,136379150.0143237,8.951930798153994,150188476.61768195,8.951928828887503,150188443.57887268
70,1174405120,0.02,0.002,5.209301671711728,0.4362015426158905,True,MC9,0.22925130009628947,8.249874617025784,138409928.42275885,8.956113670940162,150258653.57791603,8.95611198832934,150258625.34839082
71,1191182336,0.02,0.002,5.178851230069995,0.4144842028617859,True,MC9,0.24126313631839344,8.313842967111102,139483139.24930385,8.95994056804222,150322858.25720704,8.959939026769872,150322832.39894792
72,1207959552,0.02,0.002,5.155732187675312,0.39483606815338135,True,MC9,0.25326902681070784,8.330562083074101,139763639.46914414,8.963440890890942,150381583.92970976,8.96343937183271,150381558.4441417
73,1224736768,0.02,0.002,5.145163343753666,0.5272065997123718,True,MC9,0.18967860109481902,8.577065705540154,143899283.98803955,8.96664103621744,150435273.45908383,8.966640120766986,150435258.1003738
74,1241513984,0.02,0.002,5.146781225223094,0.5012361407279968,True,MC9,0.19950636510047917,8.751152304609091,146819972.46332452,8.969566718777632,150484358.26734358,8.96956621328529,150484349.78658938
75,1258291200,0.02,0.002,5.126326844329014,0.4962792694568634,True,MC9,0.20149904429898355,8.890727231832754,149161651.1655402,8.97224077917286,150529221.55619138,8.972240592961413,150529218.4320817
76,1275068416,0.02,0.002,5.108989950967953,0.4308795928955078,True,MC9,0.23208285926270728,8.887157486947478,149101760.78453502,8.97468455804473,150570221.36218098,8.974684357777097,150570218.00224763
77,1291845632,0.02,0.002,5.090225875610486,0.4236510396003723,True,MC9,0.23604276777312164,8.870084300524077,148815320.24810135,8.976917145612518,150607677.96604466,8.97691690039871,150607673.85203964
78,1308622848,0.02,0.002,5.096266642212868,0.40142783522605896,True,MC9,0.24911015658276375,8.807656669477954,147767958.39767224,8.97895643529279,150641891.56949717,8.97895603875292,150641884.9166621
79,1325400064,0.02,0.002,5.074561097659171,0.5385799407958984,True,MC9,0.1856731132227276,9.004919445167623,151077478.59417737,8.980818082768543,150673124.83131373,8.980818137456023,150673125.74881738
80,1342177280,0.02,0.002,5.057558558648452,0.42205408215522766,True,MC9,0.23693589824662034,8.964574919671751,150400609.77551562,8.982518261529272,150701649.09762108,8.982518220634715,150701648.41152427
81,1358954496,0.02,0.002,5.02485460601747,0.4475836753845215,True,MC9,0.22342141163365273,8.985619265610566,150753675.31290984,8.984070073133841,150727684.17610225,8.98407007665764,150727684.23522177
82,1375731712,0.02,0.002,5.033463188214228,0.5048452615737915,True,MC9,0.19808010400683806,9.104501480238913,152748187.90628797,8.985486088061624,150751440.96440488,8.985486355277267,150751445.44753945
83,1392508928,0.02,0.002,5.010981305968016,0.4553734362125397,True,MC9,0.2195995032828905,9.113874818952294,152905446.43452352,8.986778372927292,150773121.90672973,8.986778657660956,150773126.6837679
84,1409286144,0.019139501788825494,0.0019139501788825496,4.998742830823176,0.44951242208480835,True,MC9,0.22246276771048965,9.108713774572186,152818858.47817287,8.98795734942791,150792901.85013953,8.987957619768812,150792906.38570723
85,1426063360,0.01696045964170291,0.001696045964170291,4.993756230454892,0.4981691241264343,True,MC9,0.20073463894559093,9.192735227697456,154228504.5458894,8.989032538193173,150810940.52429512,8.989032989514348,150810948.09620795
86,1442840576,0.014781417494580324,0.0014781417494580326,4.955303169088438,0.3717591464519501,True,MC9,0.2689906407515497,8.981052354524383,150677055.25916415,8.990013718402123,150827401.9965956,8.990013698122334,150827401.6563572
87,1459617792,0.01260237534745774,0.0012602375347457741,4.930045018205419,0.38299667835235596,True,MC9,0.26109818845429267,8.846802486315882,148424716.2222586,8.990908257206481,150842409.8673367,8.990907926076721,150842404.31190118
88,1476395008,0.010423333200335156,0.0010423333200335156,4.924678706098348,0.2536478042602539,True,MC9,0.3942458955863872,8.270056625292957,138748526.334771,8.991724940996606,150856111.54768732,8.99172316403031,150856081.73513994
89,1493172224,0.00824429105321257,0.0008244291053212571,4.909724571276456,0.20287810266017914,True,MC9,0.4929043883218431,7.583219678392989,127225314.5198497,8.992470086683888,150868613.0178343,8.992466269026968,150868548.96817955
90,1509949440,0.0060652489060899865,0.0006065248906089987,4.894215655978769,0.19051916897296906,True,MC9,0.5248788122489434,7.0626329319594685,118491318.2281973,8.993149236480392,150880007.2606666,8.993143516367134,150879911.29309094
91,1526726656,0.003886206758967402,0.0003886206758967402,4.884392157429829,0.11877048760652542,True,MC9,0.8419529132386308,6.127771770870366,102806950.59859464,8.993770703321413,150890433.74409527,8.993760647427447,150890265.03419012
92,1539870720,0.0017071646118448178,0.00017071646118448178,4.881104372490526,0.0946464091539383,False,MC9,1.0,5.4133768635102975,88062098.49392116,9.042743094801654,148424640.2903456,8.994322913726668,147629883.91659966
1,16777216,0.006666666666666666,0.0006666666666666666,10.919343697372824,8.227890968322754,True,MC8,0.012153781355540197,0.0,0.0,0.0,0.0,0.0,0.0
2,33554432,0.013333333333333332,0.0013333333333333333,10.335306824650615,6.309835910797119,True,MC8,0.01584827015558585,0.3802320137939681,6379234.625536382,0.4444444535666403,7456540.597489495,0.4444444444444445,7456540.444444445
3,50331648,0.02,0.002,9.575449548661709,5.837404251098633,True,MC8,0.017130899037920904,0.7511840192028747,12602776.545914777,0.8524590319947486,14301889.310926808,0.8524590163934426,14301889.049180327
4,67108864,0.02,0.002,8.738042844925076,3.908231019973755,True,MC8,0.025587017221324424,0.9461229939318645,15873309.83176158,1.224932301889538,20550953.814177986,1.2249322493224934,20550952.932249326
5,83886080,0.02,0.002,8.20741173159331,5.728539943695068,True,MC8,0.017456451997617604,1.3980249347711156,23454966.304040916,1.563065237474967,26223883.111208815,1.563065207044265,26223882.600666355
6,100663296,0.02,0.002,7.771583117777482,3.3139052391052246,True,MC8,0.030175868834176982,1.4907919431235346,25011338.440843254,1.8683321138901428,31345411.434471525,1.8683320322664587,31345410.065053347
7,117440512,0.02,0.002,7.510698496364057,3.2813398838043213,True,MC8,0.030475346372444544,1.6857014719127859,28281377.70579874,2.142433824016081,35944075.03122378,2.14243371503539,35944073.20283119
8,134217728,0.02,0.002,7.43201999203302,3.216308832168579,True,MC8,0.031091531978613998,1.9017820012701165,31906607.42022102,2.387247924105742,40051374.06827364,2.387247799833277,40051371.98332765
9,150994944,0.02,0.002,7.310420667985454,2.8057384490966797,True,MC8,0.03564122820891136,2.046032304974735,34326725.923539005,2.6047769098418843,43700904.84822982,2.604776753848802,43700902.23110018
10,167772160,0.02,0.002,7.341454460984096,9.599434852600098,True,MC8,0.01041727884174715,2.749761634714112,46133344.89411175,2.7970975153425757,46927509.187965706,2.797097503983287,46927508.99738847
11,184549376,0.02,0.002,7.123623895924538,2.682887077331543,True,MC8,0.03727326564418673,2.613041358009019,43839559.28025064,2.9663143615214174,49766496.76714691,2.966314266484154,49766495.17268621
12,201326592,0.02,0.002,6.982109123142436,1.4125652313232422,True,MC8,0.07079314072680581,2.1009674521911506,35248384.754380606,3.114516671042354,52252918.92567852,3.114516302840974,52252912.74828444
13,218103808,0.02,0.002,6.936464790720493,2.6798508167266846,True,MC8,0.03731549609416292,2.4307104418068723,40780554.11564933,3.2437419994090684,54420960.17235781,3.2437417023523154,54420955.1885725
14,234881024,0.02,0.002,6.877604252193123,2.216308116912842,True,MC8,0.04512005984945492,2.5859189574346084,43384520.90737523,3.3559480670693045,56303465.60600421,3.3559477718977,56303460.65384644
15,251658240,0.02,0.002,6.863427964039147,3.2582035064697266,True,MC8,0.030691750564285566,2.9650978207150436,49746086.59926556,3.452988329500557,57931531.04951002,3.4529881502074184,57931528.041470304
16,268435456,0.02,0.002,6.661342989420518,0.8036896586418152,True,MC8,0.12442598271453532,2.1120885794457136,35434966.3084939,3.5365971656080912,59334254.55239472,3.5365963850915523,59334241.45750015
17,285212672,0.02,0.002,6.631470651365817,1.2631778717041016,True,MC8,0.07916535198621096,2.268831489991208,38064675.97518434,3.608376231109495,60538507.438589916,3.608375430343641,60538494.00396822
18,301989888,0.02,0.002,6.584291467675939,1.4366475343704224,True,MC8,0.0696064469545592,2.5187380250519005,42257411.893709145,3.6697930454770784,61568910.59926677,3.66979233434941,61568898.66852427
19,318767104,0.02,0.002,6.543491766555235,1.2480759620666504,True,MC8,0.08012326406090634,2.645322881426268,44381153.37143089,3.7221780008943792,62447784.31145319,3.7221772955251615,62447772.47732147
20,335544320,0.02,0.002,6.486698317807168,1.250634789466858,True,MC8,0.07995933016008577,2.7834583058078928,46698681.22353307,3.766726908513847,63195190.95714905,3.7667262356852413,63195179.6689582
21,352321536,0.02,0.002,6.441743947332725,0.9343493580818176,True,MC8,0.10702623393359194,2.7110296574001005,45483530.144607484,3.8045069074566027,63829034.159891434,3.8045060740157535,63829020.17707428
22,369098752,0.02,0.002,6.413490081205964,1.0481935739517212,True,MC8,0.09540213476110392,2.820289538625937,47316606.77206769,3.836462768157876,64365164.53734261,3.836461954361675,64365150.88410796
23,385875968,0.02,0.002,6.356472620042041,0.9699587225914001,True,MC8,0.1030970644150401,2.8849112826635777,48400779.7300839,3.8634266006116476,64817542.57860734,3.8634257716696356,64817528.67126816
24,402653184,0.02,0.002,6.345619593048468,0.9500404000282288,True,MC8,0.1052585708338907,2.959993822215306,49660455.713971786,3.886126269839286,65198379.83236799,3.886125447038975,65198366.028069444
25,419430400,0.02,0.002,6.299756041262299,0.8384877443313599,True,MC8,0.11926218530189513,2.9614251452051077,49684469.328937456,3.905195401416307,65518306.771768086,3.905194505310196,65518291.73760231
26,436207616,0.02,0.002,6.300788710126653,1.205076813697815,True,MC8,0.08298219323542869,3.2488842048440403,54507232.06365671,3.9211822299556194,65786521.2473271,3.9211816077514268,65786510.80847296
27,452984832,0.02,0.002,6.253996273968369,0.7821733355522156,True,MC8,0.12784873583125167,3.155733141785688,52944416.55809712,3.934560556914247,66010972.328430615,3.934559781000031,66010959.310750216
28,469762048,0.02,0.002,6.209294477943331,0.8766918182373047,True,MC8,0.11406503842595848,3.2291910522931375,54176835.78958926,3.945735894412252,66198463.37950754,3.9457351598150314,66198451.0550113
29,486539264,0.02,0.002,6.203730502631515,0.9392252564430237,True,MC8,0.10647061803692912,3.3561317579083445,56306547.426888004,3.955055743503517,66354824.500799105,3.955055124750116,66354814.11983964
30,503316480,0.02,0.002,6.175146303605288,0.8014815449714661,True,MC8,0.1247687808392136,3.3447121790136785,56114958.68514315,3.9628164320986072,66485027.24966767,3.9628157669705435,66485016.090670474
31,520093696,0.02,0.002,6.140544657129794,0.78898024559021,True,MC8,0.12674572502061618,3.355437479969182,56294899.37593864,3.969269336221901,66593289.01597146,3.969268652172975,66593277.539534874
32,536870912,0.02,0.002,6.109087770571932,0.7950509190559387,True,MC8,0.12577794934290845,3.3961927463624693,56978659.28335636,3.9746275465469623,66683184.86796844,3.9746268853429223,66683173.77480544
33,553648128,0.02,0.002,6.0922494230326265,0.7435598969459534,True,MC8,0.1344879759152647,3.396408091147553,56982272.16933019,3.9790711890164414,66757736.817505665,3.9790704994492683,66757725.248488255
34,570425344,0.02,0.002,6.062761317472905,0.768143355846405,True,MC8,0.13018386353931055,3.4476823247265354,57842511.061319225,3.9827518515734606,66819488.08824789,3.982751205659098,66819477.25160311
35,587202560,0.02,0.002,6.0308675351552665,0.5246638655662537,True,MC8,0.1905978588676283,3.188476358333112,53493756.57464802,3.985797625650258,66870587.69782152,3.9857965516743112,66870569.67949508
36,603979776,0.02,0.002,6.0174582793843,0.8166264295578003,True,MC8,0.12245486298953918,3.412565192793022,57253343.35357017,3.9883143010151625,66912810.5040204,3.9883135395950697,66912797.72951104
37,620756992,0.02,0.002,5.99526204331778,0.7595744132995605,True,MC8,0.13165249723606062,3.5330087344376073,59274050.66754638,3.990392360707028,66947674.560331725,3.9903917563690516,66947664.421222955
38,637534208,0.02,0.002,5.946493563009426,0.6428369283676147,True,MC8,0.15556020512656152,3.5019893570700282,58753631.87326499,3.992106739831152,66976437.06920304,3.992106069269759,66976425.81904971
39,654311424,0.02,0.002,5.945635784883052,0.6507194638252258,True,MC8,0.15367581866436977,3.5148044966433623,58968634.23795696,3.9935196077747164,67000141.059871696,3.993518936669197,67000129.80058944
40,671088640,0.02,0.002,5.916298588505015,0.6460422277450562,True,MC8,0.15478840378690936,3.538022736527236,59358171.663628526,3.9946830347069846,67019660.12481458,3.9946823811840817,67019649.160519674
41,687865856,0.02,0.002,5.903632887871936,0.7486570477485657,True,MC8,0.1335723302524154,3.679365846870692,61729515.555972524,3.995640115088253,67035717.26910048,3.995639668503851,67035709.77665751
42,704643072,0.02,0.002,5.861375624896027,0.5355376601219177,True,MC8,0.18672788249728706,3.5166274063585767,58999217.587997615,3.9964274523434136,67048926.596295156,3.996426731167238,67048914.49696668
43,721420288,0.02,0.002,5.854210252640769,0.6707485318183899,True,MC8,0.1490869471483667,3.619119280726011,60718745.90250492,3.997073939640496,67059772.85331956,3.997073372468533,67059763.33775303
44,738197504,0.02,0.002,5.844332937616855,0.7447581887245178,True,MC8,0.1342715894130303,3.7746953209261216,63328878.73336686,3.997604609166323,67068676.01057898,3.997604281701568,67068670.51663205
45,754974720,0.02,0.002,5.798861133866012,0.5393078327178955,True,MC8,0.185422514769582,3.6293858301028097,60890990.01897414,3.998040458164088,67075988.34335787,3.9980398881916273,67075978.78080678
46,771751936,0.02,0.002,5.777718459954485,0.6523171663284302,True,MC8,0.15329942528329318,3.709760132994329,62239447.059434585,3.998397523588069,67081978.90710213,3.9983970780851807,67081971.432803944
47,788529152,0.02,0.002,5.755310141481459,0.6553274393081665,True,MC8,0.15259523927508853,3.7763535866957456,63356699.81636925,3.998690137087045,67086888.14697897,3.998689794696394,67086882.40261706
48,805306368,0.02,0.002,5.728512483648956,0.578708827495575,True,MC8,0.1727981714648947,3.729980077137015,62578681.42982436,3.998929964645618,67090911.7857319,3.998929540358424,67090904.667374
49,822083584,0.02,0.002,5.705341738415882,0.5571343898773193,True,MC8,0.17948958514737307,3.682504928982223,61782180.614599414,3.9991263084464452,67094205.888088636,3.9991257951918846,67094197.27710601
50,838860800,0.02,0.002,5.666004200465977,0.6148365139961243,True,MC8,0.16264459751333646,3.7434917317953755,62805369.37854508,3.9992867808980184,67096898.16907073,3.9992863659683238,67096891.20770562
51,855638016,0.02,0.002,5.65905838413164,0.5810136795043945,True,MC8,0.1721126909999933,3.749016320299912,62898056.59319681,3.9994180874320424,67099101.12715426,3.999417676292416,67099094.22937594
52,872415232,0.02,0.002,5.617437875131145,0.6174371242523193,True,MC8,0.16195954877437155,3.809563811557902,63913874.93229022,3.99952531868251,67100900.169005305,3.999525007629106,67100894.95039516
53,889192448,0.02,0.002,5.599156996700913,0.5846818685531616,True,MC8,0.17103288873070105,3.813698490526818,63983243.33444238,3.99961300637223,67102371.32431628,3.9996126992359056,67102366.17142382
54,905969664,0.02,0.002,5.5699522071518,0.571942925453186,True,MC8,0.1748423150412235,3.8065318799155983,63863007.560230054,3.9996846366186967,67103573.08043338,3.999684313800835,67103567.66444839
55,922746880,0.02,0.002,5.5480147348716855,0.6090057492256165,True,MC8,0.16420179271765897,3.8587464338841126,64739022.41050348,3.9997430093316457,67104552.412047036,3.9997427745088383,67104548.472374074
56,939524096,0.02,0.002,5.524324541678652,0.5102758407592773,True,MC8,0.19597205283940156,3.7543220371934427,62987071.75155442,3.99979090160447,67105355.91105294,3.9997904783413603,67105348.80987632
57,956301312,0.02,0.002,5.4965120502747595,0.5276963710784912,True,MC8,0.18950255483672993,3.7296020779838366,62572339.65638367,3.9998298648159705,67106009.60526834,3.9998293896342028,67106001.63304118
58,973078528,0.02,0.002,5.461402067216113,0.6827362179756165,True,MC8,0.1464692378958187,3.9144654175075435,65673831.83405424,3.9998612624061556,67106536.36942075,3.9998611172590524,67106533.93425645
59,989855744,0.02,0.002,5.446461662650108,0.5784867405891418,True,MC8,0.17286451031470138,3.918224143664158,65736892.79466861,3.9998871175124977,67106970.14612456,3.9998869782373565,67106967.80947543
60,1006632960,0.02,0.002,5.412009725579992,0.6177685856819153,True,MC8,0.1618726501234543,3.975020851670935,66689783.432987235,3.9999080921396555,67107322.0419749,3.999908050126637,67107321.33711342
61,1023410176,0.02,0.002,5.410420843400061,0.6110137701034546,True,MC8,0.16366216480015433,4.004454588890566,67183599.60000822,3.9999252065263757,67107609.173737615,3.99992521412592,67107609.30123681
62,1040187392,0.02,0.002,5.367530417861417,0.4733392596244812,True,MC8,0.21126451419816647,3.8062816978661878,63858810.20194777,3.9999395322836557,67107849.520061865,3.9999391905172983,67107843.786173865
63,1056964608,0.02,0.002,5.3632564067374915,0.5823808908462524,True,MC8,0.17170863581402085,3.865926507889563,64859484.0629889,3.99995080303162,67108038.61183494,3.9999505677850493,67108034.665052414
64,1073741824,0.02,0.002,5.343211175641045,0.617420494556427,True,MC8,0.16196391101000268,3.953836767484773,66334373.47683381,3.9999599062304743,67108191.33816841,3.9999598265236775,67108190.00091027
65,1090519040,0.02,0.002,5.3153930369298905,0.6329147815704346,True,MC8,0.1579989042963553,4.032199772964021,67649086.54616834,3.9999673043076704,67108315.45730752,3.9999673590545863,67108316.37580835
66,1107296256,0.02,0.002,5.29323539044708,0.5838769674301147,True,MC8,0.17126866499200308,4.019046618519115,67428413.2329648,3.999973453061699,67108418.616281986,3.99997348551162,67108419.16070132
67,1124073472,0.02,0.002,5.272786505287513,0.5291048288345337,True,MC8,0.18899810690097843,3.9281278841374374,65903049.98779676,3.9999785919765123,67108504.83296581,3.999978467023288,67108502.73659858
68,1140850688,0.02,0.002,5.28144007618539,0.6813088655471802,True,MC8,0.14677609272498504,4.069475320894118,68274466.46530993,3.999982399427486,67108568.71139321,3.9999825165095846,67108570.67570487
69,1157627904,0.02,0.002,5.226840930758044,0.49472880363464355,True,MC8,0.20213053522413157,3.8998018100450955,65427817.32431754,3.9999859830535627,67108628.83466196,3.9999858075202757,67108625.88970209
70,1174405120,0.02,0.002,5.225842701969668,0.610893189907074,True,MC8,0.16369446894757908,3.9720558354025055,66640038.71460828,3.999988529763892,67108671.561371244,3.9999884814662057,67108670.75107053
71,1191182336,0.02,0.002,5.200398495187983,0.6169397830963135,True,MC8,0.16209011097972517,4.028044248603592,67579368.41638017,3.9999906056329957,67108706.388675585,3.9999906535328855,67108707.19230238
72,1207959552,0.02,0.002,5.176436537876725,0.5363166928291321,True,MC8,0.1864566493648373,3.9497402170602087,66265644.76550601,3.9999925048961296,67108738.25302342,3.9999924175142034,67108736.786997974
73,1224736768,0.02,0.002,5.160397921223193,0.6194706559181213,True,MC8,0.16142788623926566,4.0173590655994404,67400100.79311998,3.99999381999853,67108760.316780455,3.9999938497616503,67108760.816122755
74,1241513984,0.02,0.002,5.163784355390817,0.6182898283004761,True,MC8,0.16173618533995485,4.059641573648704,68109483.56368421,3.9999949113304862,67108778.626292415,3.999995012409532,67108780.322117396
75,1258291200,0.02,0.002,5.145874387817457,0.6029528379440308,True,MC8,0.16585017576301175,4.065046123406941,68200156.86236091,3.9999958462416436,67108794.31149884,3.9999959560077833,67108796.15306908
76,1275068416,0.02,0.002,5.1250733027700335,0.5433168411254883,True,MC8,0.1840543277446016,3.9798003320442854,66769969.8075787,3.9999967563684553,67108809.58089295,3.999996721670345,67108808.99875526
77,1291845632,0.02,0.002,5.120170558104292,0.6624487042427063,True,MC8,0.15095485643595716,4.082933300368642,68500253.89387758,3.9999972037988334,67108817.08752905,3.999997342827567,67108819.42004414
78,1308622848,0.02,0.002,5.120575606240891,0.5359770059585571,True,MC8,0.18657482002672363,3.9764843870555793,66714337.48225906,3.9999978869623494,67108828.54911092,3.9999978466550816,67108827.87286718
79,1325400064,0.02,0.002,5.094569279113784,0.5995354056358337,True,MC8,0.1667955424557509,4.002792674030151,67155717.29542144,3.9999982504740896,67108834.647825904,3.999998255238487,67108834.72775923
80,1342177280,0.02,0.002,5.069420395419002,0.455900102853775,True,MC8,0.2193458172705361,3.7853260768188464,63507233.22122238,3.9999989735054484,67108846.778279185,3.999998586522325,67108840.28577974
81,1358954496,0.02,0.002,5.040501255891286,0.5095193386077881,True,MC8,0.1962630192020199,3.7615026683305848,63107542.75115858,3.999999292642665,67108852.1325132,3.999998855083087,67108844.79148165
82,1375731712,0.02,0.002,5.0480593057582155,0.5581221580505371,True,MC8,0.17917192389810346,3.8271159902242804,64208351.62504664,3.9999993884557874,67108853.73999065,3.9999990727586514,67108848.44347161
83,1392508928,0.02,0.002,5.019393636379391,0.45601266622543335,True,MC8,0.21929167348805803,3.712527640245923,62285878.126376145,3.99999979519652,67108860.56396778,3.9999992491606666,67108851.40300632
84,1409286144,0.019139501788825494,0.0019139501788825496,5.0167325786314905,0.5329610109329224,True,MC8,0.187630633982627,3.779227349972854,63404913.563602164,3.9999998104139594,67108860.819274046,3.9999993920915284,67108853.800988264
85,1426063360,0.01696045964170291,0.001696045964170291,5.0170612977817655,0.5952741503715515,True,MC8,0.16798954221015816,3.9121276742707756,65634611.010818444,3.999999670607541,67108858.473711565,3.9999995078836195,67108855.74365719
86,1442840576,0.014781417494580324,0.0014781417494580326,4.966603930806741,0.4468024671077728,True,MC8,0.22381205017793462,3.7723209784642253,63289043.87702566,4.0000000408880245,67108864.68598722,3.999999601675213,67108857.31721901
87,1459617792,0.01260237534745774,0.0012602375347457741,4.940479789394885,0.42115461826324463,True,MC8,0.23744192327856992,3.649364846878753,61226182.29889177,4.000000385271258,67108870.4637791,3.999999677634824,67108858.59160981
88,1476395008,0.010423333200335156,0.0010423333200335156,4.933772530290298,0.35027197003364563,True,MC8,0.28549162668873496,3.4346762825509676,57624305.882434614,4.000000974664241,67108880.3521525,3.9999997391435818,67108859.623555526
89,1493172224,0.00824429105321257,0.0008244291053212571,4.920998441521078,0.32118239998817444,True,MC8,0.31134859399234793,3.2700447236433083,54862246.65822409,4.000001519745612,67108889.4971004,3.9999997889434447,67108860.45905858
90,1509949440,0.0060652489060899865,0.0006065248906089987,4.901151523459703,0.21788348257541656,True,MC8,0.45895879696429004,2.877565656195908,48277540.56818049,4.000002988693502,67108914.14195643,3.9999998292576184,67108861.135418184
91,1526726656,0.003886206758967402,0.0003886206758967402,4.8887073278892785,0.13236121833324432,True,MC8,0.7555025993009051,2.3204931856001503,38931415.40134181,4.000006181634937,67108967.71062458,3.999999861888385,67108861.6828716
92,1539870720,0.0017071646118448178,0.00017071646118448178,4.885987824240588,0.10234079509973526,True,MC8,0.9771179008785892,2.013410585109067,31576430.24415369,4.000009750791049,64202502.4993218,3.9999998882965397,64202340.52680917
1,16777216,0.009333333333333332,0.0006666666666666665,10.919343697372824,8.226349830627441,True,S9,0.12156058264338915,0.0,0.0,0.0,0.0,0.0,0.0
2,33554432,0.018666666666666665,0.001333333333333333,10.460225457325578,6.927783012390137,True,S9,0.14434630153185052,0.4311494316769843,7233487.143522007,0.4736842162069667,7947102.411094981,0.4736842105263158,7947102.315789474
3,50331648,0.028,0.002,9.78873993549496,8.937313079833984,True,S9,0.11189043946171529,0.9605415753901388,16115213.487300644,0.9298892950443045,15600953.559046026,0.929889298892989,15600953.623616237
4,67108864,0.028,0.002,8.908039910718799,6.523421287536621,True,S9,0.1532937706501936,1.3065328504135472,21919983.84248377,1.368711843144321,22963174.234190393,1.3687118348357084,22963174.094795004
5,83886080,0.028,0.002,8.207631764467806,5.175151824951172,True,S9,0.1932310085952747,1.5720477116682032,26374584.020963166,1.7902859838415148,30036014.652681604,1.7902859515030158,30036014.11013162
6,100663296,0.028,0.002,7.704744509421289,4.196242809295654,True,S9,0.23830836468194908,1.7906726762426366,30042502.274620783,2.1947823682821395,36822337.865661,2.194782300628096,36822336.730614506
7,117440512,0.028,0.002,7.368142541265115,9.750249862670898,True,S9,0.10256146370843927,2.4366891473462986,40880860.14988468,2.5824067592891122,43325596.00045344,2.5824067367052264,43325595.62155871
8,134217728,0.028,0.002,7.263293414609507,9.596894264221191,True,S9,0.10420036610466774,3.006223980444195,50436069.064292036,2.953398742161035,49549808.63136399,2.9533987498770706,49549808.76081759
9,150994944,0.028,0.002,7.111055338988081,6.105817794799805,True,S9,0.16377819807749266,3.287166240843318,55149498.05053637,3.3080296737246973,55499528.37048877,3.3080296706169134,55499528.31834881
10,167772160,0.028,0.002,7.007103458046913,7.754727363586426,True,S9,0.128953582010127,3.7053421865977803,62165326.218463264,3.646600663554081,61179806.99819014,3.6466006721237054,61179807.141964585
11,184549376,0.028,0.002,7.072001833934337,40.290260314941406,True,S9,0.024819893625985395,4.572629821604547,76715998.20510095,3.969440521231001,66596161.02384509,3.969440598586175,66596162.32164955
12,201326592,0.028,0.002,6.816944216610864,5.0106120109558105,True,S9,0.19957637874117976,4.45101044618511,74675563.67390397,4.27690362502471,71754535.92822257,4.276903649083571,71754536.33186327
13,218103808,0.028,0.002,6.754469583276659,12.380963325500488,True,S9,0.08076915284703205,4.9986048250522765,83862672.84854425,4.569366891853528,76661255.32787529,4.569366947863126,76661256.26756041
14,234881024,0.028,0.002,6.657267339061946,7.132388591766357,True,S9,0.14020546510168228,5.170869547945076,86752795.31369689,4.847227989436996,81322990.9800302,4.847228032075593,81322991.69538715
15,251658240,0.028,0.002,6.565127636305988,6.026712894439697,True,S9,0.16592790325132398,5.223139203480599,87629734.61486197,5.11090227251585,85746711.38088928,5.110902287785767,85746711.63707598
16,268435456,0.028,0.002,6.501406114548445,7.928088188171387,True,S9,0.126133797976439,5.508566306109761,92418406.76792558,5.360820344324883,89939640.85393293,5.360820364245987,89939641.1881536
17,285212672,0.028,0.002,6.444162447704002,5.731472969055176,True,S9,0.17447518830218964,5.532234765864594,92815497.62961972,5.597425604182254,93909218.40529618,5.597425595082192,93909218.25262247
18,301989888,0.028,0.002,6.379351379582658,3.163557529449463,True,S9,0.31609973094887694,5.017203371782448,84174704.68432243,5.8211715821829255,97663053.0073447,5.821171453259276,97663050.84436478
19,318767104,0.028,0.002,6.351193554699421,4.75666618347168,True,S9,0.21023123153849593,5.136797566598503,86181162.32309747,6.032519213340279,101208877.86635995,6.032519064538283,101208875.36987671
20,335544320,0.028,0.002,6.266764982137829,2.024266242980957,True,S9,0.4940059191628223,4.440470461613753,74498732.07611364,6.231935166165265,104554522.38075054,6.231934801689436,104554516.26586083
21,352321536,0.028,0.002,6.243317138636485,4.688106536865234,True,S9,0.21330568723870683,4.803455868050522,80588616.6447511,6.419888309714927,107707852.86796223,6.419887979061036,107707847.32051048
22,369098752,0.028,0.002,6.18909779144451,3.509814500808716,True,S9,0.2849152611496486,4.944272111929791,82951121.18462229,6.59684901707997,110676760.87893835,6.596848664302163,110676754.96030888
23,385875968,0.028,0.002,6.134036096511409,4.2920989990234375,True,S9,0.2329861839723039,5.239482188634254,87903924.40686962,6.763285949722229,113469109.24825497,6.763285621170933,113469103.73607892
24,402653184,0.028,0.002,6.1067480514757335,4.0637688636779785,True,S9,0.246076926978078,5.477350909290773,91894699.3129677,6.919664710253804,116092709.49150549,6.919664394497992,116092704.19400202
25,419430400,0.028,0.002,6.108524027979001,9.680766105651855,True,S9,0.10329759915577114,6.128216874814916,102814418.2036148,7.066445739290787,118555286.52036121,7.066445545578164,118555283.2704027
26,436207616,0.028,0.002,6.029297899920493,3.2032864093780518,True,S9,0.3121792933947689,6.035773252247422,101263471.57997748,7.204083298004841,120864461.57261959,7.204083043584557,120864457.30415553
27,452984832,0.028,0.002,6.024435056140646,6.56277322769165,True,S9,0.15237458509245927,6.495863751659219,108982509.26815708,7.3330229925769475,123027710.67942984,7.333022816083083,123027707.71835415
28,469762048,0.028,0.002,5.960171264596283,3.1093194484710693,True,S9,0.32161368265909196,6.352614093344112,106579178.80867833,7.453701704415048,125052363.49453941,7.453701459406041,125052359.38397038
29,486539264,0.028,0.002,5.947671395260841,4.06689453125,True,S9,0.24588780122725212,6.5092582550346885,109207231.74450006,7.566545345403073,126945565.63362196,7.566545107547085,126945561.64306067
30,503316480,0.028,0.002,5.920840696664527,3.957235336303711,True,S9,0.2527016116843954,6.639616121047685,111394273.81989916,7.67196869161991,128714275.88454463,7.671968456383594,128714271.93793413
31,520093696,0.028,0.002,5.874674099963158,3.0673465728759766,True,S9,0.32601456999618394,6.551939273037722,109923300.40263684,7.770374228496667,130365246.83232194,7.770373938425486,130365241.96573508
32,536870912,0.028,0.002,5.86185638140887,5.736413478851318,True,S9,0.174324920851996,6.9629572564773445,116819037.89068781,7.86215125006822,131905009.74706455,7.862151041933917,131905006.25515038
33,553648128,0.028,0.002,5.829058972885832,3.6039867401123047,True,S9,0.2774704222409033,6.997757618666516,117402891.08401377,7.947675991529207,133339876.80789967,7.94767576714461,133339873.04335083
34,570425344,0.028,0.002,5.790061007020995,4.2486572265625,True,S9,0.23536842614169956,7.177746263535255,120422599.4565239,8.02731041206546,134675920.68227124,8.027310211459948,134675917.31666923
35,587202560,0.028,0.002,5.77965021925047,4.514158725738525,True,S9,0.2215251698557029,7.385823348705298,123913553.6590721,8.101402442723163,135918978.68449414,8.101402274826953,135918975.86766315
36,603979776,0.028,0.002,5.745049906894565,4.040858745574951,True,S9,0.24747208835819556,7.485995415314499,125594162.05774106,8.170285637533004,137074646.9225889,8.170285476079062,137074644.21384126
37,620756992,0.028,0.002,5.726208054460585,4.060004711151123,True,S9,0.2463050722449532,7.585831543769815,127269134.34943964,8.234279024450986,138148277.79748347,8.234278870768124,138148275.2191129
38,637534208,0.028,0.002,5.672476128907874,3.0486695766448975,True,S9,0.32801182510854066,7.421019171689417,124504041.58357443,8.293687275842968,139144982.86326906,8.293687060929715,139144979.257623
39,654311424,0.028,0.002,5.678473453968763,4.415640354156494,True,S9,0.22646766795466494,7.627214302678268,127963421.83432268,8.348800463540934,140069628.71772638,8.348800287287728,140069625.76068828
40,671088640,0.028,0.002,5.639703827211633,3.4175095558166504,True,S9,0.29261065435423045,7.598867937914152,127487848.74986032,8.399894794181288,140926849.339255,8.399894594592771,140926845.99071535
41,687865856,0.028,0.002,5.617176995612681,4.066833972930908,True,S9,0.2458914626868458,7.737693448122506,129816954.32093608,8.447232237639394,141721039.85303944,8.447232061082033,141721036.89089847
42,704643072,0.028,0.002,5.580358430626802,3.658003091812134,True,S9,0.27337312230960664,7.77572540288923,130455024.64095964,8.491061263203232,142456368.88199347,8.491061083426727,142456365.86584422
43,721420288,0.028,0.002,5.577301552519202,4.806055068969727,True,S9,0.2080708143328777,8.028248947694882,134691666.69724974,8.531616833282738,143136778.4412205,8.531616708978138,143136776.35573536
44,738197504,0.028,0.002,5.531184437451884,2.5344672203063965,True,S9,0.39456008640704443,7.654544464140966,128421945.85649724,8.56912124710179,143765998.0928161,8.5691210076182,143765994.0749482
45,754974720,0.028,0.002,5.516311627347022,4.4871721267700195,True,S9,0.2228574587492739,7.900152935434257,132542572.23081458,8.603783657529007,144347536.83963418,8.603783476049944,144347533.79492074
46,771751936,0.028,0.002,5.469379333546385,2.356271982192993,True,S9,0.4243990435561909,7.514222712820254,126067737.52509136,8.635801776009004,144884711.72928667,8.63580146791353,144884706.56030238
47,788529152,0.028,0.002,5.4527728136163205,4.855195045471191,True,S9,0.2059649065937874,7.854671888574904,131779526.8837491,8.665360860756243,145380630.8788534,8.665360643673424,145380627.23680806
48,805306368,0.028,0.002,5.42035111784935,2.673278570175171,True,S9,0.3740723608397132,7.657610517150315,128473385.69010253,8.692635723008271,145838227.13422593,8.692635434781238,145838222.29857874
49,822083584,0.028,0.002,5.391794114606455,3.611351728439331,True,S9,0.2769045494019512,7.791278018585055,130715954.23385349,8.717789775031228,146260242.09829032,8.717789517168503,146260237.7720717
50,838860800,0.028,0.002,5.338319530477747,2.3347558975219727,True,S9,0.42831011702390265,7.501232787102903,125849802.73550741,8.740976653389449,146649253.36487192,8.740976289657524,146649247.26246285
51,855638016,0.028,0.002,5.335809444542974,3.6182570457458496,True,S9,0.2763760868785313,7.6919690630181865,129049826.43557373,8.762339665599704,147007665.235134,8.762339353390583,147007659.99713415
52,872415232,0.028,0.002,5.287433438003063,2.8686981201171875,True,S9,0.34859006055649,7.668882719305266,128662501.86045182,8.782013319906861,147337734.3829545,8.782012988864336,147337728.82898256
53,889192448,0.028,0.002,5.267076076706871,3.20847487449646,True,S9,0.3116744644860203,7.7613260420233585,130213443.45345096,8.800122938038525,147641563.35802695,8.800122627614016,147641558.1499679
54,905969664,0.028,0.002,5.230697031831369,2.5747528076171875,True,S9,0.38838664770262155,7.652118362865599,128381242.63136253,8.81678567452305,147921117.6871789,8.81678531601892,147921111.6724777
55,922746880,0.028,0.002,5.210226277355105,3.721949577331543,True,S9,0.2686763242076554,7.884831053654342,132285513.71066648,8.832110456965175,148178224.87236345,8.832110169095703,148178220.04271513
56,939524096,0.028,0.002,5.187614250695333,2.4753031730651855,True,S9,0.40399075430058895,7.738311905615386,129827330.31588094,8.846199160305478,148414594.09146363,8.846198812508355,148414588.25639617
57,956301312,0.028,0.002,5.162268742220476,3.254032850265503,True,S9,0.3073108781331233,7.878970726694955,132187193.73943822,8.85914611840858,148631808.00410232,8.85914581135404,148631802.85258198
58,973078528,0.028,0.002,5.119390266947448,3.0943658351898193,True,S9,0.32316788967221993,7.963867917211228,133611532.2425229,8.871039369667647,148831343.64941797,8.871039084582312,148831338.86647972
59,989855744,0.028,0.002,5.107070541474968,3.0876033306121826,True,S9,0.32387569549811096,8.041027782140816,134906059.9629774,8.881960569252964,149014570.97383994,8.881960304173168,149014566.52653894
60,1006632960,0.028,0.002,5.069924691342749,2.510587692260742,True,S9,0.39831295467977157,7.925993318259127,132976101.91499011,8.891985590980193,149182762.92876235,8.891985278437947,149182757.68517357
61,1023410176,0.028,0.002,5.07411779416725,3.962599992752075,True,S9,0.2523594986800545,8.212940231227268,137790272.25438982,8.90118453678878,149337095.6295653,8.901184319017831,149337091.97597507
62,1040187392,0.028,0.002,5.038287601899356,2.9842958450317383,True,S9,0.33508730931535896,8.24159744400207,138271060.50307062,8.90962280396209,149478666.26059765,8.909622591339561,149478662.69338354
63,1056964608,0.028,0.002,5.028140299255028,4.032104015350342,True,S9,0.24800941349319294,8.504240967772004,142677487.63235995,8.917360577031264,149608484.55073816,8.917360448448472,149608482.39347687
64,1073741824,0.028,0.002,5.00093087926507,2.899712085723877,True,S9,0.3448617054298538,8.461209957552875,141955547.0792154,8.924453894020134,149727490.6620169,8.92445374827728,149727488.21685755
65,1090519040,0.028,0.002,4.982264875434339,3.6814687252044678,True,S9,0.2716306460850932,8.632142848483307,144823325.1118597,8.930954247251004,149836548.4922475,8.930954154526608,149836546.93659028
66,1107296256,0.028,0.002,4.962490764446557,3.7264041900634766,True,S9,0.2683551436291784,8.78692515305432,147420141.26862538,8.936909467344408,149936460.5060821,8.93690942143253,149936459.73580858
67,1124073472,0.028,0.002,4.945961433462799,3.431447982788086,True,S9,0.29142208000641473,8.849894535768062,148476592.2038005,8.942363690948197,150027967.19359514,8.9423636627783,150027966.7209827
68,1140850688,0.028,0.002,4.938894581631757,3.4382450580596924,True,S9,0.29084596713369915,8.904495969247543,149392652.2471954,8.947357618573044,150111751.39604557,8.947357605574803,150111751.17797127
69,1157627904,0.028,0.002,4.899455866659991,3.112360954284668,True,S9,0.3212993908447373,8.860613727253911,148656430.39470395,8.951928856744608,150188444.04623735,8.951928828887503,150188443.57887268
70,1174405120,0.028,0.002,4.887502970523201,2.471440553665161,True,S9,0.4046221520055753,8.593319813760846,144171982.6725455,8.956112102618887,150258627.26585123,8.95611198832934,150258625.34839082
71,1191182336,0.028,0.002,4.875233038677834,4.13358736038208,True,S9,0.2419205573502164,8.838677264709593,148288397.62432203,8.959939064083665,150322833.0249695,8.959939026769872,150322832.39894792
72,1207959552,0.028,0.002,4.845887747826055,2.2259936332702637,True,S9,0.44923738137269237,8.464795282128021,142015698.84404275,8.963439532332496,150381561.13688126,8.96343937183271,150381558.4441417
73,1224736768,0.028,0.002,4.837184981792234,4.0073347091674805,True,S9,0.24954235746017617,8.71378572021324,146193065.2057331,8.966640200324115,150435259.43512094,8.966640120766986,150435258.1003738
74,1241513984,0.028,0.002,4.8333076210692525,2.279435873031616,True,S9,0.4387048449690187,8.41023477531594,141100325.436187,8.969566396213585,150484352.8556169,8.96956621328529,150484349.78658938
75,1258291200,0.028,0.002,4.818530147778802,3.682439088821411,True,S9,0.2715590684110916,8.615085861612359,144537156.35881665,8.972240707785646,150529220.35851267,8.972240592961413,150529218.4320817
76,1275068416,0.028,0.002,4.805182053940371,2.3423495292663574,True,S9,0.42692158475239306,8.378422333493656,140566601.2282471,8.974684555761815,150570221.32388002,8.974684357777097,150570218.00224763
77,1291845632,0.028,0.002,4.785924398689531,3.3250131607055664,True,S9,0.3007505988449085,8.52062316149076,142952335.23493338,8.976917050479633,150607676.3699797,8.97691690039871,150607673.85203964
78,1308622848,0.028,0.002,4.797118553193286,2.9949405193328857,True,S9,0.33389633605358243,8.555337956788632,143534752.85404155,8.97895617829756,150641887.25783268,8.97895603875292,150641884.9166621
79,1325400064,0.028,0.002,4.76592158107087,3.7151260375976562,True,S9,0.2691697995465152,8.759807174942646,146965177.09236255,8.980818208927834,150673126.9479154,8.980818137456023,150673125.74881738
80,1342177280,0.028,0.002,4.745082382811233,2.733069658279419,True,S9,0.36588882068257295,8.669641785223805,145452452.87332538,8.982518323144633,150701650.13135532,8.982518220634715,150701648.41152427
81,1358954496,0.028,0.002,4.723306028870866,4.110193729400635,True,S9,0.24329747514075178,8.932470052255978,149861979.48022982,8.984070093128441,150727684.51155597,8.98407007665764,150727684.23522177
82,1375731712,0.028,0.002,4.72061859536916,2.9463462829589844,True,S9,0.33940330312851336,8.882818765535324,149028969.1182395,8.985486388256358,150751446.0008368,8.985486355277267,150751445.44753945
83,1392508928,0.028,0.002,4.703143474645913,3.809927225112915,True,S9,0.26247213619630927,9.060110423646046,152003429.56136122,8.986778634536073,150773126.29579675,8.986778657660956,150773126.6837679
84,1409286144,0.02679530250435569,0.0019139501788825492,4.688289724173956,2.8802058696746826,True,S9,0.3471972831288154,8.963407922413289,150381030.810439,8.987957627588669,150792906.51690266,8.987957619768812,150792906.38570723
85,1426063360,0.023744643498384073,0.0016960459641702909,4.679438588093035,3.3216140270233154,True,S9,0.30105836825291454,9.016404893339002,151270172.4390054,8.989032980843366,150810947.950733,8.989032989514348,150810948.09620795
86,1442840576,0.020693984492412453,0.0014781417494580322,4.642090783454478,2.276914358139038,True,S9,0.439190678048444,8.679239762372086,145613480.20910516,8.990013800375108,150827403.37187406,8.990013698122334,150827401.6563572
87,1459617792,0.017643325486440837,0.001260237534745774,4.6178824078524485,2.69752836227417,True,S9,0.3707095885536324,8.602223877222265,144321368.06851542,8.990908055584306,150842406.4846779,8.990907926076721,150842404.31190118
88,1476395008,0.014592666480469219,0.0010423333200335156,4.616645845700987,1.3308714628219604,True,S9,0.751386799212613,7.678139577602555,128817806.17158683,8.99172365664801,150856089.9998935,8.99172316403031,150856081.73513994
89,1493172224,0.0115420074744976,0.000824429105321257,4.600139418733306,1.604099988937378,True,S9,0.6234021466830719,7.325053849542917,122894010.64541303,8.992466935756324,150868560.15404198,8.992466269026968,150868548.96817955
90,1509949440,0.008491348468525981,0.0006065248906089987,4.587098569376394,1.0694129467010498,True,S9,0.9350916014185346,6.607911643255383,110862360.9478105,8.993144597798171,150879929.43649304,8.993143516367134,150879911.29309094
91,1526726656,0.005440689462554363,0.0003886206758967402,4.5750540238805115,0.6974799633026123,False,S9,1.0,6.110339129396536,102514479.40713763,9.274348179493785,155597742.666574,8.993760647427447,150890265.03419012
92,1539870720,0.0023900304565827447,0.00017071646118448175,4.573497775374414,0.4146561026573181,False,S9,1.0,5.834288775764441,94901991.21891917,9.80832000296799,161087945.31297073,8.994322913726668,147629883.91659966
1,16777216,0.009333333333333332,0.0006666666666666665,10.919343697372824,8.226348876953125,True,S8,0.12156059673581256,0.0,0.0,0.0,0.0,0.0,0.0
2,33554432,0.018666666666666665,0.001333333333333333,10.46026316517964,6.9273762702941895,True,S8,0.14435477684868928,0.4025131105772187,6753049.398985883,0.44444445007263783,7456540.538869861,0.4444444444444445,7456540.444444445
3,50331648,0.028,0.002,9.787009013351053,8.863554000854492,True,S8,0.11282154845359395,0.8855854573296225,14857658.50407786,0.8524590122376465,14301888.97945764,0.8524590163934426,14301889.049180327
4,67108864,0.028,0.002,8.905080615542829,6.489318370819092,True,S8,0.15409936587444895,1.1573144508680067,19416514.522133935,1.2249322584614952,20550953.085576333,1.2249322493224934,20550952.932249326
5,83886080,0.028,0.002,8.19838515482843,5.06868839263916,True,S8,0.1972896586348766,1.3332374572055061,22368012.798827533,1.5630652423549773,26223883.193081804,1.563065207044265,26223882.600666355
6,100663296,0.028,0.002,7.6898322373162955,4.276013374328613,True,S8,0.23386263760093468,1.489929012412731,24996860.865915067,1.8683320986325722,31345411.17849197,1.8683320322664587,31345410.065053347
7,117440512,0.028,0.002,7.3654247124213725,11.793264389038086,True,S8,0.08479415725940555,2.1394619736952283,35894215.65647116,2.142433715488458,35944073.2104324,2.14243371503539,35944073.20283119
8,134217728,0.028,0.002,7.255993310362101,9.671333312988281,True,S8,0.1033983489389911,2.584887843932048,43367221.69342226,2.387247772031536,40051371.51689184,2.387247799833277,40051371.98332765
9,150994944,0.028,0.002,7.090416576946154,5.410029888153076,True,S8,0.18484182820283096,2.5703080312168542,43122613.02625991,2.604776759049195,43700902.318348296,2.604776753848802,43700902.23110018
10,167772160,0.028,0.002,6.979973567882553,7.732666492462158,True,S8,0.12932147942153271,2.861949626476294,48015547.064512104,2.797097494512019,46927508.838486955,2.797097503983287,46927508.99738847
11,184549376,0.028,0.002,7.065087568247691,42.09564208984375,True,S8,0.023755427559705486,3.6936788505694085,61969647.91063469,2.9663141797182817,49766493.71699643,2.966314266484154,49766495.17268621
12,201326592,0.028,0.002,6.790789176942781,4.936689853668213,True,S8,0.20256484143765027,3.2051396428954178,53773320.09901929,3.1145162904099535,52252912.53972652,3.114516302840974,52252912.74828444
13,218103808,0.028,0.002,6.691317978082225,7.047242164611816,True,S8,0.14189946006426515,3.291182947160692,55216887.20003152,3.2437416957972256,54420955.078596346,3.2437417023523154,54420955.1885725
14,234881024,0.028,0.002,6.598052725661546,8.364453315734863,True,S8,0.11955352522146503,3.4919028397219076,58584408.193027824,3.355947753641974,56303460.34756619,3.3559477718977,56303460.65384644
15,251658240,0.028,0.002,6.556879928102717,10.390134811401367,True,S8,0.09624513270583758,3.7828652668718563,63465947.68120678,3.4529881085130123,57931527.341954246,3.4529881502074184,57931528.041470304
16,268435456,0.028,0.002,6.44473188300617,2.6592676639556885,True,S8,0.3760432383362462,2.7007837494977065,45311632.33461291,3.536596533673775,59334243.95029619,3.5365963850915523,59334241.45750015
17,285212672,0.028,0.002,6.4127723386045545,6.936212062835693,True,S8,0.1441708884864006,3.061986962492694,51371616.65892383,3.6083755237188067,60538495.57054354,3.608375430343641,60538494.00396822
18,301989888,0.028,0.002,6.339535644510761,4.231990337371826,True,S8,0.23629537971148715,3.000796699932895,50345014.406861365,3.6697924575885716,61568900.736134306,3.66979233434941,61568898.66852427
19,318767104,0.028,0.002,6.30025991727598,6.879681587219238,True,S8,0.14535554327139374,3.331548447250088,55894107.91397933,3.7221773644046006,62447773.632926695,3.7221772955251615,62447772.47732147
20,335544320,0.028,0.002,6.233324006898329,4.2341628074646,True,S8,0.2361741409808129,3.2331170290026834,54242702.74885628,3.766726336237568,63195181.3559463,3.7667262356852413,63195179.6689582
21,352321536,0.028,0.002,6.198379879118875,4.248573303222656,True,S8,0.2353730754435608,3.216872769715785,53970169.30203998,3.8045061903157436,63829022.12826434,3.8045060740157535,63829020.17707428
22,369098752,0.028,0.002,6.144536758773029,4.088043212890625,True,S8,0.24461574971394637,3.2143950525628635,53928600.106178515,3.836462083330212,64365153.04784097,3.836461954361675,64365150.88410796
23,385875968,0.028,0.002,6.112691969843581,5.992259979248047,True,S8,0.16688191710326464,3.504022743539728,58787746.43727862,3.8634258432578488,64817529.87231907,3.8634257716696356,64817528.67126816
24,402653184,0.028,0.002,6.068796750623733,2.879049777984619,True,S8,0.3473367012651356,3.1309834618374177,52529185.831674114,3.886125619934103,65198368.92876835,3.886125447038975,65198366.028069444
25,419430400,0.028,0.002,6.045701145194471,5.95673942565918,True,S8,0.16787704827499494,3.4884877269664827,58527112.108665705,3.905194595608379,65518293.252554424,3.905194505310196,65518291.73760231
26,436207616,0.028,0.002,6.003357924986631,4.36199426651001,True,S8,0.22925288518253947,3.546834129326103,59506002.30387597,3.921181689813643,65786512.18524849,3.9211816077514268,65786510.80847296
27,452984832,0.028,0.002,5.981599055463448,5.508171081542969,True,S8,0.18154843116663785,3.7649564902246615,63165488.267101035,3.934559816898713,66010959.913030155,3.934559781000031,66010959.310750216
28,469762048,0.028,0.002,5.915643064538017,3.682448625564575,True,S8,0.2715583651322005,3.6056587259367965,60492915.26732644,3.9457352358782356,66198452.33114011,3.9457351598150314,66198451.0550113
29,486539264,0.028,0.002,5.920461250236258,5.893542766571045,True,S8,0.169677199255248,3.870226358430424,64931623.58428065,3.95505514280598,66354814.422766775,3.955055124750116,66354814.11983964
30,503316480,0.028,0.002,5.869382251985371,2.9964864253997803,True,S8,0.3337240769053398,3.497275716040982,58674550.09957422,3.9628158773293185,66485017.94218348,3.9628157669705435,66485016.090670474
31,520093696,0.028,0.002,5.853496855357662,5.565689563751221,True,S8,0.17967222369725308,3.7801181738907412,63419859.108890526,3.969268694839153,66593278.25535455,3.969268652172975,66593277.539534874
32,536870912,0.028,0.002,5.802765992237255,3.3429834842681885,True,S8,0.29913390406264767,3.5890445348787168,60214175.395279765,3.9746269779954178,66683175.32925637,3.9746268853429223,66683173.77480544
33,553648128,0.028,0.002,5.777909135678783,3.192002058029175,True,S8,0.3132829078858796,3.460301671886574,58054228.574402176,3.9790706316833133,66757727.46700739,3.9790704994492683,66757725.248488255
34,570425344,0.028,0.002,5.736886911327019,3.0930633544921875,True,S8,0.3233039747613585,3.3859665683820652,56807092.48652468,3.982751365948026,66819479.94080508,3.982751205659098,66819477.25160311
35,587202560,0.028,0.002,5.728123681852594,4.802373886108398,True,S8,0.20823030765312647,3.6735906854223463,61632624.424918756,3.9857966317586184,66870571.0230868,3.9857965516743112,66870569.67949508
36,603979776,0.028,0.002,5.6830929489806294,3.5093607902526855,True,S8,0.2849520966397701,3.6574383224424687,61361632.742294945,3.988313626350968,66912799.185033485,3.9883135395950697,66912797.72951104
37,620756992,0.028,0.002,5.670670315157622,5.533806800842285,True,S8,0.18070739642381378,3.972722353821464,66651221.03809113,3.990391760713926,66947664.49411785,3.9903917563690516,66947664.421222955
38,637534208,0.028,0.002,5.612415389856324,2.949857234954834,True,S8,0.33899934178203356,3.697896123812528,62040402.01476552,3.992106147094869,66976427.12473839,3.992106069269759,66976425.81904971
39,654311424,0.028,0.002,5.603324636584148,4.223407745361328,True,S8,0.23677556691578197,3.8387053574360555,64402788.94206191,3.993518976761594,67000130.473228246,3.993518936669197,67000129.80058944
40,671088640,0.028,0.002,5.558363259071484,3.0580129623413086,True,S8,0.3270096253041204,3.6775741589254345,61699456.02031034,3.9946824676218937,67019650.61070552,3.9946823811840817,67019649.160519674
41,687865856,0.028,0.002,5.536970417248085,3.604487895965576,True,S8,0.277431843698916,3.7286882871556917,62557008.790281065,3.995639741528836,67035711.00181345,3.995639668503851,67035709.77665751
42,704643072,0.028,0.002,5.483122687553987,2.3133914470672607,True,S8,0.4322656111667185,3.389518375475906,56866681.92132838,3.9964269164546353,67048917.60557337,3.996426731167238,67048914.49696668
43,721420288,0.028,0.002,5.475039168726653,4.279759883880615,True,S8,0.23365791387234314,3.6844823643635367,61815356.47511776,3.997073463422621,67059764.86370941,3.997073372468533,67059763.33775303
44,738197504,0.028,0.002,5.441840217914432,4.001200199127197,True,S8,0.24992494759277167,3.856333922505461,64698547.18600138,3.9976043216470654,67068671.18680629,3.997604281701568,67068670.51663205
45,754974720,0.028,0.002,5.397143062669784,3.7301321029663086,True,S8,0.2680869482123229,3.925767755623458,65863453.60192997,3.9980399084151506,67075979.1201012,3.9980398881916273,67075978.78080678
46,771751936,0.028,0.002,5.362094797892496,3.8526108264923096,True,S8,0.2595641723164388,3.9984831044623466,67083414.71591535,3.9983970780614566,67081971.43240592,3.9983970780851807,67081971.432803944
47,788529152,0.028,0.002,5.324476933572441,4.014856338500977,True,S8,0.24907485265052257,4.077713460396261,68412679.51117551,3.998689773325805,67086882.04407807,3.998689794696394,67086882.40261706
48,805306368,0.028,0.002,5.299717903835699,4.417738437652588,True,S8,0.22636011338218726,4.19901439950246,70447771.56756306,3.9989294880126107,67090903.78915698,3.998929540358424,67090904.667374
49,822083584,0.028,0.002,5.283481778809801,4.8959736824035645,True,S8,0.20424942220270495,4.349971996136896,72980419.77313986,3.999125707429763,67094195.80470194,3.9991257951918846,67094197.27710601
50,838860800,0.028,0.002,5.223721863236278,3.5147416591644287,True,S8,0.2845158513647008,4.1654865250693325,69885267.1761776,3.9992863232517917,67096890.49104113,3.9992863659683238,67096891.20770562
51,855638016,0.028,0.002,5.228962385095656,4.349972724914551,True,S8,0.2298864460427617,4.221506857328186,70825132.39087616,3.999417620416529,67099093.29193412,3.999417676292416,67099094.22937594
52,872415232,0.028,0.002,5.18548257695511,3.5835659503936768,True,S8,0.2790515745464568,4.0879606299652735,68584598.48842347,3.9995249848937147,67100894.56895859,3.999525007629106,67100894.95039516
53,889192448,0.028,0.002,5.177064761519432,4.8214545249938965,True,S8,0.2074062479299269,4.233993849877966,71034629.36207421,3.999612641308968,67102365.19957108,3.9996126992359056,67102366.17142382
54,905969664,0.028,0.002,5.141541329678148,3.643925905227661,True,S8,0.27442921496734113,4.09674667689529,68732003.89555448,3.99968428928243,67103567.25309781,3.999684313800835,67103567.66444839
55,922746880,0.028,0.002,5.109789369395003,3.592007875442505,True,S8,0.2783957486399051,3.995797248994555,67038353.53858743,3.999742775525848,67104548.48943666,3.9997427745088383,67104548.472374074
56,939524096,0.028,0.002,5.099259046255611,3.381441831588745,True,S8,0.2957317481928735,3.882260887783051,65133529.48268801,3.999790509528626,67105349.333111815,3.9997904783413603,67105348.80987632
57,956301312,0.028,0.002,5.076049574185163,3.8504726886749268,True,S8,0.2597083062640359,3.92250460655022,65808707.04508805,3.9998294100655016,67106001.975821495,3.9998293896342028,67106001.63304118
58,973078528,0.028,0.002,5.028746325522661,3.6125717163085938,True,S8,0.2768110370444867,3.900844949759239,65445318.3046199,3.9998611436710068,67106534.37737551,3.9998611172590524,67106533.93425645
59,989855744,0.028,0.002,5.029842927819118,4.100986003875732,True,S8,0.2438437378745475,3.9891685419839895,66927142.28927046,3.999886981047341,67106967.85661915,3.9998869782373565,67106967.80947543
60,1006632960,0.028,0.002,4.983516365406103,2.9137282371520996,True,S8,0.34320278880044713,3.7589430675551863,63064599.77607595,3.999908117204463,67107322.46249259,3.999908050126637,67107321.33711342
61,1023410176,0.028,0.002,4.9981171822873875,4.54680061340332,True,S8,0.21993482122733113,3.9740008385907086,66672670.453217454,3.9999252210395433,67107609.41722816,3.99992521412592,67107609.30123681
62,1040187392,0.028,0.002,4.962651901994832,3.524449348449707,True,S8,0.2837321854852823,3.9289673145066693,65917133.29241832,3.999939209686368,67107844.10777749,3.9999391905172983,67107843.786173865
63,1056964608,0.028,0.002,4.948442343506031,3.532611608505249,True,S8,0.28307660953039765,3.9056261702659216,65525533.873804145,3.9999505935064117,67108035.09658527,3.9999505677850493,67108034.665052414
64,1073741824,0.028,0.002,4.91931400843896,3.2326889038085938,True,S8,0.3093399087929374,3.8217712231617074,64118681.31356817,3.9999598764201165,67108190.8380336,3.9999598265236775,67108190.00091027
65,1090519040,0.028,0.002,4.900611198507249,3.792485237121582,True,S8,0.2636792693436322,3.902969299469894,65480958.978575096,3.999967385899009,67108316.82618303,3.9999673590545863,67108316.37580835
66,1107296256,0.028,0.002,4.874658858636394,3.581920862197876,True,S8,0.2791797360387972,3.9155057381529783,65691285.51823196,3.9999735089292634,67108419.55358418,3.99997348551162,67108419.16070132
67,1124073472,0.028,0.002,4.865318127209321,3.7657382488250732,True,S8,0.26555210914085575,3.965836119650878,66535689.199984625,3.999978476409038,67108502.894065335,3.999978467023288,67108502.73659858
68,1140850688,0.028,0.002,4.856270003248937,3.3051371574401855,True,S8,0.3025592130691733,3.894304708566318,65335591.26543417,3.999982546145058,67108571.17290561,3.9999825165095846,67108570.67570487
69,1157627904,0.028,0.002,4.83434602629859,4.623488426208496,True,S8,0.21628685778569032,4.103152653446448,68839478.3478442,3.9999857799124916,67108625.42652033,3.9999858075202757,67108625.88970209
70,1174405120,0.028,0.002,4.8197157649556175,3.5440807342529297,True,S8,0.2821605355020949,4.038582922566426,67756178.0258082,3.9999884710258398,67108670.575910255,3.9999884814662057,67108670.75107053
71,1191182336,0.028,0.002,4.798350177472457,4.426706314086914,True,S8,0.22590154013972064,4.1683547142628115,69933387.40580547,3.9999906094901787,67108706.45338838,3.9999906535328855,67108707.19230238
72,1207959552,0.028,0.002,4.775905464892276,3.679090738296509,True,S8,0.2718062149934373,4.102645067739117,68830962.4727938,3.9999923904513777,67108736.3329591,3.9999924175142034,67108736.786997974
73,1224736768,0.028,0.002,4.757334690308198,4.493359565734863,True,S8,0.2225505799881109,4.213438597227069,70689769.44841553,3.9999937952440034,67108759.90146842,3.9999938497616503,67108760.816122755
74,1241513984,0.028,0.002,4.754425170947798,3.8617639541625977,True,S8,0.25894895517193495,4.159251141867545,69780654.80535844,3.9999949716201724,67108779.6377855,3.999995012409532,67108780.322117396
75,1258291200,0.028,0.002,4.736091582919471,3.9854719638824463,True,S8,0.2509112491948385,4.1442706900633794,69529324.52966237,3.999995919205943,67108795.535636656,3.9999959560077833,67108796.15306908
76,1275068416,0.028,0.002,4.722235542489216,3.8033502101898193,True,S8,0.26292602095773626,4.090259309519796,68623163.93182448,3.9999966985044018,67108808.610095225,3.999996721670345,67108808.99875526
77,1291845632,0.028,0.002,4.704640926443972,3.9369804859161377,True,S8,0.25400170246604536,4.080630322117965,68461616.33032268,3.9999973221757825,67108819.07356469,3.999997342827567,67108819.42004414
78,1308622848,0.028,0.002,4.7111155450111255,3.587998628616333,True,S8,0.27870682929408147,3.994060695950133,67009219.0130657,3.999997848202528,67108827.89882902,3.9999978466550816,67108827.87286718
79,1325400064,0.028,0.002,4.67856702755671,4.289216041564941,True,S8,0.2331427834752669,4.081358511737107,68473833.32485197,3.999998234480312,67108834.379494846,3.999998255238487,67108834.72775923
80,1342177280,0.028,0.002,4.672288875095546,4.507595539093018,True,S8,0.22184771669942135,4.174014073181397,70028335.6928041,3.9999985432828264,67108839.56034133,3.999998586522325,67108840.28577974
81,1358954496,0.028,0.002,4.637336824671365,4.103646278381348,True,S8,0.24368566111131323,4.155248292426453,69713498.13566977,3.999998816655476,67108844.146773316,3.999998855083087,67108844.79148165
82,1375731712,0.028,0.002,4.635228914907202,4.3202409744262695,True,S8,0.23146851632837082,4.178397082765872,70101870.39133291,3.9999990291740364,67108847.71224311,3.9999990727586514,67108848.44347161
83,1392508928,0.028,0.002,4.613479680730961,3.800069808959961,True,S8,0.2631529911606277,4.079788720449616,68447496.59734683,3.999999229366533,67108851.07091587,3.9999992491606666,67108851.40300632
84,1409286144,0.02679530250435569,0.0019139501788825492,4.599228516570292,3.914055109024048,True,S8,0.25548943912542565,4.039698221330572,67774889.63407882,3.9999993821842295,67108853.63477137,3.9999993920915284,67108853.800988264
85,1426063360,0.023744643498384073,0.0016960459641702909,4.588047294178978,3.5393619537353516,True,S8,0.28253672004579977,3.927956091884978,65900167.79207012,3.999999526338013,67108856.05327053,3.9999995078836195,67108855.74365719
86,1442840576,0.020693984492412453,0.0014781417494580322,4.550303961383179,2.864042043685913,True,S8,0.34915676361938974,3.675480592461625,61664331.80353665,3.999999690838958,67108858.81313842,3.999999601675213,67108857.31721901
87,1459617792,0.017643325486440837,0.001260237534745774,4.521259238594212,2.5967235565185547,True,S8,0.385100528852666,3.462288995420964,58087570.33060052,3.9999998372410284,67108861.26935758,3.999999677634824,67108858.59160981
88,1476395008,0.014592666480469219,0.0010423333200335156,4.5221022930927575,2.4483072757720947,True,S8,0.40844529665474477,3.3201271495481004,55702490.33543278,3.9999999561245345,67108863.26389184,3.9999997391435818,67108859.623555526
89,1493172224,0.0115420074744976,0.000824429105321257,4.5038087122375146,1.8741403818130493,True,S8,0.5335776743975406,3.046701434944765,51115168.061578274,4.000000134070939,67108866.2493371,3.9999997889434447,67108860.45905858
90,1509949440,0.008491348468525981,0.0006065248906089987,4.487560142646544,1.2871087789535522,True,S8,0.7769345057831986,2.6337051657711275,44186240.44645801,4.0000004372793745,67108871.33633052,3.9999998292576184,67108861.135418184
91,1526726656,0.005440689462554363,0.0003886206758967402,4.476231673615985,0.8981128334999084,False,S8,1.0,2.3266450017784375,39034625.75015723,4.083205264979462,68504816.70289767,3.999999861888385,67108861.6828716
92,1539870720,0.0023900304565827447,0.00017071646118448175,4.474450060421523,0.5414102673530579,False,S8,1.0,2.294822483557959,35994472.00925921,4.466128632229311,71737099.89816041,3.9999998882965397,64202340.52680917
1,16777216,0.009333333333333332,0.0006666666666666665,10.919343697372824,8.226346015930176,True,SL9,0.12156063901310238,0.0,0.0,0.0,0.0,0.0,0.0
2,33554432,0.018666666666666665,0.001333333333333333,10.460258181206882,6.928276062011719,True,SL9,0.14433602915262694,0.43116699997207925,7233781.8906035675,0.47368421620439166,7947102.411051779,0.4736842105263158,7947102.315789474
3,50331648,0.028,0.002,9.789750480558723,8.959959983825684,True,SL9,0.11160762885074803,0.961339677228455,16128603.414232071,0.9298892949474843,15600953.557421653,0.929889298892989,15600953.623616237
4,67108864,0.028,0.002,8.909629380330443,6.502965450286865,True,SL9,0.15377597403349466,1.3053198214356234,21899632.593306884,1.3687118433104555,22963174.236977667,1.3687118348357084,22963174.094795004
5,83886080,0.028,0.002,8.20974843017757,5.18678092956543,True,SL9,0.1927977720250491,1.5725821419678134,26383550.27353667,1.7902859837497882,30036014.651142687,1.7902859515030158,30036014.11013162
6,100663296,0.028,0.002,7.707208294654265,4.323713302612305,True,SL9,0.23128262646674394,1.8070220540655304,30316799.31782108,2.1947823649460245,36822337.80969028,2.194782300628096,36822336.730614506
7,117440512,0.028,0.002,7.396650078706443,13.269255638122559,True,SL9,0.07536217191903585,2.5340074910063994,42513591.02223242,2.5824067438935665,43325595.742159046,2.5824067367052264,43325595.62155871
8,134217728,0.028,0.002,7.26461703912355,8.746694564819336,True,SL9,0.11432889056092982,3.0362305169122417,50939495.20802833,2.953398738072045,49549808.56276212,2.9533987498770706,49549808.76081759
9,150994944,0.028,0.002,7.1215944001451135,6.4877824783325195,True,SL9,0.15413584675563471,3.332986499634808,55918234.4294571,3.308029667012782,55499528.257881515,3.3080296706169134,55499528.31834881
10,167772160,0.028,0.002,7.018463472370058,8.59107494354248,True,SL9,0.11639985568415961,3.7803180148196827,63423211.88332102,3.6466006533881137,61179806.827633515,3.6466006721237054,61179807.141964585
11,184549376,0.028,0.002,7.0647817340213805,39.14230728149414,True,SL9,0.02554780348691863,4.636109899070281,77781017.1764403,3.969440516307524,66596160.94124285,3.969440598586175,66596162.32164955
12,201326592,0.028,0.002,6.8157056018244475,4.169530391693115,True,SL9,0.23983510520925266,4.287104569540952,71925679.37777558,4.2769036476591005,71754536.30796462,4.276903649083571,71754536.33186327
13,218103808,0.028,0.002,6.771904670167714,12.443137168884277,True,SL9,0.08036557871716261,4.854497777149708,81444957.77876052,4.569366910313235,76661255.63757777,4.569366947863126,76661256.26756041
14,234881024,0.028,0.002,6.664312802953646,6.527163982391357,True,SL9,0.15320587156870516,4.989703176630506,83713327.97021616,4.847228012915123,81322991.3739278,4.847228032075593,81322991.69538715
15,251658240,0.028,0.002,6.56219688965939,4.694527626037598,True,SL9,0.21301393167646884,4.876818827106949,81819442.85523994,5.110902321580891,85746712.20406407,5.110902287785767,85746711.63707598
16,268435456,0.028,0.002,6.5010409713722765,8.6930570602417,True,SL9,0.11503431739097304,5.287351401554417,88707036.5317812,5.3608203745882905,89939641.36166866,5.360820364245987,89939641.1881536
17,285212672,0.028,0.002,6.44058606098406,5.795734882354736,True,SL9,0.1725406437247296,5.386868684173326,90376659.47801167,5.597425625525328,93909218.76337354,5.597425595082192,93909218.25262247
18,301989888,0.028,0.002,6.378130876459181,3.9934113025665283,True,SL9,0.25041241029815764,5.188542718361612,87049301.91117993,5.821171552604568,97663052.5111022,5.821171453259276,97663050.84436478
19,318767104,0.028,0.002,6.355204612016678,5.849769592285156,True,SL9,0.17094687462083186,5.417546205002118,90891342.87130082,6.032519162100088,101208877.00669219,6.032519064538283,101208875.36987671
20,335544320,0.028,0.002,6.268602756317705,2.0732991695404053,True,SL9,0.48232282748603306,4.615049359078174,77427679.94791609,6.231935117777264,104554521.5689346,6.231934801689436,104554516.26586083
21,352321536,0.028,0.002,6.240360409021378,3.461383104324341,True,SL9,0.2889017716209797,4.7307395767655285,79368639.71914385,6.419888326992593,107707853.15783337,6.419887979061036,107707847.32051048
22,369098752,0.028,0.002,6.188830943312496,4.454784870147705,True,SL9,0.22447768066725135,5.044814744536997,84637946.64908202,6.59684898717525,110676760.37722039,6.596848664302163,110676754.96030888
23,385875968,0.028,0.002,6.146071653813124,5.070568561553955,True,SL9,0.19721650356247838,5.412424342159145,90805412.27206188,6.763285900590492,113469108.4239612,6.763285621170933,113469103.73607892
24,402653184,0.028,0.002,6.107189755188301,4.117722988128662,True,SL9,0.2428526056828931,5.609485758631216,94111554.22147977,6.919664670629038,116092708.82671222,6.919664394497992,116092704.19400202
25,419430400,0.028,0.002,6.1027027210220695,6.612120151519775,True,SL9,0.15123739826971458,6.082480756224385,102047093.46301985,7.066445746647311,118555286.64378321,7.066445545578164,118555283.2704027
26,436207616,0.028,0.002,6.024594956543297,1.8623478412628174,True,SL9,0.5369563305454215,5.387776565738646,90391891.20313546,7.204083479324487,120864464.61465845,7.204083043584557,120864457.30415553
27,452984832,0.028,0.002,6.040121827740222,5.925022602081299,True,SL9,0.16877569899446937,5.89513537452987,98903959.52772853,7.33302315017967,123027713.32356477,7.333022816083083,123027707.71835415
28,469762048,0.028,0.002,5.976507538696751,3.5996501445770264,True,SL9,0.27780469824319715,6.042807097337245,101381479.91835998,7.45370179399772,125052364.99748725,7.453701459406041,125052359.38397038
29,486539264,0.028,0.002,5.94575394038111,4.051572799682617,True,SL9,0.2468176687484591,6.276856985899758,105308185.45354919,7.566545414703522,126945566.79629056,7.566545107547085,126945561.64306067
30,503316480,0.028,0.002,5.9073704548645765,2.9094436168670654,True,SL9,0.34370820953341097,6.228706360183712,104500352.00537594,7.671968816022952,128714277.97168133,7.671968456383594,128714271.93793413
31,520093696,0.028,0.002,5.905085866572335,6.1303839683532715,True,SL9,0.1631218928602811,6.718405927980033,112716147.42940146,7.77037419114752,130365246.20570724,7.770373938425486,130365241.96573508
32,536870912,0.028,0.002,5.849065781803802,3.6957273483276367,True,SL9,0.27058265807131426,6.829783108053912,114584746.43697183,7.862151293191431,131905010.47055197,7.862151041933917,131905006.25515038
33,553648128,0.028,0.002,5.82636168692261,3.1410789489746094,True,SL9,0.31836184250147637,6.80548274855193,114177054.05672942,7.9476760539688485,133339877.85546303,7.94767576714461,133339873.04335083
34,570425344,0.028,0.002,5.799822797533125,5.270589351654053,True,SL9,0.18973206667184314,7.183219767318591,120514429.61177374,8.027310418095835,134675920.78344414,8.027310211459948,134675917.31666923
35,587202560,0.028,0.002,5.782494514482096,4.079425811767578,True,SL9,0.24513247721846226,7.342874237028951,123192987.13546991,8.101402460542541,135918978.9834537,8.101402274826953,135918975.86766315
36,603979776,0.028,0.002,5.744012995157391,3.97668719291687,True,SL9,0.2514655289748799,7.468671549532044,125303515.8195538,8.170285648335787,137074647.10382953,8.170285476079062,137074644.21384126
37,620756992,0.028,0.002,5.731846659909934,4.217072010040283,True,SL9,0.23713129879874847,7.630874786456642,128024834.56133696,8.234279018396519,138148277.69590637,8.234278870768124,138148275.2191129
38,637534208,0.028,0.002,5.668357386486605,1.7353609800338745,True,SL9,0.5762486510050657,6.811425576643895,114276758.16727918,8.293687473642526,139144986.18179497,8.293687060929715,139144979.257623
39,654311424,0.028,0.002,5.687871511792764,5.340953350067139,True,SL9,0.18723245593503893,7.25898009136459,121785476.93252346,8.34880058062598,140069630.68208748,8.348800287287728,140069625.76068828
40,671088640,0.028,0.002,5.653872638242319,3.202378273010254,True,SL9,0.31226782174991863,7.301996794437532,122507177.45158607,8.39989489490879,140926851.02918208,8.399894594592771,140926845.99071535
41,687865856,0.028,0.002,5.614050707546994,3.2756001949310303,True,SL9,0.3052874695330716,7.373859862731118,123712839.67077032,8.447232358143314,141721041.87475973,8.447232061082033,141721036.89089847
42,704643072,0.028,0.002,5.590010093292221,4.707608222961426,True,SL9,0.21242204963030636,7.707666199632761,129313180.68713795,8.491061295134404,142456369.41770965,8.491061083426727,142456365.86584422
43,721420288,0.028,0.002,5.567768946988508,3.5218193531036377,True,SL9,0.28394406861745247,7.787505137698802,130652655.79628254,8.531616911100294,143136779.74678242,8.531616708978138,143136776.35573536
44,738197504,0.028,0.002,5.527161166537553,2.5669548511505127,True,SL9,0.3895664974338373,7.568324362095267,126975412.58093451,8.569121291382189,143765998.83571792,8.5691210076182,143765994.0749482
45,754974720,0.028,0.002,5.513253450626507,4.460363388061523,True,SL9,0.2241969294429329,7.870109868834263,132038533.21316409,8.603783679682332,144347537.2113053,8.603783476049944,144347533.79492074
46,771751936,0.028,0.002,5.461511427303776,2.6110119819641113,True,SL9,0.38299311681237175,7.681930200533212,128881402.27126901,8.635801742799558,144884711.17212462,8.63580146791353,144884706.56030238
47,788529152,0.028,0.002,5.440279703587294,3.7330405712127686,True,SL9,0.26787807768107064,7.863344565142693,131925030.25182503,8.665360873158136,145380631.08692265,8.665360643673424,145380627.23680806
48,805306368,0.028,0.002,5.402347529074177,2.7618517875671387,True,SL9,0.36207577916594175,7.763957174987613,130257586.53951699,8.692635707606051,145838226.87581956,8.692635434781238,145838222.29857874
49,822083584,0.028,0.002,5.3945127034094185,4.6973724365234375,True,SL9,0.21288492676028495,8.107029160464146,136013379.34340563,8.717789691627129,146260240.69900173,8.717789517168503,146260237.7720717
50,838860800,0.028,0.002,5.336131653049961,2.6826534271240234,True,SL9,0.37276512020672886,7.947932737573319,133344184.29173888,8.740976523128902,146649251.17946258,8.740976289657524,146649247.26246285
51,855638016,0.028,0.002,5.32438551238738,3.259981870651245,True,SL9,0.3067500780457262,8.015186752829207,134472519.43255422,8.762339574278808,147007663.7030236,8.762339353390583,147007659.99713415
52,872415232,0.028,0.002,5.277658789651468,2.4583377838134766,True,SL9,0.4067787591296748,7.814875645626733,131111856.71981916,8.782013285582572,147337733.8070885,8.782012988864336,147337728.82898256
53,889192448,0.028,0.002,5.271458709612489,4.336714744567871,True,SL9,0.23058924285101934,8.132850839118175,136446595.22366688,8.800122827228808,147641561.4989484,8.800122627614016,147641558.1499679
54,905969664,0.028,0.002,5.227601592661813,1.6346526145935059,True,SL9,0.6117503984161642,7.436723915345221,124767523.46011248,8.816785772152285,147921119.32512566,8.81678531601892,147921111.6724777
55,922746880,0.028,0.002,5.212907449807972,3.728811025619507,True,SL9,0.26818192848803085,7.7368365633292235,129802578.17967206,8.832110524253741,148178226.00127825,8.832110169095703,148178220.04271513
56,939524096,0.028,0.002,5.204454638413154,2.8927109241485596,True,SL9,0.34569636597821257,7.808998008047905,131013246.32458945,8.846199151064523,148414593.93642613,8.846198812508355,148414588.25639617
57,956301312,0.028,0.002,5.165530291618779,3.114757776260376,True,SL9,0.3210521494061297,7.938992768551102,133194196.50041984,8.85914611120974,148631807.88332582,8.85914581135404,148631802.85258198
58,973078528,0.028,0.002,5.121253636898473,3.057185411453247,True,SL9,0.3270981436570777,8.040083415818927,134890216.12521195,8.871039355472536,148831343.41126353,8.871039084582312,148831338.86647972
59,989855744,0.028,0.002,5.117201410466805,3.6840758323669434,True,SL9,0.27143842148306135,8.273002463127133,138797949.29241595,8.881960499363336,149014569.80128655,8.881960304173168,149014566.52653894
60,1006632960,0.028,0.002,5.080085526686162,3.5066261291503906,True,SL9,0.285174317989802,8.437269970048378,141553900.73781517,8.89198542257789,149182760.10344052,8.891985278437947,149182757.68517357
61,1023410176,0.028,0.002,5.076078411657363,3.7348527908325195,True,SL9,0.2677480983203614,8.626231430125737,144724147.9692084,8.901184404818896,149337093.41547805,8.901184319017831,149337091.97597507
62,1040187392,0.028,0.002,5.04224252817221,2.841831922531128,True,SL9,0.35188557077779664,8.552884157042392,143493584.92567813,8.909622704085306,149478664.58494326,8.909622591339561,149478662.69338354
63,1056964608,0.028,0.002,5.033787093125284,3.758600950241089,True,SL9,0.26605637235298535,8.734681769141845,146543642.73215488,8.917360505268931,149608483.346766,8.917360448448472,149608482.39347687
64,1073741824,0.028,0.002,5.001330815022811,2.6700830459594727,True,SL9,0.37452004610613604,8.584654949253357,144026610.3690926,8.92445385612803,149727490.0262929,8.92445374827728,149727488.21685755
65,1090519040,0.028,0.002,4.9885186571627855,3.91336727142334,True,SL9,0.25553434551568227,8.796806055001008,147585915.2948598,8.930954196273927,149836547.63699406,8.930954154526608,149836546.93659028
66,1107296256,0.028,0.002,4.959256642265245,2.5003650188446045,True,SL9,0.39994144555767497,8.571541176399395,143806597.76934674,8.936909538381618,149936461.6978887,8.93690942143253,149936459.73580858
67,1124073472,0.028,0.002,4.943835662328638,3.0858898162841797,True,SL9,0.3240555351871237,8.602884072852552,144332444.313207,8.942363771575696,150027968.5463001,8.9423636627783,150027966.7209827
68,1140850688,0.028,0.002,4.935597699135542,2.5957963466644287,True,SL9,0.38523808543258936,8.470567265821394,142112536.66121495,8.947357761467805,150111753.79342183,8.947357605574803,150111751.17797127
69,1157627904,0.028,0.002,4.904163409839384,3.7092301845550537,True,SL9,0.2695976471253453,8.675162383038403,145545073.13531002,8.95192891779121,150188445.07042938,8.951928828887503,150188443.57887268
70,1174405120,0.028,0.002,4.894512754166499,2.409154176712036,True,SL9,0.41508326639414683,8.45969432781274,141930119.03168914,8.956112152452372,150258628.10191837,8.95611198832934,150258625.34839082
71,1191182336,0.028,0.002,4.877452280605212,4.4835991859436035,True,SL9,0.22303505186190978,8.799688215250606,147634269.91991392,8.959939078026215,150322833.25888667,8.959939026769872,150322832.39894792
72,1207959552,0.028,0.002,4.85551581857726,3.1968724727630615,True,SL9,0.3128056235318249,8.838699785953796,148288775.4681006,8.963439411642836,150381559.11204478,8.96343937183271,150381558.4441417
73,1224736768,0.028,0.002,4.835934363305569,3.910998582839966,True,SL9,0.2556891093488309,9.034089708319089,151566874.39984635,8.966640099668936,150435257.74640727,8.966640120766986,150435258.1003738
74,1241513984,0.028,0.002,4.822755297180265,2.066136121749878,True,SL9,0.48399498245937705,8.561494275932796,143638038.75008813,8.969566347918077,150484352.04535273,8.96956621328529,150484349.78658938
75,1258291200,0.028,0.002,4.8261596547672525,4.359869956970215,True,SL9,0.22936458667458484,8.875616113716301,148908128.67289895,8.972240623868153,150529218.95061076,8.972240592961413,150529218.4320817
76,1275068416,0.028,0.002,4.807801959337667,2.203423500061035,True,SL9,0.4538390128512685,8.530315736222661,143114949.6548066,8.974684505870233,150570220.48683816,8.974684357777097,150570218.00224763
77,1291845632,0.028,0.002,4.7878394208382815,3.802964925765991,True,SL9,0.26295265840400095,8.761915718466039,147000552.58249992,8.976916970539174,150607675.02880135,8.97691690039871,150607673.85203964
78,1308622848,0.028,0.002,4.805015723919496,2.8768153190612793,True,SL9,0.3476064819898913,8.728260784243977,146435916.4815906,8.978956121073937,150641886.2977796,8.97895603875292,150641884.9166621
79,1325400064,0.028,0.002,4.768100382061675,3.502703905105591,True,SL9,0.2854936476499594,8.871060793839796,148831703.08738172,8.980818173026412,150673126.3455895,8.980818137456023,150673125.74881738
80,1342177280,0.028,0.002,4.744658379466273,2.372185468673706,True,SL9,0.4215520209754429,8.624300279494618,144691748.63794157,8.98251834021906,150701650.41781667,8.982518220634715,150701648.41152427
81,1358954496,0.028,0.002,4.722706101834774,3.7310092449188232,True,SL9,0.2680239223041204,8.835894818968097,148241715.93110865,8.984070125147888,150727685.04875314,8.98407007665764,150727684.23522177
82,1375731712,0.028,0.002,4.715844264952466,2.380054235458374,True,SL9,0.4201583161188317,8.607706889378953,144413357.7477988,8.98548648241585,150751447.5805709,8.985486355277267,150751445.44753945
83,1392508928,0.028,0.002,4.699119480792433,3.685640811920166,True,SL9,0.2713231646021007,8.81768866439968,147936267.34338495,8.986778713463849,150773127.6199851,8.986778657660956,150773126.6837679
84,1409286144,0.028,0.002,4.684193666675128,2.3243470191955566,True,SL9,0.43022817226229926,8.575353297686828,143870554.5516042,8.987957760071321,150792908.73959273,8.987957619768812,150792906.38570723
85,1426063360,0.028,0.002,4.676721531664953,3.1774115562438965,True,SL9,0.31472148557948876,8.682352130964457,145665697.08925098,8.989033093021897,150810949.83277646,8.989032989514348,150810948.09620795
86,1442840576,0.028,0.002,4.645880552940071,2.444875717163086,True,SL9,0.4090185787201371,8.533186589687753,143163114.5834948,8.990013855572728,150827404.29793647,8.990013698122334,150827401.6563572
87,1459617792,0.028,0.002,4.632854619296268,4.275015354156494,True,SL9,0.23391723379671386,8.86462880331952,148723792.19311312,8.990907968201583,150842405.0186391,8.990907926076721,150842404.31190118
88,1476395008,0.028,0.002,4.635299937217496,2.9206602573394775,True,SL9,0.34238821687624654,8.854704107368518,148557283.4254088,8.991723209858483,150856082.5040091,8.99172316403031,150856081.73513994
89,1493172224,0.028,0.002,4.61968073877506,3.6733362674713135,True,SL9,0.27223201333984487,9.037320706153995,151621081.5484181,8.99246625430387,150868548.72116697,8.992466269026968,150868548.96817955
90,1509949440,0.028,0.002,4.60341784148477,2.9715232849121094,True,SL9,0.3365276215568864,9.010764195903745,151175537.23974344,8.993143510568695,150879911.19580927,8.993143516367134,150879911.29309094
91,1526726656,0.028,0.002,4.588641465641558,3.2178797721862793,True,SL9,0.31076353376529364,9.060025230143657,152002000.25156984,8.993760625743047,150890264.67038625,8.993760647427447,150890265.03419012
92,1543503872,0.028,0.002,4.583802662556991,3.0318379402160645,True,SL9,0.3298328241435987,9.046790834555829,151779963.9381634,8.99432289654348,150899698.0090556,8.994322913726668,150899698.29734167
93,1560281088,0.028,0.002,4.553089273977093,2.9527244567871094,True,SL9,0.33867015902254255,9.011315842113452,151184792.3273593,8.994835112095803,150908291.5600155,8.994835117511636,150908291.6508781
94,1577058304,0.028,0.002,4.543241540668532,3.1223535537719727,True,SL9,0.32027112321115037,9.033074144266907,151549836.06238106,8.995301636738521,150916118.5447157,8.99530164911965,150916118.75243658
95,1593835520,0.028,0.002,4.52741912426427,2.770160675048828,True,SL9,0.36098976063639804,8.939153106002546,149974102.51647562,8.995726540088631,150923247.23999962,8.995726521357025,150923246.9257354
96,1610612736,0.028,0.002,4.50024875625968,3.58872389793396,True,SL9,0.2786505035745992,9.089190895715184,152491318.92264712,8.996113370787674,150929737.1821929,8.996113401117647,150929737.6910454
97,1627389952,0.028,0.002,4.511528046918102,3.4470348358154297,True,SL9,0.2901043237235276,9.18097156978507,154031143.1161432,8.996465578987468,150935646.25523782,8.996465638450369,150935647.25285974
98,1644167168,0.028,0.002,4.479015331366099,3.2182865142822266,True,SL9,0.31072425802920517,9.195819474793712,154280249.62562066,8.996786229354987,150941025.87571415,8.996786293269716,150941026.94802538
99,1660944384,0.028,0.002,4.477010828326456,3.043419361114502,True,SL9,0.32857767950063904,9.154962580503629,153594784.68502676,8.997078109072627,150945922.80478302,8.997078159891078,150945923.65737516
100,1677721600,0.028,0.002,4.453488556086086,3.2336974143981934,True,SL9,0.30924343332311177,9.175437448357574,153938295.96558386,8.997343732460255,150950379.2257319,8.997343789558577,150950380.1836828
101,1694498816,0.028,0.002,4.46187415078748,3.0662035942077637,True,SL9,0.326136097339707,9.142106564825513,153379096.53309563,8.997585464707587,150954434.81985956,8.997585511122136,150954435.59856647
102,1711276032,0.028,0.002,4.438310045166872,2.6379382610321045,True,SL9,0.37908378512428137,8.966162282898576,150427241.31124252,8.997805460354602,150958125.7343486,8.99780545000875,150958125.560774
103,1728053248,0.028,0.002,4.4291812556330115,2.7576887607574463,True,SL9,0.36262237117105334,8.872728151182171,148859676.70166394,8.998005587029345,150961483.30279812,8.998005545622592,150961482.60810807
104,1744830464,0.028,0.002,4.434682128136046,3.668266534805298,True,SL9,0.2726082518550756,9.043903802819418,151731527.5831228,8.998187552453206,150964536.17601877,8.9981875672986,150964536.42508316
105,1761607680,0.028,0.002,4.427340714726597,3.1361746788024902,True,SL9,0.3188596884922714,9.055866289737878,151932224.81005096,8.998353110282574,150967313.77548257,8.998353128925022,150967314.08825094
106,1778384896,0.028,0.002,4.416144696180709,2.906949043273926,True,SL9,0.344003159708159,8.995149201582207,150913561.10717222,8.998503703435599,150969840.309339,8.9985037023416,150969840.29098472
107,1795162112,0.028,0.002,4.407854924327694,3.1673314571380615,True,SL9,0.31572309302307344,9.024414575095175,151404552.59991997,8.998640621233456,150972137.40880787,8.998640629612247,150972137.54938066
108,1811939328,0.028,0.002,4.399441778659821,3.2579002380371094,True,SL9,0.3069460756896675,9.07259230389482,152212840.76238105,8.998765110396933,150974225.9903932,8.998765134263314,150974226.39080462
109,1828716544,0.028,0.002,4.39656802918762,3.4803717136383057,True,SL9,0.28732554880727756,9.167263746753044,153801164.0082451,8.998878277742433,150976124.6233928,8.998878331571685,150976125.52649778
110,1845493760,0.028,0.002,4.39653312752489,3.520237922668457,True,SL9,0.2840716275138413,9.253599236760504,155249633.17256612,8.998981157491087,150977850.659158,8.998981237980441,150977852.00954527
111,1862270976,0.028,0.002,4.367485250812024,3.2294633388519287,True,SL9,0.3096488751925649,9.24715453202167,155141508.96910647,8.999074701451665,150979420.0663901,8.999074779713673,150979421.37940872
112,1879048192,0.028,0.002,4.374211677000858,3.18235445022583,True,SL9,0.3142326542841205,9.226053221754105,154787487.72886452,8.999159729106303,150980846.59371793,8.999159800656534,150980847.7941316
113,1895825408,0.028,0.002,4.36191855429206,3.3394925594329834,True,SL9,0.29944660236739346,9.25008264011876,155190634.4711227,8.999236990856732,150982142.8307934,8.999237069561346,150982144.15123773
114,1912602624,0.028,0.002,4.3650131387403235,3.1025302410125732,True,SL9,0.3223174634894667,9.199967523935122,154349842.3420447,8.999307223505406,150983321.13911048,8.999307286635783,150983322.19826245
115,1929379840,0.028,0.002,4.344213470001705,3.674936532974243,True,SL9,0.2721134688759371,9.305672151161476,156123271.70522073,8.999370994500035,150984391.0388619,8.99937108956464,150984392.6337813
116,1946157056,0.028,0.002,4.333645914448425,2.841385841369629,True,SL9,0.3519408147600105,9.152488507596248,153553276.6294599,8.99942901087223,150985364.39206976,8.999429059012659,150985365.19973212
117,1962934272,0.028,0.002,4.339146471931599,2.8088035583496094,True,SL9,0.356023347024037,9.018235225498906,151300880.31700385,8.999481717675724,150986248.66549665,8.999481723651924,150986248.76576063
118,1979711488,0.028,0.002,4.3253333972534165,2.914379358291626,True,SL9,0.3431261115780329,8.947742333564523,150118205.84255606,8.999529581383737,150987051.68526453,8.999529564753983,150987051.40626356
119,1996488704,0.028,0.002,4.299316334887408,2.928663492202759,True,SL9,0.3414525640142078,8.896623375330163,149260572.03856322,8.999573053651593,150987781.02889237,8.999573020383375,150987780.47074428
120,2013265920,0.028,0.002,4.304709629388526,3.3299918174743652,True,SL9,0.300300948023801,8.970386025371594,150498103.95104071,8.999612498604236,150988442.80538297,8.999612489226472,150988442.6480502
121,2030043136,0.028,0.002,4.297300430946052,2.9519460201263428,True,SL9,0.3387594672878649,8.923579174129165,149712815.2974666,8.999648358630674,150989044.43679228,8.999648334086586,150989044.02501082
122,2046820352,0.028,0.002,4.3092077320907265,3.081841468811035,True,SL9,0.3244812186606659,8.926165884820472,149756213.10146418,8.9996809088072,150989590.5381347,8.999680885073797,150989590.13995427
123,2063597568,0.028,0.002,4.30625381518621,2.850297212600708,True,SL9,0.3508404824376486,8.85672321162498,148591158.373646,8.999710489077705,150990086.8127223,8.999710442515651,150990086.03154066
124,2080374784,0.028,0.002,4.2848492852644995,2.808939218521118,True,SL9,0.35600615257183754,8.789083178978569,147456346.9356901,8.99973734884931,150990537.44491223,8.999737279612635,150990536.28331357
125,2097152000,0.028,0.002,4.2742254277691245,2.9184842109680176,True,SL9,0.3426435043226808,8.772887510510635,147184628.7075392,8.999761719745061,150990946.32069436,8.999761644860351,150990945.0643374
126,2113929216,0.028,0.002,4.254150687018409,2.7494750022888184,True,SL9,0.36370566579506197,8.706874163106034,146077108.51924917,8.999783861924863,150991317.8048276,8.999783764258542,150991316.16625863
127,2130706432,0.028,0.002,4.264788747299463,3.1050634384155273,True,SL9,0.3220545079928475,8.76610471826988,147070832.3370329,8.999803920982856,150991654.3399763,8.999803843325342,150991653.03709942
128,2147483648,0.028,0.002,4.263429505517706,3.1616246700286865,True,SL9,0.3162929784761416,8.832029259321544,148176862.60195756,8.999822124422128,150991959.7430089,8.999822068933618,150991958.8120662
129,2164260864,0.028,0.002,4.258605477283709,3.424205780029297,True,SL9,0.29203843816682246,8.953490513427335,150214644.2977213,8.999838626132867,150992236.59577435,8.999838610984881,150992236.34163332
130,2181038080,0.028,0.002,4.242994472733699,2.720829486846924,True,SL9,0.36753484086355753,8.847946055454754,148443902.1287124,8.99985367420123,150992489.06046766,8.999853623934833,150992488.21713746
131,2197815296,0.028,0.002,4.245682786568068,3.3276383876800537,True,SL9,0.30051333197410396,8.945298213909151,150077200.31916803,8.999867266074672,150992717.09426424,8.99986724818354,150992716.79410085
132,2214592512,0.028,0.002,4.235361099243164,2.7679567337036133,True,SL9,0.36127719286449106,8.860463841463384,148653915.72842094,8.999879657517054,150992924.98816964,8.999879611342006,150992924.2134809
133,2231369728,0.028,0.002,4.242532720789313,3.683673620223999,True,SL9,0.27146805923352463,9.037415125783086,151622665.64693,8.999890817181962,150993112.21627828,8.999890829386002,150993112.4210281
134,2248146944,0.028,0.002,4.236316022579558,2.247305154800415,True,SL9,0.4449771998639014,8.712872162063668,146177738.24332917,8.999901104494587,150993284.80874425,8.999901007707011,150993283.1849182
135,2264924160,0.028,0.002,4.225195480976254,3.754708766937256,True,SL9,0.2663321700136912,8.929256973912178,149808072.97083098,8.999910265393234,150993438.50311962,8.999910242069333,150993438.1118095
136,2281701376,0.028,0.002,4.244164762669243,2.906237840652466,True,SL9,0.34408734272352326,8.898673859449485,149294973.45353764,8.999918653045736,150993579.22457737,8.999918619481605,150993578.6614647
137,2298478592,0.028,0.002,4.2147979638539255,2.9199140071868896,True,SL9,0.34247572190925585,8.879447180505753,148972403.307936,8.999926259062947,150993706.83237103,8.999926218990312,150993706.16006377
138,2315255808,0.028,0.002,4.213717924430966,2.9502575397491455,True,SL9,0.33895334477534567,8.874578880000229,148890726.77880192,8.999933154175801,150993822.51316872,8.999933112402118,150993821.81232262
139,2332033024,0.028,0.002,4.214475149172358,3.4071173667907715,True,SL9,0.29350315790229464,8.994385043580996,150900740.66332778,8.99993936677026,150993926.74320787,8.99993936494138,150993926.71252435
140,2348810240,0.028,0.002,4.198630486149341,2.854300022125244,True,SL9,0.35034847139403114,8.937732873231905,149950274.9645123,8.999945056464329,150994022.20043424,8.999945035848542,150994021.85455874
141,2365587456,0.028,0.002,4.195648246910423,2.6125905513763428,True,SL9,0.38276170627329353,8.807392894453903,147763532.98711833,8.99995024372347,150994109.2282013,8.99995017892467,150994108.14105785
142,2382364672,0.028,0.002,4.184476882102899,2.582237958908081,True,SL9,0.3872608290376261,8.695531884279639,145886816.6574465,8.999954947015203,150994188.1363426,8.999954843026934,150994186.39170897
143,2399141888,0.028,0.002,4.190971628529951,3.1437759399414062,True,SL9,0.31808872547383654,8.78643186231558,147411865.22335073,8.999959144956591,150994258.56611204,8.999959072519376,150994257.35081723
144,2415919104,0.028,0.002,4.175752171664499,2.701103687286377,True,SL9,0.37021889773721967,8.72808767795766,146433012.2400341,8.999963000756436,150994323.2556989,8.999962907682956,150994321.69418502
145,2432696320,0.028,0.002,4.178764467360452,2.959615468978882,True,SL9,0.3378816175952072,8.766692785662176,147080698.47069603,8.999966464843206,150994381.37343088,8.999966385088548,150994380.03536975
146,2449473536,0.028,0.002,4.181118750711903,3.1015591621398926,True,SL9,0.3224183790489685,8.840379372084517,148316954.2474063,8.999969592188117,150994433.84157196,8.99996953793612,150994432.9313745
147,2466250752,0.028,0.002,4.152242572745308,2.736607551574707,True,SL9,0.36541579884509867,8.790479221190694,147479768.63742805,8.999972468113132,150994482.09158713,8.999972396363239,150994480.88782367
148,2483027968,0.028,0.002,4.15087718993891,3.3815481662750244,True,SL9,0.2957224487442715,8.933424427994424,149877991.2481389,8.999975010207356,150994524.740851,8.999974987725526,150994524.3636685
149,2499805184,0.028,0.002,4.1430541223380715,2.337635040283203,True,SL9,0.42778259008996566,8.708166145240098,146098784.3825805,8.99997743805544,150994565.47338274,8.999977336851687,150994563.77546552
150,2516582400,0.028,0.002,4.13301476277411,3.0569236278533936,True,SL9,0.327126155119569,8.787228494616448,147425230.495535,8.99997953964119,150994600.7321408,8.999979466275333,150994599.50126597
151,2533359616,0.028,0.002,4.135556803434156,2.7325849533081055,True,SL9,0.36595372189093867,8.75491128423314,146883037.67641678,8.999981481473968,150994633.31068876,8.999981396445705,150994631.88415122
152,2550136832,0.028,0.002,4.13108521013055,2.8092305660247803,True,SL9,0.35596923090788696,8.756668599068801,146912520.52699468,8.999983230557726,150994662.65544477,8.99998314591923,150994661.23544645
153,2566914048,0.028,0.002,4.118016445543617,3.2133877277374268,True,SL9,0.31119795478467,8.874524248362087,148889810.2120084,8.999984774715879,150994688.56211963,8.999984731533578,150994687.83764085
154,2583691264,0.028,0.002,4.1177393884863704,2.7089128494262695,True,SL9,0.3691516436418949,8.823085118700856,148026804.8228299,8.999986229895073,150994712.9759753,8.99998616856585,150994711.9470417
155,2600468480,0.028,0.002,4.119376023299992,3.270430564880371,True,SL9,0.30577004293211035,8.946362769410145,150095060.5967522,8.999987489247877,150994734.1044093,8.999987470876324,150994733.7961858
156,2617245696,0.028,0.002,4.122061134316027,2.187145233154297,True,SL9,0.45721679915192615,8.661924338046422,145322975.59506184,8.99998877073312,150994755.60416403,8.999988651039029,150994753.5960304
157,2634022912,0.028,0.002,4.111776157631539,2.7144627571105957,True,SL9,0.36839688773905294,8.660654829686228,145301676.77908906,8.999989841090972,150994773.56178892,8.999989720460428,150994771.53794423
158,2650800128,0.028,0.002,4.110610797419213,2.484553813934326,True,SL9,0.40248659212170346,8.581147310970966,143967761.96397907,8.999990840350637,150994790.32658416,8.99999068948715,150994787.79551485
159,2667577344,0.028,0.002,4.092195283970796,2.910914182662964,True,SL9,0.3435345715175321,8.663092559557782,145342575.09969378,8.999991688290669,150994804.55265722,8.999991567503917,150994802.5261918
160,2684354560,0.028,0.002,4.100032789632678,2.9092886447906494,True,SL9,0.3437265181865243,8.732828820011147,146512555.40435213,8.99999245841193,150994817.47314796,8.999992363022455,150994815.87277815
161,2701131776,0.028,0.002,4.084299297071993,3.347191095352173,True,SL9,0.2987578757097852,8.90491776588051,149399728.82041475,8.999993117154268,150994828.52501047,8.999993083762245,150994827.96478528
162,2717908992,0.028,0.002,4.105976893333718,2.843325138092041,True,SL9,0.35170077276855427,8.913196702438281,149538626.32729477,8.999993767212603,150994839.43117955,8.999993736723848,150994838.91966313
163,2734686208,0.028,0.002,4.092922161449678,3.7210822105407715,True,SL9,0.26873895138041637,9.136529921400806,153285535.98180434,8.99999428142211,150994848.05818352,8.999994328255507,150994848.84391755
164,2751463424,0.028,0.002,4.1098314503906295,3.119534969329834,True,SL9,0.320560496763507,9.182983808968205,154064902.8875623,8.999994801756966,150994856.7879538,8.999994864113594,150994857.83412442
165,2768240640,0.028,0.002,4.082341219065711,2.5886621475219727,True,SL9,0.386299778307294,9.043843129928534,151730509.6609271,8.999995334375969,150994865.72381786,8.999995349517508,150994865.97785074
166,2785017856,0.028,0.002,4.072799631743692,2.634554147720337,True,SL9,0.3795707221635855,8.950682017080938,150167525.5478826,8.999995806397456,150994873.6430243,8.999995789199499,150994873.35449046
167,2801795072,0.02679530250435569,0.0019139501788825492,4.091057738754898,2.5225348472595215,True,SL9,0.39642647738243175,8.834822505658137,148223725.49908778,8.999996245841064,150994881.01566464,8.999996187449918,150994880.03602377
168,2818572288,0.02526997300136988,0.00180499807152642,4.0679194134427235,2.489288568496704,True,SL9,0.40172104228272065,8.732261063699534,146503030.03407684,8.999996644097084,150994887.6972919,8.999996548158258,150994886.0877055
169,2835349504,0.023744643498384073,0.0016960459641702909,4.071574600529857,2.518778085708618,True,SL9,0.3970177478739331,8.66548780437274,145382760.6393272,8.999996996010529,150994893.60141978,8.99999687485043,150994891.56869063
170,2852126720,0.022219313995398265,0.0015870938568141616,4.05515963525977,2.0684683322906494,True,SL9,0.483449275456546,8.417175538821482,141216772.1247244,8.99999738888869,150994900.19282156,8.999997170722581,150994896.53260162
171,2868903936,0.020693984492412453,0.0014781417494580322,4.049816186190583,2.5074291229248047,True,SL9,0.3988147030927206,8.420374245552924,141270437.51847845,8.999997657059998,150994904.6919895,8.999997438671802,150994901.02804357
172,2885681152,0.019168654989426645,0.0013691896421019032,4.059964271844365,1.7562414407730103,True,SL9,0.5693974685863131,8.065975115166843,135324606.757779,8.99999805123267,150994911.30510956,8.99999768132395,150994905.0990711
173,2902458368,0.017643325486440837,0.001260237534745774,4.057146373204887,1.4538196325302124,True,SL9,0.6878427624593632,7.599443497443371,127497505.03640288,8.999998496601007,150994918.77715036,8.99999790105895,150994908.78561264
174,2919235584,0.016117995983455025,0.0011512854273896447,4.0187797006219625,1.3699477910995483,True,SL9,0.7299542920851663,7.221934515649598,121163955.30690868,8.999998910283761,150994925.71759528,8.999998100033713,150994912.1238552
175,2936012800,0.014592666480469219,0.0010423333200335156,4.025994571391493,1.2960968017578125,True,SL9,0.7715467140240232,6.920088065245898,116099812.20965253,8.999999293697158,150994932.15020466,8.99999828020293,150994915.1465931
176,2952790016,0.013067336977483407,0.0009333812126773862,4.018138656159863,1.204326868057251,True,SL9,0.8303386698284577,6.6592444201070435,111723582.03293061,8.999999664237844,150994938.3668458,8.999998443337967,150994917.88354483
177,2969567232,0.0115420074744976,0.000824429105321257,4.018143929424696,1.1371368169784546,True,SL9,0.879400882697886,6.45078302442789,108226180.16995999,9.000000011889458,150994944.199472,8.999998591043969,150994920.36164033
178,2986344448,0.010016677971511791,0.0007154769979651279,4.005889835592825,1.0063422918319702,True,SL9,0.9936966918908728,6.21886355668848,104335217.16509087,9.00000039623468,150994950.64771482,8.999998724775391,150994922.6052813
179,3003121664,0.008491348468525981,0.0006065248906089987,4.006678354460746,0.8119052052497864,False,SL9,1.0,6.092497820269721,102215151.9101943,9.172530426489498,153889524.23178643,8.999998845850088,150994924.63657764
180,3019898880,0.006966018965540172,0.0004975727832528694,3.9965323430951685,0.485272079706192,False,SL9,1.0,6.044565620979086,101410983.04934026,9.642640493081128,161776662.3627686,8.999998955462091,150994926.4755619
181,3036676096,0.005440689462554363,0.0003886206758967402,4.0048916573869064,0.4999833106994629,False,SL9,1.0,6.051153147015166,101521503.39655319,10.043707260227373,168505446.14560285,8.999999054693193,150994928.1403835
182,3053453312,0.003915359959568554,0.00027966856854061097,4.013844353728928,0.4047602713108063,False,SL9,1.0,6.09599082006182,102273754.72219428,10.511601723705514,176355412.62457973,8.999999144523454,150994929.6474852
183,3070230528,0.0023900304565827447,0.00017071646118448175,4.005452757119201,0.3129480183124542,False,SL9,1.0,6.167674521935527,103476407.67220907,11.054054108856414,185456253.45997158,8.99999922584073,150994931.0117627
184,3079741440,0.0008647009535969358,6.176435382835255e-05,4.001645953926314,0.261086106300354,False,SL9,1.0,6.25801838180468,98647995.42105745,11.625713544795762,188039011.2578869,8.999999299449318,144455258.64947644
1,16777216,0.009333333333333332,0.0006666666666666665,10.919343697372824,8.226349830627441,True,SL8,0.12156058264338915,0.0,0.0,0.0,0.0,0.0,0.0
2,33554432,0.018666666666666665,0.001333333333333333,10.460269655566663,6.930268287658691,True,SL8,0.14429453726722904,0.4026134673871592,6754733.106863325,0.4444444500577674,7456540.538620376,0.4444444444444445,7456540.444444445
3,50331648,0.028,0.002,9.7886720020324,8.884754180908203,True,SL8,0.11255234158267259,0.8863470397587088,14870435.736992445,0.8524590121465124,14301888.977928663,0.8524590163934426,14301889.049180327
4,67108864,0.028,0.002,8.90736743947491,6.526847839355469,True,SL8,0.15321329244982954,1.1598954812188218,19459817.025832117,1.224932258087536,20550953.079302337,1.2249322493224934,20550952.932249326
5,83886080,0.028,0.002,8.203615241451189,5.291561603546143,True,SL8,0.18898009433543309,1.3552156660991161,22736745.95672875,1.5630652384080732,26223883.12686374,1.563065207044265,26223882.600666355
6,100663296,0.028,0.002,7.695354919647798,4.310125827789307,True,SL8,0.23201173421453744,1.4984820367102918,25140356.802008495,1.8683320962073806,31345411.137804005,1.8683320322664587,31345410.065053347
7,117440512,0.028,0.002,7.367703828960657,11.995984077453613,True,SL8,0.0833612240715016,2.147619764803191,36031080.679972336,2.1424337142563017,35944073.18976025,2.14243371503539,35944073.20283119
8,134217728,0.028,0.002,7.258626533206552,9.737117767333984,True,SL8,0.10269978459693774,2.5879500654280663,43418597.2449008,2.387247771974625,40051371.51593703,2.387247799833277,40051371.98332765
9,150994944,0.028,0.002,7.0934878890402615,5.673649787902832,True,SL8,0.17625335738536577,2.597251695753755,43574652.70602703,2.6047767549584204,43700902.24971649,2.604776753848802,43700902.23110018
10,167772160,0.028,0.002,6.984878093935549,8.119086265563965,True,SL8,0.12316655398462927,2.8982265562125504,48624172.9505141,2.797097489621536,46927508.75643827,2.797097503983287,46927508.99738847
11,184549376,0.028,0.002,7.080640309257433,43.97880554199219,True,SL8,0.02273822503676111,3.730920468839155,62594458.58453577,2.966314177853137,49766493.68570449,2.966314266484154,49766495.17268621
12,201326592,0.028,0.002,6.784717368194833,4.01418924331665,True,SL8,0.24911624496744542,2.979619020667101,49989711.90744042,3.114516322336705,52252913.07536852,3.114516302840974,52252912.74828444
13,218103808,0.028,0.002,6.7199567765928805,10.936643600463867,True,SL8,0.09143572242967336,3.4018499630164722,57073571.62911937,3.2437416812784257,54420954.8350113,3.2437417023523154,54420955.1885725
14,234881024,0.028,0.002,6.615776709280908,7.4304890632629395,True,SL8,0.13458062543466637,3.473930031489635,58282874.50718841,3.355947756140202,56303460.389479496,3.3559477718977,56303460.65384644
15,251658240,0.028,0.002,6.538471905514598,7.352602005004883,True,SL8,0.1360062551071103,3.533089086506692,59275398.75156546,3.4529881394686317,57931527.86130336,3.4529881502074184,57931528.041470304
16,268435456,0.028,0.002,6.459476224146783,6.395707607269287,True,SL8,0.15635484062913868,3.4811097693186484,58403330.519569136,3.5365963927849173,59334241.5865734,3.5365963850915523,59334241.45750015
17,285212672,0.028,0.002,6.4056576625443995,5.358102321624756,True,SL8,0.18663320581447215,3.3285654273971033,55844061.14557352,3.6083754718869785,60538494.700949766,3.608375430343641,60538494.00396822
18,301989888,0.028,0.002,6.336920785019174,3.300427198410034,True,SL8,0.3029909878002331,2.844105292882697,47716168.82543627,3.6697924829243562,61568901.161198236,3.66979233434941,61568898.66852427
19,318767104,0.028,0.002,6.31617992836982,5.491714000701904,True,SL8,0.18209247928419237,3.0566259653084678,51281674.05118867,3.7221774155757057,62447774.49143538,3.7221772955251615,62447772.47732147
20,335544320,0.028,0.002,6.229004543274641,2.2667293548583984,True,SL8,0.44116407487844733,2.503493498629574,42001651.181104064,3.7667265301994406,63195184.61008654,3.7667262356852413,63195179.6689582
21,352321536,0.028,0.002,6.197176289279014,3.8299293518066406,True,SL8,0.26110135384793187,2.73018247104648,45804861.03616054,3.804506330550206,63829024.4810082,3.8045060740157535,63829020.17707428
22,369098752,0.028,0.002,6.148644841974601,4.470196723937988,True,SL8,0.22370375132289613,3.0169977507088688,50616822.935156845,3.836462147548635,64365154.12524732,3.836461954361675,64365150.88410796
23,385875968,0.028,0.002,6.138373158173636,10.019296646118164,True,SL8,0.09980739522070552,3.629943947216472,60900353.67034335,3.8634258203268623,64817529.48760096,3.8634257716696356,64817528.67126816
24,402653184,0.028,0.002,6.067756657721475,2.573725700378418,True,SL8,0.38854164268994407,3.1520397091636494,52882451.041215725,3.8861256265948634,65198369.04051737,3.886125447038975,65198366.028069444
25,419430400,0.028,0.002,6.052671764045954,5.273956775665283,True,SL8,0.18961092267634908,3.475330005717029,58306362.17719583,3.905194605708864,65518293.42201244,3.905194505310196,65518291.73760231
26,436207616,0.028,0.002,5.991343951784074,2.7261767387390137,True,SL8,0.366813940921749,3.210136613762709,53857155.35860554,3.9211817928298265,65786513.91357325,3.9211816077514268,65786510.80847296
27,452984832,0.028,0.002,5.9669893274549395,4.441321849822998,True,SL8,0.225158141799994,3.4596884810532518,58043940.93934231,3.9345599012598425,66010961.32837505,3.934559781000031,66010959.310750216
28,469762048,0.028,0.002,5.9152587407734245,3.850339651107788,True,SL8,0.25971727974569947,3.547858302448465,59523185.07757123,3.9457352610920826,66198452.754158266,3.9457351598150314,66198451.0550113
29,486539264,0.028,0.002,5.899378836387768,4.361210346221924,True,SL8,0.2292940929969584,3.7106060555257363,62253639.28446327,3.9550551857367298,66354815.143025234,3.955055124750116,66354814.11983964
30,503316480,0.028,0.002,5.8663180593866855,4.260268211364746,True,SL8,0.23472695043129851,3.812480371981646,63962806.69649642,3.962815804032805,66485016.712472044,3.9628157669705435,66485016.090670474
31,520093696,0.028,0.002,5.8290079205762595,3.7200264930725098,True,SL8,0.2688152175924008,3.7806137835666243,63428174.059474505,3.9692686995238167,66593278.33395017,3.969268652172975,66593277.539534874
32,536870912,0.028,0.002,5.783536164788529,3.047010898590088,True,SL8,0.3281903823423596,3.601982037953354,60431230.678863615,3.9746269846318505,66683175.440597236,3.9746268853429223,66683173.77480544
33,553648128,0.028,0.002,5.77371603064239,4.652405261993408,True,SL8,0.21494253590217027,3.8291229501795723,64242022.82571992,3.979070537856394,66757725.8928529,3.9790704994492683,66757725.248488255
34,570425344,0.028,0.002,5.739904039306566,5.182751178741455,True,SL8,0.19294767828216577,4.063399239166068,68172526.72972478,3.982751186021883,66819476.922145315,3.982751205659098,66819477.25160311
35,587202560,0.028,0.002,5.723015695344657,5.194880485534668,True,SL8,0.1924971729931733,4.227454471947258,70924916.80602509,3.9857964952980485,66870568.73365834,3.9857965516743112,66870569.67949508
36,603979776,0.028,0.002,5.675885344622657,3.5416438579559326,True,SL8,0.2823546798470222,4.012776768866208,67323222.61105044,3.9883135336479185,66912797.6297344,3.9883135395950697,66912797.72951104
37,620756992,0.028,0.002,5.662204145686701,4.943678855895996,True,SL8,0.20227847052178488,4.149366382938339,69614816.06969523,3.9903917190198404,66947663.79460717,3.9903917563690516,66947664.421222955
38,637534208,0.028,0.002,5.616367688635364,3.943136692047119,True,SL8,0.25360514344119695,4.054830473329068,68028766.69442402,3.992106054299176,66976425.567885004,3.992106069269759,66976425.81904971
39,654311424,0.028,0.002,5.597890375647694,3.4773788452148438,True,SL8,0.28757284061908883,3.884494498888738,65171003.25866812,3.993518963756765,67000130.25504342,3.993518936669197,67000129.80058944
40,671088640,0.028,0.002,5.571605907287449,4.5751953125,True,SL8,0.2185698561759802,4.003794242658608,67172520.82863988,3.99468237897467,67019649.123451896,3.9946823811840817,67019649.160519674
41,687865856,0.028,0.002,5.551333555020392,5.070528507232666,True,SL8,0.19721806146154708,4.158170411296003,69762523.15512188,3.995639630565303,67035709.14015429,3.995639668503851,67035709.77665751
42,704643072,0.028,0.002,5.51179709029384,5.0773539543151855,True,SL8,0.19695294282116546,4.259565354209473,71463648.01368883,3.9964266716639534,67048913.498667225,3.996426731167238,67048914.49696668
43,721420288,0.028,0.002,5.479493300197646,3.474836587905884,True,SL8,0.2877832343820856,3.989991054190385,66940941.75421979,3.997073374157388,67059763.36608732,3.997073372468533,67059763.33775303
44,738197504,0.028,0.002,5.456594048300758,4.454833507537842,True,SL8,0.22447522984477677,4.039321410149311,67768567.79149958,3.9976042718703626,67068670.3516918,3.997604281701568,67068670.51663205
45,754974720,0.028,0.002,5.430153143592179,4.97625207901001,True,SL8,0.2009544096979374,4.153773941698013,69688762.63503897,3.998039852571918,67075978.18320722,3.9980398881916273,67075978.78080678
46,771751936,0.028,0.002,5.372872615465894,2.9228203296661377,True,SL8,0.3421351794070238,3.75097798212371,62930967.817333624,3.9983971402875667,67081972.47638681,3.9983970780851807,67081971.432803944
47,788529152,0.028,0.002,5.34117498062551,3.5430734157562256,True,SL8,0.2822407555294213,3.7097500736664015,62239278.29191713,3.9986898691192625,67086883.6512256,3.998689794696394,67086882.40261706
48,805306368,0.028,0.002,5.3146284176036716,3.496668577194214,True,SL8,0.2859864159090539,3.6864429604617577,61848249.81934637,3.998929622622162,67090906.047530495,3.998929540358424,67090904.667374
49,822083584,0.028,0.002,5.283034949563444,3.194983959197998,True,SL8,0.3129905188195374,3.6126323557138087,60609913.3603994,3.999125900782863,67094199.04862866,3.9991257951918846,67094197.27710601
50,838860800,0.028,0.002,5.243118774611503,4.00290584564209,True,SL8,0.2498184540788618,3.754362428291162,62987749.40172534,3.9992864317366816,67096892.31111556,3.9992863659683238,67096891.20770562
51,855638016,0.028,0.002,5.230265954975039,3.4444406032562256,True,SL8,0.29032282012116084,3.7427162820458695,62792359.490600474,3.9994177463424134,67099095.40461988,3.999417676292416,67099094.22937594
52,872415232,0.028,0.002,5.190023159608245,3.857325792312622,True,SL8,0.25924689657949873,3.832472367981826,64298216.73166258,3.9995250527596267,67100895.70755965,3.999525007629106,67100894.95039516
53,889192448,0.028,0.002,5.180808751611039,4.659712791442871,True,SL8,0.2146054553471517,4.031781568172557,67642070.23404971,3.9996126909026546,67102366.03161507,3.9996126992359056,67102366.17142382
54,905969664,0.028,0.002,5.137515120906755,2.885024309158325,True,SL8,0.34661740984578715,3.7704956849729743,63258420.53385954,3.9996843771855195,67103568.72786693,3.999684313800835,67103567.66444839
55,922746880,0.028,0.002,5.119580002268776,3.7719781398773193,True,SL8,0.2651128129071584,3.848252125389804,64562957.130123824,3.999742816058411,67104549.16946023,3.9997427745088383,67104548.472374074
56,939524096,0.028,0.002,5.104636716190726,3.2793033123016357,True,SL8,0.30494272710486353,3.793748199049949,63648532.98507199,3.9997905361168145,67105349.7791876,3.9997904783413603,67105348.80987632
57,956301312,0.028,0.002,5.08400181401521,4.5819807052612305,True,SL8,0.21824617912632793,4.012910368052084,67325464.0334493,3.9998293861288428,67106001.574231,3.9998293896342028,67106001.63304118
58,973078528,0.028,0.002,5.047572416020557,4.388876914978027,True,SL8,0.22784867097516573,4.134131210280862,69359212.28722344,3.9998610823557,67106533.34867537,3.9998611172590524,67106533.93425645
59,989855744,0.028,0.002,5.034385524457321,3.9513137340545654,True,SL8,0.25308032067945885,4.1291231704821145,69275191.32178326,3.9998869448200907,67106967.24882674,3.9998869782373565,67106967.80947543
60,1006632960,0.028,0.002,5.011926250299439,5.368452548980713,True,SL8,0.1862733822461528,4.346359509286112,72919812.3009471,3.9999079655527203,67107319.91819855,3.999908050126637,67107321.33711342
61,1023410176,0.028,0.002,4.994801523163915,3.454927682876587,True,SL8,0.2894415751492144,4.123940610484531,69188242.39327084,3.999925182727683,67107608.774461806,3.99992521412592,67107609.30123681
62,1040187392,0.028,0.002,4.966671732719988,3.706667423248291,True,SL8,0.26978404481177276,4.046081719784052,67881986.96646851,3.9999391786816947,67107843.58760539,3.9999391905172983,67107843.786173865
63,1056964608,0.028,0.002,4.9651823721360415,4.4448137283325195,True,SL8,0.22498125593980647,4.1385769029671495,69433798.63369091,3.9999505331011544,67108034.08315322,3.9999505677850493,67108034.665052414
64,1073741824,0.028,0.002,4.92480816540774,3.403005599975586,True,SL8,0.2938577903455063,3.972225452126679,66642884.411026955,3.9999598337049167,67108190.12139147,3.9999598265236775,67108190.00091027
65,1090519040,0.028,0.002,4.905853127362207,3.664670467376709,True,SL8,0.2728757567771368,3.935385710139207,66024816.10231887,3.9999673759568,67108316.65938044,3.9999673590545863,67108316.37580835
66,1107296256,0.028,0.002,4.887078628526069,4.237425804138184,True,SL8,0.2359922769694619,4.027486280784121,67570007.26975185,3.999973478452572,67108419.04227015,3.99997348551162,67108419.16070132
67,1124073472,0.028,0.002,4.875322543899529,4.199715614318848,True,SL8,0.23811130412716908,4.080714878489262,68463034.9508281,3.9999784466065913,67108502.39406325,3.999978467023288,67108502.73659858
68,1140850688,0.028,0.002,4.856722392258234,3.1025562286376953,True,SL8,0.32231476369545997,3.8529872967947787,64642400.12358211,3.99998255572316,67108571.33359949,3.9999825165095846,67108570.67570487
69,1157627904,0.028,0.002,4.827507926966064,3.5822951793670654,True,SL8,0.279150564311152,3.8466782536508197,64536551.94400259,3.9999858487974573,67108626.58221828,3.9999858075202757,67108625.88970209
70,1174405120,0.028,0.002,4.82413707440719,3.891376256942749,True,SL8,0.2569784253674874,3.9129948073287304,65649159.08943249,3.999988504675343,67108671.14045524,3.9999884814662057,67108670.75107053
71,1191182336,0.028,0.002,4.801743126125075,4.057987689971924,True,SL8,0.24642749805370176,3.9913254868647843,66963329.81943565,3.9999906558093845,67108707.2304957,3.9999906535328855,67108707.19230238
72,1207959552,0.028,0.002,4.770794741460122,3.4699249267578125,True,SL8,0.28819058997445746,3.917102573307199,65718075.96653071,3.999992439713167,67108737.15943478,3.9999924175142034,67108736.786997974
73,1224736768,0.028,0.002,4.75171613052953,3.517055034637451,True,SL8,0.2843287084856136,3.885755350649346,65192156.84099982,3.9999938807335402,67108761.33574484,3.9999938497616503,67108760.816122755
74,1241513984,0.028,0.002,4.753635108238086,4.0441060066223145,True,SL8,0.24727337787117845,3.978581443292433,66749520.2477089,3.9999950181129833,67108780.41780543,3.999995012409532,67108780.322117396
75,1258291200,0.028,0.002,4.736151154967956,3.5330679416656494,True,SL8,0.28304004719719805,3.9335600942792364,65994187.35070311,3.999995973924607,67108796.4536635,3.9999959560077833,67108796.15306908
76,1275068416,0.028,0.002,4.719825692940503,3.7827587127685547,True,SL8,0.26435726187538156,3.9625070309931005,66479836.36048994,3.999996731740837,67108809.16771008,3.999996721670345,67108808.99875526
77,1291845632,0.028,0.002,4.700098239234649,3.1957619190216064,True,SL8,0.31291432604335784,3.843258862922755,64479184.08716945,3.999997386319223,67108820.14971305,3.999997342827567,67108819.42004414
78,1308622848,0.028,0.002,4.703114694450051,3.359590530395508,True,SL8,0.29765523307003783,3.8190682978384505,64073333.75158802,3.9999978975893486,67108828.72740238,3.9999978466550816,67108827.87286718
79,1325400064,0.028,0.002,4.673256438807584,3.9804887771606445,True,SL8,0.2512253657170094,3.940038607560722,66102878.76738547,3.9999982717547646,67108835.004856385,3.999998255238487,67108834.72775923
80,1342177280,0.028,0.002,4.663587059476413,3.8026864528656006,True,SL8,0.2629719145722659,3.988182359227344,66910596.88814674,3.9999985897476775,67108840.33989217,3.999998586522325,67108840.28577974
81,1358954496,0.028,0.002,4.628708818927407,3.7024405002593994,True,SL8,0.2700920459998999,3.9989479524553593,67091213.57110129,3.999998855369338,67108844.79628415,3.999998855083087,67108844.79148165
82,1375731712,0.028,0.002,4.642642721999437,4.741209030151367,True,SL8,0.21091662120863144,4.1881883214998545,70266140.1184805,3.9999990238120846,67108847.62228449,3.9999990727586514,67108848.44347161
83,1392508928,0.028,0.002,4.6268056579865515,4.811145782470703,True,SL8,0.20785065291366203,4.324263002829649,72549094.43928163,3.999999168210184,67108850.04488259,3.9999992491606666,67108851.40300632
84,1409286144,0.028,0.002,4.611682845512405,4.287637233734131,True,SL8,0.23322863205487693,4.316172076381091,72413351.21861406,3.999999314198945,67108852.49416757,3.9999993920915284,67108853.800988264
85,1426063360,0.028,0.002,4.595916055026464,3.8744664192199707,True,SL8,0.25809998944353635,4.212789544332664,70678880.14781068,3.9999994549608813,67108854.85576098,3.9999995078836195,67108855.74365719
86,1442840576,0.028,0.002,4.57289523689542,3.9007205963134766,True,SL8,0.2563628229569338,4.144720369568637,69536868.89985286,3.9999995654603517,67108856.70963446,3.999999601675213,67108857.31721901
87,1459617792,0.028,0.002,4.550961000844836,3.7450103759765625,True,SL8,0.2670218858118252,4.06130179057619,68137337.3816835,3.99999966208885,67108858.330791645,3.999999677634824,67108858.59160981
88,1476395008,0.028,0.002,4.551758504938334,3.6211495399475098,True,SL8,0.2761553238309986,3.9782619072366554,66744159.32228133,3.9999997447542883,67108859.71768756,3.9999997391435818,67108859.623555526
89,1493172224,0.028,0.002,4.5304658017121255,3.197899341583252,True,SL8,0.31270517939433623,3.8209606011472173,64105081.33293671,3.9999998371098866,67108861.26715738,3.9999997889434447,67108860.45905858
90,1509949440,0.028,0.002,4.526662109186873,3.981534004211426,True,SL8,0.25115941438220707,3.908688892253936,65576917.82214501,3.9999998534964525,67108861.54207834,3.9999998292576184,67108861.135418184
91,1526726656,0.028,0.002,4.51128623902332,3.5233986377716064,True,SL8,0.28381679707285645,3.8733622572817077,64984235.23666278,3.999999895969909,67108862.25466469,3.999999861888385,67108861.6828716
92,1543503872,0.028,0.002,4.516126443515532,4.234914302825928,True,SL8,0.23613223134184227,3.996686243712481,67053268.39499293,3.9999998891664625,67108862.1405218,3.9999998882965397,67108862.12592692
93,1560281088,0.028,0.002,4.494068616419099,4.364895820617676,True,SL8,0.22910048990768359,4.101803658490848,68816845.96809119,3.999999883620204,67108862.047471024,3.999999909665898,67108862.48444526
94,1577058304,0.028,0.002,4.476627314114012,3.6054000854492188,True,SL8,0.2773616516719398,4.013918726347566,67342381.47837801,3.9999999233347294,67108862.713770196,3.999999926955651,67108862.77451918
95,1593835520,0.028,0.002,4.468090035486966,3.4505796432495117,True,SL8,0.28980629737094654,3.921709074235459,65795360.22760833,3.9999999617743547,67108863.35868009,3.9999999409428675,67108863.00918573
96,1610612736,0.028,0.002,4.4386024959385395,3.5048320293426514,True,SL8,0.2853202967524975,3.8812307342393026,65116246.374171376,3.99999998431594,67108863.73686514,3.999999952256972,67108863.1990049
97,1627389952,0.028,0.002,4.444295305060223,3.15983510017395,True,SL8,0.31647211067211667,3.774800768443033,63330647.84913475,4.000000024291376,67108864.40754166,3.999999961407718,67108863.35252895
98,1644167168,0.028,0.002,4.420565905747935,3.7228856086730957,True,SL8,0.2686087719325994,3.849137933458448,64577818.52342601,4.000000010613318,67108864.17806193,3.999999968807888,67108863.4766832
99,1660944384,0.028,0.002,4.421371523756534,3.348792791366577,True,SL8,0.29861498267766423,3.8200209734315083,64089316.995790675,4.000000025439803,67108864.42680907,3.999999974791681,67108863.57707459
100,1677721600,0.028,0.002,4.402249084669165,4.070394039154053,True,SL8,0.2456764000498166,3.9564994516099783,66379045.90354215,3.999999991560284,67108863.85840506,3.999999979629642,67108863.65824211
101,1694498816,0.028,0.002,4.41822903836146,3.9938151836395264,True,SL8,0.2503870869411695,4.035464225583854,67703854.97289304,3.9999999739835324,67108863.5635161,3.999999983540751,67108863.72385962
102,1711276032,0.028,0.002,4.388208161457442,3.3900327682495117,True,SL8,0.2949823123786649,3.9535702559207135,66329902.15475709,3.9999999994512585,67108863.990793645,3.9999999867022304,67108863.77690045
103,1728053248,0.028,0.002,4.393554995302111,4.443576812744141,True,SL8,0.22504388178643098,4.111212855669749,68974706.10154821,3.9999999598217935,67108863.32592155,3.9999999892574882,67108863.81977056
104,1744830464,0.028,0.002,4.395252139423974,4.110559940338135,True,SL8,0.243275799705755,4.156187482383391,69729255.12844235,3.999999950651603,67108863.172071286,3.9999999913225546,67108863.85441662
105,1761607680,0.028,0.002,4.383147829095833,3.5701277256011963,True,SL8,0.2801019450164514,4.063455450187724,68173469.79417668,3.999999976217541,67108863.60099655,3.999999992991294,67108863.882413425
106,1778384896,0.028,0.002,4.379175905720331,3.807499885559082,True,SL8,0.2626394661634236,4.05597966186573,68048046.87872832,3.999999979561054,67108863.65709139,3.9999999943396363,67108863.905034855
107,1795162112,0.028,0.002,4.374783040373586,4.221092700958252,True,SL8,0.23690542566562425,4.129544886066249,69282266.53522885,3.999999961931222,67108863.36131189,3.999999995428989,67108863.92331116
108,1811939328,0.028,0.002,4.359973476850428,3.4084954261779785,True,SL8,0.2933844942068259,3.9960641470846197,67042831.345494434,3.999999997354146,67108863.95560993,3.999999996309016,67108863.938075565
109,1828716544,0.028,0.002,4.357982714660466,3.2967634201049805,True,SL8,0.3033277094055014,3.886248548591503,65200431.32940614,4.000000028085227,67108864.47119191,3.9999999970198727,67108863.95000176
110,1845493760,0.028,0.002,4.358924305997789,3.2198097705841064,True,SL8,0.31057725787363266,3.8045743452372633,63830165.57810414,4.000000052429351,67108864.87961854,3.9999999975940264,67108863.95963446
111,1862270976,0.028,0.002,4.3450569693231955,4.728877544403076,True,SL8,0.21146662799863247,4.042860460844161,67827943.20944203,3.9999999866238887,67108863.77558609,3.9999999980577234,67108863.96741401
112,1879048192,0.028,0.002,4.353460383950733,3.625404119491577,True,SL8,0.27583124286541494,4.007063167539425,67227364.28745311,3.999999996535145,67108863.94186938,3.9999999984321803,67108863.97369635
113,1895825408,0.028,0.002,4.329681531293318,3.139685869216919,True,SL8,0.31850309972134694,3.8620795848145533,64794943.40362408,4.000000037154438,67108864.62334803,3.999999998734546,67108863.978769206
114,1912602624,0.028,0.002,4.336724412860349,3.595345973968506,True,SL8,0.2781372722133159,3.8908601736287007,65277801.558766216,4.000000029371936,67108864.49277931,3.999999998978678,67108863.98286506
115,1929379840,0.028,0.002,4.311698858742602,3.4909651279449463,True,SL8,0.28645365304322723,3.8904092919154385,65270237.018872365,4.000000029869364,67108864.50112477,3.9999999991757753,67108863.986171804
116,1946157056,0.028,0.002,4.29860633413773,3.1738762855529785,True,SL8,0.31507204281395895,3.816936625742149,64037570.22838719,4.000000051887663,67108864.87053053,3.999999999334887,67108863.98884126
117,1962934272,0.028,0.002,4.3085697629721835,3.2194488048553467,True,SL8,0.3106120798938597,3.7913763970185426,63608740.750081845,4.000000060335895,67108865.01226835,3.9999999994633226,67108863.99099605
118,1979711488,0.028,0.002,4.301419921102934,3.863677740097046,True,SL8,0.2588206906599285,3.9217039569748176,65795274.37422122,4.000000021896206,67108864.36735737,3.9999999995669895,67108863.99273529
119,1996488704,0.028,0.002,4.280690537416376,3.8281402587890625,True,SL8,0.26122338032957676,4.004670341018077,67187219.32005394,3.9999999983411088,67108863.97216842,3.999999999650656,67108863.99413898
120,2013265920,0.028,0.002,4.27578721055761,3.2006218433380127,True,SL8,0.3124391872917691,3.914273854927495,65670617.94727125,4.000000024304859,67108864.40776786,3.9999999997181765,67108863.99527179
121,2030043136,0.028,0.002,4.26459968672134,2.9040989875793457,True,SL8,0.34434076108843964,3.7797673598896133,63413973.42661778,4.000000065470731,67108865.0984166,3.999999999772663,67108863.99618592
122,2046820352,0.028,0.002,4.275170846725814,2.7969095706939697,True,SL8,0.35753735227647265,3.6777804619602636,61702917.21088713,4.000000099755339,67108865.67361687,3.9999999998166276,67108863.99692352
123,2063597568,0.028,0.002,4.280108084436506,3.7268218994140625,True,SL8,0.26832506587775384,3.8459683879357276,64524642.373569496,4.000000046337423,67108864.77741295,3.9999999998520996,67108863.997518644
124,2080374784,0.028,0.002,4.266909332480282,3.559626817703247,True,SL8,0.28092824621345464,3.9311255798026585,65953342.97547444,4.000000020379005,67108864.34190297,3.9999999998807185,67108863.99799879
125,2097152000,0.028,0.002,4.24408397031948,2.672513961791992,True,SL8,0.3741793832014596,3.7518695797032557,62945926.34251074,4.000000077551391,67108865.30109644,3.9999999999038054,67108863.99838612
126,2113929216,0.028,0.002,4.236608044244349,3.3813540935516357,True,SL8,0.2957394217209058,3.8437271604611785,64487040.81612385,4.000000048287673,67108864.81013273,3.999999999922429,67108863.99869858
127,2130706432,0.028,0.002,4.240723186405376,3.407015800476074,True,SL8,0.2935119075022661,3.9154154685593543,65689771.045761496,4.0000000258453765,67108864.43361346,3.999999999937451,67108863.9989506
128,2147483648,0.028,0.002,4.242320112534799,3.876802444458008,True,SL8,0.2579444674786198,4.060530906817703,68124404.09835647,3.99999998199453,67108863.69791834,3.999999999949567,67108863.999153875
129,2164260864,0.028,0.002,4.2374139678431675,3.4469175338745117,True,SL8,0.2901141962516733,4.066277602051918,68220817.64558707,3.9999999803859976,67108863.670931645,3.9999999999593383,67108863.99931781
130,2181038080,0.028,0.002,4.230990556417964,3.5517096519470215,True,SL8,0.2815544671274974,4.091171088198095,68638461.0396545,3.9999999732933134,67108863.55193615,3.999999999967219,67108863.99945003
131,2197815296,0.028,0.002,4.226944324560463,3.4597902297973633,True,SL8,0.28903478088143747,4.082802806064226,68498064.56274563,3.9999999758065146,67108863.59410067,3.9999999999735736,67108863.99955664
132,2214592512,0.028,0.002,4.213413859019056,2.9763412475585938,True,SL8,0.33598286649335124,3.9469132560023907,66218216.229215406,4.000000015941183,67108864.26744866,3.999999999978698,67108863.99964261
133,2231369728,0.028,0.002,4.218539153691381,3.119797945022583,True,SL8,0.3205334759137055,3.9059681723527033,65531271.71668653,4.0000000286302075,67108864.48033518,3.9999999999828297,67108863.99971193
134,2248146944,0.028,0.002,4.222883197944611,3.4227287769317627,True,SL8,0.2921644608755617,3.95722568610906,66391230.0965999,4.000000012910755,67108864.21660653,3.999999999986161,67108863.99976782
135,2264924160,0.028,0.002,4.2028706261189654,3.308840274810791,True,SL8,0.30222060139683876,3.9656156119452004,66531989.69457681,4.000000010378791,67108864.17412722,3.9999999999888467,67108863.99981288
136,2281701376,0.028,0.002,4.218456994276494,3.382568359375,True,SL8,0.2956332579636359,3.9897551545136816,66936984.01438941,4.000000003073305,67108864.0515615,3.9999999999910116,67108863.9998492
137,2298478592,0.028,0.002,4.20174322265666,3.375948905944824,True,SL8,0.2962129260979454,4.004181460943458,67179017.27344395,3.999999998738598,67108863.978837185,3.999999999992756,67108863.999878466
138,2315255808,0.028,0.002,4.195569101022556,3.1921610832214355,True,SL8,0.31326730094821176,3.968062836331382,66573047.306704246,4.000000009658344,67108864.16204013,3.999999999994164,67108863.999902084
139,2332033024,0.028,0.002,4.194971299380995,3.369724750518799,True,SL8,0.2967600552792883,3.989849940583921,66938574.26076361,4.00000000305485,67108864.05125187,3.999999999995297,67108863.9999211
140,2348810240,0.028,0.002,4.175979326013476,2.629500389099121,True,SL8,0.3803002364423943,3.79337575520247,63642284.414194964,4.0000000655385834,67108865.09955497,3.9999999999962106,67108863.999936424
141,2365587456,0.028,0.002,4.1850302123930305,3.431683301925659,True,SL8,0.2914020964687395,3.8981199666875943,65399600.675030574,4.000000031788096,67108864.53331575,3.9999999999969473,67108863.999948785
142,2382364672,0.028,0.002,4.179701507673599,3.493396759033203,True,SL8,0.28625426274869703,3.984357584965504,66846427.824204616,4.0000000047979904,67108864.08049692,3.9999999999975406,67108863.99995874
143,2399141888,0.028,0.002,4.173483372433111,3.194592237472534,True,SL8,0.3130288977858007,3.971588225188963,66632193.517051876,4.000000008752119,67108864.14683619,3.99999999999802,67108863.99996678
144,2415919104,0.028,0.002,4.166384675423615,3.0318825244903564,True,SL8,0.3298279739054602,3.921994147945582,65800142.97081899,4.000000024371942,67108864.40889333,3.999999999998405,67108863.99997324
145,2432696320,0.028,0.002,4.171552937594242,3.40934419631958,True,SL8,0.2933114549619409,3.986450339005082,66881538.41076148,4.000000004180527,67108864.0701376,3.9999999999987152,67108863.999978445
146,2449473536,0.028,0.002,4.172908895532601,3.3095085620880127,True,SL8,0.3021595741724,4.005953335656307,67208744.39822637,3.9999999981692973,67108863.969285905,3.9999999999989653,67108863.99998264
147,2466250752,0.028,0.002,4.13670523033943,2.861196279525757,True,SL8,0.3495040370532401,3.897799373151983,65394222.00803542,4.000000032270921,67108864.54141621,3.9999999999991673,67108863.99998603
148,2483027968,0.028,0.002,4.131260233698413,3.061462163925171,True,SL8,0.3266411994707385,3.8914412377041905,65287550.19627055,4.000000034514848,67108864.57906306,3.9999999999993294,67108863.99998875
149,2499805184,0.028,0.002,4.1412778770318255,3.969282388687134,True,SL8,0.2519346446389046,4.082674515930905,68495912.21146823,3.999999974805105,67108863.5772998,3.99999999999946,67108863.99999094
150,2516582400,0.028,0.002,4.12097472534515,2.8053858280181885,True,SL8,0.35645708107442375,3.932662300263871,65979124.866583824,4.000000021216639,67108864.35595614,3.9999999999995657,67108863.99999271
151,2533359616,0.028,0.002,4.122210013912991,3.3181116580963135,True,SL8,0.30137614452600464,3.98076811550262,66786206.51970041,4.0000000060065934,67108864.10077392,3.9999999999996505,67108863.99999414
152,2550136832,0.028,0.002,4.130188832175918,3.5060431957244873,True,SL8,0.2852217325781201,4.0550352581895455,68032202.41426177,3.9999999831083675,67108863.71660543,3.9999999999997184,67108863.99999528
153,2566914048,0.028,0.002,4.104919014382176,2.892686367034912,True,SL8,0.34569930072499633,3.944350612643425,66175222.20805107,4.000000017511237,67108864.2937898,3.999999999999774,67108863.99999621
154,2583691264,0.028,0.002,4.114420963800512,3.498558759689331,True,SL8,0.28583190475179965,4.029345874969212,67601206.08306746,3.9999999909346933,67108863.84790939,3.999999999999818,67108863.999996945
155,2600468480,0.028,0.002,4.11389198503457,3.3223154544830322,True,SL8,0.3009948069969766,4.044191833500857,67850279.93607992,3.9999999864186413,67108863.77214261,3.9999999999998543,67108863.999997556
156,2617245696,0.028,0.002,4.115156047861092,3.0177645683288574,True,SL8,0.33137100194093877,3.9731758779451742,66658829.910275824,4.000000008372587,67108864.1404687,3.9999999999998828,67108863.99999803
157,2634022912,0.028,0.002,4.103133638389409,3.1123061180114746,True,SL8,0.3213050518738405,3.9552962362677793,66358859.29985157,4.0000000140354475,67108864.23547573,3.9999999999999063,67108863.99999843
158,2650800128,0.028,0.002,4.112620514002629,3.4311132431030273,True,SL8,0.2914505111597861,4.021925968564963,67476720.71062359,3.9999999932146197,67108863.88616021,3.9999999999999245,67108863.99999873
159,2667577344,0.028,0.002,4.0842282304074615,2.6769330501556396,True,SL8,0.3735616870882041,3.8577349482261103,64722052.49713827,4.000000045849665,67108864.76922974,3.9999999999999396,67108863.99999899
160,2684354560,0.028,0.002,4.08694113639649,2.7349796295166016,True,SL8,0.3656333025571543,3.784382416520337,63491401.22856366,4.000000071359401,67108865.19721209,3.9999999999999516,67108863.99999919
161,2701131776,0.028,0.002,4.073345311917365,3.1166369915008545,True,SL8,0.32085856706073135,3.850999340770049,64609047.75595672,4.0000000490114545,67108864.82227576,3.999999999999962,67108863.99999936
162,2717908992,0.028,0.002,4.09836931922473,3.2524776458740234,True,SL8,0.3074578218272282,3.9321470429078857,65970480.28262687,4.000000022027711,67108864.36956367,3.9999999999999694,67108863.999999486
163,2734686208,0.028,0.002,4.078599133295938,3.119117498397827,True,SL8,0.3206034014141053,3.9555526035663386,66363160.429394834,4.000000014393472,67108864.24148239,3.999999999999976,67108863.9999996
164,2751463424,0.028,0.002,4.094257881166413,3.076556444168091,True,SL8,0.32503862454952553,3.961490149788673,66462775.92487692,4.000000012480002,67108864.20937969,3.99999999999998,67108863.999999665
165,2768240640,0.028,0.002,4.079145351424813,3.5587589740753174,True,SL8,0.28099675372454214,4.077592890104316,68410656.67734437,3.999999975522672,67108863.58933858,3.9999999999999845,67108863.99999974
166,2785017856,0.028,0.002,4.073040921590291,3.42657208442688,True,SL8,0.2918367638340501,4.123832321594178,69186425.60716699,3.999999961521086,67108863.35443095,3.999999999999988,67108863.9999998
167,2801795072,0.02679530250435569,0.0019139501788825492,4.083906244952232,2.723472833633423,True,SL8,0.3671781192279298,3.9553685587145977,66360072.66916349,4.000000014372331,67108864.2411277,3.9999999999999907,67108863.99999984
168,2818572288,0.02526997300136988,0.00180499807152642,4.067703995970078,3.152776002883911,True,SL8,0.3171806946971762,3.9762523425948504,66710444.422219805,4.000000007624282,67108864.12791422,3.999999999999993,67108863.99999988
169,2835349504,0.023744643498384073,0.0016960459641702909,4.069224691833369,3.156895637512207,True,SL8,0.3167667854935061,3.991663136732434,66968994.644197576,4.000000002669431,67108864.04478562,3.999999999999995,67108863.99999992
170,2852126720,0.022219313995398265,0.0015870938568141616,4.054952675127424,2.821730136871338,True,SL8,0.35439237528093265,3.909820214865153,65595898.265959084,4.000000029492032,67108864.49479419,3.9999999999999964,67108863.99999994
171,2868903936,0.020693984492412453,0.0014781417494580322,4.041038126684725,2.1051623821258545,True,SL8,0.4750225129748225,3.6018797309301984,60429514.25183782,4.0000001419829605,67108866.3820788,3.9999999999999973,67108863.999999955
172,2885681152,0.019168654989426645,0.0013691896421019032,4.050949317053892,2.324333906173706,True,SL8,0.43023059944755926,3.535578344722022,59317161.574323826,4.000000172464295,67108866.89347073,3.999999999999998,67108863.99999996
173,2902458368,0.017643325486440837,0.001260237534745774,4.050990742398426,2.1023471355438232,True,SL8,0.47565861385813046,3.435470970310071,57637638.53062165,4.000000221416205,67108867.7147475,3.9999999999999987,67108863.99999998
174,2919235584,0.016117995983455025,0.0011512854273896447,4.011980252806097,2.047508716583252,True,SL8,0.48839817066594116,3.382476914250538,56748545.805394754,4.000000254080432,67108868.2627623,3.999999999999999,67108863.999999985
175,2936012800,0.014592666480469219,0.0010423333200335156,4.020726587856188,2.0137939453125,True,SL8,0.49657488828626506,3.366676646551521,56483461.30135053,4.0000002713636995,67108868.5527274,4.0,67108864.0
176,2952790016,0.013067336977483407,0.0009333812126773862,4.01174811355304,1.579838514328003,True,SL8,0.6329756857773986,3.188941717862371,53501564.01198806,4.00000038069114,67108870.38693748,4.0,67108864.0
177,2969567232,0.0115420074744976,0.000824429105321257,4.009415441425517,1.2425920963287354,True,SL8,0.8047686752441477,2.932122766955359,49192856.99972772,4.000000572867544,67108873.61112252,4.000000000000001,67108864.00000001
178,2986344448,0.010016677971511791,0.0007154769979651279,3.9961201457190327,1.1751419305801392,True,SL8,0.8509603163815356,2.8155631209009413,47237310.64098921,4.0000007098990995,67108875.91013053,4.000000000000001,67108864.00000001
179,3003121664,0.008491348468525981,0.0006065248906089987,3.9966713577741757,0.8649036288261414,False,SL8,1.0,2.6924870251337563,45172436.39786646,4.111078499061823,68972451.971716,4.000000000000002,67108864.00000003
180,3019898880,0.006966018965540172,0.0004975727832528694,3.9864943824941292,0.6223765015602112,False,SL8,1.0,2.6993323127870914,45287281.267408594,4.406425080710672,73927545.36690038,4.000000000000002,67108864.00000003
181,3036676096,0.005440689462554363,0.0003886206758967402,3.9943364275386557,0.4905465245246887,False,SL8,1.0,2.768530444516695,46448233.27023261,4.759883626329969,79857595.73380117,4.000000000000002,67108864.00000003
182,3053453312,0.003915359959568554,0.00027966856854061097,4.002888449234888,0.34156301617622375,False,SL8,1.0,2.866855950057363,48097861.514997594,5.216885714671586,87524818.48235957,4.000000000000002,67108864.00000003
183,3070230528,0.0023900304565827447,0.00017071646118448175,3.994979914976284,0.30287739634513855,False,SL8,1.0,2.9766104738330252,49939236.86735901,5.6287194765057835,94434242.46074446,4.000000000000002,67108864.00000003
184,3079741440,0.0008647009535969358,6.176435382835255e-05,3.991070744808536,0.268542617559433,False,SL8,1.0,3.0879560532087393,46164804.99337695,5.999635738385777,94080472.96993923,4.000000000000002,61295820.80000003
