method,step,checkpoint,nextweights,group,keys,tensors,aux_lr_next,weight_decay,ideal_decay_coefficient,numel,old_sqnorm,next_sqnorm,delta_sqnorm,old_dot_delta,ideal_decay_sqnorm,adaptive_plus_rounding_sqnorm,old_norm,next_norm,delta_norm,old_rms,next_rms,delta_rms,relative_delta,radial_relative,cosine_old_delta,norm_relative_change,ideal_decay_norm,adaptive_plus_rounding_norm,norm_identity_relative_error
M4M,183,logs/muon_spectra/soaudit_mom4m_20260927/M_b4M_lr0.014_mom0.9_s260925_l40s/scientific/kept/step000183.pt,logs/muon_spectra/soaudit_mom4m_20260927/M_b4M_lr0.014_mom0.9_s260925_l40s/scientific/kept/step000184_weights.pt,body_norm,"['blocks.0.ln1.weight', 'blocks.0.ln2.weight', 'blocks.1.ln1.weight', 'blocks.1.ln2.weight', 'blocks.2.ln1.weight', 'blocks.2.ln2.weight', 'blocks.3.ln1.weight', 'blocks.3.ln2.weight', 'blocks.4.ln1.weight', 'blocks.4.ln2.weight', 'blocks.5.ln1.weight', 'blocks.5.ln2.weight', 'blocks.6.ln1.weight', 'blocks.6.ln2.weight', 'blocks.7.ln1.weight', 'blocks.7.ln2.weight']",16,0.002,0.01,2e-05,8192,8105.985715927669,8105.64753405996,0.0003555427692951696,-0.16926870523910154,3.242394286371068e-06,0.00035201441537197666,90.03324783616144,90.03136972222494,0.01885584178166463,0.9947362512062314,0.9947155007827885,0.00020832958732493268,0.00020943198468167742,-2.088193973824811e-05,-0.09970750059971621,-2.0860226434660234e-05,0.001800664956723229,0.018762047206314577,5.697675698299816e-18
M4M,183,logs/muon_spectra/soaudit_mom4m_20260927/M_b4M_lr0.014_mom0.9_s260925_l40s/scientific/kept/step000183.pt,logs/muon_spectra/soaudit_mom4m_20260927/M_b4M_lr0.014_mom0.9_s260925_l40s/scientific/kept/step000184_weights.pt,final_norm,['norm.weight'],1,0.002,0.01,2e-05,512,693.3584338953187,694.3199751414716,0.0003656157951468231,0.48058781517877946,2.7734337355812756e-07,0.0003851166511275324,26.33170017099767,26.34995208992744,0.019121082478427393,1.163707734442714,1.1645143629205208,0.0008450404427577054,0.0007261620918609648,0.0006931304094461152,0.9545119708325753,0.0006931538340191334,0.0005266340034199534,0.01962438919119605,1.6373839410057547e-16
M4M,183,logs/muon_spectra/soaudit_mom4m_20260927/M_b4M_lr0.014_mom0.9_s260925_l40s/scientific/kept/step000183.pt,logs/muon_spectra/soaudit_mom4m_20260927/M_b4M_lr0.014_mom0.9_s260925_l40s/scientific/kept/step000184_weights.pt,head,['head.weight'],1,0.002,0.01,2e-05,25755648,62734.93492329338,62957.9485234065,4.932667868270022,109.04046612241699,2.5093973969317356e-05,4.937054580888888,250.46942911919086,250.91422543053733,2.2209610235819137,0.049353560055874386,0.04944120461010947,0.0004376275924953101,0.008867194018017364,0.0017381139592436308,0.19601623193446935,0.001775850701263737,0.005009388582383817,2.2219483749378357,2.1804531400481479e-16
M4M,183,logs/muon_spectra/soaudit_mom4m_20260927/M_b4M_lr0.014_mom0.9_s260925_l40s/scientific/kept/step000183.pt,logs/muon_spectra/soaudit_mom4m_20260927/M_b4M_lr0.014_mom0.9_s260925_l40s/scientific/kept/step000184_weights.pt,position_embedding,['position.weight'],1,0.002,0.01,2e-05,262144,144.53820394657953,144.7038292010685,0.00694905181989542,0.0793381013345473,5.781528157863182e-08,0.006952283159230381,12.02240424984036,12.029290469560891,0.08336097300233138,0.023481258300469453,0.023494707948361115,0.00016281440039517847,0.00693380219713027,0.0005489074802940694,0.07916399468696249,0.0005727822469971944,0.0002404480849968072,0.08338035235731725,2.1943011929669806e-16
M4M,183,logs/muon_spectra/soaudit_mom4m_20260927/M_b4M_lr0.014_mom0.9_s260925_l40s/scientific/kept/step000183.pt,logs/muon_spectra/soaudit_mom4m_20260927/M_b4M_lr0.014_mom0.9_s260925_l40s/scientific/kept/step000184_weights.pt,qk_norm,"['blocks.0.attn.q_norm.weight', 'blocks.0.attn.k_norm.weight', 'blocks.1.attn.q_norm.weight', 'blocks.1.attn.k_norm.weight', 'blocks.2.attn.q_norm.weight', 'blocks.2.attn.k_norm.weight', 'blocks.3.attn.q_norm.weight', 'blocks.3.attn.k_norm.weight', 'blocks.4.attn.q_norm.weight', 'blocks.4.attn.k_norm.weight', 'blocks.5.attn.q_norm.weight', 'blocks.5.attn.k_norm.weight', 'blocks.6.attn.q_norm.weight', 'blocks.6.attn.k_norm.weight', 'blocks.7.attn.q_norm.weight', 'blocks.7.attn.k_norm.weight']",16,0.002,0.01,2e-05,1024,1239.1080559727382,1240.8305272059522,0.0007508460308649489,0.860860193591634,4.956432223890953e-07,0.0007857760818310033,35.20096669088419,35.2254244432335,0.027401569861322708,1.1000302090901308,1.1007945138510469,0.0008562990581663346,0.0007784323113040742,0.0006947418261402813,0.8924884232726802,0.0006948034286695659,0.0007040193338176838,0.02803169780500288,7.730569745379277e-17
M4M,183,logs/muon_spectra/soaudit_mom4m_20260927/M_b4M_lr0.014_mom0.9_s260925_l40s/scientific/kept/step000183.pt,logs/muon_spectra/soaudit_mom4m_20260927/M_b4M_lr0.014_mom0.9_s260925_l40s/scientific/kept/step000184_weights.pt,token_embedding,['embed.weight'],1,0.002,0.01,2e-05,25755648,35271.027850223494,35373.11539516101,4.821262641571303,48.633141147972374,1.41084111400894e-05,4.823222075628361,187.80582485701422,188.07741862105885,2.195737379918487,0.037006057340087176,0.037059573328811685,0.0004326574186231986,0.011691529704098421,0.00137884105205242,0.11793504245805173,0.0014461413231001696,0.0037561164971402845,2.1961835250334523,4.419158451862182e-18
M4M,183,logs/muon_spectra/soaudit_mom4m_20260927/M_b4M_lr0.014_mom0.9_s260925_l40s/scientific/kept/step000183.pt,logs/muon_spectra/soaudit_mom4m_20260927/M_b4M_lr0.014_mom0.9_s260925_l40s/scientific/kept/step000184_weights.pt,embeddings_combined,"['embed.weight', 'position.weight']",2,0.002,0.01,2e-05,26017792,35415.56605417007,35517.81922436208,4.828211693391198,48.712479249306924,1.4166226421668032e-05,4.830174358787591,188.19023899812146,188.4617181932768,2.1973192060761675,0.036894520899683335,0.03694774414278463,0.0004307823817188626,0.011676053007712591,0.0013754539225717438,0.1178012742545097,0.0014425785131080282,0.0037638047799624296,2.197765765223308,1.0682801736758608e-16
M4M,183,logs/muon_spectra/soaudit_mom4m_20260927/M_b4M_lr0.014_mom0.9_s260925_l40s/scientific/kept/step000183.pt,logs/muon_spectra/soaudit_mom4m_20260927/M_b4M_lr0.014_mom0.9_s260925_l40s/scientific/kept/step000184_weights.pt,norms_combined,"['blocks.0.ln1.weight', 'blocks.0.ln2.weight', 'blocks.0.attn.q_norm.weight', 'blocks.0.attn.k_norm.weight', 'blocks.1.ln1.weight', 'blocks.1.ln2.weight', 'blocks.1.attn.q_norm.weight', 'blocks.1.attn.k_norm.weight', 'blocks.2.ln1.weight', 'blocks.2.ln2.weight', 'blocks.2.attn.q_norm.weight', 'blocks.2.attn.k_norm.weight', 'blocks.3.ln1.weight', 'blocks.3.ln2.weight', 'blocks.3.attn.q_norm.weight', 'blocks.3.attn.k_norm.weight', 'blocks.4.ln1.weight', 'blocks.4.ln2.weight', 'blocks.4.attn.q_norm.weight', 'blocks.4.attn.k_norm.weight', 'blocks.5.ln1.weight', 'blocks.5.ln2.weight', 'blocks.5.attn.q_norm.weight', 'blocks.5.attn.k_norm.weight', 'blocks.6.ln1.weight', 'blocks.6.ln2.weight', 'blocks.6.attn.q_norm.weight', 'blocks.6.attn.k_norm.weight', 'blocks.7.ln1.weight', 'blocks.7.ln2.weight', 'blocks.7.attn.q_norm.weight', 'blocks.7.attn.k_norm.weight', 'norm.weight']",33,0.002,0.01,2e-05,9728,10038.452205795726,10040.798036407385,0.0014720045953069416,1.172179303531312,4.015380882318291e-06,0.0015229071483305124,100.19207656195037,100.20378254540786,0.03836671207318841,1.0158313153701097,1.0159500004496225,0.00038899390978921306,0.00038293159888212974,0.00011676892806787,0.30493416685576963,0.000116835421114736,0.0020038415312390078,0.039024442959900305,1.1039427979395555e-16
M4M,183,logs/muon_spectra/soaudit_mom4m_20260927/M_b4M_lr0.014_mom0.9_s260925_l40s/scientific/kept/step000183.pt,logs/muon_spectra/soaudit_mom4m_20260927/M_b4M_lr0.014_mom0.9_s260925_l40s/scientific/kept/step000184_weights.pt,all_aux,"['embed.weight', 'position.weight', 'blocks.0.ln1.weight', 'blocks.0.ln2.weight', 'blocks.0.attn.q_norm.weight', 'blocks.0.attn.k_norm.weight', 'blocks.1.ln1.weight', 'blocks.1.ln2.weight', 'blocks.1.attn.q_norm.weight', 'blocks.1.attn.k_norm.weight', 'blocks.2.ln1.weight', 'blocks.2.ln2.weight', 'blocks.2.attn.q_norm.weight', 'blocks.2.attn.k_norm.weight', 'blocks.3.ln1.weight', 'blocks.3.ln2.weight', 'blocks.3.attn.q_norm.weight', 'blocks.3.attn.k_norm.weight', 'blocks.4.ln1.weight', 'blocks.4.ln2.weight', 'blocks.4.attn.q_norm.weight', 'blocks.4.attn.k_norm.weight', 'blocks.5.ln1.weight', 'blocks.5.ln2.weight', 'blocks.5.attn.q_norm.weight', 'blocks.5.attn.k_norm.weight', 'blocks.6.ln1.weight', 'blocks.6.ln2.weight', 'blocks.6.attn.q_norm.weight', 'blocks.6.attn.k_norm.weight', 'blocks.7.ln1.weight', 'blocks.7.ln2.weight', 'blocks.7.attn.q_norm.weight', 'blocks.7.attn.k_norm.weight', 'norm.weight', 'head.weight']",36,0.002,0.01,2e-05,51783168,108188.95318325917,108516.56578417594,9.762351566256527,158.92512467525523,4.327558127330368e-05,9.768751846824811,328.9208919835576,329.4185267773747,3.1244762067035374,0.045708519130758275,0.04577767299129948,0.0004341930961163965,0.00949917224126866,0.001468958890895774,0.15464072590598565,0.0015129315465980397,0.006578417839671153,3.125500255451087,2.985788254219274e-17
M,200,logs/muon_spectra/soaudit_traj_20260926/M_lr0.007_s260925_l40s/scientific/kept/step000200.pt,logs/muon_spectra/soaudit_traj_20260926/M_lr0.007_s260925_l40s/scientific/kept/step000201_weights.pt,body_norm,"['blocks.0.ln1.weight', 'blocks.0.ln2.weight', 'blocks.1.ln1.weight', 'blocks.1.ln2.weight', 'blocks.2.ln1.weight', 'blocks.2.ln2.weight', 'blocks.3.ln1.weight', 'blocks.3.ln2.weight', 'blocks.4.ln1.weight', 'blocks.4.ln2.weight', 'blocks.5.ln1.weight', 'blocks.5.ln2.weight', 'blocks.6.ln1.weight', 'blocks.6.ln2.weight', 'blocks.7.ln1.weight', 'blocks.7.ln2.weight']",16,0.002,0.01,2e-05,8192,8162.8070428033425,8163.099312978442,0.0005414973781014965,0.14586433886080385,3.2651228171213374e-06,0.00055059707447305,90.34825423218393,90.34987168213601,0.023270096220288743,0.9982166130616165,0.9982344835276998,0.0002571006693160878,0.00025755999845317927,1.786938464867961e-05,0.06937950285757595,1.7902392977164894e-05,0.0018069650846436788,0.02346480501672771,2.87242741770931e-17
M,200,logs/muon_spectra/soaudit_traj_20260926/M_lr0.007_s260925_l40s/scientific/kept/step000200.pt,logs/muon_spectra/soaudit_traj_20260926/M_lr0.007_s260925_l40s/scientific/kept/step000201_weights.pt,final_norm,['norm.weight'],1,0.002,0.01,2e-05,512,711.6075934316561,712.8810909481687,0.0006074514339502457,0.6364450325392852,2.846430373726625e-07,0.0006331938782891899,26.675974085900897,26.699833163302138,0.02464652985615309,1.1789226356810711,1.1799770678950257,0.0010892330246251595,0.0009239223946157441,0.0008943763928517021,0.9680211217563028,0.0008944032305779892,0.000533519481718018,0.02516334394092307,0.0
M,200,logs/muon_spectra/soaudit_traj_20260926/M_lr0.007_s260925_l40s/scientific/kept/step000200.pt,logs/muon_spectra/soaudit_traj_20260926/M_lr0.007_s260925_l40s/scientific/kept/step000201_weights.pt,head,['head.weight'],1,0.002,0.01,2e-05,25755648,49908.07605692543,50066.652669880496,4.968723918703271,76.80394451818078,1.9963230422770174e-05,4.97181603971442,223.40115500356177,223.75578801425561,2.2290634622422196,0.044019912365325896,0.04408979075987737,0.0004392241314199473,0.009977851109170321,0.0015389081404496095,0.15423242175213944,0.0015874269346916048,0.004468023100071236,2.229756946331689,7.152735797704474e-17
M,200,logs/muon_spectra/soaudit_traj_20260926/M_lr0.007_s260925_l40s/scientific/kept/step000200.pt,logs/muon_spectra/soaudit_traj_20260926/M_lr0.007_s260925_l40s/scientific/kept/step000201_weights.pt,position_embedding,['position.weight'],1,0.002,0.01,2e-05,262144,167.787770474635,168.3518124137561,0.019363279550936877,0.2723393297850776,6.711510818985401e-08,0.019374240239236472,12.953291877921805,12.975045757674849,0.13915200160593047,0.025299398199066025,0.02534188624545869,0.00027178125313658295,0.010742597551060178,0.0016231178769149205,0.1510917512454645,0.0016794093700707169,0.0002590658375584361,0.13919137990276723,2.901650560402007e-17
M,200,logs/muon_spectra/soaudit_traj_20260926/M_lr0.007_s260925_l40s/scientific/kept/step000200.pt,logs/muon_spectra/soaudit_traj_20260926/M_lr0.007_s260925_l40s/scientific/kept/step000201_weights.pt,qk_norm,"['blocks.0.attn.q_norm.weight', 'blocks.0.attn.k_norm.weight', 'blocks.1.attn.q_norm.weight', 'blocks.1.attn.k_norm.weight', 'blocks.2.attn.q_norm.weight', 'blocks.2.attn.k_norm.weight', 'blocks.3.attn.q_norm.weight', 'blocks.3.attn.k_norm.weight', 'blocks.4.attn.q_norm.weight', 'blocks.4.attn.k_norm.weight', 'blocks.5.attn.q_norm.weight', 'blocks.5.attn.k_norm.weight', 'blocks.6.attn.q_norm.weight', 'blocks.6.attn.k_norm.weight', 'blocks.7.attn.q_norm.weight', 'blocks.7.attn.k_norm.weight']",16,0.002,0.01,2e-05,1024,1272.4366465451428,1274.9778363239313,0.0015380319539666232,1.2698258734173322,5.089746586180572e-07,0.001589333963561935,35.67122995559787,35.70683178782362,0.039217750496001465,1.1147259361124335,1.115838493369488,0.0012255547030000458,0.0010994224349656057,0.0009979482097321707,0.9077022425537373,0.0009980545181667022,0.0007134245991119575,0.039866451604851104,8.638120671992133e-17
M,200,logs/muon_spectra/soaudit_traj_20260926/M_lr0.007_s260925_l40s/scientific/kept/step000200.pt,logs/muon_spectra/soaudit_traj_20260926/M_lr0.007_s260925_l40s/scientific/kept/step000201_weights.pt,token_embedding,['embed.weight'],1,0.002,0.01,2e-05,25755648,31969.067508803848,32071.734217713274,4.997504478510778,48.83460221545861,1.2787627003521541e-05,4.9994706502263995,178.7989583549184,179.08582919291317,2.2355098922864953,0.03523130611240384,0.03528783236066113,0.0004404943633738228,0.01250292458555031,0.0015275579183537406,0.12217604832385749,0.0016044323783213077,0.0035759791670983685,2.235949608159003,5.494389460585553e-17
M,200,logs/muon_spectra/soaudit_traj_20260926/M_lr0.007_s260925_l40s/scientific/kept/step000200.pt,logs/muon_spectra/soaudit_traj_20260926/M_lr0.007_s260925_l40s/scientific/kept/step000201_weights.pt,embeddings_combined,"['embed.weight', 'position.weight']",2,0.002,0.01,2e-05,26017792,32136.855279278483,32240.08603012703,5.016867758061715,49.106941545243686,1.2854742111711395e-05,5.018844890465636,179.26755222091498,179.55524506437297,2.2398365471751984,0.035145236475923936,0.035201638389658445,0.0004391178668010237,0.012494377925208702,0.0015280568406115125,0.12229955342782609,0.0016048238506845003,0.0035853510444183,2.2402778601025446,8.198548150763598e-17
M,200,logs/muon_spectra/soaudit_traj_20260926/M_lr0.007_s260925_l40s/scientific/kept/step000200.pt,logs/muon_spectra/soaudit_traj_20260926/M_lr0.007_s260925_l40s/scientific/kept/step000201_weights.pt,norms_combined,"['blocks.0.ln1.weight', 'blocks.0.ln2.weight', 'blocks.0.attn.q_norm.weight', 'blocks.0.attn.k_norm.weight', 'blocks.1.ln1.weight', 'blocks.1.ln2.weight', 'blocks.1.attn.q_norm.weight', 'blocks.1.attn.k_norm.weight', 'blocks.2.ln1.weight', 'blocks.2.ln2.weight', 'blocks.2.attn.q_norm.weight', 'blocks.2.attn.k_norm.weight', 'blocks.3.ln1.weight', 'blocks.3.ln2.weight', 'blocks.3.attn.q_norm.weight', 'blocks.3.attn.k_norm.weight', 'blocks.4.ln1.weight', 'blocks.4.ln2.weight', 'blocks.4.attn.q_norm.weight', 'blocks.4.attn.k_norm.weight', 'blocks.5.ln1.weight', 'blocks.5.ln2.weight', 'blocks.5.attn.q_norm.weight', 'blocks.5.attn.k_norm.weight', 'blocks.6.ln1.weight', 'blocks.6.ln2.weight', 'blocks.6.attn.q_norm.weight', 'blocks.6.attn.k_norm.weight', 'blocks.7.ln1.weight', 'blocks.7.ln2.weight', 'blocks.7.attn.q_norm.weight', 'blocks.7.attn.k_norm.weight', 'norm.weight']",33,0.002,0.01,2e-05,9728,10146.851282780142,10150.95824025054,0.0026869807660183653,2.0521352448174213,4.058740513112057e-06,0.002773124916324174,100.73158036475027,100.75196395232473,0.05183609520419497,1.0213012574698377,1.0215079233788422,0.0005255578143683759,0.0005145962667963299,0.00020224355197755056,0.39301402871932567,0.0002023554827657037,0.0020146316072950053,0.052660468250141625,2.915400127158611e-16
M,200,logs/muon_spectra/soaudit_traj_20260926/M_lr0.007_s260925_l40s/scientific/kept/step000200.pt,logs/muon_spectra/soaudit_traj_20260926/M_lr0.007_s260925_l40s/scientific/kept/step000201_weights.pt,all_aux,"['embed.weight', 'position.weight', 'blocks.0.ln1.weight', 'blocks.0.ln2.weight', 'blocks.0.attn.q_norm.weight', 'blocks.0.attn.k_norm.weight', 'blocks.1.ln1.weight', 'blocks.1.ln2.weight', 'blocks.1.attn.q_norm.weight', 'blocks.1.attn.k_norm.weight', 'blocks.2.ln1.weight', 'blocks.2.ln2.weight', 'blocks.2.attn.q_norm.weight', 'blocks.2.attn.k_norm.weight', 'blocks.3.ln1.weight', 'blocks.3.ln2.weight', 'blocks.3.attn.q_norm.weight', 'blocks.3.attn.k_norm.weight', 'blocks.4.ln1.weight', 'blocks.4.ln2.weight', 'blocks.4.attn.q_norm.weight', 'blocks.4.attn.k_norm.weight', 'blocks.5.ln1.weight', 'blocks.5.ln2.weight', 'blocks.5.attn.q_norm.weight', 'blocks.5.attn.k_norm.weight', 'blocks.6.ln1.weight', 'blocks.6.ln2.weight', 'blocks.6.attn.q_norm.weight', 'blocks.6.attn.k_norm.weight', 'blocks.7.ln1.weight', 'blocks.7.ln2.weight', 'blocks.7.attn.q_norm.weight', 'blocks.7.attn.k_norm.weight', 'norm.weight', 'head.weight']",36,0.002,0.01,2e-05,51783168,92191.78261898409,92457.69694025807,9.988278657531005,127.9630213082419,3.687671304759363e-05,9.993434055096381,303.63099746070736,304.0685727599254,3.160423809796877,0.042194106833498835,0.0422549145213743,0.00043918855777220074,0.010408765363970668,0.001388008970789679,0.13335001052038226,0.0014411417242559121,0.006072619949214147,3.161239322654389,2.975654341293858e-16
M,500,logs/muon_spectra/soaudit_traj_20260926/M_lr0.007_s260925_l40s/scientific/kept/step000500.pt,logs/muon_spectra/soaudit_traj_20260926/M_lr0.007_s260925_l40s/scientific/kept/step000501_weights.pt,body_norm,"['blocks.0.ln1.weight', 'blocks.0.ln2.weight', 'blocks.1.ln1.weight', 'blocks.1.ln2.weight', 'blocks.2.ln1.weight', 'blocks.2.ln2.weight', 'blocks.3.ln1.weight', 'blocks.3.ln2.weight', 'blocks.4.ln1.weight', 'blocks.4.ln2.weight', 'blocks.5.ln1.weight', 'blocks.5.ln2.weight', 'blocks.6.ln1.weight', 'blocks.6.ln2.weight', 'blocks.7.ln1.weight', 'blocks.7.ln2.weight']",16,0.002,0.01,2e-05,8192,8124.039284361091,8123.383612224467,0.000537803266141168,-0.32810496994600413,3.2496157137444373e-06,0.0005279286830570724,90.1334526375257,90.12981533446336,0.023190585722253073,0.9958433683086084,0.9958031814076612,0.0002562221941233293,0.0002572916607945186,-4.03869255750168e-05,-0.15696943091859902,-4.035464032403624e-05,0.0018026690527505145,0.022976698697965127,2.0990821266792442e-16
M,500,logs/muon_spectra/soaudit_traj_20260926/M_lr0.007_s260925_l40s/scientific/kept/step000500.pt,logs/muon_spectra/soaudit_traj_20260926/M_lr0.007_s260925_l40s/scientific/kept/step000501_weights.pt,final_norm,['norm.weight'],1,0.002,0.01,2e-05,512,900.8951505727377,901.2277812755445,6.638993334462384e-05,0.16628215643678246,3.603580602290952e-07,7.340157766232424e-05,30.014915468359025,30.020456047094697,0.008148001800725368,1.326484391526104,1.3267292528258348,0.00036009420790081927,0.00027146509239097435,0.00018457437175798953,0.6799193595475564,0.00018459418090022162,0.0006002983093671805,0.008567472069538612,1.2614661918290002e-16
M,500,logs/muon_spectra/soaudit_traj_20260926/M_lr0.007_s260925_l40s/scientific/kept/step000500.pt,logs/muon_spectra/soaudit_traj_20260926/M_lr0.007_s260925_l40s/scientific/kept/step000501_weights.pt,head,['head.weight'],1,0.002,0.01,2e-05,25755648,84937.56054801901,85032.86439459425,4.6069703910753175,45.34843809208648,3.397502421920761e-05,4.608818303623218,291.4404922930563,291.60395126711546,2.1463854246326117,0.05742667234752316,0.0574588809979811,0.00042293289975619863,0.0073647467712699526,0.0005339032319682524,0.07249444530136749,0.0005608656943070223,0.005828809845861127,2.146815852285244,1.8617380780296803e-16
M,500,logs/muon_spectra/soaudit_traj_20260926/M_lr0.007_s260925_l40s/scientific/kept/step000500.pt,logs/muon_spectra/soaudit_traj_20260926/M_lr0.007_s260925_l40s/scientific/kept/step000501_weights.pt,position_embedding,['position.weight'],1,0.002,0.01,2e-05,262144,289.95283996769757,290.2587791151996,0.029465877630796715,0.13823663493560898,1.1598113598707904e-07,0.029471523077330128,17.028001643401893,17.036982688117035,0.17165627757468327,0.03325781570976932,0.033275356812728585,0.00033526616713805326,0.010080823408964,0.00047675558187672637,0.04729331747372829,0.0005274279920348679,0.0003405600328680379,0.1716727208304515,1.0365593095601294e-16
M,500,logs/muon_spectra/soaudit_traj_20260926/M_lr0.007_s260925_l40s/scientific/kept/step000500.pt,logs/muon_spectra/soaudit_traj_20260926/M_lr0.007_s260925_l40s/scientific/kept/step000501_weights.pt,qk_norm,"['blocks.0.attn.q_norm.weight', 'blocks.0.attn.k_norm.weight', 'blocks.1.attn.q_norm.weight', 'blocks.1.attn.k_norm.weight', 'blocks.2.attn.q_norm.weight', 'blocks.2.attn.k_norm.weight', 'blocks.3.attn.q_norm.weight', 'blocks.3.attn.k_norm.weight', 'blocks.4.attn.q_norm.weight', 'blocks.4.attn.k_norm.weight', 'blocks.5.attn.q_norm.weight', 'blocks.5.attn.k_norm.weight', 'blocks.6.attn.q_norm.weight', 'blocks.6.attn.k_norm.weight', 'blocks.7.attn.q_norm.weight', 'blocks.7.attn.k_norm.weight']",16,0.002,0.01,2e-05,1024,1653.6674823348098,1654.5197599565015,0.00018010500875220714,0.426048758341409,6.614669929339242e-07,0.00019780842607879746,40.66531055254355,40.675788375352994,0.01342032073954297,1.270790954766986,1.271118386729781,0.0004193850231107178,0.00033001889220057976,0.00025763871086094745,0.7806786730995967,0.0002576599727648343,0.0008133062110508712,0.014064438349212437,5.153466906521183e-17
M,500,logs/muon_spectra/soaudit_traj_20260926/M_lr0.007_s260925_l40s/scientific/kept/step000500.pt,logs/muon_spectra/soaudit_traj_20260926/M_lr0.007_s260925_l40s/scientific/kept/step000501_weights.pt,token_embedding,['embed.weight'],1,0.002,0.01,2e-05,25755648,62005.5431125711,62107.29564583473,4.628494891157957,48.56201918623593,2.4802217245028442e-05,4.630462174142652,249.009122548896,249.21335366676226,2.1513937090077113,0.04906581504734985,0.04910605761418261,0.00042391975337962326,0.008639818842722354,0.0007831883529843704,0.0906487007703963,0.0008201752440863963,0.00498018245097792,2.1518508717247697,9.953294112762504e-17
M,500,logs/muon_spectra/soaudit_traj_20260926/M_lr0.007_s260925_l40s/scientific/kept/step000500.pt,logs/muon_spectra/soaudit_traj_20260926/M_lr0.007_s260925_l40s/scientific/kept/step000501_weights.pt,embeddings_combined,"['embed.weight', 'position.weight']",2,0.002,0.01,2e-05,26017792,62295.4959525388,62397.55442494993,4.657960768788754,48.70025582117154,2.491819838101552e-05,4.659933697219982,249.59065678133626,249.79502482025123,2.1582309349994855,0.048932015560470284,0.04897208172396057,0.0004231191626175493,0.008647082237899189,0.0007817620692557758,0.09040761354499448,0.0008188128576223086,0.0049918131356267255,2.158687957352795,6.604662482991036e-18
M,500,logs/muon_spectra/soaudit_traj_20260926/M_lr0.007_s260925_l40s/scientific/kept/step000500.pt,logs/muon_spectra/soaudit_traj_20260926/M_lr0.007_s260925_l40s/scientific/kept/step000501_weights.pt,norms_combined,"['blocks.0.ln1.weight', 'blocks.0.ln2.weight', 'blocks.0.attn.q_norm.weight', 'blocks.0.attn.k_norm.weight', 'blocks.1.ln1.weight', 'blocks.1.ln2.weight', 'blocks.1.attn.q_norm.weight', 'blocks.1.attn.k_norm.weight', 'blocks.2.ln1.weight', 'blocks.2.ln2.weight', 'blocks.2.attn.q_norm.weight', 'blocks.2.attn.k_norm.weight', 'blocks.3.ln1.weight', 'blocks.3.ln2.weight', 'blocks.3.attn.q_norm.weight', 'blocks.3.attn.k_norm.weight', 'blocks.4.ln1.weight', 'blocks.4.ln2.weight', 'blocks.4.attn.q_norm.weight', 'blocks.4.attn.k_norm.weight', 'blocks.5.ln1.weight', 'blocks.5.ln2.weight', 'blocks.5.attn.q_norm.weight', 'blocks.5.attn.k_norm.weight', 'blocks.6.ln1.weight', 'blocks.6.ln2.weight', 'blocks.6.attn.q_norm.weight', 'blocks.6.attn.k_norm.weight', 'blocks.7.ln1.weight', 'blocks.7.ln2.weight', 'blocks.7.attn.q_norm.weight', 'blocks.7.attn.k_norm.weight', 'norm.weight']",33,0.002,0.01,2e-05,9728,10678.601917268641,10679.13115345651,0.000784298208237999,0.2642259448321873,4.271440766907457e-06,0.0007991386867981939,103.33732102811956,103.33988171783685,0.028005324640824985,1.0477204420642117,1.0477464044845248,0.00028394147265393694,0.0002710088123264231,2.474349609426874e-05,0.09130144470898549,2.4779911960370882e-05,0.0020667464205623913,0.028269041136872574,3.22032456729008e-16
M,500,logs/muon_spectra/soaudit_traj_20260926/M_lr0.007_s260925_l40s/scientific/kept/step000500.pt,logs/muon_spectra/soaudit_traj_20260926/M_lr0.007_s260925_l40s/scientific/kept/step000501_weights.pt,all_aux,"['embed.weight', 'position.weight', 'blocks.0.ln1.weight', 'blocks.0.ln2.weight', 'blocks.0.attn.q_norm.weight', 'blocks.0.attn.k_norm.weight', 'blocks.1.ln1.weight', 'blocks.1.ln2.weight', 'blocks.1.attn.q_norm.weight', 'blocks.1.attn.k_norm.weight', 'blocks.2.ln1.weight', 'blocks.2.ln2.weight', 'blocks.2.attn.q_norm.weight', 'blocks.2.attn.k_norm.weight', 'blocks.3.ln1.weight', 'blocks.3.ln2.weight', 'blocks.3.attn.q_norm.weight', 'blocks.3.attn.k_norm.weight', 'blocks.4.ln1.weight', 'blocks.4.ln2.weight', 'blocks.4.attn.q_norm.weight', 'blocks.4.attn.k_norm.weight', 'blocks.5.ln1.weight', 'blocks.5.ln2.weight', 'blocks.5.attn.q_norm.weight', 'blocks.5.attn.k_norm.weight', 'blocks.6.ln1.weight', 'blocks.6.ln2.weight', 'blocks.6.attn.q_norm.weight', 'blocks.6.attn.k_norm.weight', 'blocks.7.ln1.weight', 'blocks.7.ln2.weight', 'blocks.7.attn.q_norm.weight', 'blocks.7.attn.k_norm.weight', 'norm.weight', 'head.weight']",36,0.002,0.01,2e-05,51783168,157911.6584178264,158109.5499730007,9.26571545807231,94.31291985809021,6.316466336713059e-05,9.269551139529998,397.3809990649105,397.6299158426095,3.043963774106438,0.05522208360929011,0.055256674350020525,0.00042300467921944733,0.007660063720382412,0.000597251151707513,0.07796947564787315,0.000626393255552582,0.007947619981298212,3.044593756074856,3.75338044418047e-16
M,900,logs/muon_spectra/soaudit_traj_20260926/M_lr0.007_s260925_l40s/scientific/kept/step000900.pt,logs/muon_spectra/soaudit_traj_20260926/M_lr0.007_s260925_l40s/scientific/kept/step000901_weights.pt,body_norm,"['blocks.0.ln1.weight', 'blocks.0.ln2.weight', 'blocks.1.ln1.weight', 'blocks.1.ln2.weight', 'blocks.2.ln1.weight', 'blocks.2.ln2.weight', 'blocks.3.ln1.weight', 'blocks.3.ln2.weight', 'blocks.4.ln1.weight', 'blocks.4.ln2.weight', 'blocks.5.ln1.weight', 'blocks.5.ln2.weight', 'blocks.6.ln1.weight', 'blocks.6.ln2.weight', 'blocks.7.ln1.weight', 'blocks.7.ln2.weight']",16,0.002,0.01,2e-05,8192,7792.07729259173,7791.255996083732,0.0005803150339716012,-0.410938411516689,3.1168309170366932e-06,0.0005669943284279705,88.27274376947695,88.2680916078043,0.024089728806518374,0.9752852455209329,0.9752338459105282,0.0002661564155630322,0.00027290109922750754,-5.273797937135277e-05,-0.19324942083647334,-5.270213062358309e-05,0.0017654548753895391,0.023811642707464987,1.3678176737972896e-16
M,900,logs/muon_spectra/soaudit_traj_20260926/M_lr0.007_s260925_l40s/scientific/kept/step000900.pt,logs/muon_spectra/soaudit_traj_20260926/M_lr0.007_s260925_l40s/scientific/kept/step000901_weights.pt,final_norm,['norm.weight'],1,0.002,0.01,2e-05,512,942.1592934714961,942.1775713272829,4.292398467953262e-05,0.009117465901056221,3.768637173885985e-07,4.366554703296347e-05,30.69461342762759,30.694911163371735,0.00655163984659815,1.3565230812859455,1.3565362394711757,0.00028954431021384645,0.00021344591493376334,9.677202108214473e-06,0.04533795885115678,9.699934643281338e-06,0.0006138922685525518,0.006607991149582714,1.5082989818132276e-17
M,900,logs/muon_spectra/soaudit_traj_20260926/M_lr0.007_s260925_l40s/scientific/kept/step000900.pt,logs/muon_spectra/soaudit_traj_20260926/M_lr0.007_s260925_l40s/scientific/kept/step000901_weights.pt,head,['head.weight'],1,0.002,0.01,2e-05,25755648,120002.93452974093,120084.07976714303,4.636778073728378,38.25422966416031,4.800117381189638e-05,4.638356244088756,346.4143971167205,346.5314989537647,2.1533179221212038,0.06825896402783646,0.06828203827113849,0.00042429890850362783,0.006216017405869153,0.00031877745168539673,0.05128323022139667,0.0003380397524435086,0.00692828794233441,2.1536843417940235,4.479202005906272e-16
M,900,logs/muon_spectra/soaudit_traj_20260926/M_lr0.007_s260925_l40s/scientific/kept/step000900.pt,logs/muon_spectra/soaudit_traj_20260926/M_lr0.007_s260925_l40s/scientific/kept/step000901_weights.pt,position_embedding,['position.weight'],1,0.002,0.01,2e-05,262144,433.01190267024145,433.2644490888272,0.03467357721531497,0.10893642068522974,1.732047610680966e-07,0.03467810787690345,20.808938047633315,20.81500538286808,0.1862084241255346,0.04064245712428382,0.04065430738841422,0.00036368832837018475,0.008948482796156568,0.0002515783515729124,0.028114078923073636,0.0002915735161916899,0.00041617876095266634,0.18622058929372834,1.183856737970356e-16
M,900,logs/muon_spectra/soaudit_traj_20260926/M_lr0.007_s260925_l40s/scientific/kept/step000900.pt,logs/muon_spectra/soaudit_traj_20260926/M_lr0.007_s260925_l40s/scientific/kept/step000901_weights.pt,qk_norm,"['blocks.0.attn.q_norm.weight', 'blocks.0.attn.k_norm.weight', 'blocks.1.attn.q_norm.weight', 'blocks.1.attn.k_norm.weight', 'blocks.2.attn.q_norm.weight', 'blocks.2.attn.k_norm.weight', 'blocks.3.attn.q_norm.weight', 'blocks.3.attn.k_norm.weight', 'blocks.4.attn.q_norm.weight', 'blocks.4.attn.k_norm.weight', 'blocks.5.attn.q_norm.weight', 'blocks.5.attn.k_norm.weight', 'blocks.6.attn.q_norm.weight', 'blocks.6.attn.k_norm.weight', 'blocks.7.attn.q_norm.weight', 'blocks.7.attn.k_norm.weight']",16,0.002,0.01,2e-05,1024,1935.7759182151376,1936.1686904026524,8.897209238512005e-05,0.19634160771119014,7.743103672860551e-07,9.760006706085371e-05,43.99745354239422,44.00191689463826,0.009432501915458065,1.3749204231998193,1.3750599029574457,0.0002947656848580645,0.0002143874510003011,0.00010142785942508516,0.47310539377112476,0.00010144569480008414,0.0008799490708478844,0.009879274622200443,0.0
M,900,logs/muon_spectra/soaudit_traj_20260926/M_lr0.007_s260925_l40s/scientific/kept/step000900.pt,logs/muon_spectra/soaudit_traj_20260926/M_lr0.007_s260925_l40s/scientific/kept/step000901_weights.pt,token_embedding,['embed.weight'],1,0.002,0.01,2e-05,25755648,102937.49781590779,103041.41518473648,4.663932702391664,49.62671806314486,4.117499912636312e-05,4.665958946113315,320.8387411393889,321.00064670454555,2.1596140169927738,0.06321942815439878,0.06325133071456926,0.00042553951777660084,0.006731151011637107,0.0004821053466045648,0.0716230174855801,0.0005046322167383543,0.006416774822787778,2.1600830877800314,1.5515326071502207e-16
M,900,logs/muon_spectra/soaudit_traj_20260926/M_lr0.007_s260925_l40s/scientific/kept/step000900.pt,logs/muon_spectra/soaudit_traj_20260926/M_lr0.007_s260925_l40s/scientific/kept/step000901_weights.pt,embeddings_combined,"['embed.weight', 'position.weight']",2,0.002,0.01,2e-05,26017792,103370.50971857803,103474.67963382532,4.698606279606979,49.73565448383009,4.134820388743122e-05,4.700637053990218,321.51284533993044,321.6748041638097,2.167626877395411,0.06303229357198026,0.06306404544840229,0.0004249612283641269,0.006741960418731057,0.00048113968499558885,0.0713649524934688,0.0005037398232348167,0.00643025690679861,2.168095259436314,1.8746438022224804e-16
M,900,logs/muon_spectra/soaudit_traj_20260926/M_lr0.007_s260925_l40s/scientific/kept/step000900.pt,logs/muon_spectra/soaudit_traj_20260926/M_lr0.007_s260925_l40s/scientific/kept/step000901_weights.pt,norms_combined,"['blocks.0.ln1.weight', 'blocks.0.ln2.weight', 'blocks.0.attn.q_norm.weight', 'blocks.0.attn.k_norm.weight', 'blocks.1.ln1.weight', 'blocks.1.ln2.weight', 'blocks.1.attn.q_norm.weight', 'blocks.1.attn.k_norm.weight', 'blocks.2.ln1.weight', 'blocks.2.ln2.weight', 'blocks.2.attn.q_norm.weight', 'blocks.2.attn.k_norm.weight', 'blocks.3.ln1.weight', 'blocks.3.ln2.weight', 'blocks.3.attn.q_norm.weight', 'blocks.3.attn.k_norm.weight', 'blocks.4.ln1.weight', 'blocks.4.ln2.weight', 'blocks.4.attn.q_norm.weight', 'blocks.4.attn.k_norm.weight', 'blocks.5.ln1.weight', 'blocks.5.ln2.weight', 'blocks.5.attn.q_norm.weight', 'blocks.5.attn.k_norm.weight', 'blocks.6.ln1.weight', 'blocks.6.ln2.weight', 'blocks.6.attn.q_norm.weight', 'blocks.6.attn.k_norm.weight', 'blocks.7.ln1.weight', 'blocks.7.ln2.weight', 'blocks.7.attn.q_norm.weight', 'blocks.7.attn.k_norm.weight', 'norm.weight']",33,0.002,0.01,2e-05,9728,10670.012504278362,10669.60225781367,0.0007122111110362539,-0.20547933790444262,4.268005001711346e-06,0.0007082599425217875,103.29575259553687,103.29376679071042,0.026687283695352997,1.0472989864262279,1.0472788526711632,0.00027057806794874943,0.00025835799657561215,-1.9257647338468574e-05,-0.07453861538530916,-1.9224457700861564e-05,0.0020659150519107376,0.026613153562135162,6.206420371699473e-16
M,900,logs/muon_spectra/soaudit_traj_20260926/M_lr0.007_s260925_l40s/scientific/kept/step000900.pt,logs/muon_spectra/soaudit_traj_20260926/M_lr0.007_s260925_l40s/scientific/kept/step000901_weights.pt,all_aux,"['embed.weight', 'position.weight', 'blocks.0.ln1.weight', 'blocks.0.ln2.weight', 'blocks.0.attn.q_norm.weight', 'blocks.0.attn.k_norm.weight', 'blocks.1.ln1.weight', 'blocks.1.ln2.weight', 'blocks.1.attn.q_norm.weight', 'blocks.1.attn.k_norm.weight', 'blocks.2.ln1.weight', 'blocks.2.ln2.weight', 'blocks.2.attn.q_norm.weight', 'blocks.2.attn.k_norm.weight', 'blocks.3.ln1.weight', 'blocks.3.ln2.weight', 'blocks.3.attn.q_norm.weight', 'blocks.3.attn.k_norm.weight', 'blocks.4.ln1.weight', 'blocks.4.ln2.weight', 'blocks.4.attn.q_norm.weight', 'blocks.4.attn.k_norm.weight', 'blocks.5.ln1.weight', 'blocks.5.ln2.weight', 'blocks.5.attn.q_norm.weight', 'blocks.5.attn.k_norm.weight', 'blocks.6.ln1.weight', 'blocks.6.ln2.weight', 'blocks.6.attn.q_norm.weight', 'blocks.6.attn.k_norm.weight', 'blocks.7.ln1.weight', 'blocks.7.ln2.weight', 'blocks.7.attn.q_norm.weight', 'blocks.7.attn.k_norm.weight', 'norm.weight', 'head.weight']",36,0.002,0.01,2e-05,51783168,234043.45675259735,234228.361658782,9.336096564446393,87.78440481008596,9.361738270103896e-05,9.339701558021497,483.7803807024396,483.97144715239347,3.055502669684056,0.06722858086961646,0.06725513243473687,0.00042460818280377953,0.006315887935032682,0.00037507737250215496,0.05938632483038414,0.0003949446020867775,0.009675607614048792,3.0560925309979567,1.1551746844885187e-16
PD,200,logs/muon_spectra/soaudit_traj_20260926/PD_a0.25_lr0.01_s260925_ada/scientific/kept/step000200.pt,logs/muon_spectra/soaudit_traj_20260926/PD_a0.25_lr0.01_s260925_ada/scientific/kept/step000201_weights.pt,body_norm,"['blocks.0.ln1.weight', 'blocks.0.ln2.weight', 'blocks.1.ln1.weight', 'blocks.1.ln2.weight', 'blocks.2.ln1.weight', 'blocks.2.ln2.weight', 'blocks.3.ln1.weight', 'blocks.3.ln2.weight', 'blocks.4.ln1.weight', 'blocks.4.ln2.weight', 'blocks.5.ln1.weight', 'blocks.5.ln2.weight', 'blocks.6.ln1.weight', 'blocks.6.ln2.weight', 'blocks.7.ln1.weight', 'blocks.7.ln2.weight']",16,0.002,0.01,2e-05,8192,8154.13557588118,8153.924880859061,0.0005704048167594067,-0.10563271346712,3.2616542303524727e-06,0.0005694411624510744,90.30025235779344,90.29908571441386,0.023883149221980895,0.9976862622664416,0.9976733725563647,0.0002638740120461392,0.0002644859631991897,-1.2954495603380345e-05,-0.048979898391144694,-1.2919602649152928e-05,0.0018060050471558691,0.023862966338053498,1.459577255397244e-16
PD,200,logs/muon_spectra/soaudit_traj_20260926/PD_a0.25_lr0.01_s260925_ada/scientific/kept/step000200.pt,logs/muon_spectra/soaudit_traj_20260926/PD_a0.25_lr0.01_s260925_ada/scientific/kept/step000201_weights.pt,final_norm,['norm.weight'],1,0.002,0.01,2e-05,512,742.606394443585,743.9484566477104,0.0006503911541670959,0.6707059064854661,2.970425577774341e-07,0.000677516432984292,27.250805390732676,27.275418542117926,0.025502767578580485,1.204326830286375,1.205414588177055,0.0011270737433649182,0.0009358537192905625,0.0009031781997891467,0.9650848002974376,0.0009032082183384471,0.0005450161078146535,0.02602914583662499,3.2473288706993594e-16
PD,200,logs/muon_spectra/soaudit_traj_20260926/PD_a0.25_lr0.01_s260925_ada/scientific/kept/step000200.pt,logs/muon_spectra/soaudit_traj_20260926/PD_a0.25_lr0.01_s260925_ada/scientific/kept/step000201_weights.pt,head,['head.weight'],1,0.002,0.01,2e-05,25755648,50311.224674384146,50465.711227788765,5.029416749974979,74.72856832731603,2.012448986975366e-05,5.032426017197941,224.3016376988455,224.64574607098342,2.242636116264736,0.044197347299949445,0.04426515187502178,0.0004418985448115278,0.009998304690382024,0.0014853259647516375,0.14855778161876412,0.0015341322322395268,0.0044860327539769105,2.243306937803639,2.2640178673893305e-16
PD,200,logs/muon_spectra/soaudit_traj_20260926/PD_a0.25_lr0.01_s260925_ada/scientific/kept/step000200.pt,logs/muon_spectra/soaudit_traj_20260926/PD_a0.25_lr0.01_s260925_ada/scientific/kept/step000201_weights.pt,position_embedding,['position.weight'],1,0.002,0.01,2e-05,262144,141.34309046567404,141.75010101674744,0.02461415035666291,0.1911982003583746,5.653723618626963e-08,0.02462185482191343,11.888780024278102,11.905885142094537,0.15688897461792178,0.023220273484918168,0.023253681918153392,0.0003064237785506285,0.013196389730278337,0.001352724068282688,0.10250713232414942,0.0014387614020532347,0.00023777560048556206,0.15691352657407656,9.868642074988171e-17
PD,200,logs/muon_spectra/soaudit_traj_20260926/PD_a0.25_lr0.01_s260925_ada/scientific/kept/step000200.pt,logs/muon_spectra/soaudit_traj_20260926/PD_a0.25_lr0.01_s260925_ada/scientific/kept/step000201_weights.pt,qk_norm,"['blocks.0.attn.q_norm.weight', 'blocks.0.attn.k_norm.weight', 'blocks.1.attn.q_norm.weight', 'blocks.1.attn.k_norm.weight', 'blocks.2.attn.q_norm.weight', 'blocks.2.attn.k_norm.weight', 'blocks.3.attn.q_norm.weight', 'blocks.3.attn.k_norm.weight', 'blocks.4.attn.q_norm.weight', 'blocks.4.attn.k_norm.weight', 'blocks.5.attn.q_norm.weight', 'blocks.5.attn.k_norm.weight', 'blocks.6.attn.q_norm.weight', 'blocks.6.attn.k_norm.weight', 'blocks.7.attn.q_norm.weight', 'blocks.7.attn.k_norm.weight']",16,0.002,0.01,2e-05,1024,1332.3270113878805,1334.2283024391832,0.0008874433018171146,0.9502018040004359,5.329308045551523e-07,0.0009259843047816872,36.501054935273864,36.527089980440316,0.029789986603171118,1.1406579667273082,1.1414715618887599,0.0009309370813490974,0.0008161404281601377,0.0007131896267798503,0.8738565106836161,0.0007132682935497847,0.0007300210987054774,0.030429990219874983,7.98824385370683e-18
PD,200,logs/muon_spectra/soaudit_traj_20260926/PD_a0.25_lr0.01_s260925_ada/scientific/kept/step000200.pt,logs/muon_spectra/soaudit_traj_20260926/PD_a0.25_lr0.01_s260925_ada/scientific/kept/step000201_weights.pt,token_embedding,['embed.weight'],1,0.002,0.01,2e-05,25755648,31955.46144014225,32060.278363353118,4.954395181710702,49.93126401457873,1.2782184576056903e-05,4.956405214455864,178.760905793583,179.05384207928384,2.2258470706027182,0.0352238080741093,0.03528152948394252,0.0004385903599513031,0.012451531618288655,0.0015625267720858315,0.12548872058364383,0.001638704415825254,0.00357521811587166,2.2262985456707876,4.6984950746193906e-17
PD,200,logs/muon_spectra/soaudit_traj_20260926/PD_a0.25_lr0.01_s260925_ada/scientific/kept/step000200.pt,logs/muon_spectra/soaudit_traj_20260926/PD_a0.25_lr0.01_s260925_ada/scientific/kept/step000201_weights.pt,embeddings_combined,"['embed.weight', 'position.weight']",2,0.002,0.01,2e-05,26017792,32096.804530607926,32202.028464369865,4.979009332067365,50.1224622149371,1.2838721812243173e-05,4.981027069277777,179.15581076428396,179.44923645524344,2.2313693849444483,0.03512332966753163,0.03518085550067389,0.00043745788753989665,0.012454909363114492,0.0015616028744275673,0.12538050891420305,0.0016378240242820308,0.00358311621528568,2.231821468952608,6.70780699141579e-17
PD,200,logs/muon_spectra/soaudit_traj_20260926/PD_a0.25_lr0.01_s260925_ada/scientific/kept/step000200.pt,logs/muon_spectra/soaudit_traj_20260926/PD_a0.25_lr0.01_s260925_ada/scientific/kept/step000201_weights.pt,norms_combined,"['blocks.0.ln1.weight', 'blocks.0.ln2.weight', 'blocks.0.attn.q_norm.weight', 'blocks.0.attn.k_norm.weight', 'blocks.1.ln1.weight', 'blocks.1.ln2.weight', 'blocks.1.attn.q_norm.weight', 'blocks.1.attn.k_norm.weight', 'blocks.2.ln1.weight', 'blocks.2.ln2.weight', 'blocks.2.attn.q_norm.weight', 'blocks.2.attn.k_norm.weight', 'blocks.3.ln1.weight', 'blocks.3.ln2.weight', 'blocks.3.attn.q_norm.weight', 'blocks.3.attn.k_norm.weight', 'blocks.4.ln1.weight', 'blocks.4.ln2.weight', 'blocks.4.attn.q_norm.weight', 'blocks.4.attn.k_norm.weight', 'blocks.5.ln1.weight', 'blocks.5.ln2.weight', 'blocks.5.attn.q_norm.weight', 'blocks.5.attn.k_norm.weight', 'blocks.6.ln1.weight', 'blocks.6.ln2.weight', 'blocks.6.attn.q_norm.weight', 'blocks.6.attn.k_norm.weight', 'blocks.7.ln1.weight', 'blocks.7.ln2.weight', 'blocks.7.attn.q_norm.weight', 'blocks.7.attn.k_norm.weight', 'norm.weight']",33,0.002,0.01,2e-05,9728,10229.068981712642,10232.101639945951,0.0021082392727436172,1.515274997018782,4.091627592685058e-06,0.0021729419002170535,101.13885989921303,101.15385133521092,0.0459155667801631,1.0254305990247143,1.0255825947779873,0.00046553053094390556,0.0004539854100186507,0.00014813420456228862,0.326297280250048,0.00014822627042487824,0.002022777197984261,0.04661482489741921,1.1596897787712312e-16
PD,200,logs/muon_spectra/soaudit_traj_20260926/PD_a0.25_lr0.01_s260925_ada/scientific/kept/step000200.pt,logs/muon_spectra/soaudit_traj_20260926/PD_a0.25_lr0.01_s260925_ada/scientific/kept/step000201_weights.pt,all_aux,"['embed.weight', 'position.weight', 'blocks.0.ln1.weight', 'blocks.0.ln2.weight', 'blocks.0.attn.q_norm.weight', 'blocks.0.attn.k_norm.weight', 'blocks.1.ln1.weight', 'blocks.1.ln2.weight', 'blocks.1.attn.q_norm.weight', 'blocks.1.attn.k_norm.weight', 'blocks.2.ln1.weight', 'blocks.2.ln2.weight', 'blocks.2.attn.q_norm.weight', 'blocks.2.attn.k_norm.weight', 'blocks.3.ln1.weight', 'blocks.3.ln2.weight', 'blocks.3.attn.q_norm.weight', 'blocks.3.attn.k_norm.weight', 'blocks.4.ln1.weight', 'blocks.4.ln2.weight', 'blocks.4.attn.q_norm.weight', 'blocks.4.attn.k_norm.weight', 'blocks.5.ln1.weight', 'blocks.5.ln2.weight', 'blocks.5.attn.q_norm.weight', 'blocks.5.attn.k_norm.weight', 'blocks.6.ln1.weight', 'blocks.6.ln2.weight', 'blocks.6.attn.q_norm.weight', 'blocks.6.attn.k_norm.weight', 'blocks.7.ln1.weight', 'blocks.7.ln2.weight', 'blocks.7.attn.q_norm.weight', 'blocks.7.attn.k_norm.weight', 'norm.weight', 'head.weight']",36,0.002,0.01,2e-05,51783168,92637.09818670472,92899.84133210458,10.010534321315088,126.36630553927192,3.70548392746819e-05,10.015626028375937,304.36343109300225,304.794752796213,3.1639428441922095,0.04229588953417154,0.04235582819055736,0.0004396775806798393,0.010395279199048802,0.0013641004307430693,0.13122306814692275,0.0014171272207761376,0.006087268621860046,3.164747387766666,1.1013813638677878e-17
PD,500,logs/muon_spectra/soaudit_traj_20260926/PD_a0.25_lr0.01_s260925_ada/scientific/kept/step000500.pt,logs/muon_spectra/soaudit_traj_20260926/PD_a0.25_lr0.01_s260925_ada/scientific/kept/step000501_weights.pt,body_norm,"['blocks.0.ln1.weight', 'blocks.0.ln2.weight', 'blocks.1.ln1.weight', 'blocks.1.ln2.weight', 'blocks.2.ln1.weight', 'blocks.2.ln2.weight', 'blocks.3.ln1.weight', 'blocks.3.ln2.weight', 'blocks.4.ln1.weight', 'blocks.4.ln2.weight', 'blocks.5.ln1.weight', 'blocks.5.ln2.weight', 'blocks.6.ln1.weight', 'blocks.6.ln2.weight', 'blocks.7.ln1.weight', 'blocks.7.ln2.weight']",16,0.002,0.01,2e-05,8192,8037.9123258894615,8037.268774662092,0.0004820532881097961,-0.32201664032854893,3.2151649303557854e-06,0.00047238778742701,89.65440494414908,89.65081580589265,0.021955711970004437,0.9905505890508209,0.9905109343008253,0.00024257863780888732,0.00024489272985172254,-4.006222353176951e-05,-0.1635909059285931,-4.003303862931684e-05,0.0017930880988829816,0.021734483831621354,3.182360972633901e-17
PD,500,logs/muon_spectra/soaudit_traj_20260926/PD_a0.25_lr0.01_s260925_ada/scientific/kept/step000500.pt,logs/muon_spectra/soaudit_traj_20260926/PD_a0.25_lr0.01_s260925_ada/scientific/kept/step000501_weights.pt,final_norm,['norm.weight'],1,0.002,0.01,2e-05,512,919.910434028237,920.1730839055276,5.712639022448229e-05,0.13129637545019435,3.6796417361129485e-07,6.274620941610136e-05,30.330025288948192,30.33435484571128,0.0075582001974334005,1.3404104097109215,1.340601750895091,0.0003340284133231662,0.000249198611785777,0.00014272734669967246,0.5727453522990236,0.00014274820814841327,0.000606600505778964,0.007921250495729911,3.088735144237495e-17
PD,500,logs/muon_spectra/soaudit_traj_20260926/PD_a0.25_lr0.01_s260925_ada/scientific/kept/step000500.pt,logs/muon_spectra/soaudit_traj_20260926/PD_a0.25_lr0.01_s260925_ada/scientific/kept/step000501_weights.pt,head,['head.weight'],1,0.002,0.01,2e-05,25755648,83713.30838601367,83806.82018733719,4.595754947792267,44.45802318785862,3.3485323354405476e-05,4.597566754043136,289.3325221713136,289.49407625603874,2.1437711976310037,0.05701130896219796,0.05704314226517148,0.0004224177813651947,0.0074093682298240855,0.0005310747364428188,0.07167611596156664,0.0005583682176921734,0.005786650443426272,2.1441937305297616,1.100488562810265e-16
PD,500,logs/muon_spectra/soaudit_traj_20260926/PD_a0.25_lr0.01_s260925_ada/scientific/kept/step000500.pt,logs/muon_spectra/soaudit_traj_20260926/PD_a0.25_lr0.01_s260925_ada/scientific/kept/step000501_weights.pt,position_embedding,['position.weight'],1,0.002,0.01,2e-05,262144,227.95654920630366,228.24241412079903,0.03418969506288501,0.12583760971624053,9.118261968252148e-08,0.03419481974989335,15.09823000243087,15.107693871693291,0.18490455663094138,0.029488730473497794,0.02950721459315096,0.0003611417121698074,0.012246770422835729,0.0005520245421962228,0.045075111489548285,0.000626819783570598,0.0003019646000486174,0.184918413766432,1.2890202842402206e-17
PD,500,logs/muon_spectra/soaudit_traj_20260926/PD_a0.25_lr0.01_s260925_ada/scientific/kept/step000500.pt,logs/muon_spectra/soaudit_traj_20260926/PD_a0.25_lr0.01_s260925_ada/scientific/kept/step000501_weights.pt,qk_norm,"['blocks.0.attn.q_norm.weight', 'blocks.0.attn.k_norm.weight', 'blocks.1.attn.q_norm.weight', 'blocks.1.attn.k_norm.weight', 'blocks.2.attn.q_norm.weight', 'blocks.2.attn.k_norm.weight', 'blocks.3.attn.q_norm.weight', 'blocks.3.attn.k_norm.weight', 'blocks.4.attn.q_norm.weight', 'blocks.4.attn.k_norm.weight', 'blocks.5.attn.q_norm.weight', 'blocks.5.attn.k_norm.weight', 'blocks.6.attn.q_norm.weight', 'blocks.6.attn.k_norm.weight', 'blocks.7.attn.q_norm.weight', 'blocks.7.attn.k_norm.weight']",16,0.002,0.01,2e-05,1024,1655.4099948189173,1655.9953919302952,0.00012591711842802056,0.29263559712955,6.621639979275671e-07,0.00013828470631113013,40.68672995976596,40.69392328014461,0.011221279714365049,1.2714603112426863,1.271685102504519,0.00035066499107390777,0.00027579704059435295,0.00017677529919804606,0.640961552078618,0.00017679770248824056,0.0008137345991953194,0.011759451786164613,2.3384472739254744e-16
PD,500,logs/muon_spectra/soaudit_traj_20260926/PD_a0.25_lr0.01_s260925_ada/scientific/kept/step000500.pt,logs/muon_spectra/soaudit_traj_20260926/PD_a0.25_lr0.01_s260925_ada/scientific/kept/step000501_weights.pt,token_embedding,['embed.weight'],1,0.002,0.01,2e-05,25755648,62100.24183071603,62199.72347015103,4.651991134687839,47.41482415015105,2.484009673228642e-05,4.653912567750579,249.1992011036874,249.3987238743435,2.1568474991727715,0.049103268933048484,0.04914258374715063,0.00042499439135596233,0.008655114019708858,0.0007635207650141342,0.08821614172563122,0.0008006557395545677,0.0049839840220737485,2.1572928794557726,1.331987963409293e-16
PD,500,logs/muon_spectra/soaudit_traj_20260926/PD_a0.25_lr0.01_s260925_ada/scientific/kept/step000500.pt,logs/muon_spectra/soaudit_traj_20260926/PD_a0.25_lr0.01_s260925_ada/scientific/kept/step000501_weights.pt,embeddings_combined,"['embed.weight', 'position.weight']",2,0.002,0.01,2e-05,26017792,62328.19837992234,62427.96588427183,4.686180829750724,47.54066175986729,2.493127935196894e-05,4.688107387500472,249.6561603083776,249.85589023329393,2.1647588387048393,0.048944857465875666,0.048984014331440784,0.00042439895205280637,0.008670961037095616,0.0007627472475633352,0.087965710409745,0.000800020014205316,0.004993123206167553,2.16520377505224,6.191700190425052e-17
PD,500,logs/muon_spectra/soaudit_traj_20260926/PD_a0.25_lr0.01_s260925_ada/scientific/kept/step000500.pt,logs/muon_spectra/soaudit_traj_20260926/PD_a0.25_lr0.01_s260925_ada/scientific/kept/step000501_weights.pt,norms_combined,"['blocks.0.ln1.weight', 'blocks.0.ln2.weight', 'blocks.0.attn.q_norm.weight', 'blocks.0.attn.k_norm.weight', 'blocks.1.ln1.weight', 'blocks.1.ln2.weight', 'blocks.1.attn.q_norm.weight', 'blocks.1.attn.k_norm.weight', 'blocks.2.ln1.weight', 'blocks.2.ln2.weight', 'blocks.2.attn.q_norm.weight', 'blocks.2.attn.k_norm.weight', 'blocks.3.ln1.weight', 'blocks.3.ln2.weight', 'blocks.3.attn.q_norm.weight', 'blocks.3.attn.k_norm.weight', 'blocks.4.ln1.weight', 'blocks.4.ln2.weight', 'blocks.4.attn.q_norm.weight', 'blocks.4.attn.k_norm.weight', 'blocks.5.ln1.weight', 'blocks.5.ln2.weight', 'blocks.5.attn.q_norm.weight', 'blocks.5.attn.k_norm.weight', 'blocks.6.ln1.weight', 'blocks.6.ln2.weight', 'blocks.6.attn.q_norm.weight', 'blocks.6.attn.k_norm.weight', 'blocks.7.ln1.weight', 'blocks.7.ln2.weight', 'blocks.7.attn.q_norm.weight', 'blocks.7.attn.k_norm.weight', 'norm.weight']",33,0.002,0.01,2e-05,9728,10613.232754736613,10613.437250497916,0.0006650967967622989,0.10191533225119542,4.245293101894647e-06,0.0006734187031542413,103.02054530401503,103.02153779913168,0.02578947065688435,1.044508704055214,1.0445187668032319,0.0002614752862606175,0.0002503332765399297,9.602666275806615e-06,0.038359527780458424,9.633953244270188e-06,0.002060410906080301,0.0259503121976257,4.006805875565613e-16
PD,500,logs/muon_spectra/soaudit_traj_20260926/PD_a0.25_lr0.01_s260925_ada/scientific/kept/step000500.pt,logs/muon_spectra/soaudit_traj_20260926/PD_a0.25_lr0.01_s260925_ada/scientific/kept/step000501_weights.pt,all_aux,"['embed.weight', 'position.weight', 'blocks.0.ln1.weight', 'blocks.0.ln2.weight', 'blocks.0.attn.q_norm.weight', 'blocks.0.attn.k_norm.weight', 'blocks.1.ln1.weight', 'blocks.1.ln2.weight', 'blocks.1.attn.q_norm.weight', 'blocks.1.attn.k_norm.weight', 'blocks.2.ln1.weight', 'blocks.2.ln2.weight', 'blocks.2.attn.q_norm.weight', 'blocks.2.attn.k_norm.weight', 'blocks.3.ln1.weight', 'blocks.3.ln2.weight', 'blocks.3.attn.q_norm.weight', 'blocks.3.attn.k_norm.weight', 'blocks.4.ln1.weight', 'blocks.4.ln2.weight', 'blocks.4.attn.q_norm.weight', 'blocks.4.attn.k_norm.weight', 'blocks.5.ln1.weight', 'blocks.5.ln2.weight', 'blocks.5.attn.q_norm.weight', 'blocks.5.attn.k_norm.weight', 'blocks.6.ln1.weight', 'blocks.6.ln2.weight', 'blocks.6.attn.q_norm.weight', 'blocks.6.attn.k_norm.weight', 'blocks.7.ln1.weight', 'blocks.7.ln2.weight', 'blocks.7.attn.q_norm.weight', 'blocks.7.attn.k_norm.weight', 'norm.weight', 'head.weight']",36,0.002,0.01,2e-05,51783168,156654.73952067265,156848.22332210693,9.282600874339753,92.1006002799771,6.266189580826906e-05,9.286347560246764,395.7963359111257,396.04068392288553,3.046736101853876,0.055001870762232036,0.05503582660402346,0.0004233899359756125,0.007697737006180894,0.0005879209308430991,0.07637581413485917,0.0006173579429364917,0.007915926718222515,3.047350908616657,7.483773641892712e-17
PD,900,logs/muon_spectra/soaudit_traj_20260926/PD_a0.25_lr0.01_s260925_ada/scientific/kept/step000900.pt,logs/muon_spectra/soaudit_traj_20260926/PD_a0.25_lr0.01_s260925_ada/scientific/kept/step000901_weights.pt,body_norm,"['blocks.0.ln1.weight', 'blocks.0.ln2.weight', 'blocks.1.ln1.weight', 'blocks.1.ln2.weight', 'blocks.2.ln1.weight', 'blocks.2.ln2.weight', 'blocks.3.ln1.weight', 'blocks.3.ln2.weight', 'blocks.4.ln1.weight', 'blocks.4.ln2.weight', 'blocks.5.ln1.weight', 'blocks.5.ln2.weight', 'blocks.6.ln1.weight', 'blocks.6.ln2.weight', 'blocks.7.ln1.weight', 'blocks.7.ln2.weight']",16,0.002,0.01,2e-05,8192,7781.20216555495,7780.500401815524,0.0005104519716745415,-0.35113709569955986,3.1124808662219808e-06,0.0004995189687127811,88.21112268617235,88.20714484561624,0.022593184186266033,0.9746044223042338,0.9745604729599886,0.00024962177729227156,0.00025612625140987644,-4.512632986891647e-05,-0.17618783557137702,-4.5094546299528915e-05,0.0017642224537234472,0.022349921000146312,2.387894845140739e-16
PD,900,logs/muon_spectra/soaudit_traj_20260926/PD_a0.25_lr0.01_s260925_ada/scientific/kept/step000900.pt,logs/muon_spectra/soaudit_traj_20260926/PD_a0.25_lr0.01_s260925_ada/scientific/kept/step000901_weights.pt,final_norm,['norm.weight'],1,0.002,0.01,2e-05,512,963.6438869444019,963.6002227080172,4.372619626735741e-05,-0.02185398129048366,3.854575547777608e-07,4.323749457051582e-05,31.042614048182248,31.041910745120333,0.006612578639786253,1.3719026812016533,1.371871599303884,0.00029223744983263597,0.00021301616640669033,-2.2678482774150096e-05,-0.10646366966745777,-2.2656051478886496e-05,0.000620852280963645,0.006575522380048282,5.898799300336104e-17
PD,900,logs/muon_spectra/soaudit_traj_20260926/PD_a0.25_lr0.01_s260925_ada/scientific/kept/step000900.pt,logs/muon_spectra/soaudit_traj_20260926/PD_a0.25_lr0.01_s260925_ada/scientific/kept/step000901_weights.pt,head,['head.weight'],1,0.002,0.01,2e-05,25755648,118758.72445187655,118841.38316886034,4.638491457822515,39.01011276297344,4.750348978075063e-05,4.640099365822817,344.6138773350205,344.7337859404853,2.153715732826065,0.0679041819632531,0.06792780926412505,0.0004243772948144136,0.006249648880890263,0.00032848207946845314,0.05256008549102055,0.0003479506002255217,0.00689227754670041,2.154088987442909,1.5317984699242154e-16
PD,900,logs/muon_spectra/soaudit_traj_20260926/PD_a0.25_lr0.01_s260925_ada/scientific/kept/step000900.pt,logs/muon_spectra/soaudit_traj_20260926/PD_a0.25_lr0.01_s260925_ada/scientific/kept/step000901_weights.pt,position_embedding,['position.weight'],1,0.002,0.01,2e-05,262144,357.4143524535083,357.8504432658202,0.038996272788318756,0.19854726976178777,1.4296574098140334e-07,0.03900435764485021,18.905405376598203,18.91693535607235,0.1974747396208405,0.036924619876168366,0.03694713936732881,0.0003856928508219541,0.010445411546968566,0.0005555100638763923,0.05318220937284282,0.0006098773998477469,0.0003781081075319641,0.19749520916936242,1.0424325113856376e-16
PD,900,logs/muon_spectra/soaudit_traj_20260926/PD_a0.25_lr0.01_s260925_ada/scientific/kept/step000900.pt,logs/muon_spectra/soaudit_traj_20260926/PD_a0.25_lr0.01_s260925_ada/scientific/kept/step000901_weights.pt,qk_norm,"['blocks.0.attn.q_norm.weight', 'blocks.0.attn.k_norm.weight', 'blocks.1.attn.q_norm.weight', 'blocks.1.attn.k_norm.weight', 'blocks.2.attn.q_norm.weight', 'blocks.2.attn.k_norm.weight', 'blocks.3.attn.q_norm.weight', 'blocks.3.attn.k_norm.weight', 'blocks.4.attn.q_norm.weight', 'blocks.4.attn.k_norm.weight', 'blocks.5.attn.q_norm.weight', 'blocks.5.attn.k_norm.weight', 'blocks.6.attn.q_norm.weight', 'blocks.6.attn.k_norm.weight', 'blocks.7.attn.q_norm.weight', 'blocks.7.attn.k_norm.weight']",16,0.002,0.01,2e-05,1024,1908.1503331492363,1908.4599542713859,8.205245076453593e-05,0.15476953484936473,7.632601332596946e-07,8.900649229177021e-05,43.682380122301446,43.685923983262455,0.00905828078415192,1.3650743788219202,1.3651851244769517,0.0002830712745047475,0.00020736692366099665,8.110971769919777e-05,0.39114105695947876,8.112792734937813e-05,0.0008736476024460289,0.009434325216557366,3.723121012677324e-17
PD,900,logs/muon_spectra/soaudit_traj_20260926/PD_a0.25_lr0.01_s260925_ada/scientific/kept/step000900.pt,logs/muon_spectra/soaudit_traj_20260926/PD_a0.25_lr0.01_s260925_ada/scientific/kept/step000901_weights.pt,token_embedding,['embed.weight'],1,0.002,0.01,2e-05,25755648,102083.26840243426,102182.14025140447,4.686228675240318,47.0928101474893,4.083330736097371e-05,4.688153220953578,319.5047235995647,319.65941289348024,2.1647698896742624,0.062956567672787,0.06298704830822464,0.00042655545282672307,0.006775392442671265,0.00046131761731843545,0.06808721726775084,0.00048415338644369754,0.006390094471991295,2.1652143591232664,3.768898966438325e-17
PD,900,logs/muon_spectra/soaudit_traj_20260926/PD_a0.25_lr0.01_s260925_ada/scientific/kept/step000900.pt,logs/muon_spectra/soaudit_traj_20260926/PD_a0.25_lr0.01_s260925_ada/scientific/kept/step000901_weights.pt,embeddings_combined,"['embed.weight', 'position.weight']",2,0.002,0.01,2e-05,26017792,102440.68275488776,102539.9906946703,4.725224948028637,47.29135741725109,4.0976273101955115e-05,4.727157578598428,320.0635604921119,320.2186607533519,2.1737582542749867,0.06274816262878097,0.06277856989039204,0.000426163279084885,0.0067916455435687115,0.0004616462536705875,0.06797266593333029,0.0004845920635314638,0.006401271209842238,2.174202745513497,4.0329228568368946e-17
PD,900,logs/muon_spectra/soaudit_traj_20260926/PD_a0.25_lr0.01_s260925_ada/scientific/kept/step000900.pt,logs/muon_spectra/soaudit_traj_20260926/PD_a0.25_lr0.01_s260925_ada/scientific/kept/step000901_weights.pt,norms_combined,"['blocks.0.ln1.weight', 'blocks.0.ln2.weight', 'blocks.0.attn.q_norm.weight', 'blocks.0.attn.k_norm.weight', 'blocks.1.ln1.weight', 'blocks.1.ln2.weight', 'blocks.1.attn.q_norm.weight', 'blocks.1.attn.k_norm.weight', 'blocks.2.ln1.weight', 'blocks.2.ln2.weight', 'blocks.2.attn.q_norm.weight', 'blocks.2.attn.k_norm.weight', 'blocks.3.ln1.weight', 'blocks.3.ln2.weight', 'blocks.3.attn.q_norm.weight', 'blocks.3.attn.k_norm.weight', 'blocks.4.ln1.weight', 'blocks.4.ln2.weight', 'blocks.4.attn.q_norm.weight', 'blocks.4.attn.k_norm.weight', 'blocks.5.ln1.weight', 'blocks.5.ln2.weight', 'blocks.5.attn.q_norm.weight', 'blocks.5.attn.k_norm.weight', 'blocks.6.ln1.weight', 'blocks.6.ln2.weight', 'blocks.6.attn.q_norm.weight', 'blocks.6.attn.k_norm.weight', 'blocks.7.ln1.weight', 'blocks.7.ln2.weight', 'blocks.7.attn.q_norm.weight', 'blocks.7.attn.k_norm.weight', 'norm.weight']",33,0.002,0.01,2e-05,9728,10652.996385648585,10652.560578794928,0.0006362306187064348,-0.2182215421406788,4.2611985542594365e-06,0.0006317629555750671,103.21335371766865,103.2112425019432,0.025223612324693598,1.0464635574845176,1.0464421522085616,0.0002557381398352008,0.0002443832257761011,-2.048452231098667e-05,-0.08382131075458579,-2.0454869931074704e-05,0.0020642670743533736,0.025134895177324038,5.599369464484123e-16
PD,900,logs/muon_spectra/soaudit_traj_20260926/PD_a0.25_lr0.01_s260925_ada/scientific/kept/step000900.pt,logs/muon_spectra/soaudit_traj_20260926/PD_a0.25_lr0.01_s260925_ada/scientific/kept/step000901_weights.pt,all_aux,"['embed.weight', 'position.weight', 'blocks.0.ln1.weight', 'blocks.0.ln2.weight', 'blocks.0.attn.q_norm.weight', 'blocks.0.attn.k_norm.weight', 'blocks.1.ln1.weight', 'blocks.1.ln2.weight', 'blocks.1.attn.q_norm.weight', 'blocks.1.attn.k_norm.weight', 'blocks.2.ln1.weight', 'blocks.2.ln2.weight', 'blocks.2.attn.q_norm.weight', 'blocks.2.attn.k_norm.weight', 'blocks.3.ln1.weight', 'blocks.3.ln2.weight', 'blocks.3.attn.q_norm.weight', 'blocks.3.attn.k_norm.weight', 'blocks.4.ln1.weight', 'blocks.4.ln2.weight', 'blocks.4.attn.q_norm.weight', 'blocks.4.attn.k_norm.weight', 'blocks.5.ln1.weight', 'blocks.5.ln2.weight', 'blocks.5.attn.q_norm.weight', 'blocks.5.attn.k_norm.weight', 'blocks.6.ln1.weight', 'blocks.6.ln2.weight', 'blocks.6.attn.q_norm.weight', 'blocks.6.attn.k_norm.weight', 'blocks.7.ln1.weight', 'blocks.7.ln2.weight', 'blocks.7.attn.q_norm.weight', 'blocks.7.attn.k_norm.weight', 'norm.weight', 'head.weight']",36,0.002,0.01,2e-05,51783168,231852.40359241294,232033.93444232558,9.364352636469858,86.08324863808384,9.274096143696518e-05,9.36788870737682,481.51054359423216,481.6990081392379,3.060122977344188,0.06691315276695464,0.06693934275813737,0.0004252502442423205,0.006355256428035658,0.0003712846936424894,0.05842166997457402,0.0003914027377240892,0.009630210871884643,3.0607006889561776,1.2371434632481829e-17
SPD,200,logs/muon_spectra/soaudit_traj_20260926/SPD_a0.25_lr0.01_s260925_ada/scientific/kept/step000200.pt,logs/muon_spectra/soaudit_traj_20260926/SPD_a0.25_lr0.01_s260925_ada/scientific/kept/step000201_weights.pt,body_norm,"['blocks.0.ln1.weight', 'blocks.0.ln2.weight', 'blocks.1.ln1.weight', 'blocks.1.ln2.weight', 'blocks.2.ln1.weight', 'blocks.2.ln2.weight', 'blocks.3.ln1.weight', 'blocks.3.ln2.weight', 'blocks.4.ln1.weight', 'blocks.4.ln2.weight', 'blocks.5.ln1.weight', 'blocks.5.ln2.weight', 'blocks.6.ln1.weight', 'blocks.6.ln2.weight', 'blocks.7.ln1.weight', 'blocks.7.ln2.weight']",16,0.002,0.01,2e-05,8192,8120.303256109506,8119.840359675833,0.0004996822297904657,-0.2316980579515011,3.2481213024438028e-06,0.0004936624287748496,90.11272527290197,90.11015680641019,0.02235357308777426,0.9956143611198338,0.995585983306184,0.0002469744236580358,0.0002480623354812271,-2.8533177966866876e-05,-0.11502422530818354,-2.8502816710962442e-05,0.0018022545054580397,0.022218515449391518,2.9313168359881706e-17
SPD,200,logs/muon_spectra/soaudit_traj_20260926/SPD_a0.25_lr0.01_s260925_ada/scientific/kept/step000200.pt,logs/muon_spectra/soaudit_traj_20260926/SPD_a0.25_lr0.01_s260925_ada/scientific/kept/step000201_weights.pt,final_norm,['norm.weight'],1,0.002,0.01,2e-05,512,767.4464491832136,768.9302981568384,0.0007599231214925339,0.7415445252516264,3.069785796732855e-07,0.0007898918810822723,27.702823848539587,27.729592462869668,0.0275667031306345,1.224303412582422,1.2254864293771575,0.0012182876699142553,0.0009950863955729098,0.0009662492100143867,0.9710204202501228,0.000966277462414622,0.0005540564769707918,0.028105015230066543,1.8481330166422215e-17
SPD,200,logs/muon_spectra/soaudit_traj_20260926/SPD_a0.25_lr0.01_s260925_ada/scientific/kept/step000200.pt,logs/muon_spectra/soaudit_traj_20260926/SPD_a0.25_lr0.01_s260925_ada/scientific/kept/step000201_weights.pt,head,['head.weight'],1,0.002,0.01,2e-05,25755648,50448.77610445187,50601.60346499952,5.1937903909460905,73.81678507835164,2.017951044178075e-05,5.196763241859667,224.60804995469746,224.94800169150096,2.2789888966263288,0.044257724072173606,0.04432470960616645,0.00044906165104402566,0.010146514771336074,0.0014632026934710445,0.1442074176646936,0.001513533183125304,0.004492160999093949,2.2796410335532364,7.301788822775512e-18
SPD,200,logs/muon_spectra/soaudit_traj_20260926/SPD_a0.25_lr0.01_s260925_ada/scientific/kept/step000200.pt,logs/muon_spectra/soaudit_traj_20260926/SPD_a0.25_lr0.01_s260925_ada/scientific/kept/step000201_weights.pt,position_embedding,['position.weight'],1,0.002,0.01,2e-05,262144,140.3188243848025,140.649067192587,0.02721801385428034,0.15151239696512225,5.612752975392101e-08,0.0272241304776887,11.845624693734075,11.85955594415689,0.16497882850317594,0.023135985729949366,0.023163195203431425,0.0003222242744202655,0.01392740634357967,0.0010797724227622027,0.07752860770519286,0.001176067179486484,0.0002369124938746815,0.16499736506286608,7.025275827556058e-17
SPD,200,logs/muon_spectra/soaudit_traj_20260926/SPD_a0.25_lr0.01_s260925_ada/scientific/kept/step000200.pt,logs/muon_spectra/soaudit_traj_20260926/SPD_a0.25_lr0.01_s260925_ada/scientific/kept/step000201_weights.pt,qk_norm,"['blocks.0.attn.q_norm.weight', 'blocks.0.attn.k_norm.weight', 'blocks.1.attn.q_norm.weight', 'blocks.1.attn.k_norm.weight', 'blocks.2.attn.q_norm.weight', 'blocks.2.attn.k_norm.weight', 'blocks.3.attn.q_norm.weight', 'blocks.3.attn.k_norm.weight', 'blocks.4.attn.q_norm.weight', 'blocks.4.attn.k_norm.weight', 'blocks.5.attn.q_norm.weight', 'blocks.5.attn.k_norm.weight', 'blocks.6.attn.q_norm.weight', 'blocks.6.attn.k_norm.weight', 'blocks.7.attn.q_norm.weight', 'blocks.7.attn.k_norm.weight']",16,0.002,0.01,2e-05,1024,1360.2770063171447,1362.3960528091836,0.0010006874701531387,1.0590229022842692,5.441108025268581e-07,0.0010435924970470364,36.88193333214983,36.9106495853051,0.031633644591686536,1.1525604166296821,1.1534577995407844,0.0009885513934902042,0.0008577002812407238,0.0007785347376792761,0.9077002243173696,0.0007785994540108199,0.0007376386666429968,0.03230468227745069,1.7732327516679193e-16
SPD,200,logs/muon_spectra/soaudit_traj_20260926/SPD_a0.25_lr0.01_s260925_ada/scientific/kept/step000200.pt,logs/muon_spectra/soaudit_traj_20260926/SPD_a0.25_lr0.01_s260925_ada/scientific/kept/step000201_weights.pt,token_embedding,['embed.weight'],1,0.002,0.01,2e-05,25755648,31634.71037255729,31738.543740985908,5.07619138846074,49.378588520075816,1.2653884149022918e-05,5.078179185885691,177.8614921014588,178.1531468736545,2.2530404764363956,0.03504658378040835,0.03510405267537794,0.0004439486641270095,0.01266738769486527,0.0015608990232106287,0.12322185606139928,0.0016397859297689887,0.0035572298420291763,2.2534815699014916,2.0865035117324584e-16
SPD,200,logs/muon_spectra/soaudit_traj_20260926/SPD_a0.25_lr0.01_s260925_ada/scientific/kept/step000200.pt,logs/muon_spectra/soaudit_traj_20260926/SPD_a0.25_lr0.01_s260925_ada/scientific/kept/step000201_weights.pt,embeddings_combined,"['embed.weight', 'position.weight']",2,0.002,0.01,2e-05,26017792,31775.02919694209,31879.192808178494,5.10340940231502,49.53010091704094,1.2710011678776839e-05,5.10540331636338,178.25551659609891,178.5474525390337,2.2590726863726673,0.03494682783523256,0.03500406160466353,0.0004428890939562074,0.012673227339669928,0.0015587743636694292,0.12299742771836263,0.001637738615384965,0.0035651103319219784,2.2595139557797337,1.9391086337440052e-16
SPD,200,logs/muon_spectra/soaudit_traj_20260926/SPD_a0.25_lr0.01_s260925_ada/scientific/kept/step000200.pt,logs/muon_spectra/soaudit_traj_20260926/SPD_a0.25_lr0.01_s260925_ada/scientific/kept/step000201_weights.pt,norms_combined,"['blocks.0.ln1.weight', 'blocks.0.ln2.weight', 'blocks.0.attn.q_norm.weight', 'blocks.0.attn.k_norm.weight', 'blocks.1.ln1.weight', 'blocks.1.ln2.weight', 'blocks.1.attn.q_norm.weight', 'blocks.1.attn.k_norm.weight', 'blocks.2.ln1.weight', 'blocks.2.ln2.weight', 'blocks.2.attn.q_norm.weight', 'blocks.2.attn.k_norm.weight', 'blocks.3.ln1.weight', 'blocks.3.ln2.weight', 'blocks.3.attn.q_norm.weight', 'blocks.3.attn.k_norm.weight', 'blocks.4.ln1.weight', 'blocks.4.ln2.weight', 'blocks.4.attn.q_norm.weight', 'blocks.4.attn.k_norm.weight', 'blocks.5.ln1.weight', 'blocks.5.ln2.weight', 'blocks.5.attn.q_norm.weight', 'blocks.5.attn.k_norm.weight', 'blocks.6.ln1.weight', 'blocks.6.ln2.weight', 'blocks.6.attn.q_norm.weight', 'blocks.6.attn.k_norm.weight', 'blocks.7.ln1.weight', 'blocks.7.ln2.weight', 'blocks.7.attn.q_norm.weight', 'blocks.7.attn.k_norm.weight', 'norm.weight']",33,0.002,0.01,2e-05,9728,10248.026711609864,10251.166710641854,0.0022602928214361384,1.5688693695843945,4.099210684643947e-06,0.002327146806904158,101.23253781077437,101.24804546578592,0.04754253696886756,1.026380384271092,1.0265376138857407,0.00048202611945321943,0.0004696369171119161,0.00015308989854671647,0.32597500956304637,0.00015318844461376102,0.002024650756215488,0.04824051001911317,5.649038260623733e-17
SPD,200,logs/muon_spectra/soaudit_traj_20260926/SPD_a0.25_lr0.01_s260925_ada/scientific/kept/step000200.pt,logs/muon_spectra/soaudit_traj_20260926/SPD_a0.25_lr0.01_s260925_ada/scientific/kept/step000201_weights.pt,all_aux,"['embed.weight', 'position.weight', 'blocks.0.ln1.weight', 'blocks.0.ln2.weight', 'blocks.0.attn.q_norm.weight', 'blocks.0.attn.k_norm.weight', 'blocks.1.ln1.weight', 'blocks.1.ln2.weight', 'blocks.1.attn.q_norm.weight', 'blocks.1.attn.k_norm.weight', 'blocks.2.ln1.weight', 'blocks.2.ln2.weight', 'blocks.2.attn.q_norm.weight', 'blocks.2.attn.k_norm.weight', 'blocks.3.ln1.weight', 'blocks.3.ln2.weight', 'blocks.3.attn.q_norm.weight', 'blocks.3.attn.k_norm.weight', 'blocks.4.ln1.weight', 'blocks.4.ln2.weight', 'blocks.4.attn.q_norm.weight', 'blocks.4.attn.k_norm.weight', 'blocks.5.ln1.weight', 'blocks.5.ln2.weight', 'blocks.5.attn.q_norm.weight', 'blocks.5.attn.k_norm.weight', 'blocks.6.ln1.weight', 'blocks.6.ln2.weight', 'blocks.6.attn.q_norm.weight', 'blocks.6.attn.k_norm.weight', 'blocks.7.ln1.weight', 'blocks.7.ln2.weight', 'blocks.7.attn.q_norm.weight', 'blocks.7.attn.k_norm.weight', 'norm.weight', 'head.weight']",36,0.002,0.01,2e-05,51783168,92471.83201300382,92731.96298381986,10.299460086082547,124.91575536497696,3.6988732805201535e-05,10.304493705029953,304.0918151036029,304.51923253518794,3.2092771905964352,0.04225814439559791,0.04231754049455231,0.00044597747190110463,0.010553645416280101,0.0013508519583283558,0.12799861138451035,0.0014055538832553616,0.0060818363020720585,3.210061324185249,4.5360982991740834e-17
SPD,500,logs/muon_spectra/soaudit_traj_20260926/SPD_a0.25_lr0.01_s260925_ada/scientific/kept/step000500.pt,logs/muon_spectra/soaudit_traj_20260926/SPD_a0.25_lr0.01_s260925_ada/scientific/kept/step000501_weights.pt,body_norm,"['blocks.0.ln1.weight', 'blocks.0.ln2.weight', 'blocks.1.ln1.weight', 'blocks.1.ln2.weight', 'blocks.2.ln1.weight', 'blocks.2.ln2.weight', 'blocks.3.ln1.weight', 'blocks.3.ln2.weight', 'blocks.4.ln1.weight', 'blocks.4.ln2.weight', 'blocks.5.ln1.weight', 'blocks.5.ln2.weight', 'blocks.6.ln1.weight', 'blocks.6.ln2.weight', 'blocks.7.ln1.weight', 'blocks.7.ln2.weight']",16,0.002,0.01,2e-05,8192,7945.544208987159,7944.890675252635,0.00044516261328908513,-0.3269894485679039,3.1782176835948643e-06,0.00043526125302996384,89.13778216327327,89.13411622522902,0.021098877062277158,0.9848426598059347,0.9848021565301455,0.00023311186009621063,0.0002366995964026841,-4.115381400786217e-05,-0.17386516341096517,-4.11266463590243e-05,0.0017827556432654657,0.02086291573653989,1.851129921799148e-16
SPD,500,logs/muon_spectra/soaudit_traj_20260926/SPD_a0.25_lr0.01_s260925_ada/scientific/kept/step000500.pt,logs/muon_spectra/soaudit_traj_20260926/SPD_a0.25_lr0.01_s260925_ada/scientific/kept/step000501_weights.pt,final_norm,['norm.weight'],1,0.002,0.01,2e-05,512,956.3213721488778,956.6130116539306,7.547697811460807e-05,0.1457820140373265,3.825285488595512e-07,8.169078722496069e-05,30.924446189849185,30.92916118574719,0.008687748736848234,1.3666803503300533,1.36688872567835,0.0003839478778168905,0.0002809346587328684,0.00015244040160866708,0.5426187081944122,0.0001524682404676625,0.0006184889237969837,0.009038295592917986,1.856923142127273e-17
SPD,500,logs/muon_spectra/soaudit_traj_20260926/SPD_a0.25_lr0.01_s260925_ada/scientific/kept/step000500.pt,logs/muon_spectra/soaudit_traj_20260926/SPD_a0.25_lr0.01_s260925_ada/scientific/kept/step000501_weights.pt,head,['head.weight'],1,0.002,0.01,2e-05,25755648,83477.20377083433,83569.6650684845,4.970267021871869,43.745515314147134,3.339088150833374e-05,4.972050233365945,288.9242180413998,289.08418335925,2.229409567995946,0.05693085498237444,0.05696237522797545,0.0004392923295675707,0.007716243321895899,0.0005240414548891628,0.06791406556635188,0.0005536583915832782,0.005778484360827996,2.2298094612244213,6.461824140794885e-18
SPD,500,logs/muon_spectra/soaudit_traj_20260926/SPD_a0.25_lr0.01_s260925_ada/scientific/kept/step000500.pt,logs/muon_spectra/soaudit_traj_20260926/SPD_a0.25_lr0.01_s260925_ada/scientific/kept/step000501_weights.pt,position_embedding,['position.weight'],1,0.002,0.01,2e-05,262144,236.26981793744096,236.64954466544208,0.040913120661450045,0.16940680366982833,9.45079271749764e-08,0.040919991441524015,15.371070812973342,15.383417847326454,0.20226992030811217,0.030021622681588558,0.03004573798305948,0.0003950584381017816,0.013159130080735448,0.0007170056892949548,0.0544873167827886,0.0008032644246678267,0.0003074214162594669,0.20228690378154493,4.3395659147796207e-17
SPD,500,logs/muon_spectra/soaudit_traj_20260926/SPD_a0.25_lr0.01_s260925_ada/scientific/kept/step000500.pt,logs/muon_spectra/soaudit_traj_20260926/SPD_a0.25_lr0.01_s260925_ada/scientific/kept/step000501_weights.pt,qk_norm,"['blocks.0.attn.q_norm.weight', 'blocks.0.attn.k_norm.weight', 'blocks.1.attn.q_norm.weight', 'blocks.1.attn.k_norm.weight', 'blocks.2.attn.q_norm.weight', 'blocks.2.attn.k_norm.weight', 'blocks.3.attn.q_norm.weight', 'blocks.3.attn.k_norm.weight', 'blocks.4.attn.q_norm.weight', 'blocks.4.attn.k_norm.weight', 'blocks.5.attn.q_norm.weight', 'blocks.5.attn.k_norm.weight', 'blocks.6.attn.q_norm.weight', 'blocks.6.attn.k_norm.weight', 'blocks.7.attn.q_norm.weight', 'blocks.7.attn.k_norm.weight']",16,0.002,0.01,2e-05,1024,1704.5191124131297,1705.3287866764517,0.00017061191125122832,0.40475182570558843,6.818076449652518e-07,0.00018748379192441714,41.285822171940936,41.295626725798115,0.013061849457531974,1.2901819428731542,1.290488335181191,0.0004081827955478742,0.0003163761497381344,0.00023745807410312418,0.7505561790914677,0.00023747992268030593,0.0008257164434388186,0.013692472089597887,2.5416275864221075e-16
SPD,500,logs/muon_spectra/soaudit_traj_20260926/SPD_a0.25_lr0.01_s260925_ada/scientific/kept/step000500.pt,logs/muon_spectra/soaudit_traj_20260926/SPD_a0.25_lr0.01_s260925_ada/scientific/kept/step000501_weights.pt,token_embedding,['embed.weight'],1,0.002,0.01,2e-05,25755648,61499.12465416286,61596.868733980424,5.01857777668876,46.362751020436185,2.4599649861665148e-05,5.02045688637944,247.9901704789181,248.18716472448858,2.2402182430934627,0.04886503640399781,0.04890385298677845,0.0004414221168131665,0.009033496121104953,0.0007538766003769113,0.08345347031429279,0.0007943631200786339,0.004959803409578362,2.240637607106388,8.99758941134513e-17
SPD,500,logs/muon_spectra/soaudit_traj_20260926/SPD_a0.25_lr0.01_s260925_ada/scientific/kept/step000500.pt,logs/muon_spectra/soaudit_traj_20260926/SPD_a0.25_lr0.01_s260925_ada/scientific/kept/step000501_weights.pt,embeddings_combined,"['embed.weight', 'position.weight']",2,0.002,0.01,2e-05,26017792,61735.3944721003,61833.51827864587,5.05949089735021,46.532157824106015,2.4694157788840124e-05,5.0613768778209645,248.46608314234823,248.66346389979745,2.2493312111270343,0.048711543947023365,0.04875024026049676,0.00044097928681659617,0.009052870245627747,0.000753735490345575,0.08325928350841057,0.0007943971867425681,0.0049693216628469645,2.2497504034494504,1.107753879030506e-16
SPD,500,logs/muon_spectra/soaudit_traj_20260926/SPD_a0.25_lr0.01_s260925_ada/scientific/kept/step000500.pt,logs/muon_spectra/soaudit_traj_20260926/SPD_a0.25_lr0.01_s260925_ada/scientific/kept/step000501_weights.pt,norms_combined,"['blocks.0.ln1.weight', 'blocks.0.ln2.weight', 'blocks.0.attn.q_norm.weight', 'blocks.0.attn.k_norm.weight', 'blocks.1.ln1.weight', 'blocks.1.ln2.weight', 'blocks.1.attn.q_norm.weight', 'blocks.1.attn.k_norm.weight', 'blocks.2.ln1.weight', 'blocks.2.ln2.weight', 'blocks.2.attn.q_norm.weight', 'blocks.2.attn.k_norm.weight', 'blocks.3.ln1.weight', 'blocks.3.ln2.weight', 'blocks.3.attn.q_norm.weight', 'blocks.3.attn.k_norm.weight', 'blocks.4.ln1.weight', 'blocks.4.ln2.weight', 'blocks.4.attn.q_norm.weight', 'blocks.4.attn.k_norm.weight', 'blocks.5.ln1.weight', 'blocks.5.ln2.weight', 'blocks.5.attn.q_norm.weight', 'blocks.5.attn.k_norm.weight', 'blocks.6.ln1.weight', 'blocks.6.ln2.weight', 'blocks.6.attn.q_norm.weight', 'blocks.6.attn.k_norm.weight', 'blocks.7.ln1.weight', 'blocks.7.ln2.weight', 'blocks.7.attn.q_norm.weight', 'blocks.7.attn.k_norm.weight', 'norm.weight']",33,0.002,0.01,2e-05,9728,10606.384693549164,10606.832473583016,0.0006912515026549215,0.22354439117501101,4.242553877419667e-06,0.0007044358321793418,102.98730355509441,102.98947748961064,0.02629166222692893,1.0441716713207907,1.0441937124924572,0.0002665669256464,0.0002552903253056223,2.1076398568776354e-05,0.08255854797295831,2.1108762353838628e-05,0.0020597460711018886,0.026541210073757787,8.139182230874752e-17
SPD,500,logs/muon_spectra/soaudit_traj_20260926/SPD_a0.25_lr0.01_s260925_ada/scientific/kept/step000500.pt,logs/muon_spectra/soaudit_traj_20260926/SPD_a0.25_lr0.01_s260925_ada/scientific/kept/step000501_weights.pt,all_aux,"['embed.weight', 'position.weight', 'blocks.0.ln1.weight', 'blocks.0.ln2.weight', 'blocks.0.attn.q_norm.weight', 'blocks.0.attn.k_norm.weight', 'blocks.1.ln1.weight', 'blocks.1.ln2.weight', 'blocks.1.attn.q_norm.weight', 'blocks.1.attn.k_norm.weight', 'blocks.2.ln1.weight', 'blocks.2.ln2.weight', 'blocks.2.attn.q_norm.weight', 'blocks.2.attn.k_norm.weight', 'blocks.3.ln1.weight', 'blocks.3.ln2.weight', 'blocks.3.attn.q_norm.weight', 'blocks.3.attn.k_norm.weight', 'blocks.4.ln1.weight', 'blocks.4.ln2.weight', 'blocks.4.attn.q_norm.weight', 'blocks.4.attn.k_norm.weight', 'blocks.5.ln1.weight', 'blocks.5.ln2.weight', 'blocks.5.attn.q_norm.weight', 'blocks.5.attn.k_norm.weight', 'blocks.6.ln1.weight', 'blocks.6.ln2.weight', 'blocks.6.attn.q_norm.weight', 'blocks.6.attn.k_norm.weight', 'blocks.7.ln1.weight', 'blocks.7.ln2.weight', 'blocks.7.attn.q_norm.weight', 'blocks.7.attn.k_norm.weight', 'norm.weight', 'head.weight']",36,0.002,0.01,2e-05,51783168,155818.98293648375,156010.01582071336,10.030449170724735,90.50121752942815,6.232759317459352e-05,10.034131547019088,394.7391327655313,394.9810322290342,3.1670884374650377,0.05485495643911292,0.05488857201819202,0.0004401147083108073,0.008023244149310722,0.0005808099618152367,0.07239091208076151,0.0006128084180765381,0.007894782655310628,3.167669734523959,2.1697488942320133e-16
SPD,900,logs/muon_spectra/soaudit_traj_20260926/SPD_a0.25_lr0.01_s260925_ada/scientific/kept/step000900.pt,logs/muon_spectra/soaudit_traj_20260926/SPD_a0.25_lr0.01_s260925_ada/scientific/kept/step000901_weights.pt,body_norm,"['blocks.0.ln1.weight', 'blocks.0.ln2.weight', 'blocks.1.ln1.weight', 'blocks.1.ln2.weight', 'blocks.2.ln1.weight', 'blocks.2.ln2.weight', 'blocks.3.ln1.weight', 'blocks.3.ln2.weight', 'blocks.4.ln1.weight', 'blocks.4.ln2.weight', 'blocks.5.ln1.weight', 'blocks.5.ln2.weight', 'blocks.6.ln1.weight', 'blocks.6.ln2.weight', 'blocks.7.ln1.weight', 'blocks.7.ln2.weight']",16,0.002,0.01,2e-05,8192,7686.932319180016,7686.2815805385535,0.00044714606024953696,-0.3255928937599286,3.074772927672007e-06,0.0004371971174268118,87.67515223357195,87.67144107711789,0.02114582843611328,0.968682729467525,0.9686417265941701,0.0002336306043903598,0.00024118382343699276,-4.235667497000421e-05,-0.1756198834830626,-4.2328486002163324e-05,0.001753503044671439,0.02090925913146642,3.55413148647186e-16
SPD,900,logs/muon_spectra/soaudit_traj_20260926/SPD_a0.25_lr0.01_s260925_ada/scientific/kept/step000900.pt,logs/muon_spectra/soaudit_traj_20260926/SPD_a0.25_lr0.01_s260925_ada/scientific/kept/step000901_weights.pt,final_norm,['norm.weight'],1,0.002,0.01,2e-05,512,1000.9574864936285,1000.9028017906455,4.301007060192319e-05,-0.027363856526761765,4.0038299459745146e-07,4.231589933545017e-05,31.637912170268578,31.637047931035625,0.006558206355545942,1.398211389886332,1.3981731955474452,0.0002898345116517031,0.00020728947979408558,-2.733768106637359e-05,-0.1318816617878048,-2.7316569699675775e-05,0.0006327582434053716,0.006505067204529879,4.614109834593909e-17
SPD,900,logs/muon_spectra/soaudit_traj_20260926/SPD_a0.25_lr0.01_s260925_ada/scientific/kept/step000900.pt,logs/muon_spectra/soaudit_traj_20260926/SPD_a0.25_lr0.01_s260925_ada/scientific/kept/step000901_weights.pt,head,['head.weight'],1,0.002,0.01,2e-05,25755648,118243.59217376461,118325.74162109989,4.322310203814445,38.91356856575686,4.7297436869505853e-05,4.323914043993945,343.8656600676558,343.98508924239707,2.079016643467398,0.06775675005521713,0.06778028288702316,0.00040965826900057765,0.0060460141412735134,0.0003290966372923745,0.054431999264734535,0.00034731346746808,0.006877313201353117,2.0794023285535546,4.10860167150957e-16
SPD,900,logs/muon_spectra/soaudit_traj_20260926/SPD_a0.25_lr0.01_s260925_ada/scientific/kept/step000900.pt,logs/muon_spectra/soaudit_traj_20260926/SPD_a0.25_lr0.01_s260925_ada/scientific/kept/step000901_weights.pt,position_embedding,['position.weight'],1,0.002,0.01,2e-05,262144,403.970920201428,404.38158263230184,0.039390094536620214,0.18563616816861006,1.6158836808057122e-07,0.03939768157171504,20.099027842197444,20.109241224678314,0.19846937934255807,0.03925591375429188,0.03927586176694983,0.0003876355065284337,0.009874576069091073,0.0004595285424902568,0.046536533748385525,0.0005081530589967631,0.0004019805568439489,0.19848849229039714,3.871131950499533e-17
SPD,900,logs/muon_spectra/soaudit_traj_20260926/SPD_a0.25_lr0.01_s260925_ada/scientific/kept/step000900.pt,logs/muon_spectra/soaudit_traj_20260926/SPD_a0.25_lr0.01_s260925_ada/scientific/kept/step000901_weights.pt,qk_norm,"['blocks.0.attn.q_norm.weight', 'blocks.0.attn.k_norm.weight', 'blocks.1.attn.q_norm.weight', 'blocks.1.attn.k_norm.weight', 'blocks.2.attn.q_norm.weight', 'blocks.2.attn.k_norm.weight', 'blocks.3.attn.q_norm.weight', 'blocks.3.attn.k_norm.weight', 'blocks.4.attn.q_norm.weight', 'blocks.4.attn.k_norm.weight', 'blocks.5.attn.q_norm.weight', 'blocks.5.attn.k_norm.weight', 'blocks.6.attn.q_norm.weight', 'blocks.6.attn.k_norm.weight', 'blocks.7.attn.q_norm.weight', 'blocks.7.attn.k_norm.weight']",16,0.002,0.01,2e-05,1024,1975.81744673339,1976.2676550029753,9.563090311814904e-05,0.22505631934075154,7.903269786933563e-07,0.00010542348287047246,44.45016812941645,44.45523203182023,0.009779105435475631,1.389067754044264,1.3892260009943822,0.00030559704485861347,0.0002200015398592827,0.0001139054216333782,0.5177482926084714,0.00011392313273228538,0.0008890033625883292,0.010267593820875096,3.6672845838496056e-16
SPD,900,logs/muon_spectra/soaudit_traj_20260926/SPD_a0.25_lr0.01_s260925_ada/scientific/kept/step000900.pt,logs/muon_spectra/soaudit_traj_20260926/SPD_a0.25_lr0.01_s260925_ada/scientific/kept/step000901_weights.pt,token_embedding,['embed.weight'],1,0.002,0.01,2e-05,25755648,100198.99297392133,100294.21852928372,4.391038622377928,45.41725837001376,4.0079597189568535e-05,4.392895392309918,316.5422451647194,316.69262468406765,2.095480523025191,0.062372828340356144,0.06240245975950948,0.00041290238175064725,0.00661990794288694,0.0004532706070392789,0.06847083236653102,0.00047506935218066815,0.0063308449032943885,2.0959235177624964,7.282951530731665e-17
SPD,900,logs/muon_spectra/soaudit_traj_20260926/SPD_a0.25_lr0.01_s260925_ada/scientific/kept/step000900.pt,logs/muon_spectra/soaudit_traj_20260926/SPD_a0.25_lr0.01_s260925_ada/scientific/kept/step000901_weights.pt,embeddings_combined,"['embed.weight', 'position.weight']",2,0.002,0.01,2e-05,26017792,100602.96389412276,100698.60011191602,4.430428716914548,45.60289453818237,4.0241185557649104e-05,4.432293073881633,317.1797028407126,317.3304273339007,2.1048583602975635,0.062182785024938694,0.062212334421302855,0.00041265551910822987,0.006636169784655551,0.0004532957357615832,0.06830683217444405,0.00047520220190055973,0.006343594056814252,2.105301183650841,1.8571742590682572e-16
SPD,900,logs/muon_spectra/soaudit_traj_20260926/SPD_a0.25_lr0.01_s260925_ada/scientific/kept/step000900.pt,logs/muon_spectra/soaudit_traj_20260926/SPD_a0.25_lr0.01_s260925_ada/scientific/kept/step000901_weights.pt,norms_combined,"['blocks.0.ln1.weight', 'blocks.0.ln2.weight', 'blocks.0.attn.q_norm.weight', 'blocks.0.attn.k_norm.weight', 'blocks.1.ln1.weight', 'blocks.1.ln2.weight', 'blocks.1.attn.q_norm.weight', 'blocks.1.attn.k_norm.weight', 'blocks.2.ln1.weight', 'blocks.2.ln2.weight', 'blocks.2.attn.q_norm.weight', 'blocks.2.attn.k_norm.weight', 'blocks.3.ln1.weight', 'blocks.3.ln2.weight', 'blocks.3.attn.q_norm.weight', 'blocks.3.attn.k_norm.weight', 'blocks.4.ln1.weight', 'blocks.4.ln2.weight', 'blocks.4.attn.q_norm.weight', 'blocks.4.attn.k_norm.weight', 'blocks.5.ln1.weight', 'blocks.5.ln2.weight', 'blocks.5.attn.q_norm.weight', 'blocks.5.attn.k_norm.weight', 'blocks.6.ln1.weight', 'blocks.6.ln2.weight', 'blocks.6.attn.q_norm.weight', 'blocks.6.attn.k_norm.weight', 'blocks.7.ln1.weight', 'blocks.7.ln2.weight', 'blocks.7.attn.q_norm.weight', 'blocks.7.attn.k_norm.weight', 'norm.weight']",33,0.002,0.01,2e-05,9728,10663.707252407035,10663.452037332177,0.0005857870339696092,-0.12790043094593884,4.265482900962814e-06,0.0005849364996327344,103.26522770229597,103.26399196879896,0.024203037701280582,1.0469894994536402,1.0469769705508887,0.0002453906982239475,0.00023437742054910956,-1.1993993075632199e-05,-0.051173841949161115,-1.196659828772706e-05,0.0020653045540459194,0.024185460500737513,6.663186816195793e-19
SPD,900,logs/muon_spectra/soaudit_traj_20260926/SPD_a0.25_lr0.01_s260925_ada/scientific/kept/step000900.pt,logs/muon_spectra/soaudit_traj_20260926/SPD_a0.25_lr0.01_s260925_ada/scientific/kept/step000901_weights.pt,all_aux,"['embed.weight', 'position.weight', 'blocks.0.ln1.weight', 'blocks.0.ln2.weight', 'blocks.0.attn.q_norm.weight', 'blocks.0.attn.k_norm.weight', 'blocks.1.ln1.weight', 'blocks.1.ln2.weight', 'blocks.1.attn.q_norm.weight', 'blocks.1.attn.k_norm.weight', 'blocks.2.ln1.weight', 'blocks.2.ln2.weight', 'blocks.2.attn.q_norm.weight', 'blocks.2.attn.k_norm.weight', 'blocks.3.ln1.weight', 'blocks.3.ln2.weight', 'blocks.3.attn.q_norm.weight', 'blocks.3.attn.k_norm.weight', 'blocks.4.ln1.weight', 'blocks.4.ln2.weight', 'blocks.4.attn.q_norm.weight', 'blocks.4.attn.k_norm.weight', 'blocks.5.ln1.weight', 'blocks.5.ln2.weight', 'blocks.5.attn.q_norm.weight', 'blocks.5.attn.k_norm.weight', 'blocks.6.ln1.weight', 'blocks.6.ln2.weight', 'blocks.6.attn.q_norm.weight', 'blocks.6.attn.k_norm.weight', 'blocks.7.ln1.weight', 'blocks.7.ln2.weight', 'blocks.7.attn.q_norm.weight', 'blocks.7.attn.k_norm.weight', 'norm.weight', 'head.weight']",36,0.002,0.01,2e-05,51783168,229510.26332029438,229687.79377034807,8.753324707762964,84.38856267299329,9.180410532811779e-05,8.75679205437521,479.0722944611746,479.25754430196304,2.958601816359032,0.06657432127324252,0.06660006453278612,0.00041114234765635734,0.0061756896622182055,0.00036768971222530617,0.0595382430685868,0.0003866845211677461,0.009581445889223494,2.9591877355746137,2.693833242695253e-16
S,200,logs/muon_spectra/soaudit_traj_20260926/S_lr0.007_s260925_l40s/scientific/kept/step000200.pt,logs/muon_spectra/soaudit_traj_20260926/S_lr0.007_s260925_l40s/scientific/kept/step000201_weights.pt,body_norm,"['blocks.0.ln1.weight', 'blocks.0.ln2.weight', 'blocks.1.ln1.weight', 'blocks.1.ln2.weight', 'blocks.2.ln1.weight', 'blocks.2.ln2.weight', 'blocks.3.ln1.weight', 'blocks.3.ln2.weight', 'blocks.4.ln1.weight', 'blocks.4.ln2.weight', 'blocks.5.ln1.weight', 'blocks.5.ln2.weight', 'blocks.6.ln1.weight', 'blocks.6.ln2.weight', 'blocks.7.ln1.weight', 'blocks.7.ln2.weight']",16,0.002,0.01,2e-05,8192,8191.907174665022,8191.954859441582,0.0006783770149034751,0.023503199773401207,3.2767628698660086e-06,0.0006825939057642772,90.50915519805177,90.5094186228239,0.02604567171150468,0.999994334375126,0.9999972448351683,0.0002877667357463061,0.00028776836613391923,2.8690754512074026e-06,0.009970086322386862,2.910476532003159e-06,0.0018101831039610355,0.02612649815348925,1.6610068809306713e-16
S,200,logs/muon_spectra/soaudit_traj_20260926/S_lr0.007_s260925_l40s/scientific/kept/step000200.pt,logs/muon_spectra/soaudit_traj_20260926/S_lr0.007_s260925_l40s/scientific/kept/step000201_weights.pt,final_norm,['norm.weight'],1,0.002,0.01,2e-05,512,736.9103109918971,738.4002219771304,0.0008036001422908612,0.7445536925455798,2.9476412439675887e-07,0.0008336770541170812,27.146092002199822,27.173520603284558,0.028347841933573377,1.1996991085918374,1.2009112929559298,0.0012528094539521317,0.0010442697214492669,0.0010103722005781065,0.967539496573628,0.0010104069890619627,0.0005429218400439964,0.028873466264324434,1.5396371010995867e-16
S,200,logs/muon_spectra/soaudit_traj_20260926/S_lr0.007_s260925_l40s/scientific/kept/step000200.pt,logs/muon_spectra/soaudit_traj_20260926/S_lr0.007_s260925_l40s/scientific/kept/step000201_weights.pt,head,['head.weight'],1,0.002,0.01,2e-05,25755648,49838.83016331461,49999.08157164405,5.119229789593454,77.56608926992423,1.9935532065325847e-05,5.122352368696319,223.24612015288108,223.60474407231177,2.262571499332884,0.04398936363991565,0.044060028420074004,0.0004458266973567332,0.010134874898535541,0.001556338481777189,0.15356267318130146,0.0016064060561729043,0.004464922403057622,2.263261445060274,9.322491933991321e-17
S,200,logs/muon_spectra/soaudit_traj_20260926/S_lr0.007_s260925_l40s/scientific/kept/step000200.pt,logs/muon_spectra/soaudit_traj_20260926/S_lr0.007_s260925_l40s/scientific/kept/step000201_weights.pt,position_embedding,['position.weight'],1,0.002,0.01,2e-05,262144,206.45340483608734,207.06349304373208,0.025024977244202065,0.2925316152002638,8.258136193443496e-08,0.025036761090172013,14.368486518631228,14.389700936563347,0.15819284827134905,0.028063450231701616,0.028104884641725288,0.0003089704067799786,0.01100970850800637,0.0014169377125677234,0.12869893072439767,0.0014764545941989837,0.00028736973037262457,0.158230089079707,3.217050987517175e-17
S,200,logs/muon_spectra/soaudit_traj_20260926/S_lr0.007_s260925_l40s/scientific/kept/step000200.pt,logs/muon_spectra/soaudit_traj_20260926/S_lr0.007_s260925_l40s/scientific/kept/step000201_weights.pt,qk_norm,"['blocks.0.attn.q_norm.weight', 'blocks.0.attn.k_norm.weight', 'blocks.1.attn.q_norm.weight', 'blocks.1.attn.k_norm.weight', 'blocks.2.attn.q_norm.weight', 'blocks.2.attn.k_norm.weight', 'blocks.3.attn.q_norm.weight', 'blocks.3.attn.k_norm.weight', 'blocks.4.attn.q_norm.weight', 'blocks.4.attn.k_norm.weight', 'blocks.5.attn.q_norm.weight', 'blocks.5.attn.k_norm.weight', 'blocks.6.attn.q_norm.weight', 'blocks.6.attn.k_norm.weight', 'blocks.7.attn.q_norm.weight', 'blocks.7.attn.k_norm.weight']",16,0.002,0.01,2e-05,1024,1355.8071667128957,1358.3049952130095,0.0014432241638786536,1.248192637975034,5.423228666851583e-07,0.0014936941922643404,36.821286869321874,36.85518952892536,0.037989790258418824,1.1506652146663086,1.1517246727789174,0.0011871809455755882,0.001031734452770321,0.000920626965707248,0.8923099962740051,0.0009207353269267138,0.0007364257373864376,0.038648340097141826,4.7079887391844977e-17
S,200,logs/muon_spectra/soaudit_traj_20260926/S_lr0.007_s260925_l40s/scientific/kept/step000200.pt,logs/muon_spectra/soaudit_traj_20260926/S_lr0.007_s260925_l40s/scientific/kept/step000201_weights.pt,token_embedding,['embed.weight'],1,0.002,0.01,2e-05,25755648,34880.264581495525,34990.4907183005,5.187070558759354,52.519533123105155,1.3952105832598212e-05,5.1891852921901105,186.76258881664583,187.05745298784674,2.277514118234913,0.03680049368007551,0.03685859496865538,0.0004487710544464058,0.012194702015353099,0.0015057091381975214,0.123472401072354,0.0015788181833911175,0.003735251776332917,2.27797833444265,9.706620876731286e-17
S,200,logs/muon_spectra/soaudit_traj_20260926/S_lr0.007_s260925_l40s/scientific/kept/step000200.pt,logs/muon_spectra/soaudit_traj_20260926/S_lr0.007_s260925_l40s/scientific/kept/step000201_weights.pt,embeddings_combined,"['embed.weight', 'position.weight']",2,0.002,0.01,2e-05,26017792,35086.71798633161,35197.55421134423,5.212095536003556,52.812064738305416,1.4034687194532647e-05,5.214222053280283,187.31448952585492,187.61011223104214,2.2830014314501765,0.03672283103213528,0.03678078758786854,0.0004475803021191036,0.012188066375586257,0.0015051867991437357,0.1234967674740231,0.0015782158974222416,0.0037462897905170987,2.2834671123710724,3.472211444491438e-17
S,200,logs/muon_spectra/soaudit_traj_20260926/S_lr0.007_s260925_l40s/scientific/kept/step000200.pt,logs/muon_spectra/soaudit_traj_20260926/S_lr0.007_s260925_l40s/scientific/kept/step000201_weights.pt,norms_combined,"['blocks.0.ln1.weight', 'blocks.0.ln2.weight', 'blocks.0.attn.q_norm.weight', 'blocks.0.attn.k_norm.weight', 'blocks.1.ln1.weight', 'blocks.1.ln2.weight', 'blocks.1.attn.q_norm.weight', 'blocks.1.attn.k_norm.weight', 'blocks.2.ln1.weight', 'blocks.2.ln2.weight', 'blocks.2.attn.q_norm.weight', 'blocks.2.attn.k_norm.weight', 'blocks.3.ln1.weight', 'blocks.3.ln2.weight', 'blocks.3.attn.q_norm.weight', 'blocks.3.attn.k_norm.weight', 'blocks.4.ln1.weight', 'blocks.4.ln2.weight', 'blocks.4.attn.q_norm.weight', 'blocks.4.attn.k_norm.weight', 'blocks.5.ln1.weight', 'blocks.5.ln2.weight', 'blocks.5.attn.q_norm.weight', 'blocks.5.attn.k_norm.weight', 'blocks.6.ln1.weight', 'blocks.6.ln2.weight', 'blocks.6.attn.q_norm.weight', 'blocks.6.attn.k_norm.weight', 'blocks.7.ln1.weight', 'blocks.7.ln2.weight', 'blocks.7.attn.q_norm.weight', 'blocks.7.attn.k_norm.weight', 'norm.weight']",33,0.002,0.01,2e-05,9728,10284.624652369817,10288.660076631722,0.00292520132107299,2.016249530294015,4.113849860947926e-06,0.0030099651521456982,101.41313846030906,101.43303247281786,0.05408513031391336,1.028211465147633,1.028413167333956,0.0005483604188478444,0.000533314826215354,0.00019604502822856293,0.3675971838619004,0.0001961679996382859,0.002028262769206181,0.05486314930940164,3.9261044904873467e-16
S,200,logs/muon_spectra/soaudit_traj_20260926/S_lr0.007_s260925_l40s/scientific/kept/step000200.pt,logs/muon_spectra/soaudit_traj_20260926/S_lr0.007_s260925_l40s/scientific/kept/step000201_weights.pt,all_aux,"['embed.weight', 'position.weight', 'blocks.0.ln1.weight', 'blocks.0.ln2.weight', 'blocks.0.attn.q_norm.weight', 'blocks.0.attn.k_norm.weight', 'blocks.1.ln1.weight', 'blocks.1.ln2.weight', 'blocks.1.attn.q_norm.weight', 'blocks.1.attn.k_norm.weight', 'blocks.2.ln1.weight', 'blocks.2.ln2.weight', 'blocks.2.attn.q_norm.weight', 'blocks.2.attn.k_norm.weight', 'blocks.3.ln1.weight', 'blocks.3.ln2.weight', 'blocks.3.attn.q_norm.weight', 'blocks.3.attn.k_norm.weight', 'blocks.4.ln1.weight', 'blocks.4.ln2.weight', 'blocks.4.attn.q_norm.weight', 'blocks.4.attn.k_norm.weight', 'blocks.5.ln1.weight', 'blocks.5.ln2.weight', 'blocks.5.attn.q_norm.weight', 'blocks.5.attn.k_norm.weight', 'blocks.6.ln1.weight', 'blocks.6.ln2.weight', 'blocks.6.attn.q_norm.weight', 'blocks.6.attn.k_norm.weight', 'blocks.7.ln1.weight', 'blocks.7.ln2.weight', 'blocks.7.attn.q_norm.weight', 'blocks.7.attn.k_norm.weight', 'norm.weight', 'head.weight']",36,0.002,0.01,2e-05,51783168,95210.17280201604,95485.29585962,10.334250526918083,132.39440353852365,3.8084069120806426e-05,10.339584387128745,308.56145709082983,309.0069511509733,3.2146929133150626,0.04287926856636362,0.04294117668551017,0.0004467300682594522,0.010418322961084435,0.001390548926046275,0.13347147436688156,0.0014437774061077935,0.006171229141816598,3.215522412785945,1.726401046488827e-17
S,500,logs/muon_spectra/soaudit_traj_20260926/S_lr0.007_s260925_l40s/scientific/kept/step000500.pt,logs/muon_spectra/soaudit_traj_20260926/S_lr0.007_s260925_l40s/scientific/kept/step000501_weights.pt,body_norm,"['blocks.0.ln1.weight', 'blocks.0.ln2.weight', 'blocks.1.ln1.weight', 'blocks.1.ln2.weight', 'blocks.2.ln1.weight', 'blocks.2.ln2.weight', 'blocks.3.ln1.weight', 'blocks.3.ln2.weight', 'blocks.4.ln1.weight', 'blocks.4.ln2.weight', 'blocks.5.ln1.weight', 'blocks.5.ln2.weight', 'blocks.6.ln1.weight', 'blocks.6.ln2.weight', 'blocks.7.ln1.weight', 'blocks.7.ln2.weight']",16,0.002,0.01,2e-05,8192,8114.579417591833,8113.912959946029,0.00046617579366881046,-0.33346191079857945,3.2458317670367333e-06,0.00045608314900390397,90.08096035007527,90.07726105930413,0.021591104503216375,0.9952634049896053,0.9952225332147638,0.00023855025636768286,0.00023968554974667668,-4.1094170583340113e-05,-0.17145034661777686,-4.106628922206923e-05,0.0018016192070015055,0.02135610331975157,1.7512743401578987e-17
S,500,logs/muon_spectra/soaudit_traj_20260926/S_lr0.007_s260925_l40s/scientific/kept/step000500.pt,logs/muon_spectra/soaudit_traj_20260926/S_lr0.007_s260925_l40s/scientific/kept/step000501_weights.pt,final_norm,['norm.weight'],1,0.002,0.01,2e-05,512,979.784724362239,980.1175955673885,7.214549097867007e-05,0.1663995298292349,3.9191388974489564e-07,7.919338606158437e-05,31.30151313215128,31.30682985495958,0.008493850185791487,1.3833445123214962,1.3835794804934611,0.00037537869154723603,0.0002713558973948466,0.00016983274559372987,0.6258671627342903,0.00016985513722156398,0.0006260302626430257,0.008899066583725754,1.1236827554254757e-16
S,500,logs/muon_spectra/soaudit_traj_20260926/S_lr0.007_s260925_l40s/scientific/kept/step000500.pt,logs/muon_spectra/soaudit_traj_20260926/S_lr0.007_s260925_l40s/scientific/kept/step000501_weights.pt,head,['head.weight'],1,0.002,0.01,2e-05,25755648,84343.04862584091,84438.87019513591,4.59043210283717,45.615568596092125,3.373721945033637e-05,4.592290462800463,290.41874702890806,290.58367159070707,2.142529370355788,0.057225343321329114,0.05725784075741966,0.0004221730864448529,0.007377379705252024,0.0005408337656663324,0.0733097369627468,0.0005678853844190979,0.005808374940578162,2.1429630101335073,2.1306469435070796e-16
S,500,logs/muon_spectra/soaudit_traj_20260926/S_lr0.007_s260925_l40s/scientific/kept/step000500.pt,logs/muon_spectra/soaudit_traj_20260926/S_lr0.007_s260925_l40s/scientific/kept/step000501_weights.pt,position_embedding,['position.weight'],1,0.002,0.01,2e-05,262144,323.2484322412063,323.6741974238955,0.032723766064050946,0.19652070831258722,1.2929937289648254e-07,0.03273175619175634,17.979110996965513,17.99094765219152,0.1808971145818831,0.03511545116594827,0.03513856963318656,0.0003533146769177404,0.010061516090112278,0.0006079556425070131,0.060423860287265,0.0006583559792250337,0.0003595822199393103,0.18091919796350067,6.688623669262637e-17
S,500,logs/muon_spectra/soaudit_traj_20260926/S_lr0.007_s260925_l40s/scientific/kept/step000500.pt,logs/muon_spectra/soaudit_traj_20260926/S_lr0.007_s260925_l40s/scientific/kept/step000501_weights.pt,qk_norm,"['blocks.0.attn.q_norm.weight', 'blocks.0.attn.k_norm.weight', 'blocks.1.attn.q_norm.weight', 'blocks.1.attn.k_norm.weight', 'blocks.2.attn.q_norm.weight', 'blocks.2.attn.k_norm.weight', 'blocks.3.attn.q_norm.weight', 'blocks.3.attn.k_norm.weight', 'blocks.4.attn.q_norm.weight', 'blocks.4.attn.k_norm.weight', 'blocks.5.attn.q_norm.weight', 'blocks.5.attn.k_norm.weight', 'blocks.6.attn.q_norm.weight', 'blocks.6.attn.k_norm.weight', 'blocks.7.attn.q_norm.weight', 'blocks.7.attn.k_norm.weight']",16,0.002,0.01,2e-05,1024,1718.4287468277275,1719.2283750602937,0.00016112079599395202,0.399733555885021,6.873714987310912e-07,0.00017779750972808395,41.45393523934401,41.46357889835721,0.012693336676932194,1.2954354762295004,1.295736840573663,0.00039666677115413106,0.00030620341841237117,0.00023261572912053612,0.759677113752098,0.00023263554973773637,0.0008290787047868805,0.013334073260938833,9.092416349965134e-17
S,500,logs/muon_spectra/soaudit_traj_20260926/S_lr0.007_s260925_l40s/scientific/kept/step000500.pt,logs/muon_spectra/soaudit_traj_20260926/S_lr0.007_s260925_l40s/scientific/kept/step000501_weights.pt,token_embedding,['embed.weight'],1,0.002,0.01,2e-05,25755648,65435.848973479384,65535.97791041411,4.635888708704387,47.746524113013045,2.6174339589391757e-05,4.637824744008497,255.804317738148,255.99995685627394,2.1531114018332604,0.05040476916659507,0.050443318729308816,0.000424258214869001,0.008417025251455197,0.0007296692082709024,0.08668967794111725,0.0007647999058646437,0.00511608635476296,2.1535609450416064,2.7105063448179284e-17
S,500,logs/muon_spectra/soaudit_traj_20260926/S_lr0.007_s260925_l40s/scientific/kept/step000500.pt,logs/muon_spectra/soaudit_traj_20260926/S_lr0.007_s260925_l40s/scientific/kept/step000501_weights.pt,embeddings_combined,"['embed.weight', 'position.weight']",2,0.002,0.01,2e-05,26017792,65759.09740572059,65859.652107838,4.668612474768438,47.943044821325635,2.630363896228824e-05,4.670556500200253,256.4353669167352,256.6313544909078,2.160697219595665,0.05027391460096871,0.050312337782159655,0.00042360267541323275,0.008425894000406137,0.0007290709074902072,0.0865274245623153,0.0007642766929114586,0.005128707338334704,2.1611470334524334,9.580402099935747e-17
S,500,logs/muon_spectra/soaudit_traj_20260926/S_lr0.007_s260925_l40s/scientific/kept/step000500.pt,logs/muon_spectra/soaudit_traj_20260926/S_lr0.007_s260925_l40s/scientific/kept/step000501_weights.pt,norms_combined,"['blocks.0.ln1.weight', 'blocks.0.ln2.weight', 'blocks.0.attn.q_norm.weight', 'blocks.0.attn.k_norm.weight', 'blocks.1.ln1.weight', 'blocks.1.ln2.weight', 'blocks.1.attn.q_norm.weight', 'blocks.1.attn.k_norm.weight', 'blocks.2.ln1.weight', 'blocks.2.ln2.weight', 'blocks.2.attn.q_norm.weight', 'blocks.2.attn.k_norm.weight', 'blocks.3.ln1.weight', 'blocks.3.ln2.weight', 'blocks.3.attn.q_norm.weight', 'blocks.3.attn.k_norm.weight', 'blocks.4.ln1.weight', 'blocks.4.ln2.weight', 'blocks.4.attn.q_norm.weight', 'blocks.4.attn.k_norm.weight', 'blocks.5.ln1.weight', 'blocks.5.ln2.weight', 'blocks.5.attn.q_norm.weight', 'blocks.5.attn.k_norm.weight', 'blocks.6.ln1.weight', 'blocks.6.ln2.weight', 'blocks.6.attn.q_norm.weight', 'blocks.6.attn.k_norm.weight', 'blocks.7.ln1.weight', 'blocks.7.ln2.weight', 'blocks.7.attn.q_norm.weight', 'blocks.7.attn.k_norm.weight', 'norm.weight']",33,0.002,0.01,2e-05,9728,10812.792888781798,10813.258930573711,0.0006994420806414325,0.23267117491567646,4.32511715551272e-06,0.0007130740447935723,103.98458005291842,103.98682094656857,0.026446967324089025,1.054282896991873,1.054305617051406,0.0002681415389945351,0.00025433547272711007,2.151813849658318e-05,0.08460533745393482,2.1550249556412382e-05,0.0020796916010583683,0.026703446309298214,1.0086534562748015e-16
S,500,logs/muon_spectra/soaudit_traj_20260926/S_lr0.007_s260925_l40s/scientific/kept/step000500.pt,logs/muon_spectra/soaudit_traj_20260926/S_lr0.007_s260925_l40s/scientific/kept/step000501_weights.pt,all_aux,"['embed.weight', 'position.weight', 'blocks.0.ln1.weight', 'blocks.0.ln2.weight', 'blocks.0.attn.q_norm.weight', 'blocks.0.attn.k_norm.weight', 'blocks.1.ln1.weight', 'blocks.1.ln2.weight', 'blocks.1.attn.q_norm.weight', 'blocks.1.attn.k_norm.weight', 'blocks.2.ln1.weight', 'blocks.2.ln2.weight', 'blocks.2.attn.q_norm.weight', 'blocks.2.attn.k_norm.weight', 'blocks.3.ln1.weight', 'blocks.3.ln2.weight', 'blocks.3.attn.q_norm.weight', 'blocks.3.attn.k_norm.weight', 'blocks.4.ln1.weight', 'blocks.4.ln2.weight', 'blocks.4.attn.q_norm.weight', 'blocks.4.attn.k_norm.weight', 'blocks.5.ln1.weight', 'blocks.5.ln2.weight', 'blocks.5.attn.q_norm.weight', 'blocks.5.attn.k_norm.weight', 'blocks.6.ln1.weight', 'blocks.6.ln2.weight', 'blocks.6.attn.q_norm.weight', 'blocks.6.attn.k_norm.weight', 'blocks.7.ln1.weight', 'blocks.7.ln2.weight', 'blocks.7.attn.q_norm.weight', 'blocks.7.attn.k_norm.weight', 'norm.weight', 'head.weight']",36,0.002,0.01,2e-05,51783168,160914.9389203433,161111.7812335476,9.259744019686249,93.79128459233343,6.436597556813734e-05,9.263560037045508,401.1420433217432,401.38732071846465,3.042982750474647,0.05574473743747461,0.05577882243132457,0.00042286835118880445,0.007585798599609685,0.0005828625062509723,0.07683601121191942,0.0006114477422769493,0.008022840866434865,3.0436097051109408,2.6814301228281955e-16
S,900,logs/muon_spectra/soaudit_traj_20260926/S_lr0.007_s260925_l40s/scientific/kept/step000900.pt,logs/muon_spectra/soaudit_traj_20260926/S_lr0.007_s260925_l40s/scientific/kept/step000901_weights.pt,body_norm,"['blocks.0.ln1.weight', 'blocks.0.ln2.weight', 'blocks.1.ln1.weight', 'blocks.1.ln2.weight', 'blocks.2.ln1.weight', 'blocks.2.ln2.weight', 'blocks.3.ln1.weight', 'blocks.3.ln2.weight', 'blocks.4.ln1.weight', 'blocks.4.ln2.weight', 'blocks.5.ln1.weight', 'blocks.5.ln2.weight', 'blocks.6.ln1.weight', 'blocks.6.ln2.weight', 'blocks.7.ln1.weight', 'blocks.7.ln2.weight']",16,0.002,0.01,2e-05,8192,7818.547986054467,7817.755671776027,0.0005818682979743528,-0.3964480733708804,3.127419194421788e-06,0.0005691377942339394,88.42255360514345,88.41807321908811,0.02412194639688831,0.9769404260004365,0.9768909242604044,0.00026651237301028325,0.0002728030961942854,-5.070609965916996e-05,-0.18587068976320562,-5.067017262749829e-05,0.0017684510721028693,0.02385660902630421,4.530323973302815e-16
S,900,logs/muon_spectra/soaudit_traj_20260926/S_lr0.007_s260925_l40s/scientific/kept/step000900.pt,logs/muon_spectra/soaudit_traj_20260926/S_lr0.007_s260925_l40s/scientific/kept/step000901_weights.pt,final_norm,['norm.weight'],1,0.002,0.01,2e-05,512,1050.5376525118334,1050.4938489355395,4.931261497631567e-05,-0.02192644445430858,4.202150610047334e-07,4.885577225914807e-05,32.41199858866826,32.411322850749855,0.007022294139119756,1.4324214996160085,1.4323916359369828,0.000310344487828633,0.00021665723944511275,-2.087164072785254e-05,-0.09633484106650447,-2.0848387875860297e-05,0.0006482399717733652,0.006989690426560254,1.893810902799479e-16
S,900,logs/muon_spectra/soaudit_traj_20260926/S_lr0.007_s260925_l40s/scientific/kept/step000900.pt,logs/muon_spectra/soaudit_traj_20260926/S_lr0.007_s260925_l40s/scientific/kept/step000901_weights.pt,head,['head.weight'],1,0.002,0.01,2e-05,25755648,119116.00476242165,119196.19199122705,4.630501651183794,37.77836357712256,4.764640190496867e-05,4.632060432128785,345.13186575919303,345.24801518796176,2.1518600445158587,0.06800624860224594,0.06802913517897648,0.0004240116421086729,0.006234892393324423,0.0003171560669153736,0.050867929533947746,0.0003365363801257626,0.006902637315183861,2.152222207888578,2.419022263669888e-16
S,900,logs/muon_spectra/soaudit_traj_20260926/S_lr0.007_s260925_l40s/scientific/kept/step000900.pt,logs/muon_spectra/soaudit_traj_20260926/S_lr0.007_s260925_l40s/scientific/kept/step000901_weights.pt,position_embedding,['position.weight'],1,0.002,0.01,2e-05,262144,464.63661435624476,465.0123339508498,0.0392114226389096,0.168254085983076,1.8585464574249794e-07,0.039218338656994665,21.555431203208272,21.5641446375888,0.19801874315051493,0.042100451568766156,0.042117469995290625,0.0003867553577158495,0.009186489534064259,0.0003621197313866288,0.03941872790948698,0.00040423382387411166,0.00043110862406416545,0.19803620541960165,9.800741148874508e-17
S,900,logs/muon_spectra/soaudit_traj_20260926/S_lr0.007_s260925_l40s/scientific/kept/step000900.pt,logs/muon_spectra/soaudit_traj_20260926/S_lr0.007_s260925_l40s/scientific/kept/step000901_weights.pt,qk_norm,"['blocks.0.attn.q_norm.weight', 'blocks.0.attn.k_norm.weight', 'blocks.1.attn.q_norm.weight', 'blocks.1.attn.k_norm.weight', 'blocks.2.attn.q_norm.weight', 'blocks.2.attn.k_norm.weight', 'blocks.3.attn.q_norm.weight', 'blocks.3.attn.k_norm.weight', 'blocks.4.attn.q_norm.weight', 'blocks.4.attn.k_norm.weight', 'blocks.5.attn.q_norm.weight', 'blocks.5.attn.k_norm.weight', 'blocks.6.attn.q_norm.weight', 'blocks.6.attn.k_norm.weight', 'blocks.7.attn.q_norm.weight', 'blocks.7.attn.k_norm.weight']",16,0.002,0.01,2e-05,1024,1981.6084564800228,1981.9653051119355,9.119798622236885e-05,0.17837871696335128,7.926433825920092e-07,9.912577828349493e-05,44.51526093914336,44.51926891933352,0.009549763673639723,1.39110190434823,1.3912271537291725,0.00029843011480124135,0.000214527860157782,9.001713551435359e-05,0.4196058052699885,9.00360933666633e-05,0.0008903052187828672,0.00995619296134295,1.0038115475567916e-16
S,900,logs/muon_spectra/soaudit_traj_20260926/S_lr0.007_s260925_l40s/scientific/kept/step000900.pt,logs/muon_spectra/soaudit_traj_20260926/S_lr0.007_s260925_l40s/scientific/kept/step000901_weights.pt,token_embedding,['embed.weight'],1,0.002,0.01,2e-05,25755648,105810.05446533374,105910.82453362562,4.6755525285983,48.04725788163204,4.23240217861335e-05,4.67751674293535,325.2845745886726,325.4394329727509,2.1623025987586244,0.06409545405867481,0.06412596801235626,0.0004260692873461354,0.006647418192187223,0.00045408971883077173,0.0683106893085902,0.00047607048159004073,0.006505691491773454,2.162756746131046,1.6919788770202938e-16
S,900,logs/muon_spectra/soaudit_traj_20260926/S_lr0.007_s260925_l40s/scientific/kept/step000900.pt,logs/muon_spectra/soaudit_traj_20260926/S_lr0.007_s260925_l40s/scientific/kept/step000901_weights.pt,embeddings_combined,"['embed.weight', 'position.weight']",2,0.002,0.01,2e-05,26017792,106274.69107968999,106375.83686757647,4.7147639512372095,48.21551196761512,4.2509876431875996e-05,4.716735081592345,325.9979924473309,326.15308808529846,2.1713507204588596,0.06391160248073716,0.06394200883595999,0.00042569128432485567,0.006660626049130254,0.00045368762287401764,0.06811486180540946,0.0004757564204713738,0.0065199598489466175,2.1718045680015376,6.973450343398882e-17
S,900,logs/muon_spectra/soaudit_traj_20260926/S_lr0.007_s260925_l40s/scientific/kept/step000900.pt,logs/muon_spectra/soaudit_traj_20260926/S_lr0.007_s260925_l40s/scientific/kept/step000901_weights.pt,norms_combined,"['blocks.0.ln1.weight', 'blocks.0.ln2.weight', 'blocks.0.attn.q_norm.weight', 'blocks.0.attn.k_norm.weight', 'blocks.1.ln1.weight', 'blocks.1.ln2.weight', 'blocks.1.attn.q_norm.weight', 'blocks.1.attn.k_norm.weight', 'blocks.2.ln1.weight', 'blocks.2.ln2.weight', 'blocks.2.attn.q_norm.weight', 'blocks.2.attn.k_norm.weight', 'blocks.3.ln1.weight', 'blocks.3.ln2.weight', 'blocks.3.attn.q_norm.weight', 'blocks.3.attn.k_norm.weight', 'blocks.4.ln1.weight', 'blocks.4.ln2.weight', 'blocks.4.attn.q_norm.weight', 'blocks.4.attn.k_norm.weight', 'blocks.5.ln1.weight', 'blocks.5.ln2.weight', 'blocks.5.attn.q_norm.weight', 'blocks.5.attn.k_norm.weight', 'blocks.6.ln1.weight', 'blocks.6.ln2.weight', 'blocks.6.attn.q_norm.weight', 'blocks.6.attn.k_norm.weight', 'blocks.7.ln1.weight', 'blocks.7.ln2.weight', 'blocks.7.attn.q_norm.weight', 'blocks.7.attn.k_norm.weight', 'norm.weight']",33,0.002,0.01,2e-05,9728,10850.694095046329,10850.2148258235,0.0007223788991730373,-0.2399958008618377,4.340277638018531e-06,0.0007171193447765824,104.1666649895557,104.16436447184564,0.026877107343853752,1.0561290268161108,1.0561057022378446,0.00027250265932525063,0.00025802023465519027,-2.2118013719638734e-05,-0.08572201226464475,-2.208497037203827e-05,0.002083333299791114,0.02677908409144313,4.4365152981064897e-16
S,900,logs/muon_spectra/soaudit_traj_20260926/S_lr0.007_s260925_l40s/scientific/kept/step000900.pt,logs/muon_spectra/soaudit_traj_20260926/S_lr0.007_s260925_l40s/scientific/kept/step000901_weights.pt,all_aux,"['embed.weight', 'position.weight', 'blocks.0.ln1.weight', 'blocks.0.ln2.weight', 'blocks.0.attn.q_norm.weight', 'blocks.0.attn.k_norm.weight', 'blocks.1.ln1.weight', 'blocks.1.ln2.weight', 'blocks.1.attn.q_norm.weight', 'blocks.1.attn.k_norm.weight', 'blocks.2.ln1.weight', 'blocks.2.ln2.weight', 'blocks.2.attn.q_norm.weight', 'blocks.2.attn.k_norm.weight', 'blocks.3.ln1.weight', 'blocks.3.ln2.weight', 'blocks.3.attn.q_norm.weight', 'blocks.3.attn.k_norm.weight', 'blocks.4.ln1.weight', 'blocks.4.ln2.weight', 'blocks.4.attn.q_norm.weight', 'blocks.4.attn.k_norm.weight', 'blocks.5.ln1.weight', 'blocks.5.ln2.weight', 'blocks.5.attn.q_norm.weight', 'blocks.5.attn.k_norm.weight', 'blocks.6.ln1.weight', 'blocks.6.ln2.weight', 'blocks.6.attn.q_norm.weight', 'blocks.6.attn.k_norm.weight', 'blocks.7.ln1.weight', 'blocks.7.ln2.weight', 'blocks.7.attn.q_norm.weight', 'blocks.7.attn.k_norm.weight', 'norm.weight', 'head.weight']",36,0.002,0.01,2e-05,51783168,236241.38993715798,236422.243684627,9.345987981320176,85.75387974387586,9.449655597486319e-05,9.349512633065906,486.04669522295694,486.23270528074005,3.057120864689549,0.06754351945558673,0.06756936835874827,0.00042483305540740116,0.006289767824235903,0.0003629926143199845,0.057711607878639264,0.00038269997432616165,0.009720933904459139,3.0576972762302526,2.0340527865217333e-16
