method,step,checkpoint,nextweights,group,key,shape,dtype,aux_lr_next,weight_decay,ideal_decay_coefficient,numel,old_sqnorm,next_sqnorm,delta_sqnorm,old_dot_delta,ideal_decay_sqnorm,adaptive_plus_rounding_sqnorm,old_norm,next_norm,delta_norm,old_rms,next_rms,delta_rms,relative_delta,radial_relative,cosine_old_delta,norm_relative_change,ideal_decay_norm,adaptive_plus_rounding_norm,norm_identity_relative_error
M4M,183,logs/muon_spectra/soaudit_mom4m_20260927/M_b4M_lr0.014_mom0.9_s260925_l40s/scientific/kept/step000183.pt,logs/muon_spectra/soaudit_mom4m_20260927/M_b4M_lr0.014_mom0.9_s260925_l40s/scientific/kept/step000184_weights.pt,token_embedding,embed.weight,"[50304, 512]",torch.float32,0.002,0.01,2e-05,25755648,35271.027850223494,35373.11539516101,4.821262641571303,48.633141147972374,1.41084111400894e-05,4.823222075628361,187.80582485701422,188.07741862105885,2.195737379918487,0.037006057340087176,0.037059573328811685,0.0004326574186231986,0.011691529704098421,0.00137884105205242,0.11793504245805173,0.0014461413231001696,0.0037561164971402845,2.1961835250334523,4.419158451862182e-18
M4M,183,logs/muon_spectra/soaudit_mom4m_20260927/M_b4M_lr0.014_mom0.9_s260925_l40s/scientific/kept/step000183.pt,logs/muon_spectra/soaudit_mom4m_20260927/M_b4M_lr0.014_mom0.9_s260925_l40s/scientific/kept/step000184_weights.pt,position_embedding,position.weight,"[512, 512]",torch.float32,0.002,0.01,2e-05,262144,144.53820394657953,144.7038292010685,0.00694905181989542,0.0793381013345473,5.781528157863182e-08,0.006952283159230381,12.02240424984036,12.029290469560891,0.08336097300233138,0.023481258300469453,0.023494707948361115,0.00016281440039517847,0.00693380219713027,0.0005489074802940694,0.07916399468696249,0.0005727822469971944,0.0002404480849968072,0.08338035235731725,2.1943011929669806e-16
M4M,183,logs/muon_spectra/soaudit_mom4m_20260927/M_b4M_lr0.014_mom0.9_s260925_l40s/scientific/kept/step000183.pt,logs/muon_spectra/soaudit_mom4m_20260927/M_b4M_lr0.014_mom0.9_s260925_l40s/scientific/kept/step000184_weights.pt,body_norm,blocks.0.ln1.weight,[512],torch.float32,0.002,0.01,2e-05,512,456.4049918225746,456.0921453951336,6.941095288937049e-05,-0.15645791919691732,1.8256199672902985e-07,6.333519811822284e-05,21.363637139367786,21.35631394681989,0.008331323597686653,0.9441482932534836,0.943824650809074,0.0003681959632614835,0.00038997683509303427,-0.00034280501309183676,-0.8790394255342268,-0.00034278772383766754,0.00042727274278735574,0.00795834141754567,0.0
M4M,183,logs/muon_spectra/soaudit_mom4m_20260927/M_b4M_lr0.014_mom0.9_s260925_l40s/scientific/kept/step000183.pt,logs/muon_spectra/soaudit_mom4m_20260927/M_b4M_lr0.014_mom0.9_s260925_l40s/scientific/kept/step000184_weights.pt,body_norm,blocks.0.ln2.weight,[512],torch.float32,0.002,0.01,2e-05,512,524.8617881726522,524.7590470405422,2.219088069210784e-05,-0.051381661495319975,2.099447152690609e-07,2.0345558947564102e-05,22.909862246915676,22.907619846691674,0.004710719763699369,1.0124824344277343,1.0123833334024515,0.00020818636807383217,0.00020561973323665736,-9.789560347726836e-05,-0.47610023579106453,-9.787925391413488e-05,0.00045819724493831353,0.004510605164228421,1.3537711294127754e-17
M4M,183,logs/muon_spectra/soaudit_mom4m_20260927/M_b4M_lr0.014_mom0.9_s260925_l40s/scientific/kept/step000183.pt,logs/muon_spectra/soaudit_mom4m_20260927/M_b4M_lr0.014_mom0.9_s260925_l40s/scientific/kept/step000184_weights.pt,qk_norm,blocks.0.attn.q_norm.weight,[64],torch.float32,0.002,0.01,2e-05,64,65.96172015986353,65.95805923714944,6.228165645438821e-07,-0.001830772765327282,2.6384688063945416e-08,5.759703419947363e-07,8.12168210162547,8.121456718911297,0.000789187281032761,1.0152102627031838,1.0151820898639121,9.864841012909512e-05,9.717042247625197e-05,-2.7755079171529444e-05,-0.2856329988511953,-2.775074317784565e-05,0.00016243364203250943,0.0007589270992623312,0.0
M4M,183,logs/muon_spectra/soaudit_mom4m_20260927/M_b4M_lr0.014_mom0.9_s260925_l40s/scientific/kept/step000183.pt,logs/muon_spectra/soaudit_mom4m_20260927/M_b4M_lr0.014_mom0.9_s260925_l40s/scientific/kept/step000184_weights.pt,qk_norm,blocks.0.attn.k_norm.weight,[64],torch.float32,0.002,0.01,2e-05,64,65.96312970289611,65.95949382433831,6.212013268225292e-07,-0.0018182498795660251,2.638525188115845e-08,5.748565835210465e-07,8.121768877707375,8.121545039235965,0.0007881632615280473,1.0152211097134218,1.0151931299044956,9.852040769100591e-05,9.704330096013903e-05,-2.756463933345168e-05,-0.2840447414785899,-2.7560310417618084e-05,0.0001624353775541475,0.0007581929724819708,5.3859083018077584e-17
M4M,183,logs/muon_spectra/soaudit_mom4m_20260927/M_b4M_lr0.014_mom0.9_s260925_l40s/scientific/kept/step000183.pt,logs/muon_spectra/soaudit_mom4m_20260927/M_b4M_lr0.014_mom0.9_s260925_l40s/scientific/kept/step000184_weights.pt,body_norm,blocks.1.ln1.weight,[512],torch.float32,0.002,0.01,2e-05,512,485.5619943335971,485.47054446443764,1.9059500910856286e-05,-0.04573446433018091,1.9422479773343888e-07,1.742434713538249e-05,22.0354712755048,22.033396117358706,0.004365718830943684,0.9738394478469266,0.9737477379471055,0.00019293933688213034,0.00019812232633284907,-9.418872330184851e-05,-0.4754069117056992,-9.417353140073192e-05,0.00044070942551009603,0.004174248092217626,5.121693221837639e-17
M4M,183,logs/muon_spectra/soaudit_mom4m_20260927/M_b4M_lr0.014_mom0.9_s260925_l40s/scientific/kept/step000183.pt,logs/muon_spectra/soaudit_mom4m_20260927/M_b4M_lr0.014_mom0.9_s260925_l40s/scientific/kept/step000184_weights.pt,body_norm,blocks.1.ln2.weight,[512],torch.float32,0.002,0.01,2e-05,512,521.7392502645414,521.7106824182979,1.3535254609564618e-05,-0.014290690749053425,2.086957001058166e-07,1.3172322679708296e-05,22.841612251864827,22.84098689676735,0.0036790290308129697,1.0094661822829591,1.0094385452310795,0.0001625916484918764,0.00016106695929542396,-2.7390484311478403e-05,-0.1700565058860994,-2.7377887803159418e-05,0.0004568322450372966,0.0036293694603482156,1.3618732640870479e-17
M4M,183,logs/muon_spectra/soaudit_mom4m_20260927/M_b4M_lr0.014_mom0.9_s260925_l40s/scientific/kept/step000183.pt,logs/muon_spectra/soaudit_mom4m_20260927/M_b4M_lr0.014_mom0.9_s260925_l40s/scientific/kept/step000184_weights.pt,qk_norm,blocks.1.attn.q_norm.weight,[64],torch.float32,0.002,0.01,2e-05,64,87.41697462502728,87.57884083090866,7.690388977721341e-05,0.08089465099580195,3.496678985001092e-08,8.01746426068955e-05,9.34970452073365,9.358356737745611,0.008769486289242569,1.1687130650917064,1.1697945922182014,0.0010961857861553211,0.0009379426130307748,0.0009253883624181384,0.9866151186242942,0.0009254000479663738,0.00018699409041467304,0.008954029406188897,0.0
M4M,183,logs/muon_spectra/soaudit_mom4m_20260927/M_b4M_lr0.014_mom0.9_s260925_l40s/scientific/kept/step000183.pt,logs/muon_spectra/soaudit_mom4m_20260927/M_b4M_lr0.014_mom0.9_s260925_l40s/scientific/kept/step000184_weights.pt,qk_norm,blocks.1.attn.k_norm.weight,[64],torch.float32,0.002,0.01,2e-05,64,87.417062108938,87.57892871838806,7.690396488158058e-05,0.08089485274258834,3.496682484357521e-08,8.017472581612768e-05,9.349709199164325,9.3583614334128,0.0087694905713833,1.1687136498955406,1.1697951791766,0.0010961863214229125,0.0009379426016979345,0.0009253897441872187,0.9866166037367406,0.0009254014284474366,0.0001869941839832865,0.008954034052656249,0.0
M4M,183,logs/muon_spectra/soaudit_mom4m_20260927/M_b4M_lr0.014_mom0.9_s260925_l40s/scientific/kept/step000183.pt,logs/muon_spectra/soaudit_mom4m_20260927/M_b4M_lr0.014_mom0.9_s260925_l40s/scientific/kept/step000184_weights.pt,body_norm,blocks.2.ln1.weight,[512],torch.float32,0.002,0.01,2e-05,512,495.4329584472865,495.37472092786965,1.7602273050698614e-05,-0.029127560844965927,1.9817318337891464e-07,1.663534380027889e-05,22.25832335211452,22.25701509474866,0.004195506292534742,0.9836882112576913,0.9836303939042578,0.00018541693437263418,0.00018849156902629743,-5.8792133927167996e-05,-0.31190856031850217,-5.877609670612571e-05,0.0004451664670422904,0.004078644848510212,7.170927202612633e-18
M4M,183,logs/muon_spectra/soaudit_mom4m_20260927/M_b4M_lr0.014_mom0.9_s260925_l40s/scientific/kept/step000183.pt,logs/muon_spectra/soaudit_mom4m_20260927/M_b4M_lr0.014_mom0.9_s260925_l40s/scientific/kept/step000184_weights.pt,body_norm,blocks.2.ln2.weight,[512],torch.float32,0.002,0.01,2e-05,512,522.9239362040846,522.9481587177396,1.5035059202972434e-05,0.012103739297845806,2.0916957448163387e-07,1.5728378349367897e-05,22.867530172803633,22.868059793470447,0.0038775068282302784,1.0106116033860895,1.0106350095338996,0.00017136321077117323,0.00016956386627366515,2.314627130229894e-05,0.1365047389574283,2.3160379053033253e-05,0.0004573506034560727,0.003965901959122022,1.834278746918544e-16
M4M,183,logs/muon_spectra/soaudit_mom4m_20260927/M_b4M_lr0.014_mom0.9_s260925_l40s/scientific/kept/step000183.pt,logs/muon_spectra/soaudit_mom4m_20260927/M_b4M_lr0.014_mom0.9_s260925_l40s/scientific/kept/step000184_weights.pt,qk_norm,blocks.2.attn.q_norm.weight,[64],torch.float32,0.002,0.01,2e-05,64,85.74712086244912,85.90867068752412,7.808809475307044e-05,0.08073586849012315,3.429884834497966e-08,8.135182834102036e-05,9.25997412860582,9.268693040959125,0.008836746842196536,1.1574967660757276,1.1585866301198906,0.001104593355274567,0.0009542949817643814,0.000941557776845187,0.9866527591964859,0.0009415698394199534,0.00018519948257211642,0.009019524840091098,0.0
M4M,183,logs/muon_spectra/soaudit_mom4m_20260927/M_b4M_lr0.014_mom0.9_s260925_l40s/scientific/kept/step000183.pt,logs/muon_spectra/soaudit_mom4m_20260927/M_b4M_lr0.014_mom0.9_s260925_l40s/scientific/kept/step000184_weights.pt,qk_norm,blocks.2.attn.k_norm.weight,[64],torch.float32,0.002,0.01,2e-05,64,85.74717167595522,85.90871744201358,7.808393797859026e-05,0.08073384106019432,3.4298868670382095e-08,8.134759048966841e-05,9.259976872322913,9.268695563131502,0.008836511640833744,1.157497109040364,1.1585869453914377,0.001104563955104218,0.0009542692992295844,0.0009415335746034093,0.9866539512101488,0.0009415456354593399,0.00018519953744645825,0.009019289910501181,0.0
M4M,183,logs/muon_spectra/soaudit_mom4m_20260927/M_b4M_lr0.014_mom0.9_s260925_l40s/scientific/kept/step000183.pt,logs/muon_spectra/soaudit_mom4m_20260927/M_b4M_lr0.014_mom0.9_s260925_l40s/scientific/kept/step000184_weights.pt,body_norm,blocks.3.ln1.weight,[512],torch.float32,0.002,0.01,2e-05,512,494.542476209543,494.46805455356144,1.738539198825606e-05,-0.03721952068680068,1.9781699048381722e-07,1.609442815126785e-05,22.238311001727244,22.236637662955285,0.0041695793538744485,0.9828037819660462,0.9827298301414915,0.00018427111473875285,0.0001874953252317857,-7.526051345897004e-05,-0.40139941284366093,-7.524576717310438e-05,0.0004447662200345449,0.004011786154728072,1.221252681923686e-16
M4M,183,logs/muon_spectra/soaudit_mom4m_20260927/M_b4M_lr0.014_mom0.9_s260925_l40s/scientific/kept/step000183.pt,logs/muon_spectra/soaudit_mom4m_20260927/M_b4M_lr0.014_mom0.9_s260925_l40s/scientific/kept/step000184_weights.pt,body_norm,blocks.3.ln2.weight,[512],torch.float32,0.002,0.01,2e-05,512,524.935874847999,525.0063737886546,1.6892391190737044e-05,0.03524102413225094,2.0997434993919963e-07,1.851200650596628e-05,22.911479106509013,22.913017561828354,0.004110035424511211,1.0125538902016515,1.0126218809634553,0.00018163961997430045,0.00017938760764439577,6.713396020505433e-05,0.3742396762330179,6.714779574856777e-05,0.00045822958213018026,0.0043025581351059375,1.2857283885925316e-16
M4M,183,logs/muon_spectra/soaudit_mom4m_20260927/M_b4M_lr0.014_mom0.9_s260925_l40s/scientific/kept/step000183.pt,logs/muon_spectra/soaudit_mom4m_20260927/M_b4M_lr0.014_mom0.9_s260925_l40s/scientific/kept/step000184_weights.pt,qk_norm,blocks.3.attn.q_norm.weight,[64],torch.float32,0.002,0.01,2e-05,64,83.86162339702108,84.02217604775463,7.858851678577139e-05,0.08023703110838198,3.3544649358808435e-08,8.183154267946549e-05,9.157599215789096,9.166361112663772,0.008865016457163031,1.144699901973637,1.1457951390829715,0.001108127057145379,0.0009680502769632451,0.0009567788919196162,0.9883566119324019,0.0009567897292959149,0.00018315198431578195,0.009046078856580098,0.0
M4M,183,logs/muon_spectra/soaudit_mom4m_20260927/M_b4M_lr0.014_mom0.9_s260925_l40s/scientific/kept/step000183.pt,logs/muon_spectra/soaudit_mom4m_20260927/M_b4M_lr0.014_mom0.9_s260925_l40s/scientific/kept/step000184_weights.pt,qk_norm,blocks.3.attn.k_norm.weight,[64],torch.float32,0.002,0.01,2e-05,64,83.86168397747382,84.02223442482753,7.858600422139261e-05,0.08023593067474621,3.354467359098953e-08,8.182898612197346e-05,9.15760252344869,9.166364296973338,0.0088648747436945,1.1447003154310862,1.1457955371216673,0.0011081093429618125,0.0009680344523575204,0.0009567650787491756,0.9883584994512338,0.0009567759140247656,0.00018315205046897382,0.009045937547981053,0.0
M4M,183,logs/muon_spectra/soaudit_mom4m_20260927/M_b4M_lr0.014_mom0.9_s260925_l40s/scientific/kept/step000183.pt,logs/muon_spectra/soaudit_mom4m_20260927/M_b4M_lr0.014_mom0.9_s260925_l40s/scientific/kept/step000184_weights.pt,body_norm,blocks.4.ln1.weight,[512],torch.float32,0.002,0.01,2e-05,512,496.29515888319753,496.231348374154,1.7900118944425003e-05,-0.03191420458118799,1.9851806355327906e-07,1.682206882473076e-05,22.27768297833501,22.2762507701398,0.004230853217073951,0.9845437939440506,0.984480498686119,0.00018697906249986944,0.00018991441889124847,-6.430488794813926e-05,-0.3385992929002534,-6.428892073762071e-05,0.0004455536595667003,0.0041014715438158,2.362294882429202e-16
M4M,183,logs/muon_spectra/soaudit_mom4m_20260927/M_b4M_lr0.014_mom0.9_s260925_l40s/scientific/kept/step000183.pt,logs/muon_spectra/soaudit_mom4m_20260927/M_b4M_lr0.014_mom0.9_s260925_l40s/scientific/kept/step000184_weights.pt,body_norm,blocks.4.ln2.weight,[512],torch.float32,0.002,0.01,2e-05,512,525.5816458035133,525.6789605516681,2.0017962892637797e-05,0.048647365095952466,2.1023265832140536e-07,2.2174090154797298e-05,22.925567513226653,22.92768982151643,0.004474143816713741,1.0131765156970363,1.0132703093585032,0.00019773108955013422,0.000195159566459257,9.255910187194607e-05,0.4742739674576466,9.25738605404014e-05,0.0004585113502645331,0.0047089372638417365,7.434166744241312e-17
M4M,183,logs/muon_spectra/soaudit_mom4m_20260927/M_b4M_lr0.014_mom0.9_s260925_l40s/scientific/kept/step000183.pt,logs/muon_spectra/soaudit_mom4m_20260927/M_b4M_lr0.014_mom0.9_s260925_l40s/scientific/kept/step000184_weights.pt,qk_norm,blocks.4.attn.q_norm.weight,[64],torch.float32,0.002,0.01,2e-05,64,79.33895031956072,79.47189263630742,5.9442490623951016e-05,0.06644143712803441,3.173558012782429e-08,6.213188368920023e-05,8.907241453983422,8.914700928034963,0.007709895629899994,1.1134051817479278,1.1143376160043703,0.0009637369537374992,0.0008655761348483528,0.0008374378140928531,0.9674918015612464,0.000837461754020774,0.00017814482907966848,0.007882378047848266,0.0
M4M,183,logs/muon_spectra/soaudit_mom4m_20260927/M_b4M_lr0.014_mom0.9_s260925_l40s/scientific/kept/step000183.pt,logs/muon_spectra/soaudit_mom4m_20260927/M_b4M_lr0.014_mom0.9_s260925_l40s/scientific/kept/step000184_weights.pt,qk_norm,blocks.4.attn.k_norm.weight,[64],torch.float32,0.002,0.01,2e-05,64,79.33879866040299,79.4717418463686,5.9443401880798774e-05,0.06644187128186729,3.17355194641612e-08,6.213281225153763e-05,8.907232940728731,8.914692470655877,0.007709954726248318,1.1134041175910914,1.1143365588319847,0.0009637443407810398,0.00086558359678618,0.000837444887037691,0.9674916324050444,0.000837468827500798,0.00017814465881457462,0.007882436948782885,0.0
M4M,183,logs/muon_spectra/soaudit_mom4m_20260927/M_b4M_lr0.014_mom0.9_s260925_l40s/scientific/kept/step000183.pt,logs/muon_spectra/soaudit_mom4m_20260927/M_b4M_lr0.014_mom0.9_s260925_l40s/scientific/kept/step000184_weights.pt,body_norm,blocks.5.ln1.weight,[512],torch.float32,0.002,0.01,2e-05,512,493.7102287331393,493.6381898125258,1.9413432205794834e-05,-0.03602916702281789,1.9748409149325575e-07,1.8169749616375373e-05,22.21959110184387,22.217969975056807,0.004406067657877581,0.9819764714566295,0.9819048270976111,0.00019472251995324792,0.0001982965229955086,-7.297634305707773e-05,-0.36801625139302435,-7.295934383455549e-05,0.00044439182203687746,0.004262598927459089,7.195949105443423e-17
M4M,183,logs/muon_spectra/soaudit_mom4m_20260927/M_b4M_lr0.014_mom0.9_s260925_l40s/scientific/kept/step000183.pt,logs/muon_spectra/soaudit_mom4m_20260927/M_b4M_lr0.014_mom0.9_s260925_l40s/scientific/kept/step000184_weights.pt,body_norm,blocks.5.ln2.weight,[512],torch.float32,0.002,0.01,2e-05,512,525.9623531374082,526.0853956522209,1.963908228574951e-05,0.06151143786518887,2.103849412549633e-07,2.2309924741612027e-05,22.933869127066373,22.936551520492806,0.004431600420361645,1.01354339866209,1.0136619448234425,0.00019585091929667962,0.00019323387588060772,0.00011695026744455786,0.6052265262060842,0.00011696209704381566,0.0004586773825413275,0.004723338304802233,8.779045798666914e-17
M4M,183,logs/muon_spectra/soaudit_mom4m_20260927/M_b4M_lr0.014_mom0.9_s260925_l40s/scientific/kept/step000183.pt,logs/muon_spectra/soaudit_mom4m_20260927/M_b4M_lr0.014_mom0.9_s260925_l40s/scientific/kept/step000184_weights.pt,qk_norm,blocks.5.attn.q_norm.weight,[64],torch.float32,0.002,0.01,2e-05,64,75.68314203669641,75.79284882504169,4.25319103669608e-05,0.054832128217455534,3.027325681467857e-08,4.47554687524737e-05,8.69960585524979,8.705908845436051,0.006521649359399875,1.0874507319062237,1.0882386056795064,0.0008152061699249844,0.000749648830982886,0.0007244959279157456,0.9664470855851774,0.0007245144540035664,0.0001739921171049958,0.006689952821393713,0.0
M4M,183,logs/muon_spectra/soaudit_mom4m_20260927/M_b4M_lr0.014_mom0.9_s260925_l40s/scientific/kept/step000183.pt,logs/muon_spectra/soaudit_mom4m_20260927/M_b4M_lr0.014_mom0.9_s260925_l40s/scientific/kept/step000184_weights.pt,qk_norm,blocks.5.attn.k_norm.weight,[64],torch.float32,0.002,0.01,2e-05,64,75.68310131300258,75.79281193213032,4.2535209232141824e-05,0.054834041959253454,3.027324052520104e-08,4.4758844151037165e-05,8.699603514701264,8.705906726592602,0.00652190227097446,1.087450439337658,1.0882383408240752,0.0008152377838718075,0.0007496781042898386,0.0007245216040034661,0.9664435974021103,0.0007245401334310397,0.0001739920702940253,0.006690205090356885,0.0
M4M,183,logs/muon_spectra/soaudit_mom4m_20260927/M_b4M_lr0.014_mom0.9_s260925_l40s/scientific/kept/step000183.pt,logs/muon_spectra/soaudit_mom4m_20260927/M_b4M_lr0.014_mom0.9_s260925_l40s/scientific/kept/step000184_weights.pt,body_norm,blocks.6.ln1.weight,[512],torch.float32,0.002,0.01,2e-05,512,493.29929562162084,493.22665161297766,1.936516956746459e-05,-0.03633168690641142,1.9731971824864838e-07,1.810922180945678e-05,22.21034208700129,22.20870666232002,0.004400587411637746,0.9815677188869742,0.981495442644334,0.00019448032499832542,0.00019813235628699346,-7.365039283226383e-05,-0.3717231966170216,-7.363347556121891e-05,0.0004442068417400259,0.004255493133522457,1.5124081448524284e-16
M4M,183,logs/muon_spectra/soaudit_mom4m_20260927/M_b4M_lr0.014_mom0.9_s260925_l40s/scientific/kept/step000183.pt,logs/muon_spectra/soaudit_mom4m_20260927/M_b4M_lr0.014_mom0.9_s260925_l40s/scientific/kept/step000184_weights.pt,body_norm,blocks.6.ln2.weight,[512],torch.float32,0.002,0.01,2e-05,512,525.7679799077763,525.9094139202334,2.421417163134265e-05,0.07070489914272571,2.1030719196311056e-07,2.725267478901479e-05,22.929631046045557,22.93271492693862,0.004920789736550695,1.013356100172775,1.0134923897410162,0.00021747023696926004,0.00021460396491636237,0.0001344792795390999,0.6266393055296556,0.00013449326275116746,0.0004585926209209112,0.005220409446491222,8.106446284696521e-17
M4M,183,logs/muon_spectra/soaudit_mom4m_20260927/M_b4M_lr0.014_mom0.9_s260925_l40s/scientific/kept/step000183.pt,logs/muon_spectra/soaudit_mom4m_20260927/M_b4M_lr0.014_mom0.9_s260925_l40s/scientific/kept/step000184_weights.pt,qk_norm,blocks.6.attn.q_norm.weight,[64],torch.float32,0.002,0.01,2e-05,64,70.40825803525087,70.47379098501985,1.716718772115655e-05,0.032757891290629004,2.8163303214100352e-08,1.850566667599581e-05,8.390962878910313,8.394866942663228,0.004143330510731258,1.0488703598637892,1.0493583678329035,0.0005179163138414073,0.0004937848695702165,0.0004652563804977012,0.9422248618161464,0.00046527005413476985,0.0001678192575782063,0.004301821320789116,0.0
M4M,183,logs/muon_spectra/soaudit_mom4m_20260927/M_b4M_lr0.014_mom0.9_s260925_l40s/scientific/kept/step000183.pt,logs/muon_spectra/soaudit_mom4m_20260927/M_b4M_lr0.014_mom0.9_s260925_l40s/scientific/kept/step000184_weights.pt,qk_norm,blocks.6.attn.k_norm.weight,[64],torch.float32,0.002,0.01,2e-05,64,70.40814526004965,70.47367966220774,1.71684217349366e-05,0.03275861686817905,2.8163258104019866e-08,1.8506929667767782e-05,8.390956158868288,8.394860312251048,0.004143479423737567,1.048869519858536,1.049357539031381,0.0005179349279671959,0.0004938030118722978,0.00046526743102216956,0.9422126229203563,0.0004652811084744357,0.00016781912317736578,0.004301968115614966,0.0
M4M,183,logs/muon_spectra/soaudit_mom4m_20260927/M_b4M_lr0.014_mom0.9_s260925_l40s/scientific/kept/step000183.pt,logs/muon_spectra/soaudit_mom4m_20260927/M_b4M_lr0.014_mom0.9_s260925_l40s/scientific/kept/step000184_weights.pt,body_norm,blocks.7.ln1.weight,[512],torch.float32,0.002,0.01,2e-05,512,493.9833429693501,493.90537307522766,1.7945053734536032e-05,-0.03899391958809417,1.9759333718774005e-07,1.6582890288200002e-05,22.225736050114293,22.22398193563043,0.00423616025836323,0.9822480423686331,0.9821705207282257,0.00018721360280509985,0.0001905970739871828,-7.893772157113728e-05,-0.41416019627061873,-7.892267234288486e-05,0.0004445147210022859,0.004072209509369576,7.191970598532782e-17
M4M,183,logs/muon_spectra/soaudit_mom4m_20260927/M_b4M_lr0.014_mom0.9_s260925_l40s/scientific/kept/step000183.pt,logs/muon_spectra/soaudit_mom4m_20260927/M_b4M_lr0.014_mom0.9_s260925_l40s/scientific/kept/step000184_weights.pt,body_norm,blocks.7.ln2.weight,[512],torch.float32,0.002,0.01,2e-05,512,524.9824405693855,525.1424737547164,2.5936073498655787e-05,0.08000362462868438,2.0999297622775425e-07,2.9346211460030916e-05,22.912495293384907,22.91598729609345,0.00509274714654633,1.0125987997410826,1.0127531259157785,0.00022506975263695937,0.00022226942466701402,0.00015239295345176505,0.6856226567377307,0.0001524060414996864,0.0004582499058676982,0.005417214363492635,9.471332826610904e-17
M4M,183,logs/muon_spectra/soaudit_mom4m_20260927/M_b4M_lr0.014_mom0.9_s260925_l40s/scientific/kept/step000183.pt,logs/muon_spectra/soaudit_mom4m_20260927/M_b4M_lr0.014_mom0.9_s260925_l40s/scientific/kept/step000184_weights.pt,qk_norm,blocks.7.attn.q_norm.weight,[64],torch.float32,0.002,0.01,2e-05,64,71.1355685586988,71.20830260002036,2.208015833105037e-05,0.03635598058161804,2.8454227423479523e-08,2.356285178173857e-05,8.43419045070117,8.438501205784139,0.0046989528973006706,1.0542738063376462,1.0548126507230173,0.0005873691121625838,0.0005571314668273855,0.0005110801996559323,0.9173421895666841,0.0005111047833419313,0.0001686838090140234,0.004854158194964249,0.0
M4M,183,logs/muon_spectra/soaudit_mom4m_20260927/M_b4M_lr0.014_mom0.9_s260925_l40s/scientific/kept/step000183.pt,logs/muon_spectra/soaudit_mom4m_20260927/M_b4M_lr0.014_mom0.9_s260925_l40s/scientific/kept/step000184_weights.pt,qk_norm,blocks.7.attn.k_norm.weight,[64],torch.float32,0.002,0.01,2e-05,64,71.13560527945198,71.20833750595197,2.2078824684967913e-05,0.03635507383765457,2.8454242111780796e-08,2.3561481880585877e-05,8.434192627599394,8.438503274038114,0.004698810986299397,1.0542740784499243,1.0548129092547642,0.0005873513732874246,0.0005571144973525236,0.0005110671891359584,0.9173467780224935,0.0005110917700188455,0.0001686838525519879,0.004854017086968882,0.0
M4M,183,logs/muon_spectra/soaudit_mom4m_20260927/M_b4M_lr0.014_mom0.9_s260925_l40s/scientific/kept/step000183.pt,logs/muon_spectra/soaudit_mom4m_20260927/M_b4M_lr0.014_mom0.9_s260925_l40s/scientific/kept/step000184_weights.pt,final_norm,norm.weight,[512],torch.float32,0.002,0.01,2e-05,512,693.3584338953187,694.3199751414716,0.0003656157951468231,0.48058781517877946,2.7734337355812756e-07,0.0003851166511275324,26.33170017099767,26.34995208992744,0.019121082478427393,1.163707734442714,1.1645143629205208,0.0008450404427577054,0.0007261620918609648,0.0006931304094461152,0.9545119708325753,0.0006931538340191334,0.0005266340034199534,0.01962438919119605,1.6373839410057547e-16
M4M,183,logs/muon_spectra/soaudit_mom4m_20260927/M_b4M_lr0.014_mom0.9_s260925_l40s/scientific/kept/step000183.pt,logs/muon_spectra/soaudit_mom4m_20260927/M_b4M_lr0.014_mom0.9_s260925_l40s/scientific/kept/step000184_weights.pt,head,head.weight,"[50304, 512]",torch.float32,0.002,0.01,2e-05,25755648,62734.93492329338,62957.9485234065,4.932667868270022,109.04046612241699,2.5093973969317356e-05,4.937054580888888,250.46942911919086,250.91422543053733,2.2209610235819137,0.049353560055874386,0.04944120461010947,0.0004376275924953101,0.008867194018017364,0.0017381139592436308,0.19601623193446935,0.001775850701263737,0.005009388582383817,2.2219483749378357,2.1804531400481479e-16
M,200,logs/muon_spectra/soaudit_traj_20260926/M_lr0.007_s260925_l40s/scientific/kept/step000200.pt,logs/muon_spectra/soaudit_traj_20260926/M_lr0.007_s260925_l40s/scientific/kept/step000201_weights.pt,token_embedding,embed.weight,"[50304, 512]",torch.float32,0.002,0.01,2e-05,25755648,31969.067508803848,32071.734217713274,4.997504478510778,48.83460221545861,1.2787627003521541e-05,4.9994706502263995,178.7989583549184,179.08582919291317,2.2355098922864953,0.03523130611240384,0.03528783236066113,0.0004404943633738228,0.01250292458555031,0.0015275579183537406,0.12217604832385749,0.0016044323783213077,0.0035759791670983685,2.235949608159003,5.494389460585553e-17
M,200,logs/muon_spectra/soaudit_traj_20260926/M_lr0.007_s260925_l40s/scientific/kept/step000200.pt,logs/muon_spectra/soaudit_traj_20260926/M_lr0.007_s260925_l40s/scientific/kept/step000201_weights.pt,position_embedding,position.weight,"[512, 512]",torch.float32,0.002,0.01,2e-05,262144,167.787770474635,168.3518124137561,0.019363279550936877,0.2723393297850776,6.711510818985401e-08,0.019374240239236472,12.953291877921805,12.975045757674849,0.13915200160593047,0.025299398199066025,0.02534188624545869,0.00027178125313658295,0.010742597551060178,0.0016231178769149205,0.1510917512454645,0.0016794093700707169,0.0002590658375584361,0.13919137990276723,2.901650560402007e-17
M,200,logs/muon_spectra/soaudit_traj_20260926/M_lr0.007_s260925_l40s/scientific/kept/step000200.pt,logs/muon_spectra/soaudit_traj_20260926/M_lr0.007_s260925_l40s/scientific/kept/step000201_weights.pt,body_norm,blocks.0.ln1.weight,[512],torch.float32,0.002,0.01,2e-05,512,465.32182490538514,465.02028636292584,7.274372855547995e-05,-0.15080564309391775,1.8612872996215408e-07,6.689763156168539e-05,21.57131949847726,21.564329026494793,0.00852899340810391,0.953326643532179,0.953017705398273,0.0003769318172228524,0.000395385799589403,-0.0003240889101313513,-0.8196776679079232,-0.00032406325366229893,0.0004314263899695452,0.008179097233905792,3.817480170334673e-17
M,200,logs/muon_spectra/soaudit_traj_20260926/M_lr0.007_s260925_l40s/scientific/kept/step000200.pt,logs/muon_spectra/soaudit_traj_20260926/M_lr0.007_s260925_l40s/scientific/kept/step000201_weights.pt,body_norm,blocks.0.ln2.weight,[512],torch.float32,0.002,0.01,2e-05,512,517.382768960816,517.265034565648,3.956894075329842e-05,-0.05888698205435006,2.0695310758432642e-07,3.742041457870874e-05,22.74604952427599,22.743461358501435,0.006290384785790009,1.0052428664887871,1.0051284846406607,0.0002779983586440502,0.0002765484520323638,-0.00011381705303527391,-0.41156279197669915,-0.00011378528705796587,0.0004549209904855198,0.006117222783151579,7.5533730172922e-17
M,200,logs/muon_spectra/soaudit_traj_20260926/M_lr0.007_s260925_l40s/scientific/kept/step000200.pt,logs/muon_spectra/soaudit_traj_20260926/M_lr0.007_s260925_l40s/scientific/kept/step000201_weights.pt,qk_norm,blocks.0.attn.q_norm.weight,[64],torch.float32,0.002,0.01,2e-05,64,65.0794031298616,65.09189918256646,2.028346383298185e-06,0.006247012179240841,2.6031761251944647e-08,2.3042586317197634e-06,8.067180618398327,8.067955080599202,0.0014242002609528568,1.0083975772997908,1.0084943850749002,0.0001780250326191071,0.0001765425033009389,9.599061882567277e-05,0.5437252617974081,9.600159430034338e-05,0.00016134361236796655,0.0015179784687932051,5.457996653064353e-17
M,200,logs/muon_spectra/soaudit_traj_20260926/M_lr0.007_s260925_l40s/scientific/kept/step000200.pt,logs/muon_spectra/soaudit_traj_20260926/M_lr0.007_s260925_l40s/scientific/kept/step000201_weights.pt,qk_norm,blocks.0.attn.k_norm.weight,[64],torch.float32,0.002,0.01,2e-05,64,65.08008890031539,65.0926024976224,2.0275663104030173e-06,0.0062557848703512775,2.6032035560126158e-08,2.3038297407771944e-06,8.067223122011402,8.06799866742815,0.0014239263711312525,1.0084028902514253,1.0084998334285187,0.00017799079639140657,0.00017650762221340727,9.612440572927615e-05,0.5445906784300597,9.613536219554852e-05,0.00016134446244022804,0.0015178371917887617,1.0915875360584236e-16
M,200,logs/muon_spectra/soaudit_traj_20260926/M_lr0.007_s260925_l40s/scientific/kept/step000200.pt,logs/muon_spectra/soaudit_traj_20260926/M_lr0.007_s260925_l40s/scientific/kept/step000201_weights.pt,body_norm,blocks.1.ln1.weight,[512],torch.float32,0.002,0.01,2e-05,512,496.6646972055471,496.6692208377702,2.4127099390369722e-05,0.0022497525618589975,1.9866587888221888e-07,2.44157553717263e-05,22.28597534786277,22.286076838191377,0.00491193438376061,0.9849102683643745,0.9849147536455984,0.0002170788819687808,0.00022040473019870163,4.529721106648187e-06,0.0205518325426342,4.553999859657765e-06,0.00044571950695725544,0.004941230147617727,5.007154602746483e-17
M,200,logs/muon_spectra/soaudit_traj_20260926/M_lr0.007_s260925_l40s/scientific/kept/step000200.pt,logs/muon_spectra/soaudit_traj_20260926/M_lr0.007_s260925_l40s/scientific/kept/step000201_weights.pt,body_norm,blocks.1.ln2.weight,[512],torch.float32,0.002,0.01,2e-05,512,517.5470838015597,517.4945205884458,2.7073662767662654e-05,-0.026295143388342268,2.070188335206239e-07,2.6228875865649587e-05,22.749661179928804,22.74850589793637,0.005203235797814919,1.0054024806265007,1.0053514238933112,0.0002299527072967203,0.00022871706776914742,-5.0807248676189e-05,-0.22214017157421162,-5.0782382352787536e-05,0.0004549932235985761,0.0051214134636494235,3.432261324616698e-17
M,200,logs/muon_spectra/soaudit_traj_20260926/M_lr0.007_s260925_l40s/scientific/kept/step000200.pt,logs/muon_spectra/soaudit_traj_20260926/M_lr0.007_s260925_l40s/scientific/kept/step000201_weights.pt,qk_norm,blocks.1.attn.q_norm.weight,[64],torch.float32,0.002,0.01,2e-05,64,87.81941375560639,88.05506962651695,0.000160690733764568,0.11774759008839908,3.5127765502242564e-08,0.0001654357651336062,9.371201297358114,9.383766281537332,0.012676384885469832,1.1714001621697643,1.1729707851921665,0.001584548110683729,0.001352695826632547,0.0013407922582594337,0.9912001145129969,0.0013408082678536548,0.0001874240259471623,0.012862183528997173,0.0
M,200,logs/muon_spectra/soaudit_traj_20260926/M_lr0.007_s260925_l40s/scientific/kept/step000200.pt,logs/muon_spectra/soaudit_traj_20260926/M_lr0.007_s260925_l40s/scientific/kept/step000201_weights.pt,qk_norm,blocks.1.attn.k_norm.weight,[64],torch.float32,0.002,0.01,2e-05,64,87.8196007124282,88.05525535966214,0.0001606876743238672,0.11774697977980964,3.512784028497128e-08,0.00016543268135534457,9.37121127242515,9.383776178045922,0.012676264210084422,1.1714014090531437,1.1729720222557403,0.0015845330262605527,0.0013526815095274195,0.0013407824543108645,0.9912033578246279,0.0013407984576918608,0.00018742422544850302,0.01286206365072668,0.0
M,200,logs/muon_spectra/soaudit_traj_20260926/M_lr0.007_s260925_l40s/scientific/kept/step000200.pt,logs/muon_spectra/soaudit_traj_20260926/M_lr0.007_s260925_l40s/scientific/kept/step000201_weights.pt,body_norm,blocks.2.ln1.weight,[512],torch.float32,0.002,0.01,2e-05,512,501.89774462115133,501.9632435965475,2.673591527724284e-05,0.032736119740462755,2.0075909784846055e-07,2.8246119164709808e-05,22.40307444573515,22.404536228106743,0.005170678415570131,0.9900853662503988,0.990149968514622,0.00022851386068653456,0.00023080217976753932,6.522467990999449e-05,0.2825999302766025,6.524918600492313e-05,0.000448061488914703,0.005314707815553909,7.077637106146344e-17
M,200,logs/muon_spectra/soaudit_traj_20260926/M_lr0.007_s260925_l40s/scientific/kept/step000200.pt,logs/muon_spectra/soaudit_traj_20260926/M_lr0.007_s260925_l40s/scientific/kept/step000201_weights.pt,body_norm,blocks.2.ln2.weight,[512],torch.float32,0.002,0.01,2e-05,512,521.1075859285347,521.1341575469714,2.7123006340445954e-05,0.01327224771514679,2.0844303437141392e-07,2.786233928342324e-05,22.827781011927872,22.828363006290473,0.0052079752630409025,1.0088549220609817,1.008880642821007,0.00023016216404675097,0.00022814198455468158,2.5469304369265048e-05,0.11163795396528826,2.5495003754372192e-05,0.0004565556202385575,0.005278478879698511,1.636145454225514e-16
M,200,logs/muon_spectra/soaudit_traj_20260926/M_lr0.007_s260925_l40s/scientific/kept/step000200.pt,logs/muon_spectra/soaudit_traj_20260926/M_lr0.007_s260925_l40s/scientific/kept/step000201_weights.pt,qk_norm,blocks.2.attn.q_norm.weight,[64],torch.float32,0.002,0.01,2e-05,64,86.98311870749554,87.2322083527845,0.00018002918494630649,0.12445480805200759,3.479324748299822e-08,0.0001850421705158698,9.326474076921864,9.339818432538424,0.013417495479645465,1.165809259615233,1.167477304067303,0.0016771869349556832,0.0014386460916507274,0.0014307926630053452,0.9945410975701668,0.0014308039143731133,0.0001865294815384373,0.013603020639397332,0.0
M,200,logs/muon_spectra/soaudit_traj_20260926/M_lr0.007_s260925_l40s/scientific/kept/step000200.pt,logs/muon_spectra/soaudit_traj_20260926/M_lr0.007_s260925_l40s/scientific/kept/step000201_weights.pt,qk_norm,blocks.2.attn.k_norm.weight,[64],torch.float32,0.002,0.01,2e-05,64,86.98333244278942,87.23243061869306,0.0001800402412470703,0.12445906783119653,3.479333297711577e-08,0.00018505339729329529,9.326485535440959,9.339830331365397,0.013417907483921266,1.1658106919301199,1.1674787914206746,0.0016772384354901582,0.0014386884998569681,0.0014308381196254537,0.9945433773660559,0.0014308493669696887,0.0001865297107088192,0.0136034332906548,0.0
M,200,logs/muon_spectra/soaudit_traj_20260926/M_lr0.007_s260925_l40s/scientific/kept/step000200.pt,logs/muon_spectra/soaudit_traj_20260926/M_lr0.007_s260925_l40s/scientific/kept/step000201_weights.pt,body_norm,blocks.3.ln1.weight,[512],torch.float32,0.002,0.01,2e-05,512,503.62797433392075,503.65749857630226,2.273971056254709e-05,0.014750751335490975,2.0145118973356832e-07,2.35311918057003e-05,22.441657120941866,22.442314911263104,0.004768617258970056,0.9917904957050854,0.991819566204882,0.00021074510004380834,0.00021248953378403274,2.9288983311540148e-05,0.13783729857164867,2.9311129641218514e-05,0.00044883314241883735,0.004850895979682547,6.34844575918897e-17
M,200,logs/muon_spectra/soaudit_traj_20260926/M_lr0.007_s260925_l40s/scientific/kept/step000200.pt,logs/muon_spectra/soaudit_traj_20260926/M_lr0.007_s260925_l40s/scientific/kept/step000201_weights.pt,body_norm,blocks.3.ln2.weight,[512],torch.float32,0.002,0.01,2e-05,512,525.8500248951448,525.9603006919668,3.12023079764856e-05,0.05512229725707485,2.1034000995805795e-07,3.361753987672665e-05,22.931420036603594,22.9338243799844,0.005585902610723319,1.0134351631324667,1.013541421101771,0.0002468643509431312,0.00024359165728973564,0.00010482513007024448,0.43033136371153363,0.00010484930182985686,0.0004586284007320719,0.0057980634591841655,1.1483021144400027e-16
M,200,logs/muon_spectra/soaudit_traj_20260926/M_lr0.007_s260925_l40s/scientific/kept/step000200.pt,logs/muon_spectra/soaudit_traj_20260926/M_lr0.007_s260925_l40s/scientific/kept/step000201_weights.pt,qk_norm,blocks.3.attn.q_norm.weight,[64],torch.float32,0.002,0.01,2e-05,64,84.86657737333026,85.08996440807908,0.00014957638681778462,0.11161872918100357,3.394663094933211e-08,0.0001540750826159741,9.21230575769879,9.224422172043031,0.012230142551000156,1.1515382197123487,1.1530527715053789,0.0015287678188750195,0.0013275875630570924,0.0013152260010438493,0.9906887030601751,0.0013152423142399616,0.0001842461151539758,0.012412698442158905,0.0
M,200,logs/muon_spectra/soaudit_traj_20260926/M_lr0.007_s260925_l40s/scientific/kept/step000200.pt,logs/muon_spectra/soaudit_traj_20260926/M_lr0.007_s260925_l40s/scientific/kept/step000201_weights.pt,qk_norm,blocks.3.attn.k_norm.weight,[64],torch.float32,0.002,0.01,2e-05,64,84.86641775415991,85.08979723145451,0.00014956597388504633,0.1116149556603574,3.394656710166397e-08,0.0001540645186785623,9.212297094327772,9.224413110407323,0.012229716835848913,1.1515371367909715,1.1530516388009153,0.001528714604481114,0.0013275425999210377,0.0013151840105197128,0.9906906268755067,0.001315200319257137,0.00018424594188655544,0.012412272905417536,0.0
M,200,logs/muon_spectra/soaudit_traj_20260926/M_lr0.007_s260925_l40s/scientific/kept/step000200.pt,logs/muon_spectra/soaudit_traj_20260926/M_lr0.007_s260925_l40s/scientific/kept/step000201_weights.pt,body_norm,blocks.4.ln1.weight,[512],torch.float32,0.002,0.01,2e-05,512,502.01700628720965,502.03220747523955,2.1958202658822756e-05,0.007589614913612763,2.0080680251488388e-07,2.246259405788215e-05,22.405736013066154,22.406075235864925,0.004685958029989466,0.9902029920196699,0.9902179836910039,0.00020709204371006915,0.0002091409997536701,1.511824264628728e-05,0.07228732130043278,1.5139998015278877e-05,0.00044811472026132313,0.00473947191761721,1.4153329710328286e-17
M,200,logs/muon_spectra/soaudit_traj_20260926/M_lr0.007_s260925_l40s/scientific/kept/step000200.pt,logs/muon_spectra/soaudit_traj_20260926/M_lr0.007_s260925_l40s/scientific/kept/step000201_weights.pt,body_norm,blocks.4.ln2.weight,[512],torch.float32,0.002,0.01,2e-05,512,528.8060123407463,528.9760214450225,4.298662035040479e-05,0.08498305882793744,2.1152240493629856e-07,4.6597465108458584e-05,22.995782490290395,22.999478721158496,0.006556418256213128,1.0162796085984507,1.01644296046793,0.0002897554880789739,0.00028511394465404567,0.0001607074368382502,0.5636603885974464,0.00016073516392256515,0.00045991564980580793,0.006826233596095184,1.343241861548063e-17
M,200,logs/muon_spectra/soaudit_traj_20260926/M_lr0.007_s260925_l40s/scientific/kept/step000200.pt,logs/muon_spectra/soaudit_traj_20260926/M_lr0.007_s260925_l40s/scientific/kept/step000201_weights.pt,qk_norm,blocks.4.attn.q_norm.weight,[64],torch.float32,0.002,0.01,2e-05,64,82.76511106182153,82.9721047008172,0.00013135517033902033,0.10343114191266523,3.310604442472862e-08,0.00013552552205995167,9.097533240490058,9.108902497052934,0.01146102832816586,1.1371916550612573,1.1386128121316168,0.0014326285410207326,0.0012597951582256036,0.0012496949570382039,0.9919826639105157,0.0012497076143977992,0.00018195066480980118,0.011641542941549959,0.0
M,200,logs/muon_spectra/soaudit_traj_20260926/M_lr0.007_s260925_l40s/scientific/kept/step000200.pt,logs/muon_spectra/soaudit_traj_20260926/M_lr0.007_s260925_l40s/scientific/kept/step000201_weights.pt,qk_norm,blocks.4.attn.k_norm.weight,[64],torch.float32,0.002,0.01,2e-05,64,82.76515838035318,82.97214985525763,0.00013135236329731015,0.10343006127057208,3.310606335214128e-08,0.00013552267181148517,9.097535841113965,9.108904975641014,0.01146090586722141,1.1371919801392456,1.1386131219551268,0.0014326132334026762,0.0012597813372085664,0.001249681185834888,0.9919826154941632,0.001249693842993116,0.00018195071682227933,0.011641420523779955,0.0
M,200,logs/muon_spectra/soaudit_traj_20260926/M_lr0.007_s260925_l40s/scientific/kept/step000200.pt,logs/muon_spectra/soaudit_traj_20260926/M_lr0.007_s260925_l40s/scientific/kept/step000201_weights.pt,body_norm,blocks.5.ln1.weight,[512],torch.float32,0.002,0.01,2e-05,512,499.49084804225197,499.4347307781711,2.3512156214877677e-05,-0.028070388118532463,1.9979633921690082e-07,2.258913702935328e-05,22.349291891293827,22.348036396474996,0.0048489335131426245,0.9877084906907115,0.9876530051344528,0.0002142946105416162,0.00021696139352994572,-5.6198002883444195e-05,-0.2590230546048164,-5.6176044634259625e-05,0.00044698583782587655,0.004752803070752383,7.112670217533148e-18
M,200,logs/muon_spectra/soaudit_traj_20260926/M_lr0.007_s260925_l40s/scientific/kept/step000200.pt,logs/muon_spectra/soaudit_traj_20260926/M_lr0.007_s260925_l40s/scientific/kept/step000201_weights.pt,body_norm,blocks.5.ln2.weight,[512],torch.float32,0.002,0.01,2e-05,512,529.7207734788747,529.9056581767787,4.294168521923325e-05,0.09242087810943644,2.118883093915499e-07,4.685040865300226e-05,23.015663654973643,23.01967980178653,0.006552990555405467,1.0171582402462889,1.017335730536641,0.0002896040036736629,0.00028471873127974644,0.00017447093400259524,0.612783476585428,0.0001744962419114593,0.0004603132730994729,0.006844735835151146,4.6930987370788004e-17
M,200,logs/muon_spectra/soaudit_traj_20260926/M_lr0.007_s260925_l40s/scientific/kept/step000200.pt,logs/muon_spectra/soaudit_traj_20260926/M_lr0.007_s260925_l40s/scientific/kept/step000201_weights.pt,qk_norm,blocks.5.attn.q_norm.weight,[64],torch.float32,0.002,0.01,2e-05,64,78.85667354195586,79.00215158412773,7.21569259098942e-05,0.07270294262298194,3.154266941678235e-08,7.509658628423026e-05,8.880128013827045,8.888315452554986,0.008494523289148967,1.1100160017283807,1.1110394315693732,0.001061815411143621,0.0009565766705077155,0.0009219630927533379,0.9638151558348104,0.0009219955742971742,0.0001776025602765409,0.00866582865536991,0.0
M,200,logs/muon_spectra/soaudit_traj_20260926/M_lr0.007_s260925_l40s/scientific/kept/step000200.pt,logs/muon_spectra/soaudit_traj_20260926/M_lr0.007_s260925_l40s/scientific/kept/step000201_weights.pt,qk_norm,blocks.5.attn.k_norm.weight,[64],torch.float32,0.002,0.01,2e-05,64,78.85673652455827,79.00222088028687,7.216132476628445e-05,0.07270609720191601,3.154269460982331e-08,7.510111134897092e-05,8.880131560092918,8.888319350714559,0.008494782208290242,1.1100164450116148,1.1110399188393199,0.0010618477760362803,0.000956605445629384,0.0009220023603091059,0.9638272126942456,0.0009220348331815398,0.00017760263120185834,0.008666089738109738,0.0
M,200,logs/muon_spectra/soaudit_traj_20260926/M_lr0.007_s260925_l40s/scientific/kept/step000200.pt,logs/muon_spectra/soaudit_traj_20260926/M_lr0.007_s260925_l40s/scientific/kept/step000201_weights.pt,body_norm,blocks.6.ln1.weight,[512],torch.float32,0.002,0.01,2e-05,512,497.69544644440543,497.6093750725337,2.64108473793101e-05,-0.04304889135957879,1.990781785777622e-07,2.4887969903504706e-05,22.309088875263495,22.30715972670061,0.005139148507224723,0.9859317516120116,0.9858464944850909,0.00022712042243645778,0.0002303612010315246,-8.649645414103166e-05,-0.37548186827344565,-8.647365984648658e-05,0.00044618177750526994,0.0049887844114077234,4.996830075354421e-17
M,200,logs/muon_spectra/soaudit_traj_20260926/M_lr0.007_s260925_l40s/scientific/kept/step000200.pt,logs/muon_spectra/soaudit_traj_20260926/M_lr0.007_s260925_l40s/scientific/kept/step000201_weights.pt,body_norm,blocks.6.ln2.weight,[512],torch.float32,0.002,0.01,2e-05,512,528.764260407092,528.9611103381153,4.252425684114769e-05,0.09840370338316973,2.1150570416283684e-07,4.667191068063731e-05,22.994874655172445,22.99915455702916,0.006521062554610843,1.0162394875754444,1.0164286343020505,0.00028819297205668736,0.0002835876538750343,0.00018610127565620526,0.6562389903553861,0.00018612416553254185,0.00045989749310344893,0.0068316843223788755,1.8805916174598988e-16
M,200,logs/muon_spectra/soaudit_traj_20260926/M_lr0.007_s260925_l40s/scientific/kept/step000200.pt,logs/muon_spectra/soaudit_traj_20260926/M_lr0.007_s260925_l40s/scientific/kept/step000201_weights.pt,qk_norm,blocks.6.attn.q_norm.weight,[64],torch.float32,0.002,0.01,2e-05,64,75.43054599752632,75.54729264190405,4.820346116218843e-05,0.0583492204582825,3.017221839901054e-08,5.056760219891874e-05,8.685076050186684,8.691794558197062,0.0069428712477035345,1.0856345062733355,1.0864743197746327,0.0008678589059629418,0.0007994024701204889,0.000773548960658405,0.9676589572481716,0.0007735692780990178,0.00017370152100373368,0.007111090085135945,0.0
M,200,logs/muon_spectra/soaudit_traj_20260926/M_lr0.007_s260925_l40s/scientific/kept/step000200.pt,logs/muon_spectra/soaudit_traj_20260926/M_lr0.007_s260925_l40s/scientific/kept/step000201_weights.pt,qk_norm,blocks.6.attn.k_norm.weight,[64],torch.float32,0.002,0.01,2e-05,64,75.43041977323304,75.54716700399877,4.820304678787579e-05,0.058349513859468516,3.017216790929322e-08,5.056719951016382e-05,8.685068783448582,8.691787330808248,0.006942841405928541,1.0856335979310727,1.086473416351031,0.0008678551757410676,0.0007993997029890816,0.0007735541447984121,0.96766879185215,0.000773574456021553,0.00017370137566897166,0.007111061770942777,0.0
M,200,logs/muon_spectra/soaudit_traj_20260926/M_lr0.007_s260925_l40s/scientific/kept/step000200.pt,logs/muon_spectra/soaudit_traj_20260926/M_lr0.007_s260925_l40s/scientific/kept/step000201_weights.pt,body_norm,blocks.7.ln1.weight,[512],torch.float32,0.002,0.01,2e-05,512,498.64281771045864,498.54693509174524,2.8072458626127172e-05,-0.04795534558599002,1.994571270841835e-07,2.6353701929771757e-05,22.330311634871077,22.328164615385322,0.005298344894976843,0.9868696739391375,0.9867747881867802,0.0002341559752689532,0.00023727142646334288,-9.617173632657377e-05,-0.4053237162184456,-9.614820970083038e-05,0.0004466062326974216,0.005133585679597815,9.974673200264125e-17
M,200,logs/muon_spectra/soaudit_traj_20260926/M_lr0.007_s260925_l40s/scientific/kept/step000200.pt,logs/muon_spectra/soaudit_traj_20260926/M_lr0.007_s260925_l40s/scientific/kept/step000201_weights.pt,body_norm,blocks.7.ln2.weight,[512],torch.float32,0.002,0.01,2e-05,512,528.2701734402434,528.4690118342573,4.177677918804079e-05,0.09939830861732446,2.113080693760974e-07,4.596401960210986e-05,22.984128729195792,22.988453880899804,0.006463495895259839,1.0157645802549307,1.0159557267611536,0.000285648861106853,0.00028121561497562996,0.00018815809336729126,0.6690883555082705,0.00018817992863562338,0.0004596825745839159,0.006779676954111446,1.815116254303625e-16
M,200,logs/muon_spectra/soaudit_traj_20260926/M_lr0.007_s260925_l40s/scientific/kept/step000200.pt,logs/muon_spectra/soaudit_traj_20260926/M_lr0.007_s260925_l40s/scientific/kept/step000201_weights.pt,qk_norm,blocks.7.attn.q_norm.weight,[64],torch.float32,0.002,0.01,2e-05,64,74.41706935086131,74.49780141496063,2.4974964730972715e-05,0.040353544567295785,2.976682774034453e-08,2.6618873341404893e-05,8.62653286963316,8.631210889264647,0.004997495846018555,1.078316608704145,1.0789013611580809,0.0006246869807523194,0.0005793168497172923,0.0005422619423110718,0.9360368899604709,0.0005422827110479478,0.0001725306573926632,0.005159348150823405,0.0
M,200,logs/muon_spectra/soaudit_traj_20260926/M_lr0.007_s260925_l40s/scientific/kept/step000200.pt,logs/muon_spectra/soaudit_traj_20260926/M_lr0.007_s260925_l40s/scientific/kept/step000201_weights.pt,qk_norm,blocks.7.attn.k_norm.weight,[64],torch.float32,0.002,0.01,2e-05,64,74.41697913884651,74.49772096519938,2.4978589294732956e-05,0.04035842388178423,2.976679165553861e-08,2.6622693041659865e-05,8.626527640878832,8.63120622886508,0.004997858470858589,1.078315955109854,1.078900778608135,0.0006247323088573236,0.0005793592368701238,0.0005423281668889549,0.9360827141011473,0.0005423489242737389,0.00017253055281757666,0.005159718310301432,0.0
M,200,logs/muon_spectra/soaudit_traj_20260926/M_lr0.007_s260925_l40s/scientific/kept/step000200.pt,logs/muon_spectra/soaudit_traj_20260926/M_lr0.007_s260925_l40s/scientific/kept/step000201_weights.pt,final_norm,norm.weight,[512],torch.float32,0.002,0.01,2e-05,512,711.6075934316561,712.8810909481687,0.0006074514339502457,0.6364450325392852,2.846430373726625e-07,0.0006331938782891899,26.675974085900897,26.699833163302138,0.02464652985615309,1.1789226356810711,1.1799770678950257,0.0010892330246251595,0.0009239223946157441,0.0008943763928517021,0.9680211217563028,0.0008944032305779892,0.000533519481718018,0.02516334394092307,0.0
M,200,logs/muon_spectra/soaudit_traj_20260926/M_lr0.007_s260925_l40s/scientific/kept/step000200.pt,logs/muon_spectra/soaudit_traj_20260926/M_lr0.007_s260925_l40s/scientific/kept/step000201_weights.pt,head,head.weight,"[50304, 512]",torch.float32,0.002,0.01,2e-05,25755648,49908.07605692543,50066.652669880496,4.968723918703271,76.80394451818078,1.9963230422770174e-05,4.97181603971442,223.40115500356177,223.75578801425561,2.2290634622422196,0.044019912365325896,0.04408979075987737,0.0004392241314199473,0.009977851109170321,0.0015389081404496095,0.15423242175213944,0.0015874269346916048,0.004468023100071236,2.229756946331689,7.152735797704474e-17
M,500,logs/muon_spectra/soaudit_traj_20260926/M_lr0.007_s260925_l40s/scientific/kept/step000500.pt,logs/muon_spectra/soaudit_traj_20260926/M_lr0.007_s260925_l40s/scientific/kept/step000501_weights.pt,token_embedding,embed.weight,"[50304, 512]",torch.float32,0.002,0.01,2e-05,25755648,62005.5431125711,62107.29564583473,4.628494891157957,48.56201918623593,2.4802217245028442e-05,4.630462174142652,249.009122548896,249.21335366676226,2.1513937090077113,0.04906581504734985,0.04910605761418261,0.00042391975337962326,0.008639818842722354,0.0007831883529843704,0.0906487007703963,0.0008201752440863963,0.00498018245097792,2.1518508717247697,9.953294112762504e-17
M,500,logs/muon_spectra/soaudit_traj_20260926/M_lr0.007_s260925_l40s/scientific/kept/step000500.pt,logs/muon_spectra/soaudit_traj_20260926/M_lr0.007_s260925_l40s/scientific/kept/step000501_weights.pt,position_embedding,position.weight,"[512, 512]",torch.float32,0.002,0.01,2e-05,262144,289.95283996769757,290.2587791151996,0.029465877630796715,0.13823663493560898,1.1598113598707904e-07,0.029471523077330128,17.028001643401893,17.036982688117035,0.17165627757468327,0.03325781570976932,0.033275356812728585,0.00033526616713805326,0.010080823408964,0.00047675558187672637,0.04729331747372829,0.0005274279920348679,0.0003405600328680379,0.1716727208304515,1.0365593095601294e-16
M,500,logs/muon_spectra/soaudit_traj_20260926/M_lr0.007_s260925_l40s/scientific/kept/step000500.pt,logs/muon_spectra/soaudit_traj_20260926/M_lr0.007_s260925_l40s/scientific/kept/step000501_weights.pt,body_norm,blocks.0.ln1.weight,[512],torch.float32,0.002,0.01,2e-05,512,382.51392577257985,382.2447205268583,7.309216495698934e-05,-0.13463916894322736,1.5300557030903197e-07,6.785960376956927e-05,19.557963231701297,19.55107977905206,0.008549395590156612,0.8643480267083219,0.8640438182054312,0.00037783347480288164,0.0004371311822643672,-0.0003519850124967106,-0.8052159781267627,-0.000351951405557438,0.000391159264634026,0.008237694080843818,1.0216582412751183e-16
M,500,logs/muon_spectra/soaudit_traj_20260926/M_lr0.007_s260925_l40s/scientific/kept/step000500.pt,logs/muon_spectra/soaudit_traj_20260926/M_lr0.007_s260925_l40s/scientific/kept/step000501_weights.pt,body_norm,blocks.0.ln2.weight,[512],torch.float32,0.002,0.01,2e-05,512,482.7869284816696,482.68867370054653,3.728583210715897e-05,-0.049146033477590834,1.9311477139266786e-07,3.5513105539448e-05,21.97241289621305,21.970176915549555,0.006106212582866647,0.9710526348714373,0.9709538175533273,0.0002698590202944768,0.00027790359719296253,-0.00010179652881686669,-0.36630158747525754,-0.00010176309147558182,0.00043944825792426105,0.005959287334862114,5.887008896406589e-17
M,500,logs/muon_spectra/soaudit_traj_20260926/M_lr0.007_s260925_l40s/scientific/kept/step000500.pt,logs/muon_spectra/soaudit_traj_20260926/M_lr0.007_s260925_l40s/scientific/kept/step000501_weights.pt,qk_norm,blocks.0.attn.q_norm.weight,[64],torch.float32,0.002,0.01,2e-05,64,70.62529286814461,70.62810142914412,1.592882256318262e-06,0.0014034840586276687,2.8250117147257848e-08,1.6772717358106267e-06,8.403885581571457,8.404052678865366,0.0012620943927924972,1.050485697696432,1.0505065848581707,0.00015776179909906214,0.00015017986389059048,1.98722582467436e-05,0.13232305404951625,1.988333756886007e-05,0.00016807771163142914,0.0012950952612879975,0.0
M,500,logs/muon_spectra/soaudit_traj_20260926/M_lr0.007_s260925_l40s/scientific/kept/step000500.pt,logs/muon_spectra/soaudit_traj_20260926/M_lr0.007_s260925_l40s/scientific/kept/step000501_weights.pt,qk_norm,blocks.0.attn.k_norm.weight,[64],torch.float32,0.002,0.01,2e-05,64,70.63262217658814,70.63545609426188,1.5934134012240975e-06,0.001416162130169596,2.8253048870635263e-08,1.6783129353015165e-06,8.404321636907296,8.404490234051194,0.001262304797275245,1.050540204613412,1.0505612792563992,0.00015778809965940563,0.00015019710713258235,2.0049689315357124e-05,0.13348918430005988,2.0060767683682812e-05,0.00016808643273814595,0.0012954971768790221,0.0
M,500,logs/muon_spectra/soaudit_traj_20260926/M_lr0.007_s260925_l40s/scientific/kept/step000500.pt,logs/muon_spectra/soaudit_traj_20260926/M_lr0.007_s260925_l40s/scientific/kept/step000501_weights.pt,body_norm,blocks.1.ln1.weight,[512],torch.float32,0.002,0.01,2e-05,512,471.30296503759763,471.18279138827916,3.162872895501323e-05,-0.060102639023725146,1.8852118601503908e-07,2.941314458007926e-05,21.70951323815432,21.706745296987275,0.005623942474369135,0.9594340016848777,0.9593116748118062,0.00024854549128934165,0.00025905428706181653,-0.00012752442374074717,-0.49226911157164827,-0.0001274989971760121,0.0004341902647630864,0.0054233886620893455,4.5228406469079875e-17
M,500,logs/muon_spectra/soaudit_traj_20260926/M_lr0.007_s260925_l40s/scientific/kept/step000500.pt,logs/muon_spectra/soaudit_traj_20260926/M_lr0.007_s260925_l40s/scientific/kept/step000501_weights.pt,body_norm,blocks.1.ln2.weight,[512],torch.float32,0.002,0.01,2e-05,512,510.5314058825373,510.46834603695766,2.733529627718667e-05,-0.031543590437966174,2.0421256235301496e-07,2.6277765222021036e-05,22.594942042026513,22.59354655730166,0.005228316772842544,0.9985647961521228,0.9985031238576236,0.00023106114026677055,0.00023139323673049893,-6.178579823789274e-05,-0.26701643968036093,-6.176093402932015e-05,0.00045189884084053034,0.005126184275074496,4.8711980232858287e-17
M,500,logs/muon_spectra/soaudit_traj_20260926/M_lr0.007_s260925_l40s/scientific/kept/step000500.pt,logs/muon_spectra/soaudit_traj_20260926/M_lr0.007_s260925_l40s/scientific/kept/step000501_weights.pt,qk_norm,blocks.1.attn.q_norm.weight,[64],torch.float32,0.002,0.01,2e-05,64,121.69740574353845,121.75953577620069,1.0566864418137811e-05,0.031059732898910397,4.8678962297415386e-08,1.1857932696391642e-05,11.03165471466264,11.034470344162456,0.003250671379598038,1.37895683933283,1.379308793020307,0.00040633392244975475,0.0002946676145762097,0.0002552209943107971,0.8661318098286958,0.0002552318371669138,0.0002206330942932528,0.0034435349129044186,0.0
M,500,logs/muon_spectra/soaudit_traj_20260926/M_lr0.007_s260925_l40s/scientific/kept/step000500.pt,logs/muon_spectra/soaudit_traj_20260926/M_lr0.007_s260925_l40s/scientific/kept/step000501_weights.pt,qk_norm,blocks.1.attn.k_norm.weight,[64],torch.float32,0.002,0.01,2e-05,64,121.70182539698288,121.76396377775902,1.0566359634367473e-05,0.031063907208249475,4.868073015879316e-08,1.1857596652856247e-05,11.031855029730172,11.034670986384642,0.0032505937356685274,1.3789818787162715,1.3793338732980802,0.0004063242169585659,0.00029465522588072244,0.0002552460253321688,0.8662531762986392,0.0002552568581515313,0.00022063710059460343,0.003443486119161256,0.0
M,500,logs/muon_spectra/soaudit_traj_20260926/M_lr0.007_s260925_l40s/scientific/kept/step000500.pt,logs/muon_spectra/soaudit_traj_20260926/M_lr0.007_s260925_l40s/scientific/kept/step000501_weights.pt,body_norm,blocks.2.ln1.weight,[512],torch.float32,0.002,0.01,2e-05,512,489.66481751570313,489.6125244348018,2.087807087747251e-05,-0.026156979486117393,1.958659270062813e-07,2.0027657625034096e-05,22.128371325420748,22.12718970937796,0.004569252770144426,0.977945088801185,0.9778928682563967,0.0002019343511702838,0.00020648843527383039,-5.341813124092494e-05,-0.25869793225991367,-5.339823818983902e-05,0.000442567426508415,0.004475227103179692,4.3532394630576884e-17
M,500,logs/muon_spectra/soaudit_traj_20260926/M_lr0.007_s260925_l40s/scientific/kept/step000500.pt,logs/muon_spectra/soaudit_traj_20260926/M_lr0.007_s260925_l40s/scientific/kept/step000501_weights.pt,body_norm,blocks.2.ln2.weight,[512],torch.float32,0.002,0.01,2e-05,512,524.3272120983601,524.2524526946443,2.9720070596539472e-05,-0.03739456189319412,2.0973088483934405e-07,2.8434019005651056e-05,22.898192332548,22.896559844104186,0.005451611743011371,1.0119666922036563,1.0118945457256043,0.00024092947699247213,0.00023808044162780168,-7.131913246222889e-05,-0.29955897248260416,-7.129333268351967e-05,0.00045796384665096004,0.005332355858872423,2.0327270434329682e-17
M,500,logs/muon_spectra/soaudit_traj_20260926/M_lr0.007_s260925_l40s/scientific/kept/step000500.pt,logs/muon_spectra/soaudit_traj_20260926/M_lr0.007_s260925_l40s/scientific/kept/step000501_weights.pt,qk_norm,blocks.2.attn.q_norm.weight,[64],torch.float32,0.002,0.01,2e-05,64,124.23176257659392,124.3236590032038,2.0014183576222422e-05,0.045938206213151034,4.9692705030637574e-08,2.1901404529779102e-05,11.145930314540546,11.150051973116708,0.0044737214459801165,1.3932412893175683,1.3937564966395886,0.0005592151807475146,0.0004013771232845296,0.00036977826974666215,0.9212739050016373,0.0003697904490560511,0.00022291860629081094,0.0046798936451354425,0.0
M,500,logs/muon_spectra/soaudit_traj_20260926/M_lr0.007_s260925_l40s/scientific/kept/step000500.pt,logs/muon_spectra/soaudit_traj_20260926/M_lr0.007_s260925_l40s/scientific/kept/step000501_weights.pt,qk_norm,blocks.2.attn.k_norm.weight,[64],torch.float32,0.002,0.01,2e-05,64,124.23433871534215,124.32628113739017,2.003274130402133e-05,0.04596119465335846,4.9693735486136865e-08,2.1920882825641804e-05,11.14604587803864,11.150169556441291,0.004475795047142053,1.39325573475483,1.3937711945551614,0.0005594743808927566,0.00040155900093331165,0.00036995564292952244,0.9212983448750095,0.00036996782964759944,0.0002229209175607728,0.004681974244444517,0.0
M,500,logs/muon_spectra/soaudit_traj_20260926/M_lr0.007_s260925_l40s/scientific/kept/step000500.pt,logs/muon_spectra/soaudit_traj_20260926/M_lr0.007_s260925_l40s/scientific/kept/step000501_weights.pt,body_norm,blocks.3.ln1.weight,[512],torch.float32,0.002,0.01,2e-05,512,492.5184806667851,492.4876973600007,2.0444110568007545e-05,-0.015401875447487612,1.9700739226671406e-07,2.0025042942374756e-05,22.192757392149023,22.19206383732709,0.004521516401386546,0.9807905778260284,0.9807599267436713,0.0001998246817916639,0.00020373837831373274,-3.1271670103903775e-05,-0.15348934433820388,-3.125140376558644e-05,0.0004438551478429805,0.004474934965155891,7.213361159546215e-17
M,500,logs/muon_spectra/soaudit_traj_20260926/M_lr0.007_s260925_l40s/scientific/kept/step000500.pt,logs/muon_spectra/soaudit_traj_20260926/M_lr0.007_s260925_l40s/scientific/kept/step000501_weights.pt,body_norm,blocks.3.ln2.weight,[512],torch.float32,0.002,0.01,2e-05,512,543.1818829945511,543.1522025985416,2.9808735632741445e-05,-0.014855102372564488,2.1727275319782046e-07,2.9431804291036685e-05,23.30626274190161,23.305625985983333,0.005459737689004981,1.0300010268071254,1.0299728859053896,0.00024128859646219947,0.00023426053972991074,-2.7348302359917824e-05,-0.11674310317669755,-2.732123658455432e-05,0.0004661252548380322,0.005425108689329338,1.0464895947455273e-16
M,500,logs/muon_spectra/soaudit_traj_20260926/M_lr0.007_s260925_l40s/scientific/kept/step000500.pt,logs/muon_spectra/soaudit_traj_20260926/M_lr0.007_s260925_l40s/scientific/kept/step000501_weights.pt,qk_norm,blocks.3.attn.q_norm.weight,[64],torch.float32,0.002,0.01,2e-05,64,113.82848662388626,113.89097057402822,1.2160001759298211e-05,0.03123589507009683,4.5531394649554514e-08,1.345496895675164e-05,10.669043379042296,10.67197125998886,0.003487119407089211,1.333630422380287,1.3339964074986075,0.0004358899258861514,0.00032684461794757757,0.00027441193322113585,0.839579170507096,0.00027442769164442993,0.00021338086758084594,0.0036681015466793775,0.0
M,500,logs/muon_spectra/soaudit_traj_20260926/M_lr0.007_s260925_l40s/scientific/kept/step000500.pt,logs/muon_spectra/soaudit_traj_20260926/M_lr0.007_s260925_l40s/scientific/kept/step000501_weights.pt,qk_norm,blocks.3.attn.k_norm.weight,[64],torch.float32,0.002,0.01,2e-05,64,113.82898779828022,113.8914733545272,1.2157799488932142e-05,0.03123669922374006,4.5531595119312095e-08,1.3452799053001055e-05,10.669066866332791,10.67199481608416,0.0034868036206434313,1.333633358291599,1.33399935201052,0.0004358504525804289,0.00032681430010026054,0.0002744177895976336,0.8396749760137403,0.000274433536507912,0.00021338133732665585,0.0036678057545351354,0.0
M,500,logs/muon_spectra/soaudit_traj_20260926/M_lr0.007_s260925_l40s/scientific/kept/step000500.pt,logs/muon_spectra/soaudit_traj_20260926/M_lr0.007_s260925_l40s/scientific/kept/step000501_weights.pt,body_norm,blocks.4.ln1.weight,[512],torch.float32,0.002,0.01,2e-05,512,494.62629606535296,494.59112082635426,2.084129939916579e-05,-0.017598040149007232,1.978505184261412e-07,2.0335228311631642e-05,22.240195504207083,22.239404686869527,0.0045652272012645535,0.9828870659962122,0.9828521164773331,0.00020175644447946561,0.00020526920279999197,-3.557845648117761e-05,-0.17332583746546806,-3.555802094490357e-05,0.0004448039100841417,0.0045094598691674415,1.7956554812499775e-16
M,500,logs/muon_spectra/soaudit_traj_20260926/M_lr0.007_s260925_l40s/scientific/kept/step000500.pt,logs/muon_spectra/soaudit_traj_20260926/M_lr0.007_s260925_l40s/scientific/kept/step000501_weights.pt,body_norm,blocks.4.ln2.weight,[512],torch.float32,0.002,0.01,2e-05,512,560.6687002445169,560.6893761009542,3.505162722561295e-05,0.010320402405003648,2.2426748009780681e-07,3.5688710801910896e-05,23.678443788486543,23.678880381068574,0.005920441472188788,1.0464492606739575,1.046468555522418,0.00026164901953767245,0.0002500350751542024,1.8407309700903135e-05,0.07361891002512717,1.8438398482922835e-05,0.0004735688757697309,0.005974002912780584,5.70269822687837e-17
M,500,logs/muon_spectra/soaudit_traj_20260926/M_lr0.007_s260925_l40s/scientific/kept/step000500.pt,logs/muon_spectra/soaudit_traj_20260926/M_lr0.007_s260925_l40s/scientific/kept/step000501_weights.pt,qk_norm,blocks.4.attn.q_norm.weight,[64],torch.float32,0.002,0.01,2e-05,64,109.9199787717429,109.98195551074251,1.203272545069467e-05,0.030982353137076757,4.396799150869717e-08,1.3315987567686438e-05,10.484272925279221,10.487228209147663,0.0034688219110664458,1.3105341156599026,1.3109035261434578,0.0004336027388833057,0.0003308595584823602,0.00028186280131489055,0.8519107098122967,0.00028187780778932137,0.00020968545850558445,0.003649107776934855,0.0
M,500,logs/muon_spectra/soaudit_traj_20260926/M_lr0.007_s260925_l40s/scientific/kept/step000500.pt,logs/muon_spectra/soaudit_traj_20260926/M_lr0.007_s260925_l40s/scientific/kept/step000501_weights.pt,qk_norm,blocks.4.attn.k_norm.weight,[64],torch.float32,0.002,0.01,2e-05,64,109.92077021354183,109.98274191141954,1.202718499371258e-05,0.03097983534635773,4.396830808541674e-08,1.3310346715652307e-05,10.48431066944994,10.487265702337265,0.0034680232112419,1.3105388336812425,1.310908212792158,0.0004335029014052375,0.00033078218688686097,0.00028183786636659804,0.8520345941814467,0.00028185285427850815,0.0002096862133889988,0.003648334786673546,0.0
M,500,logs/muon_spectra/soaudit_traj_20260926/M_lr0.007_s260925_l40s/scientific/kept/step000500.pt,logs/muon_spectra/soaudit_traj_20260926/M_lr0.007_s260925_l40s/scientific/kept/step000501_weights.pt,body_norm,blocks.5.ln1.weight,[512],torch.float32,0.002,0.01,2e-05,512,482.68028762283797,482.64173612585336,2.857621520746534e-05,-0.019290036599926452,1.930721150491352e-07,2.7997685858517417e-05,21.96998606332826,21.96910867845697,0.005345672568299085,0.9709453829970847,0.9709066076975722,0.00023624758269044942,0.00024331706687888825,-3.996441763745594e-05,-0.16424831250061198,-3.993561346649077e-05,0.00043939972126656523,0.005291283951794443,7.360386926711537e-17
M,500,logs/muon_spectra/soaudit_traj_20260926/M_lr0.007_s260925_l40s/scientific/kept/step000500.pt,logs/muon_spectra/soaudit_traj_20260926/M_lr0.007_s260925_l40s/scientific/kept/step000501_weights.pt,body_norm,blocks.5.ln2.weight,[512],torch.float32,0.002,0.01,2e-05,512,571.4472033192317,571.5281998956445,4.1279746156419606e-05,0.04047764833334355,2.285788813276927e-07,4.312743097108104e-05,23.904961897464545,23.906655974762437,0.006424931607139457,1.056460041356451,1.0565349097030257,0.0002839445442542558,0.000268769790752978,7.083357499735847e-05,0.2635473830556369,7.086718251891888e-05,0.0004780992379492909,0.006567147856648352,4.972932120513657e-17
M,500,logs/muon_spectra/soaudit_traj_20260926/M_lr0.007_s260925_l40s/scientific/kept/step000500.pt,logs/muon_spectra/soaudit_traj_20260926/M_lr0.007_s260925_l40s/scientific/kept/step000501_weights.pt,qk_norm,blocks.5.attn.q_norm.weight,[64],torch.float32,0.002,0.01,2e-05,64,103.60344141314508,103.67637711009348,1.700046479413686e-05,0.036459348241805856,4.1441376565258035e-08,1.850028010037435e-05,10.178577573175197,10.182159746836302,0.0041231619898006505,1.2723221966468996,1.2727699683545377,0.0005153952487250813,0.0004050823369138439,0.0003519125209018389,0.8687431883179997,0.00035193263846067246,0.00020357155146350395,0.004301195194405196,0.0
M,500,logs/muon_spectra/soaudit_traj_20260926/M_lr0.007_s260925_l40s/scientific/kept/step000500.pt,logs/muon_spectra/soaudit_traj_20260926/M_lr0.007_s260925_l40s/scientific/kept/step000501_weights.pt,qk_norm,blocks.5.attn.k_norm.weight,[64],torch.float32,0.002,0.01,2e-05,64,103.6043086005331,103.6772539157707,1.700390981795863e-05,0.03646415566389294,4.144172344021325e-08,1.850391776795456e-05,10.17862017173905,10.182202802722538,0.004123579733430485,1.2723275214673813,1.2727753503403172,0.0005154474666788107,0.00040512168288582063,0.00035195597708670304,0.8687660817846133,0.00035197609528969664,0.00020357240343478103,0.004301618040685918,0.0
M,500,logs/muon_spectra/soaudit_traj_20260926/M_lr0.007_s260925_l40s/scientific/kept/step000500.pt,logs/muon_spectra/soaudit_traj_20260926/M_lr0.007_s260925_l40s/scientific/kept/step000501_weights.pt,body_norm,blocks.6.ln1.weight,[512],torch.float32,0.002,0.01,2e-05,512,485.1640280093817,485.1220796260652,3.0298703784126246e-05,-0.02098934101013228,1.9406561120375272e-07,2.965319575492471e-05,22.026439294842497,22.02548704628493,0.00550442583600926,0.9734402869235604,0.9733982030852834,0.0002432635521987862,0.0002499008469924653,-4.326236035315958e-05,-0.17311810213457968,-4.323206964240711e-05,0.00044052878589685,0.005445474796096729,0.0
M,500,logs/muon_spectra/soaudit_traj_20260926/M_lr0.007_s260925_l40s/scientific/kept/step000500.pt,logs/muon_spectra/soaudit_traj_20260926/M_lr0.007_s260925_l40s/scientific/kept/step000501_weights.pt,body_norm,blocks.6.ln2.weight,[512],torch.float32,0.002,0.01,2e-05,512,575.9660829367822,576.0604136437503,3.679973506365286e-05,0.04714695361650456,2.3038643317471292e-07,3.891599964148775e-05,23.999293384114086,24.0012585845774,0.006066278518470188,1.0606289434745324,1.0607157938854073,0.00026809416731103457,0.00025276904704559574,8.185717008909254e-05,0.3238417482118637,8.188576354561938e-05,0.0004799858676822818,0.0062382689619387005,3.7003553043979016e-17
M,500,logs/muon_spectra/soaudit_traj_20260926/M_lr0.007_s260925_l40s/scientific/kept/step000500.pt,logs/muon_spectra/soaudit_traj_20260926/M_lr0.007_s260925_l40s/scientific/kept/step000501_weights.pt,qk_norm,blocks.6.attn.q_norm.weight,[64],torch.float32,0.002,0.01,2e-05,64,96.76264137977213,96.81593211037602,1.1967922489475313e-05,0.026639381340700652,3.870505655190886e-08,1.3072202799655249e-05,9.836800362911312,9.839508733182567,0.003459468527024825,1.229600045363914,1.229938591647821,0.00043243356587810314,0.0003516863613567284,0.00027530647118392446,0.7828181625293992,0.0002753304094151865,0.00019673600725822628,0.0036155501378981386,0.0
M,500,logs/muon_spectra/soaudit_traj_20260926/M_lr0.007_s260925_l40s/scientific/kept/step000500.pt,logs/muon_spectra/soaudit_traj_20260926/M_lr0.007_s260925_l40s/scientific/kept/step000501_weights.pt,qk_norm,blocks.6.attn.k_norm.weight,[64],torch.float32,0.002,0.01,2e-05,64,96.76282812481571,96.81614124489009,1.1976854025874673e-05,0.026650571610176144,3.870513124992629e-08,1.3081582021531646e-05,9.836809855070683,9.839519360461164,0.00346075916900825,1.2296012318838354,1.2299399200576455,0.00043259489612603125,0.00035181722733252757,0.0002754215862293649,0.782854177771813,0.0002754455387876664,0.00019673619710141368,0.0036168469723685637,0.0
M,500,logs/muon_spectra/soaudit_traj_20260926/M_lr0.007_s260925_l40s/scientific/kept/step000500.pt,logs/muon_spectra/soaudit_traj_20260926/M_lr0.007_s260925_l40s/scientific/kept/step000501_weights.pt,body_norm,blocks.7.ln1.weight,[512],torch.float32,0.002,0.01,2e-05,512,477.3630968686209,477.2712781796738,3.114981531027183e-05,-0.045924919381228335,1.909452387474484e-07,2.9503763773770146e-05,21.848640618322708,21.846539272380735,0.0055812019592800825,0.9655826213077394,0.9654897540599151,0.000246656609536162,0.0002554484764878038,-9.620542451329814e-05,-0.37661381205337274,-9.617742259948603e-05,0.0004369728123664542,0.005431736718009273,6.698134673364677e-17
M,500,logs/muon_spectra/soaudit_traj_20260926/M_lr0.007_s260925_l40s/scientific/kept/step000500.pt,logs/muon_spectra/soaudit_traj_20260926/M_lr0.007_s260925_l40s/scientific/kept/step000501_weights.pt,body_norm,blocks.7.ln2.weight,[512],torch.float32,0.002,0.01,2e-05,512,579.2959708445842,579.3899990855408,4.3613114023344224e-05,0.046992313921311535,2.317183883378337e-07,4.572452496853452e-05,24.068568109561156,24.070521371286098,0.00660402256381247,1.0636904827325608,1.0637768055207573,0.0002918593211237979,0.00027438369136671014,8.111969750592106e-05,0.2956432909764512,8.115404772124357e-05,0.0004813713621912231,0.006761991198495789,4.90545392141086e-17
M,500,logs/muon_spectra/soaudit_traj_20260926/M_lr0.007_s260925_l40s/scientific/kept/step000500.pt,logs/muon_spectra/soaudit_traj_20260926/M_lr0.007_s260925_l40s/scientific/kept/step000501_weights.pt,qk_norm,blocks.7.attn.q_norm.weight,[64],torch.float32,0.002,0.01,2e-05,64,86.15622001111596,86.17477744112173,4.7051193377001255e-06,0.009276362443216613,3.446248800444639e-08,5.110636323433237e-06,9.282037492442916,9.283037080671484,0.0021691287047337984,1.1602546865553645,1.1603796350839355,0.0002711410880917248,0.00023369100873593982,0.0001076690973909924,0.460732734106401,0.00010769060450166457,0.00018564074984885832,0.002260671653167093,0.0
M,500,logs/muon_spectra/soaudit_traj_20260926/M_lr0.007_s260925_l40s/scientific/kept/step000500.pt,logs/muon_spectra/soaudit_traj_20260926/M_lr0.007_s260925_l40s/scientific/kept/step000501_weights.pt,qk_norm,blocks.7.attn.k_norm.weight,[64],torch.float32,0.002,0.01,2e-05,64,86.15657192078658,86.17513956557234,4.706582004132542e-06,0.00928146910187877,3.446262876831464e-08,5.1123033969760075e-06,9.282056448911877,9.283056585283337,0.0021694658338246636,1.1602570561139847,1.160382073160417,0.00027118322922808295,0.00023372685199291013,0.00010772792945397442,0.4609137911857994,0.00010774943860392128,0.00018564112897823758,0.0022610403351059458,0.0
M,500,logs/muon_spectra/soaudit_traj_20260926/M_lr0.007_s260925_l40s/scientific/kept/step000500.pt,logs/muon_spectra/soaudit_traj_20260926/M_lr0.007_s260925_l40s/scientific/kept/step000501_weights.pt,final_norm,norm.weight,[512],torch.float32,0.002,0.01,2e-05,512,900.8951505727377,901.2277812755445,6.638993334462384e-05,0.16628215643678246,3.603580602290952e-07,7.340157766232424e-05,30.014915468359025,30.020456047094697,0.008148001800725368,1.326484391526104,1.3267292528258348,0.00036009420790081927,0.00027146509239097435,0.00018457437175798953,0.6799193595475564,0.00018459418090022162,0.0006002983093671805,0.008567472069538612,1.2614661918290002e-16
M,500,logs/muon_spectra/soaudit_traj_20260926/M_lr0.007_s260925_l40s/scientific/kept/step000500.pt,logs/muon_spectra/soaudit_traj_20260926/M_lr0.007_s260925_l40s/scientific/kept/step000501_weights.pt,head,head.weight,"[50304, 512]",torch.float32,0.002,0.01,2e-05,25755648,84937.56054801901,85032.86439459425,4.6069703910753175,45.34843809208648,3.397502421920761e-05,4.608818303623218,291.4404922930563,291.60395126711546,2.1463854246326117,0.05742667234752316,0.0574588809979811,0.00042293289975619863,0.0073647467712699526,0.0005339032319682524,0.07249444530136749,0.0005608656943070223,0.005828809845861127,2.146815852285244,1.8617380780296803e-16
M,900,logs/muon_spectra/soaudit_traj_20260926/M_lr0.007_s260925_l40s/scientific/kept/step000900.pt,logs/muon_spectra/soaudit_traj_20260926/M_lr0.007_s260925_l40s/scientific/kept/step000901_weights.pt,token_embedding,embed.weight,"[50304, 512]",torch.float32,0.002,0.01,2e-05,25755648,102937.49781590779,103041.41518473648,4.663932702391664,49.62671806314486,4.117499912636312e-05,4.665958946113315,320.8387411393889,321.00064670454555,2.1596140169927738,0.06321942815439878,0.06325133071456926,0.00042553951777660084,0.006731151011637107,0.0004821053466045648,0.0716230174855801,0.0005046322167383543,0.006416774822787778,2.1600830877800314,1.5515326071502207e-16
M,900,logs/muon_spectra/soaudit_traj_20260926/M_lr0.007_s260925_l40s/scientific/kept/step000900.pt,logs/muon_spectra/soaudit_traj_20260926/M_lr0.007_s260925_l40s/scientific/kept/step000901_weights.pt,position_embedding,position.weight,"[512, 512]",torch.float32,0.002,0.01,2e-05,262144,433.01190267024145,433.2644490888272,0.03467357721531497,0.10893642068522974,1.732047610680966e-07,0.03467810787690345,20.808938047633315,20.81500538286808,0.1862084241255346,0.04064245712428382,0.04065430738841422,0.00036368832837018475,0.008948482796156568,0.0002515783515729124,0.028114078923073636,0.0002915735161916899,0.00041617876095266634,0.18622058929372834,1.183856737970356e-16
M,900,logs/muon_spectra/soaudit_traj_20260926/M_lr0.007_s260925_l40s/scientific/kept/step000900.pt,logs/muon_spectra/soaudit_traj_20260926/M_lr0.007_s260925_l40s/scientific/kept/step000901_weights.pt,body_norm,blocks.0.ln1.weight,[512],torch.float32,0.002,0.01,2e-05,512,295.26123499571906,295.0800235106187,5.501821834030807e-05,-0.09063325165936931,1.1810449399828765e-07,5.151099276793159e-05,17.183167199201637,17.177893453814956,0.007417426665650835,0.7593958780511083,0.7591628092307849,0.00032780704338972676,0.00043166818897016044,-0.0003069595358858517,-0.7111006641887865,-0.00030691346511069195,0.0003436633439840328,0.007177115908770847,2.406488395845131e-17
M,900,logs/muon_spectra/soaudit_traj_20260926/M_lr0.007_s260925_l40s/scientific/kept/step000900.pt,logs/muon_spectra/soaudit_traj_20260926/M_lr0.007_s260925_l40s/scientific/kept/step000901_weights.pt,body_norm,blocks.0.ln2.weight,[512],torch.float32,0.002,0.01,2e-05,512,448.0711726658147,448.02239337562736,4.0258114378133314e-05,-0.02440977415083978,1.792284690663259e-07,3.9460951881166044e-05,21.16769171794163,21.16653947568254,0.0063449282405818675,0.9354886472389279,0.9354377248442423,0.0002804088615660918,0.00029974587333979065,-5.4477448316107904e-05,-0.18174544893351205,-5.443400605231741e-05,0.00042335383435883263,0.006281795275330616,5.5502333711058825e-17
M,900,logs/muon_spectra/soaudit_traj_20260926/M_lr0.007_s260925_l40s/scientific/kept/step000900.pt,logs/muon_spectra/soaudit_traj_20260926/M_lr0.007_s260925_l40s/scientific/kept/step000901_weights.pt,qk_norm,blocks.0.attn.q_norm.weight,[64],torch.float32,0.002,0.01,2e-05,64,77.64364967332621,77.66972918499305,3.9448622146665e-06,0.013037783402310765,3.105745986933049e-08,4.497431010628261e-06,8.811563406872029,8.813043128510891,0.00198616772067882,1.1014454258590036,1.1016303910638614,0.0002482709650848525,0.00022540469028797233,0.00016791821941865493,0.7449632889365615,0.00016792952289357288,0.0001762312681374406,0.0021207147405127975,0.0
M,900,logs/muon_spectra/soaudit_traj_20260926/M_lr0.007_s260925_l40s/scientific/kept/step000900.pt,logs/muon_spectra/soaudit_traj_20260926/M_lr0.007_s260925_l40s/scientific/kept/step000901_weights.pt,qk_norm,blocks.0.attn.k_norm.weight,[64],torch.float32,0.002,0.01,2e-05,64,77.66086272913222,77.68696185403056,3.948863934510882e-06,0.013047588017201406,3.1064345091652896e-08,4.501831800290592e-06,8.812540083831234,8.814020754118438,0.0019871748625903264,1.1015675104789042,1.1017525942648048,0.0002483968578237908,0.00022549399420449567,0.00016800725048225586,0.7450630828326793,0.00016801855913484154,0.00017625080167662472,0.00212175205909894,0.0
M,900,logs/muon_spectra/soaudit_traj_20260926/M_lr0.007_s260925_l40s/scientific/kept/step000900.pt,logs/muon_spectra/soaudit_traj_20260926/M_lr0.007_s260925_l40s/scientific/kept/step000901_weights.pt,body_norm,blocks.1.ln1.weight,[512],torch.float32,0.002,0.01,2e-05,512,432.3817583908756,432.2728656643054,3.098869893491951e-05,-0.05446185763454281,1.7295270335635026e-07,2.898317733289415e-05,20.793791342390534,20.791172782320515,0.005566749404717219,0.9189644290489044,0.918848703950001,0.00024601789082760766,0.00026771209314622487,-0.0001259578059842871,-0.47049725884250104,-0.00012592990027182616,0.0004158758268478107,0.00538360263512215,2.464983970661982e-17
M,900,logs/muon_spectra/soaudit_traj_20260926/M_lr0.007_s260925_l40s/scientific/kept/step000900.pt,logs/muon_spectra/soaudit_traj_20260926/M_lr0.007_s260925_l40s/scientific/kept/step000901_weights.pt,body_norm,blocks.1.ln2.weight,[512],torch.float32,0.002,0.01,2e-05,512,484.5565038094018,484.5476887657336,3.357997874076091e-05,-0.004424311823473914,1.9382260152376077e-07,3.359682886934572e-05,22.01264418032059,22.012443952585855,0.005794823443450276,0.9728306232344549,0.9728217743351417,0.00025609743454015435,0.0002632497666332551,-9.130641707812466e-06,-0.03468432973212382,-9.096032856925618e-06,0.0004402528836064118,0.005796277156015378,2.9327549219712427e-17
M,900,logs/muon_spectra/soaudit_traj_20260926/M_lr0.007_s260925_l40s/scientific/kept/step000900.pt,logs/muon_spectra/soaudit_traj_20260926/M_lr0.007_s260925_l40s/scientific/kept/step000901_weights.pt,qk_norm,blocks.1.attn.q_norm.weight,[64],torch.float32,0.002,0.01,2e-05,64,140.88950542019808,140.91452024253738,5.585826428955443e-06,0.012504618256443223,5.635580216807924e-08,6.142366961381251e-06,11.869688514034312,11.870742194258005,0.002363435302468727,1.483711064254289,1.4838427742822506,0.00029542941280859085,0.00019911519158015664,8.875478850712572e-05,0.44574594134569695,8.877067182067044e-05,0.00023739377028068626,0.002478379906588425,1.0084734128706363e-16
M,900,logs/muon_spectra/soaudit_traj_20260926/M_lr0.007_s260925_l40s/scientific/kept/step000900.pt,logs/muon_spectra/soaudit_traj_20260926/M_lr0.007_s260925_l40s/scientific/kept/step000901_weights.pt,qk_norm,blocks.1.attn.k_norm.weight,[64],torch.float32,0.002,0.01,2e-05,64,140.90606573484263,140.93112472709234,5.5907522238385354e-06,0.01252670074873663,5.636242629393706e-08,6.1481826800819374e-06,11.87038608196223,11.8714415606148,0.002364477156548258,1.4837982602452788,1.48393019507685,0.00029555964456853226,0.00019919125967951656,8.89010752192131e-05,0.4463101210477211,8.891696068524801e-05,0.00023740772163924462,0.0024795529193953367,1.0083545946802576e-16
M,900,logs/muon_spectra/soaudit_traj_20260926/M_lr0.007_s260925_l40s/scientific/kept/step000900.pt,logs/muon_spectra/soaudit_traj_20260926/M_lr0.007_s260925_l40s/scientific/kept/step000901_weights.pt,body_norm,blocks.2.ln1.weight,[512],torch.float32,0.002,0.01,2e-05,512,467.8063062763806,467.73725156461603,2.542191546694994e-05,-0.03454006684002309,1.8712252251055227e-07,2.422743531585957e-05,21.628830441713223,21.62723402482657,0.00504201502050023,0.9558682921543407,0.955797739828956,0.00022282768824000891,0.0002331154721512927,-7.383411975557415e-05,-0.3167276675125861,-7.380967227776924e-05,0.00043257660883426447,0.0049221372711312685,0.0
M,900,logs/muon_spectra/soaudit_traj_20260926/M_lr0.007_s260925_l40s/scientific/kept/step000900.pt,logs/muon_spectra/soaudit_traj_20260926/M_lr0.007_s260925_l40s/scientific/kept/step000901_weights.pt,body_norm,blocks.2.ln2.weight,[512],torch.float32,0.002,0.01,2e-05,512,492.7453183711827,492.6470250453143,3.485965467220353e-05,-0.04916409276156486,1.970981273484731e-07,3.3090189089089415e-05,22.197867428453183,22.195653291699127,0.005904206523505384,0.9810164116587021,0.980918559714123,0.0002609315293935318,0.00026598079939595386,-9.977586986332315e-05,-0.37512433262068373,-9.974547155000568e-05,0.0004439573485690637,0.005752407242980056,1.5141084952654878e-16
M,900,logs/muon_spectra/soaudit_traj_20260926/M_lr0.007_s260925_l40s/scientific/kept/step000900.pt,logs/muon_spectra/soaudit_traj_20260926/M_lr0.007_s260925_l40s/scientific/kept/step000901_weights.pt,qk_norm,blocks.2.attn.q_norm.weight,[64],torch.float32,0.002,0.01,2e-05,64,150.16156009363874,150.2007714526727,6.157849455235009e-06,0.019602600592250496,6.006462403745551e-08,7.002018102962485e-06,12.254042602081924,12.255642433290582,0.002481501451789825,1.5317553252602405,1.5319553041613228,0.0003101876814737281,0.00020250471884015038,0.00013054339992223427,0.6446437429701593,0.00013055538164907787,0.00024508085204163853,0.002646132669191491,9.461239498147153e-17
M,900,logs/muon_spectra/soaudit_traj_20260926/M_lr0.007_s260925_l40s/scientific/kept/step000900.pt,logs/muon_spectra/soaudit_traj_20260926/M_lr0.007_s260925_l40s/scientific/kept/step000901_weights.pt,qk_norm,blocks.2.attn.k_norm.weight,[64],torch.float32,0.002,0.01,2e-05,64,150.1792615647771,150.2185180525089,6.163726183672225e-06,0.019625162002810725,6.007170462591085e-08,7.008804368410564e-06,12.254764851468066,12.256366429432049,0.002482685276806592,1.5318456064335082,1.5320458036790061,0.000310335659600824,0.00020258938518181177,0.00013067824277685484,0.6450399297059862,0.00013069022403899844,0.0002450952970293613,0.0026474146574366783,9.460121760910061e-17
M,900,logs/muon_spectra/soaudit_traj_20260926/M_lr0.007_s260925_l40s/scientific/kept/step000900.pt,logs/muon_spectra/soaudit_traj_20260926/M_lr0.007_s260925_l40s/scientific/kept/step000901_weights.pt,body_norm,blocks.3.ln1.weight,[512],torch.float32,0.002,0.01,2e-05,512,477.98013874394786,477.93723865840485,2.4220192258894713e-05,-0.021462152867648854,1.9119205549757918e-07,2.3552898199686337e-05,21.862756888003577,21.861775743484444,0.004921401452726115,0.9662064781837644,0.9661631173123393,0.00021749727126024762,0.0002251043396739485,-4.4901767098624255e-05,-0.1994709083070635,-4.487743810899225e-05,0.0004372551377600716,0.004853132823206711,5.946211385496377e-17
M,900,logs/muon_spectra/soaudit_traj_20260926/M_lr0.007_s260925_l40s/scientific/kept/step000900.pt,logs/muon_spectra/soaudit_traj_20260926/M_lr0.007_s260925_l40s/scientific/kept/step000901_weights.pt,body_norm,blocks.3.ln2.weight,[512],torch.float32,0.002,0.01,2e-05,512,513.5081162303853,513.4135987440787,3.6668636049341785e-05,-0.04727707747131049,2.0540324649215417e-07,3.498295619698152e-05,22.660717469453285,22.658631881560694,0.006055463322433865,1.00147168682518,1.0013795159913292,0.00026761619865746296,0.0002672229301917138,-9.206685537585474e-05,-0.3445320179290122,-9.203538658486554e-05,0.00045321434938906576,0.005914639143428915,2.767406057672963e-17
M,900,logs/muon_spectra/soaudit_traj_20260926/M_lr0.007_s260925_l40s/scientific/kept/step000900.pt,logs/muon_spectra/soaudit_traj_20260926/M_lr0.007_s260925_l40s/scientific/kept/step000901_weights.pt,qk_norm,blocks.3.attn.q_norm.weight,[64],torch.float32,0.002,0.01,2e-05,64,133.51313131591294,133.53080307783853,5.913177858474228e-06,0.008832924373862738,5.340525252636519e-08,6.319900085955102e-06,11.554788241932993,11.55555291095318,0.002431702666543389,1.4443485302416241,1.4444441138691475,0.00030396283331792363,0.00021044978199761372,6.615772011939903e-05,0.3143634528457206,6.617767493244386e-05,0.0002310957648386599,0.0025139411460802143,0.0
M,900,logs/muon_spectra/soaudit_traj_20260926/M_lr0.007_s260925_l40s/scientific/kept/step000900.pt,logs/muon_spectra/soaudit_traj_20260926/M_lr0.007_s260925_l40s/scientific/kept/step000901_weights.pt,qk_norm,blocks.3.attn.k_norm.weight,[64],torch.float32,0.002,0.01,2e-05,64,133.5177405406008,133.53548330869742,5.921822733512272e-06,0.00886842313694558,5.340709621624033e-08,6.329966755206335e-06,11.55498769106228,11.55575541921416,0.0024334795527212205,1.444373461382785,1.44446942740177,0.00030418494409015256,0.00021059992600455158,6.64213092660059e-05,0.31539094303656295,6.6441278208762e-05,0.00023109975382124562,0.0025159425182635503,1.0642006426374632e-16
M,900,logs/muon_spectra/soaudit_traj_20260926/M_lr0.007_s260925_l40s/scientific/kept/step000900.pt,logs/muon_spectra/soaudit_traj_20260926/M_lr0.007_s260925_l40s/scientific/kept/step000901_weights.pt,body_norm,blocks.4.ln1.weight,[512],torch.float32,0.002,0.01,2e-05,512,482.7648995896904,482.73135921790407,2.2223841259716437e-05,-0.016781297813793117,1.931059598358762e-07,2.1745695307000587e-05,21.97191160526754,21.971148336350197,0.004714216929641278,0.971030480732255,0.9709967486930473,0.00020834092243336082,0.00021455652172344862,-3.476080764789613e-05,-0.1620123563184011,-3.473839377532428e-05,0.00043943823210535084,0.004663227992174583,7.359096905802409e-18
M,900,logs/muon_spectra/soaudit_traj_20260926/M_lr0.007_s260925_l40s/scientific/kept/step000900.pt,logs/muon_spectra/soaudit_traj_20260926/M_lr0.007_s260925_l40s/scientific/kept/step000901_weights.pt,body_norm,blocks.4.ln2.weight,[512],torch.float32,0.002,0.01,2e-05,512,542.0152821985787,541.9573664068256,4.26139322655672e-05,-0.028979202842634777,2.168061128794315e-07,4.167157026474124e-05,23.281221664650218,23.2799778008233,0.006527934762661711,1.0288943570863331,1.0288393855521527,0.00028849668361384317,0.00028039485456098756,-5.3465656401949265e-05,-0.19067987708141118,-5.3427773028191794e-05,0.0004656244332930044,0.006455352063578039,1.5731129931493953e-16
M,900,logs/muon_spectra/soaudit_traj_20260926/M_lr0.007_s260925_l40s/scientific/kept/step000900.pt,logs/muon_spectra/soaudit_traj_20260926/M_lr0.007_s260925_l40s/scientific/kept/step000901_weights.pt,qk_norm,blocks.4.attn.q_norm.weight,[64],torch.float32,0.002,0.01,2e-05,64,127.800156107168,127.82456322808731,5.303269134060429e-06,0.012200908825093393,5.11200624428672e-08,5.842425549507033e-06,11.304873113271462,11.305952557307469,0.0023028827877381057,1.4131091391589328,1.4132440696634336,0.0002878603484672632,0.00020370708849749183,9.54686535348377e-05,0.46865651185237556,9.548484314625405e-05,0.00022609746226542925,0.0024171109923847175,0.0
M,900,logs/muon_spectra/soaudit_traj_20260926/M_lr0.007_s260925_l40s/scientific/kept/step000900.pt,logs/muon_spectra/soaudit_traj_20260926/M_lr0.007_s260925_l40s/scientific/kept/step000901_weights.pt,qk_norm,blocks.4.attn.k_norm.weight,[64],torch.float32,0.002,0.01,2e-05,64,127.80504818012643,127.82950625960268,5.308757309308021e-06,0.01222638535946885,5.112201927205058e-08,5.848934742958825e-06,11.30508948129675,11.306171158248166,0.002304074067669705,1.4131361851620938,1.4132713947810207,0.00028800925845871313,0.00020380856529102114,9.566433825240747e-05,0.4693833064170145,9.568052983621733e-05,0.00022610178962593501,0.002418457099673018,0.0
M,900,logs/muon_spectra/soaudit_traj_20260926/M_lr0.007_s260925_l40s/scientific/kept/step000900.pt,logs/muon_spectra/soaudit_traj_20260926/M_lr0.007_s260925_l40s/scientific/kept/step000901_weights.pt,body_norm,blocks.5.ln1.weight,[512],torch.float32,0.002,0.01,2e-05,512,470.7053668755965,470.6757719987221,2.6645806180169984e-05,-0.014810761340271483,1.8828214675023862e-07,2.6241657873309365e-05,21.695745363448488,21.6950633093965,0.0051619575918608615,0.9588255418369389,0.9587953990216078,0.00022812845108763724,0.00023792487906672133,-3.1465036055528644e-05,-0.1322477757641516,-3.143722608112132e-05,0.00043391490726896973,0.005122661210084986,7.54763792557193e-17
M,900,logs/muon_spectra/soaudit_traj_20260926/M_lr0.007_s260925_l40s/scientific/kept/step000900.pt,logs/muon_spectra/soaudit_traj_20260926/M_lr0.007_s260925_l40s/scientific/kept/step000901_weights.pt,body_norm,blocks.5.ln2.weight,[512],torch.float32,0.002,0.01,2e-05,512,563.5975376675494,563.5802840640135,4.9859545345753986e-05,-0.008651731540599172,2.254390150670198e-07,4.9738915099197045e-05,23.740209301258265,23.739845914917257,0.007061129183477242,1.0491789364817292,1.0491628769226093,0.0003120607705294367,0.0002974333163567767,-1.535090372538602e-05,-0.05161124487806985,-1.5306787585434023e-05,0.0004748041860251653,0.007052582158273453,6.933999504067676e-17
M,900,logs/muon_spectra/soaudit_traj_20260926/M_lr0.007_s260925_l40s/scientific/kept/step000900.pt,logs/muon_spectra/soaudit_traj_20260926/M_lr0.007_s260925_l40s/scientific/kept/step000901_weights.pt,qk_norm,blocks.5.attn.q_norm.weight,[64],torch.float32,0.002,0.01,2e-05,64,128.42913683648192,128.4627265267094,6.388137407498107e-06,0.016791651045039657,5.137165473459277e-08,7.111175104034286e-06,11.33265797756563,11.334139867087815,0.002527476489999087,1.4165822471957037,1.416767483385977,0.0003159345612498859,0.0002230259216330832,0.00013074642918778674,0.5862387126590943,0.0001307627500202191,0.00022665315955131262,0.002666678665312768,1.1062239685724985e-16
M,900,logs/muon_spectra/soaudit_traj_20260926/M_lr0.007_s260925_l40s/scientific/kept/step000900.pt,logs/muon_spectra/soaudit_traj_20260926/M_lr0.007_s260925_l40s/scientific/kept/step000901_weights.pt,qk_norm,blocks.5.attn.k_norm.weight,[64],torch.float32,0.002,0.01,2e-05,64,128.43525494111327,128.46884324020596,6.393273849880643e-06,0.016790952909417456,5.137410197644532e-08,7.116286068233787e-06,11.332927906817076,11.33440969968026,0.0025284924065301527,1.4166159883521345,1.4168012124600324,0.0003160615508162691,0.00022311025247140177,0.00013073476528789544,0.5859648484986273,0.00013075110645432986,0.00022665855813634153,0.002667636794661857,0.0
M,900,logs/muon_spectra/soaudit_traj_20260926/M_lr0.007_s260925_l40s/scientific/kept/step000900.pt,logs/muon_spectra/soaudit_traj_20260926/M_lr0.007_s260925_l40s/scientific/kept/step000901_weights.pt,body_norm,blocks.6.ln1.weight,[512],torch.float32,0.002,0.01,2e-05,512,479.04730411253206,479.0194580884723,3.327228635541246e-05,-0.01393964817304294,1.9161892164501286e-07,3.290631935013576e-05,21.88714929159419,21.886513155102442,0.005768213445722381,0.9672844803080369,0.9672563667813447,0.0002549214276751073,0.00026354338652670846,-2.9098688278534608e-05,-0.11041327449734975,-2.9064383089472123e-05,0.0004377429858318838,0.0057364029975356294,1.1124309587908484e-16
M,900,logs/muon_spectra/soaudit_traj_20260926/M_lr0.007_s260925_l40s/scientific/kept/step000900.pt,logs/muon_spectra/soaudit_traj_20260926/M_lr0.007_s260925_l40s/scientific/kept/step000901_weights.pt,body_norm,blocks.6.ln2.weight,[512],torch.float32,0.002,0.01,2e-05,512,578.6760295501902,578.6855429357939,4.296173028706107e-05,0.00473521193672255,2.314704118200761e-07,4.3382609176350056e-05,24.05568601287833,24.05588374880029,0.006554519836499168,1.0631211691125406,1.063129907888247,0.0002896715889881439,0.0002724727880547731,8.182837537617155e-06,0.030031760588041627,8.219924464203388e-06,0.00048111372025756667,0.006586547591595316,8.594994658217256e-17
M,900,logs/muon_spectra/soaudit_traj_20260926/M_lr0.007_s260925_l40s/scientific/kept/step000900.pt,logs/muon_spectra/soaudit_traj_20260926/M_lr0.007_s260925_l40s/scientific/kept/step000901_weights.pt,qk_norm,blocks.6.attn.q_norm.weight,[64],torch.float32,0.002,0.01,2e-05,64,113.41565204074696,113.43322602950524,6.500210986359889e-06,0.008783744273642924,4.5366260816298794e-08,6.8969270181219045e-06,10.649678494712738,10.650503557555634,0.002549551134290091,1.3312098118390923,1.3313129446944543,0.00031869389178626137,0.0002394016998312081,7.744737270026168e-05,0.3235038546295474,7.747302825222846e-05,0.00021299356989425478,0.002626200110068139,0.0
M,900,logs/muon_spectra/soaudit_traj_20260926/M_lr0.007_s260925_l40s/scientific/kept/step000900.pt,logs/muon_spectra/soaudit_traj_20260926/M_lr0.007_s260925_l40s/scientific/kept/step000901_weights.pt,qk_norm,blocks.6.attn.k_norm.weight,[64],torch.float32,0.002,0.01,2e-05,64,113.41641221750264,113.43401996396554,6.499004101101491e-06,0.008800623729399604,4.536656488700106e-08,6.8963956151644765e-06,10.64971418477992,10.650540829646424,0.0025493144374716687,1.33121427309749,1.331317603705803,0.0003186643046839586,0.00023937867188163897,7.759568088366558e-05,0.3241545300327877,7.762131942334882e-05,0.0002129942836955984,0.002626098934763212,0.0
M,900,logs/muon_spectra/soaudit_traj_20260926/M_lr0.007_s260925_l40s/scientific/kept/step000900.pt,logs/muon_spectra/soaudit_traj_20260926/M_lr0.007_s260925_l40s/scientific/kept/step000901_weights.pt,body_norm,blocks.7.ln1.weight,[512],torch.float32,0.002,0.01,2e-05,512,468.6973949945065,468.6485890100556,3.9087129003689824e-05,-0.024422535789938138,1.8747895799780263e-07,3.8297706530090106e-05,21.649420199961625,21.64829298143518,0.006251970009820091,0.956778239509368,0.9567284230178723,0.0002763006493574195,0.0002887823300612537,-5.2107257370663194e-05,-0.18043783135765515,-5.206691523540474e-05,0.00043298840399923254,0.006188514080947873,4.5479839018633435e-17
M,900,logs/muon_spectra/soaudit_traj_20260926/M_lr0.007_s260925_l40s/scientific/kept/step000900.pt,logs/muon_spectra/soaudit_traj_20260926/M_lr0.007_s260925_l40s/scientific/kept/step000901_weights.pt,body_norm,blocks.7.ln2.weight,[512],torch.float32,0.002,0.01,2e-05,512,594.262928119379,594.2995390332449,4.2635354432718486e-05,0.018284139255641207,2.3770517124775164e-07,4.3604425174191886e-05,24.377508652841843,24.3782595570981,0.0065295753638899435,1.077343854803638,1.077377040396864,0.0002885691886296998,0.00026785244779838275,3.076776017898963e-05,0.11486831810530651,3.08031582287871e-05,0.00048755017305683693,0.006603364685839476,2.1520745690779257e-16
M,900,logs/muon_spectra/soaudit_traj_20260926/M_lr0.007_s260925_l40s/scientific/kept/step000900.pt,logs/muon_spectra/soaudit_traj_20260926/M_lr0.007_s260925_l40s/scientific/kept/step000901_weights.pt,qk_norm,blocks.7.attn.q_norm.weight,[64],torch.float32,0.002,0.01,2e-05,64,96.00030483345863,96.0130073651706,4.675006238130663e-06,0.006348928352863936,3.840012193338346e-08,4.9673634941786045e-06,9.797974527087659,9.7986227279741,0.0021621762736027477,1.2247468158859574,1.2248278409967626,0.00027027203420034346,0.00022067584148388584,6.613446034237141e-05,0.2996905320385996,6.61566209065878e-05,0.00019595949054175319,0.0022287582852742478,0.0
M,900,logs/muon_spectra/soaudit_traj_20260926/M_lr0.007_s260925_l40s/scientific/kept/step000900.pt,logs/muon_spectra/soaudit_traj_20260926/M_lr0.007_s260925_l40s/scientific/kept/step000901_weights.pt,qk_norm,blocks.7.attn.k_norm.weight,[64],torch.float32,0.002,0.01,2e-05,64,96.00217598611098,96.01488588903472,4.6775523259157126e-06,0.006352612685702752,3.84008703944444e-08,4.970057703738267e-06,9.798070013329717,9.798718584031011,0.0021627649724174176,1.2247587516662146,1.2248398230038764,0.0002703456215521772,0.0002207337740468377,6.617154893053476e-05,0.29977990099736057,6.619371982585776e-05,0.00019596140026659434,0.002229362622755272,0.0
M,900,logs/muon_spectra/soaudit_traj_20260926/M_lr0.007_s260925_l40s/scientific/kept/step000900.pt,logs/muon_spectra/soaudit_traj_20260926/M_lr0.007_s260925_l40s/scientific/kept/step000901_weights.pt,final_norm,norm.weight,[512],torch.float32,0.002,0.01,2e-05,512,942.1592934714961,942.1775713272829,4.292398467953262e-05,0.009117465901056221,3.768637173885985e-07,4.366554703296347e-05,30.69461342762759,30.694911163371735,0.00655163984659815,1.3565230812859455,1.3565362394711757,0.00028954431021384645,0.00021344591493376334,9.677202108214473e-06,0.04533795885115678,9.699934643281338e-06,0.0006138922685525518,0.006607991149582714,1.5082989818132276e-17
M,900,logs/muon_spectra/soaudit_traj_20260926/M_lr0.007_s260925_l40s/scientific/kept/step000900.pt,logs/muon_spectra/soaudit_traj_20260926/M_lr0.007_s260925_l40s/scientific/kept/step000901_weights.pt,head,head.weight,"[50304, 512]",torch.float32,0.002,0.01,2e-05,25755648,120002.93452974093,120084.07976714303,4.636778073728378,38.25422966416031,4.800117381189638e-05,4.638356244088756,346.4143971167205,346.5314989537647,2.1533179221212038,0.06825896402783646,0.06828203827113849,0.00042429890850362783,0.006216017405869153,0.00031877745168539673,0.05128323022139667,0.0003380397524435086,0.00692828794233441,2.1536843417940235,4.479202005906272e-16
PD,200,logs/muon_spectra/soaudit_traj_20260926/PD_a0.25_lr0.01_s260925_ada/scientific/kept/step000200.pt,logs/muon_spectra/soaudit_traj_20260926/PD_a0.25_lr0.01_s260925_ada/scientific/kept/step000201_weights.pt,token_embedding,embed.weight,"[50304, 512]",torch.float32,0.002,0.01,2e-05,25755648,31955.46144014225,32060.278363353118,4.954395181710702,49.93126401457873,1.2782184576056903e-05,4.956405214455864,178.760905793583,179.05384207928384,2.2258470706027182,0.0352238080741093,0.03528152948394252,0.0004385903599513031,0.012451531618288655,0.0015625267720858315,0.12548872058364383,0.001638704415825254,0.00357521811587166,2.2262985456707876,4.6984950746193906e-17
PD,200,logs/muon_spectra/soaudit_traj_20260926/PD_a0.25_lr0.01_s260925_ada/scientific/kept/step000200.pt,logs/muon_spectra/soaudit_traj_20260926/PD_a0.25_lr0.01_s260925_ada/scientific/kept/step000201_weights.pt,position_embedding,position.weight,"[512, 512]",torch.float32,0.002,0.01,2e-05,262144,141.34309046567404,141.75010101674744,0.02461415035666291,0.1911982003583746,5.653723618626963e-08,0.02462185482191343,11.888780024278102,11.905885142094537,0.15688897461792178,0.023220273484918168,0.023253681918153392,0.0003064237785506285,0.013196389730278337,0.001352724068282688,0.10250713232414942,0.0014387614020532347,0.00023777560048556206,0.15691352657407656,9.868642074988171e-17
PD,200,logs/muon_spectra/soaudit_traj_20260926/PD_a0.25_lr0.01_s260925_ada/scientific/kept/step000200.pt,logs/muon_spectra/soaudit_traj_20260926/PD_a0.25_lr0.01_s260925_ada/scientific/kept/step000201_weights.pt,body_norm,blocks.0.ln1.weight,[512],torch.float32,0.002,0.01,2e-05,512,465.4675928349643,465.18196503816523,7.487712260001445e-05,-0.14285133696089147,1.8618703713398576e-07,6.934925615871277e-05,21.574697977838863,21.56807745345341,0.008653156799689605,0.9534759526363471,0.9531833640308492,0.0003824191157331877,0.0004010789309114765,-0.00030689856643046834,-0.7651824685306269,-0.00030686521740674877,0.0004314939595567773,0.008327620077712046,2.289770802621793e-16
PD,200,logs/muon_spectra/soaudit_traj_20260926/PD_a0.25_lr0.01_s260925_ada/scientific/kept/step000200.pt,logs/muon_spectra/soaudit_traj_20260926/PD_a0.25_lr0.01_s260925_ada/scientific/kept/step000201_weights.pt,body_norm,blocks.0.ln2.weight,[512],torch.float32,0.002,0.01,2e-05,512,503.54723122692434,503.5330058653285,2.1749496180945016e-05,-0.0071235555460269495,2.0141889249076977e-07,2.166597285159471e-05,22.43985809284284,22.43954112421483,0.004663635511159187,0.9917109891445626,0.9916969809779194,0.00020610551843269076,0.0002078282087107604,-1.4146747522908548e-05,-0.06806942912449832,-1.412525100208395e-05,0.0004487971618568569,0.004654672152965739,7.760910604470014e-17
PD,200,logs/muon_spectra/soaudit_traj_20260926/PD_a0.25_lr0.01_s260925_ada/scientific/kept/step000200.pt,logs/muon_spectra/soaudit_traj_20260926/PD_a0.25_lr0.01_s260925_ada/scientific/kept/step000201_weights.pt,qk_norm,blocks.0.attn.q_norm.weight,[64],torch.float32,0.002,0.01,2e-05,64,60.517342597112474,60.512915435201165,1.7375028740218568e-06,-0.0022144497070861746,2.4206937038844993e-08,1.673131822777255e-06,7.779289337536718,7.779004784366775,0.001318143722824585,0.9724111671920898,0.9723755980458468,0.00016476796535307313,0.0001694426914376693,-3.65919852401423e-05,-0.21595493396422422,-3.6578298813316756e-05,0.00015558578675073438,0.0012934959693703166,1.7611713566732267e-16
PD,200,logs/muon_spectra/soaudit_traj_20260926/PD_a0.25_lr0.01_s260925_ada/scientific/kept/step000200.pt,logs/muon_spectra/soaudit_traj_20260926/PD_a0.25_lr0.01_s260925_ada/scientific/kept/step000201_weights.pt,qk_norm,blocks.0.attn.k_norm.weight,[64],torch.float32,0.002,0.01,2e-05,64,60.5177970744855,60.513379946205106,1.7367997813266811e-06,-0.0022094325400878745,2.4207118829794203e-08,1.6726295985529606e-06,7.779318548207517,7.779034641021025,0.0013178769977986115,0.9724148185259396,0.9723793301276281,0.00016473462472482643,0.0001694077687694473,-3.650880644859722e-05,-0.2155084546227823,-3.649512289949364e-05,0.00015558637096415033,0.0012933018203625016,0.0
PD,200,logs/muon_spectra/soaudit_traj_20260926/PD_a0.25_lr0.01_s260925_ada/scientific/kept/step000200.pt,logs/muon_spectra/soaudit_traj_20260926/PD_a0.25_lr0.01_s260925_ada/scientific/kept/step000201_weights.pt,body_norm,blocks.1.ln1.weight,[512],torch.float32,0.002,0.01,2e-05,512,493.40555826572916,493.3314799711859,2.5651645731983308e-05,-0.03705197309450625,1.973622233062917e-07,2.436692903150935e-05,22.212734146559473,22.211066610390098,0.005064745376816421,0.9816734339828863,0.981599738599559,0.0002238322375581317,0.000228010894264491,-7.509435691146286e-05,-0.32934547778385515,-7.507118026850446e-05,0.00044425468293118946,0.004936286968107643,5.040274746603083e-17
PD,200,logs/muon_spectra/soaudit_traj_20260926/PD_a0.25_lr0.01_s260925_ada/scientific/kept/step000200.pt,logs/muon_spectra/soaudit_traj_20260926/PD_a0.25_lr0.01_s260925_ada/scientific/kept/step000201_weights.pt,body_norm,blocks.1.ln2.weight,[512],torch.float32,0.002,0.01,2e-05,512,498.7310700993362,498.6567757514599,2.6507132727005e-05,-0.037160427504471016,1.9949242803973452e-07,2.5220208054865897e-05,22.3322876145579,22.330624168425295,0.005148507815571906,0.9869570007288899,0.9868834861013585,0.0002275340493364271,0.0002305409953710122,-7.450995081792174e-05,-0.32319610097116147,-7.448615033600614e-05,0.00044664575229115804,0.00502197252629541,1.2109959888317955e-16
PD,200,logs/muon_spectra/soaudit_traj_20260926/PD_a0.25_lr0.01_s260925_ada/scientific/kept/step000200.pt,logs/muon_spectra/soaudit_traj_20260926/PD_a0.25_lr0.01_s260925_ada/scientific/kept/step000201_weights.pt,qk_norm,blocks.1.attn.q_norm.weight,[64],torch.float32,0.002,0.01,2e-05,64,81.2140923972231,81.2787377642489,1.6768910882092314e-05,0.03231429905746097,3.2485636958889247e-08,1.8093968481349643e-05,9.011886173117318,9.01547213207655,0.004094986066165832,1.1264857716396648,1.1269340165095687,0.000511873258270729,0.0004543983343222063,0.0003978902934654463,0.8756420598657143,0.0003979143644678995,0.00018023772346234638,0.0042537005631978425,0.0
PD,200,logs/muon_spectra/soaudit_traj_20260926/PD_a0.25_lr0.01_s260925_ada/scientific/kept/step000200.pt,logs/muon_spectra/soaudit_traj_20260926/PD_a0.25_lr0.01_s260925_ada/scientific/kept/step000201_weights.pt,qk_norm,blocks.1.attn.k_norm.weight,[64],torch.float32,0.002,0.01,2e-05,64,81.21405588226548,81.27868922051933,1.676679217155197e-05,0.032308285730834996,3.24856223529062e-08,1.809160922313828e-05,9.011884147183956,9.015469439830591,0.004094727362298004,1.1264855183979945,1.1269336799788239,0.0005118409202872505,0.0004543697295062908,0.00039781642943275384,0.8755346221347389,0.00039784051681990285,0.00018023768294367912,0.0042534232358346705,0.0
PD,200,logs/muon_spectra/soaudit_traj_20260926/PD_a0.25_lr0.01_s260925_ada/scientific/kept/step000200.pt,logs/muon_spectra/soaudit_traj_20260926/PD_a0.25_lr0.01_s260925_ada/scientific/kept/step000201_weights.pt,body_norm,blocks.2.ln1.weight,[512],torch.float32,0.002,0.01,2e-05,512,500.98450852730144,500.9255137692346,2.5287045165356403e-05,-0.02951002255601054,2.003938034109206e-07,2.4307038066526903e-05,22.382683228945126,22.38136532406445,0.005028622591262582,0.9891841932710943,0.989125949553714,0.0002222358208943525,0.00022466576235862567,-5.8904062009339304e-05,-0.2621853075917857,-5.888055811698045e-05,0.00044765366457890255,0.004930216837678329,4.964024900631884e-17
PD,200,logs/muon_spectra/soaudit_traj_20260926/PD_a0.25_lr0.01_s260925_ada/scientific/kept/step000200.pt,logs/muon_spectra/soaudit_traj_20260926/PD_a0.25_lr0.01_s260925_ada/scientific/kept/step000201_weights.pt,body_norm,blocks.2.ln2.weight,[512],torch.float32,0.002,0.01,2e-05,512,504.1247476541962,504.0719611352299,2.7287723195712488e-05,-0.026406903344700083,2.0164989906167852e-07,2.6433096960986165e-05,22.452722499826077,22.451546965303525,0.005223765231680353,0.9922795209829244,0.9922275692058984,0.00023085998866548087,0.0002326562060222682,-5.23816842310901e-05,-0.22514630117400133,-5.2355990350916315e-05,0.0004490544499965216,0.005141312766306497,1.6208768760636614e-16
PD,200,logs/muon_spectra/soaudit_traj_20260926/PD_a0.25_lr0.01_s260925_ada/scientific/kept/step000200.pt,logs/muon_spectra/soaudit_traj_20260926/PD_a0.25_lr0.01_s260925_ada/scientific/kept/step000201_weights.pt,qk_norm,blocks.2.attn.q_norm.weight,[64],torch.float32,0.002,0.01,2e-05,64,89.26957272624122,89.38619865440779,4.2519856378930854e-05,0.05829170415509566,3.57078290904965e-08,4.4887232374225174e-05,9.448257655580802,9.454427463067649,0.006520725142108878,1.1810322069476002,1.1818034328834561,0.0008150906427636098,0.0006901510712144141,0.0006529851367593757,0.9461481174119749,0.000653010079927574,0.00018896515311161606,0.006699793457579508,0.0
PD,200,logs/muon_spectra/soaudit_traj_20260926/PD_a0.25_lr0.01_s260925_ada/scientific/kept/step000200.pt,logs/muon_spectra/soaudit_traj_20260926/PD_a0.25_lr0.01_s260925_ada/scientific/kept/step000201_weights.pt,qk_norm,blocks.2.attn.k_norm.weight,[64],torch.float32,0.002,0.01,2e-05,64,89.26973854392335,89.38635387256502,4.2510254388616886e-05,0.058286409193641475,3.570789541756935e-08,4.487741865178011e-05,9.448266430616961,9.454435671819077,0.006519988833473328,1.1810333038271201,1.1818044589773846,0.000814998604184166,0.0006900724996858053,0.0006529246096644815,0.9461681344521952,0.0006529495381422112,0.00018896532861233922,0.006699061027620222,0.0
PD,200,logs/muon_spectra/soaudit_traj_20260926/PD_a0.25_lr0.01_s260925_ada/scientific/kept/step000200.pt,logs/muon_spectra/soaudit_traj_20260926/PD_a0.25_lr0.01_s260925_ada/scientific/kept/step000201_weights.pt,body_norm,blocks.3.ln1.weight,[512],torch.float32,0.002,0.01,2e-05,512,501.2870374515151,501.2395983345681,2.2954548487774673e-05,-0.023731035747744045,2.0051481498060608e-07,2.2205821872845518e-05,22.389440311260913,22.38838087791451,0.004791090532203986,0.9894828169415023,0.9894359961600363,0.00021173828778750647,0.0002139888476709387,-4.734021423811368e-05,-0.2212274833635774,-4.731843814198555e-05,0.0004477888062252183,0.004712305367104886,6.378465972660843e-17
PD,200,logs/muon_spectra/soaudit_traj_20260926/PD_a0.25_lr0.01_s260925_ada/scientific/kept/step000200.pt,logs/muon_spectra/soaudit_traj_20260926/PD_a0.25_lr0.01_s260925_ada/scientific/kept/step000201_weights.pt,body_norm,blocks.3.ln2.weight,[512],torch.float32,0.002,0.01,2e-05,512,510.29466256888946,510.2468077298324,2.838962392814892e-05,-0.02394161434046893,2.0411786502755582e-07,2.7636077219557725e-05,22.589702578141427,22.588643335309726,0.0053281914312596655,0.99833324237444,0.9982864300126136,0.00023547501828148537,0.000235868153324666,-4.691723448554947e-05,-0.1989129682164815,-4.689051695294655e-05,0.0004517940515628286,0.005257002683997577,5.569666217421409e-17
PD,200,logs/muon_spectra/soaudit_traj_20260926/PD_a0.25_lr0.01_s260925_ada/scientific/kept/step000200.pt,logs/muon_spectra/soaudit_traj_20260926/PD_a0.25_lr0.01_s260925_ada/scientific/kept/step000201_weights.pt,qk_norm,blocks.3.attn.q_norm.weight,[64],torch.float32,0.002,0.01,2e-05,64,89.42415381197567,89.59003283850667,7.978873088632099e-05,0.0828996189000577,3.576966152479028e-08,8.31404853038481e-05,9.456434518991589,9.46520115150791,0.008932453799842515,1.1820543148739486,1.1831501439384888,0.0011165567249803144,0.0009445900335801248,0.0009270383376997166,0.9814187157852122,0.0009270547476130098,0.00018912869037983178,0.009118140452079475,0.0
PD,200,logs/muon_spectra/soaudit_traj_20260926/PD_a0.25_lr0.01_s260925_ada/scientific/kept/step000200.pt,logs/muon_spectra/soaudit_traj_20260926/PD_a0.25_lr0.01_s260925_ada/scientific/kept/step000201_weights.pt,qk_norm,blocks.3.attn.k_norm.weight,[64],torch.float32,0.002,0.01,2e-05,64,89.42456171896603,89.59045326944124,7.980170886412452e-05,0.08290587438317232,3.576982468758642e-08,8.3153713664139e-05,9.45645608666196,9.46522336077925,0.008933180221182405,1.182057010832745,1.1831529200974062,0.0011166475276478006,0.0009446646967231604,0.0009271040616751363,0.9814107215936637,0.000927120481176491,0.00018912912173323922,0.009118865810183797,0.0
PD,200,logs/muon_spectra/soaudit_traj_20260926/PD_a0.25_lr0.01_s260925_ada/scientific/kept/step000200.pt,logs/muon_spectra/soaudit_traj_20260926/PD_a0.25_lr0.01_s260925_ada/scientific/kept/step000201_weights.pt,body_norm,blocks.4.ln1.weight,[512],torch.float32,0.002,0.01,2e-05,512,502.4795860644721,502.42224428488265,2.219049439133869e-05,-0.028681985041917102,2.0099183442578886e-07,2.1244206824087792e-05,22.41605643427211,22.414777364160518,0.004710678761212517,0.9906590945083844,0.9906025670615393,0.00020818455600280097,0.00021014752416532632,-5.708089609482559e-05,-0.2716229768660951,-5.706044305098246e-05,0.00044832112868544225,0.004609143827663419,4.242218522697947e-17
PD,200,logs/muon_spectra/soaudit_traj_20260926/PD_a0.25_lr0.01_s260925_ada/scientific/kept/step000200.pt,logs/muon_spectra/soaudit_traj_20260926/PD_a0.25_lr0.01_s260925_ada/scientific/kept/step000201_weights.pt,body_norm,blocks.4.ln2.weight,[512],torch.float32,0.002,0.01,2e-05,512,517.8570650245578,517.8210077861786,3.3360839918117335e-05,-0.018045299609553922,2.0714282600982314e-07,3.2846170759745005e-05,22.756473035700363,22.755680780547493,0.005775884340784304,1.005703524964534,1.0056685119025952,0.00025526043654486085,0.0002538128088532478,-3.4846101035037885e-05,-0.13729055358741005,-3.48144965885977e-05,0.00045512946071400734,0.005731157889968222,6.174372287010938e-17
PD,200,logs/muon_spectra/soaudit_traj_20260926/PD_a0.25_lr0.01_s260925_ada/scientific/kept/step000200.pt,logs/muon_spectra/soaudit_traj_20260926/PD_a0.25_lr0.01_s260925_ada/scientific/kept/step000201_weights.pt,qk_norm,blocks.4.attn.q_norm.weight,[64],torch.float32,0.002,0.01,2e-05,64,89.30988076356996,89.47852409631837,8.356925964392303e-05,0.08427988174437928,3.572395230542799e-08,8.697617886600363e-05,9.450390508522384,9.459308859336309,0.009141622374826202,1.181298813565298,1.1824136074170386,0.0011427027968532752,0.0009673274735665436,0.0009436792550142733,0.9755530374165027,0.0009437018296631905,0.0001890078101704477,0.009326102018850299,0.0
PD,200,logs/muon_spectra/soaudit_traj_20260926/PD_a0.25_lr0.01_s260925_ada/scientific/kept/step000200.pt,logs/muon_spectra/soaudit_traj_20260926/PD_a0.25_lr0.01_s260925_ada/scientific/kept/step000201_weights.pt,qk_norm,blocks.4.attn.k_norm.weight,[64],torch.float32,0.002,0.01,2e-05,64,89.31002507341618,89.47867487929783,8.357421626215e-05,0.08428311583269021,3.572401002936648e-08,8.698126490548698e-05,9.450398143645387,9.459316829417325,0.009141893472478773,1.1812997679556734,1.1824146036771657,0.0011427366840598466,0.0009673553784213781,0.000943713942117991,0.9755607537511526,0.0009437365110309681,0.00018900796287290775,0.009326374692531229,0.0
PD,200,logs/muon_spectra/soaudit_traj_20260926/PD_a0.25_lr0.01_s260925_ada/scientific/kept/step000200.pt,logs/muon_spectra/soaudit_traj_20260926/PD_a0.25_lr0.01_s260925_ada/scientific/kept/step000201_weights.pt,body_norm,blocks.5.ln1.weight,[512],torch.float32,0.002,0.01,2e-05,512,508.7567784748613,508.81286767047476,3.0678130539030235e-05,0.02802925874145501,2.0350271138994454e-07,3.2002803600078384e-05,22.555637398993213,22.556880716767438,0.00553878421127148,0.9968277599258126,0.9968827073276455,0.0002447819922074404,0.0002455609705589037,5.5093632020944155e-05,0.22435825976558688,5.512226288417743e-05,0.0004511127479798643,0.005657102049643296,6.284122344545791e-17
PD,200,logs/muon_spectra/soaudit_traj_20260926/PD_a0.25_lr0.01_s260925_ada/scientific/kept/step000200.pt,logs/muon_spectra/soaudit_traj_20260926/PD_a0.25_lr0.01_s260925_ada/scientific/kept/step000201_weights.pt,body_norm,blocks.5.ln2.weight,[512],torch.float32,0.002,0.01,2e-05,512,532.8443927068803,532.9167378419181,3.195606134553941e-05,0.03615658948817213,2.1313775708275216e-07,3.3615462682149046e-05,23.083422465199572,23.084989448598805,0.005652969250362097,1.020152784883532,1.020222036420257,0.00024982830567312956,0.00024489302913744613,6.785581303482349e-05,0.27708348119921145,6.788349524833315e-05,0.0004616684493039915,0.005797884328110474,2.733283653665778e-16
PD,200,logs/muon_spectra/soaudit_traj_20260926/PD_a0.25_lr0.01_s260925_ada/scientific/kept/step000200.pt,logs/muon_spectra/soaudit_traj_20260926/PD_a0.25_lr0.01_s260925_ada/scientific/kept/step000201_weights.pt,qk_norm,blocks.5.attn.q_norm.weight,[64],torch.float32,0.002,0.01,2e-05,64,90.63052670948133,90.8526456481998,0.00013787165346457186,0.11099053353250099,3.625221068379254e-08,0.0001423475270165557,9.520006654907407,9.531665418393565,0.011741876062391897,1.1900008318634259,1.1914581772991957,0.0014677345077989872,0.0012333894804936038,0.0012246484442078134,0.9929129959157004,0.0012246591739668578,0.00019040013309814816,0.011930948286559443,0.0
PD,200,logs/muon_spectra/soaudit_traj_20260926/PD_a0.25_lr0.01_s260925_ada/scientific/kept/step000200.pt,logs/muon_spectra/soaudit_traj_20260926/PD_a0.25_lr0.01_s260925_ada/scientific/kept/step000201_weights.pt,qk_norm,blocks.5.attn.k_norm.weight,[64],torch.float32,0.002,0.01,2e-05,64,90.6304457936789,90.8525692949464,0.00013787847530011277,0.11099281139610184,3.6252178317471565e-08,0.0001423544399342743,9.52000240512989,9.53166141315072,0.011742166550518383,1.1900003006412363,1.19145767664384,0.0014677708188147978,0.0012334205445358995,0.0012246746711229697,0.9929092526862194,0.001224685407069659,0.00019040004810259783,0.011931237988334417,0.0
PD,200,logs/muon_spectra/soaudit_traj_20260926/PD_a0.25_lr0.01_s260925_ada/scientific/kept/step000200.pt,logs/muon_spectra/soaudit_traj_20260926/PD_a0.25_lr0.01_s260925_ada/scientific/kept/step000201_weights.pt,body_norm,blocks.6.ln1.weight,[512],torch.float32,0.002,0.01,2e-05,512,500.045781836004,499.9936340347618,2.9462630376286825e-05,-0.026088631936268314,2.0001831273440163e-07,2.861910341157049e-05,22.361703464539637,22.360537427234654,0.0054279490027345344,0.9882570099161682,0.9882054778608264,0.0002398837217355217,0.0002427341464098196,-5.217248676807036e-05,-0.21493674268631768,-5.2144386353703e-05,0.0004472340692907928,0.005349682552410983,7.815254499961408e-17
PD,200,logs/muon_spectra/soaudit_traj_20260926/PD_a0.25_lr0.01_s260925_ada/scientific/kept/step000200.pt,logs/muon_spectra/soaudit_traj_20260926/PD_a0.25_lr0.01_s260925_ada/scientific/kept/step000201_weights.pt,body_norm,blocks.6.ln2.weight,[512],torch.float32,0.002,0.01,2e-05,512,547.6761719810997,547.8705289768582,5.2491796289189097e-05,0.09715225198107191,2.1907046879243995e-07,5.6596956837224414e-05,23.40248217563897,23.4066342940812,0.007245122241148806,1.0342533651869765,1.034436864631151,0.00032019219170261235,0.0003095877688004686,0.0001773899558741888,0.5729876104650561,0.00017742213885973968,0.00046804964351277947,0.007523094897528836,1.296917242632179e-17
PD,200,logs/muon_spectra/soaudit_traj_20260926/PD_a0.25_lr0.01_s260925_ada/scientific/kept/step000200.pt,logs/muon_spectra/soaudit_traj_20260926/PD_a0.25_lr0.01_s260925_ada/scientific/kept/step000201_weights.pt,qk_norm,blocks.6.attn.q_norm.weight,[64],torch.float32,0.002,0.01,2e-05,64,84.157770038854,84.28447107933479,5.300520074058568e-05,0.06332401764002782,3.36631080155416e-08,5.557182455420233e-05,9.173754413480557,9.18065744265272,0.007280467068848377,1.1467193016850696,1.14758218033159,0.0009100583836060471,0.0007936191378908017,0.0007524441012492651,0.9481173844282945,0.0007524759069219566,0.00018347508826961116,0.0074546512027191675,0.0
PD,200,logs/muon_spectra/soaudit_traj_20260926/PD_a0.25_lr0.01_s260925_ada/scientific/kept/step000200.pt,logs/muon_spectra/soaudit_traj_20260926/PD_a0.25_lr0.01_s260925_ada/scientific/kept/step000201_weights.pt,qk_norm,blocks.6.attn.k_norm.weight,[64],torch.float32,0.002,0.01,2e-05,64,84.1574908805408,84.28418746570186,5.29998357308159e-05,0.0633217926626628,3.366299635221633e-08,5.556637043367462e-05,9.173739198415268,9.180641996380311,0.007280098607217893,1.1467173998019085,1.147580249547539,0.0009100123259022366,0.0007935802893192674,0.0007524201589202119,0.948133628124304,0.0007524519517880801,0.00018347478396830538,0.007454285373774915,0.0
PD,200,logs/muon_spectra/soaudit_traj_20260926/PD_a0.25_lr0.01_s260925_ada/scientific/kept/step000200.pt,logs/muon_spectra/soaudit_traj_20260926/PD_a0.25_lr0.01_s260925_ada/scientific/kept/step000201_weights.pt,body_norm,blocks.7.ln1.weight,[512],torch.float32,0.002,0.01,2e-05,512,502.57539633174815,502.5152776537129,3.420878208260092e-05,-0.03007644340868154,2.010301585326993e-07,3.320675450478636e-05,22.41819342256972,22.416852536734787,0.005848827410909038,0.990753536940669,0.9906942775990017,0.00025848409526522113,0.00026089646478920456,-5.98446394873421e-05,-0.2293807987612807,-5.9812394765934584e-05,0.0004483638684513944,0.005762530217255816,0.0
PD,200,logs/muon_spectra/soaudit_traj_20260926/PD_a0.25_lr0.01_s260925_ada/scientific/kept/step000200.pt,logs/muon_spectra/soaudit_traj_20260926/PD_a0.25_lr0.01_s260925_ada/scientific/kept/step000201_weights.pt,body_norm,blocks.7.ln2.weight,[512],torch.float32,0.002,0.01,2e-05,512,564.0579948326997,564.3854750152702,8.335174380036392e-05,0.16369841541342112,2.256231979330799e-07,9.012530361483386e-05,23.749905154183242,23.756798500961157,0.00912971761887321,1.049607436691269,1.0499120824570025,0.00040348032741397165,0.000384410698047151,0.00029021557519448734,0.754962275162514,0.00029024733922788926,0.00047499810308366484,0.009493434763816195,2.0772956886823576e-16
PD,200,logs/muon_spectra/soaudit_traj_20260926/PD_a0.25_lr0.01_s260925_ada/scientific/kept/step000200.pt,logs/muon_spectra/soaudit_traj_20260926/PD_a0.25_lr0.01_s260925_ada/scientific/kept/step000201_weights.pt,qk_norm,blocks.7.attn.q_norm.weight,[64],torch.float32,0.002,0.01,2e-05,64,81.6396122252681,81.7300576302064,2.8451628750758573e-05,0.04520847665477845,3.265584489010724e-08,3.0292623661839817e-05,9.035464140002333,9.040467777178701,0.005334006819526816,1.1294330175002916,1.1300584721473377,0.000666750852440852,0.0005903412084733744,0.0005537566314013686,0.938028081816254,0.000553777547986245,0.00018070928280004665,0.0055038735143387715,0.0
PD,200,logs/muon_spectra/soaudit_traj_20260926/PD_a0.25_lr0.01_s260925_ada/scientific/kept/step000200.pt,logs/muon_spectra/soaudit_traj_20260926/PD_a0.25_lr0.01_s260925_ada/scientific/kept/step000201_weights.pt,qk_norm,blocks.7.attn.k_norm.weight,[64],torch.float32,0.002,0.01,2e-05,64,81.63994515087839,81.7304113440825,2.846247569721072e-05,0.045218865364205385,3.265597806035136e-08,3.0303886289839287e-05,9.035482563254627,9.040487339965832,0.005335023495469418,1.1294353204068284,1.130060917495729,0.0006668779369336772,0.0005904525251551938,0.0005538816235194256,0.9380629261833441,0.0005539025366017025,0.00018070965126509254,0.005504896573945716,0.0
PD,200,logs/muon_spectra/soaudit_traj_20260926/PD_a0.25_lr0.01_s260925_ada/scientific/kept/step000200.pt,logs/muon_spectra/soaudit_traj_20260926/PD_a0.25_lr0.01_s260925_ada/scientific/kept/step000201_weights.pt,final_norm,norm.weight,[512],torch.float32,0.002,0.01,2e-05,512,742.606394443585,743.9484566477104,0.0006503911541670959,0.6707059064854661,2.970425577774341e-07,0.000677516432984292,27.250805390732676,27.275418542117926,0.025502767578580485,1.204326830286375,1.205414588177055,0.0011270737433649182,0.0009358537192905625,0.0009031781997891467,0.9650848002974376,0.0009032082183384471,0.0005450161078146535,0.02602914583662499,3.2473288706993594e-16
PD,200,logs/muon_spectra/soaudit_traj_20260926/PD_a0.25_lr0.01_s260925_ada/scientific/kept/step000200.pt,logs/muon_spectra/soaudit_traj_20260926/PD_a0.25_lr0.01_s260925_ada/scientific/kept/step000201_weights.pt,head,head.weight,"[50304, 512]",torch.float32,0.002,0.01,2e-05,25755648,50311.224674384146,50465.711227788765,5.029416749974979,74.72856832731603,2.012448986975366e-05,5.032426017197941,224.3016376988455,224.64574607098342,2.242636116264736,0.044197347299949445,0.04426515187502178,0.0004418985448115278,0.009998304690382024,0.0014853259647516375,0.14855778161876412,0.0015341322322395268,0.0044860327539769105,2.243306937803639,2.2640178673893305e-16
PD,500,logs/muon_spectra/soaudit_traj_20260926/PD_a0.25_lr0.01_s260925_ada/scientific/kept/step000500.pt,logs/muon_spectra/soaudit_traj_20260926/PD_a0.25_lr0.01_s260925_ada/scientific/kept/step000501_weights.pt,token_embedding,embed.weight,"[50304, 512]",torch.float32,0.002,0.01,2e-05,25755648,62100.24183071603,62199.72347015103,4.651991134687839,47.41482415015105,2.484009673228642e-05,4.653912567750579,249.1992011036874,249.3987238743435,2.1568474991727715,0.049103268933048484,0.04914258374715063,0.00042499439135596233,0.008655114019708858,0.0007635207650141342,0.08821614172563122,0.0008006557395545677,0.0049839840220737485,2.1572928794557726,1.331987963409293e-16
PD,500,logs/muon_spectra/soaudit_traj_20260926/PD_a0.25_lr0.01_s260925_ada/scientific/kept/step000500.pt,logs/muon_spectra/soaudit_traj_20260926/PD_a0.25_lr0.01_s260925_ada/scientific/kept/step000501_weights.pt,position_embedding,position.weight,"[512, 512]",torch.float32,0.002,0.01,2e-05,262144,227.95654920630366,228.24241412079903,0.03418969506288501,0.12583760971624053,9.118261968252148e-08,0.03419481974989335,15.09823000243087,15.107693871693291,0.18490455663094138,0.029488730473497794,0.02950721459315096,0.0003611417121698074,0.012246770422835729,0.0005520245421962228,0.045075111489548285,0.000626819783570598,0.0003019646000486174,0.184918413766432,1.2890202842402206e-17
PD,500,logs/muon_spectra/soaudit_traj_20260926/PD_a0.25_lr0.01_s260925_ada/scientific/kept/step000500.pt,logs/muon_spectra/soaudit_traj_20260926/PD_a0.25_lr0.01_s260925_ada/scientific/kept/step000501_weights.pt,body_norm,blocks.0.ln1.weight,[512],torch.float32,0.002,0.01,2e-05,512,398.0633514519654,397.87666096739207,4.770415681676354e-05,-0.09336909436504115,1.5922534058078618e-07,4.4128618382742685e-05,19.951525040757296,19.946845890200088,0.006906819587680247,0.8817411657082933,0.8815343745152185,0.0003052411854300486,0.00034618003253239466,-0.00023455837877179727,-0.6775618369896821,-0.00023452595967732304,0.00039903050081514595,0.006642937481471784,1.338749346997802e-16
PD,500,logs/muon_spectra/soaudit_traj_20260926/PD_a0.25_lr0.01_s260925_ada/scientific/kept/step000500.pt,logs/muon_spectra/soaudit_traj_20260926/PD_a0.25_lr0.01_s260925_ada/scientific/kept/step000501_weights.pt,body_norm,blocks.0.ln2.weight,[512],torch.float32,0.002,0.01,2e-05,512,497.2324514901899,497.20441306743913,1.9308442414711635e-05,-0.014028865596557694,1.9889298059607597e-07,1.8946180771445404e-05,22.298709637335293,22.29808092790586,0.0043941372776361495,0.9854730497668504,0.9854452644730411,0.0001941952666550698,0.00019705791721144863,-2.8213897855044716e-05,-0.14317566253768133,-2.8194879419296548e-05,0.0004459741927467059,0.004352721076688168,7.859473039155919e-17
PD,500,logs/muon_spectra/soaudit_traj_20260926/PD_a0.25_lr0.01_s260925_ada/scientific/kept/step000500.pt,logs/muon_spectra/soaudit_traj_20260926/PD_a0.25_lr0.01_s260925_ada/scientific/kept/step000501_weights.pt,qk_norm,blocks.0.attn.q_norm.weight,[64],torch.float32,0.002,0.01,2e-05,64,65.67208077547753,65.6559185952482,2.5244295400739247e-06,-0.008082352329434883,2.6268832310191014e-08,2.2274042792067205e-06,8.10383124056008,8.1028339854182,0.0015888453480669303,1.01297890507001,1.012854248177275,0.00019860566850836629,0.00019606101125535288,-0.00012307136052331234,-0.627719706918283,-0.00012305971240966773,0.00016207662481120162,0.0014924490876430997,0.0
PD,500,logs/muon_spectra/soaudit_traj_20260926/PD_a0.25_lr0.01_s260925_ada/scientific/kept/step000500.pt,logs/muon_spectra/soaudit_traj_20260926/PD_a0.25_lr0.01_s260925_ada/scientific/kept/step000501_weights.pt,qk_norm,blocks.0.attn.k_norm.weight,[64],torch.float32,0.002,0.01,2e-05,64,65.67490736853746,65.65874630183224,2.5246443975390775e-06,-0.008081795674812042,2.6269962947414988e-08,2.2276425334940105e-06,8.10400563724739,8.10300847227943,0.0015889129609701967,1.0130007046559237,1.0128760590349288,0.0001986141201212746,0.00019606513520514869,-0.00012305758772464972,-0.6276362576951325,-0.00012304593710732448,0.00016208011274494778,0.0014925289054132287,5.4095450167356933e-17
PD,500,logs/muon_spectra/soaudit_traj_20260926/PD_a0.25_lr0.01_s260925_ada/scientific/kept/step000500.pt,logs/muon_spectra/soaudit_traj_20260926/PD_a0.25_lr0.01_s260925_ada/scientific/kept/step000501_weights.pt,body_norm,blocks.1.ln1.weight,[512],torch.float32,0.002,0.01,2e-05,512,478.4399467983186,478.4043795998953,2.5094114569412795e-05,-0.017796146268928226,1.9137597871932746e-07,2.4573644697374997e-05,21.87327014413525,21.872457100195565,0.005009402616022473,0.9666711028527055,0.9666351710475083,0.00022138640996769508,0.00022901937309843055,-3.7196196488229286e-05,-0.16241506552479595,-3.717066238073663e-05,0.00043746540288270506,0.004957181124124375,1.4851241843725522e-17
PD,500,logs/muon_spectra/soaudit_traj_20260926/PD_a0.25_lr0.01_s260925_ada/scientific/kept/step000500.pt,logs/muon_spectra/soaudit_traj_20260926/PD_a0.25_lr0.01_s260925_ada/scientific/kept/step000501_weights.pt,body_norm,blocks.1.ln2.weight,[512],torch.float32,0.002,0.01,2e-05,512,483.54471308129996,483.5050155280385,2.9369985728777692e-05,-0.019863461623593537,1.9341788523252002e-07,2.8768865149066468e-05,21.989650135491015,21.988747475198274,0.005419408245258673,0.9718144204203362,0.9717745280944547,0.0002395062700150435,0.00024645268168736425,-4.1078851833612805e-05,-0.16668048224252266,-4.1049324895015005e-05,0.00043979300270982033,0.005363661543112733,3.673614438012862e-17
PD,500,logs/muon_spectra/soaudit_traj_20260926/PD_a0.25_lr0.01_s260925_ada/scientific/kept/step000500.pt,logs/muon_spectra/soaudit_traj_20260926/PD_a0.25_lr0.01_s260925_ada/scientific/kept/step000501_weights.pt,qk_norm,blocks.1.attn.q_norm.weight,[64],torch.float32,0.002,0.01,2e-05,64,97.9399611666647,97.96457713126672,5.819508942295215e-06,0.012305072546539009,3.917598446666589e-08,6.350887828623442e-06,9.89646205300989,9.897705649859805,0.002412365839232353,1.2370577566262362,1.2372132062324757,0.0003015457299040441,0.0002437604293646194,0.0001256389363438631,0.5154197367938299,0.00012566075060527204,0.0001979292410601978,0.0025200967895347673,0.0
PD,500,logs/muon_spectra/soaudit_traj_20260926/PD_a0.25_lr0.01_s260925_ada/scientific/kept/step000500.pt,logs/muon_spectra/soaudit_traj_20260926/PD_a0.25_lr0.01_s260925_ada/scientific/kept/step000501_weights.pt,qk_norm,blocks.1.attn.k_norm.weight,[64],torch.float32,0.002,0.01,2e-05,64,97.94136932452355,97.96598593267531,5.8205002488875834e-06,0.012305393825755573,3.917654772980943e-08,6.351892549647615e-06,9.896533197262745,9.89777681768362,0.002412571294052796,1.237066649657843,1.2372221022104526,0.0003015714117565995,0.00024377943730033493,0.00012564041028446623,0.5153855947648199,0.0001256622289935727,0.0001979306639452549,0.0025202961234044733,0.0
PD,500,logs/muon_spectra/soaudit_traj_20260926/PD_a0.25_lr0.01_s260925_ada/scientific/kept/step000500.pt,logs/muon_spectra/soaudit_traj_20260926/PD_a0.25_lr0.01_s260925_ada/scientific/kept/step000501_weights.pt,body_norm,blocks.2.ln1.weight,[512],torch.float32,0.002,0.01,2e-05,512,490.79726129693717,490.7595177116398,2.3990987696009825e-05,-0.018883788142559865,1.963189045187749e-07,2.3431955074826205e-05,22.153944599031053,22.15309273468695,0.004898059584775365,0.9790752785003717,0.9790376310594738,0.00021646569669065164,0.0002210919849004945,-3.847574066053109e-05,-0.17402594073162636,-3.84520391072396e-05,0.0004430788919806211,0.004840656471474319,6.51479248778034e-17
PD,500,logs/muon_spectra/soaudit_traj_20260926/PD_a0.25_lr0.01_s260925_ada/scientific/kept/step000500.pt,logs/muon_spectra/soaudit_traj_20260926/PD_a0.25_lr0.01_s260925_ada/scientific/kept/step000501_weights.pt,body_norm,blocks.2.ln2.weight,[512],torch.float32,0.002,0.01,2e-05,512,489.3335860577838,489.27091250075114,2.8114279281510335e-05,-0.031350835655999276,1.9573343442311356e-07,2.7055979289693476e-05,22.120885743066072,22.119469082705198,0.005302290003527753,0.9776142696734275,0.9775516615391893,0.0002343303260820073,0.00023969609829885714,-6.406843214783372e-05,-0.26729025880075913,-6.404175571117499e-05,0.00044241771486132147,0.005201536243235596,1.0164434430898355e-16
PD,500,logs/muon_spectra/soaudit_traj_20260926/PD_a0.25_lr0.01_s260925_ada/scientific/kept/step000500.pt,logs/muon_spectra/soaudit_traj_20260926/PD_a0.25_lr0.01_s260925_ada/scientific/kept/step000501_weights.pt,qk_norm,blocks.2.attn.q_norm.weight,[64],torch.float32,0.002,0.01,2e-05,64,115.93000636465078,115.97222881043703,7.318542657230864e-06,0.021107563621797,4.637200254586032e-08,8.209217204648604e-06,10.767079751011915,10.769040291986888,0.002705280513593898,1.3458849688764893,1.346130036498361,0.00033816006419923724,0.00025125480410225897,0.00018207161617333516,0.7246492930707636,0.00018208660289609213,0.0002153415950202383,0.002865173154392,0.0
PD,500,logs/muon_spectra/soaudit_traj_20260926/PD_a0.25_lr0.01_s260925_ada/scientific/kept/step000500.pt,logs/muon_spectra/soaudit_traj_20260926/PD_a0.25_lr0.01_s260925_ada/scientific/kept/step000501_weights.pt,qk_norm,blocks.2.attn.k_norm.weight,[64],torch.float32,0.002,0.01,2e-05,64,115.93652350477043,115.97877569866911,7.327178266791634e-06,0.021122433360204695,4.637460940190818e-08,8.21845021060173e-06,10.767382388713166,10.769344255741345,0.0027068761085043466,1.3459227985891458,1.346168031967668,0.0003383595135630433,0.00025139592992831855,0.000182189638965115,0.7247119673618558,0.00018220463965645806,0.00021534764777426333,0.002866783949062386,0.0
PD,500,logs/muon_spectra/soaudit_traj_20260926/PD_a0.25_lr0.01_s260925_ada/scientific/kept/step000500.pt,logs/muon_spectra/soaudit_traj_20260926/PD_a0.25_lr0.01_s260925_ada/scientific/kept/step000501_weights.pt,body_norm,blocks.3.ln1.weight,[512],torch.float32,0.002,0.01,2e-05,512,490.03930391034913,489.9939563379492,2.34373336134297e-05,-0.022685504866792883,1.9601572156413969e-07,2.2725929140322126e-05,22.136831388216994,22.135807108347084,0.004841211998397685,0.9783189742869657,0.9782737070843502,0.0002139533645767925,0.00021869489420127974,-4.629323543187285e-05,-0.21167954378151163,-4.6270392177971686e-05,0.0004427366277643399,0.004767172027557022,1.0874781830103336e-16
PD,500,logs/muon_spectra/soaudit_traj_20260926/PD_a0.25_lr0.01_s260925_ada/scientific/kept/step000500.pt,logs/muon_spectra/soaudit_traj_20260926/PD_a0.25_lr0.01_s260925_ada/scientific/kept/step000501_weights.pt,body_norm,blocks.3.ln2.weight,[512],torch.float32,0.002,0.01,2e-05,512,500.9169602527828,500.87281451126705,2.8176847798988547e-05,-0.022086959181777388,2.0036678410111315e-07,2.7493736215818563e-05,22.381174237577053,22.38018799097244,0.005308186865492637,0.9891175046442745,0.9890739182903968,0.00023459093302470048,0.00023717195573145637,-4.409305520546044e-05,-0.18591175786139683,-4.406590083905204e-05,0.0004476234847515411,0.005243446978450203,1.4184840844708708e-17
PD,500,logs/muon_spectra/soaudit_traj_20260926/PD_a0.25_lr0.01_s260925_ada/scientific/kept/step000500.pt,logs/muon_spectra/soaudit_traj_20260926/PD_a0.25_lr0.01_s260925_ada/scientific/kept/step000501_weights.pt,qk_norm,blocks.3.attn.q_norm.weight,[64],torch.float32,0.002,0.01,2e-05,64,122.78875062518804,122.8438567094084,8.659472328531592e-06,0.027548712374013462,4.911550025007523e-08,9.810536323742205e-06,11.081008556317789,11.083494787719639,0.0029426981375145485,1.3851260695397236,1.3854368484649549,0.00036783726718931856,0.0002655623017127608,0.00022435860153106166,0.8448435643314083,0.00022436869254405245,0.0002216201711263558,0.0031321775689992747,0.0
PD,500,logs/muon_spectra/soaudit_traj_20260926/PD_a0.25_lr0.01_s260925_ada/scientific/kept/step000500.pt,logs/muon_spectra/soaudit_traj_20260926/PD_a0.25_lr0.01_s260925_ada/scientific/kept/step000501_weights.pt,qk_norm,blocks.3.attn.k_norm.weight,[64],torch.float32,0.002,0.01,2e-05,64,122.79280928981848,122.84793646703905,8.663671493991387e-06,0.027559256774537744,4.91171237159274e-08,9.815158888688824e-06,11.081191690870549,11.083678832726932,0.0029434115400316326,1.3851489613588186,1.3854598540908665,0.0003679264425039541,0.00026562229245222956,0.0002244370572994363,0.8449481224916385,0.00022444714663971688,0.00022162383381741098,0.0031329153976270767,0.0
PD,500,logs/muon_spectra/soaudit_traj_20260926/PD_a0.25_lr0.01_s260925_ada/scientific/kept/step000500.pt,logs/muon_spectra/soaudit_traj_20260926/PD_a0.25_lr0.01_s260925_ada/scientific/kept/step000501_weights.pt,body_norm,blocks.4.ln1.weight,[512],torch.float32,0.002,0.01,2e-05,512,493.59311691390593,493.5687781570281,2.1166508616943247e-05,-0.012179961693234986,1.974372467655624e-07,2.0876747395979407e-05,22.216955617588695,22.2164078589908,0.004600707403969877,0.9818599984073455,0.9818357906686563,0.00020332446272514106,0.00020708091077643393,-2.4676117384674662e-05,-0.11916171940790418,-2.4654980066873833e-05,0.00044433911235177396,0.004569107943130629,0.0
PD,500,logs/muon_spectra/soaudit_traj_20260926/PD_a0.25_lr0.01_s260925_ada/scientific/kept/step000500.pt,logs/muon_spectra/soaudit_traj_20260926/PD_a0.25_lr0.01_s260925_ada/scientific/kept/step000501_weights.pt,body_norm,blocks.4.ln2.weight,[512],torch.float32,0.002,0.01,2e-05,512,510.5487841888145,510.51399740257693,3.0487707132209607e-05,-0.01740863697238737,2.0421951367552584e-07,2.999558116698964e-05,22.595326600622847,22.594556809164832,0.005521567452473039,0.9985817914015749,0.998547771104071,0.00024402111177641348,0.0002443676761158582,-3.409789135047513e-05,-0.13953519504890996,-3.406861390509164e-05,0.000451906532012457,0.005476822177776967,1.0437926175199586e-16
PD,500,logs/muon_spectra/soaudit_traj_20260926/PD_a0.25_lr0.01_s260925_ada/scientific/kept/step000500.pt,logs/muon_spectra/soaudit_traj_20260926/PD_a0.25_lr0.01_s260925_ada/scientific/kept/step000501_weights.pt,qk_norm,blocks.4.attn.q_norm.weight,[64],torch.float32,0.002,0.01,2e-05,64,115.76220821321498,115.79917138310411,7.451751059761591e-06,0.018477859069037095,4.6304883285286e-08,8.237170305808362e-06,10.759284744499281,10.76100234100449,0.0027297895632743545,1.3449105930624101,1.3451252926255612,0.0003412236954092943,0.00025371478012699387,0.0001596190963721417,0.6291280953054698,0.0001596385397353295,0.00021518569488998565,0.0028700470912179058,0.0
PD,500,logs/muon_spectra/soaudit_traj_20260926/PD_a0.25_lr0.01_s260925_ada/scientific/kept/step000500.pt,logs/muon_spectra/soaudit_traj_20260926/PD_a0.25_lr0.01_s260925_ada/scientific/kept/step000501_weights.pt,qk_norm,blocks.4.attn.k_norm.weight,[64],torch.float32,0.002,0.01,2e-05,64,115.76548044298714,115.8024370791074,7.449041106610821e-06,0.018474593539579587,4.6306192177194865e-08,8.2343310403712e-06,10.759436808819835,10.761154077472705,0.002729293151460799,1.3449296011024794,1.3451442596840881,0.0003411616439325999,0.00025366505700591277,0.00015958637643004526,0.6291224274785526,0.00015960581240292981,0.0002151887361763967,0.0028695524111559977,0.0
PD,500,logs/muon_spectra/soaudit_traj_20260926/PD_a0.25_lr0.01_s260925_ada/scientific/kept/step000500.pt,logs/muon_spectra/soaudit_traj_20260926/PD_a0.25_lr0.01_s260925_ada/scientific/kept/step000501_weights.pt,body_norm,blocks.5.ln1.weight,[512],torch.float32,0.002,0.01,2e-05,512,504.3758574921195,504.3637330887105,2.431100619304516e-05,-0.0060743572075949714,2.0175034299684784e-07,2.4269782247738208e-05,22.458313772234092,22.458043839317583,0.004930619250463897,0.9925266226476225,0.9925146931853894,0.0002179046442157471,0.00021954538975939387,-1.204331475697145e-05,-0.054855694169529436,-1.201928689953391e-05,0.0004491662754446819,0.004926437074371112,4.226269310111866e-17
PD,500,logs/muon_spectra/soaudit_traj_20260926/PD_a0.25_lr0.01_s260925_ada/scientific/kept/step000500.pt,logs/muon_spectra/soaudit_traj_20260926/PD_a0.25_lr0.01_s260925_ada/scientific/kept/step000501_weights.pt,body_norm,blocks.5.ln2.weight,[512],torch.float32,0.002,0.01,2e-05,512,537.1092078831,537.0816925312487,3.50456515079145e-05,-0.013775198751453388,2.1484368315324004e-07,3.4709487241009606e-05,23.175616666727553,23.175023031946456,0.00591993678242551,1.0242272314514391,1.0242009962527352,0.0002616267151905468,0.00025543815586683233,-2.5646923473431708e-05,-0.10040365107710153,-2.5614627202186213e-05,0.0004635123333345511,0.005891475811798739,1.4551919756069833e-16
PD,500,logs/muon_spectra/soaudit_traj_20260926/PD_a0.25_lr0.01_s260925_ada/scientific/kept/step000500.pt,logs/muon_spectra/soaudit_traj_20260926/PD_a0.25_lr0.01_s260925_ada/scientific/kept/step000501_weights.pt,qk_norm,blocks.5.attn.q_norm.weight,[64],torch.float32,0.002,0.01,2e-05,64,117.58048464543052,117.6484281988798,1.3392576249771082e-05,0.03396508043651636,4.703219385817222e-08,1.479821166108991e-05,10.84345353867625,10.84658601583373,0.0036595868960541274,1.3554316923345313,1.3558232519792162,0.00045744836200676593,0.00033749274463169626,0.00028886664771743083,0.8559195784569211,0.0002888818720256925,0.00021686907077352505,0.0038468443770303356,0.0
PD,500,logs/muon_spectra/soaudit_traj_20260926/PD_a0.25_lr0.01_s260925_ada/scientific/kept/step000500.pt,logs/muon_spectra/soaudit_traj_20260926/PD_a0.25_lr0.01_s260925_ada/scientific/kept/step000501_weights.pt,qk_norm,blocks.5.attn.k_norm.weight,[64],torch.float32,0.002,0.01,2e-05,64,117.58278874071983,117.65078001741196,1.340779799363645e-05,0.0339889344470663,4.703311549628794e-08,1.481438848701539e-05,10.843559781765387,10.846694428138555,0.0036616660133928724,1.3554449727206734,1.3558368035173194,0.00045770825167410905,0.00033768117547065655,0.0002890638571433684,0.8560259740285319,0.000289079088071853,0.00021687119563530778,0.0038489464125933725,0.0
PD,500,logs/muon_spectra/soaudit_traj_20260926/PD_a0.25_lr0.01_s260925_ada/scientific/kept/step000500.pt,logs/muon_spectra/soaudit_traj_20260926/PD_a0.25_lr0.01_s260925_ada/scientific/kept/step000501_weights.pt,body_norm,blocks.6.ln1.weight,[512],torch.float32,0.002,0.01,2e-05,512,493.7751209804047,493.77750985118416,2.5077905782211474e-05,0.0011818964368224272,1.9751004839216192e-07,2.532269168807653e-05,22.221051302321516,22.22110505468133,0.005007784518348555,0.9820410038103566,0.9820433793514898,0.00022131489947782953,0.0002253621779733425,2.3935925213804573e-06,0.010621092425116644,2.418983651386597e-06,0.00044442102604643033,0.0050321657055463235,2.8779874400283855e-17
PD,500,logs/muon_spectra/soaudit_traj_20260926/PD_a0.25_lr0.01_s260925_ada/scientific/kept/step000500.pt,logs/muon_spectra/soaudit_traj_20260926/PD_a0.25_lr0.01_s260925_ada/scientific/kept/step000501_weights.pt,body_norm,blocks.6.ln2.weight,[512],torch.float32,0.002,0.01,2e-05,512,562.894619854558,562.8676311170058,4.569062447856709e-05,-0.013517214088324181,2.2515784794182322e-07,4.5375093762975945e-05,23.725400309679877,23.724831529791857,0.006759484039375127,1.0485244653337535,1.0484993285765145,0.0002987298125977743,0.0002849049521249714,-2.4013756059378914e-05,-0.08428690298386059,-2.3973458006865123e-05,0.00047450800619359756,0.006736103752390987,3.1557538067413574e-17
PD,500,logs/muon_spectra/soaudit_traj_20260926/PD_a0.25_lr0.01_s260925_ada/scientific/kept/step000500.pt,logs/muon_spectra/soaudit_traj_20260926/PD_a0.25_lr0.01_s260925_ada/scientific/kept/step000501_weights.pt,qk_norm,blocks.6.attn.q_norm.weight,[64],torch.float32,0.002,0.01,2e-05,64,101.44028611509746,101.5010932878892,1.2547940045237738e-05,0.030397312425847645,4.0576114446038996e-08,1.3804408656717685e-05,10.071756853453993,10.074775098625736,0.003542307164156962,1.258969606681749,1.259346887328217,0.00044278839551962026,0.00035170697780915637,0.00029965720316835323,0.8520081262958439,0.0002996741497693911,0.00020143513706907988,0.0037154284620643263,0.0
PD,500,logs/muon_spectra/soaudit_traj_20260926/PD_a0.25_lr0.01_s260925_ada/scientific/kept/step000500.pt,logs/muon_spectra/soaudit_traj_20260926/PD_a0.25_lr0.01_s260925_ada/scientific/kept/step000501_weights.pt,qk_norm,blocks.6.attn.k_norm.weight,[64],torch.float32,0.002,0.01,2e-05,64,101.44113818116399,101.50195914439493,1.255217672735398e-05,0.030404205527105432,4.0576455272465606e-08,1.3808921403710663e-05,10.07179915313863,10.074818070039525,0.0035429051253673136,1.2589748941423287,1.2593522587549406,0.0004428631406709142,0.0003517648705557492,0.0002997226378987042,0.8520539229092886,0.00029973958525131295,0.0002014359830627726,0.0037160357107690264,0.0
PD,500,logs/muon_spectra/soaudit_traj_20260926/PD_a0.25_lr0.01_s260925_ada/scientific/kept/step000500.pt,logs/muon_spectra/soaudit_traj_20260926/PD_a0.25_lr0.01_s260925_ada/scientific/kept/step000501_weights.pt,body_norm,blocks.7.ln1.weight,[512],torch.float32,0.002,0.01,2e-05,512,497.9177333653682,497.9048135325332,3.124305180435272e-05,-0.006475537943419596,1.991670933461473e-07,3.118319737996208e-05,22.314070300269474,22.31378079870225,0.00558954844368959,0.9861519015746179,0.9861391072920336,0.0002470254755189764,0.0002504943458756643,-1.3005236627448848e-05,-0.05191828415122848,-1.2973947080441306e-05,0.0004462814060053895,0.005584191739183217,7.848656082736667e-17
PD,500,logs/muon_spectra/soaudit_traj_20260926/PD_a0.25_lr0.01_s260925_ada/scientific/kept/step000500.pt,logs/muon_spectra/soaudit_traj_20260926/PD_a0.25_lr0.01_s260925_ada/scientific/kept/step000501_weights.pt,body_norm,blocks.7.ln2.weight,[512],torch.float32,0.002,0.01,2e-05,512,609.330310871565,609.3029487574343,4.383468467494822e-05,-0.013702974407706847,2.43732124348626e-07,4.353029782298857e-05,24.684616887275464,24.684062646927355,0.006620776742569426,1.0909162494990279,1.0908917553047432,0.0002925997582120639,0.0002682146849920257,-2.2488581584110903e-05,-0.08384545232778552,-2.2452864091082603e-05,0.0004936923377455093,0.006597749451365108,4.6644174634527175e-17
PD,500,logs/muon_spectra/soaudit_traj_20260926/PD_a0.25_lr0.01_s260925_ada/scientific/kept/step000500.pt,logs/muon_spectra/soaudit_traj_20260926/PD_a0.25_lr0.01_s260925_ada/scientific/kept/step000501_weights.pt,qk_norm,blocks.7.attn.q_norm.weight,[64],torch.float32,0.002,0.01,2e-05,64,90.57990208496902,90.60105127031798,5.227472726687665e-06,0.0105719789381169,3.623196083398761e-08,5.686583845046329e-06,9.51734742903552,9.518458450312108,0.0022863667087078716,1.18966842862944,1.1898073062890135,0.00028579583858848396,0.00024023150628426412,0.00011671440015688901,0.48584135346003177,0.00011673644204668321,0.0001903469485807104,0.00238465591753744,0.0
PD,500,logs/muon_spectra/soaudit_traj_20260926/PD_a0.25_lr0.01_s260925_ada/scientific/kept/step000500.pt,logs/muon_spectra/soaudit_traj_20260926/PD_a0.25_lr0.01_s260925_ada/scientific/kept/step000501_weights.pt,qk_norm,blocks.7.attn.k_norm.weight,[64],torch.float32,0.002,0.01,2e-05,64,90.5812979757034,90.6024459026134,5.230414643619952e-06,0.010571348247680135,3.6232519190281366e-08,5.689501092717439e-06,9.517420762775144,9.518531709387398,0.0022870099789069464,1.189677595346893,1.1898164636734248,0.0002858762473633683,0.00024029724396046215,0.00011670563884518067,0.4856719824234983,0.00011672769755022294,0.0001903484152555029,0.002385267509676313,0.0
PD,500,logs/muon_spectra/soaudit_traj_20260926/PD_a0.25_lr0.01_s260925_ada/scientific/kept/step000500.pt,logs/muon_spectra/soaudit_traj_20260926/PD_a0.25_lr0.01_s260925_ada/scientific/kept/step000501_weights.pt,final_norm,norm.weight,[512],torch.float32,0.002,0.01,2e-05,512,919.910434028237,920.1730839055276,5.712639022448229e-05,0.13129637545019435,3.6796417361129485e-07,6.274620941610136e-05,30.330025288948192,30.33435484571128,0.0075582001974334005,1.3404104097109215,1.340601750895091,0.0003340284133231662,0.000249198611785777,0.00014272734669967246,0.5727453522990236,0.00014274820814841327,0.000606600505778964,0.007921250495729911,3.088735144237495e-17
PD,500,logs/muon_spectra/soaudit_traj_20260926/PD_a0.25_lr0.01_s260925_ada/scientific/kept/step000500.pt,logs/muon_spectra/soaudit_traj_20260926/PD_a0.25_lr0.01_s260925_ada/scientific/kept/step000501_weights.pt,head,head.weight,"[50304, 512]",torch.float32,0.002,0.01,2e-05,25755648,83713.30838601367,83806.82018733719,4.595754947792267,44.45802318785862,3.3485323354405476e-05,4.597566754043136,289.3325221713136,289.49407625603874,2.1437711976310037,0.05701130896219796,0.05704314226517148,0.0004224177813651947,0.0074093682298240855,0.0005310747364428188,0.07167611596156664,0.0005583682176921734,0.005786650443426272,2.1441937305297616,1.100488562810265e-16
PD,900,logs/muon_spectra/soaudit_traj_20260926/PD_a0.25_lr0.01_s260925_ada/scientific/kept/step000900.pt,logs/muon_spectra/soaudit_traj_20260926/PD_a0.25_lr0.01_s260925_ada/scientific/kept/step000901_weights.pt,token_embedding,embed.weight,"[50304, 512]",torch.float32,0.002,0.01,2e-05,25755648,102083.26840243426,102182.14025140447,4.686228675240318,47.0928101474893,4.083330736097371e-05,4.688153220953578,319.5047235995647,319.65941289348024,2.1647698896742624,0.062956567672787,0.06298704830822464,0.00042655545282672307,0.006775392442671265,0.00046131761731843545,0.06808721726775084,0.00048415338644369754,0.006390094471991295,2.1652143591232664,3.768898966438325e-17
PD,900,logs/muon_spectra/soaudit_traj_20260926/PD_a0.25_lr0.01_s260925_ada/scientific/kept/step000900.pt,logs/muon_spectra/soaudit_traj_20260926/PD_a0.25_lr0.01_s260925_ada/scientific/kept/step000901_weights.pt,position_embedding,position.weight,"[512, 512]",torch.float32,0.002,0.01,2e-05,262144,357.4143524535083,357.8504432658202,0.038996272788318756,0.19854726976178777,1.4296574098140334e-07,0.03900435764485021,18.905405376598203,18.91693535607235,0.1974747396208405,0.036924619876168366,0.03694713936732881,0.0003856928508219541,0.010445411546968566,0.0005555100638763923,0.05318220937284282,0.0006098773998477469,0.0003781081075319641,0.19749520916936242,1.0424325113856376e-16
PD,900,logs/muon_spectra/soaudit_traj_20260926/PD_a0.25_lr0.01_s260925_ada/scientific/kept/step000900.pt,logs/muon_spectra/soaudit_traj_20260926/PD_a0.25_lr0.01_s260925_ada/scientific/kept/step000901_weights.pt,body_norm,blocks.0.ln1.weight,[512],torch.float32,0.002,0.01,2e-05,512,335.38340447462997,335.25355033259405,4.51148250064648e-05,-0.06494962843047247,1.34153361789852e-07,4.2650993231035754e-05,18.313476034729998,18.30993037487019,0.006716757030477193,0.8093489432034316,0.809192245695266,0.0002968415277395526,0.0003667658186648683,-0.0001936578481938142,-0.5280149848717739,-0.000193609331897604,0.00036626952069459997,0.006530772789726784,4.237196750227688e-17
PD,900,logs/muon_spectra/soaudit_traj_20260926/PD_a0.25_lr0.01_s260925_ada/scientific/kept/step000900.pt,logs/muon_spectra/soaudit_traj_20260926/PD_a0.25_lr0.01_s260925_ada/scientific/kept/step000901_weights.pt,body_norm,blocks.0.ln2.weight,[512],torch.float32,0.002,0.01,2e-05,512,489.3649063156229,489.3360345328109,2.2705200478867482e-05,-0.01444724400615982,1.957459625262492e-07,2.2323056681147338e-05,22.121593665819443,22.12094108605714,0.0047649974269528715,0.977645555734644,0.9776167155111948,0.00021058512455842662,0.00021540027806926825,-2.9522435752354226e-05,-0.13705848486815983,-2.9499672227872864e-05,0.0004424318733163889,0.00472472821241046,2.468347515735228e-16
PD,900,logs/muon_spectra/soaudit_traj_20260926/PD_a0.25_lr0.01_s260925_ada/scientific/kept/step000900.pt,logs/muon_spectra/soaudit_traj_20260926/PD_a0.25_lr0.01_s260925_ada/scientific/kept/step000901_weights.pt,qk_norm,blocks.0.attn.q_norm.weight,[64],torch.float32,0.002,0.01,2e-05,64,74.57665579572009,74.56100539581499,3.7036982121207984e-06,-0.007827051801655216,2.983066231828804e-08,3.420446802372878e-06,8.635777660160091,8.63487147535011,0.0019244994705431328,1.0794722075200114,1.0793589344187637,0.0002405624338178916,0.00022285190127364354,-0.00010495310788801026,-0.470954509646012,-0.00010493378195242098,0.00017271555320320182,0.001849444998471941,0.0
PD,900,logs/muon_spectra/soaudit_traj_20260926/PD_a0.25_lr0.01_s260925_ada/scientific/kept/step000900.pt,logs/muon_spectra/soaudit_traj_20260926/PD_a0.25_lr0.01_s260925_ada/scientific/kept/step000901_weights.pt,qk_norm,blocks.0.attn.k_norm.weight,[64],torch.float32,0.002,0.01,2e-05,64,74.58270568054091,74.5670393671706,3.6983202420515227e-06,-0.007835005845279852,2.983308227221637e-08,3.414753090512545e-06,8.636127933312528,8.635220863832643,0.0019231017243119312,1.079515991664066,1.0794026079790804,0.0002403877155389914,0.00022268101389441716,-0.00010505124175622464,-0.47175661687095627,-0.00010503196419597849,0.00017272255866625057,0.00184790505451783,0.0
PD,900,logs/muon_spectra/soaudit_traj_20260926/PD_a0.25_lr0.01_s260925_ada/scientific/kept/step000900.pt,logs/muon_spectra/soaudit_traj_20260926/PD_a0.25_lr0.01_s260925_ada/scientific/kept/step000901_weights.pt,body_norm,blocks.1.ln1.weight,[512],torch.float32,0.002,0.01,2e-05,512,460.9102077694243,460.8957192504507,2.8846068378385326e-05,-0.007258682520980386,1.8436408310776975e-07,2.874008516065388e-05,21.46881943119892,21.468481996882097,0.005370853598673615,0.9487967377418921,0.9487818251110403,0.00023736043752389284,0.00025016995535714383,-1.5748582692730525e-05,-0.06295153496848882,-1.5717413707982963e-05,0.0004293763886239784,0.005360978004119573,3.854019306703864e-17
PD,900,logs/muon_spectra/soaudit_traj_20260926/PD_a0.25_lr0.01_s260925_ada/scientific/kept/step000900.pt,logs/muon_spectra/soaudit_traj_20260926/PD_a0.25_lr0.01_s260925_ada/scientific/kept/step000901_weights.pt,body_norm,blocks.1.ln2.weight,[512],torch.float32,0.002,0.01,2e-05,512,469.73210404455153,469.6833957103577,2.9911676286076272e-05,-0.024369122935091525,1.8789284161782065e-07,2.9124804210290434e-05,21.673303948511208,21.67218022512635,0.005469156816738415,0.9578337620443407,0.9577841000177401,0.00024170486703052282,0.0002523453198336244,-5.1878768185664073e-05,-0.2055864092104765,-5.1848273227128594e-05,0.0004334660789702242,0.005396740146633932,7.563276276435952e-17
PD,900,logs/muon_spectra/soaudit_traj_20260926/PD_a0.25_lr0.01_s260925_ada/scientific/kept/step000900.pt,logs/muon_spectra/soaudit_traj_20260926/PD_a0.25_lr0.01_s260925_ada/scientific/kept/step000901_weights.pt,qk_norm,blocks.1.attn.q_norm.weight,[64],torch.float32,0.002,0.01,2e-05,64,113.22431130738475,113.24270913639498,4.883140050537804e-06,0.00919647293508774,4.528972452295391e-08,5.2962886924642686e-06,10.64069129837835,10.641555766728612,0.0022097828061910982,1.3300864122972937,1.3301944708410764,0.0002762228507738873,0.00020767286111644556,8.122348309207976e-05,0.39111265022990377,8.124174698997955e-05,0.00021281382596756703,0.002301366700998402,0.0
PD,900,logs/muon_spectra/soaudit_traj_20260926/PD_a0.25_lr0.01_s260925_ada/scientific/kept/step000900.pt,logs/muon_spectra/soaudit_traj_20260926/PD_a0.25_lr0.01_s260925_ada/scientific/kept/step000901_weights.pt,qk_norm,blocks.1.attn.k_norm.weight,[64],torch.float32,0.002,0.01,2e-05,64,113.23648282884292,113.2548882681557,4.890651297273507e-06,0.009200274330737557,4.529459313153718e-08,5.303956863634546e-06,10.641263215842512,10.642127995290965,0.0022114816972503993,1.330157901980314,1.3302659994113706,0.0002764352121562999,0.000207821350942432,8.124832298653944e-05,0.39095272270194126,8.12666157121722e-05,0.00021282526431685026,0.002303032102171949,0.0
PD,900,logs/muon_spectra/soaudit_traj_20260926/PD_a0.25_lr0.01_s260925_ada/scientific/kept/step000900.pt,logs/muon_spectra/soaudit_traj_20260926/PD_a0.25_lr0.01_s260925_ada/scientific/kept/step000901_weights.pt,body_norm,blocks.2.ln1.weight,[512],torch.float32,0.002,0.01,2e-05,512,478.4424691808087,478.407274089001,2.272203849074117e-05,-0.01760890692308692,1.9137698767232352e-07,2.2209059201490014e-05,21.8733278030758,21.872523267538224,0.004766763943257645,0.9666736510419465,0.9666380952585513,0.00021066319428706299,0.00021792586780450246,-3.680464853639972e-05,-0.16888609373081187,-3.678157913677982e-05,0.000437466556061516,0.0047126488519186336,7.425581773464787e-18
PD,900,logs/muon_spectra/soaudit_traj_20260926/PD_a0.25_lr0.01_s260925_ada/scientific/kept/step000900.pt,logs/muon_spectra/soaudit_traj_20260926/PD_a0.25_lr0.01_s260925_ada/scientific/kept/step000901_weights.pt,body_norm,blocks.2.ln2.weight,[512],torch.float32,0.002,0.01,2e-05,512,473.6241151445382,473.57594288049245,2.7918796519088573e-05,-0.02410009142117886,1.8944964605781532e-07,2.7144242508299235e-05,21.762906863388867,21.7618000836441,0.005283824043161219,0.9617936888395953,0.9617447756231701,0.00023351423821973868,0.0002427903623504473,-5.088442638488565e-05,-0.20958173912784187,-5.085624598366589e-05,0.0004352581372677774,0.005210013676402322,1.3502024954724578e-16
PD,900,logs/muon_spectra/soaudit_traj_20260926/PD_a0.25_lr0.01_s260925_ada/scientific/kept/step000900.pt,logs/muon_spectra/soaudit_traj_20260926/PD_a0.25_lr0.01_s260925_ada/scientific/kept/step000901_weights.pt,qk_norm,blocks.2.attn.q_norm.weight,[64],torch.float32,0.002,0.01,2e-05,64,137.38711563129618,137.39474503138612,5.285706521362954e-06,0.003812057191709073,5.495484625251848e-08,5.493143655283835e-06,11.721225005574126,11.721550453390803,0.0022990664456172104,1.4651531256967658,1.4651938066738504,0.0002873833057021513,0.00019614557732010692,2.7746831820382893e-05,0.14146039997170284,2.776568289752923e-05,0.00023442450011148256,0.002343745646456508,0.0
PD,900,logs/muon_spectra/soaudit_traj_20260926/PD_a0.25_lr0.01_s260925_ada/scientific/kept/step000900.pt,logs/muon_spectra/soaudit_traj_20260926/PD_a0.25_lr0.01_s260925_ada/scientific/kept/step000901_weights.pt,qk_norm,blocks.2.attn.k_norm.weight,[64],torch.float32,0.002,0.01,2e-05,64,137.4144649433548,137.42214220207254,5.2844715696664935e-06,0.0038359871230824183,5.496578597734193e-08,5.492876840567132e-06,11.72239160510153,11.722719061807824,0.002298797853154229,1.4652989506376912,1.465339882725978,0.00028734973164427864,0.00019610314435782912,2.7915453621739858e-05,0.14235087210433794,2.793429168113093e-05,0.0002344478321020306,0.002343688725186673,0.0
PD,900,logs/muon_spectra/soaudit_traj_20260926/PD_a0.25_lr0.01_s260925_ada/scientific/kept/step000900.pt,logs/muon_spectra/soaudit_traj_20260926/PD_a0.25_lr0.01_s260925_ada/scientific/kept/step000901_weights.pt,body_norm,blocks.3.ln1.weight,[512],torch.float32,0.002,0.01,2e-05,512,475.6545408348243,475.6208481272173,2.3543403436576682e-05,-0.016858125505191168,1.9026181633392975e-07,2.3059340232702964e-05,21.809505744854107,21.808733299465544,0.004852154514911565,0.9638530879070815,0.9638189503213097,0.00021443696005368066,0.00022247888474301704,-3.5441952210954124e-05,-0.1593047908878757,-3.541783099525464e-05,0.0004361901148970822,0.0048020141849751926,5.975283948834144e-17
PD,900,logs/muon_spectra/soaudit_traj_20260926/PD_a0.25_lr0.01_s260925_ada/scientific/kept/step000900.pt,logs/muon_spectra/soaudit_traj_20260926/PD_a0.25_lr0.01_s260925_ada/scientific/kept/step000901_weights.pt,body_norm,blocks.3.ln2.weight,[512],torch.float32,0.002,0.01,2e-05,512,486.3561842663791,486.30340665292886,2.614000688794249e-05,-0.02640187672854566,1.9454247370655168e-07,2.5278474292507217e-05,22.053484628656285,22.052288014011808,0.0051127298860728495,0.9746355331072594,0.9745826497116608,0.00022595287330107728,0.00023183319879659158,-5.428506428548928e-05,-0.23415569714464632,-5.425966302496921e-05,0.0004410696925731258,0.005027770310237652,8.765708245267422e-17
PD,900,logs/muon_spectra/soaudit_traj_20260926/PD_a0.25_lr0.01_s260925_ada/scientific/kept/step000900.pt,logs/muon_spectra/soaudit_traj_20260926/PD_a0.25_lr0.01_s260925_ada/scientific/kept/step000901_weights.pt,qk_norm,blocks.3.attn.q_norm.weight,[64],torch.float32,0.002,0.01,2e-05,64,143.50527761934399,143.54347698388915,5.871108882615772e-06,0.019096746718147983,5.7402111047737605e-08,6.692380862389428e-06,11.979368832260905,11.980963107525586,0.0024230371195290783,1.497421104032613,1.4976203884406982,0.0003028796399411348,0.00020226751120674616,0.0001330734801879775,0.6579083284015764,0.00013308508044151957,0.00023958737664521812,0.0025869636376241218,9.900035176657302e-17
PD,900,logs/muon_spectra/soaudit_traj_20260926/PD_a0.25_lr0.01_s260925_ada/scientific/kept/step000900.pt,logs/muon_spectra/soaudit_traj_20260926/PD_a0.25_lr0.01_s260925_ada/scientific/kept/step000901_weights.pt,qk_norm,blocks.3.attn.k_norm.weight,[64],torch.float32,0.002,0.01,2e-05,64,143.517987243582,143.55620522426995,5.875650771258734e-06,0.01910605251858044,5.740719489743281e-08,6.697300066899383e-06,11.97989930022711,11.981494281777627,0.002423974168851379,1.4974874125283888,1.4976867852222033,0.00030299677110642235,0.00020233677329870595,0.00013312653616130506,0.6579453353482755,0.00013313814336357588,0.00023959798600454223,0.00258791423097818,0.0
PD,900,logs/muon_spectra/soaudit_traj_20260926/PD_a0.25_lr0.01_s260925_ada/scientific/kept/step000900.pt,logs/muon_spectra/soaudit_traj_20260926/PD_a0.25_lr0.01_s260925_ada/scientific/kept/step000901_weights.pt,body_norm,blocks.4.ln1.weight,[512],torch.float32,0.002,0.01,2e-05,512,485.2071511634534,485.1860836119014,2.0516487936106387e-05,-0.010544034020007587,1.940828604653814e-07,2.0288809435771464e-05,22.027418168352217,22.02693995115757,0.00452951299105173,0.9734835474296009,0.9734624130157747,0.0002001780844653275,0.00020563068065596016,-2.1730994678715242e-05,-0.10567972935455715,-2.1710088354165435e-05,0.00044054836336704443,0.004504310095427652,1.7572933145515094e-16
PD,900,logs/muon_spectra/soaudit_traj_20260926/PD_a0.25_lr0.01_s260925_ada/scientific/kept/step000900.pt,logs/muon_spectra/soaudit_traj_20260926/PD_a0.25_lr0.01_s260925_ada/scientific/kept/step000901_weights.pt,body_norm,blocks.4.ln2.weight,[512],torch.float32,0.002,0.01,2e-05,512,492.5407108707961,492.47995177684936,3.5501320567732364e-05,-0.030397297633669496,1.9701628434831847e-07,3.44824449467339e-05,22.193258230165217,22.191889324184395,0.005958298462458251,0.9808127119483737,0.9807522142795084,0.0002633220779461006,0.0002684733535141629,-6.171529979710317e-05,-0.22987495402908756,-6.168116310922844e-05,0.00044386516460330434,0.005872175486711369,8.65564271230149e-17
PD,900,logs/muon_spectra/soaudit_traj_20260926/PD_a0.25_lr0.01_s260925_ada/scientific/kept/step000900.pt,logs/muon_spectra/soaudit_traj_20260926/PD_a0.25_lr0.01_s260925_ada/scientific/kept/step000901_weights.pt,qk_norm,blocks.4.attn.q_norm.weight,[64],torch.float32,0.002,0.01,2e-05,64,134.3834428388057,134.41530013718537,5.224927846825267e-06,0.01592603672590087,5.375337713552229e-08,5.9157226929968245e-06,11.592387279538487,11.593761259280155,0.0022858101073416548,1.4490484099423109,1.4492201574100194,0.00028572626341770685,0.00019718199989542248,0.00011851189692322672,0.6010279690138082,0.00011852431328729374,0.00023184774559076974,0.002432225872117313,1.0572349056021366e-16
PD,900,logs/muon_spectra/soaudit_traj_20260926/PD_a0.25_lr0.01_s260925_ada/scientific/kept/step000900.pt,logs/muon_spectra/soaudit_traj_20260926/PD_a0.25_lr0.01_s260925_ada/scientific/kept/step000901_weights.pt,qk_norm,blocks.4.attn.k_norm.weight,[64],torch.float32,0.002,0.01,2e-05,64,134.39641822860142,134.42828491035755,5.2251652817858485e-06,0.015930728295430185,5.3758567291440574e-08,5.916152980894497e-06,11.592946917354595,11.594321235430625,0.0022858620434719696,1.4491183646693244,1.4492901544288281,0.0002857327554339962,0.00019717696110986612,0.00011853536355658551,0.6011623411243169,0.00011854777614583867,0.00023185893834709194,0.002432314326088324,1.0571327845682477e-16
PD,900,logs/muon_spectra/soaudit_traj_20260926/PD_a0.25_lr0.01_s260925_ada/scientific/kept/step000900.pt,logs/muon_spectra/soaudit_traj_20260926/PD_a0.25_lr0.01_s260925_ada/scientific/kept/step000901_weights.pt,body_norm,blocks.5.ln1.weight,[512],torch.float32,0.002,0.01,2e-05,512,495.297250344703,495.28363414158986,2.2737491864432968e-05,-0.0068194703024992975,1.9811890013788122e-07,2.266283195247088e-05,22.25527466342986,22.254968751754962,0.004768384617921772,0.9835534769800257,0.9835399574662906,0.00021073481866488186,0.00021425862812456055,-1.376843965467863e-05,-0.06426084109282294,-1.3745580745294639e-05,0.0004451054932685972,0.004760549543116937,2.15186759647544e-17
PD,900,logs/muon_spectra/soaudit_traj_20260926/PD_a0.25_lr0.01_s260925_ada/scientific/kept/step000900.pt,logs/muon_spectra/soaudit_traj_20260926/PD_a0.25_lr0.01_s260925_ada/scientific/kept/step000901_weights.pt,body_norm,blocks.5.ln2.weight,[512],torch.float32,0.002,0.01,2e-05,512,519.7217546237874,519.6635720799616,3.823773996103341e-05,-0.029110390782904005,2.07888701849515e-07,3.728121303156677e-05,22.79740675216783,22.796130638333373,0.0061836671935861336,1.0075125567453662,1.0074561599487468,0.0002732820628240964,0.00027124432444484596,-5.6011491772123785e-05,-0.20649829959304086,-5.597627170184083e-05,0.00045594813504335667,0.006105834343606676,3.417899719603054e-17
PD,900,logs/muon_spectra/soaudit_traj_20260926/PD_a0.25_lr0.01_s260925_ada/scientific/kept/step000900.pt,logs/muon_spectra/soaudit_traj_20260926/PD_a0.25_lr0.01_s260925_ada/scientific/kept/step000901_weights.pt,qk_norm,blocks.5.attn.q_norm.weight,[64],torch.float32,0.002,0.01,2e-05,64,134.76911167844435,134.79889380512788,5.122144116853633e-06,0.014888502269712944,5.390764467137775e-08,5.771591852313528e-06,11.609009935323698,11.610292580513546,0.0022632154375696613,1.4511262419154622,1.4512865725641932,0.00028290192969620767,0.00019495335521104066,0.0001104741441439232,0.5666696221992839,0.00011048704385574482,0.000232180198706474,0.0024024137554371286,1.0542263600282905e-16
PD,900,logs/muon_spectra/soaudit_traj_20260926/PD_a0.25_lr0.01_s260925_ada/scientific/kept/step000900.pt,logs/muon_spectra/soaudit_traj_20260926/PD_a0.25_lr0.01_s260925_ada/scientific/kept/step000901_weights.pt,qk_norm,blocks.5.attn.k_norm.weight,[64],torch.float32,0.002,0.01,2e-05,64,134.7763001642701,134.80608198114044,5.125192430455172e-06,0.01488834583895482,5.3910520065708056e-08,5.774636784079072e-06,11.609319539243897,11.610602136889389,0.002263888784913069,1.451164942405487,1.4513252671111736,0.0002829860981141336,0.00019500615667096316,0.00011046709117855571,0.5664800181921872,0.00011048000196356433,0.00023218639078487796,0.0024030473953043606,1.0541701462097328e-16
PD,900,logs/muon_spectra/soaudit_traj_20260926/PD_a0.25_lr0.01_s260925_ada/scientific/kept/step000900.pt,logs/muon_spectra/soaudit_traj_20260926/PD_a0.25_lr0.01_s260925_ada/scientific/kept/step000901_weights.pt,body_norm,blocks.6.ln1.weight,[512],torch.float32,0.002,0.01,2e-05,512,486.5873400266413,486.5781350217636,2.6948082933131445e-05,-0.004615976480305761,1.9463493601065655e-07,2.6958078809929874e-05,22.058724805088833,22.05851615639102,0.005191154296794832,0.9748671183753885,0.9748578973185692,0.00022941877534058184,0.00023533338135653517,-9.486429466194148e-06,-0.04031059857089293,-9.45878330027572e-06,0.00044117449610177664,0.005192116987311618,1.4602573419217956e-17
PD,900,logs/muon_spectra/soaudit_traj_20260926/PD_a0.25_lr0.01_s260925_ada/scientific/kept/step000900.pt,logs/muon_spectra/soaudit_traj_20260926/PD_a0.25_lr0.01_s260925_ada/scientific/kept/step000901_weights.pt,body_norm,blocks.6.ln2.weight,[512],torch.float32,0.002,0.01,2e-05,512,538.8471187904781,538.7933486231168,4.6684061551616196e-05,-0.02690842571141161,2.1553884751619128e-07,4.582326337067592e-05,23.213080769050844,23.211922553358583,0.006832573567230447,1.0258829265016807,1.0258317401160508,0.000301959943896538,0.0002943415238678732,-4.993703180934055e-05,-0.16965676861738596,-4.989495809648581e-05,0.0004642616153810169,0.006769288246978106,1.186771609022456e-16
PD,900,logs/muon_spectra/soaudit_traj_20260926/PD_a0.25_lr0.01_s260925_ada/scientific/kept/step000900.pt,logs/muon_spectra/soaudit_traj_20260926/PD_a0.25_lr0.01_s260925_ada/scientific/kept/step000901_weights.pt,qk_norm,blocks.6.attn.q_norm.weight,[64],torch.float32,0.002,0.01,2e-05,64,117.36467335035223,117.39774931079253,5.1384453740865865e-06,0.016535410997462918,4.69458693401409e-08,5.846807683325244e-06,10.833497743127666,10.835024195210297,0.0022668139257748057,1.3541872178909582,1.354378024401287,0.0002833517407218507,0.0002092411868745513,0.00014088916643683813,0.6733338141563256,0.0001409011308097785,0.00021666995486255335,0.0024180173041823427,0.0
PD,900,logs/muon_spectra/soaudit_traj_20260926/PD_a0.25_lr0.01_s260925_ada/scientific/kept/step000900.pt,logs/muon_spectra/soaudit_traj_20260926/PD_a0.25_lr0.01_s260925_ada/scientific/kept/step000901_weights.pt,qk_norm,blocks.6.attn.k_norm.weight,[64],torch.float32,0.002,0.01,2e-05,64,117.36832689210927,117.40142234785249,5.140860480423726e-06,0.01654515744137086,4.6947330756843714e-08,5.849614108835404e-06,10.833666364260498,10.835193692216697,0.0022673465726314812,1.3542082955325623,1.354399211527087,0.00028341832157893515,0.00020928709602054002,0.00014096782223520988,0.673561939152593,0.00014097978512972453,0.00021667332728520996,0.0024185975499936745,0.0
PD,900,logs/muon_spectra/soaudit_traj_20260926/PD_a0.25_lr0.01_s260925_ada/scientific/kept/step000900.pt,logs/muon_spectra/soaudit_traj_20260926/PD_a0.25_lr0.01_s260925_ada/scientific/kept/step000901_weights.pt,body_norm,blocks.7.ln1.weight,[512],torch.float32,0.002,0.01,2e-05,512,497.99652790078164,497.9910303913652,3.974578037357901e-05,-0.002768627598406681,1.9919861116031269e-07,3.9834233880803056e-05,22.315835810042643,22.315712634629556,0.006304425459435539,0.9862299268204217,0.9862244831848047,0.0002786188746157491,0.00028250904483704804,-5.559531931030428e-06,-0.01967912897881617,-5.519641484097448e-06,0.0004463167162008529,0.006311436752499629,7.134012949400173e-18
PD,900,logs/muon_spectra/soaudit_traj_20260926/PD_a0.25_lr0.01_s260925_ada/scientific/kept/step000900.pt,logs/muon_spectra/soaudit_traj_20260926/PD_a0.25_lr0.01_s260925_ada/scientific/kept/step000901_weights.pt,body_norm,blocks.7.ln2.weight,[512],torch.float32,0.002,0.01,2e-05,512,595.5363798035312,595.4484745931229,5.3178991002766907e-05,-0.043979194699648616,2.382145519214125e-07,5.165803776670237e-05,24.403614072582183,24.401812936606223,0.007292392680236502,1.078497562261395,1.0784179625449926,0.0003222812697043983,0.000298824291293379,-7.384804050788207e-05,-0.2471286393360161,-7.380611620066979e-05,0.0004880722814516437,0.007187352625737962,2.3862278102792306e-17
PD,900,logs/muon_spectra/soaudit_traj_20260926/PD_a0.25_lr0.01_s260925_ada/scientific/kept/step000900.pt,logs/muon_spectra/soaudit_traj_20260926/PD_a0.25_lr0.01_s260925_ada/scientific/kept/step000901_weights.pt,qk_norm,blocks.7.attn.q_norm.weight,[64],torch.float32,0.002,0.01,2e-05,64,98.82110597958527,98.83257440637611,5.790691901097489e-06,0.0057313180494702465,3.9528442391834116e-08,6.059473065468133e-06,9.940880543472257,9.94145735827379,0.002406385650949882,1.2426100679340322,1.2426821697842239,0.00030079820636873527,0.0002420696678152974,5.799690251042361e-05,0.23958764860484735,5.802451795000607e-05,0.00019881761086944515,0.002461599696430785,0.0
PD,900,logs/muon_spectra/soaudit_traj_20260926/PD_a0.25_lr0.01_s260925_ada/scientific/kept/step000900.pt,logs/muon_spectra/soaudit_traj_20260926/PD_a0.25_lr0.01_s260925_ada/scientific/kept/step000901_weights.pt,qk_norm,blocks.7.attn.k_norm.weight,[64],torch.float32,0.002,0.01,2e-05,64,98.82595296700224,98.83743576339933,5.7922757861206264e-06,0.00573850206065174,3.9530381186800904e-08,6.061346249733497e-06,9.941124331130872,9.94170185448142,0.0024067147288618623,1.242640541391359,1.2427127318101776,0.0003008393411077328,0.00024209683419059314,5.806675158060771e-05,0.23984928086624244,5.8094369541183966e-05,0.00019882248662261747,0.002461980148119293,0.0
PD,900,logs/muon_spectra/soaudit_traj_20260926/PD_a0.25_lr0.01_s260925_ada/scientific/kept/step000900.pt,logs/muon_spectra/soaudit_traj_20260926/PD_a0.25_lr0.01_s260925_ada/scientific/kept/step000901_weights.pt,final_norm,norm.weight,[512],torch.float32,0.002,0.01,2e-05,512,963.6438869444019,963.6002227080172,4.372619626735741e-05,-0.02185398129048366,3.854575547777608e-07,4.323749457051582e-05,31.042614048182248,31.041910745120333,0.006612578639786253,1.3719026812016533,1.371871599303884,0.00029223744983263597,0.00021301616640669033,-2.2678482774150096e-05,-0.10646366966745777,-2.2656051478886496e-05,0.000620852280963645,0.006575522380048282,5.898799300336104e-17
PD,900,logs/muon_spectra/soaudit_traj_20260926/PD_a0.25_lr0.01_s260925_ada/scientific/kept/step000900.pt,logs/muon_spectra/soaudit_traj_20260926/PD_a0.25_lr0.01_s260925_ada/scientific/kept/step000901_weights.pt,head,head.weight,"[50304, 512]",torch.float32,0.002,0.01,2e-05,25755648,118758.72445187655,118841.38316886034,4.638491457822515,39.01011276297344,4.750348978075063e-05,4.640099365822817,344.6138773350205,344.7337859404853,2.153715732826065,0.0679041819632531,0.06792780926412505,0.0004243772948144136,0.006249648880890263,0.00032848207946845314,0.05256008549102055,0.0003479506002255217,0.00689227754670041,2.154088987442909,1.5317984699242154e-16
SPD,200,logs/muon_spectra/soaudit_traj_20260926/SPD_a0.25_lr0.01_s260925_ada/scientific/kept/step000200.pt,logs/muon_spectra/soaudit_traj_20260926/SPD_a0.25_lr0.01_s260925_ada/scientific/kept/step000201_weights.pt,token_embedding,embed.weight,"[50304, 512]",torch.float32,0.002,0.01,2e-05,25755648,31634.71037255729,31738.543740985908,5.07619138846074,49.378588520075816,1.2653884149022918e-05,5.078179185885691,177.8614921014588,178.1531468736545,2.2530404764363956,0.03504658378040835,0.03510405267537794,0.0004439486641270095,0.01266738769486527,0.0015608990232106287,0.12322185606139928,0.0016397859297689887,0.0035572298420291763,2.2534815699014916,2.0865035117324584e-16
SPD,200,logs/muon_spectra/soaudit_traj_20260926/SPD_a0.25_lr0.01_s260925_ada/scientific/kept/step000200.pt,logs/muon_spectra/soaudit_traj_20260926/SPD_a0.25_lr0.01_s260925_ada/scientific/kept/step000201_weights.pt,position_embedding,position.weight,"[512, 512]",torch.float32,0.002,0.01,2e-05,262144,140.3188243848025,140.649067192587,0.02721801385428034,0.15151239696512225,5.612752975392101e-08,0.0272241304776887,11.845624693734075,11.85955594415689,0.16497882850317594,0.023135985729949366,0.023163195203431425,0.0003222242744202655,0.01392740634357967,0.0010797724227622027,0.07752860770519286,0.001176067179486484,0.0002369124938746815,0.16499736506286608,7.025275827556058e-17
SPD,200,logs/muon_spectra/soaudit_traj_20260926/SPD_a0.25_lr0.01_s260925_ada/scientific/kept/step000200.pt,logs/muon_spectra/soaudit_traj_20260926/SPD_a0.25_lr0.01_s260925_ada/scientific/kept/step000201_weights.pt,body_norm,blocks.0.ln1.weight,[512],torch.float32,0.002,0.01,2e-05,512,481.2481327111234,481.07078237226193,3.8444642079582536e-05,-0.08869439175177973,1.924992530844494e-07,3.50893656625958e-05,21.93736840897566,21.933325839285338,0.006200374349955213,0.9695038727108897,0.9693252146832992,0.0002740204217967789,0.00028263984240782194,-0.0001843007499106909,-0.6520692494753189,-0.000184277786421716,0.0004387473681795133,0.005923627745106524,4.4293745001600727e-17
SPD,200,logs/muon_spectra/soaudit_traj_20260926/SPD_a0.25_lr0.01_s260925_ada/scientific/kept/step000200.pt,logs/muon_spectra/soaudit_traj_20260926/SPD_a0.25_lr0.01_s260925_ada/scientific/kept/step000201_weights.pt,body_norm,blocks.0.ln2.weight,[512],torch.float32,0.002,0.01,2e-05,512,501.6851308929431,501.66731821834037,1.4580898454852331e-05,-0.008913627750619213,2.0067405235717727e-07,1.4425027397184739e-05,22.39832875222933,22.397931114688703,0.0038184942653947157,0.9898756342466863,0.9898580609840969,0.00016875519931140923,0.0001704812134706549,-1.7767374796924834e-05,-0.10421896017289405,-1.775300045936401e-05,0.00044796657504458666,0.003798029409731412,9.20602883768987e-17
SPD,200,logs/muon_spectra/soaudit_traj_20260926/SPD_a0.25_lr0.01_s260925_ada/scientific/kept/step000200.pt,logs/muon_spectra/soaudit_traj_20260926/SPD_a0.25_lr0.01_s260925_ada/scientific/kept/step000201_weights.pt,qk_norm,blocks.0.attn.q_norm.weight,[64],torch.float32,0.002,0.01,2e-05,64,61.0066019409577,61.04220244315712,7.464175709515075e-06,0.017796519011856304,2.4402640776383085e-08,8.20043911076571e-06,7.810672310432547,7.812950943347662,0.0027320643677474134,0.9763340388040683,0.9766188679184578,0.0003415080459684267,0.00034978606951648116,0.00029171464145929334,0.8339801578220036,0.0002917332624583491,0.00015621344620865096,0.0028636408836943414,0.0
SPD,200,logs/muon_spectra/soaudit_traj_20260926/SPD_a0.25_lr0.01_s260925_ada/scientific/kept/step000200.pt,logs/muon_spectra/soaudit_traj_20260926/SPD_a0.25_lr0.01_s260925_ada/scientific/kept/step000201_weights.pt,qk_norm,blocks.0.attn.k_norm.weight,[64],torch.float32,0.002,0.01,2e-05,64,61.00659501401254,61.04221304139844,7.4696036236332475e-06,0.017805278891135146,2.440263800560502e-08,8.206217417284259e-06,7.810671867004307,7.812951621595928,0.0027330575595170417,0.9763339833755383,0.976618952699491,0.0003416321949396302,0.00034991324767625584,0.00029185826363601296,0.8340874933264713,0.00029187688721799,0.00015621343734008615,0.002864649615098548,1.1640186362152608e-16
SPD,200,logs/muon_spectra/soaudit_traj_20260926/SPD_a0.25_lr0.01_s260925_ada/scientific/kept/step000200.pt,logs/muon_spectra/soaudit_traj_20260926/SPD_a0.25_lr0.01_s260925_ada/scientific/kept/step000201_weights.pt,body_norm,blocks.1.ln1.weight,[512],torch.float32,0.002,0.01,2e-05,512,501.14312944611123,501.0932884334103,1.9737496693039702e-05,-0.024930375098819013,2.0045725177844452e-07,1.8940738940865384e-05,22.386226333308418,22.385113098517287,0.004442690254005978,0.9893407778412027,0.9892915793493364,0.00019634102533243826,0.00019845641636329338,-4.974701564076779e-05,-0.250669726645175,-4.972855963103484e-05,0.0004477245266661684,0.0043520959250532825,1.4178439132657133e-17
SPD,200,logs/muon_spectra/soaudit_traj_20260926/SPD_a0.25_lr0.01_s260925_ada/scientific/kept/step000200.pt,logs/muon_spectra/soaudit_traj_20260926/SPD_a0.25_lr0.01_s260925_ada/scientific/kept/step000201_weights.pt,body_norm,blocks.1.ln2.weight,[512],torch.float32,0.002,0.01,2e-05,512,496.2776561412789,496.2062476335381,2.303248117030421e-05,-0.03571577011097915,1.985110624565116e-07,2.1802361428321552e-05,22.277290143580725,22.275687366129425,0.004799216724664996,0.9845264329366354,0.9844555995113513,0.0002120974181496569,0.00021543090266963667,-7.196731440355576e-05,-0.3340621680164319,-7.194669733034953e-05,0.0004455458028716145,0.0046692998863128886,7.158721805901986e-18
SPD,200,logs/muon_spectra/soaudit_traj_20260926/SPD_a0.25_lr0.01_s260925_ada/scientific/kept/step000200.pt,logs/muon_spectra/soaudit_traj_20260926/SPD_a0.25_lr0.01_s260925_ada/scientific/kept/step000201_weights.pt,qk_norm,blocks.1.attn.q_norm.weight,[64],torch.float32,0.002,0.01,2e-05,64,78.83628228304859,78.88904157211863,1.4427420641283106e-05,0.02637243082469709,3.153451291321944e-08,1.5513852387184208e-05,8.878979799675669,8.881950324794584,0.0037983444605884688,1.1098724749594586,1.110243790599323,0.0004747930575735586,0.00042779064107423856,0.00033452149265500946,0.7819747805024018,0.0003345570308679324,0.00017757959599351341,0.00393876279905051,4.50343115849961e-17
SPD,200,logs/muon_spectra/soaudit_traj_20260926/SPD_a0.25_lr0.01_s260925_ada/scientific/kept/step000200.pt,logs/muon_spectra/soaudit_traj_20260926/SPD_a0.25_lr0.01_s260925_ada/scientific/kept/step000201_weights.pt,qk_norm,blocks.1.attn.k_norm.weight,[64],torch.float32,0.002,0.01,2e-05,64,78.83687672289467,78.88964635509683,1.4432659103391643e-05,0.026377599771524984,3.1534750689157875e-08,1.55192978449418e-05,8.879013274170429,8.881984370347475,0.0037990339697601605,1.1098766592713036,1.1102480462934343,0.00047487924622002006,0.00042786668433211756,0.0003345845354102515,0.7819831448959955,0.00033462008505935614,0.00017758026548340858,0.003939454003404761,4.5033966343429687e-17
SPD,200,logs/muon_spectra/soaudit_traj_20260926/SPD_a0.25_lr0.01_s260925_ada/scientific/kept/step000200.pt,logs/muon_spectra/soaudit_traj_20260926/SPD_a0.25_lr0.01_s260925_ada/scientific/kept/step000201_weights.pt,body_norm,blocks.2.ln1.weight,[512],torch.float32,0.002,0.01,2e-05,512,504.3767161421613,504.3465837023209,1.927582578176157e-05,-0.015075857833071638,2.0175068645686455e-07,1.8874542154895572e-05,22.458332888755596,22.457662026629595,0.004390424328212658,0.9925274674864967,0.9924978192890882,0.0001940311759228477,0.0001954919962207368,-2.98900749193633e-05,-0.1528966683915457,-2.9871412509763218e-05,0.00044916665777511197,0.004344484106875703,2.113131057659182e-17
SPD,200,logs/muon_spectra/soaudit_traj_20260926/SPD_a0.25_lr0.01_s260925_ada/scientific/kept/step000200.pt,logs/muon_spectra/soaudit_traj_20260926/SPD_a0.25_lr0.01_s260925_ada/scientific/kept/step000201_weights.pt,body_norm,blocks.2.ln2.weight,[512],torch.float32,0.002,0.01,2e-05,512,498.52596915790684,498.4582868145744,2.5931500708509247e-05,-0.03385413741656507,1.9941038766316278e-07,2.4776745599509807e-05,22.327695115213007,22.3261794047834,0.005092298175530302,0.9867540390145544,0.9866870534443611,0.00022504991073383506,0.00022807092936613315,-6.790847320100562e-05,-0.29775155207084236,-6.788476919750153e-05,0.0004465539023042602,0.0049776244936224154,0.0
SPD,200,logs/muon_spectra/soaudit_traj_20260926/SPD_a0.25_lr0.01_s260925_ada/scientific/kept/step000200.pt,logs/muon_spectra/soaudit_traj_20260926/SPD_a0.25_lr0.01_s260925_ada/scientific/kept/step000201_weights.pt,qk_norm,blocks.2.attn.q_norm.weight,[64],torch.float32,0.002,0.01,2e-05,64,89.10422969147213,89.22498183892957,4.6650435450601435e-05,0.06035274851099359,3.564169187658886e-08,4.910018708291777e-05,9.43950367823818,9.445897619545194,0.006830112403950717,1.1799379597797726,1.1807372024431493,0.0008537640504938396,0.0007235668989352533,0.0006773275378729833,0.9360952509984739,0.000677359904181607,0.00018879007356476362,0.007007152565979834,0.0
SPD,200,logs/muon_spectra/soaudit_traj_20260926/SPD_a0.25_lr0.01_s260925_ada/scientific/kept/step000200.pt,logs/muon_spectra/soaudit_traj_20260926/SPD_a0.25_lr0.01_s260925_ada/scientific/kept/step000201_weights.pt,qk_norm,blocks.2.attn.k_norm.weight,[64],torch.float32,0.002,0.01,2e-05,64,89.1046958633743,89.22546666044934,4.66648288295346e-05,0.060362066123104796,3.564187834534973e-08,4.9114953352804135e-05,9.43952837081251,9.445923282583305,0.006831165993410979,1.1799410463515638,1.180740410322913,0.0008538957491763723,0.0007236766208080143,0.0006774285635367518,0.9360929233562572,0.0006774609407993459,0.00018879056741625026,0.007008206143714962,0.0
SPD,200,logs/muon_spectra/soaudit_traj_20260926/SPD_a0.25_lr0.01_s260925_ada/scientific/kept/step000200.pt,logs/muon_spectra/soaudit_traj_20260926/SPD_a0.25_lr0.01_s260925_ada/scientific/kept/step000201_weights.pt,body_norm,blocks.3.ln1.weight,[512],torch.float32,0.002,0.01,2e-05,512,504.1704762572268,504.1128864757354,2.4973631877145408e-05,-0.028807377561633984,2.0166819050289077e-07,2.4023004965182938e-05,22.453740807652224,22.452458361518797,0.004997362492069732,0.9923245242559997,0.9922678476086589,0.00022085430663686326,0.00022256258032365964,-5.713816837409677e-05,-0.25672854929613104,-5.711503238647886e-05,0.00044907481615304455,0.00490132685761549,2.113995471437272e-17
SPD,200,logs/muon_spectra/soaudit_traj_20260926/SPD_a0.25_lr0.01_s260925_ada/scientific/kept/step000200.pt,logs/muon_spectra/soaudit_traj_20260926/SPD_a0.25_lr0.01_s260925_ada/scientific/kept/step000201_weights.pt,body_norm,blocks.3.ln2.weight,[512],torch.float32,0.002,0.01,2e-05,512,502.212551083848,502.14588789956787,2.465000729756639e-05,-0.03334391714369289,2.0088502043353924e-07,2.3517135632252214e-05,22.410099309995214,22.40861191371674,0.004964877369841716,0.9903958243225991,0.9903300900729228,0.0002194186534984192,0.00022154642427788402,-6.639403390403496e-05,-0.299684520390893,-6.637169509593477e-05,0.00044820198619990436,0.004849446940863691,5.659298910205611e-17
SPD,200,logs/muon_spectra/soaudit_traj_20260926/SPD_a0.25_lr0.01_s260925_ada/scientific/kept/step000200.pt,logs/muon_spectra/soaudit_traj_20260926/SPD_a0.25_lr0.01_s260925_ada/scientific/kept/step000201_weights.pt,qk_norm,blocks.3.attn.q_norm.weight,[64],torch.float32,0.002,0.01,2e-05,64,92.17198419107672,92.33467610313113,7.50280438523987e-05,0.08130844200528031,3.686879367643069e-08,7.831725032628634e-05,9.600624156328417,9.60909340693133,0.00866187299909198,1.200078019541052,1.2011366758664161,0.0010827341248864975,0.0009022197784278804,0.0008821383495089377,0.9777421982990279,0.0008821562499485847,0.00019201248312656835,0.008849703403294731,0.0
SPD,200,logs/muon_spectra/soaudit_traj_20260926/SPD_a0.25_lr0.01_s260925_ada/scientific/kept/step000200.pt,logs/muon_spectra/soaudit_traj_20260926/SPD_a0.25_lr0.01_s260925_ada/scientific/kept/step000201_weights.pt,qk_norm,blocks.3.attn.k_norm.weight,[64],torch.float32,0.002,0.01,2e-05,64,92.17198644063471,92.33466562932958,7.501782927477052e-05,0.08130208543279593,3.686879457625389e-08,7.830678148665861e-05,9.600624273485277,9.60909286193705,0.00866128335033386,1.2000780341856596,1.2011366077421313,0.0010826604187917325,0.0009021583496663168,0.0008820693637232201,0.9777323061405717,0.0008820872695916027,0.00019201248546970556,0.008849111903838634,0.0
SPD,200,logs/muon_spectra/soaudit_traj_20260926/SPD_a0.25_lr0.01_s260925_ada/scientific/kept/step000200.pt,logs/muon_spectra/soaudit_traj_20260926/SPD_a0.25_lr0.01_s260925_ada/scientific/kept/step000201_weights.pt,body_norm,blocks.4.ln1.weight,[512],torch.float32,0.002,0.01,2e-05,512,501.5648686518156,501.4980719373204,2.6878066147872914e-05,-0.033411796280674366,2.0062594746072627e-07,2.5742220244106663e-05,22.39564396599963,22.394152628249195,0.005184406055458322,0.9897569823373702,0.989691073897597,0.0002291205423899487,0.00023149171612698997,-6.661510478292432e-05,-0.28776452953669024,-6.659052772484131e-05,0.0004479128793199926,0.005073679162511822,3.5416293094351287e-17
SPD,200,logs/muon_spectra/soaudit_traj_20260926/SPD_a0.25_lr0.01_s260925_ada/scientific/kept/step000200.pt,logs/muon_spectra/soaudit_traj_20260926/SPD_a0.25_lr0.01_s260925_ada/scientific/kept/step000201_weights.pt,body_norm,blocks.4.ln2.weight,[512],torch.float32,0.002,0.01,2e-05,512,506.711320610112,506.6258141522812,3.743732770544739e-05,-0.04277194757925429,2.0268452824404483e-07,3.592913433052126e-05,22.510249234739984,22.508349876263278,0.006118605045714863,0.9948218675052459,0.994737926926572,0.00027040669495170035,0.00027181418481462405,-8.441087822501024e-05,-0.31054625895472693,-8.437749653045223e-05,0.0004502049846947997,0.005994091618462405,5.609053572393548e-17
SPD,200,logs/muon_spectra/soaudit_traj_20260926/SPD_a0.25_lr0.01_s260925_ada/scientific/kept/step000200.pt,logs/muon_spectra/soaudit_traj_20260926/SPD_a0.25_lr0.01_s260925_ada/scientific/kept/step000201_weights.pt,qk_norm,blocks.4.attn.q_norm.weight,[64],torch.float32,0.002,0.01,2e-05,64,91.3741718367481,91.53614289408075,7.462054706763865e-05,0.0809482183927912,3.6549668734699246e-08,7.7895025472085e-05,9.558983828668616,9.567452267666704,0.008638318532425084,1.194872978583577,1.195931533458338,0.0010797898165531355,0.0009036858610972498,0.000885898244171403,0.9803165926439866,0.0008859141463017917,0.0001911796765733723,0.008825815853057722,0.0
SPD,200,logs/muon_spectra/soaudit_traj_20260926/SPD_a0.25_lr0.01_s260925_ada/scientific/kept/step000200.pt,logs/muon_spectra/soaudit_traj_20260926/SPD_a0.25_lr0.01_s260925_ada/scientific/kept/step000201_weights.pt,qk_norm,blocks.4.attn.k_norm.weight,[64],torch.float32,0.002,0.01,2e-05,64,91.37431239129,91.5362960310175,7.46284039934153e-05,0.08095450566175089,3.654972495651601e-08,7.790313394484186e-05,9.558991180626228,9.567460270678813,0.008638773292164536,1.1948738975782784,1.1959325338348517,0.001079846661520567,0.0009037327400901099,0.0008859656892965867,0.9803403705483196,0.0008859815740545063,0.00019117982361252457,0.008826275202192705,0.0
SPD,200,logs/muon_spectra/soaudit_traj_20260926/SPD_a0.25_lr0.01_s260925_ada/scientific/kept/step000200.pt,logs/muon_spectra/soaudit_traj_20260926/SPD_a0.25_lr0.01_s260925_ada/scientific/kept/step000201_weights.pt,body_norm,blocks.5.ln1.weight,[512],torch.float32,0.002,0.01,2e-05,512,503.2612310161056,503.25308951651556,2.860587476405385e-05,-0.004085052732449412,2.0130449240644227e-07,2.8643777147162314e-05,22.433484593707362,22.433303134324994,0.005348446013942167,0.9914293176159011,0.9914212981684146,0.0002363701528292916,0.00023841351937997258,-8.117161586640637e-06,-0.03404656584807121,-8.08877379765427e-06,0.0004486696918741473,0.005351988149011759,1.3412827322486381e-16
SPD,200,logs/muon_spectra/soaudit_traj_20260926/SPD_a0.25_lr0.01_s260925_ada/scientific/kept/step000200.pt,logs/muon_spectra/soaudit_traj_20260926/SPD_a0.25_lr0.01_s260925_ada/scientific/kept/step000201_weights.pt,body_norm,blocks.5.ln2.weight,[512],torch.float32,0.002,0.01,2e-05,512,516.7634524575739,516.7143756474952,3.460792421350334e-05,-0.024555709001422343,2.067053809830296e-07,3.3832401234429474e-05,22.732431732165697,22.731352261744025,0.00588285000773463,1.0046410394171637,1.0045933331137102,0.00025998769582328066,0.00025878665674867405,-4.751827724008474e-05,-0.18361950278693498,-4.7485919429490764e-05,0.00045464863464331396,0.005816562664876007,2.7499728642997853e-17
SPD,200,logs/muon_spectra/soaudit_traj_20260926/SPD_a0.25_lr0.01_s260925_ada/scientific/kept/step000200.pt,logs/muon_spectra/soaudit_traj_20260926/SPD_a0.25_lr0.01_s260925_ada/scientific/kept/step000201_weights.pt,qk_norm,blocks.5.attn.q_norm.weight,[64],torch.float32,0.002,0.01,2e-05,64,90.70205982493,90.92179288091074,0.00013629390160474486,0.10979838103956752,3.628082392997201e-08,0.00014072211767025752,9.523762902599476,9.53529196621219,0.011674497916602017,1.1904703628249345,1.1919114957765238,0.0014593122395752522,0.0012258282819509825,0.0012105390026587773,0.9875273890174312,0.0012105576052894307,0.00019047525805198956,0.01186263535940718,0.0
SPD,200,logs/muon_spectra/soaudit_traj_20260926/SPD_a0.25_lr0.01_s260925_ada/scientific/kept/step000200.pt,logs/muon_spectra/soaudit_traj_20260926/SPD_a0.25_lr0.01_s260925_ada/scientific/kept/step000201_weights.pt,qk_norm,blocks.5.attn.k_norm.weight,[64],torch.float32,0.002,0.01,2e-05,64,90.70236333784443,90.92210380627088,0.0001363042705264661,0.10980208207796238,3.628094533513778e-08,0.00014073263475491974,9.523778837092157,9.535308270122728,0.011674941992424035,1.1904723546365197,1.191913533765341,0.0014593677490530043,0.001225872859095989,0.0012105757561021438,0.9875214604187207,0.0012105943688724974,0.00019047557674184315,0.01186307863730658,0.0
SPD,200,logs/muon_spectra/soaudit_traj_20260926/SPD_a0.25_lr0.01_s260925_ada/scientific/kept/step000200.pt,logs/muon_spectra/soaudit_traj_20260926/SPD_a0.25_lr0.01_s260925_ada/scientific/kept/step000201_weights.pt,body_norm,blocks.6.ln1.weight,[512],torch.float32,0.002,0.01,2e-05,512,503.12445259339074,503.1062188630878,2.442054039519803e-05,-0.009129075421657973,2.0124978103735633e-07,2.425662715936907e-05,22.430435853843562,22.430029399514567,0.004941714317440662,0.9912945810764155,0.9912766181631484,0.00021839498153430897,0.00022031289760220493,-1.8144765921436545e-05,-0.08235907256868175,-1.812066121420486e-05,0.00044860871707687127,0.004925101741017039,3.530650975606319e-17
SPD,200,logs/muon_spectra/soaudit_traj_20260926/SPD_a0.25_lr0.01_s260925_ada/scientific/kept/step000200.pt,logs/muon_spectra/soaudit_traj_20260926/SPD_a0.25_lr0.01_s260925_ada/scientific/kept/step000201_weights.pt,body_norm,blocks.6.ln2.weight,[512],torch.float32,0.002,0.01,2e-05,512,535.0867486908028,535.1522878803095,4.022720801089008e-05,0.03274948114935938,2.1403469947632116e-07,4.175122195634078e-05,23.131942172908932,23.133358767812112,0.006342492255485227,1.0222970732799366,1.0223596785213263,0.0002803012052172978,0.0002741876236796607,6.120405939688764e-05,0.22321962813461507,6.123977366834232e-05,0.0004626388434581787,0.006461518548788727,6.638696608908248e-17
SPD,200,logs/muon_spectra/soaudit_traj_20260926/SPD_a0.25_lr0.01_s260925_ada/scientific/kept/step000200.pt,logs/muon_spectra/soaudit_traj_20260926/SPD_a0.25_lr0.01_s260925_ada/scientific/kept/step000201_weights.pt,qk_norm,blocks.6.attn.q_norm.weight,[64],torch.float32,0.002,0.01,2e-05,64,90.11134189851258,90.29645498178238,9.880888869417959e-05,0.0925071371905517,3.604453675940504e-08,0.00010254521871856106,9.492699399986948,9.50244468448948,0.009940266027334459,1.1865874249983686,1.187805585561185,0.0012425332534168074,0.0010471485094480212,0.0010265870559861086,0.9803643387003902,0.0010266083536305537,0.000189853987999739,0.010126461312746969,0.0
SPD,200,logs/muon_spectra/soaudit_traj_20260926/SPD_a0.25_lr0.01_s260925_ada/scientific/kept/step000200.pt,logs/muon_spectra/soaudit_traj_20260926/SPD_a0.25_lr0.01_s260925_ada/scientific/kept/step000201_weights.pt,qk_norm,blocks.6.attn.k_norm.weight,[64],torch.float32,0.002,0.01,2e-05,64,90.11107000984198,90.29619694368179,9.882464918575806e-05,0.0925140545953127,3.6044428003936797e-08,0.00010256125579757451,9.492685079040703,9.502431107021076,0.00994105875577436,1.1865856348800878,1.1878038883776345,0.001242632344471795,0.0010472335986077997,0.0010266669187837662,0.9803609434882771,0.0010266882235345776,0.00018985370158081406,0.010127253122025464,0.0
SPD,200,logs/muon_spectra/soaudit_traj_20260926/SPD_a0.25_lr0.01_s260925_ada/scientific/kept/step000200.pt,logs/muon_spectra/soaudit_traj_20260926/SPD_a0.25_lr0.01_s260925_ada/scientific/kept/step000201_weights.pt,body_norm,blocks.7.ln1.weight,[512],torch.float32,0.002,0.01,2e-05,512,503.83567778138394,503.80084902328315,3.972552697462106e-05,-0.01743424181386999,2.0153427111255362e-07,3.922969157317882e-05,22.446284275607486,22.44550843762028,0.006302818970478294,0.9919949889826891,0.9919607014638231,0.000278547877163526,0.00028079564943083276,-3.4603031469785606e-05,-0.12323207834567687,-3.4564205713571994e-05,0.0004489256855121498,0.006263361044453594,4.230800440069712e-17
SPD,200,logs/muon_spectra/soaudit_traj_20260926/SPD_a0.25_lr0.01_s260925_ada/scientific/kept/step000200.pt,logs/muon_spectra/soaudit_traj_20260926/SPD_a0.25_lr0.01_s260925_ada/scientific/kept/step000201_weights.pt,body_norm,blocks.7.ln2.weight,[512],torch.float32,0.002,0.01,2e-05,512,560.3157424757214,560.5883711057902,7.715327751611767e-05,0.13627573839562857,2.241262969902886e-07,8.282843334893311e-05,23.670989469722667,23.676747477341355,0.008783693842348882,1.0461198232147662,1.0463742936043472,0.0003881880924869635,0.0003710742152787495,0.00024321240340937486,0.6554279262617982,0.00024325166575955848,0.0004734197893944534,0.009101012765013194,1.2674946045679061e-17
SPD,200,logs/muon_spectra/soaudit_traj_20260926/SPD_a0.25_lr0.01_s260925_ada/scientific/kept/step000200.pt,logs/muon_spectra/soaudit_traj_20260926/SPD_a0.25_lr0.01_s260925_ada/scientific/kept/step000201_weights.pt,qk_norm,blocks.7.attn.q_norm.weight,[64],torch.float32,0.002,0.01,2e-05,64,86.83110473974247,86.95196968600222,4.702370266329581e-05,0.06040896127854012,3.4732441895896995e-08,4.947479355633331e-05,9.318320918477882,9.324804002551593,0.00685738307689572,1.1647901148097353,1.1656005003189491,0.000857172884611965,0.0007359032959787622,0.0006957064690078856,0.9453775690494575,0.0006957352220886559,0.00018636641836955765,0.007033832067680697,0.0
SPD,200,logs/muon_spectra/soaudit_traj_20260926/SPD_a0.25_lr0.01_s260925_ada/scientific/kept/step000200.pt,logs/muon_spectra/soaudit_traj_20260926/SPD_a0.25_lr0.01_s260925_ada/scientific/kept/step000201_weights.pt,qk_norm,blocks.7.attn.k_norm.weight,[64],torch.float32,0.002,0.01,2e-05,64,86.83133013076392,86.95220194182666,4.702810993251205e-05,0.06041239147640454,3.4732532052305575e-08,4.947933812362054e-05,9.318333012441867,9.324816456200447,0.006857704421489166,1.1647916265552334,1.1656020570250558,0.0008572130526861457,0.0007359368260753009,0.000695744167288769,0.9453857214879754,0.0006957729188175055,0.00018636666024883736,0.007034155110858769,0.0
SPD,200,logs/muon_spectra/soaudit_traj_20260926/SPD_a0.25_lr0.01_s260925_ada/scientific/kept/step000200.pt,logs/muon_spectra/soaudit_traj_20260926/SPD_a0.25_lr0.01_s260925_ada/scientific/kept/step000201_weights.pt,final_norm,norm.weight,[512],torch.float32,0.002,0.01,2e-05,512,767.4464491832136,768.9302981568384,0.0007599231214925339,0.7415445252516264,3.069785796732855e-07,0.0007898918810822723,27.702823848539587,27.729592462869668,0.0275667031306345,1.224303412582422,1.2254864293771575,0.0012182876699142553,0.0009950863955729098,0.0009662492100143867,0.9710204202501228,0.000966277462414622,0.0005540564769707918,0.028105015230066543,1.8481330166422215e-17
SPD,200,logs/muon_spectra/soaudit_traj_20260926/SPD_a0.25_lr0.01_s260925_ada/scientific/kept/step000200.pt,logs/muon_spectra/soaudit_traj_20260926/SPD_a0.25_lr0.01_s260925_ada/scientific/kept/step000201_weights.pt,head,head.weight,"[50304, 512]",torch.float32,0.002,0.01,2e-05,25755648,50448.77610445187,50601.60346499952,5.1937903909460905,73.81678507835164,2.017951044178075e-05,5.196763241859667,224.60804995469746,224.94800169150096,2.2789888966263288,0.044257724072173606,0.04432470960616645,0.00044906165104402566,0.010146514771336074,0.0014632026934710445,0.1442074176646936,0.001513533183125304,0.004492160999093949,2.2796410335532364,7.301788822775512e-18
SPD,500,logs/muon_spectra/soaudit_traj_20260926/SPD_a0.25_lr0.01_s260925_ada/scientific/kept/step000500.pt,logs/muon_spectra/soaudit_traj_20260926/SPD_a0.25_lr0.01_s260925_ada/scientific/kept/step000501_weights.pt,token_embedding,embed.weight,"[50304, 512]",torch.float32,0.002,0.01,2e-05,25755648,61499.12465416286,61596.868733980424,5.01857777668876,46.362751020436185,2.4599649861665148e-05,5.02045688637944,247.9901704789181,248.18716472448858,2.2402182430934627,0.04886503640399781,0.04890385298677845,0.0004414221168131665,0.009033496121104953,0.0007538766003769113,0.08345347031429279,0.0007943631200786339,0.004959803409578362,2.240637607106388,8.99758941134513e-17
SPD,500,logs/muon_spectra/soaudit_traj_20260926/SPD_a0.25_lr0.01_s260925_ada/scientific/kept/step000500.pt,logs/muon_spectra/soaudit_traj_20260926/SPD_a0.25_lr0.01_s260925_ada/scientific/kept/step000501_weights.pt,position_embedding,position.weight,"[512, 512]",torch.float32,0.002,0.01,2e-05,262144,236.26981793744096,236.64954466544208,0.040913120661450045,0.16940680366982833,9.45079271749764e-08,0.040919991441524015,15.371070812973342,15.383417847326454,0.20226992030811217,0.030021622681588558,0.03004573798305948,0.0003950584381017816,0.013159130080735448,0.0007170056892949548,0.0544873167827886,0.0008032644246678267,0.0003074214162594669,0.20228690378154493,4.3395659147796207e-17
SPD,500,logs/muon_spectra/soaudit_traj_20260926/SPD_a0.25_lr0.01_s260925_ada/scientific/kept/step000500.pt,logs/muon_spectra/soaudit_traj_20260926/SPD_a0.25_lr0.01_s260925_ada/scientific/kept/step000501_weights.pt,body_norm,blocks.0.ln1.weight,[512],torch.float32,0.002,0.01,2e-05,512,435.86136499877796,435.7233961508664,3.283713922286324e-05,-0.06900084252540495,1.7434454599951122e-07,3.0251450067846556e-05,20.877293047681682,20.873988506053806,0.00573036990279539,0.9226547179271551,0.9225086764400435,0.00025324896356086985,0.00027447858732009884,-0.000158309150721809,-0.5767632086257707,-0.00015828400838802104,0.0004175458609536337,0.005500131822769937,4.89061058964535e-17
SPD,500,logs/muon_spectra/soaudit_traj_20260926/SPD_a0.25_lr0.01_s260925_ada/scientific/kept/step000500.pt,logs/muon_spectra/soaudit_traj_20260926/SPD_a0.25_lr0.01_s260925_ada/scientific/kept/step000501_weights.pt,body_norm,blocks.0.ln2.weight,[512],torch.float32,0.002,0.01,2e-05,512,495.72147068857157,495.6986248604906,2.0004288924013736e-05,-0.011432916184929809,1.9828858827542867e-07,1.9745260864891972e-05,22.26480340556753,22.264290351603183,0.0044726154455769765,0.9839745918663837,0.9839519178703021,0.00019766354445044823,0.00020088277287274656,-2.3063185399351686e-05,-0.11480917487116503,-2.3043273951417476e-05,0.0004452960681113507,0.004443563982311043,5.016727582337668e-17
SPD,500,logs/muon_spectra/soaudit_traj_20260926/SPD_a0.25_lr0.01_s260925_ada/scientific/kept/step000500.pt,logs/muon_spectra/soaudit_traj_20260926/SPD_a0.25_lr0.01_s260925_ada/scientific/kept/step000501_weights.pt,qk_norm,blocks.0.attn.q_norm.weight,[64],torch.float32,0.002,0.01,2e-05,64,69.4975461661734,69.53286356506604,7.5040201039655585e-06,0.017654947436270163,2.779901846646936e-08,8.238017019882834e-06,8.336518827794572,8.338636792969583,0.002739346656406516,1.0420648534743215,1.0423295991211978,0.0003424183320508145,0.0003285959898840906,0.00025403698993998976,0.7730982658358038,0.0002540587046895304,0.00016673037655589147,0.0028701945961698895,0.0
SPD,500,logs/muon_spectra/soaudit_traj_20260926/SPD_a0.25_lr0.01_s260925_ada/scientific/kept/step000500.pt,logs/muon_spectra/soaudit_traj_20260926/SPD_a0.25_lr0.01_s260925_ada/scientific/kept/step000501_weights.pt,qk_norm,blocks.0.attn.k_norm.weight,[64],torch.float32,0.002,0.01,2e-05,64,69.4981350068217,69.5334665374971,7.506057968953428e-06,0.017662012308719,2.7799254002728685e-08,8.240337715304919e-06,8.336554144658432,8.33867294822726,0.0027397185930225438,1.042069268082304,1.0423341185284074,0.00034246482412781797,0.0003286392129748227,0.00025413649311575566,0.773299360156468,0.000254158196787424,0.0001667310828931687,0.002870598842629342,0.0
SPD,500,logs/muon_spectra/soaudit_traj_20260926/SPD_a0.25_lr0.01_s260925_ada/scientific/kept/step000500.pt,logs/muon_spectra/soaudit_traj_20260926/SPD_a0.25_lr0.01_s260925_ada/scientific/kept/step000501_weights.pt,body_norm,blocks.1.ln1.weight,[512],torch.float32,0.002,0.01,2e-05,512,491.8935928140031,491.86757616351497,2.489023034257798e-05,-0.013020770359215561,1.967574371256013e-07,2.456615696533496e-05,22.178674279902374,22.17808774812461,0.004989010958354169,0.9801681863154149,0.980142265028075,0.0002204852175041393,0.00022494631082954563,-2.647070535057575e-05,-0.11767565892927259,-2.6445754618187323e-05,0.00044357348559804756,0.004956425825666613,1.1556039698671555e-16
SPD,500,logs/muon_spectra/soaudit_traj_20260926/SPD_a0.25_lr0.01_s260925_ada/scientific/kept/step000500.pt,logs/muon_spectra/soaudit_traj_20260926/SPD_a0.25_lr0.01_s260925_ada/scientific/kept/step000501_weights.pt,body_norm,blocks.1.ln2.weight,[512],torch.float32,0.002,0.01,2e-05,512,479.25062695540055,479.2218870749588,2.4077355622154073e-05,-0.014381978898672543,1.9170025078216024e-07,2.3693776716989332e-05,21.891793598410352,21.89113718094514,0.00490686820916907,0.9674897316107632,0.9674607217832044,0.00021685498656825872,0.0002241418998909882,-3.0009306383256836e-05,-0.1338853038983426,-2.9984636126911823e-05,0.0004378358719682071,0.004867625367362337,1.1119590081823053e-16
SPD,500,logs/muon_spectra/soaudit_traj_20260926/SPD_a0.25_lr0.01_s260925_ada/scientific/kept/step000500.pt,logs/muon_spectra/soaudit_traj_20260926/SPD_a0.25_lr0.01_s260925_ada/scientific/kept/step000501_weights.pt,qk_norm,blocks.1.attn.q_norm.weight,[64],torch.float32,0.002,0.01,2e-05,64,89.04352794333846,89.05775570979871,3.3813106519176017e-06,0.007112192574798115,3.561741117733539e-08,3.701415766086862e-06,9.436287826435693,9.437041682105612,0.0018388340468670906,1.1795359783044617,1.1796302102632015,0.00022985425585838633,0.00019486837204304113,7.987321188940149e-05,0.40988289198495315,7.988900760391715e-05,0.00018872575652871388,0.0019239063818405672,3.989224352764156e-17
SPD,500,logs/muon_spectra/soaudit_traj_20260926/SPD_a0.25_lr0.01_s260925_ada/scientific/kept/step000500.pt,logs/muon_spectra/soaudit_traj_20260926/SPD_a0.25_lr0.01_s260925_ada/scientific/kept/step000501_weights.pt,qk_norm,blocks.1.attn.k_norm.weight,[64],torch.float32,0.002,0.01,2e-05,64,89.04727859686193,89.06154306628937,3.386878010047667e-06,0.007130541274715796,3.561891143874478e-08,3.7077185724750433e-06,9.436486559989472,9.43724234436572,0.001840347252571554,1.179560819998684,1.179655293045715,0.00023004340657144424,0.00019502462498856217,8.00759033523915e-05,0.41059380761320674,8.00917133134682e-05,0.00018872973119978944,0.001925543708274378,3.989054710354818e-17
SPD,500,logs/muon_spectra/soaudit_traj_20260926/SPD_a0.25_lr0.01_s260925_ada/scientific/kept/step000500.pt,logs/muon_spectra/soaudit_traj_20260926/SPD_a0.25_lr0.01_s260925_ada/scientific/kept/step000501_weights.pt,body_norm,blocks.2.ln1.weight,[512],torch.float32,0.002,0.01,2e-05,512,495.3487159786527,495.31405944887103,1.9163652392961694e-05,-0.01733784671702665,1.981394863914611e-07,1.8668278010672092e-05,22.2564308903888,22.255652303378373,0.004377630911002171,0.9836045754752293,0.9835701664655533,0.0001934657814188424,0.0001966906074276538,-3.5001295365775884e-05,-0.17795102584473924,-3.498256365819241e-05,0.000445128617807776,0.004320680271747967,2.1516440222004776e-17
SPD,500,logs/muon_spectra/soaudit_traj_20260926/SPD_a0.25_lr0.01_s260925_ada/scientific/kept/step000500.pt,logs/muon_spectra/soaudit_traj_20260926/SPD_a0.25_lr0.01_s260925_ada/scientific/kept/step000501_weights.pt,body_norm,blocks.2.ln2.weight,[512],torch.float32,0.002,0.01,2e-05,512,483.68864975661546,483.6578086854049,2.2464367351204828e-05,-0.015431767788946615,1.9347545990264622e-07,2.2040572099549608e-05,21.99292271974363,21.99222154957077,0.004739658991025074,0.9719590495776504,0.9719280619411508,0.00020946531331660125,0.00021550837291717291,-3.190434134998131e-05,-0.14804223575221934,-3.188162763967384e-05,0.0004398584543948726,0.004694738767977363,7.34504247843767e-18
SPD,500,logs/muon_spectra/soaudit_traj_20260926/SPD_a0.25_lr0.01_s260925_ada/scientific/kept/step000500.pt,logs/muon_spectra/soaudit_traj_20260926/SPD_a0.25_lr0.01_s260925_ada/scientific/kept/step000501_weights.pt,qk_norm,blocks.2.attn.q_norm.weight,[64],torch.float32,0.002,0.01,2e-05,64,112.44603819749406,112.48059801474284,7.666456923516307e-06,0.017276075395926682,4.4978415278997635e-08,8.40247835463237e-06,10.604057628921773,10.605687060004309,0.0027688367455515153,1.3255072036152216,1.3257108825005386,0.0003461045931939394,0.0002611110616750819,0.00015363880909333532,0.5884040611213878,0.00015366109272085815,0.00021208115257843549,0.002898702874499622,0.0
SPD,500,logs/muon_spectra/soaudit_traj_20260926/SPD_a0.25_lr0.01_s260925_ada/scientific/kept/step000500.pt,logs/muon_spectra/soaudit_traj_20260926/SPD_a0.25_lr0.01_s260925_ada/scientific/kept/step000501_weights.pt,qk_norm,blocks.2.attn.k_norm.weight,[64],torch.float32,0.002,0.01,2e-05,64,112.45308214336139,112.48766731617161,7.664757291081514e-06,0.01728875402646679,4.498123285734456e-08,8.40128868499753e-06,10.604389758178515,10.606020333573362,0.002768529806789429,1.3255487197723144,1.3257525416966702,0.00034606622584867864,0.0002610739391820479,0.0001537419312742903,0.5888827194164541,0.00015376418936208225,0.00021208779516357031,0.0028984976599951795,0.0
SPD,500,logs/muon_spectra/soaudit_traj_20260926/SPD_a0.25_lr0.01_s260925_ada/scientific/kept/step000500.pt,logs/muon_spectra/soaudit_traj_20260926/SPD_a0.25_lr0.01_s260925_ada/scientific/kept/step000501_weights.pt,body_norm,blocks.3.ln1.weight,[512],torch.float32,0.002,0.01,2e-05,512,490.62104162812733,490.5774154364317,2.2322749853032064e-05,-0.02182425722275383,1.9624841665125097e-07,2.1646027980773164e-05,22.149967079617237,22.14898226638036,0.0047246957418475176,0.9788994953160085,0.9788559723086336,0.0002088040248814741,0.00021330486518850227,-4.448292138129659e-05,-0.20854152267922274,-4.446116029588332e-05,0.00044299934159234476,0.004652529202570701,3.620629138745059e-17
SPD,500,logs/muon_spectra/soaudit_traj_20260926/SPD_a0.25_lr0.01_s260925_ada/scientific/kept/step000500.pt,logs/muon_spectra/soaudit_traj_20260926/SPD_a0.25_lr0.01_s260925_ada/scientific/kept/step000501_weights.pt,body_norm,blocks.3.ln2.weight,[512],torch.float32,0.002,0.01,2e-05,512,487.9003234958611,487.8660073774471,2.442407285485615e-05,-0.017170271243401203,1.9516012939834445e-07,2.3932422134518446e-05,22.08846584749292,22.08768904565272,0.004942071716887175,0.9761814991731065,0.9761471690575537,0.0002184107765075728,0.00022373992612294117,-3.5192170237507255e-05,-0.1572905240800418,-3.516775884593315e-05,0.0004417693169498584,0.004892077486561149,7.281638293135173e-17
SPD,500,logs/muon_spectra/soaudit_traj_20260926/SPD_a0.25_lr0.01_s260925_ada/scientific/kept/step000500.pt,logs/muon_spectra/soaudit_traj_20260926/SPD_a0.25_lr0.01_s260925_ada/scientific/kept/step000501_weights.pt,qk_norm,blocks.3.attn.q_norm.weight,[64],torch.float32,0.002,0.01,2e-05,64,122.3527611692011,122.41074963921477,9.956109607855979e-06,0.028989256952030473,4.894110446768045e-08,1.116462099040488e-05,11.061318238311431,11.063939155617893,0.003155330348451011,1.3826647797889289,1.3829923944522367,0.0003944162935563764,0.0002852580750748465,0.00023693177558895754,0.8305874444633723,0.00023694439035160109,0.00022122636476622863,0.003341350174765417,0.0
SPD,500,logs/muon_spectra/soaudit_traj_20260926/SPD_a0.25_lr0.01_s260925_ada/scientific/kept/step000500.pt,logs/muon_spectra/soaudit_traj_20260926/SPD_a0.25_lr0.01_s260925_ada/scientific/kept/step000501_weights.pt,qk_norm,blocks.3.attn.k_norm.weight,[64],torch.float32,0.002,0.01,2e-05,64,122.36063043451404,122.41864134437898,9.967155392587301e-06,0.029000471354777346,4.894425217380562e-08,1.11761184989522e-05,11.061673943599768,11.06429579071253,0.0031570802005313867,1.382709242949971,1.3830369738390662,0.00039463502506642333,0.000285407092690348,0.00023700818843278235,0.8304215084448654,0.00023702082760057586,0.00022123347887199538,0.0033430702204638478,0.0
SPD,500,logs/muon_spectra/soaudit_traj_20260926/SPD_a0.25_lr0.01_s260925_ada/scientific/kept/step000500.pt,logs/muon_spectra/soaudit_traj_20260926/SPD_a0.25_lr0.01_s260925_ada/scientific/kept/step000501_weights.pt,body_norm,blocks.4.ln1.weight,[512],torch.float32,0.002,0.01,2e-05,512,489.14253757482544,489.11094717156175,2.3472426953219383e-05,-0.015806937845329827,1.9565701502993022e-07,2.303580645443612e-05,22.1165670386438,22.1158528474839,0.004844835080084707,0.9774234080994945,0.9773918450112301,0.00021411348367864788,0.00021905909138698743,-3.23156066607922e-05,-0.14752004336448102,-3.229213460897995e-05,0.0004423313407728761,0.0047995631524583695,2.905258411108466e-17
SPD,500,logs/muon_spectra/soaudit_traj_20260926/SPD_a0.25_lr0.01_s260925_ada/scientific/kept/step000500.pt,logs/muon_spectra/soaudit_traj_20260926/SPD_a0.25_lr0.01_s260925_ada/scientific/kept/step000501_weights.pt,body_norm,blocks.4.ln2.weight,[512],torch.float32,0.002,0.01,2e-05,512,489.2732891554768,489.2260208585656,2.9057754872496844e-05,-0.023648677333024892,1.9570931566219074e-07,2.8307517094838037e-05,22.119522805781248,22.118454305366043,0.005390524545208643,0.9775540357861506,0.9775068142930697,0.0002382297787543476,0.00024369985702402916,-4.833429058398901e-05,-0.19833532597937953,-4.830576249714724e-05,0.000442390456115625,0.005320480908229823,1.452241010308475e-17
SPD,500,logs/muon_spectra/soaudit_traj_20260926/SPD_a0.25_lr0.01_s260925_ada/scientific/kept/step000500.pt,logs/muon_spectra/soaudit_traj_20260926/SPD_a0.25_lr0.01_s260925_ada/scientific/kept/step000501_weights.pt,qk_norm,blocks.4.attn.q_norm.weight,[64],torch.float32,0.002,0.01,2e-05,64,127.17668208716833,127.2799423638566,2.5007639465002285e-05,0.05161763452440482,5.087067283486734e-08,2.7123215518813348e-05,11.277263945087405,11.28184126656002,0.005000763888147719,1.4096579931359257,1.4102301583200025,0.0006250954860184648,0.0004434376913139599,0.0004058734170232992,0.9152884948066702,0.00040588936242902385,0.00022554527890174811,0.005207995345506114,0.0
SPD,500,logs/muon_spectra/soaudit_traj_20260926/SPD_a0.25_lr0.01_s260925_ada/scientific/kept/step000500.pt,logs/muon_spectra/soaudit_traj_20260926/SPD_a0.25_lr0.01_s260925_ada/scientific/kept/step000501_weights.pt,qk_norm,blocks.4.attn.k_norm.weight,[64],torch.float32,0.002,0.01,2e-05,64,127.17980691176852,127.28307122320041,2.5005197855421102e-05,0.05161965311701522,5.0871922764707415e-08,2.7120855902866418e-05,11.277402489570393,11.281979933646417,0.005000519758527218,1.4096753111962992,1.410247491705802,0.0006250649698159022,0.000443410595937479,0.00040587931661845145,0.9153577301424717,0.0004058952476206912,0.0002255480497914079,0.005207768802747144,0.0
SPD,500,logs/muon_spectra/soaudit_traj_20260926/SPD_a0.25_lr0.01_s260925_ada/scientific/kept/step000500.pt,logs/muon_spectra/soaudit_traj_20260926/SPD_a0.25_lr0.01_s260925_ada/scientific/kept/step000501_weights.pt,body_norm,blocks.5.ln1.weight,[512],torch.float32,0.002,0.01,2e-05,512,494.64396018103076,494.61548744622075,1.825462990723281e-05,-0.01424549471994041,1.9785758407241234e-07,1.788266770250761e-05,22.240592622073514,22.239952505484826,0.004272543727948587,0.9829046162922299,0.9828763268684417,0.0001888215401842811,0.00019210566015710122,-2.8799491890544497e-05,-0.14991485345612768,-2.8781453784265665e-05,0.0004448118524414703,0.0042287903356051605,7.182365428055104e-17
SPD,500,logs/muon_spectra/soaudit_traj_20260926/SPD_a0.25_lr0.01_s260925_ada/scientific/kept/step000500.pt,logs/muon_spectra/soaudit_traj_20260926/SPD_a0.25_lr0.01_s260925_ada/scientific/kept/step000501_weights.pt,body_norm,blocks.5.ln2.weight,[512],torch.float32,0.002,0.01,2e-05,512,504.95176654213424,504.90825157922853,3.240986468711071e-05,-0.021773686385188284,2.0198070661685374e-07,3.174089793832004e-05,22.47113184826555,22.470163585947223,0.0056929662467917995,0.9930931069278479,0.9930503153746444,0.00025159593988578814,0.00025334577204357494,-4.3120329163897366e-05,-0.17020346862737762,-4.30891654619181e-05,0.000449422636965311,0.0056339060995298845,2.8142994354721643e-17
SPD,500,logs/muon_spectra/soaudit_traj_20260926/SPD_a0.25_lr0.01_s260925_ada/scientific/kept/step000500.pt,logs/muon_spectra/soaudit_traj_20260926/SPD_a0.25_lr0.01_s260925_ada/scientific/kept/step000501_weights.pt,qk_norm,blocks.5.attn.q_norm.weight,[64],torch.float32,0.002,0.01,2e-05,64,118.8505293899965,118.90748026581285,1.0919967834865929e-05,0.028469977924260093,4.754021175599861e-08,1.2106307163592332e-05,10.901858987805543,10.904470655002601,0.0033045374615618944,1.3627323734756929,1.3630588318753252,0.0004130671826952368,0.0003031168780717344,0.00023954439303201265,0.7902707185289863,0.00023956163806371222,0.00021803717975611087,0.0034794118990990894,0.0
SPD,500,logs/muon_spectra/soaudit_traj_20260926/SPD_a0.25_lr0.01_s260925_ada/scientific/kept/step000500.pt,logs/muon_spectra/soaudit_traj_20260926/SPD_a0.25_lr0.01_s260925_ada/scientific/kept/step000501_weights.pt,qk_norm,blocks.5.attn.k_norm.weight,[64],torch.float32,0.002,0.01,2e-05,64,118.85313373612998,118.9100758038024,1.0922601347829186e-05,0.02846557253553783,4.7541253494451995e-08,1.2108765502745151e-05,10.9019784321989,10.904589666915596,0.003304935906765695,1.3627473040248625,1.3630737083644495,0.00041311698834571185,0.00030315010503089926,0.00023950207824334905,0.7900445167879366,0.00023951934347854476,0.000218039568643978,0.0034797651505159297,0.0
SPD,500,logs/muon_spectra/soaudit_traj_20260926/SPD_a0.25_lr0.01_s260925_ada/scientific/kept/step000500.pt,logs/muon_spectra/soaudit_traj_20260926/SPD_a0.25_lr0.01_s260925_ada/scientific/kept/step000501_weights.pt,body_norm,blocks.6.ln1.weight,[512],torch.float32,0.002,0.01,2e-05,512,495.5094961161396,495.4936370298914,1.8494514268496687e-05,-0.007938790381246008,1.9820379844645587e-07,1.8375166451693303e-05,22.26004259016904,22.25968636414025,0.004300524882906351,0.983764191563118,0.983748448448081,0.00019005814421028526,0.00019319481827072702,-1.6021469706375277e-05,-0.08292908603751542,-1.6002935634418236e-05,0.00044520085180338085,0.0042866264651463745,2.150945868836266e-17
SPD,500,logs/muon_spectra/soaudit_traj_20260926/SPD_a0.25_lr0.01_s260925_ada/scientific/kept/step000500.pt,logs/muon_spectra/soaudit_traj_20260926/SPD_a0.25_lr0.01_s260925_ada/scientific/kept/step000501_weights.pt,body_norm,blocks.6.ln2.weight,[512],torch.float32,0.002,0.01,2e-05,512,524.946965406404,524.8803572569113,4.5274357219682315e-05,-0.0333267119249534,2.0997878616256166e-07,4.415126752884674e-05,22.911721135837965,22.91026750731888,0.006728622237849463,1.0125645864878856,1.0125003445764376,0.00029736590077662236,0.00029367598348273863,-6.348586451805181e-05,-0.21617656222740908,-6.344475434483243e-05,0.0004582344227167593,0.006644642016606066,4.060654404640732e-17
SPD,500,logs/muon_spectra/soaudit_traj_20260926/SPD_a0.25_lr0.01_s260925_ada/scientific/kept/step000500.pt,logs/muon_spectra/soaudit_traj_20260926/SPD_a0.25_lr0.01_s260925_ada/scientific/kept/step000501_weights.pt,qk_norm,blocks.6.attn.q_norm.weight,[64],torch.float32,0.002,0.01,2e-05,64,113.2443932634764,113.31525256903039,1.3976781076507905e-05,0.035422664386459246,4.529775730539057e-08,1.5438985409271668e-05,10.641634896174384,10.64496371853988,0.0037385533400645637,1.330204362021798,1.330620464817485,0.00046731916750807046,0.00035131381376451423,0.00031279839438977126,0.8903674781186945,0.00031281117967063565,0.0002128326979234877,0.003929247435485791,0.0
SPD,500,logs/muon_spectra/soaudit_traj_20260926/SPD_a0.25_lr0.01_s260925_ada/scientific/kept/step000500.pt,logs/muon_spectra/soaudit_traj_20260926/SPD_a0.25_lr0.01_s260925_ada/scientific/kept/step000501_weights.pt,qk_norm,blocks.6.attn.k_norm.weight,[64],torch.float32,0.002,0.01,2e-05,64,113.24563212737623,113.31650877199338,1.3977927181940686e-05,0.03543133334498805,4.5298252850950495e-08,1.544047876859116e-05,10.641693104359673,10.645022722943967,0.0037387066188644285,1.3302116380449591,1.3306278403679959,0.00046733832735805356,0.000351326295750134,0.00031287152254257057,0.8905439937951222,0.0003128842893362904,0.0002128338620871935,0.003929437462104615,0.0
SPD,500,logs/muon_spectra/soaudit_traj_20260926/SPD_a0.25_lr0.01_s260925_ada/scientific/kept/step000500.pt,logs/muon_spectra/soaudit_traj_20260926/SPD_a0.25_lr0.01_s260925_ada/scientific/kept/step000501_weights.pt,body_norm,blocks.7.ln1.weight,[512],torch.float32,0.002,0.01,2e-05,512,502.5913383282101,502.57545231243523,3.1603036021010666e-05,-0.00795880940539817,2.0103653533128407e-07,3.1485720180126026e-05,22.418548979097867,22.418194671124507,0.005621657764486439,0.9907692504676785,0.9907535921195164,0.00024844452042364803,0.00025075921593890134,-1.5835548284361367e-05,-0.06315041393421716,-1.580423307911971e-05,0.0004483709795819574,0.005611213788488729,1.8378859443950812e-16
SPD,500,logs/muon_spectra/soaudit_traj_20260926/SPD_a0.25_lr0.01_s260925_ada/scientific/kept/step000500.pt,logs/muon_spectra/soaudit_traj_20260926/SPD_a0.25_lr0.01_s260925_ada/scientific/kept/step000501_weights.pt,body_norm,blocks.7.ln2.weight,[512],torch.float32,0.002,0.01,2e-05,512,584.1990693669277,584.1537463998355,5.6412172796171944e-05,-0.022689689632471755,2.3367962774677112e-07,5.5738264838619846e-05,24.17021037076276,24.169272773499735,0.007510803738360625,1.0681824784919853,1.0681410421555662,0.00033193376597225434,0.00031074631222266855,-3.883896914977908e-05,-0.12498609837708585,-3.879143990237477e-05,0.00048340420741525527,0.007465806375644887,0.0
SPD,500,logs/muon_spectra/soaudit_traj_20260926/SPD_a0.25_lr0.01_s260925_ada/scientific/kept/step000500.pt,logs/muon_spectra/soaudit_traj_20260926/SPD_a0.25_lr0.01_s260925_ada/scientific/kept/step000501_weights.pt,qk_norm,blocks.7.attn.q_norm.weight,[64],torch.float32,0.002,0.01,2e-05,64,99.63377471444426,99.66539177040663,6.883641290755804e-06,0.015805086160540327,3.985350988577771e-08,7.555698247063195e-06,9.981671939832738,9.983255569723067,0.0026236694324468174,1.2477089924790923,1.2479069462153833,0.0003279586790558522,0.00026284869391237297,0.00015863181140972078,0.6035099853401006,0.00015865377061818897,0.00019963343879665478,0.0027487630394530545,0.0
SPD,500,logs/muon_spectra/soaudit_traj_20260926/SPD_a0.25_lr0.01_s260925_ada/scientific/kept/step000500.pt,logs/muon_spectra/soaudit_traj_20260926/SPD_a0.25_lr0.01_s260925_ada/scientific/kept/step000501_weights.pt,qk_norm,blocks.7.attn.k_norm.weight,[64],torch.float32,0.002,0.01,2e-05,64,99.63616052500308,99.66777871518968,6.885409248980068e-06,0.01580565238867848,3.9854464210001235e-08,7.557489808737209e-06,9.9817914486831,9.983375116421785,0.002624006335544956,1.2477239310853876,1.247921889552723,0.0003280007919431195,0.0002628792986745021,0.00015863369589309045,0.6034468925204763,0.00015865566284634092,0.00019963582897366202,0.002749088905207907,0.0
SPD,500,logs/muon_spectra/soaudit_traj_20260926/SPD_a0.25_lr0.01_s260925_ada/scientific/kept/step000500.pt,logs/muon_spectra/soaudit_traj_20260926/SPD_a0.25_lr0.01_s260925_ada/scientific/kept/step000501_weights.pt,final_norm,norm.weight,[512],torch.float32,0.002,0.01,2e-05,512,956.3213721488778,956.6130116539306,7.547697811460807e-05,0.1457820140373265,3.825285488595512e-07,8.169078722496069e-05,30.924446189849185,30.92916118574719,0.008687748736848234,1.3666803503300533,1.36688872567835,0.0003839478778168905,0.0002809346587328684,0.00015244040160866708,0.5426187081944122,0.0001524682404676625,0.0006184889237969837,0.009038295592917986,1.856923142127273e-17
SPD,500,logs/muon_spectra/soaudit_traj_20260926/SPD_a0.25_lr0.01_s260925_ada/scientific/kept/step000500.pt,logs/muon_spectra/soaudit_traj_20260926/SPD_a0.25_lr0.01_s260925_ada/scientific/kept/step000501_weights.pt,head,head.weight,"[50304, 512]",torch.float32,0.002,0.01,2e-05,25755648,83477.20377083433,83569.6650684845,4.970267021871869,43.745515314147134,3.339088150833374e-05,4.972050233365945,288.9242180413998,289.08418335925,2.229409567995946,0.05693085498237444,0.05696237522797545,0.0004392923295675707,0.007716243321895899,0.0005240414548891628,0.06791406556635188,0.0005536583915832782,0.005778484360827996,2.2298094612244213,6.461824140794885e-18
SPD,900,logs/muon_spectra/soaudit_traj_20260926/SPD_a0.25_lr0.01_s260925_ada/scientific/kept/step000900.pt,logs/muon_spectra/soaudit_traj_20260926/SPD_a0.25_lr0.01_s260925_ada/scientific/kept/step000901_weights.pt,token_embedding,embed.weight,"[50304, 512]",torch.float32,0.002,0.01,2e-05,25755648,100198.99297392133,100294.21852928372,4.391038622377928,45.41725837001376,4.0079597189568535e-05,4.392895392309918,316.5422451647194,316.69262468406765,2.095480523025191,0.062372828340356144,0.06240245975950948,0.00041290238175064725,0.00661990794288694,0.0004532706070392789,0.06847083236653102,0.00047506935218066815,0.0063308449032943885,2.0959235177624964,7.282951530731665e-17
SPD,900,logs/muon_spectra/soaudit_traj_20260926/SPD_a0.25_lr0.01_s260925_ada/scientific/kept/step000900.pt,logs/muon_spectra/soaudit_traj_20260926/SPD_a0.25_lr0.01_s260925_ada/scientific/kept/step000901_weights.pt,position_embedding,position.weight,"[512, 512]",torch.float32,0.002,0.01,2e-05,262144,403.970920201428,404.38158263230184,0.039390094536620214,0.18563616816861006,1.6158836808057122e-07,0.03939768157171504,20.099027842197444,20.109241224678314,0.19846937934255807,0.03925591375429188,0.03927586176694983,0.0003876355065284337,0.009874576069091073,0.0004595285424902568,0.046536533748385525,0.0005081530589967631,0.0004019805568439489,0.19848849229039714,3.871131950499533e-17
SPD,900,logs/muon_spectra/soaudit_traj_20260926/SPD_a0.25_lr0.01_s260925_ada/scientific/kept/step000900.pt,logs/muon_spectra/soaudit_traj_20260926/SPD_a0.25_lr0.01_s260925_ada/scientific/kept/step000901_weights.pt,body_norm,blocks.0.ln1.weight,[512],torch.float32,0.002,0.01,2e-05,512,387.2218817340927,387.11384787109796,3.5658572059560356e-05,-0.05403476078339864,1.5488875269363709e-07,3.365207038091805e-05,19.67795420601676,19.675208966389608,0.005971479888567017,0.8696509286845497,0.8695296050872783,0.0002639046201828017,0.0003034604017292188,-0.00013954469861417748,-0.4598448358303262,-0.00013950838580134572,0.0003935590841203352,0.005801040456755844,5.504927040110045e-17
SPD,900,logs/muon_spectra/soaudit_traj_20260926/SPD_a0.25_lr0.01_s260925_ada/scientific/kept/step000900.pt,logs/muon_spectra/soaudit_traj_20260926/SPD_a0.25_lr0.01_s260925_ada/scientific/kept/step000901_weights.pt,body_norm,blocks.0.ln2.weight,[512],torch.float32,0.002,0.01,2e-05,512,487.69328536420926,487.65961153222804,2.5582500168042088e-05,-0.016849707240673695,1.9507731414568373e-07,2.5103589192560822e-05,22.083778783627796,22.083016359461134,0.005057914606638006,0.9759743582579263,0.975940663551777,0.00022353035731351392,0.00022903302266312232,-3.4549803629324806e-05,-0.15085075168458592,-3.452417152582932e-05,0.000441675575672556,0.005010348210709593,8.013202485988849e-17
SPD,900,logs/muon_spectra/soaudit_traj_20260926/SPD_a0.25_lr0.01_s260925_ada/scientific/kept/step000900.pt,logs/muon_spectra/soaudit_traj_20260926/SPD_a0.25_lr0.01_s260925_ada/scientific/kept/step000901_weights.pt,qk_norm,blocks.0.attn.q_norm.weight,[64],torch.float32,0.002,0.01,2e-05,64,78.54343292685131,78.55409580891498,3.363054261740217e-06,0.005329759504704157,3.1417373170740527e-08,3.607662015099124e-06,8.862473296256034,8.863074850688951,0.0018338632069323539,1.1078091620320043,1.107884356336119,0.00022923290086654423,0.0002069245396436988,6.785748096429453e-05,0.3279334634796705,6.787658623141901e-05,0.0001772494659251207,0.0018993846411664817,0.0
SPD,900,logs/muon_spectra/soaudit_traj_20260926/SPD_a0.25_lr0.01_s260925_ada/scientific/kept/step000900.pt,logs/muon_spectra/soaudit_traj_20260926/SPD_a0.25_lr0.01_s260925_ada/scientific/kept/step000901_weights.pt,qk_norm,blocks.0.attn.k_norm.weight,[64],torch.float32,0.002,0.01,2e-05,64,78.54728844271044,78.55794337699066,3.3643109276226824e-06,0.0053257849846488625,3.141891537708418e-08,3.6087612423857213e-06,8.86269081276733,8.863291904083418,0.0018342058029628744,1.1078363515959162,1.1079114880104273,0.0002292757253703593,0.00020695811709019247,6.78035498136043e-05,0.32761966897899186,6.782266568783335e-05,0.00017725381625534662,0.0018996739831838834,0.0
SPD,900,logs/muon_spectra/soaudit_traj_20260926/SPD_a0.25_lr0.01_s260925_ada/scientific/kept/step000900.pt,logs/muon_spectra/soaudit_traj_20260926/SPD_a0.25_lr0.01_s260925_ada/scientific/kept/step000901_weights.pt,body_norm,blocks.1.ln1.weight,[512],torch.float32,0.002,0.01,2e-05,512,481.7386714713172,481.7349186584187,2.3860334724901122e-05,-0.0018883366166413396,1.9269546858852693e-07,2.3977496728823995e-05,21.94854599902502,21.94846050770802,0.004884704159404244,0.9699978570684661,0.9699940788503423,0.00021587546470030471,0.00022255251712898104,-3.919836061477102e-06,-0.017613083473710378,-3.895078835802757e-06,0.0004389709199805005,0.004896682216442475,3.687386843939547e-17
SPD,900,logs/muon_spectra/soaudit_traj_20260926/SPD_a0.25_lr0.01_s260925_ada/scientific/kept/step000900.pt,logs/muon_spectra/soaudit_traj_20260926/SPD_a0.25_lr0.01_s260925_ada/scientific/kept/step000901_weights.pt,body_norm,blocks.1.ln2.weight,[512],torch.float32,0.002,0.01,2e-05,512,464.5450893944877,464.505598791565,2.773634997410568e-05,-0.019759169636341056,1.858180357577951e-07,2.7131801224409832e-05,21.553308084711446,21.552391950583235,0.005266531113940719,0.9525306439813939,0.9524901561904855,0.00023274999149983905,0.00024434908521891655,-4.253444948066546e-05,-0.17407247275985546,-4.250549960171934e-05,0.00043106616169422894,0.005208819561513898,6.882953633388233e-17
SPD,900,logs/muon_spectra/soaudit_traj_20260926/SPD_a0.25_lr0.01_s260925_ada/scientific/kept/step000900.pt,logs/muon_spectra/soaudit_traj_20260926/SPD_a0.25_lr0.01_s260925_ada/scientific/kept/step000901_weights.pt,qk_norm,blocks.1.attn.q_norm.weight,[64],torch.float32,0.002,0.01,2e-05,64,96.46885134764709,96.50363906493527,5.738610227012941e-06,0.017390989338977647,3.858754053905884e-08,6.472837341111106e-06,9.821855799575102,9.823626573976398,0.002395539652565355,1.2277319749468878,1.2279533217470497,0.00029944245657066937,0.0002438988823954213,0.00018027569620690647,0.7391411327364522,0.00018028918744383837,0.0001964371159915021,0.0025441771442081436,0.0
SPD,900,logs/muon_spectra/soaudit_traj_20260926/SPD_a0.25_lr0.01_s260925_ada/scientific/kept/step000900.pt,logs/muon_spectra/soaudit_traj_20260926/SPD_a0.25_lr0.01_s260925_ada/scientific/kept/step000901_weights.pt,qk_norm,blocks.1.attn.k_norm.weight,[64],torch.float32,0.002,0.01,2e-05,64,96.48283572460448,96.51762624425986,5.737011363748934e-06,0.017392391322005096,3.85931342898418e-08,6.471300150918979e-06,9.822567674727647,9.824338463441691,0.0023952059125989427,1.227820959340956,1.2280423079302114,0.00029940073907486783,0.00024384722935139822,0.00018026409766446977,0.7392501368334129,0.0001802775783974475,0.00019645135349455296,0.002543875026592104,0.0
SPD,900,logs/muon_spectra/soaudit_traj_20260926/SPD_a0.25_lr0.01_s260925_ada/scientific/kept/step000900.pt,logs/muon_spectra/soaudit_traj_20260926/SPD_a0.25_lr0.01_s260925_ada/scientific/kept/step000901_weights.pt,body_norm,blocks.2.ln1.weight,[512],torch.float32,0.002,0.01,2e-05,512,483.86697514335606,483.83563725679824,2.3172629529000233e-05,-0.015680529593673498,1.9354679005734245e-07,2.2738955135310634e-05,21.996976500041,21.996264165916863,0.004813795750652518,0.9721382030487575,0.9721067220306544,0.00021274172615833636,0.00021883897319449993,-3.24066952265709e-05,-0.1480846613083331,-3.238327431664967e-05,0.00043993953000082006,0.0047685380501062,7.342335520517664e-18
SPD,900,logs/muon_spectra/soaudit_traj_20260926/SPD_a0.25_lr0.01_s260925_ada/scientific/kept/step000900.pt,logs/muon_spectra/soaudit_traj_20260926/SPD_a0.25_lr0.01_s260925_ada/scientific/kept/step000901_weights.pt,body_norm,blocks.2.ln2.weight,[512],torch.float32,0.002,0.01,2e-05,512,471.0258205436326,470.98872610240335,2.4017441059953626e-05,-0.018559229335117777,1.8841032821745308e-07,2.346348221476637e-05,21.703129279982473,21.70227467576621,0.004900759233012129,0.959151867927745,0.9591140994004606,0.00021658500541409123,0.0002258088762127157,-3.9401723909100596e-05,-0.17449147513574056,-3.9377004359186785e-05,0.00043406258559964953,0.004843911871077587,2.0364758181813485e-16
SPD,900,logs/muon_spectra/soaudit_traj_20260926/SPD_a0.25_lr0.01_s260925_ada/scientific/kept/step000900.pt,logs/muon_spectra/soaudit_traj_20260926/SPD_a0.25_lr0.01_s260925_ada/scientific/kept/step000901_weights.pt,qk_norm,blocks.2.attn.q_norm.weight,[64],torch.float32,0.002,0.01,2e-05,64,129.98186446059083,130.00078604041636,5.7067017849021795e-06,0.00945793656187277,5.199274578423634e-08,6.137011993161327e-06,11.400958927239008,11.401788721091808,0.002388870399352418,1.425119865904876,1.425223590136476,0.00029860879991905223,0.00020953240991378037,7.276350897967248e-05,0.34726612942414786,7.278281222622418e-05,0.00022801917854478018,0.0024772993345902566,0.0
SPD,900,logs/muon_spectra/soaudit_traj_20260926/SPD_a0.25_lr0.01_s260925_ada/scientific/kept/step000900.pt,logs/muon_spectra/soaudit_traj_20260926/SPD_a0.25_lr0.01_s260925_ada/scientific/kept/step000901_weights.pt,qk_norm,blocks.2.attn.k_norm.weight,[64],torch.float32,0.002,0.01,2e-05,64,130.00699153167545,130.0259714494086,5.720606282011431e-06,0.009487098563425889,5.200279661267019e-08,6.152093021161138e-06,11.40206084581535,11.402893117512265,0.0023917788948837706,1.4252576057269188,1.4253616396890332,0.0002989723618604713,0.00020976724534508805,7.297375665457509e-05,0.34787965363479884,7.299309380726093e-05,0.000228041216916307,0.0024803413114249293,0.0
SPD,900,logs/muon_spectra/soaudit_traj_20260926/SPD_a0.25_lr0.01_s260925_ada/scientific/kept/step000900.pt,logs/muon_spectra/soaudit_traj_20260926/SPD_a0.25_lr0.01_s260925_ada/scientific/kept/step000901_weights.pt,body_norm,blocks.3.ln1.weight,[512],torch.float32,0.002,0.01,2e-05,512,476.1851793655861,476.15375396767655,1.9083305168976494e-05,-0.01572224060737426,1.9047407174623447e-07,1.8644889616427758e-05,21.82166765775673,21.82094759554856,0.0043684442504141555,0.9643905735999343,0.9643587510455424,0.0001930597845439521,0.0002001883778511927,-3.301707253535431e-05,-0.1649300168658997,-3.299757926211733e-05,0.00043643335315513465,0.004317972859621487,1.4921563428470094e-17
SPD,900,logs/muon_spectra/soaudit_traj_20260926/SPD_a0.25_lr0.01_s260925_ada/scientific/kept/step000900.pt,logs/muon_spectra/soaudit_traj_20260926/SPD_a0.25_lr0.01_s260925_ada/scientific/kept/step000901_weights.pt,body_norm,blocks.3.ln2.weight,[512],torch.float32,0.002,0.01,2e-05,512,475.2933513491627,475.2588718488805,2.1753534632296123e-05,-0.017250626908417388,1.9011734053966512e-07,2.1253626896499096e-05,21.80122362045678,21.8004328362737,0.004664068463508669,0.9634870662618328,0.9634521182081882,0.00020612465240408135,0.00021393608655673004,-3.6294694338664616e-05,-0.16965204385488394,-3.6272467860087865e-05,0.0004360244724091357,0.004610165604021085,0.0
SPD,900,logs/muon_spectra/soaudit_traj_20260926/SPD_a0.25_lr0.01_s260925_ada/scientific/kept/step000900.pt,logs/muon_spectra/soaudit_traj_20260926/SPD_a0.25_lr0.01_s260925_ada/scientific/kept/step000901_weights.pt,qk_norm,blocks.3.attn.q_norm.weight,[64],torch.float32,0.002,0.01,2e-05,64,146.0312369402094,146.0661592939429,6.957787576311603e-06,0.01745769797295793,5.8412494776083766e-08,7.714507990006005e-06,12.084338498246787,12.085783354584132,0.0026377618498097215,1.5105423122808483,1.5107229193230165,0.0003297202312262152,0.0002182793745965004,0.00011954769636105842,0.5476820546240244,0.00011956437148419319,0.00024168676996493574,0.0027775003132323862,0.0
SPD,900,logs/muon_spectra/soaudit_traj_20260926/SPD_a0.25_lr0.01_s260925_ada/scientific/kept/step000900.pt,logs/muon_spectra/soaudit_traj_20260926/SPD_a0.25_lr0.01_s260925_ada/scientific/kept/step000901_weights.pt,qk_norm,blocks.3.attn.k_norm.weight,[64],torch.float32,0.002,0.01,2e-05,64,146.05836647821525,146.09336896262062,6.973998182502328e-06,0.017497755203592646,5.842334659128611e-08,7.73233173723732e-06,12.085460954312634,12.086908991244231,0.0026408328577368027,1.5106826192890792,1.5108636239055289,0.00033010410721710033,0.00021851320919575147,0.00011979974598854941,0.5482494464727247,0.00011981644200997899,0.00024170921908625272,0.002780707057069716,0.0
SPD,900,logs/muon_spectra/soaudit_traj_20260926/SPD_a0.25_lr0.01_s260925_ada/scientific/kept/step000900.pt,logs/muon_spectra/soaudit_traj_20260926/SPD_a0.25_lr0.01_s260925_ada/scientific/kept/step000901_weights.pt,body_norm,blocks.4.ln1.weight,[512],torch.float32,0.002,0.01,2e-05,512,476.20356004900447,476.1619973024375,2.045947107376378e-05,-0.02079160301904892,1.9048142401960182e-07,1.9818288377021426e-05,21.822088810400448,21.821136480541924,0.004523214683581112,0.9644091860930774,0.9643670986617716,0.000199899735970173,0.00020727688915945293,-4.366116670129331e-05,-0.210641750164949,-4.3640637099384705e-05,0.00043644177620800903,0.004451773621493059,1.1936789984299668e-16
SPD,900,logs/muon_spectra/soaudit_traj_20260926/SPD_a0.25_lr0.01_s260925_ada/scientific/kept/step000900.pt,logs/muon_spectra/soaudit_traj_20260926/SPD_a0.25_lr0.01_s260925_ada/scientific/kept/step000901_weights.pt,body_norm,blocks.4.ln2.weight,[512],torch.float32,0.002,0.01,2e-05,512,471.7243071120058,471.67541054385805,2.558318341172594e-05,-0.024461075665566767,1.8868972284480237e-07,2.4793430107948072e-05,21.71921515874839,21.718089477296527,0.005057982148221358,0.9598627700500402,0.9598130214882858,0.00022353334225798895,0.00023288052129195048,-5.185460086914442e-05,-0.22266611471612494,-5.182882731424865e-05,0.00043438430317496783,0.00497930016246742,9.790735208698991e-17
SPD,900,logs/muon_spectra/soaudit_traj_20260926/SPD_a0.25_lr0.01_s260925_ada/scientific/kept/step000900.pt,logs/muon_spectra/soaudit_traj_20260926/SPD_a0.25_lr0.01_s260925_ada/scientific/kept/step000901_weights.pt,qk_norm,blocks.4.attn.q_norm.weight,[64],torch.float32,0.002,0.01,2e-05,64,156.9809032031343,157.02543277050756,7.769724334139028e-06,0.02226089882445592,6.279236128125373e-08,8.722952648398518e-06,12.5292020178116,12.530978923073311,0.0027874225252263116,1.56615025222645,1.566372365384164,0.00034842781565328895,0.00022247406668546746,0.00014180641320205793,0.637406486584088,0.0001418211039445616,0.000250584040356232,0.002953464516190861,1.8100067567998551e-16
SPD,900,logs/muon_spectra/soaudit_traj_20260926/SPD_a0.25_lr0.01_s260925_ada/scientific/kept/step000900.pt,logs/muon_spectra/soaudit_traj_20260926/SPD_a0.25_lr0.01_s260925_ada/scientific/kept/step000901_weights.pt,qk_norm,blocks.4.attn.k_norm.weight,[64],torch.float32,0.002,0.01,2e-05,64,156.99746378021524,157.04200689951264,7.767148176185401e-06,0.022267676074605447,6.279898551208611e-08,8.720654204681705e-06,12.52986287954562,12.531640231809746,0.002786960382959435,1.5662328599432025,1.5664550289762182,0.0003483700478699294,0.00022242544948428844,0.00014183462291963221,0.6376726370497953,0.00014184929884808462,0.0002505972575909124,0.0029530753807990927,9.049078648297703e-17
SPD,900,logs/muon_spectra/soaudit_traj_20260926/SPD_a0.25_lr0.01_s260925_ada/scientific/kept/step000900.pt,logs/muon_spectra/soaudit_traj_20260926/SPD_a0.25_lr0.01_s260925_ada/scientific/kept/step000901_weights.pt,body_norm,blocks.5.ln1.weight,[512],torch.float32,0.002,0.01,2e-05,512,484.9687473785052,484.9462751930582,1.747398300722125e-05,-0.011244829714989635,1.939874989514021e-07,1.7218177317573063e-05,22.022005979894413,22.021495752856076,0.004180189350642055,0.9732443602321275,0.9732218111697055,0.00018474001478017426,0.0001898187365155778,-2.318671002157041e-05,-0.12215185100901539,-2.3168962845709906e-05,0.00044044011959788824,0.004149479162204947,2.930261958532105e-17
SPD,900,logs/muon_spectra/soaudit_traj_20260926/SPD_a0.25_lr0.01_s260925_ada/scientific/kept/step000900.pt,logs/muon_spectra/soaudit_traj_20260926/SPD_a0.25_lr0.01_s260925_ada/scientific/kept/step000901_weights.pt,body_norm,blocks.5.ln2.weight,[512],torch.float32,0.002,0.01,2e-05,512,485.83486312824925,485.78242550366963,3.0850920175851115e-05,-0.026234237749893197,1.9433394525129973e-07,2.999588461110669e-05,22.041661986525636,22.040472442841818,0.005554360465062662,0.9741130412058766,0.9740604703055425,0.00024547037187501713,0.00025199372299866126,-5.3998261016043964e-05,-0.21428415110296553,-5.3967966868628814e-05,0.00044083323973051274,0.005476849880278506,2.925038072339956e-17
SPD,900,logs/muon_spectra/soaudit_traj_20260926/SPD_a0.25_lr0.01_s260925_ada/scientific/kept/step000900.pt,logs/muon_spectra/soaudit_traj_20260926/SPD_a0.25_lr0.01_s260925_ada/scientific/kept/step000901_weights.pt,qk_norm,blocks.5.attn.q_norm.weight,[64],torch.float32,0.002,0.01,2e-05,64,136.23889125496186,136.27179228794412,6.648252835361745e-06,0.016447192364722696,5.449555650198475e-08,7.3606360864526384e-06,11.672141673872959,11.67355097166,0.002578420608698617,1.4590177092341199,1.4591938714575,0.0003223025760873271,0.0002209038136051912,0.00012072318126798969,0.5464965918775461,0.00012074029140629605,0.00023344283347745922,0.0027130492230058485,1.0428317171593574e-16
SPD,900,logs/muon_spectra/soaudit_traj_20260926/SPD_a0.25_lr0.01_s260925_ada/scientific/kept/step000900.pt,logs/muon_spectra/soaudit_traj_20260926/SPD_a0.25_lr0.01_s260925_ada/scientific/kept/step000901_weights.pt,qk_norm,blocks.5.attn.k_norm.weight,[64],torch.float32,0.002,0.01,2e-05,64,136.24932179152472,136.28227975437142,6.651798713619428e-06,0.01647565552400465,5.4499728716609895e-08,7.365324663296223e-06,11.67258847863338,11.674000160800556,0.0025791081236775297,1.4590735598291724,1.4592500201000695,0.0003223885154596912,0.000220954257780832,0.00012092284429286242,0.5472754655527284,0.00012093994145012665,0.0002334517695726676,0.0027139131642880954,2.0855029341767632e-16
SPD,900,logs/muon_spectra/soaudit_traj_20260926/SPD_a0.25_lr0.01_s260925_ada/scientific/kept/step000900.pt,logs/muon_spectra/soaudit_traj_20260926/SPD_a0.25_lr0.01_s260925_ada/scientific/kept/step000901_weights.pt,body_norm,blocks.6.ln1.weight,[512],torch.float32,0.002,0.01,2e-05,512,486.5437315087012,486.52419425626204,2.1985416054803864e-05,-0.009779618927613143,1.9461749260348052e-07,2.1788848790302823e-05,22.057736318777167,22.057293448115118,0.004688860848308879,0.974823433039508,0.9748038607364877,0.00020722033136745728,0.00021257216880942476,-2.010018482262215e-05,-0.09455699179812373,-2.007779291812728e-05,0.00044115472637554334,0.004667852695865929,4.381164670790089e-17
SPD,900,logs/muon_spectra/soaudit_traj_20260926/SPD_a0.25_lr0.01_s260925_ada/scientific/kept/step000900.pt,logs/muon_spectra/soaudit_traj_20260926/SPD_a0.25_lr0.01_s260925_ada/scientific/kept/step000901_weights.pt,body_norm,blocks.6.ln2.weight,[512],torch.float32,0.002,0.01,2e-05,512,495.63579880804167,495.5552823695798,4.347581775121512e-05,-0.0402799571398198,1.9825431952321671e-07,4.206287378514554e-05,22.26287939166993,22.261071006795245,0.0065936194727338575,0.983889561661753,0.98380964158626,0.00029139956510836117,0.00029617100990094673,-8.126926512711426e-05,-0.2743997974490969,-8.122870554483352e-05,0.00044525758783339867,0.006485589702189427,3.583996240126772e-17
SPD,900,logs/muon_spectra/soaudit_traj_20260926/SPD_a0.25_lr0.01_s260925_ada/scientific/kept/step000900.pt,logs/muon_spectra/soaudit_traj_20260926/SPD_a0.25_lr0.01_s260925_ada/scientific/kept/step000901_weights.pt,qk_norm,blocks.6.attn.q_norm.weight,[64],torch.float32,0.002,0.01,2e-05,64,130.85296595731472,130.8863187000758,6.583145776062338e-06,0.016673079807645763,5.23411863829259e-08,7.3024101547510946e-06,11.43909812692044,11.440555873736022,0.0025657641700012764,1.429887265865055,1.4300694842170028,0.00032072052125015955,0.00022429776731813162,0.00012741843248004523,0.5680771324813142,0.0001274354673250766,0.00022878196253840882,0.002702297199560236,1.0857402711253558e-16
SPD,900,logs/muon_spectra/soaudit_traj_20260926/SPD_a0.25_lr0.01_s260925_ada/scientific/kept/step000900.pt,logs/muon_spectra/soaudit_traj_20260926/SPD_a0.25_lr0.01_s260925_ada/scientific/kept/step000901_weights.pt,qk_norm,blocks.6.attn.k_norm.weight,[64],torch.float32,0.002,0.01,2e-05,64,130.85927643453724,130.89263920594362,6.581111662740113e-06,0.01667809514735552,5.23437105738149e-08,7.300579179208148e-06,11.43937395291094,11.44083210286488,0.002565367744152895,1.4299217441138674,1.43010401285811,0.00032067096801911187,0.0002242577045486038,0.00012745061413891272,0.5683221202832304,0.00012746763589888133,0.00022878747905821878,0.002701958397016532,1.0856878432134717e-16
SPD,900,logs/muon_spectra/soaudit_traj_20260926/SPD_a0.25_lr0.01_s260925_ada/scientific/kept/step000900.pt,logs/muon_spectra/soaudit_traj_20260926/SPD_a0.25_lr0.01_s260925_ada/scientific/kept/step000901_weights.pt,body_norm,blocks.7.ln1.weight,[512],torch.float32,0.002,0.01,2e-05,512,503.3859653263132,503.38096097386745,3.4488376897456874e-05,-0.0025194204113674346,2.0135438613052533e-07,3.45889544671327e-05,22.4362645136465,22.436152989625192,0.005872680554691943,0.9915521738809085,0.9915472451689253,0.00025953826524781554,0.00026174947933600885,-5.004947664232661e-06,-0.019121137038854583,-4.970703623152772e-06,0.00044872529027293007,0.005881237494535712,1.1292213684177713e-16
SPD,900,logs/muon_spectra/soaudit_traj_20260926/SPD_a0.25_lr0.01_s260925_ada/scientific/kept/step000900.pt,logs/muon_spectra/soaudit_traj_20260926/SPD_a0.25_lr0.01_s260925_ada/scientific/kept/step000901_weights.pt,body_norm,blocks.7.ln2.weight,[512],torch.float32,0.002,0.01,2e-05,512,555.0650915033505,555.0040683667551,5.19642245606633e-05,-0.030537550409992065,2.2202603660134022e-07,5.0964748580864954e-05,23.559819428496272,23.55852432489682,0.007208621543725492,1.0412067550887678,1.0411495190551732,0.0003185790735359834,0.0003059710014163546,-5.501616094660807e-05,-0.17980841547707327,-5.4970862717662605e-05,0.0004711963885699255,0.007138959908898841,5.120428192201031e-17
SPD,900,logs/muon_spectra/soaudit_traj_20260926/SPD_a0.25_lr0.01_s260925_ada/scientific/kept/step000900.pt,logs/muon_spectra/soaudit_traj_20260926/SPD_a0.25_lr0.01_s260925_ada/scientific/kept/step000901_weights.pt,qk_norm,blocks.7.attn.q_norm.weight,[64],torch.float32,0.002,0.01,2e-05,64,112.75365232560647,112.76856702291269,5.030830649843665e-06,0.007454833237787284,4.5101460930242594e-08,5.374125440285399e-06,10.618552270700864,10.619254541770466,0.002242951325785663,1.327319033837608,1.3274068177213083,0.0002803689157232079,0.00021122948483047967,6.611611317263098e-05,0.31300608068846014,6.613623511952937e-05,0.0002123710454140173,0.0023182160038023635,0.0
SPD,900,logs/muon_spectra/soaudit_traj_20260926/SPD_a0.25_lr0.01_s260925_ada/scientific/kept/step000900.pt,logs/muon_spectra/soaudit_traj_20260926/SPD_a0.25_lr0.01_s260925_ada/scientific/kept/step000901_weights.pt,qk_norm,blocks.7.attn.k_norm.weight,[64],torch.float32,0.002,0.01,2e-05,64,112.7641041335915,112.77902812021784,5.036810364345001e-06,0.007459474907989261,4.510564165343661e-08,5.380295002318009e-06,10.619044407741757,10.619747083627644,0.0022442839313119457,1.3273805509677197,1.3274683854534555,0.0002805354914139932,0.00021134518748935284,6.615114770168377e-05,0.3130004921688427,6.617129177599601e-05,0.00021238088815483518,0.0023195462923421054,0.0
SPD,900,logs/muon_spectra/soaudit_traj_20260926/SPD_a0.25_lr0.01_s260925_ada/scientific/kept/step000900.pt,logs/muon_spectra/soaudit_traj_20260926/SPD_a0.25_lr0.01_s260925_ada/scientific/kept/step000901_weights.pt,final_norm,norm.weight,[512],torch.float32,0.002,0.01,2e-05,512,1000.9574864936285,1000.9028017906455,4.301007060192319e-05,-0.027363856526761765,4.0038299459745146e-07,4.231589933545017e-05,31.637912170268578,31.637047931035625,0.006558206355545942,1.398211389886332,1.3981731955474452,0.0002898345116517031,0.00020728947979408558,-2.733768106637359e-05,-0.1318816617878048,-2.7316569699675775e-05,0.0006327582434053716,0.006505067204529879,4.614109834593909e-17
SPD,900,logs/muon_spectra/soaudit_traj_20260926/SPD_a0.25_lr0.01_s260925_ada/scientific/kept/step000900.pt,logs/muon_spectra/soaudit_traj_20260926/SPD_a0.25_lr0.01_s260925_ada/scientific/kept/step000901_weights.pt,head,head.weight,"[50304, 512]",torch.float32,0.002,0.01,2e-05,25755648,118243.59217376461,118325.74162109989,4.322310203814445,38.91356856575686,4.7297436869505853e-05,4.323914043993945,343.8656600676558,343.98508924239707,2.079016643467398,0.06775675005521713,0.06778028288702316,0.00040965826900057765,0.0060460141412735134,0.0003290966372923745,0.054431999264734535,0.00034731346746808,0.006877313201353117,2.0794023285535546,4.10860167150957e-16
S,200,logs/muon_spectra/soaudit_traj_20260926/S_lr0.007_s260925_l40s/scientific/kept/step000200.pt,logs/muon_spectra/soaudit_traj_20260926/S_lr0.007_s260925_l40s/scientific/kept/step000201_weights.pt,token_embedding,embed.weight,"[50304, 512]",torch.float32,0.002,0.01,2e-05,25755648,34880.264581495525,34990.4907183005,5.187070558759354,52.519533123105155,1.3952105832598212e-05,5.1891852921901105,186.76258881664583,187.05745298784674,2.277514118234913,0.03680049368007551,0.03685859496865538,0.0004487710544464058,0.012194702015353099,0.0015057091381975214,0.123472401072354,0.0015788181833911175,0.003735251776332917,2.27797833444265,9.706620876731286e-17
S,200,logs/muon_spectra/soaudit_traj_20260926/S_lr0.007_s260925_l40s/scientific/kept/step000200.pt,logs/muon_spectra/soaudit_traj_20260926/S_lr0.007_s260925_l40s/scientific/kept/step000201_weights.pt,position_embedding,position.weight,"[512, 512]",torch.float32,0.002,0.01,2e-05,262144,206.45340483608734,207.06349304373208,0.025024977244202065,0.2925316152002638,8.258136193443496e-08,0.025036761090172013,14.368486518631228,14.389700936563347,0.15819284827134905,0.028063450231701616,0.028104884641725288,0.0003089704067799786,0.01100970850800637,0.0014169377125677234,0.12869893072439767,0.0014764545941989837,0.00028736973037262457,0.158230089079707,3.217050987517175e-17
S,200,logs/muon_spectra/soaudit_traj_20260926/S_lr0.007_s260925_l40s/scientific/kept/step000200.pt,logs/muon_spectra/soaudit_traj_20260926/S_lr0.007_s260925_l40s/scientific/kept/step000201_weights.pt,body_norm,blocks.0.ln1.weight,[512],torch.float32,0.002,0.01,2e-05,512,470.74824638203063,470.5492634089305,4.587978214942723e-05,-0.09951442644115005,1.8829929855281227e-07,4.2087504390334037e-05,21.69673354175763,21.69214750569732,0.006773461607584945,0.9588692135609025,0.9586665374860893,0.000299347539676878,0.0003121880809638331,-0.00021139627647256322,-0.6771439698143165,-0.00021136988438752446,0.00043393467083515264,0.006487488295968944,1.0565730597080692e-16
S,200,logs/muon_spectra/soaudit_traj_20260926/S_lr0.007_s260925_l40s/scientific/kept/step000200.pt,logs/muon_spectra/soaudit_traj_20260926/S_lr0.007_s260925_l40s/scientific/kept/step000201_weights.pt,body_norm,blocks.0.ln2.weight,[512],torch.float32,0.002,0.01,2e-05,512,516.8026206935829,516.7720874499399,2.5856104056032336e-05,-0.015279549873508103,2.0672104827743318e-07,2.5451643109369443e-05,22.733293221475478,22.732621658091702,0.005084889778159634,1.0046791122254677,1.0046494330365512,0.0002247225027326773,0.00022367589810331958,-2.956554255278727e-05,-0.13218027871349133,-2.9540963433327683e-05,0.00045466586442950957,0.005044962151430816,4.812087778933414e-17
S,200,logs/muon_spectra/soaudit_traj_20260926/S_lr0.007_s260925_l40s/scientific/kept/step000200.pt,logs/muon_spectra/soaudit_traj_20260926/S_lr0.007_s260925_l40s/scientific/kept/step000201_weights.pt,qk_norm,blocks.0.attn.q_norm.weight,[64],torch.float32,0.002,0.01,2e-05,64,68.21452225482312,68.21292041838015,2.453306663596777e-06,-0.0008021448748145588,2.7285808901929254e-08,2.448506677506124e-06,8.25920833099778,8.259111357669186,0.0015663035030276785,1.0324010413747224,1.0323889197086482,0.00019578793787845982,0.000189643297548163,-1.17591511059486e-05,-0.06200667916018584,-1.1741237744167243e-05,0.0001651841666199556,0.0015647704871661289,1.0416297179444969e-16
S,200,logs/muon_spectra/soaudit_traj_20260926/S_lr0.007_s260925_l40s/scientific/kept/step000200.pt,logs/muon_spectra/soaudit_traj_20260926/S_lr0.007_s260925_l40s/scientific/kept/step000201_weights.pt,qk_norm,blocks.0.attn.k_norm.weight,[64],torch.float32,0.002,0.01,2e-05,64,68.21485839931137,68.21326993054554,2.4541292589219665e-06,-0.0007954614475522703,2.728594335972455e-08,2.4495967443796e-06,8.259228680652411,8.259132516829206,0.001566566072312932,1.0324035850815514,1.0323915646036508,0.0001958207590391165,0.0001896746213096967,-1.1661117038400251e-05,-0.06147958518583373,-1.1643196589306015e-05,0.00016518457361304822,0.0015651187636660678,2.0832491701464066e-16
S,200,logs/muon_spectra/soaudit_traj_20260926/S_lr0.007_s260925_l40s/scientific/kept/step000200.pt,logs/muon_spectra/soaudit_traj_20260926/S_lr0.007_s260925_l40s/scientific/kept/step000201_weights.pt,body_norm,blocks.1.ln1.weight,[512],torch.float32,0.002,0.01,2e-05,512,492.61880092382216,492.53496037565515,2.7974466757285654e-05,-0.04193426131687872,1.970475203695289e-07,2.6494143824980036e-05,22.195017479691746,22.193128674787047,0.005289089407193421,0.9808904605277493,0.9808069863554711,0.0002337469366330253,0.00023830075430365816,-8.512517435030533e-05,-0.35721739362114385,-8.51004017646817e-05,0.000443900349593835,0.005147246237065022,3.6059460907074546e-17
S,200,logs/muon_spectra/soaudit_traj_20260926/S_lr0.007_s260925_l40s/scientific/kept/step000200.pt,logs/muon_spectra/soaudit_traj_20260926/S_lr0.007_s260925_l40s/scientific/kept/step000201_weights.pt,body_norm,blocks.1.ln2.weight,[512],torch.float32,0.002,0.01,2e-05,512,512.8809459325979,512.8064428071568,2.7391768902873537e-05,-0.037265258605014395,2.051523783730392e-07,2.6106310937046002e-05,22.646874970569293,22.64523002327768,0.0052337146371266305,1.00085992902334,1.000787231936803,0.0002312996944192207,0.00023110096399296128,-7.265869184758472e-05,-0.3144023745820364,-7.26346259142252e-05,0.0004529374994113859,0.005109433524085229,8.312370440684829e-17
S,200,logs/muon_spectra/soaudit_traj_20260926/S_lr0.007_s260925_l40s/scientific/kept/step000200.pt,logs/muon_spectra/soaudit_traj_20260926/S_lr0.007_s260925_l40s/scientific/kept/step000201_weights.pt,qk_norm,blocks.1.attn.q_norm.weight,[64],torch.float32,0.002,0.01,2e-05,64,85.29785993139676,85.38720401577741,2.8291884859754646e-05,0.044657896247898066,3.411914397255871e-08,3.0112319853643123e-05,9.235684053246773,9.240519683209241,0.005319011643130201,1.1544605066558467,1.1550649604011551,0.0006648764553912752,0.0005759196192143798,0.0005235523644299571,0.9090719381016092,0.0005235811375301491,0.0001847136810649355,0.0054874693487657064,0.0
S,200,logs/muon_spectra/soaudit_traj_20260926/S_lr0.007_s260925_l40s/scientific/kept/step000200.pt,logs/muon_spectra/soaudit_traj_20260926/S_lr0.007_s260925_l40s/scientific/kept/step000201_weights.pt,qk_norm,blocks.1.attn.k_norm.weight,[64],torch.float32,0.002,0.01,2e-05,64,85.29823183755944,85.38757735174849,2.8295066172745464e-05,0.044658609561437856,3.411929273502378e-08,3.0115529847938e-05,9.235704187421739,9.240539884213936,0.005319310685863861,1.1544630234277173,1.155067485526742,0.0006649138357329827,0.0005759507426741017,0.0005235584442885638,0.9090333695164903,0.0005235872321227575,0.0001847140837484348,0.005487761825000972,0.0
S,200,logs/muon_spectra/soaudit_traj_20260926/S_lr0.007_s260925_l40s/scientific/kept/step000200.pt,logs/muon_spectra/soaudit_traj_20260926/S_lr0.007_s260925_l40s/scientific/kept/step000201_weights.pt,body_norm,blocks.2.ln1.weight,[512],torch.float32,0.002,0.01,2e-05,512,493.779442026089,493.6934309014182,3.5106340686041904e-05,-0.043023115505725684,1.9751177681043563e-07,3.3582927842623315e-05,22.221148530759812,22.21921310266001,0.005925060395138762,0.9820453007408594,0.9819597660949925,0.000261853149021404,0.0002666406008193927,-8.713022828409398e-05,-0.3267702968577958,-8.70984727511237e-05,0.00044442297061519627,0.0057950778978908745,5.036458312148513e-17
S,200,logs/muon_spectra/soaudit_traj_20260926/S_lr0.007_s260925_l40s/scientific/kept/step000200.pt,logs/muon_spectra/soaudit_traj_20260926/S_lr0.007_s260925_l40s/scientific/kept/step000201_weights.pt,body_norm,blocks.2.ln2.weight,[512],torch.float32,0.002,0.01,2e-05,512,514.6173508426327,514.5386823975074,3.0691944836291896e-05,-0.039349568535072876,2.0584694033705312e-07,2.9323809035226033e-05,22.68517910096001,22.683445117475152,0.005540031122321597,1.0025527484200105,1.0024761164524727,0.00024483709841113257,0.0002442136823194466,-7.646374237215675e-05,-0.31310179530456217,-7.64368435063334e-05,0.0004537035820192002,0.005415146261665149,6.903602595177367e-17
S,200,logs/muon_spectra/soaudit_traj_20260926/S_lr0.007_s260925_l40s/scientific/kept/step000200.pt,logs/muon_spectra/soaudit_traj_20260926/S_lr0.007_s260925_l40s/scientific/kept/step000201_weights.pt,qk_norm,blocks.2.attn.q_norm.weight,[64],torch.float32,0.002,0.01,2e-05,64,88.66617441015806,88.81800533238805,6.788533868018476e-05,0.07588151844565516,3.546646976406323e-08,7.095606588777503e-05,9.416271789310144,9.424330497833152,0.008239255954282812,1.177033973663768,1.178041312229144,0.0010299069942853515,0.0008750019263076556,0.0008558113502747646,0.978067961388529,0.0008558279437256289,0.0001883254357862029,0.008423542359825528,0.0
S,200,logs/muon_spectra/soaudit_traj_20260926/S_lr0.007_s260925_l40s/scientific/kept/step000200.pt,logs/muon_spectra/soaudit_traj_20260926/S_lr0.007_s260925_l40s/scientific/kept/step000201_weights.pt,qk_norm,blocks.2.attn.k_norm.weight,[64],torch.float32,0.002,0.01,2e-05,64,88.66648464665641,88.8183184934764,6.788813362845758e-05,0.07588297934317723,3.546659385866257e-08,7.095891939604334e-05,9.416288262720954,9.42434711231905,0.008239425564228223,1.1770360328401193,1.1780433890398812,0.0010299281955285279,0.0008750184079270464,0.00085582483218521,0.9780649463280359,0.0008558414285169125,0.00018832576525441912,0.008423711735098925,0.0
S,200,logs/muon_spectra/soaudit_traj_20260926/S_lr0.007_s260925_l40s/scientific/kept/step000200.pt,logs/muon_spectra/soaudit_traj_20260926/S_lr0.007_s260925_l40s/scientific/kept/step000201_weights.pt,body_norm,blocks.3.ln1.weight,[512],torch.float32,0.002,0.01,2e-05,512,497.9728252645325,497.93592282162734,3.199541761844671e-05,-0.018467219161394155,1.9918913010581304e-07,3.145591798209675e-05,22.315304731608137,22.314477874725803,0.005656449205857568,0.9862064562477727,0.9861699139909871,0.0002499820994311967,0.0002534784657386097,-3.7084793033804646e-05,-0.14630352493945964,-3.705335384296404e-05,0.0004463060946321628,0.005608557566977159,2.1403057547848517e-17
S,200,logs/muon_spectra/soaudit_traj_20260926/S_lr0.007_s260925_l40s/scientific/kept/step000200.pt,logs/muon_spectra/soaudit_traj_20260926/S_lr0.007_s260925_l40s/scientific/kept/step000201_weights.pt,body_norm,blocks.3.ln2.weight,[512],torch.float32,0.002,0.01,2e-05,512,518.5459300170819,518.4500556267938,3.9164244899581035e-05,-0.04795677726649927,2.074183720068328e-07,3.74533921809279e-05,22.771603589055424,22.769498361334044,0.006258134298621358,1.0063722072695633,1.0062791684697052,0.00027657307500820506,0.0002748218531974255,-9.24831813161073e-05,-0.3365204776843913,-9.244969126331881e-05,0.00045543207178110854,0.006119917661286621,8.906689870824959e-17
S,200,logs/muon_spectra/soaudit_traj_20260926/S_lr0.007_s260925_l40s/scientific/kept/step000200.pt,logs/muon_spectra/soaudit_traj_20260926/S_lr0.007_s260925_l40s/scientific/kept/step000201_weights.pt,qk_norm,blocks.3.attn.q_norm.weight,[64],torch.float32,0.002,0.01,2e-05,64,88.90451681695863,89.13277492138424,0.0001502641046613462,0.11405392016047244,3.556180672678346e-08,0.00015486182327449188,9.42891917543886,9.441015566208131,0.012258225999766288,1.1786148969298575,1.1801269457760164,0.001532278249970786,0.0013000669293780154,0.0012828810531110893,0.9867807757596386,0.001282903219785858,0.0001885783835087772,0.01244434904984957,0.0
S,200,logs/muon_spectra/soaudit_traj_20260926/S_lr0.007_s260925_l40s/scientific/kept/step000200.pt,logs/muon_spectra/soaudit_traj_20260926/S_lr0.007_s260925_l40s/scientific/kept/step000201_weights.pt,qk_norm,blocks.3.attn.k_norm.weight,[64],torch.float32,0.002,0.01,2e-05,64,88.90401079979685,89.13226249786729,0.00015025593421569283,0.11405072106811076,3.556160431991874e-08,0.00015485352466273718,9.428892342146922,9.440988428012572,0.01225789273144829,1.1786115427683652,1.1801235535015715,0.0015322365914310363,0.001300035283747573,0.0012828523712495024,0.9867827337358583,0.0012828745335844438,0.00018857784684293843,0.01244401561646148,0.0
S,200,logs/muon_spectra/soaudit_traj_20260926/S_lr0.007_s260925_l40s/scientific/kept/step000200.pt,logs/muon_spectra/soaudit_traj_20260926/S_lr0.007_s260925_l40s/scientific/kept/step000201_weights.pt,body_norm,blocks.4.ln1.weight,[512],torch.float32,0.002,0.01,2e-05,512,505.5738126792842,505.7025627433178,4.790758592321254e-05,0.06435107822387565,2.022295250717137e-07,5.0683858577239275e-05,22.484968594136042,22.48783143709766,0.006921530605524514,0.9937046104800092,0.9938311314594862,0.0003058913267097884,0.0003078292316285294,0.00012728325045723322,0.41348656131147193,0.00012732252436253866,0.00044969937188272087,0.007119259693060738,9.835424055078952e-17
S,200,logs/muon_spectra/soaudit_traj_20260926/S_lr0.007_s260925_l40s/scientific/kept/step000200.pt,logs/muon_spectra/soaudit_traj_20260926/S_lr0.007_s260925_l40s/scientific/kept/step000201_weights.pt,body_norm,blocks.4.ln2.weight,[512],torch.float32,0.002,0.01,2e-05,512,526.6184773670294,526.6406070995246,3.59128456963731e-05,0.011046909824781181,2.106473909468118e-07,3.656536948031115e-05,22.948169368536337,22.948651531179877,0.005992732740275767,1.014175386019341,1.014196694799021,0.00026484387240547724,0.0002611420825790249,2.0977064610442792e-05,0.08032816619701601,2.101094147421989e-05,0.00045896338737072675,0.006046930583387836,1.8888779495048517e-16
S,200,logs/muon_spectra/soaudit_traj_20260926/S_lr0.007_s260925_l40s/scientific/kept/step000200.pt,logs/muon_spectra/soaudit_traj_20260926/S_lr0.007_s260925_l40s/scientific/kept/step000201_weights.pt,qk_norm,blocks.4.attn.q_norm.weight,[64],torch.float32,0.002,0.01,2e-05,64,91.08488739373894,91.35021051491553,0.00019467460676025894,0.13256422328491624,3.643395495749558e-08,0.00020001360964661308,9.54384028542698,9.557730406059564,0.013952584232329828,1.1929800356783724,1.1947163007574455,0.0017440730290412285,0.0014619465346287076,0.0014553920752173927,0.9955166216711341,0.0014554016221115518,0.0001908768057085396,0.014142616789215958,0.0
S,200,logs/muon_spectra/soaudit_traj_20260926/S_lr0.007_s260925_l40s/scientific/kept/step000200.pt,logs/muon_spectra/soaudit_traj_20260926/S_lr0.007_s260925_l40s/scientific/kept/step000201_weights.pt,qk_norm,blocks.4.attn.k_norm.weight,[64],torch.float32,0.002,0.01,2e-05,64,91.08481243076675,91.3501408224703,0.00019468179758064252,0.1325668549529837,3.643392497230671e-08,0.00020002090570373418,9.543836358130138,9.557726760190956,0.013952841917711335,1.1929795447662672,1.1947158450238695,0.0017441052397139168,0.001461974136409546,0.0014554221655091765,0.995518408474407,0.0014554317089672253,0.0001908767271626028,0.01414287473266076,0.0
S,200,logs/muon_spectra/soaudit_traj_20260926/S_lr0.007_s260925_l40s/scientific/kept/step000200.pt,logs/muon_spectra/soaudit_traj_20260926/S_lr0.007_s260925_l40s/scientific/kept/step000201_weights.pt,body_norm,blocks.5.ln1.weight,[512],torch.float32,0.002,0.01,2e-05,512,500.5637574803436,500.58382330744024,4.3266876435410495e-05,0.010011280110081344,2.0022550299213748e-07,4.3867553142805884e-05,22.373282224124907,22.373730652428982,0.006577756185464044,0.9887687236299478,0.9887885415483657,0.00029069850023333646,0.0002940005011142848,2.0000009909775523e-05,0.068027128640849,2.004302719571527e-05,0.0004474656444824982,0.006623258498866392,6.387426365067932e-17
S,200,logs/muon_spectra/soaudit_traj_20260926/S_lr0.007_s260925_l40s/scientific/kept/step000200.pt,logs/muon_spectra/soaudit_traj_20260926/S_lr0.007_s260925_l40s/scientific/kept/step000201_weights.pt,body_norm,blocks.5.ln2.weight,[512],torch.float32,0.002,0.01,2e-05,512,537.6191221273077,537.7690685520859,5.2704119728019805e-05,0.07494686032917741,2.1504764885092313e-07,5.591704179003782e-05,23.186615150282453,23.18984839433164,0.007259760307890323,1.0247133003454663,1.0248561908949922,0.00032083910896863664,0.0003131013414781194,0.00013940512389630006,0.44523962509449083,0.00013944441774849103,0.00046373230300564907,0.0074777698406702665,9.90958913376886e-17
S,200,logs/muon_spectra/soaudit_traj_20260926/S_lr0.007_s260925_l40s/scientific/kept/step000200.pt,logs/muon_spectra/soaudit_traj_20260926/S_lr0.007_s260925_l40s/scientific/kept/step000201_weights.pt,qk_norm,blocks.5.attn.q_norm.weight,[64],torch.float32,0.002,0.01,2e-05,64,88.92883891110463,89.15108255403746,0.0001411597872618131,0.11105124157278112,3.557153556444186e-08,0.00014563740846028881,9.430208847692857,9.441985096050377,0.011881068439404476,1.178776105961607,1.1802481370062972,0.0014851335549255595,0.0012598945189120846,0.0012487652254606694,0.9911664879207306,0.0012487791678550408,0.00018860417695385715,0.012068032501625475,0.0
S,200,logs/muon_spectra/soaudit_traj_20260926/S_lr0.007_s260925_l40s/scientific/kept/step000200.pt,logs/muon_spectra/soaudit_traj_20260926/S_lr0.007_s260925_l40s/scientific/kept/step000201_weights.pt,qk_norm,blocks.5.attn.k_norm.weight,[64],torch.float32,0.002,0.01,2e-05,64,88.92868704535528,89.1509291280366,0.0001411569636928789,0.11105046285881315,3.5571474818142116e-08,0.00014563455368204957,9.430200795601081,9.44197697137822,0.011880949612420671,1.1787750994501351,1.1802471214222774,0.001485118701552584,0.001259882994003987,0.0012487586013968175,0.9911702970354292,0.0012487725375509573,0.00018860401591202166,0.01206791422251789,0.0
S,200,logs/muon_spectra/soaudit_traj_20260926/S_lr0.007_s260925_l40s/scientific/kept/step000200.pt,logs/muon_spectra/soaudit_traj_20260926/S_lr0.007_s260925_l40s/scientific/kept/step000201_weights.pt,body_norm,blocks.6.ln1.weight,[512],torch.float32,0.002,0.01,2e-05,512,494.1112057363415,494.00426618396654,3.927607763998253e-05,-0.05348941422633402,1.9764448229453664e-07,3.73341455532237e-05,22.228612321428017,22.22620674303122,0.0062670629197401975,0.9823751568030372,0.9822688442532216,0.0002769676680419411,0.00028193675921455753,-0.0001082537971318061,-0.38396482045614905,-0.00010821990873799425,0.0004445722464285604,0.006110167391587869,1.2223186165066652e-16
S,200,logs/muon_spectra/soaudit_traj_20260926/S_lr0.007_s260925_l40s/scientific/kept/step000200.pt,logs/muon_spectra/soaudit_traj_20260926/S_lr0.007_s260925_l40s/scientific/kept/step000201_weights.pt,body_norm,blocks.6.ln2.weight,[512],torch.float32,0.002,0.01,2e-05,512,549.8512443293031,550.0682877596005,6.629116931833323e-05,0.10848856956406294,2.1994049773172127e-07,7.085065259862747e-05,23.448907103089113,23.453534653855492,0.008141938916396587,1.0363050765004822,1.0365095872834316,0.00035982626373691734,0.0003472204005330374,0.000197305308813832,0.5682422706469368,0.0001973461170721169,0.0004689781420617823,0.008417282970093583,9.04214851319411e-17
S,200,logs/muon_spectra/soaudit_traj_20260926/S_lr0.007_s260925_l40s/scientific/kept/step000200.pt,logs/muon_spectra/soaudit_traj_20260926/S_lr0.007_s260925_l40s/scientific/kept/step000201_weights.pt,qk_norm,blocks.6.attn.q_norm.weight,[64],torch.float32,0.002,0.01,2e-05,64,81.81673863513433,81.95480937431581,6.229914457378527e-05,0.06900422001845641,3.2726695454053736e-08,6.509204006997758e-05,9.045260562036582,9.052889559379139,0.007892980715406903,1.1306575702545727,1.1316111949223924,0.0009866225894258629,0.0008726095463224293,0.0008433997879845105,0.9665259697638858,0.0008434248289734825,0.00018090521124073164,0.008067963811890679,0.0
S,200,logs/muon_spectra/soaudit_traj_20260926/S_lr0.007_s260925_l40s/scientific/kept/step000200.pt,logs/muon_spectra/soaudit_traj_20260926/S_lr0.007_s260925_l40s/scientific/kept/step000201_weights.pt,qk_norm,blocks.6.attn.k_norm.weight,[64],torch.float32,0.002,0.01,2e-05,64,81.81689964979789,81.95497448272106,6.230133379858671e-05,0.06900626579468394,3.272675985991916e-08,6.509431119023398e-05,9.045269462531113,9.052898678474262,0.007893119395941424,1.1306586828163891,1.1316123348092828,0.000986639924492678,0.0008726240195096093,0.0008434231325074954,0.9665366912332714,0.0008434481664425508,0.00018090538925062227,0.008068104559946778,0.0
S,200,logs/muon_spectra/soaudit_traj_20260926/S_lr0.007_s260925_l40s/scientific/kept/step000200.pt,logs/muon_spectra/soaudit_traj_20260926/S_lr0.007_s260925_l40s/scientific/kept/step000201_weights.pt,body_norm,blocks.7.ln1.weight,[512],torch.float32,0.002,0.01,2e-05,512,499.00598534141113,498.96950081902474,3.815983917832e-05,-0.01826134111283295,1.996023941365645e-07,3.762898792794324e-05,22.338441873626977,22.337625227830838,0.00617736506759314,0.9872289831239476,0.9871928921376804,0.0002730035455725003,0.00027653518103633757,-3.659543502336723e-05,-0.1323355490835666,-3.65578674089706e-05,0.00044676883747253956,0.006134247136197175,1.9934827623030275e-16
S,200,logs/muon_spectra/soaudit_traj_20260926/S_lr0.007_s260925_l40s/scientific/kept/step000200.pt,logs/muon_spectra/soaudit_traj_20260926/S_lr0.007_s260925_l40s/scientific/kept/step000201_weights.pt,body_norm,blocks.7.ln2.weight,[512],torch.float32,0.002,0.01,2e-05,512,560.5974075216318,560.9358971875945,9.079843107784313e-05,0.1691994337658329,2.2423896300865276e-07,9.77906473914851e-05,23.676938305482654,23.68408531456502,0.009528821074920188,1.0463827270963943,1.0466985832581033,0.00042111837492433453,0.0004024515734246639,0.0003018198648364317,0.7499532484569358,0.0003018552901628002,0.0004735387661096531,0.009888915379933489,8.233610659608171e-17
S,200,logs/muon_spectra/soaudit_traj_20260926/S_lr0.007_s260925_l40s/scientific/kept/step000200.pt,logs/muon_spectra/soaudit_traj_20260926/S_lr0.007_s260925_l40s/scientific/kept/step000201_weights.pt,qk_norm,blocks.7.attn.q_norm.weight,[64],torch.float32,0.002,0.01,2e-05,64,84.98969451327127,85.14513540533397,7.458555714379145e-05,0.07768315325277797,3.3995877805308514e-08,7.772687915170786e-05,9.218985546863129,9.227412172723941,0.008636293020954734,1.1523731933578911,1.1534265215904926,0.0010795366276193418,0.0009367942901150699,0.0009140302679949935,0.9757000844686189,0.0009140513148628848,0.0001843797109372626,0.008816284883765263,0.0
S,200,logs/muon_spectra/soaudit_traj_20260926/S_lr0.007_s260925_l40s/scientific/kept/step000200.pt,logs/muon_spectra/soaudit_traj_20260926/S_lr0.007_s260925_l40s/scientific/kept/step000201_weights.pt,qk_norm,blocks.7.attn.k_norm.weight,[64],torch.float32,0.002,0.01,2e-05,64,84.98994903706584,85.14537996961124,7.457707492619647e-05,0.07767817773523689,3.399597961482634e-08,7.771819801522077e-05,9.218999351180466,9.227425424765634,0.008635801927221147,1.1523749188975583,1.1534281780957043,0.0010794752409026434,0.0009367396176370659,0.0009139689882783652,0.9756916127705373,0.0009139900399375289,0.00018437998702360933,0.008815792534719768,0.0
S,200,logs/muon_spectra/soaudit_traj_20260926/S_lr0.007_s260925_l40s/scientific/kept/step000200.pt,logs/muon_spectra/soaudit_traj_20260926/S_lr0.007_s260925_l40s/scientific/kept/step000201_weights.pt,final_norm,norm.weight,[512],torch.float32,0.002,0.01,2e-05,512,736.9103109918971,738.4002219771304,0.0008036001422908612,0.7445536925455798,2.9476412439675887e-07,0.0008336770541170812,27.146092002199822,27.173520603284558,0.028347841933573377,1.1996991085918374,1.2009112929559298,0.0012528094539521317,0.0010442697214492669,0.0010103722005781065,0.967539496573628,0.0010104069890619627,0.0005429218400439964,0.028873466264324434,1.5396371010995867e-16
S,200,logs/muon_spectra/soaudit_traj_20260926/S_lr0.007_s260925_l40s/scientific/kept/step000200.pt,logs/muon_spectra/soaudit_traj_20260926/S_lr0.007_s260925_l40s/scientific/kept/step000201_weights.pt,head,head.weight,"[50304, 512]",torch.float32,0.002,0.01,2e-05,25755648,49838.83016331461,49999.08157164405,5.119229789593454,77.56608926992423,1.9935532065325847e-05,5.122352368696319,223.24612015288108,223.60474407231177,2.262571499332884,0.04398936363991565,0.044060028420074004,0.0004458266973567332,0.010134874898535541,0.001556338481777189,0.15356267318130146,0.0016064060561729043,0.004464922403057622,2.263261445060274,9.322491933991321e-17
S,500,logs/muon_spectra/soaudit_traj_20260926/S_lr0.007_s260925_l40s/scientific/kept/step000500.pt,logs/muon_spectra/soaudit_traj_20260926/S_lr0.007_s260925_l40s/scientific/kept/step000501_weights.pt,token_embedding,embed.weight,"[50304, 512]",torch.float32,0.002,0.01,2e-05,25755648,65435.848973479384,65535.97791041411,4.635888708704387,47.746524113013045,2.6174339589391757e-05,4.637824744008497,255.804317738148,255.99995685627394,2.1531114018332604,0.05040476916659507,0.050443318729308816,0.000424258214869001,0.008417025251455197,0.0007296692082709024,0.08668967794111725,0.0007647999058646437,0.00511608635476296,2.1535609450416064,2.7105063448179284e-17
S,500,logs/muon_spectra/soaudit_traj_20260926/S_lr0.007_s260925_l40s/scientific/kept/step000500.pt,logs/muon_spectra/soaudit_traj_20260926/S_lr0.007_s260925_l40s/scientific/kept/step000501_weights.pt,position_embedding,position.weight,"[512, 512]",torch.float32,0.002,0.01,2e-05,262144,323.2484322412063,323.6741974238955,0.032723766064050946,0.19652070831258722,1.2929937289648254e-07,0.03273175619175634,17.979110996965513,17.99094765219152,0.1808971145818831,0.03511545116594827,0.03513856963318656,0.0003533146769177404,0.010061516090112278,0.0006079556425070131,0.060423860287265,0.0006583559792250337,0.0003595822199393103,0.18091919796350067,6.688623669262637e-17
S,500,logs/muon_spectra/soaudit_traj_20260926/S_lr0.007_s260925_l40s/scientific/kept/step000500.pt,logs/muon_spectra/soaudit_traj_20260926/S_lr0.007_s260925_l40s/scientific/kept/step000501_weights.pt,body_norm,blocks.0.ln1.weight,[512],torch.float32,0.002,0.01,2e-05,512,408.5615604757756,408.3574133760691,5.3482616891642465e-05,-0.1021002911617046,1.6342462419031026e-07,4.956202986936459e-05,20.212905790008907,20.2078552393882,0.00731318103780034,0.893292671975008,0.8930694670629686,0.00032319999399209337,0.00036180750624263,-0.00024990185332855936,-0.690703893691398,-0.00024986761790601886,0.00040425811580017815,0.007040030530428443,0.0
S,500,logs/muon_spectra/soaudit_traj_20260926/S_lr0.007_s260925_l40s/scientific/kept/step000500.pt,logs/muon_spectra/soaudit_traj_20260926/S_lr0.007_s260925_l40s/scientific/kept/step000501_weights.pt,body_norm,blocks.0.ln2.weight,[512],torch.float32,0.002,0.01,2e-05,512,506.78506580382236,506.7338961446155,2.063075801217451e-05,-0.025595144982432316,2.0271402632152898e-07,1.9809666239198745e-05,22.511887211067453,22.51075067927801,0.004542109423183738,0.994894256515782,0.9948440284323228,0.0002007347733765337,0.00020176493337043346,-5.050493139894587e-05,-0.25031570429644756,-5.048585126532501e-05,0.00045023774422134913,0.004450805122581615,3.505148354327951e-17
S,500,logs/muon_spectra/soaudit_traj_20260926/S_lr0.007_s260925_l40s/scientific/kept/step000500.pt,logs/muon_spectra/soaudit_traj_20260926/S_lr0.007_s260925_l40s/scientific/kept/step000501_weights.pt,qk_norm,blocks.0.attn.q_norm.weight,[64],torch.float32,0.002,0.01,2e-05,64,72.65783888621912,72.65596090306951,2.4042581827643517e-06,-0.0009401937038973074,2.9063135554487656e-08,2.395713570162947e-06,8.523956762338669,8.523846602506964,0.0015505670520052823,1.0654945952923336,1.0654808253133705,0.0001938208815006603,0.00018190695884992526,-1.2940017461428131e-05,-0.0711353625130073,-1.292355589976868e-05,0.0001704791352467734,0.00154780928093966,0.0
S,500,logs/muon_spectra/soaudit_traj_20260926/S_lr0.007_s260925_l40s/scientific/kept/step000500.pt,logs/muon_spectra/soaudit_traj_20260926/S_lr0.007_s260925_l40s/scientific/kept/step000501_weights.pt,qk_norm,blocks.0.attn.k_norm.weight,[64],torch.float32,0.002,0.01,2e-05,64,72.66404456119524,72.66216562588647,2.4057512320041496e-06,-0.0009406705299994655,2.9065617824478102e-08,2.3971900286286496e-06,8.524320768319036,8.524210557341158,0.0015510484299351035,1.0655400960398795,1.0655263196676448,0.00019388105374188794,0.0001819556621683729,-1.294547441833167e-05,-0.0711463125909902,-1.2929004066353222e-05,0.00017048641536638074,0.0015482861585083842,0.0
S,500,logs/muon_spectra/soaudit_traj_20260926/S_lr0.007_s260925_l40s/scientific/kept/step000500.pt,logs/muon_spectra/soaudit_traj_20260926/S_lr0.007_s260925_l40s/scientific/kept/step000501_weights.pt,body_norm,blocks.1.ln1.weight,[512],torch.float32,0.002,0.01,2e-05,512,467.9208620026503,467.8540795010973,2.427789146608461e-05,-0.03340338972225965,1.8716834480106016e-07,2.3128924221995284e-05,21.631478497843144,21.629934801129135,0.004927260036377683,0.9559853208072425,0.9559170984063319,0.00021775618652450842,0.0002277819353341463,-7.138683575529583e-05,-0.3133998999989811,-7.13634398205043e-05,0.0004326295699568629,0.0048092540192835815,9.870318161652069e-17
S,500,logs/muon_spectra/soaudit_traj_20260926/S_lr0.007_s260925_l40s/scientific/kept/step000500.pt,logs/muon_spectra/soaudit_traj_20260926/S_lr0.007_s260925_l40s/scientific/kept/step000501_weights.pt,body_norm,blocks.1.ln2.weight,[512],torch.float32,0.002,0.01,2e-05,512,503.9599566736306,503.8942810051951,2.6415956330794188e-05,-0.03285104219586543,2.0158398266945228e-07,2.5303498625629025e-05,22.44905246716731,22.447589648004417,0.00513964554524864,0.9921173269216624,0.9920526788373043,0.00022714238862128397,0.00022894710379271416,-6.51858183588584e-05,-0.2847199954880269,-6.51617329965326e-05,0.0004489810493433462,0.005030258306054375,1.1984311796963194e-16
S,500,logs/muon_spectra/soaudit_traj_20260926/S_lr0.007_s260925_l40s/scientific/kept/step000500.pt,logs/muon_spectra/soaudit_traj_20260926/S_lr0.007_s260925_l40s/scientific/kept/step000501_weights.pt,qk_norm,blocks.1.attn.q_norm.weight,[64],torch.float32,0.002,0.01,2e-05,64,101.31836319394172,101.35390317214988,7.061132066610298e-06,0.01776645853804837,4.05273452775767e-08,7.812317753409809e-06,10.065702319954715,10.067467564991203,0.00265727907202279,1.2582127899943394,1.2584334456239004,0.00033215988400284874,0.0002639934092581773,0.0001753527986238797,0.6642317288019496,0.00017537226716779486,0.0002013140463990943,0.002795052370423461,0.0
S,500,logs/muon_spectra/soaudit_traj_20260926/S_lr0.007_s260925_l40s/scientific/kept/step000500.pt,logs/muon_spectra/soaudit_traj_20260926/S_lr0.007_s260925_l40s/scientific/kept/step000501_weights.pt,qk_norm,blocks.1.attn.k_norm.weight,[64],torch.float32,0.002,0.01,2e-05,64,101.32369263321365,101.35926187370421,7.063526396677844e-06,0.017781088482081486,4.052947705328547e-08,7.815299413014388e-06,10.06596704908245,10.067733700972838,0.002657729556722776,1.2582458811353063,1.2584667126216047,0.000332216194590347,0.00026403121962981566,0.0001754879635747986,0.6646485359604105,0.00017550741839023054,0.00020131934098164902,0.00279558570124659,0.0
S,500,logs/muon_spectra/soaudit_traj_20260926/S_lr0.007_s260925_l40s/scientific/kept/step000500.pt,logs/muon_spectra/soaudit_traj_20260926/S_lr0.007_s260925_l40s/scientific/kept/step000501_weights.pt,body_norm,blocks.2.ln1.weight,[512],torch.float32,0.002,0.01,2e-05,512,476.4574369636103,476.4036768786495,1.8474982386607053e-05,-0.02688927997159496,1.9058297478544414e-07,1.75899941625287e-05,21.827905006289775,21.826673518396007,0.004298253411166802,0.9646662280652056,0.9646118034751661,0.00018995775839339099,0.00019691552670438357,-5.643584900879329e-05,-0.2865992842378384,-5.641805264477995e-05,0.00043655810012579554,0.004194042699178049,7.456518469816311e-18
S,500,logs/muon_spectra/soaudit_traj_20260926/S_lr0.007_s260925_l40s/scientific/kept/step000500.pt,logs/muon_spectra/soaudit_traj_20260926/S_lr0.007_s260925_l40s/scientific/kept/step000501_weights.pt,body_norm,blocks.2.ln2.weight,[512],torch.float32,0.002,0.01,2e-05,512,505.4482421512719,505.39547399149745,2.5592765265258777e-05,-0.026396876269860314,2.021792968605088e-07,2.4739069511324873e-05,22.48217609910731,22.481002513044153,0.00505892926074864,0.9935811984693063,0.9935293328028335,0.00022357519911365067,0.00022501955497757677,-5.222468705699878e-05,-0.23208954911586674,-5.220073261513747e-05,0.0004496435219821462,0.0049738385087701505,3.514418868764445e-17
S,500,logs/muon_spectra/soaudit_traj_20260926/S_lr0.007_s260925_l40s/scientific/kept/step000500.pt,logs/muon_spectra/soaudit_traj_20260926/S_lr0.007_s260925_l40s/scientific/kept/step000501_weights.pt,qk_norm,blocks.2.attn.q_norm.weight,[64],torch.float32,0.002,0.01,2e-05,64,117.68922384102213,117.74657443577681,1.1220673727052599e-05,0.028669687040476788,4.707568953640886e-08,1.2414536898208079e-05,10.848466428072777,10.851109364289755,0.0033497274108578745,1.3560583035090972,1.3563886705362194,0.0004187159263572343,0.000308774280039225,0.00024360503115565277,0.7889421072399765,0.00024362302584424178,0.00021696932856145557,0.0035234268685766816,0.0
S,500,logs/muon_spectra/soaudit_traj_20260926/S_lr0.007_s260925_l40s/scientific/kept/step000500.pt,logs/muon_spectra/soaudit_traj_20260926/S_lr0.007_s260925_l40s/scientific/kept/step000501_weights.pt,qk_norm,blocks.2.attn.k_norm.weight,[64],torch.float32,0.002,0.01,2e-05,64,117.69353901826135,117.75090362002496,1.1224654329566874e-05,0.028676688554639895,4.7077415607304546e-08,1.2418799287359774e-05,10.848665310454615,10.8513088436384,0.003350321526296674,1.356083163806827,1.3564136054548,0.00041879019078708426,0.00030882338337675917,0.0002436555888610879,0.7889803751156768,0.00024367358639376668,0.00021697330620909234,0.0035240316808110243,0.0
S,500,logs/muon_spectra/soaudit_traj_20260926/S_lr0.007_s260925_l40s/scientific/kept/step000500.pt,logs/muon_spectra/soaudit_traj_20260926/S_lr0.007_s260925_l40s/scientific/kept/step000501_weights.pt,body_norm,blocks.3.ln1.weight,[512],torch.float32,0.002,0.01,2e-05,512,486.272711883875,486.23679508382617,1.6141923399715097e-05,-0.017966470986102934,1.9450908475355002e-07,1.561777364502453e-05,22.05159204873596,22.05077765258691,0.0040177012581468895,0.9745518921012843,0.9745159005363114,0.0001775589877760868,0.00018219551900232035,-3.6947314844172134e-05,-0.202789371805031,-3.693139920468713e-05,0.0004410318409747192,0.003951932899863626,3.653005393863137e-17
S,500,logs/muon_spectra/soaudit_traj_20260926/S_lr0.007_s260925_l40s/scientific/kept/step000500.pt,logs/muon_spectra/soaudit_traj_20260926/S_lr0.007_s260925_l40s/scientific/kept/step000501_weights.pt,body_norm,blocks.3.ln2.weight,[512],torch.float32,0.002,0.01,2e-05,512,513.3943816224223,513.340131387751,2.9709390826582194e-05,-0.02713997203105123,2.0535775264896896e-07,2.8829149697989117e-05,22.658207820179033,22.65701064544374,0.0054506321492632575,1.001360774948916,1.0013078668005666,0.00024088618465609095,0.00024055883821530723,-5.2863788546504615e-05,-0.21975408984636838,-5.28362501038826e-05,0.0004531641564035807,0.0053692783218966325,1.868412915320149e-16
S,500,logs/muon_spectra/soaudit_traj_20260926/S_lr0.007_s260925_l40s/scientific/kept/step000500.pt,logs/muon_spectra/soaudit_traj_20260926/S_lr0.007_s260925_l40s/scientific/kept/step000501_weights.pt,qk_norm,blocks.3.attn.q_norm.weight,[64],torch.float32,0.002,0.01,2e-05,64,126.40300123321315,126.47632681155024,1.3206470498516865e-05,0.036656185933296115,5.056120049328527e-08,1.4723279136341995e-05,11.242908931109117,11.24616942836761,0.003634070788869813,1.4053636163886396,1.4057711785459512,0.0004542588486087266,0.00032323225342636573,0.00028999458537907314,0.8971709422715008,0.0002900047735396871,0.00022485817862218237,0.003837092536848961,0.0
S,500,logs/muon_spectra/soaudit_traj_20260926/S_lr0.007_s260925_l40s/scientific/kept/step000500.pt,logs/muon_spectra/soaudit_traj_20260926/S_lr0.007_s260925_l40s/scientific/kept/step000501_weights.pt,qk_norm,blocks.3.attn.k_norm.weight,[64],torch.float32,0.002,0.01,2e-05,64,126.40410510641442,126.47742305688013,1.3204880701778166e-05,0.036652372792502774,5.056164204256578e-08,1.4721537255520844e-05,11.242958022976623,11.246218166871925,0.003633852047315378,1.4053697528720779,1.4057772708589906,0.00045423150591442226,0.00032321138617515707,0.00028996188661473176,0.897127697282278,0.000289972077511802,0.00022485916045953248,0.003836865550878848,0.0
S,500,logs/muon_spectra/soaudit_traj_20260926/S_lr0.007_s260925_l40s/scientific/kept/step000500.pt,logs/muon_spectra/soaudit_traj_20260926/S_lr0.007_s260925_l40s/scientific/kept/step000501_weights.pt,body_norm,blocks.4.ln1.weight,[512],torch.float32,0.002,0.01,2e-05,512,499.2064988748225,499.1838924565578,1.9805064322753196e-05,-0.011313111664499331,1.9968259954992902e-07,1.955222245572315e-05,22.342929505210872,22.34242360301491,0.004450288116824932,0.987427310294225,0.9874049523646388,0.00019667680660255123,0.000199181048115782,-2.2662188272785543e-05,-0.1137768301109262,-2.264260807172125e-05,0.00044685859010421745,0.004421789508301265,7.116721610812511e-18
S,500,logs/muon_spectra/soaudit_traj_20260926/S_lr0.007_s260925_l40s/scientific/kept/step000500.pt,logs/muon_spectra/soaudit_traj_20260926/S_lr0.007_s260925_l40s/scientific/kept/step000501_weights.pt,body_norm,blocks.4.ln2.weight,[512],torch.float32,0.002,0.01,2e-05,512,534.7502342386069,534.7089121443703,2.8771904187152586e-05,-0.02067543307037667,2.1390009369544282e-07,2.8158786958032963e-05,23.12466722438632,23.123773743581957,0.005363944834462095,1.0219755629403666,1.0219360762943899,0.00023705511039741876,0.00023195770916026412,-3.8663719520974044e-05,-0.16668434802596072,-3.8637563762322635e-05,0.00046249334448772645,0.0053064853677394575,1.5280482247708794e-16
S,500,logs/muon_spectra/soaudit_traj_20260926/S_lr0.007_s260925_l40s/scientific/kept/step000500.pt,logs/muon_spectra/soaudit_traj_20260926/S_lr0.007_s260925_l40s/scientific/kept/step000501_weights.pt,qk_norm,blocks.4.attn.q_norm.weight,[64],torch.float32,0.002,0.01,2e-05,64,121.80722110004749,121.86840476823285,1.0759393418879881e-05,0.03058645439597285,4.8722888440019e-08,1.2031574483158814e-05,11.03663087631581,11.03940237369002,0.003280151432309167,1.3795788595394762,1.3799252967112525,0.0004100189290386459,0.0002972058655461829,0.00025110542806694837,0.8448871882305736,0.0002511180635893506,0.00022073261752631623,0.003468656005307937,0.0
S,500,logs/muon_spectra/soaudit_traj_20260926/S_lr0.007_s260925_l40s/scientific/kept/step000500.pt,logs/muon_spectra/soaudit_traj_20260926/S_lr0.007_s260925_l40s/scientific/kept/step000501_weights.pt,qk_norm,blocks.4.attn.k_norm.weight,[64],torch.float32,0.002,0.01,2e-05,64,121.8098194658537,121.87102939227859,1.0767457553129134e-05,0.03059957948366332,4.872392778634149e-08,1.2040164660262008e-05,11.036748591222585,11.039521248327691,0.003281380434074832,1.3795935739028231,1.3799401560409614,0.000410172554259354,0.00029731405104982465,0.00025120782230730697,0.8449241514832034,0.00025122046426884204,0.00022073497182445171,0.003469894041647671,0.0
S,500,logs/muon_spectra/soaudit_traj_20260926/S_lr0.007_s260925_l40s/scientific/kept/step000500.pt,logs/muon_spectra/soaudit_traj_20260926/S_lr0.007_s260925_l40s/scientific/kept/step000501_weights.pt,body_norm,blocks.5.ln1.weight,[512],torch.float32,0.002,0.01,2e-05,512,489.3593621361342,489.32933506673527,1.9658412735878983e-05,-0.015023363905825704,1.9574374485445373e-07,1.925322192450041e-05,22.1214683539799,22.12078965739549,0.004433780862410656,0.977640017681425,0.9776100232465997,0.0001959472821316071,0.00020042886807796235,-3.070006434585464e-05,-0.15317186910377104,-3.068044912535317e-05,0.00044242936707959804,0.004387849350707065,7.985920673146116e-17
S,500,logs/muon_spectra/soaudit_traj_20260926/S_lr0.007_s260925_l40s/scientific/kept/step000500.pt,logs/muon_spectra/soaudit_traj_20260926/S_lr0.007_s260925_l40s/scientific/kept/step000501_weights.pt,body_norm,blocks.5.ln2.weight,[512],torch.float32,0.002,0.01,2e-05,512,557.0576722158728,557.0294604285011,4.001047442869776e-05,-0.014125898923062152,2.2282306888634916e-07,3.9668261540661626e-05,23.602069235892703,23.60147157336807,0.006325383342430541,1.043073950420883,1.043047537219381,0.00027954509093981657,0.000268001219690147,-2.535805469992349e-05,-0.09461917646957549,-2.53224629865878e-05,0.0004720413847178541,0.0062982744891487245,3.826584415938616e-17
S,500,logs/muon_spectra/soaudit_traj_20260926/S_lr0.007_s260925_l40s/scientific/kept/step000500.pt,logs/muon_spectra/soaudit_traj_20260926/S_lr0.007_s260925_l40s/scientific/kept/step000501_weights.pt,qk_norm,blocks.5.attn.q_norm.weight,[64],torch.float32,0.002,0.01,2e-05,64,117.87858479083691,117.95171405137755,1.4673530927211687e-05,0.03655729350485615,4.715143391633477e-08,1.6182974101322267e-05,10.857190464887172,10.860557722850956,0.003830604511981325,1.3571488081108964,1.3575697153563695,0.0004788255639976656,0.0003528172895529224,0.00031012667457556607,0.8790007852748589,0.00031014082093094864,0.00021714380929774345,0.004022806744217558,0.0
S,500,logs/muon_spectra/soaudit_traj_20260926/S_lr0.007_s260925_l40s/scientific/kept/step000500.pt,logs/muon_spectra/soaudit_traj_20260926/S_lr0.007_s260925_l40s/scientific/kept/step000501_weights.pt,qk_norm,blocks.5.attn.k_norm.weight,[64],torch.float32,0.002,0.01,2e-05,64,117.87866162052532,117.95179288044389,1.4674485669274873e-05,0.036558292716449614,4.715146464821013e-08,1.618396884258107e-05,10.857194003080414,10.860561351994836,0.0038307291302407264,1.3571492503850517,1.3575701689993545,0.0004788411412800908,0.0003528286525186773,0.00031013494905581787,0.8789959285956818,0.0003101490968535625,0.0002171438800616083,0.004022930380031584,0.0
S,500,logs/muon_spectra/soaudit_traj_20260926/S_lr0.007_s260925_l40s/scientific/kept/step000500.pt,logs/muon_spectra/soaudit_traj_20260926/S_lr0.007_s260925_l40s/scientific/kept/step000501_weights.pt,body_norm,blocks.6.ln1.weight,[512],torch.float32,0.002,0.01,2e-05,512,479.12160358311024,479.108089313862,2.2550804906984467e-05,-0.006768410026552374,1.9164864143324414e-07,2.2471717147355618e-05,21.88884655670806,21.88853785235236,0.004748768778008092,0.967359489537505,0.9673458466035489,0.0002098679128260298,0.0002169492469923128,-1.412670598848983e-05,-0.06511525706743009,-1.4103271951726448e-05,0.0004377769311341612,0.004740434278349993,4.4490337971381835e-17
S,500,logs/muon_spectra/soaudit_traj_20260926/S_lr0.007_s260925_l40s/scientific/kept/step000500.pt,logs/muon_spectra/soaudit_traj_20260926/S_lr0.007_s260925_l40s/scientific/kept/step000501_weights.pt,body_norm,blocks.6.ln2.weight,[512],torch.float32,0.002,0.01,2e-05,512,580.9744078479379,580.9710560899636,3.9168468561001646e-05,-0.001695463221466298,2.3238976313917518e-07,3.9333039795282166e-05,24.103410709854693,24.103341181047153,0.0062584717432454424,1.0652303226664193,1.0652272498982132,0.00027658798809457785,0.00025965087757006365,-2.9183096511026736e-06,-0.011239359860492683,-2.8846045224684147e-06,0.00048206821419709387,0.006271605838641501,9.784151951093516e-17
S,500,logs/muon_spectra/soaudit_traj_20260926/S_lr0.007_s260925_l40s/scientific/kept/step000500.pt,logs/muon_spectra/soaudit_traj_20260926/S_lr0.007_s260925_l40s/scientific/kept/step000501_weights.pt,qk_norm,blocks.6.attn.q_norm.weight,[64],torch.float32,0.002,0.01,2e-05,64,101.31153823304732,101.36877573049718,1.162190160641785e-05,0.028612937774127545,4.052461529321893e-08,1.2806943732676173e-05,10.065363293644563,10.068206182359258,0.0034090910234867372,1.2581704117055703,1.2585257727949073,0.00042613637793584215,0.0003386952784545089,0.0002824252624445312,0.8338624138289089,0.0002824427327416945,0.00020130726587289126,0.0035786790485703205,0.0
S,500,logs/muon_spectra/soaudit_traj_20260926/S_lr0.007_s260925_l40s/scientific/kept/step000500.pt,logs/muon_spectra/soaudit_traj_20260926/S_lr0.007_s260925_l40s/scientific/kept/step000501_weights.pt,qk_norm,blocks.6.attn.k_norm.weight,[64],torch.float32,0.002,0.01,2e-05,64,101.31263240539249,101.3698750529359,1.1622009964185054e-05,0.02861551276672003,4.0525052962157004e-08,1.2807155527816013e-05,10.065417646843697,10.068260775969993,0.003409106915921684,1.258177205855462,1.258532596996249,0.0004261383644902105,0.0003386950284165017,0.00028244762856637545,0.8339290655871173,0.0002824650924633243,0.00020130835293687393,0.003578708639693376,0.0
S,500,logs/muon_spectra/soaudit_traj_20260926/S_lr0.007_s260925_l40s/scientific/kept/step000500.pt,logs/muon_spectra/soaudit_traj_20260926/S_lr0.007_s260925_l40s/scientific/kept/step000501_weights.pt,body_norm,blocks.7.ln1.weight,[512],torch.float32,0.002,0.01,2e-05,512,488.26009698240307,488.25026965871336,3.138866845731059e-05,-0.004929356179037114,1.9530403879296127e-07,3.138679824894206e-05,22.09660826874575,22.096385895858926,0.00560255909895742,0.9765413467533036,0.9765315191672896,0.00024760047067944914,0.00025354837406797335,-1.0095758816872494e-05,-0.039817880331450825,-1.006366606670639e-05,0.00044193216537491507,0.005602392189854442,1.819068208091015e-16
S,500,logs/muon_spectra/soaudit_traj_20260926/S_lr0.007_s260925_l40s/scientific/kept/step000500.pt,logs/muon_spectra/soaudit_traj_20260926/S_lr0.007_s260925_l40s/scientific/kept/step000501_weights.pt,body_norm,blocks.7.ln2.weight,[512],torch.float32,0.002,0.01,2e-05,512,617.049324135886,617.1161974186236,5.0095711490172334e-05,0.033411593513111626,2.4681972965435445e-07,5.167899496035115e-05,24.84047753437695,24.841823552602246,0.0070778324005427206,1.097804382029377,1.0978638681927961,0.0003127989554078511,0.000284931414492642,5.414736262761672e-05,0.1900364785119719,5.4186487495444524e-05,0.000496809550687539,0.007188810399527251,6.332656739569504e-17
S,500,logs/muon_spectra/soaudit_traj_20260926/S_lr0.007_s260925_l40s/scientific/kept/step000500.pt,logs/muon_spectra/soaudit_traj_20260926/S_lr0.007_s260925_l40s/scientific/kept/step000501_weights.pt,qk_norm,blocks.7.attn.q_norm.weight,[64],torch.float32,0.002,0.01,2e-05,64,100.1377771760143,100.18166089647781,9.603091442045297e-06,0.021937058686035016,4.005511087040572e-08,1.0520628900357104e-05,10.006886487615132,10.009078923481312,0.003098885516124353,1.2508608109518915,1.251134865435164,0.0003873606895155441,0.0003096752941046789,0.00021906876010914224,0.7074143926867181,0.0002190927086955785,0.00020013772975230264,0.0032435518957397774,0.0
S,500,logs/muon_spectra/soaudit_traj_20260926/S_lr0.007_s260925_l40s/scientific/kept/step000500.pt,logs/muon_spectra/soaudit_traj_20260926/S_lr0.007_s260925_l40s/scientific/kept/step000501_weights.pt,qk_norm,blocks.7.attn.k_norm.weight,[64],torch.float32,0.002,0.01,2e-05,64,100.1387035625295,100.18260278900787,9.607578277837092e-06,0.021944809450047842,4.0055481425011806e-08,1.0525426137264017e-05,10.006932774958043,10.009125975279154,0.0030996093750401987,1.2508665968697554,1.2511407469098943,0.00038745117188002484,0.00030974619743592656,0.00021914413377985135,0.7074958000902757,0.0002191680878078639,0.0002001386554991609,0.003244291315104736,0.0
S,500,logs/muon_spectra/soaudit_traj_20260926/S_lr0.007_s260925_l40s/scientific/kept/step000500.pt,logs/muon_spectra/soaudit_traj_20260926/S_lr0.007_s260925_l40s/scientific/kept/step000501_weights.pt,final_norm,norm.weight,[512],torch.float32,0.002,0.01,2e-05,512,979.784724362239,980.1175955673885,7.214549097867007e-05,0.1663995298292349,3.9191388974489564e-07,7.919338606158437e-05,31.30151313215128,31.30682985495958,0.008493850185791487,1.3833445123214962,1.3835794804934611,0.00037537869154723603,0.0002713558973948466,0.00016983274559372987,0.6258671627342903,0.00016985513722156398,0.0006260302626430257,0.008899066583725754,1.1236827554254757e-16
S,500,logs/muon_spectra/soaudit_traj_20260926/S_lr0.007_s260925_l40s/scientific/kept/step000500.pt,logs/muon_spectra/soaudit_traj_20260926/S_lr0.007_s260925_l40s/scientific/kept/step000501_weights.pt,head,head.weight,"[50304, 512]",torch.float32,0.002,0.01,2e-05,25755648,84343.04862584091,84438.87019513591,4.59043210283717,45.615568596092125,3.373721945033637e-05,4.592290462800463,290.41874702890806,290.58367159070707,2.142529370355788,0.057225343321329114,0.05725784075741966,0.0004221730864448529,0.007377379705252024,0.0005408337656663324,0.0733097369627468,0.0005678853844190979,0.005808374940578162,2.1429630101335073,2.1306469435070796e-16
S,900,logs/muon_spectra/soaudit_traj_20260926/S_lr0.007_s260925_l40s/scientific/kept/step000900.pt,logs/muon_spectra/soaudit_traj_20260926/S_lr0.007_s260925_l40s/scientific/kept/step000901_weights.pt,token_embedding,embed.weight,"[50304, 512]",torch.float32,0.002,0.01,2e-05,25755648,105810.05446533374,105910.82453362562,4.6755525285983,48.04725788163204,4.23240217861335e-05,4.67751674293535,325.2845745886726,325.4394329727509,2.1623025987586244,0.06409545405867481,0.06412596801235626,0.0004260692873461354,0.006647418192187223,0.00045408971883077173,0.0683106893085902,0.00047607048159004073,0.006505691491773454,2.162756746131046,1.6919788770202938e-16
S,900,logs/muon_spectra/soaudit_traj_20260926/S_lr0.007_s260925_l40s/scientific/kept/step000900.pt,logs/muon_spectra/soaudit_traj_20260926/S_lr0.007_s260925_l40s/scientific/kept/step000901_weights.pt,position_embedding,position.weight,"[512, 512]",torch.float32,0.002,0.01,2e-05,262144,464.63661435624476,465.0123339508498,0.0392114226389096,0.168254085983076,1.8585464574249794e-07,0.039218338656994665,21.555431203208272,21.5641446375888,0.19801874315051493,0.042100451568766156,0.042117469995290625,0.0003867553577158495,0.009186489534064259,0.0003621197313866288,0.03941872790948698,0.00040423382387411166,0.00043110862406416545,0.19803620541960165,9.800741148874508e-17
S,900,logs/muon_spectra/soaudit_traj_20260926/S_lr0.007_s260925_l40s/scientific/kept/step000900.pt,logs/muon_spectra/soaudit_traj_20260926/S_lr0.007_s260925_l40s/scientific/kept/step000901_weights.pt,body_norm,blocks.0.ln1.weight,[512],torch.float32,0.002,0.01,2e-05,512,338.8934335864451,338.7586250569168,4.710483576531033e-05,-0.06742781718205748,1.3555737343457807e-07,4.454328045146261e-05,18.40905846550673,18.405396628622725,0.006863296275501323,0.8135731297637143,0.8134112979079469,0.00030331770860621,0.0003728216892982963,-0.0001989646611575847,-0.5336724414613984,-0.0001989149467295226,0.0003681811693101347,0.006674075250659271,1.4676587556400623e-16
S,900,logs/muon_spectra/soaudit_traj_20260926/S_lr0.007_s260925_l40s/scientific/kept/step000900.pt,logs/muon_spectra/soaudit_traj_20260926/S_lr0.007_s260925_l40s/scientific/kept/step000901_weights.pt,body_norm,blocks.0.ln2.weight,[512],torch.float32,0.002,0.01,2e-05,512,493.1598290565387,493.1228922679988,2.5007885213312875e-05,-0.018480898212594354,1.972639316226155e-07,2.446591321643172e-05,22.207202188851678,22.20637053343024,0.005000788459164502,0.98142895368236,0.9813921993581033,0.00022100571442216536,0.00022518768535709406,-3.747445984793623e-05,-0.1664143391700601,-3.744980634501349e-05,0.0004441440437770336,0.0049463029846979365,1.728955264956034e-16
S,900,logs/muon_spectra/soaudit_traj_20260926/S_lr0.007_s260925_l40s/scientific/kept/step000900.pt,logs/muon_spectra/soaudit_traj_20260926/S_lr0.007_s260925_l40s/scientific/kept/step000901_weights.pt,qk_norm,blocks.0.attn.q_norm.weight,[64],torch.float32,0.002,0.01,2e-05,64,80.64645480306072,80.66809209466354,4.101453640714681e-06,0.010816595074587099,3.225858192122429e-08,4.566376025619389e-06,8.98033712079122,8.981541743746646,0.002025204592310288,1.1225421400989024,1.1226927179683308,0.000253150574038786,0.00022551543055344186,0.0001341236276411816,0.5947425739871821,0.00013414005946810192,0.0001796067424158244,0.0021369080526825175,0.0
S,900,logs/muon_spectra/soaudit_traj_20260926/S_lr0.007_s260925_l40s/scientific/kept/step000900.pt,logs/muon_spectra/soaudit_traj_20260926/S_lr0.007_s260925_l40s/scientific/kept/step000901_weights.pt,qk_norm,blocks.0.attn.k_norm.weight,[64],torch.float32,0.002,0.01,2e-05,64,80.66496527228186,80.68664323409541,4.106160517380886e-06,0.01083692782651724,3.226598610891275e-08,4.571903616550487e-06,8.98136767270341,8.982574421294567,0.0020263663334601878,1.1226709590879262,1.1228218026618209,0.00025329579168252347,0.00022561890430327386,0.00013434491405206158,0.595450609366833,0.00013436133951238993,0.0001796273534540682,0.0021382010234191,0.0
S,900,logs/muon_spectra/soaudit_traj_20260926/S_lr0.007_s260925_l40s/scientific/kept/step000900.pt,logs/muon_spectra/soaudit_traj_20260926/S_lr0.007_s260925_l40s/scientific/kept/step000901_weights.pt,body_norm,blocks.1.ln1.weight,[512],torch.float32,0.002,0.01,2e-05,512,440.6347010738992,440.58122481479165,2.9515940941138297e-05,-0.026752887524217783,1.762538804295597e-07,2.8622079320599146e-05,20.991300604629032,20.99002679404654,0.005432857529987171,0.9276931877161539,0.9276368927098523,0.0002401006500421453,0.0002588147172161933,-6.0714436377835425e-05,-0.23458649118133185,-6.0682785049115395e-05,0.00041982601209258067,0.005349960684023682,7.256446900636192e-17
S,900,logs/muon_spectra/soaudit_traj_20260926/S_lr0.007_s260925_l40s/scientific/kept/step000900.pt,logs/muon_spectra/soaudit_traj_20260926/S_lr0.007_s260925_l40s/scientific/kept/step000901_weights.pt,body_norm,blocks.1.ln2.weight,[512],torch.float32,0.002,0.01,2e-05,512,489.2757579350382,489.21984821080673,3.107979349437073e-05,-0.027970402012460482,1.957103031740153e-07,3.015668771704633e-05,22.119578611154378,22.11831476877944,0.005574925425005319,0.977556502058511,0.9775006475889066,0.00024637922328940977,0.00025203578797807733,-5.716694841066324e-05,-0.2268207577553857,-5.713681969954365e-05,0.0004423915722230876,0.005491510513241901,8.713402095688214e-17
S,900,logs/muon_spectra/soaudit_traj_20260926/S_lr0.007_s260925_l40s/scientific/kept/step000900.pt,logs/muon_spectra/soaudit_traj_20260926/S_lr0.007_s260925_l40s/scientific/kept/step000901_weights.pt,qk_norm,blocks.1.attn.q_norm.weight,[64],torch.float32,0.002,0.01,2e-05,64,114.88208679878372,114.90452025797485,6.0560885373206474e-06,0.011213701551298527,4.5952834719513495e-08,6.550589434092103e-06,10.718306153435986,10.719352604424152,0.0024609121352296686,1.3397882691794982,1.339919075553019,0.0003076140169037086,0.00022959897767435667,9.761053149164461e-05,0.42513486985158505,9.763212332125626e-05,0.00021436612306871973,0.002559411931302209,0.0
S,900,logs/muon_spectra/soaudit_traj_20260926/S_lr0.007_s260925_l40s/scientific/kept/step000900.pt,logs/muon_spectra/soaudit_traj_20260926/S_lr0.007_s260925_l40s/scientific/kept/step000901_weights.pt,qk_norm,blocks.1.attn.k_norm.weight,[64],torch.float32,0.002,0.01,2e-05,64,114.89810397691294,114.92058253184877,6.062202757561863e-06,0.011236246366536307,4.595924159076518e-08,6.55761185381408e-06,10.719053315331207,10.72010179671111,0.002462154088915205,1.3398816644164009,1.3400127245888886,0.0003077692611144006,0.00022969883780628693,9.779313998770653e-05,0.42574503607275066,9.781473690440023e-05,0.00021438106630662415,0.002560783445317874,0.0
S,900,logs/muon_spectra/soaudit_traj_20260926/S_lr0.007_s260925_l40s/scientific/kept/step000900.pt,logs/muon_spectra/soaudit_traj_20260926/S_lr0.007_s260925_l40s/scientific/kept/step000901_weights.pt,body_norm,blocks.2.ln1.weight,[512],torch.float32,0.002,0.01,2e-05,512,458.789150327368,458.7447264667776,2.639121113645615e-05,-0.022225125900749987,1.8351566013094724e-07,2.56857217605571e-05,21.419363910428526,21.418326882993863,0.005137237695148644,0.946611091860401,0.9465652612896931,0.00022703597567542223,0.0002398408149108227,-4.8443006738261564e-05,-0.20197982881384713,-4.8415416956326673e-05,0.00042838727820857056,0.005068108301975906,1.3938613450814706e-16
S,900,logs/muon_spectra/soaudit_traj_20260926/S_lr0.007_s260925_l40s/scientific/kept/step000900.pt,logs/muon_spectra/soaudit_traj_20260926/S_lr0.007_s260925_l40s/scientific/kept/step000901_weights.pt,body_norm,blocks.2.ln2.weight,[512],torch.float32,0.002,0.01,2e-05,512,484.719570899934,484.68146997501066,3.206372936759294e-05,-0.019066494326377637,1.9388782835997363e-07,3.1494957422897806e-05,22.016347810205353,22.015482506068558,0.005662484381222869,0.9729943020973626,0.9729560606959302,0.00025024881902035014,0.00025719453698846946,-3.933510316280121e-05,-0.15293910836280583,-3.930280100294947e-05,0.00044032695620410705,0.005612036833708222,6.596478671129485e-17
S,900,logs/muon_spectra/soaudit_traj_20260926/S_lr0.007_s260925_l40s/scientific/kept/step000900.pt,logs/muon_spectra/soaudit_traj_20260926/S_lr0.007_s260925_l40s/scientific/kept/step000901_weights.pt,qk_norm,blocks.2.attn.q_norm.weight,[64],torch.float32,0.002,0.01,2e-05,64,136.55343833445488,136.5633569670772,4.6832351614511936e-06,0.00495697469357026,5.462137533378196e-08,4.936135524527786e-06,11.68560817135569,11.686032558874599,0.002164078363056937,1.4607010214194613,1.4607540698593249,0.00027050979538211715,0.0001851917616373299,3.6300621603019174e-05,0.1960163955571008,3.631711013118988e-05,0.00023371216342711382,0.002221741552145025,1.0406052568426512e-16
S,900,logs/muon_spectra/soaudit_traj_20260926/S_lr0.007_s260925_l40s/scientific/kept/step000900.pt,logs/muon_spectra/soaudit_traj_20260926/S_lr0.007_s260925_l40s/scientific/kept/step000901_weights.pt,qk_norm,blocks.2.attn.k_norm.weight,[64],torch.float32,0.002,0.01,2e-05,64,136.57957887247352,136.58957984477297,4.690443944355138e-06,0.004998140927739314,5.4631831548989414e-08,4.945001413013701e-06,11.686726610667057,11.687154480230548,0.0021657432775735765,1.460840826333382,1.4608943100288185,0.00027071790969669706,0.000185316500481563,3.6595082288298426e-05,0.19747341544440208,3.6611583187129426e-05,0.00023373453221334117,0.0022237359135054012,2.080810956641335e-16
S,900,logs/muon_spectra/soaudit_traj_20260926/S_lr0.007_s260925_l40s/scientific/kept/step000900.pt,logs/muon_spectra/soaudit_traj_20260926/S_lr0.007_s260925_l40s/scientific/kept/step000901_weights.pt,body_norm,blocks.3.ln1.weight,[512],torch.float32,0.002,0.01,2e-05,512,470.9974482596331,470.94924132979406,2.701792394077529e-05,-0.02411697388149392,1.8839897930385327e-07,2.6241643964819388e-05,21.702475625136252,21.70136496466971,0.0051978768685661736,0.9591229801918499,0.9590738954701322,0.0002297158738459899,0.00023950617239933155,-5.1204043611292894e-05,-0.21379007938851682,-5.1176671533759155e-05,0.00043404951250272504,0.005122659852539439,7.54295738103893e-17
S,900,logs/muon_spectra/soaudit_traj_20260926/S_lr0.007_s260925_l40s/scientific/kept/step000900.pt,logs/muon_spectra/soaudit_traj_20260926/S_lr0.007_s260925_l40s/scientific/kept/step000901_weights.pt,body_norm,blocks.3.ln2.weight,[512],torch.float32,0.002,0.01,2e-05,512,488.81385432074455,488.71912377608527,3.579640878825785e-05,-0.047383170534025965,1.9552554172829786e-07,3.4096607508625105e-05,22.109135087577364,22.106992644321508,0.0059830100107101485,0.9770949591622117,0.977000275652554,0.00026441418440500904,0.000270612576521452,-9.693499911100022e-05,-0.35820581717611333,-9.690307863108316e-05,0.00044218270175154734,0.005839230044160369,4.3608179032536015e-17
S,900,logs/muon_spectra/soaudit_traj_20260926/S_lr0.007_s260925_l40s/scientific/kept/step000900.pt,logs/muon_spectra/soaudit_traj_20260926/S_lr0.007_s260925_l40s/scientific/kept/step000901_weights.pt,qk_norm,blocks.3.attn.q_norm.weight,[64],torch.float32,0.002,0.01,2e-05,64,146.8393848238884,146.8687061873709,3.875485163007397e-06,0.014658743998666068,5.8735753929555365e-08,4.5205706768835954e-06,12.117730184481267,12.118939977876401,0.0019686251961730547,1.5147162730601584,1.5148674972345502,0.00024607814952163184,0.00016245824640444633,9.982842148410668e-05,0.6144866369884346,9.983663414825372e-05,0.00024235460368962535,0.00212616337022431,0.0
S,900,logs/muon_spectra/soaudit_traj_20260926/S_lr0.007_s260925_l40s/scientific/kept/step000900.pt,logs/muon_spectra/soaudit_traj_20260926/S_lr0.007_s260925_l40s/scientific/kept/step000901_weights.pt,qk_norm,blocks.3.attn.k_norm.weight,[64],torch.float32,0.002,0.01,2e-05,64,146.84801448837572,146.87735026982068,3.8777750148710766e-06,0.014665951834956559,5.87392057953503e-08,4.523152294064689e-06,12.118086255196227,12.119296607882022,0.0019692066968378602,1.5147607818995283,1.5149120759852528,0.00024615083710473253,0.00016250145900665344,9.987163861938014e-05,0.614589181105697,9.987985398884902e-05,0.00024236172510392457,0.0021267703905369496,1.9350641455739755e-16
S,900,logs/muon_spectra/soaudit_traj_20260926/S_lr0.007_s260925_l40s/scientific/kept/step000900.pt,logs/muon_spectra/soaudit_traj_20260926/S_lr0.007_s260925_l40s/scientific/kept/step000901_weights.pt,body_norm,blocks.4.ln1.weight,[512],torch.float32,0.002,0.01,2e-05,512,486.73497554575505,486.70356218015615,2.5668511380416703e-05,-0.01571951705517094,1.9469399021830204e-07,2.5234424688428165e-05,22.06207097136973,22.061359028404304,0.005066410107799871,0.9750149994296512,0.9749835356984843,0.00022390580896858477,0.0002296434507156932,-3.229584444295444e-05,-0.14063472893436813,-3.226999706207323e-05,0.0004412414194273947,0.00502338777006396,1.3868236984926533e-16
S,900,logs/muon_spectra/soaudit_traj_20260926/S_lr0.007_s260925_l40s/scientific/kept/step000900.pt,logs/muon_spectra/soaudit_traj_20260926/S_lr0.007_s260925_l40s/scientific/kept/step000901_weights.pt,body_norm,blocks.4.ln2.weight,[512],torch.float32,0.002,0.01,2e-05,512,510.00541813700227,509.89386051182726,4.3416357868864e-05,-0.05580052076647135,2.0400216725480093e-07,4.138833920545995e-05,22.583299540523353,22.58082949122612,0.006589109034525381,0.9980502654169441,0.997941103628948,0.0002912002300181526,0.0002917691023272272,-0.00010941162344961934,-0.3749938652753956,-0.00010937504029473466,0.00045166599081046706,0.006433376967461176,1.2538856244313564e-16
S,900,logs/muon_spectra/soaudit_traj_20260926/S_lr0.007_s260925_l40s/scientific/kept/step000900.pt,logs/muon_spectra/soaudit_traj_20260926/S_lr0.007_s260925_l40s/scientific/kept/step000901_weights.pt,qk_norm,blocks.4.attn.q_norm.weight,[64],torch.float32,0.002,0.01,2e-05,64,140.1315190761029,140.16012863962902,7.469416544836349e-06,0.014301047054786409,5.605260763044117e-08,8.097511034658247e-06,11.837715956894003,11.838924302470602,0.002733023334118527,1.4797144946117504,1.4798655378088252,0.00034162791676481586,0.00023087421121359812,0.00010205446389987229,0.4420349218018744,0.00010207590560540325,0.0002367543191378801,0.002845612593916861,0.0
S,900,logs/muon_spectra/soaudit_traj_20260926/S_lr0.007_s260925_l40s/scientific/kept/step000900.pt,logs/muon_spectra/soaudit_traj_20260926/S_lr0.007_s260925_l40s/scientific/kept/step000901_weights.pt,qk_norm,blocks.4.attn.k_norm.weight,[64],torch.float32,0.002,0.01,2e-05,64,140.1406422019282,140.16927095006145,7.468008263344927e-06,0.014310640062504376,5.6056256880771287e-08,8.096490122725874e-06,11.838101292096136,11.83931040855258,0.002732765680285254,1.479762661512017,1.4799138010690724,0.0003415957100356568,0.0002308449313666391,0.00010211627289308566,0.44235873964631106,0.00010213770152911472,0.00023676202584192274,0.002845433204755626,1.0138352449778348e-16
S,900,logs/muon_spectra/soaudit_traj_20260926/S_lr0.007_s260925_l40s/scientific/kept/step000900.pt,logs/muon_spectra/soaudit_traj_20260926/S_lr0.007_s260925_l40s/scientific/kept/step000901_weights.pt,body_norm,blocks.5.ln1.weight,[512],torch.float32,0.002,0.01,2e-05,512,480.5550350368287,480.54571285186074,3.142384920806762e-05,-0.004676804408614288,1.9222201401473153e-07,3.1428999045737784e-05,21.921565524314833,21.9213528973889,0.005605697923369366,0.9688054772792658,0.9687960804079414,0.00024773918843111416,0.0002557161310925386,-9.732089079569976e-06,-0.03805817426530721,-9.699440749244559e-06,0.00043843131048629675,0.005606157244114527,1.0350113488956619e-16
S,900,logs/muon_spectra/soaudit_traj_20260926/S_lr0.007_s260925_l40s/scientific/kept/step000900.pt,logs/muon_spectra/soaudit_traj_20260926/S_lr0.007_s260925_l40s/scientific/kept/step000901_weights.pt,body_norm,blocks.5.ln2.weight,[512],torch.float32,0.002,0.01,2e-05,512,531.1096447694194,531.0235386839602,5.1498349169065705e-05,-0.043078791904239466,2.124438579077678e-07,4.9987641350803894e-05,23.045816209659822,23.043947983884188,0.007176235027440622,1.0184908074893324,1.0184082427946612,0.00031714777820573086,0.0003113899270112486,-8.111091999269203e-05,-0.2604802305944919,-8.106572397514888e-05,0.0004609163241931965,0.0070701938693931085,6.020305491361612e-17
S,900,logs/muon_spectra/soaudit_traj_20260926/S_lr0.007_s260925_l40s/scientific/kept/step000900.pt,logs/muon_spectra/soaudit_traj_20260926/S_lr0.007_s260925_l40s/scientific/kept/step000901_weights.pt,qk_norm,blocks.5.attn.q_norm.weight,[64],torch.float32,0.002,0.01,2e-05,64,141.91097588242553,141.9451990501341,7.5081025130430135e-06,0.017107829803023833,5.676439035297022e-08,8.249180095516937e-06,11.912639333179929,11.914075669145891,0.0027400916979260044,1.489079916647491,1.4892594586432364,0.00034251146224075055,0.00023001550045203723,0.00012055325316907,0.5241092575593953,0.00012057243787788607,0.0002382527866635986,0.002872138592672181,1.0011507828583074e-16
S,900,logs/muon_spectra/soaudit_traj_20260926/S_lr0.007_s260925_l40s/scientific/kept/step000900.pt,logs/muon_spectra/soaudit_traj_20260926/S_lr0.007_s260925_l40s/scientific/kept/step000901_weights.pt,qk_norm,blocks.5.attn.k_norm.weight,[64],torch.float32,0.002,0.01,2e-05,64,141.9171080215657,141.95134177760826,7.510295006341039e-06,0.01711312287378064,5.676684320862629e-08,8.251586764500892e-06,11.912896709934394,11.914333459224997,0.0027404917453517424,1.4891120887417992,1.4892916824031246,0.0003425614681689678,0.00023004411203082065,0.00012058534106529378,0.5241835576697487,0.0001206045284858348,0.00023825793419868788,0.002872557530233449,0.0
S,900,logs/muon_spectra/soaudit_traj_20260926/S_lr0.007_s260925_l40s/scientific/kept/step000900.pt,logs/muon_spectra/soaudit_traj_20260926/S_lr0.007_s260925_l40s/scientific/kept/step000901_weights.pt,body_norm,blocks.6.ln1.weight,[512],torch.float32,0.002,0.01,2e-05,512,473.1742373373854,473.17291583571,3.514554148509319e-05,-0.0006783236084331179,1.892696949349542e-07,3.530767823569082e-05,21.752568522760374,21.752538146977468,0.005928367522774983,0.9613367944168063,0.9613354519841766,0.0002619993047950178,0.00027253643709118544,-1.4335598917010684e-06,-0.005260066899683682,-1.396422812049991e-06,0.0004350513704552075,0.005942026441853892,8.259082465417611e-17
S,900,logs/muon_spectra/soaudit_traj_20260926/S_lr0.007_s260925_l40s/scientific/kept/step000900.pt,logs/muon_spectra/soaudit_traj_20260926/S_lr0.007_s260925_l40s/scientific/kept/step000901_weights.pt,body_norm,blocks.6.ln2.weight,[512],torch.float32,0.002,0.01,2e-05,512,559.8894527929928,559.8563921156331,5.789876218997847e-05,-0.01655928806098217,2.2395578111719714e-07,5.746034644865638e-05,23.661983281056404,23.661284667482303,0.007609123615106963,1.045721802147356,1.0456909274976263,0.00033627893169555195,0.00032157590193205687,-2.9575995722685304e-05,-0.09197205246098997,-2.952472604700329e-05,0.0004732396656211281,0.0075802603153622885,1.5863460461158398e-16
S,900,logs/muon_spectra/soaudit_traj_20260926/S_lr0.007_s260925_l40s/scientific/kept/step000900.pt,logs/muon_spectra/soaudit_traj_20260926/S_lr0.007_s260925_l40s/scientific/kept/step000901_weights.pt,qk_norm,blocks.6.attn.q_norm.weight,[64],torch.float32,0.002,0.01,2e-05,64,118.2925544405902,118.31968443405721,6.579047663990423e-06,0.013561707209674978,4.7317021776236083e-08,7.168832974153659e-06,10.87623806472579,10.877485207255269,0.0025649654313441386,1.3595297580907237,1.3596856509069086,0.0003206206789180173,0.0002358320419321206,0.00011464548444159301,0.48613192466268584,0.0001146667185893957,0.00021752476129451582,0.0026774676420367174,0.0
S,900,logs/muon_spectra/soaudit_traj_20260926/S_lr0.007_s260925_l40s/scientific/kept/step000900.pt,logs/muon_spectra/soaudit_traj_20260926/S_lr0.007_s260925_l40s/scientific/kept/step000901_weights.pt,qk_norm,blocks.6.attn.k_norm.weight,[64],torch.float32,0.002,0.01,2e-05,64,118.29599409809772,118.32316024205932,6.582686481237943e-06,0.013579780637556382,4.7318397639239094e-08,7.173196104379437e-06,10.876396190747085,10.877644976834798,0.002565674663950584,1.3595495238433857,1.3597056221043498,0.000320709332993823,0.00023589382171764663,0.00011479493233131175,0.4866381471775707,0.00011481616390307536,0.00021752792381494172,0.0026782823048326024,0.0
S,900,logs/muon_spectra/soaudit_traj_20260926/S_lr0.007_s260925_l40s/scientific/kept/step000900.pt,logs/muon_spectra/soaudit_traj_20260926/S_lr0.007_s260925_l40s/scientific/kept/step000901_weights.pt,body_norm,blocks.7.ln1.weight,[512],torch.float32,0.002,0.01,2e-05,512,487.3886679202971,487.3892397999122,3.4791623239271985e-05,0.00026854399592934897,1.9495546716811888e-07,3.499732046627728e-05,22.07688084672056,22.07689379871888,0.005898442441803767,0.9756695096352198,0.975670082038085,0.0002606767905648738,0.00026717734641757416,5.509853092712121e-07,0.00206224560824132,5.866770043105873e-07,0.00044153761693441126,0.005915853316832431,2.1867821786088232e-17
S,900,logs/muon_spectra/soaudit_traj_20260926/S_lr0.007_s260925_l40s/scientific/kept/step000900.pt,logs/muon_spectra/soaudit_traj_20260926/S_lr0.007_s260925_l40s/scientific/kept/step000901_weights.pt,body_norm,blocks.7.ln2.weight,[512],torch.float32,0.002,0.01,2e-05,512,624.4068090551878,624.3932978987846,4.8047574786380665e-05,-0.006779601988920803,2.4976272362207514e-07,4.8026153430445904e-05,24.98813336476312,24.987863011846063,0.006931635794412504,1.1043299094636139,1.1043179614398035,0.00030633791718403017,0.0002773971025857863,-1.0857668255058366e-05,-0.039141246083133054,-1.0819252207028285e-05,0.0004997626672952624,0.006930090434507035,2.0483071385839722e-16
S,900,logs/muon_spectra/soaudit_traj_20260926/S_lr0.007_s260925_l40s/scientific/kept/step000900.pt,logs/muon_spectra/soaudit_traj_20260926/S_lr0.007_s260925_l40s/scientific/kept/step000901_weights.pt,qk_norm,blocks.7.attn.q_norm.weight,[64],torch.float32,0.002,0.01,2e-05,64,111.50281398833768,111.50784172709677,5.314492753427658e-06,0.0025112121331716253,4.4601125595335076e-08,5.4595423643498576e-06,10.5594892863404,10.559727350982921,0.002305318362705606,1.31993616079255,1.3199659188728652,0.0002881647953382008,0.0002183172216186376,2.252151352372397e-05,0.10315958290759654,2.2545090587744454e-05,0.000211189785726808,0.002336566362068464,0.0
S,900,logs/muon_spectra/soaudit_traj_20260926/S_lr0.007_s260925_l40s/scientific/kept/step000900.pt,logs/muon_spectra/soaudit_traj_20260926/S_lr0.007_s260925_l40s/scientific/kept/step000901_weights.pt,qk_norm,blocks.7.attn.k_norm.weight,[64],torch.float32,0.002,0.01,2e-05,64,111.50482140074297,111.50984690366519,5.31309225948462e-06,0.0025100949149816643,4.4601928560297195e-08,5.458097984644184e-06,10.559584338445475,10.559822295079837,0.0023050145898637214,1.3199480423056844,1.3199777868849796,0.0002881268237329652,0.00021828648893608375,2.251108860988624e-05,0.10312634886201175,2.2534659200212914e-05,0.00021119168676890951,0.0023362572599446717,0.0
S,900,logs/muon_spectra/soaudit_traj_20260926/S_lr0.007_s260925_l40s/scientific/kept/step000900.pt,logs/muon_spectra/soaudit_traj_20260926/S_lr0.007_s260925_l40s/scientific/kept/step000901_weights.pt,final_norm,norm.weight,[512],torch.float32,0.002,0.01,2e-05,512,1050.5376525118334,1050.4938489355395,4.931261497631567e-05,-0.02192644445430858,4.202150610047334e-07,4.885577225914807e-05,32.41199858866826,32.411322850749855,0.007022294139119756,1.4324214996160085,1.4323916359369828,0.000310344487828633,0.00021665723944511275,-2.087164072785254e-05,-0.09633484106650447,-2.0848387875860297e-05,0.0006482399717733652,0.006989690426560254,1.893810902799479e-16
S,900,logs/muon_spectra/soaudit_traj_20260926/S_lr0.007_s260925_l40s/scientific/kept/step000900.pt,logs/muon_spectra/soaudit_traj_20260926/S_lr0.007_s260925_l40s/scientific/kept/step000901_weights.pt,head,head.weight,"[50304, 512]",torch.float32,0.002,0.01,2e-05,25755648,119116.00476242165,119196.19199122705,4.630501651183794,37.77836357712256,4.764640190496867e-05,4.632060432128785,345.13186575919303,345.24801518796176,2.1518600445158587,0.06800624860224594,0.06802913517897648,0.0004240116421086729,0.006234892393324423,0.0003171560669153736,0.050867929533947746,0.0003365363801257626,0.006902637315183861,2.152222207888578,2.419022263669888e-16
