method,step,layer,lr_next,wd,input_mean_energy,input_centered_energy,W_mean,W_centered,W_total,W_mean_fraction,D_mean,D_centered,D_total,D_mean_fraction,decay_mean,decay_centered,decay_total,decay_mean_fraction,adaptive_plus_rounding_mean,adaptive_plus_rounding_centered,adaptive_plus_rounding_total,adaptive_plus_rounding_mean_fraction,D_mean_gain_over_centered_gain,mean_step_relative,centered_step_relative,mean_radial,mean_radial_relative,adaptive_mean_radial,adaptive_mean_radial_relative,mean_cosine_W_D,centered_radial,mean_energy_change_frozen_mu,D_parameter_energy,roundoff_bound_vs_D
M,10,1,0.0015400000000000001,0.01,5.819678084486091,505.3939313725299,1.6048888463562974,104.0246472137131,105.6295360600694,0.015193561443303407,1.3787113172102107e-05,0.0006942932363156821,0.0007080803494877842,0.01947111395207552,3.806154388018595e-10,2.4670485333204207e-08,2.5051100772006067e-08,0.015193561443303404,1.3843953289647351e-05,0.000693217864187009,0.0007070618174766564,0.01957955152924717,1.724493121724606,0.0029309890157037215,0.002583469516155095,0.0018331007177416077,0.0011421979297216985,0.0018578160059754944,0.001157597929721698,0.389697103469854,-0.03571566928591752,0.003679988548654922,0.00046154928906929184,1.598325266855078e-05
M,10,2,0.0015400000000000001,0.01,90.74409810915935,421.2657461343671,19.927754052071165,86.05578618538854,105.9835402374597,0.188026876696347,0.000218885967968849,0.0005055667218101238,0.0007244526897789728,0.30213976848595886,4.726066150989198e-09,2.040899025172675e-08,2.513505640271595e-08,0.18802687669634696,0.0002195790271630996,0.0005049570380083936,0.0007245360651714932,0.30306155582624666,2.009912728829017,0.0033142081687147027,0.0024238135076680763,0.022348478185053047,0.001121475010513304,0.022655365597454943,0.001136875010513304,0.3383839980541198,-0.020457558181224907,0.04491584233807444,0.0002532130811144358,2.1484399853828897e-05
M,10,3,0.0015400000000000001,0.01,187.7808015037686,324.2970313142627,42.99094674861973,66.25321404967644,109.24416079829618,0.39353084352029033,0.0004306917604300971,0.0003459424913351073,0.0007766342517652044,0.5545618924882363,1.019573293090266e-08,1.571261224402127e-08,2.590834517492393e-08,0.3935308435202904,0.0004315277825436436,0.0003456090820096435,0.0007771368645532871,0.5552790019705137,2.1500791082626254,0.0031651535018549916,0.0022850645805992916,0.026812544825180844,0.0006236788638771183,0.027474605405109584,0.0006390788638771182,0.19704537663389804,-0.011335127847659953,0.05405578141079559,0.00019106562362588176,2.495342746923184e-05
M,10,4,0.0015400000000000001,0.01,253.62275514454018,258.8113996639811,58.49879597256537,53.47177222875043,111.9705682013158,0.5224479692501725,0.0006001259188196009,0.00024857508772075255,0.0008487010065403534,0.7071111194576704,1.3873574452853604e-08,1.2681365501770453e-08,2.6554939954624057e-08,0.5224479692501725,0.0006013844550189281,0.0002484013825163247,0.0008497858375352528,0.7076894300371064,2.463655436790647,0.0032029320719486783,0.00215608814436294,0.04041112418423168,0.000690802665463125,0.04131200564220919,0.000706202665463125,0.21567821294531472,-0.006051512010698923,0.08142237428728549,0.00015335241179078728,2.7768518959285202e-05
M,10,5,0.0015400000000000001,0.01,310.40842184189535,201.8529630922916,63.412023788990325,41.6391943315968,105.05121812058712,0.6036295906269299,0.0007467592878619661,0.0001684985888952351,0.0009152578767572012,0.8159004219748067,1.503879556179695e-08,9.875151327681498e-09,2.4913946889478446e-08,0.6036295906269299,0.0007485010478461856,0.00016843107636035123,0.0009169321242065368,0.8163102023433825,2.881947054134523,0.003431662030449908,0.002011624772485627,0.056062376255116834,0.0008840969410102703,0.0570389214214673,0.0008994969410102704,0.2576293740949661,-0.0025125872146551514,0.1128715117980974,0.0001230796430892121,3.103741718648254e-05
M,10,6,0.0015400000000000001,0.01,348.6017656612623,163.54143160698533,65.77053490224418,33.490899436675676,99.26143433891986,0.6625990782852905,0.0008451803211429795,0.00012626542016169198,0.0009714457413046714,0.8700231883335914,1.5598140057416234e-08,7.942701710402004e-09,2.354084176781824e-08,0.6625990782852905,0.0008460511254485796,0.00012621767279426873,0.0009722687982428483,0.8701823271276646,3.1402423117258245,0.00358475105564769,0.0019416851472523664,0.027766433946194567,0.0004221713262247946,0.02877930018368912,0.0004375713262247945,0.11776865943303752,-0.0018081191277202306,0.05637804821353143,0.00010632522356972986,3.332628303595996e-05
M,10,7,0.0015400000000000001,0.01,372.0852538342664,140.04017917857675,77.10519284984986,28.914244928409175,106.01943777825903,0.7272741156307235,0.0008845089776129795,9.754421407547152e-05,0.000982053191688451,0.9006731866450502,1.82862675362704e-08,6.8573023272215166e-09,2.5143569863491917e-08,0.7272741156307237,0.0008852951381276271,9.751359228139865e-05,0.0009828087304090257,0.900780702018372,3.412800724910741,0.0033869540816812626,0.0018367279261595265,0.02493098204907001,0.00032333726338794257,0.02611840201895769,0.00033873726338794246,0.09546549955806899,-0.0012168537792335357,0.050746473075761855,8.985066102070462e-05,3.633734613059783e-05
M,10,8,0.0015400000000000001,0.01,386.57836841465445,125.55683342693834,74.80064456338893,25.716354620469687,100.51699918385862,0.7441591489074286,0.0009144713019654267,8.150286225576224e-05,0.000995974164221189,0.9181676943201693,1.7739720864653326e-08,6.098890661790589e-09,2.3838611526443915e-08,0.7441591489074288,0.0009155142273000323,8.147409857067582e-05,0.000996988325870708,0.9182797867773212,3.64418172256216,0.00349649064301782,0.0017802530046296789,0.03328524719938211,0.00044498610130524905,0.0344371771256583,0.00046038610130524904,0.1272664928172614,-0.0011319018100051093,0.0674849657007428,8.288720920289673e-05,3.763330521556926e-05
M,50,1,0.007,0.01,5.698074151610317,493.43930245485404,0.6828156394718196,95.81568448686359,96.49850012633541,0.007075919714584997,0.00026967889404826985,0.02048158176160065,0.020751260655648918,0.012995783654949066,3.345796633411917e-09,4.6949685398563166e-07,4.7284265061904357e-07,0.007075919714584998,0.0002686830143929424,0.020458805508071966,0.02072748852246491,0.012962642053895617,1.1402211866919867,0.019873380574201308,0.014620541017610704,-0.007137324656863362,-0.010452784389039944,-0.007089527562100332,-0.01038278438903994,-0.5259691148172979,-0.16604107416188776,-0.01400497041967852,0.017597248597600486,2.579822371490568e-06
M,50,2,0.007,0.01,28.18529756559485,477.0418935845936,3.8109308732484353,95.38945447822242,99.20038535147086,0.0384164926350453,0.0013789584916506568,0.0214311988943835,0.022810157386034157,0.06045370351082907,1.8673561278917336e-08,4.674083269432899e-07,4.860818882222073e-07,0.0384164926350453,0.0013760382062049169,0.02143601358995532,0.02281205179616024,0.06032066814947938,1.0890269385712181,0.019022170113654015,0.014989013503574464,-0.020992564335850554,-0.005508513545394358,-0.020725799174723163,-0.005438513545394357,-0.2895838651679587,0.03105205174913076,-0.040606170180050416,0.013998040598627524,2.9688336001826226e-06
M,50,3,0.007,0.01,35.964760990897105,470.915008036336,5.796708681767466,96.71592434735562,102.5126330291231,0.05654628615500163,0.0017959116509249332,0.02213782393966666,0.023933735590591594,0.07503683008977964,2.8403872540660587e-08,4.7390802930204267e-07,5.023119018427032e-07,0.05654628615500163,0.0017931316740675345,0.022141630684681467,0.023934762358749,0.07491746302682974,1.0622222442548128,0.017601583751006435,0.015129287338661439,-0.020059862356710107,-0.003460560717809556,-0.019654092748986385,-0.003390560717809556,-0.19660507638192987,0.02380597846792342,-0.03832381306249566,0.012288093345753724,3.210107851935906e-06
M,50,4,0.007,0.01,41.21038156021113,466.99621546995166,6.867662830885134,95.8508923474478,102.71855517833293,0.06685902872136361,0.002000193868950211,0.022009180212403178,0.02400937408135339,0.08330887186699462,3.365154787133717e-08,4.6966937250249424e-07,5.033209203738314e-07,0.06685902872136362,0.001994936734591069,0.022009283097174672,0.02400421983176574,0.08310775141090358,1.0298523177348873,0.01706599300316436,0.015153182474247772,-0.037791327907238305,-0.005502793139069641,-0.03731059150907634,-0.00543279313906964,-0.32244201307532,-0.002619890007190262,-0.07358246194552631,0.010633813924567626,3.4532625615362147e-06
M,50,5,0.007,0.01,49.63287323118186,459.52391285299325,7.4054080764052665,94.05559453927395,101.46100261567922,0.07298772814670447,0.002492160577151942,0.021908467326668686,0.024400627903820627,0.1021351002513227,3.628649957438581e-08,4.6087241324244247e-07,4.971589128168283e-07,0.07298772814670446,0.0024847193387361167,0.021912438953849058,0.024397158292585173,0.10184462095699387,1.053180294564759,0.018344822465745658,0.015262078451108555,-0.05341089225285627,-0.007212417155380179,-0.05289251368750791,-0.007142417155380179,-0.39315818775829275,0.025076819765202436,-0.10432962392855938,0.009711047567997181,3.6164025059945576e-06
M,50,6,0.007,0.01,62.46593150781277,447.50130870653504,9.568923381575445,91.68838783102206,101.2573112125975,0.09450106137506215,0.002989026394877528,0.021232609786883537,0.024221636181761066,0.12340315792243094,4.688772456971969e-08,4.4927310037200816e-07,4.961608249417278e-07,0.09450106137506215,0.0029773170821998,0.021237398444981046,0.024214715527180845,0.12295486514626955,1.0085036186152017,0.017673938378836254,0.0152175424149127,-0.08397286001641072,-0.008775580769942927,-0.08330303537970044,-0.008705580769942926,-0.4965266134712393,0.03099560712241886,-0.16495669363794363,0.008936538922385398,3.754936658375581e-06
M,50,7,0.007,0.01,76.0744980122165,433.41729901775557,11.691930937557062,88.34621304207884,100.0381439796359,0.11687472870285469,0.0036665365753734422,0.02063703822099973,0.02430357479637317,0.15086408506128904,5.729046159402963e-08,4.328964439061864e-07,4.901869055002161e-07,0.1168747287028547,0.00365196729604304,0.02064191367007058,0.02429388096611362,0.1503245735474293,1.0122220629531844,0.01770862698833725,0.015283742607167935,-0.10447549851425804,-0.008935692408057225,-0.10365706334862905,-0.008865692408057227,-0.5045954389316685,0.031732518763886844,-0.2052844604531412,0.008196722040930863,3.9446834567326376e-06
M,50,8,0.007,0.01,93.38621141431406,417.1056431043379,18.207940846802117,84.42883015349624,102.63677100029835,0.17740173106916224,0.004589492219358789,0.01976075443977522,0.02435024665913401,0.18847826404408213,8.921891014933039e-08,4.1370126775213153e-07,5.029201779014619e-07,0.17740173106916227,0.004568827507328039,0.01977062693678793,0.02433945444411597,0.1877128149202435,1.0373478836166952,0.015876395240413527,0.015298765042693481,-0.14824236386356618,-0.008141632549822468,-0.14696780800429005,-0.008071632549822468,-0.5128136725330357,0.06756282674973252,-0.2918952355077664,0.007836063650562324,4.043838212994715e-06
M,100,1,0.007,0.01,14.367331598201858,477.8977969547118,0.9376373392796814,93.96589076704531,94.90352810632498,0.009879899704352416,0.0007216904987054583,0.022137185950455426,0.022858876449160886,0.0315715647840579,4.59442296247044e-09,4.604328647585221e-07,4.650272877209925e-07,0.009879899704352416,0.0007204168085756441,0.02213962792104498,0.022860044729620624,0.03151423442501724,1.0843949531438934,0.027743295453847124,0.01534885873439868,-0.009130603948404125,-0.00973788432467771,-0.00906496933465455,-0.009667884324677712,-0.35099955377966363,0.014153840891400968,-0.017539517398102666,0.021396762281416404,2.2407255498054566e-06
M,100,2,0.007,0.01,76.7972861120433,427.8433691075116,5.803736799820103,105.63814153809308,111.44187833791318,0.052078598156987795,0.0037007278815969565,0.020471144528052532,0.02417187240964949,0.1531005881083343,2.8438310319118517e-08,5.176268935366563e-07,5.460652038557748e-07,0.052078598156987795,0.0036984617127936094,0.0205047292006139,0.02420319091340751,0.1528088476443337,1.0071263530728978,0.02525164770047826,0.013920687559693836,-0.0163900508118994,-0.0028240513615998986,-0.015983789235911997,-0.0027540513615998993,-0.11183632035015328,0.23619318334164538,-0.02907937374220193,0.01633205057698732,2.8771318079928554e-06
M,100,3,0.007,0.01,62.22399388359915,442.4076085229026,6.926058439718423,106.40098378978098,113.3270422294994,0.06111567286554971,0.002974679970426968,0.02121589751436383,0.0241905774847908,0.12296853898164363,3.3937686354620284e-08,5.213648205699268e-07,5.553025069245471e-07,0.061115672865549725,0.0029731617957757025,0.02125212287922057,0.024225284674996274,0.12272969484830873,0.9968815186637197,0.020724165353806563,0.01412075385340198,-0.011086516697286001,-0.0016006963836326972,-0.010601692606505708,-0.0015306963836326968,-0.07723815923610575,0.2550285716869106,-0.019198353424143555,0.01627474260041968,2.95565010373972e-06
M,100,4,0.007,0.01,51.81264470301671,453.1354733876129,4.739911230998036,110.27342806166027,115.0133392926583,0.0412118390801353,0.002610959400672006,0.02189763547916004,0.024508594879832046,0.10653239867376267,2.3225565031890376e-08,5.403397975021354e-07,5.635653625340258e-07,0.04121183908013529,0.0026108870868506817,0.02193860464162326,0.02454949172847394,0.10635198136596945,1.042786014566754,0.023470100822851635,0.014091693001033676,-0.0006824241882569705,-0.00014397404402725054,-0.00035063040208710666,-7.397404402725025e-05,-0.0061343598442095484,0.2887773047551044,0.0012461110241579476,0.01621305938547466,2.9711884562935665e-06
M,100,5,0.007,0.01,47.39975525379666,457.42585383414735,3.6674336135175656,111.24030967338048,114.90774328689804,0.031916331385612826,0.002245851323661651,0.02206844795239012,0.02431429927605177,0.09236751173305206,1.797042470623607e-08,5.450775173995644e-07,5.630479421058006e-07,0.03191633138561282,0.0022443526677080952,0.022110872474906403,0.024355225142614498,0.0921507666041295,0.9820957231087343,0.024746248548692514,0.014084933498303528,-0.010833045559015916,-0.0029538491219274063,-0.010576325206069687,-0.0028838491219274065,-0.11936553195589218,0.2991388928492035,-0.019420239794370353,0.01600518261511559,2.9967890755763637e-06
M,100,6,0.007,0.01,48.947007033682304,456.35783245816185,3.4673814380718158,109.9076219184517,113.37500335652351,0.030583297335552453,0.002511244817778285,0.022166315861856238,0.024677560679634523,0.10176227911580914,1.69901690465519e-08,5.385473474004134e-07,5.555375164469653e-07,0.030583297335552456,0.0025095015819632163,0.022198978139932976,0.02470847972189619,0.10156438640534177,1.056269898965912,0.026911860120642672,0.014201455366079663,-0.012573042743682572,-0.0036260916106981137,-0.012330326043017549,-0.003556091610698115,-0.13473953842071026,0.2294552194952463,-0.02263484066958732,0.01622549085958359,2.992109081224501e-06
M,100,7,0.007,0.01,52.847273295069705,452.054787094449,4.189623335591451,107.99339796991612,112.18302130550757,0.03734632288233588,0.0025403473128046052,0.021779334259388265,0.024319681572192872,0.10445643810193793,2.0529154344398115e-08,5.291676500525891e-07,5.496968043969872e-07,0.03734632288233588,0.002537137673764428,0.02181565716626975,0.024352794840034178,0.10418260780456964,0.9977390834724867,0.02462402585451867,0.014201155961518191,-0.023072629960863924,-0.0055070893282598045,-0.02277935632737252,-0.005437089328259804,-0.22364699260779972,0.25566956593882323,-0.04360491260892285,0.015482302250201977,3.0681257626907566e-06
M,100,8,0.007,0.01,59.35389529806159,447.1468403722665,7.0804348056081015,108.21615550690957,115.29659031251768,0.06141061749021543,0.0028477192208747944,0.021647118645593814,0.024494837866468607,0.11625793305507381,3.46941305474797e-08,5.302591619838572e-07,5.649532925313368e-07,0.06141061749021542,0.0028416977902554572,0.021682702770772888,0.024524400561028347,0.11587226294008551,0.991055575451719,0.020054813108429288,0.01414340566766906,-0.043258033927747616,-0.006109516592608808,-0.04276240349135506,-0.006039516592608809,-0.30464091385827474,0.25038475726496356,-0.08366834863461925,0.015293939186263502,3.0714355006447098e-06
M,200,1,0.007,0.01,14.777714752898035,451.0155165555622,0.2855173577933256,75.59666963867728,75.88218699647061,0.003762640075286779,0.0007222645485380013,0.021590757012664004,0.022313021561202004,0.032369643284613614,1.3990350531872957e-09,3.7042368122951884e-07,3.7182271628270615e-07,0.003762640075286778,0.0007223850135404152,0.021581402663801902,0.022303787677342316,0.032388445585601694,1.0209691815407966,0.05029581979468102,0.016899840399983643,0.0008504711954332713,0.0029787022477592863,0.0008704574104788046,0.0030487022477592883,0.05922365436966782,-0.06946266102379825,0.0024232069394045652,0.02317859838251012,2.080006793630165e-06
M,200,2,0.007,0.01,60.785755952167634,438.33608839912404,3.500970963815801,162.96823320927388,166.46920417308968,0.02103074248000607,0.0029114677342926723,0.02108761811096403,0.0239990858452567,0.1213157764868827,1.7154757722697427e-08,7.985443427254423e-07,8.156991004481397e-07,0.021030742480006064,0.002911919512031182,0.021127555771743523,0.024039475283774703,0.12113074339840373,0.9956113962355231,0.02883777415655228,0.011375284973662664,0.003104449862763567,0.0008867396773208153,0.003349517830230673,0.0009567396773208153,0.03074924134251664,0.279565117405449,0.009120367459820589,0.020518472365514136,3.0268417136568728e-06
M,200,3,0.007,0.01,64.88910518474937,437.6108827751124,5.392377589193646,174.54872864837978,179.94110623757342,0.02996745825311407,0.0032361789171309148,0.021057391647612195,0.02429357056474311,0.13321133295356477,2.6422650187048868e-08,8.552887703770611e-07,8.8171142056411e-07,0.02996745825311407,0.0032372965968221847,0.021112846584118605,0.02435014318094079,0.13294774378805557,1.036440268163567,0.024497745274633505,0.010983580626625538,0.007794693150594521,0.001445502103972676,0.008172159581838074,0.0015155021039726757,0.059005516130884055,0.38999748382882526,0.018825565218319795,0.020828466097147957,3.12654251017784e-06
M,200,4,0.007,0.01,66.1086818001068,437.74948936488266,5.443735784076926,181.06018356457415,186.50391934865107,0.029188318417589863,0.003124125827507725,0.02107905774610312,0.024203183573610842,0.12907912787613668,2.6674305341976945e-08,8.871948994664136e-07,9.138692048083905e-07,0.02918831841758986,0.0031225426206386688,0.021132764169774224,0.024255306790412892,0.12873647188304702,0.9813964311195359,0.023956079160829345,0.010789817986563288,-0.011499151245700872,-0.002112363954058204,-0.011118089740815483,-0.002042363954058203,-0.08817653088708007,0.3772802055117662,-0.019874176663893017,0.020980187735191613,3.154615916051257e-06
M,200,5,0.007,0.01,63.30761920658558,438.6522121504167,3.3768842333569493,173.54964261794686,176.9265268513038,0.019086364794777322,0.0030916093222790398,0.021147294940135137,0.024238904262414176,0.12754740432194428,1.6546732743449053e-08,8.503932488279397e-07,8.669399815713887e-07,0.019086364794777322,0.0030910321077128244,0.021193757870413478,0.024284789978126303,0.12728263701258963,1.0129642730985404,0.03025758192866875,0.01103863947408182,-0.00424115213541898,-0.0012559364912556876,-0.004004770239083997,-0.0011859364912556888,-0.041508157995457685,0.32580383592511597,-0.0053906949485602595,0.020955621199368724,3.1716553671513115e-06
M,200,6,0.007,0.01,61.8029478472302,437.77037921728396,2.9505041761529975,158.23696300735693,161.18746718350994,0.018304798925799143,0.0031290418514742895,0.021115216870697704,0.024244258722171994,0.12906320986472153,1.4457470463149694e-08,7.753611187360493e-07,7.89818589199199e-07,0.018304798925799146,0.0031294104142864576,0.021149233220372342,0.0242786436346588,0.12889560312253567,1.0496705385400011,0.03256548639471266,0.01155164419564397,0.0025293238693234067,0.00085725141139141,0.0027358591616541165,0.00092725141139141,0.026323924691344192,0.2374356325421606,0.00818768959012095,0.02126484536940524,3.1448777974724085e-06
M,200,7,0.007,0.01,57.56929863269154,440.1639161628979,3.321647513117818,154.63353627580264,157.95518378892046,0.02102905035112124,0.002763374921208074,0.02122946414629311,0.023992839067501184,0.11517498672973324,1.6276072814277312e-08,7.577043277514331e-07,7.739804005657104e-07,0.021029050351121244,0.002763223945178552,0.0212584698578152,0.02402169380299375,0.11503035413906491,0.9952318775433787,0.02884317957869803,0.011717033517149845,-0.0011946578738234437,-0.00035965823258052293,-0.0009621425479051969,-0.0002896582325805231,-0.012469437760812836,0.20177147995954325,0.0003740591735610366,0.021318124000166153,3.1376680410591158e-06
M,200,8,0.007,0.01,53.030348040081726,445.2221804485543,6.288222404335146,154.18689095557855,160.4751133599137,0.03918503170165654,0.0026545212167230162,0.021434152929094306,0.024088674145817324,0.11019789634972244,3.0812289781242225e-08,7.555157656823349e-07,7.863280554635771e-07,0.039185031701656554,0.0026542097177064423,0.02146333515824024,0.02411754487594668,0.11005306432967743,1.0397578087854171,0.020546088460932307,0.011790424369677846,-0.0024450807596852423,-0.0003888349683687374,-0.002004905191381787,-0.0003188349683687382,-0.018925011887693074,0.2030479527160651,-0.0022356403026471128,0.021129544117240374,3.149016186306499e-06
M,500,1,0.007,0.01,16.914518243136037,366.45253630870377,0.30330760821083214,66.62908244422037,66.9323900524312,0.0045315520329281146,0.0008491223578025399,0.017536860579038232,0.01838598293684077,0.04618313639904003,1.4862072802330783e-09,3.2648250397667983e-07,3.279687112569129e-07,0.004531552032928117,0.0008488771749538622,0.01753627223724171,0.018385149412195573,0.04617189427847508,1.0490025068484512,0.052910697406958924,0.016223479649080552,-0.0017619218282709371,-0.005809026152242801,-0.001740690295696179,-0.005739026152242801,-0.10978925693538079,-0.006534459289287864,-0.002674721298739413,0.022850366944897563,2.368755030181163e-06
M,500,2,0.007,0.01,80.9854513289623,394.3125103233166,14.371014251639313,237.63714046313797,252.00815471477728,0.05702598897208077,0.003862849320115419,0.019121818458699324,0.022984667778814742,0.16806200364905236,7.041796983303267e-08,1.1644219882693763e-06,1.234839958102409e-06,0.057025988972080784,0.003860897935198154,0.019135107743479447,0.0229960056786776,0.16789428517049215,0.9835855194099768,0.016394952918565027,0.00897030968231117,-0.014441449193557377,-0.0010049011809942384,-0.013435478195942626,-0.0009349011809942385,-0.061293325207193855,0.08660616279894216,-0.02502004906699895,0.02215014374927289,4.223321767469084e-06
M,500,3,0.007,0.01,102.90392328476543,387.7497535827196,16.513234987903807,289.8170045861141,306.33023957401787,0.0539066434017976,0.00500508846931918,0.018524501055315765,0.023529589524634943,0.21271465293004652,8.091485144072867e-08,1.420103322471959e-06,1.5010181739126878e-06,0.05390664340179759,0.005002572287410047,0.018550118789795633,0.02355269107720568,0.2123991806716109,1.0180868703738972,0.017409640316264165,0.00799486855731492,-0.018550691146957034,-0.001123383223247637,-0.017394764697803777,-0.0010533832232476376,-0.064526503870282,0.17284022255282702,-0.03209629382459411,0.02230249495293545,4.549747598285727e-06
M,500,4,0.007,0.01,106.13425066397154,386.5987275607828,10.562889401329599,319.60110406569345,330.16399346702303,0.03199285691455821,0.005334833837123104,0.01836342198155986,0.023698255818682963,0.22511504128997073,5.175815806651504e-08,1.5660454099218977e-06,1.6178035679884128e-06,0.031992856914558214,0.005335280535908425,0.018402709073470226,0.023737989609378653,0.22475705077402622,1.0582106917534144,0.022473415549556005,0.007580060494429385,0.00282100448039923,0.0002670675014399126,0.003560406738492304,0.0003370675014399128,0.011883707701261676,0.26943604643173247,0.010976842797921549,0.022528729642806743,4.642336678070387e-06
M,500,5,0.007,0.01,104.41255221247249,389.93838420033876,6.854009241528874,329.1677825169451,336.021791758474,0.020397514118534917,0.005380267548359359,0.018463375879362774,0.023843643427722133,0.22564787821411214,3.3584645283491494e-08,1.6129221343330316e-06,1.646506779616523e-06,0.02039751411853492,0.005380751364714436,0.018506563520160512,0.023887314884874947,0.2252555965644108,1.0882684473096695,0.028017513734421344,0.007489397729438842,0.003215940784235797,0.0004692057846596134,0.0036957214311428223,0.000539205784659614,0.016746874441009498,0.2969622761671665,0.011812149116831705,0.022321533465481373,4.739785834600881e-06
M,500,6,0.007,0.01,93.76392760585102,388.8426059811279,3.884417784714013,279.64896037208877,283.53337815680277,0.013700037046664075,0.0046347810415495894,0.01852409971750564,0.02315888075905523,0.2001297510777747,1.903364714509867e-08,1.370279905823235e-06,1.3893135529683336e-06,0.01370003704666408,0.00463462452045285,0.01856002533066075,0.0231946498511136,0.19981437746215153,1.0376004843737023,0.03454233120046284,0.00813882949946762,-0.0012539624563188845,-0.00032281863739103605,-0.0009820532113889052,-0.00025281863739103647,-0.009345594989451969,0.24682380892346054,0.002126856128911836,0.02302511397045468,4.557675520989524e-06
M,500,7,0.007,0.01,80.69241216343124,403.49189445812027,5.150782624849112,282.9884801170079,288.139262741857,0.017876017922152043,0.003931034657259084,0.01926065465516737,0.023191689312426454,0.16950186785887894,2.5238834861760662e-08,1.386643552573339e-06,1.4118823874350996e-06,0.017876017922152047,0.003929664809462278,0.019297871323304603,0.02322753613276688,0.16918130218377894,1.020558595873993,0.027625924803580535,0.008249946721549025,-0.00996490451190922,-0.0019346389156154951,-0.009604349728169783,-0.0018646389156154952,-0.07002983354840489,0.2559287470332904,-0.015998774366558166,0.023222894911571965,4.533863801188434e-06
M,500,8,0.007,0.01,67.3170606434861,407.59815890187826,23.442424494469293,262.30886348897377,285.75128798344304,0.08203786117607138,0.003431459196890871,0.019474040384174676,0.02290549958106555,0.14980940209343568,1.1486788002289958e-07,1.2853134310959715e-06,1.4001813111188711e-06,0.0820378611760714,0.0034288162445574866,0.019502805737634472,0.02293162198219196,0.14952349411743343,1.0669150514284202,0.0120986846375342,0.008616314652831834,-0.01969871581005283,-0.000840301983896772,-0.01805774609543999,-0.0007703019838967725,-0.06945399513017075,0.19628600020498815,-0.035965972423209536,0.023378451219656062,4.374329838316514e-06
M,900,1,0.007,0.01,17.932104457337317,277.9366341939383,0.3183331597833452,66.0299342399769,66.34826739976025,0.004797912172526385,0.0008815148990357978,0.013349834447079434,0.014231349346115231,0.06194176515499756,1.559832482938391e-09,3.235466777758869e-07,3.251065102588253e-07,0.004797912172526383,0.0008815066314510581,0.013352296887483975,0.014233803518935034,0.061930504399502345,1.023453960312887,0.05262279221588664,0.014218949363817564,-7.019583730384524e-05,-0.00022051060389567935,-4.7912516119011784e-05,-0.00015051060389568158,-0.004190401052666072,0.01527781233405081,0.0007411232244282084,0.022551367899460818,2.887812753492716e-06
M,900,2,0.007,0.01,92.95350448368934,344.97527210832686,25.02546227135325,272.8707754567332,297.8962377280865,0.08400731228501104,0.004678451396957037,0.016834810273733385,0.021513261670690422,0.21746825137775083,1.2262476512963103e-07,1.337066799737993e-06,1.459691564867624e-06,0.0840073122850111,0.004672684767686315,0.01684575286130819,0.021518437628994504,0.2171479569404341,1.0313737973257127,0.01367288014301026,0.007854627623781599,-0.04206610025608515,-0.00168093199637868,-0.04031431789709043,-0.0016109319963786802,-0.12293913051216147,0.06861086267902919,-0.07945374911520986,0.02197975030228256,5.293288189605867e-06
M,900,3,0.007,0.01,126.16945371104713,343.05571660326484,24.828748215054894,367.3615226198686,392.19027083492347,0.06330791470731191,0.005959106179586173,0.016302721794092666,0.022261827973678837,0.267682698232683,1.2166086625376896e-07,1.8000714608373564e-06,1.9217323270911253e-06,0.0633079147073119,0.005963764530536432,0.016319043362472314,0.022282807893008745,0.2676397229277182,0.9938742630645673,0.01549220195196796,0.00666167169173871,0.03240492917146553,0.001305137451585933,0.03414294154651938,0.0013751374515859334,0.08424479977942341,0.10372497799153188,0.07076896452250736,0.02178650630395837,5.983243200131969e-06
M,900,4,0.007,0.01,127.85482727590112,350.1117332070777,15.409963162924832,464.68516668292784,480.0951298458527,0.032097728564488066,0.006053472025401193,0.016467106533473705,0.022520578558874897,0.2687973583616325,7.550881949833169e-08,2.276957316746347e-06,2.352466136244679e-06,0.03209772856448806,0.006056207850792276,0.016494448398553845,0.022550656249346122,0.26856016001609184,1.0066460185235313,0.019819900486434897,0.005952908988215239,0.019002261225600343,0.0012331152920156423,0.020080958647005098,0.0013031152920156433,0.06221601833266565,0.17903505545286647,0.04405799447660819,0.021863928755523943,6.241354380304573e-06
M,900,5,0.007,0.01,126.49739999765755,355.5521891594469,10.37842188993973,512.9116644729606,523.2900863629004,0.019833018359041336,0.006147150734856999,0.016562283781094176,0.022709434515951175,0.27068708956796,5.085426726070468e-08,2.513267155917508e-06,2.5641214231782124e-06,0.019833018359041336,0.006149026714929434,0.016599103341920652,0.022748130056850085,0.27030910670733543,1.0432187851063222,0.02433723696719029,0.005682491868615387,0.013036612894120777,0.0012561267052323003,0.013763102426416565,0.001326126705232301,0.05161336543362421,0.24504495478968463,0.03222037652309773,0.02181907279649551,6.494182722961824e-06
M,900,6,0.007,0.01,111.75098470586474,357.9666037486202,7.347005085880992,454.83006684868883,462.1770719345698,0.015896515712317948,0.005349051722214408,0.016882608401990778,0.022231660124205185,0.24060514115140308,3.6000324920816864e-08,2.228667327558576e-06,2.2646676524793928e-06,0.015896515712317944,0.005352231663758514,0.016915575054772224,0.022267806718530736,0.24035737921618094,1.0149120361937696,0.02698256478079352,0.006092495124860058,0.02245672299417516,0.003056581931232233,0.02297101335018683,0.0031265819312322326,0.11327988855262347,0.21955703895632622,0.05026249771056435,0.022675023964889934,6.243907330133393e-06
M,900,7,0.007,0.01,93.47331728240444,381.0899416635375,9.038502290621421,474.2365597823022,483.2750620729236,0.018702604375761395,0.0044161747054488375,0.018067112555960697,0.022483287261409534,0.19642033009242335,4.4288661224044974e-08,2.323759142933282e-06,2.368047804157327e-06,0.018702604375761392,0.004418239614646236,0.018106123665381994,0.02252436328002823,0.19615380731156004,0.9965459451590213,0.022104204341287667,0.006172297624723177,0.014433003829813102,0.001596835777182814,0.015065698990156605,0.0016668357771828144,0.07224126924126106,0.2620525019883058,0.03328218236507574,0.0229617393711619,6.31692449788623e-06
M,900,8,0.007,0.01,78.82142580523038,379.52254067883945,42.80729832144688,437.7496078458655,480.5569061673124,0.08907852071642675,0.003974847431149133,0.018004831250561324,0.021979678681710458,0.1808419262496612,2.0975576177508967e-07,2.1449730784447416e-06,2.3547288402198314e-06,0.0890785207164267,0.003968295905690526,0.018039629026118213,0.02200792493180874,0.18031213383298234,1.0629790283122402,0.009636100528894093,0.006413301315518743,-0.04829486585988011,-0.001128192335270173,-0.04529835497737883,-0.001058192335270173,-0.11707975979362806,0.2332343034174744,-0.09261488428862918,0.023315073264946463,6.101065801587982e-06
M,1300,1,0.007,0.01,17.213448194893182,215.38794166025323,0.352190552557312,66.81544107514765,67.16763162770496,0.00524345646887514,0.0008244846139912893,0.010320493179312324,0.011144977793303612,0.07397812981616488,1.7257337075308292e-09,3.273956612682235e-07,3.291213949757543e-07,0.005243456468875141,0.0008240350636031333,0.010323173098733839,0.011147208162336972,0.07392299951725108,0.9996215577409898,0.048384073230662586,0.012428302227001479,-0.0032234008704541336,-0.009152434234957478,-0.0031987475317751222,-0.00908243423495748,-0.18916212761428447,0.01680374114462522,-0.005622317126916965,0.022629974305129582,3.358975552143986e-06
M,1300,2,0.007,0.01,99.61941915922395,306.92599421567684,32.33381799761561,299.2427465904591,331.5765645880747,0.09751538996064052,0.004703469908344313,0.014910386776400093,0.019613856684744406,0.23980341979365316,1.5843570818831652e-07,1.4662894582932501e-06,1.6247251664815667e-06,0.09751538996064049,0.004698643138851069,0.014925826033823322,0.01962446917267439,0.2394277826069089,0.9718945051502954,0.012060927038007733,0.007058828630092973,-0.03560860858165968,-0.0011012806648532988,-0.03334524132182659,-0.001031280664853299,-0.09130978583842028,0.09980691403526423,-0.06651374725497305,0.022163874325951516,6.13805339734753e-06
M,1300,3,0.007,0.01,142.42496965659723,307.32453353868857,30.36823096335815,420.13829754504525,450.5065285084034,0.06740908076050597,0.006688609610363406,0.0146147595966446,0.021303369207008007,0.3139695672252211,1.488043317204549e-07,2.0586776579707222e-06,2.207481989691177e-06,0.06740908076050595,0.006686329738735973,0.01463293543245561,0.021319265171191582,0.31362852729892,0.9875413018551473,0.014840829557844125,0.00589793120198454,-0.0173476854225308,-0.0005712445167932981,-0.01522190925509572,-0.0005012445167932978,-0.038491414146816796,0.11512255823597022,-0.028006761234703248,0.02214766674471972,6.941389060632634e-06
M,1300,4,0.007,0.01,145.03576794418188,318.34824216214326,18.844209948902957,557.5375647072032,576.3817746561061,0.032693972602007085,0.006959182927031702,0.015072935832065142,0.022032118759096844,0.31586535108695907,9.23366287496245e-08,2.731934067065296e-06,2.8242706958149206e-06,0.032693972602007085,0.006958195133182317,0.015100079033172818,0.022058274166355134,0.3154460353836501,1.0134159595882568,0.019217202171591813,0.005199503300945014,-0.007715217700964224,-0.0004094211283935189,-0.006396123004541012,-0.00033942112839351865,-0.02130492902857386,0.1743661931471852,-0.008471252474897994,0.022071968928013806,7.300219095642777e-06
M,1300,5,0.007,0.01,141.10571188209775,327.96859338404414,15.213246127348382,653.5707822646632,668.7840283920116,0.022747621775487514,0.006873624667973305,0.015338204239338233,0.022211828907311538,0.3094578432355335,7.454490602400707e-08,3.2024968330968507e-06,3.2770417391208577e-06,0.022747621775487507,0.006875893562325359,0.015371563176690044,0.022247456739015403,0.30906425138775945,1.0415951778253616,0.02125602054617527,0.004844410577859846,0.01567392461449721,0.0010302814063016229,0.016738851843411597,0.0011002814063016228,0.04847009834524308,0.21540314656222875,0.038221473896966174,0.02200136149231194,7.757170549561509e-06
M,1300,6,0.007,0.01,124.20797836886942,333.4488769759029,12.133835919495496,598.2502263158382,610.3840622353337,0.019879018261157178,0.00598474790072291,0.015757177531475076,0.021741925432197984,0.275263012900412,5.945579600552792e-08,2.9314261089476074e-06,2.9908819049531353e-06,0.01987901826115717,0.0059849408381228075,0.0157899496032847,0.02177489044140751,0.27485515273784067,1.019640785500676,0.02220873753495385,0.00513213153007058,0.0009534400278060186,7.857696726178089e-05,0.0018028085421707219,0.00014857696726178242,0.003538110490887215,0.21314746929058384,0.007891627956331249,0.02292596655040314,7.496441544225579e-06
M,1300,7,0.007,0.01,103.97001807464895,360.44905443416303,16.259361900705493,649.6054223625638,665.8647842632693,0.024418413895690983,0.005057379369614598,0.017100137753728553,0.02215751712334315,0.22824666416647388,7.967087331345697e-08,3.1830665695765633e-06,3.26273744289002e-06,0.024418413895690997,0.00506054659418502,0.017135168123737072,0.02219571471792209,0.2279965596286406,1.025325349594563,0.01763644374615924,0.005130680652051329,0.02205395497934647,0.001356385023842144,0.023192110312395833,0.001426385023842143,0.07690807984673946,0.2274807388495754,0.04916528932831099,0.023144265122447032,7.751671702635934e-06
M,1300,8,0.007,0.01,88.55293053534534,355.30229157063457,62.558161510828384,617.275130999266,679.8332925100945,0.09201985575000285,0.004284813165227762,0.016851946932064973,0.021136760097292734,0.20271854085038205,3.065349914030592e-07,3.0246481418964046e-06,3.331183133299464e-06,0.09201985575000285,0.004282266277859348,0.01688852077365645,0.0211707870515158,0.20227241752699712,1.0201801693400028,0.008276066208583038,0.005224992257807241,-0.020381588284404582,-0.0003258022261552023,-0.016002516978646592,-0.0002558022261552023,-0.039366797938048835,0.23963709606842912,-0.03647836340358168,0.023476836029230924,7.622711187017133e-06
PD,10,1,0.0022,0.01,5.960401671240417,505.32812838046783,1.6719035665094548,103.92583992998533,105.59774349649479,0.015832758458185728,3.944358862389214e-05,0.002822518403844933,0.002861961992468825,0.01378200993852709,8.092013261905762e-10,5.030010652611292e-08,5.110930785230349e-08,0.015832758458185724,3.958726628388981e-05,0.002819997911290283,0.002859585177574173,0.013843709428327732,1.184779643886529,0.004857162107146686,0.005211426530952084,0.003247010424351441,0.001942103892469374,0.003283792302814649,0.001964103892469374,0.39984333436428215,-0.05842710593583077,0.006533464437326719,0.0024808782156742655,5.326642481878007e-06
PD,10,2,0.0022,0.01,93.25153246150305,418.78252372517295,20.394956623396844,85.53618544469589,105.93114206809274,0.19253031946249505,0.0003375730518946823,0.0025565877477750844,0.002894160799669767,0.11663935602099251,9.871159005724077e-09,4.139951375523282e-08,5.12706727609569e-08,0.19253031946249508,0.00033875069726588687,0.002555211804157455,0.002893962501423342,0.1170542801087708,0.5929794446217256,0.004068389193262688,0.005467079790138861,0.02654032300451937,0.001301317943185652,0.0269890120502341,0.001323317943185652,0.31986073145132077,-0.0322123438951071,0.05341821906093003,0.0024799584855002086,5.326895363561858e-06
PD,10,3,0.0022,0.01,187.8156854466697,324.2638647003869,43.18406451193725,66.2223544826672,109.40641899460445,0.39471234785654524,0.0003813787374781272,0.001878046757639262,0.002259425495117389,0.1687945622912928,2.0901087223777635e-08,3.205161956961094e-08,5.2952706793388574e-08,0.3947123478565452,0.0003823593272224109,0.0018772776964514732,0.002259637023673884,0.16921272010348945,0.3506039227696085,0.0029717788009737296,0.00532538353865678,0.02181110584227055,0.0005050730191513438,0.02276115526153316,0.0005270730191513437,0.1699564647899945,-0.018207109258148203,0.04400359042200819,0.002479797584407651,5.346424161822327e-06
PD,10,4,0.0022,0.01,254.12841993762444,258.3090904037814,58.26971212658229,53.451196591514176,111.72090871809647,0.5215649675175243,0.000430851260159107,0.0014930445803430328,0.0019238958405021398,0.22394729022682128,2.8202540669265832e-08,2.587037915029287e-08,5.40729198195587e-08,0.5215649675175243,0.0004320070003024521,0.0014927078026808357,0.0019247148029832878,0.22445247453432882,0.2933195743106182,0.002719206861769549,0.0052851543075595146,0.02562585460626992,0.0004397800104212212,0.02690778827305473,0.0004617800104212212,0.16173098729790286,-0.008242000939717081,0.05168256047270603,0.0024794741307784204,5.325982652382894e-06
PD,10,5,0.0022,0.01,312.10347783774864,200.13695338159073,65.20503666640465,41.39150518835703,106.59654185476168,0.6116993622105193,0.00046074004937078986,0.001170736168318442,0.0016314762176892319,0.28240684379902675,3.155923774653987e-08,2.0033488511164798e-08,5.159272625770467e-08,0.6116993622105196,0.0004626726029344858,0.0011706408934286238,0.0016333134963631096,0.28327238093894186,0.2523629556928347,0.0026581985117831975,0.005318313177959235,0.043204416498850706,0.0006625932398426326,0.044638927305511604,0.0006845932398426325,0.24926401730551917,-0.002620644962031543,0.08686957304706766,0.002479334454320743,5.3304862069572575e-06
PD,10,6,0.0022,0.01,352.29291623030525,159.87040221001286,67.58783444095023,32.87749062243232,100.46532506338255,0.6727478799109021,0.00046790442835074636,0.0009688514151336729,0.0014367558434844193,0.3256673223029912,3.271251186941992e-08,1.591270546125725e-08,4.862521733067717e-08,0.672747879910902,0.00046883512074254944,0.0009688437856656393,0.0014376789064081887,0.3261055849486303,0.2191614345309015,0.0026311421502701934,0.005428492694307715,0.020408633634855497,0.0003019572058146944,0.02189556599255641,0.0003239572058146945,0.11476278686945371,-0.0005350493976142394,0.041285171698049794,0.0024791476410726846,5.3322793749017755e-06
PD,10,7,0.0022,0.01,377.45770677349606,134.68524458088837,76.77127291020093,27.926682046168153,104.69795495636909,0.733264302461246,0.0005069834045731909,0.0008617365447998758,0.0013687199493730667,0.37040696660073624,3.7157296088537265e-08,1.351651411034539e-08,5.0673810198882654e-08,0.7332643024612461,0.0005080210193293474,0.0008617600361494153,0.0013697810554787627,0.37087753352800246,0.20992828348696074,0.002569789208395429,0.0055549171414651655,0.022737669546996707,0.0002961741897075599,0.02442663755102114,0.00031817418970756005,0.11525232837773898,0.00022670080521012756,0.045982322498588246,0.002479061125388121,5.351362278719302e-06
PD,10,8,0.0022,0.01,394.81055536909855,117.36007526473247,77.18866302633751,24.15435163981965,101.34301466615716,0.761657458884674,0.0005407445728542208,0.0007777794002574337,0.0013185239731116545,0.41011356932562176,3.735931290474737e-08,1.1690706193672708e-08,4.9050019098420075e-08,0.7616574588846741,0.0005424907180772959,0.0007778620446264763,0.0013203527627037722,0.41086801451939436,0.20666520208222489,0.0026467890262366744,0.005674538227065462,0.038836043412967494,0.0005031314430166547,0.04053419399954693,0.0005251314430166548,0.1900912532239224,0.0016125832465620077,0.07821283139880109,0.0024789872489490612,5.318896839966436e-06
PD,50,1,0.01,0.01,16.399445296995502,485.52549195123447,3.9868913274086104,92.64462263342584,96.63151396083445,0.04125870706138921,0.0006285864059479467,0.03853170635704292,0.03916029276299087,0.016051626829051785,3.986891327408611e-08,9.264462263342586e-07,9.663151396083447e-07,0.04125870706138921,0.0006272462696988414,0.03849619070741473,0.039123436977113575,0.016032494028215567,0.48298052703561895,0.012556404365941277,0.020393840231339916,-0.006900025811896894,-0.0017306781763679914,-0.006501336679156032,-0.001630678176367991,-0.13783230660063667,-0.18221047927262993,-0.013171465217845402,0.05124678776560901,1.2857179931561056e-06
PD,50,2,0.01,0.01,94.4041485395081,413.111293712651,18.72557431610758,82.97375180118019,101.69932611728777,0.1841268278858776,0.000740429928361011,0.01694386676754839,0.0176842966959094,0.041869345504267734,1.8725574316107582e-07,8.297375180118019e-07,1.0169932611728777e-06,0.18412682788587761,0.0007394094996538858,0.016948516062576,0.017687925562229884,0.0418030648677532,0.1912262133674909,0.006288171952395311,0.014290120796737454,-0.006038422251431551,-0.0003224692684719075,-0.004165864819820773,-0.00022246926847190645,-0.051281878249062746,0.01909778754798665,-0.011336414574508069,0.05117439477868291,1.358643366872551e-06
PD,50,3,0.01,0.01,110.47906380562108,398.22184202404696,21.590974166398055,83.11232658035668,104.70330074675473,0.20621101734528904,0.000600457848207846,0.01166914623748424,0.012269604085692087,0.048938649039870476,2.1590974166398057e-07,8.311232658035667e-07,1.0470330074675472e-06,0.20621101734528907,0.000598987301196465,0.011677684040053798,0.012276671341250264,0.048790692896032495,0.18547634737764657,0.005273575206977851,0.011849139742196146,-0.00843228376522474,-0.0003905467025359082,-0.0062731863485849595,-0.00029054670253590936,-0.07405729267293798,0.03853339651877223,-0.016264109682243344,0.05114751365875389,1.3964666107092657e-06
PD,50,4,0.01,0.01,101.52082280819113,408.2030177562982,21.593074500296805,86.63079227210659,108.2238667724034,0.19952229710760014,0.0005380858632088089,0.009886225825585156,0.010424311688793965,0.051618359012350526,2.1593074500296811e-07,8.66307922721066e-07,1.0822386677240342e-06,0.19952229710760017,0.0005372273543235977,0.009894381100468617,0.010431608454792215,0.0514999538807267,0.21884777609390285,0.004991930721612036,0.010682652964729108,-0.0053721981510706,-0.0002487926465032461,-0.0032128907010409375,-0.00014879264650324693,-0.04983896219274932,0.036444834803699123,-0.010206310438928057,0.05113530113592039,1.4071965154891118e-06
PD,50,5,0.01,0.01,99.47186007674918,411.2701294166209,19.277939084191946,88.18851858071454,107.46645766490649,0.17938563811513086,0.00048263243912270454,0.00883739632612161,0.009320028765244315,0.051784436644928405,1.9277939084191948e-07,8.818851858071454e-07,1.074664576649065e-06,0.17938563811513086,0.0004827878030002111,0.00884674567992964,0.009329533482929852,0.0517483327417778,0.22579748765724597,0.005003546642221794,0.010010508584144678,-0.00018707756667683448,-9.704230616136736e-06,0.0017407163417423512,9.02957693838628e-05,-0.001939470401704426,0.042337343111108344,0.00010847730577623338,0.0511258583795412,1.4244267572226573e-06
PD,50,6,0.01,0.01,98.60626881273676,412.25189454404426,17.925426317262747,88.50190617544573,106.42733249270847,0.1684287851383558,0.0004736179407425463,0.008106970343787191,0.008580588284529737,0.05519644167014164,1.7925426317262756e-07,8.850190617544575e-07,1.064273324927085e-06,0.16842878513835582,0.00047249653914013,0.008115296534528376,0.008587793073668505,0.05501955334588546,0.24424613230838907,0.005140191817998635,0.009570904433881451,-0.006503279327944466,-0.0003627963549007258,-0.004710736696218207,-0.0002627963549007267,-0.07058031446032355,0.03720585839715695,-0.012532940715143326,0.051121935828139044,1.426524522054713e-06
PD,50,7,0.01,0.01,96.21603651606995,414.61759386694473,17.269881989638655,88.98726508436997,106.25714707400861,0.16252913300608476,0.0004773768343233725,0.008101427781140105,0.008578804615463478,0.05564607841317316,1.7269881989638657e-07,8.898726508436998e-07,1.0625714707400864e-06,0.16252913300608474,0.00047745771369322635,0.008111302541800853,0.00858876025549408,0.055590993285416834,0.2539218300570341,0.0052575811553758085,0.009541504352067789,-0.0004590972502124266,-2.6583693535825516e-05,0.0012678909487514427,7.34163064641747e-05,-0.005056259285440422,0.04492444004952985,-0.00044081766609949113,0.05111560408322334,1.437510797867895e-06
PD,50,8,0.01,0.01,96.04347010735327,416.0912745964164,18.465823369728156,88.37198669365212,106.83781006338027,0.1728397779659984,0.00046836443137378617,0.007968430368147386,0.008436794799521172,0.055514498396994086,1.8465823369728158e-07,8.837198669365212e-07,1.0683781006338028e-06,0.17283977796599842,0.00046846018212663135,0.007980723143154666,0.008449183325281297,0.055444433395701584,0.25464308682230535,0.005036253875937428,0.009495745835559389,-0.00044453740426096276,-2.407352195243634e-05,0.0014020449327118562,7.592647804756385e-05,-0.00478004535622331,0.05704527570172079,-0.00042071037714919157,0.0511117750160927,1.4375766473788521e-06
PD,100,1,0.01,0.01,21.75948201882138,470.945574231274,5.4958327074374544,86.59735688211664,92.0931895895541,0.05967686353281473,0.0005418536760062862,0.03184014276641593,0.03238199644242222,0.01673317693582437,5.495832707437454e-08,8.659735688211666e-07,9.209318958955411e-07,0.05967686353281472,0.0005419779408879298,0.03181958770595695,0.03236156564684488,0.016747580966953942,0.36832329295081445,0.00992942865873007,0.019174991708737394,0.0003465327728464475,6.305373385501496e-05,0.000896116043590194,0.00016305373385501514,0.006350187510494613,-0.10710517013898656,0.001234919221698938,0.0512249516731184,1.1856401647065777e-06
PD,100,2,0.01,0.01,106.15299936957888,398.5211269276566,21.941453872912803,101.30034528053845,123.24179915345125,0.1780358127163738,0.00045233844711942107,0.009562611664264666,0.010014950111384088,0.04516632055962453,2.1941453872912808e-07,1.0130034528053845e-06,1.2324179915345125e-06,0.17803581271637384,0.0004524904661975431,0.009593022565514475,0.010045513031712017,0.045044037548814655,0.1775849115230268,0.004540451602267166,0.00971589464683377,-0.0003369773030352449,-1.5358020712166693e-05,0.0018571680842560485,8.464197928783391e-05,-0.0033824874830728374,0.146989488985016,-0.00022161615894944475,0.05116902987807733,1.4937824899292954e-06
PD,100,3,0.01,0.01,110.0627494761321,398.4134620121148,23.055854188625432,101.8066894009943,124.86254358961973,0.18464988399084756,0.0003398973776156241,0.00714128896224887,0.007481186339864494,0.045433620040238244,2.305585418862544e-07,1.018066894009943e-06,1.2486254358961973e-06,0.18464988399084764,0.00034063329822987565,0.00716957158351816,0.007510204881748035,0.045356059334374865,0.17229189750557436,0.0038395762665134545,0.008375295631738998,0.0025268103618257733,0.00010959517444694681,0.0048323957806883115,0.00020959517444694658,0.028543559715891568,0.13632277187640104,0.005393518101268313,0.051140424085475124,1.6081229476224636e-06
PD,100,4,0.01,0.01,100.62600007135973,407.7698040954341,19.832825954850676,102.08416549544548,121.91699145029615,0.16267483079203313,0.0003110008874152132,0.007112840607804842,0.007423841495220055,0.04189217773782691,1.9832825954850681e-07,1.0208416549544549e-06,1.2191699145029616e-06,0.16267483079203315,0.00031132274393063525,0.007134988402560194,0.007446311146490829,0.041808989418519016,0.177183552306157,0.0039599391622342,0.008347229358763246,0.0006176412793667697,3.114237379851095e-05,0.0026009238748518305,0.00013114237379851062,0.007864356628383251,0.10563476550198427,0.0015462834461494879,0.05114041712858101,1.6464152482996841e-06
PD,100,5,0.01,0.01,92.31444344728928,416.8118630269196,17.37487784948495,109.81417331632518,127.18905116581013,0.13660671017062762,0.0002906738548904597,0.007332834848175169,0.0076235087030656285,0.03812861848948523,1.737487784948495e-07,1.0981417331632518e-06,1.2718905116581014e-06,0.1366067101706276,0.0002906122665228385,0.007356170267238542,0.00764678253376138,0.03800451565606235,0.178979990940428,0.004090177026746211,0.00817159348755929,-0.0011766857305804883,-6.77233958577366e-05,0.000560802054368026,3.227660414226452e-05,-0.016557570837370684,0.11118638665104547,-0.002062697606270092,0.05113418308692637,1.6758971409085071e-06
PD,100,6,0.01,0.01,81.77661421044814,426.3646279956485,14.755073173364746,107.63590068604167,122.39097385940642,0.12055687366548998,0.0002741036918274786,0.00769203793651068,0.007966141628338159,0.034408588827043014,1.4755073173364745e-07,1.0763590068604168e-06,1.2239097385940642e-06,0.12055687366548996,0.0002736637177574582,0.007710445877476229,0.007984109595233687,0.03427604725276173,0.1857913582025464,0.004310094166525827,0.008453608558315737,-0.002937624008770457,-0.00019909247309415825,-0.0014621166914339657,-9.909247309415713e-05,-0.046192139986268026,0.0866579097934331,-0.005601144325716234,0.051133935739595814,1.683277910713984e-06
PD,100,7,0.01,0.01,71.89230109876449,435.063008918106,12.666111435305112,108.15244842310598,120.81855985841109,0.10483580875445543,0.0002761532263384569,0.008028197659811137,0.008304350886149593,0.033254041179671116,1.2666111435305113e-07,1.0815244842310598e-06,1.208185598584111e-06,0.10483580875445545,0.00027515726521023615,0.008046241432662613,0.008321398697872849,0.033066227830253224,0.20816218578735446,0.004669317529739623,0.008615705595977869,-0.005613111212868833,-0.00044315978440099835,-0.004346500069338324,-0.00034315978440099847,-0.09490889869417608,0.08481124183621769,-0.010950069199399337,0.05112858510316489,1.7152472129456967e-06
PD,100,8,0.01,0.01,65.91932392869856,442.7162953242216,12.790038914876657,110.80868697943957,123.59872589431623,0.10348034595286079,0.00025845743923144616,0.008369240333227994,0.00862769777245944,0.02995670989501634,1.2790038914876655e-07,1.108086869794396e-06,1.2359872589431626e-06,0.10348034595286075,0.00025784974721984035,0.008388307696765126,0.008646157443984967,0.029822467250954755,0.20740334707809402,0.004495299020083856,0.00869072715123658,-0.0036779620037725755,-0.0002875645671018699,-0.0023989581122849137,-0.0001875645671018702,-0.06397006424202359,0.08979638333668097,-0.007097466568311006,0.05112009380092457,1.7259442119168865e-06
PD,200,1,0.01,0.01,27.612584319105604,438.90182981253577,9.235493192141897,74.04208339016877,83.27757658231067,0.11090011946989876,0.0005219266749523026,0.02758207883456873,0.02810400550952103,0.018571255786848075,9.2354931921419e-08,7.404208339016879e-07,8.327757658231069e-07,0.11090011946989876,0.0005233112525944338,0.027576766931068968,0.0281000781836634,0.018623124433108245,0.3007757612004221,0.007517521875648485,0.01930074987145534,0.006461113551049478,0.0006995959410751311,0.007384662870263669,0.0007995959410751313,0.09306204260493513,-0.030261621668310965,0.013444153777051326,0.05119864476399619,1.158429447208055e-06
PD,200,2,0.01,0.01,97.66733808622334,401.1176618207934,22.169771575594012,135.5706974267432,157.74046900233722,0.1405458707953095,0.00032018790414447114,0.008332116875937308,0.008652304780081778,0.037006082458117574,2.2169771575594014e-07,1.3557069742674323e-06,1.5774046900233724e-06,0.1405458707953095,0.00032216802212966806,0.008357164210187168,0.008679332232316836,0.03711898721080176,0.15782362051102777,0.003800334738087824,0.007839615474809158,0.00879210134720511,0.00039658060152879753,0.01100907850476452,0.000496580601528798,0.10435412374446285,0.118458136377968,0.017904390598559417,0.051138140096100855,1.7568849219039581e-06
PD,200,3,0.01,0.01,95.19778895100944,409.6212853519023,20.243019497973957,139.26062159126775,159.5036410892417,0.1269125855669217,0.0002877948667948432,0.007628479672797178,0.007916274539592021,0.036354836527647164,2.024301949797396e-07,1.3926062159126776e-06,1.595036410892417e-06,0.12691258556692173,0.0002878706711654893,0.007650985609422457,0.007938856280587946,0.036260975257782324,0.16233071609951166,0.003770542801041801,0.007401245874349909,-0.0006331291216683274,-3.1276417124021186e-05,0.001391172828129068,6.872358287597879e-05,-0.008294937565853783,0.10556665204683302,-0.0009784633765477224,0.05111431089115314,1.9834073647667367e-06
PD,200,4,0.01,0.01,86.42598893860401,416.72867593547284,17.20582216122799,137.83057734648392,155.0363995077119,0.11097924239637755,0.0002967821536454831,0.008787665608773662,0.009084447762419144,0.03266925644872127,1.7205822161227986e-07,1.3783057734648395e-06,1.5503639950771193e-06,0.1109792423963775,0.00029608535015274374,0.008812317787326747,0.00910840313747949,0.032506834149051235,0.16284457229165453,0.004153184037365283,0.007984798732738866,-0.004344308571758161,-0.00025249061225029567,-0.0026237263556353543,-0.00015249061225029525,-0.060794467564811286,0.11636936389809999,-0.008391834989872393,0.051105502252011756,2.0147983499039603e-06
PD,200,5,0.01,0.01,75.80789595701984,427.80064302823257,14.665666304928461,146.92435185413873,161.5900181590672,0.09075849159501771,0.00029580304173915757,0.010158846220120124,0.010454649261859282,0.028293923050896418,1.4665666304928467e-07,1.4692435185413874e-06,1.615900181590672e-06,0.09075849159501775,0.00029504958385884086,0.01018269541386172,0.01047774499772056,0.02815964541254145,0.16431803748501492,0.0044910761425519035,0.00831524981670079,-0.004500572716830313,-0.0003068781617728392,-0.003034006086337478,-0.00020687816177283996,-0.06833065217158978,0.11189975111526555,-0.008705342391923665,0.05110055433980325,2.0684560711284786e-06
PD,200,6,0.01,0.01,64.75084051041691,444.47241363377486,12.00350486566977,155.07551949607372,167.0790243617435,0.07184327842183787,0.0003101265538940736,0.011829446375085087,0.01213957292897916,0.02554674334166653,1.2003504865669773e-07,1.5507551949607377e-06,1.6707902436174354e-06,0.07184327842183787,0.00031019209933818,0.01187120125167419,0.01218139335101237,0.025464418593165332,0.1799591506213234,0.005082945348713054,0.008733947712072868,-0.00027244802275144505,-2.2697372625777917e-05,0.0009279024638155354,7.730262737422237e-05,-0.004465397730771321,0.20102060697071028,-0.00023476949160894378,0.051086519875058356,2.108688419531591e-06
PD,200,7,0.01,0.01,61.064087632325766,439.59594112333906,12.185149326432665,144.09159064923517,156.27673997566785,0.07797161195152831,0.00032666615831869223,0.013070393112861211,0.013397059271179904,0.024383422638237093,1.2185149326432668e-07,1.440915906492352e-06,1.5627673997566788e-06,0.07797161195152831,0.00032648262625789234,0.013099000641811843,0.013425483268069735,0.02431812842330798,0.17992159666870783,0.005177697153405425,0.009524123254939856,-0.001526917770321455,-0.00012530972985363298,-0.00030840283767819866,-2.5309729853633806e-05,-0.02420182682396082,0.1358330652206887,-0.002727169382326977,0.05110296290338544,2.106508960264021e-06
PD,200,8,0.01,0.01,56.32614561923544,446.6574741303106,13.042878619144016,152.31550169347642,165.35838031262043,0.07887642945271739,0.00035565388638333846,0.01461987946737733,0.01497553335376067,0.023748996311642307,1.3042878619144017e-07,1.5231550169347643e-06,1.6535838031262045e-06,0.07887642945271738,0.00035670849920727563,0.014653026209178315,0.01500973470838559,0.023765143497705584,0.1929071561517199,0.005221881991910177,0.009797151940508252,0.004620920188729104,0.00035428683526553956,0.005925208050643506,0.0004542868352655396,0.06784658018208886,0.15811793392022874,0.00959749426384171,0.05110248625973091,2.1369296270080356e-06
PD,500,1,0.01,0.01,44.38004426686811,357.93258433015296,20.015020339843375,73.5845860660086,93.59960640585197,0.2138365865883813,0.00044076247393155517,0.01834171829247982,0.018782480766411376,0.02346668043551354,2.0015020339843373e-07,7.358458606600861e-07,9.359960640585198e-07,0.21383658658838126,0.00044336097345109866,0.018344020618368186,0.018787381591819283,0.02359886987360465,0.19381085531244657,0.004692716176369948,0.015787980592177005,0.011991746580724908,0.0005991373666932156,0.013993248614709245,0.0006991373666932156,0.127673898052935,0.007832400138525287,0.02442425563538464,0.05119026611134127,1.4562657817147842e-06
PD,500,2,0.01,0.01,143.3534949316139,344.11097110375215,45.086276774540735,198.72488975299137,243.81116652753212,0.18492293612585384,0.00032976952942363465,0.0069815798202339,0.007311349349657535,0.045103785040593244,4.5086276774540734e-07,1.987248897529914e-06,2.4381116652753216e-06,0.1849229361258538,0.00033618638203146856,0.0070008974897096754,0.007337083871741144,0.045820163420278455,0.11338276682030567,0.0027044756518984116,0.00592721555446193,0.02982994920044258,0.0006616192627661577,0.03433857687789664,0.0007616192627661574,0.2446386464236544,0.08665210289123143,0.05998966793031002,0.05113793359051582,2.5881510830264636e-06
PD,500,3,0.01,0.01,156.47521311149524,340.6807173480041,44.6182863653236,189.24078141864308,233.85906778396668,0.19079134620745553,0.00037053039148795023,0.006910335637629692,0.007280866029117643,0.05089097780485521,4.46182863653236e-07,1.8924078141864312e-06,2.338590677839667e-06,0.19079134620745553,0.000374413418442165,0.006929336530484434,0.007303749948926599,0.05126317591105251,0.11674188323087037,0.0028817445095436255,0.006042855433715656,0.0171842204528085,0.00038513851276376486,0.02164604908934086,0.00048513851276376496,0.13364769551508862,0.08554242520276636,0.03473897129710224,0.051110790755420465,3.023381000580847e-06
PD,500,4,0.01,0.01,159.25099046223147,334.59174268252866,39.57638079473065,184.6675579717433,224.24393876647395,0.17648807371308803,0.00038726438057823376,0.008016338535783095,0.008403602916361328,0.04608313653471804,3.9576380794730654e-07,1.8466755797174336e-06,2.24243938766474e-06,0.17648807371308797,0.00039106762632164823,0.008032548537677512,0.00842361616399916,0.04642514790654785,0.1014996584928313,0.003128136810185147,0.006588593624255272,0.01703740967733552,0.00043049438415561093,0.02099504775680859,0.000530494384155611,0.1376200627651356,0.07181663157349619,0.034462083735249394,0.05109892360496129,3.120630348018363e-06
PD,500,5,0.01,0.01,154.29182266167112,342.0890387398868,35.13229899043102,215.93587051870816,251.06816950913918,0.13993131450760093,0.0004196599586718096,0.00937908337924342,0.00979874333791523,0.0428279366240749,3.5132298990431015e-07,2.159358705187082e-06,2.510681695091392e-06,0.1399313145076009,0.0004217484879128573,0.009406937886790421,0.009828686374703278,0.04290995478280175,0.09920495993960779,0.0034561730682974526,0.00659049147277631,0.00868603125571711,0.00024723776995302596,0.012199261154760225,0.0003472377699530263,0.07153512427397563,0.12847574420907007,0.01779172247010763,0.05107082701596469,3.2944648123100583e-06
PD,500,6,0.01,0.01,145.68032472232434,360.118032257761,32.930968550970306,249.14147011634702,282.07243866731733,0.1167464950016256,0.00045526136184998345,0.011099728369305709,0.011554989731155693,0.03939954707380339,3.2930968550970313e-07,2.4914147011634704e-06,2.8207243866731736e-06,0.11674649500162561,0.0004565583637439651,0.011142623487387558,0.011599181851131523,0.03936125578541791,0.10138936657817878,0.0037181606000779156,0.006674721721680281,0.004838461042360239,0.00014692738341027855,0.008131557897457276,0.00024692738341027876,0.03951614769066178,0.2020185169034141,0.010132183446572185,0.05105563084889453,3.413652850797393e-06
PD,500,7,0.01,0.01,125.40307234844929,370.1951023129486,31.84165172969034,249.88850121878346,281.7301529484738,0.11302180968720776,0.00047136101450183116,0.012888047336046541,0.013359408350548371,0.03528307557740631,3.1841651729690356e-07,2.4988850121878352e-06,2.817301529484739e-06,0.11302180968720778,0.00047349808030454794,0.01293578481836037,0.013409282898664918,0.03531121566177795,0.10796650161058682,0.003847503609983279,0.007181586985354726,0.009093246427098887,0.00028557709582069217,0.012277411600067938,0.0003855770958206927,0.07422399684816236,0.2261929865082095,0.018657853868699448,0.051064737089031274,3.2903240376802885e-06
PD,500,8,0.01,0.01,97.28305162379468,401.6743018787173,39.63920437639501,293.76449570022316,333.4037000766182,0.11889251489196334,0.0004822573033468286,0.01696937248994954,0.01745162979329637,0.02763394072982664,3.963920437639501e-07,2.937644957002232e-06,3.334037000766182e-06,0.11889251489196334,0.00048726467004519186,0.01702464764300471,0.0175119123130499,0.027824755020163138,0.11734102910297527,0.003488003742391359,0.007600343809143837,0.02305487327299626,0.0005816179622092856,0.027018793710635737,0.000681617962209285,0.16674809007244096,0.2616875404908202,0.04659200384933371,0.051064458231356614,3.2990372866165185e-06
PD,900,1,0.01,0.01,53.804574272836845,289.270779468809,28.738930862429974,76.9760972986607,105.71502816109069,0.2718528421393126,0.00038057914242822956,0.013531282869758599,0.013911862012186828,0.027356448913512885,2.8738930862429977e-07,7.697609729866073e-07,1.057150281610907e-06,0.2718528421393126,0.000383405568502402,0.013534600832231828,0.013918006400734229,0.027547448784200578,0.15121378233221408,0.003639043003512154,0.01325841297157514,0.012695183827740753,0.0004417416879045072,0.015569076913983747,0.0005417416879045071,0.12138952122252158,0.012741007501204289,0.025770946797909033,0.051190209129519146,1.764549354694003e-06
PD,900,2,0.01,0.01,191.33161735886438,283.672625508367,86.27523345578865,232.5044696633893,318.77970311917795,0.2706421789455462,0.00035352751200679196,0.005611460668190547,0.005964988180197339,0.05926709346724913,8.627523345578864e-07,2.3250446966338937e-06,3.1877970311917803e-06,0.2706421789455461,0.00036212740373897613,0.005627181282704438,0.005989308686443414,0.06046230419858615,0.09340668929536085,0.002024270456839157,0.004912723351143253,0.03868569698813084,0.0004483986358374231,0.04731322033370972,0.0005483986358374234,0.2215112285626029,0.06697784908628615,0.07772492148824028,0.05114986978722354,3.304494420984442e-06
PD,900,3,0.01,0.01,218.60258451080983,269.4898283483916,85.61167624220427,208.4953706098567,294.107046852061,0.29109019031858785,0.0003755580178415939,0.005192571905248548,0.0055681299230901414,0.06744778283355334,8.561167624220426e-07,2.0849537060985683e-06,2.9410704685206107e-06,0.29109019031858774,0.00038101061549465577,0.005204626946721986,0.005585637562216641,0.06821255608705357,0.08916237014324258,0.0020944597505355646,0.004990488411045441,0.022982404453198907,0.0002684494155701299,0.031543572077419355,0.0003684494155701301,0.12817119808651653,0.04985043883669811,0.04634036692425525,0.05112456870079266,3.921179486155376e-06
PD,900,4,0.01,0.01,226.41450737265154,255.96093867870763,72.6643619207243,201.9067435771905,274.5711054979148,0.26464679081563497,0.0004105706680900034,0.006036985729547467,0.00644755639763747,0.06367849193850336,7.266436192072432e-07,2.0190674357719058e-06,2.7457110549791492e-06,0.2646467908156349,0.0004141594118292095,0.006049252833330225,0.006463412245159434,0.06407751758978099,0.07688422017150341,0.0023770221438119236,0.0054680775146357915,0.014310500599993883,0.00019693974077149976,0.021576936792066296,0.0002969397407714995,0.08285145398590033,0.051240181734932534,0.0290315718681029,0.051110086529145886,4.10868367548134e-06
PD,900,5,0.01,0.01,223.85531868923556,265.5950852991258,62.090764921669766,272.3388286316255,334.42959355329526,0.1856616941759219,0.0004704218352710796,0.007187856189195578,0.007658278024466657,0.06142658098441667,6.209076492166979e-07,2.723388286316255e-06,3.3442959355329528e-06,0.18566169417592196,0.0004727864740869712,0.007209575185485474,0.007682361659572446,0.061541814228163225,0.07764986578985825,0.002752518400430694,0.005137418048354198,0.008718655833375187,0.00014041791632578784,0.014927732325542148,0.00024041791632578756,0.05101434246681739,0.09497804001789681,0.017907733502028123,0.05107632700228866,4.464897398277824e-06
PD,900,6,0.01,0.01,212.96076553880624,285.1221002656276,57.796033122543164,323.1470473760383,380.9430804985815,0.15171829095018405,0.0005236776187457358,0.009007919869686312,0.009531597488432048,0.054941222537071385,5.779603312254319e-07,3.2314704737603826e-06,3.8094308049858145e-06,0.15171829095018413,0.0005274117279997785,0.0090399507473565,0.009567362475356278,0.05512613631586466,0.07783425647033809,0.0030101143277510827,0.005279735438454807,0.015780744614086385,0.00027304200239187617,0.02156034792634067,0.0003730420023918756,0.09070818336520507,0.14399703598214827,0.03208516684692597,0.0510685217005932,4.594256910364476e-06
PD,900,7,0.01,0.01,181.80602048624917,307.24722934971885,58.30383535065039,348.42003498562275,406.72387033627314,0.14334992264517363,0.0005148875247571406,0.010798176768298471,0.011313064293055612,0.04551264904179835,5.83038353506504e-07,3.484200349856228e-06,4.067238703362732e-06,0.14334992264517366,0.0005191721520793897,0.010836263207567722,0.011355435359647111,0.045720145079098384,0.08058266966267254,0.002971718188880886,0.0055670312133766055,0.018507944843712668,0.0003174395772148154,0.024338328378777703,0.00041743957721481536,0.10682021545736116,0.17301119459697395,0.0375307772121829,0.05105366269680908,4.488874776734403e-06
PD,900,8,0.01,0.01,144.46486892604355,352.8886992404508,101.72090749738832,466.25969639541745,567.9806038928058,0.17909222040368472,0.0005675750819738194,0.015177146578368847,0.015744721660342666,0.03604859420305984,1.0172090749738832e-06,4.662596963954174e-06,5.679806038928058e-06,0.17909222040368472,0.0005787024511479338,0.015231525248266797,0.01581022769941473,0.03660304343177527,0.09135003016360127,0.002362144967537935,0.005705334684835334,0.05055080049570179,0.0004969558543999391,0.06072289124544063,0.0005969558543999392,0.21038330044489886,0.24858036466997527,0.10166917607338632,0.05105503429257586,4.524937885795375e-06
PD,1300,1,0.01,0.01,56.70709664431635,242.38420032652792,35.3981548049443,81.32890814577298,116.72706295071728,0.30325576528803405,0.00029908680613551837,0.010989085656861592,0.01128817246299711,0.02649559148001431,3.539815480494431e-07,8.132890814577296e-07,1.1672706295071727e-06,0.3032557652880342,0.00029964658512362873,0.010994162956956582,0.01129380954208021,0.026531931852326662,0.11633290985177329,0.0029067542453387373,0.011624072455882041,0.0010289872003054071,2.906895023131775e-05,0.004568802680799851,0.00012906895023131814,0.01000048431267715,0.02132005506767023,0.002357061206744504,0.051190387283449476,2.0233326840046173e-06
PD,1300,2,0.01,0.01,228.88693183928933,235.01673865049872,128.85800750472754,238.10360024157205,366.9616077462996,0.3511484710787894,0.00035654349940534587,0.004518475500904066,0.004875019000309412,0.07313684303234848,1.2885800750472753e-06,2.381036002415721e-06,3.669616077462996e-06,0.3511484710787894,0.00035976419146122463,0.004526830322732311,0.004886594514193536,0.07362268148426444,0.08102114724524792,0.0016634147780131487,0.004356251899826254,0.009660559904158511,7.497058266871064e-05,0.022546360654631278,0.00017497058266871074,0.04507028773560531,0.0298689291291533,0.019677663307703597,0.0511493599948635,3.827856326269252e-06
PD,1300,3,0.01,0.01,263.61747101466693,215.86608559865914,124.82052960054739,203.99969403761287,328.82022363816026,0.3796011334689139,0.0003563545269055252,0.004021612811500048,0.004377967338405573,0.08139725570344415,1.2482052960054743e-06,2.0399969403761287e-06,3.288202236381603e-06,0.379601133468914,0.0003600528435181698,0.004030346462352277,0.004390399305870447,0.08200913366507223,0.07255916084371508,0.0016896553572157296,0.004440024533576241,0.012250556583195321,9.814536617013038e-05,0.02473260954325002,0.00019814536617013007,0.05808602668644663,0.03346826955925972,0.024857467693308877,0.05112320065191146,4.599280414038225e-06
PD,1300,4,0.01,0.01,272.47790340772974,199.66150765427244,101.13535480360547,197.21172959791107,298.34708440151655,0.33898556443574007,0.00041390410336870345,0.00461347439357979,0.0050273784969484935,0.08233000630844366,1.0113535480360546e-06,1.972117295979111e-06,2.9834708440151657e-06,0.33898556443574,0.0004175486686571996,0.004623557253713594,0.005041105922370793,0.08282878302640975,0.06574075307378471,0.0020230115615093042,0.0048366836895961775,0.013166058702300715,0.00013018255315233587,0.023279594182661185,0.0002301825531523351,0.06435086957941598,0.0405537141891255,0.026746021507975115,0.051104147522248025,4.82521041451875e-06
PD,1300,5,0.01,0.01,271.861064145132,210.1093982218066,87.19170349474277,289.0109218168809,376.2026253116237,0.231767929377203,0.0004547177604703121,0.005551852183960047,0.006006569944430359,0.07570339889106807,8.719170349474279e-07,2.8901092181688097e-06,3.7620262531162375e-06,0.23176792937720303,0.00045780640595051187,0.005567436519935394,0.006025242925885905,0.0759814021744525,0.06329982203375834,0.002283670160836477,0.004382902601793468,0.011083642226262498,0.0001271180832810634,0.019802812575736746,0.00022711808328106307,0.05566394195670612,0.06347113378588577,0.022622002212983716,0.051080135932028814,5.305996191250907e-06
PD,1300,6,0.01,0.01,263.49048831507156,226.32729670957139,81.99946331849294,346.456739002394,428.4562023208869,0.19138353669363029,0.0005204295967737234,0.0071901139351570505,0.007710543531930774,0.06749583795468232,8.199946331849294e-07,3.464567390023941e-06,4.28456202320887e-06,0.19138353669363023,0.0005240231100723426,0.007215185423000856,0.007739208533073199,0.06771016801433256,0.06217248244886004,0.002519274486526088,0.00455557687268554,0.013867593327171347,0.00016911809865521223,0.022067539659020682,0.00026911809865521274,0.0671296833908777,0.10803460226891624,0.0282556162511014,0.051074503381194486,5.460491721178919e-06
PD,1300,7,0.01,0.01,229.9410137229528,251.81831187075716,88.98214630849162,391.9774084167646,480.9595547252562,0.1850096238535522,0.0005400981004191407,0.008812243343647571,0.009352341444066712,0.0577500408479834,8.898214630849163e-07,3.919774084167646e-06,4.809595547252563e-06,0.1850096238535522,0.000540405705842873,0.008841265205359964,0.009381670911202837,0.057602287583714315,0.06712078622369284,0.0024636833382311466,0.0047414668886758765,-0.0029110801967632965,-3.271532905793137e-05,0.005987134434085918,6.728467094206923e-05,-0.013279031663793302,0.12551043814113838,-0.005282062293119338,0.05105921655163151,5.37801247350373e-06
PD,1300,8,0.01,0.01,191.3104526318092,303.033006467722,192.36597213114112,563.8580191578383,756.2239912889794,0.25437697606400245,0.0006246652041368974,0.0129012388664827,0.013525904070619599,0.046182879966875486,1.9236597213114115e-06,5.638580191578383e-06,7.562239912889795e-06,0.25437697606400245,0.0006261262474391608,0.012943160879432326,0.013569287126871487,0.04614289915048172,0.07669501453938805,0.0018020196886641686,0.004783335328223837,-0.0023130820952401167,-1.2024382844920336e-05,0.016923515117874016,8.797561715507978e-05,-0.006672725564854385,0.18141716379022788,-0.004001498986355045,0.05105722105610357,5.466221154489808e-06
SPD,10,1,0.0022,0.01,6.1652555548203924,505.12941615948546,1.702939588874715,104.02379859925931,105.72673818813402,0.01610699070129679,1.5571558131439534e-05,0.0020490742500076193,0.0020646458081390586,0.007541999731893362,8.242227610153626e-10,5.034751852204152e-08,5.117174128305688e-08,0.016106990701296797,1.5549411070352877e-05,0.002047889117264399,0.0020634385283347517,0.007535679331771348,0.6226241371074176,0.0030238929661698475,0.004438257478273467,-0.0005220746329017585,-0.0003065726091004438,-0.0004846099619465146,-0.0002845726091004437,-0.10138341949608018,-0.028079096857771258,-0.0010285777076719516,0.0024796481239958007,5.325539780120029e-06
SPD,10,2,0.0022,0.01,84.9273604883402,427.0595790611059,17.734450182530693,87.29019242703227,105.02464260956296,0.16885989556241435,5.9905927826072296e-05,0.0011421660727007877,0.00120207200052686,0.04983555710457937,8.583473888344858e-09,4.224845313468361e-08,5.083192702302847e-08,0.1688598955624144,5.986715318351291e-05,0.0011415474812770563,0.0012014146344605692,0.049830550974096506,0.26374326876586757,0.001837917593722083,0.003617278127576934,-0.0010763208283575082,-6.0690961224032604e-05,-0.0006861629243418313,-3.869096122403251e-05,-0.033021589994752444,-0.015019088110599038,-0.0020927357288904602,0.0024788936245123197,5.324679062652417e-06
SPD,10,3,0.0022,0.01,158.41840164061227,353.5756481469091,35.61245817277132,72.21079342363649,107.8232515964078,0.3302855149098265,5.7518670360981054e-05,0.0008224868465641177,0.0008800055169250988,0.06536171564237674,1.723642975562132e-08,3.495002401704007e-08,5.2186453772661394e-08,0.3302855149098264,5.7417188507262245e-05,0.0008220128274465993,0.0008794300159538616,0.06528909346468631,0.1560833564782373,0.0012708767744535883,0.003374919530354124,-0.0026981428062371818,-7.57640147486403e-05,-0.0019146687264362154,-5.376401474864037e-05,-0.05961554752719037,-0.011567480489443654,-0.00533876694211699,0.0024788696418940647,5.344517825120967e-06
SPD,10,4,0.0022,0.01,201.15038881281419,311.2354164364,42.7032930514937,64.12864923643814,106.83194228793184,0.3997240164032629,5.769170734653997e-05,0.000674051954210139,0.000731743661556679,0.07884141725779925,2.066839383692296e-08,3.103826623043606e-08,5.170666006735902e-08,0.39972401640326294,5.752856639507031e-05,0.0006737318530202471,0.0007312604194153174,0.07867042283112702,0.1324305412743141,0.0011623208075538674,0.0032420569538004905,-0.004177485120604277,-9.782583079873637e-05,-0.0032380126734714177,-7.58258307987364e-05,-0.08416422571373663,-0.007980442184596356,-0.008297278533866859,0.0024787716505885364,5.336906259122499e-06
SPD,10,5,0.0022,0.01,241.4010348741241,270.7276864524655,49.7726693200273,55.750633257343075,105.52330257737037,0.47167467378623457,4.4249816429891686e-05,0.0005626769317985493,0.0006069267482284409,0.07290800176306698,2.408997195089322e-08,2.698330649655406e-08,5.107327844744728e-08,0.47167467378623457,4.415551345707025e-05,0.0005624631635672145,0.0006066186770242848,0.07278957132291292,0.08819539448556069,0.0009428883512233227,0.0031769081071005576,-0.002690748744825537,-5.4060768320955734e-05,-0.0015957500197849423,-3.206076832095585e-05,-0.0573352807369146,-0.0054716258598006455,-0.005337247673224965,0.0024787300006732134,5.337917183888313e-06
SPD,10,6,0.0022,0.01,271.93589427135817,240.14784575440058,51.571320730093916,48.93283210552322,100.50415283561713,0.5131262666771897,3.882612602946158e-05,0.0004849629640604738,0.0005237890900899354,0.07412549586092959,2.496051923336546e-08,2.3683490739073243e-08,4.8644009972438705e-08,0.5131262666771897,3.878760981965516e-05,0.00048474089997744543,0.0005235285097971006,0.07408882055857424,0.0707013400665665,0.0008676766355401688,0.0031481405294863335,-0.0014426529327228905,-2.7973938078359998e-05,-0.0003080838766608209,-5.9739380783599305e-06,-0.03224004995933182,-0.0055851721310770635,-0.0028464797394107677,0.0024788055123636894,5.329881331893125e-06
SPD,10,7,0.0022,0.01,292.5821878908292,219.39663523453322,59.66474444683993,45.128678856271804,104.79342330311174,0.5693558103762056,4.0288187019276284e-05,0.00043199795361554936,0.00047228614063482565,0.08530461420087984,2.887773631227054e-08,2.1842280566435563e-08,5.07200168787061e-08,0.5693558103762056,4.038930424498231e-05,0.00043177849569981687,0.0004721677999447992,0.08554014960296784,0.0699323487090076,0.0008217315651112113,0.0030939588619843827,0.0016418065771305263,2.7517197841907165e-05,0.0029544309549610053,4.951719784190717e-05,0.03348684535220823,-0.005484095370428478,0.00332390134128957,0.0024788017183229724,5.342611453999769e-06
SPD,10,8,0.0022,0.01,299.2549503213745,212.7297651999611,59.354888119183414,43.47696526026792,102.83185337945133,0.5772033292073696,3.5417368125070964e-05,0.00041069478312701015,0.0004461121512520811,0.07939117557248054,2.8727765849684784e-08,2.104285118596966e-08,4.9770617035654445e-08,0.5772033292073698,3.5327809225810475e-05,0.00041049785683389557,0.00044582566605970604,0.07924130868921146,0.06130332303337645,0.0007724669325647659,0.00307347710276137,-0.0026883332979582234,-4.529253416433208e-05,-0.0013825257593361913,-2.3292534164332134e-05,-0.058633622042500354,-0.00495384418865032,-0.0053412492277900014,0.0024788894063012754,5.322852774250849e-06
SPD,50,1,0.01,0.01,41.353924412631414,461.9047516394621,11.444338136880571,91.47148775055085,102.91582588743142,0.11120095513199597,0.0007681481335478993,0.03325556441913414,0.03402371255268204,0.022576846437863153,1.1444338136880571e-07,9.147148775055087e-07,1.0291582588743144e-06,0.11120095513199595,0.0007674528610985853,0.03323247152215987,0.033999924383258454,0.022572193174537725,0.2579980103578258,0.008192701831894586,0.019067303972651287,-0.004048579153413194,-0.00035376262960688185,-0.002904145339725147,-0.00025376262960688273,-0.043180215375307175,-0.12003805925889013,-0.007329010173279471,0.05124000976367794,1.3023447228529487e-06
SPD,50,2,0.01,0.01,167.48545597685663,342.71581227885395,32.302234691935936,69.70915771073312,102.01139240266906,0.3166532083439219,0.0006729118039799802,0.0128423092867563,0.01351522109073628,0.049789182097895034,3.230223469193593e-07,6.970915771073315e-07,1.0201139240266907e-06,0.3166532083439218,0.0006740540899263572,0.012846279617362634,0.01352033370728899,0.04985484119840664,0.10721907695920022,0.004564180269349556,0.013573024870985622,0.004096317997288561,0.00012681221706036278,0.007326541466482165,0.0002268122170603631,0.02778422620858375,0.016366195146126583,0.008865547798549755,0.051188804818265606,1.3685453464133608e-06
SPD,50,3,0.01,0.01,188.42154690188056,321.27301586109513,37.11880303675204,66.63160743758974,103.75041047434178,0.3577701800604614,0.0005214421495382104,0.009274922694686797,0.009796364844225008,0.05322812674189063,3.711880303675203e-07,6.663160743758975e-07,1.0375041047434178e-06,0.35777018006046135,0.0005220964121315432,0.00928015235069719,0.009802248762828734,0.053262922086959624,0.09586046251666161,0.0037480561211340677,0.011798179628032373,0.001415372814826027,3.8130885131846496e-05,0.005127253118501234,0.00013813088513184657,0.010173509653934702,0.022816699680083114,0.003352187779185556,0.05118057057829503,1.3823290816063206e-06
SPD,50,4,0.01,0.01,177.1723130315614,335.07694173156494,36.78574907535544,70.68901434845397,107.4747634238094,0.3422733663557534,0.00044592737413681917,0.008191226694294782,0.008637154068431602,0.05162897067758269,3.6785749075355456e-07,7.068901434845397e-07,1.0747476342380942e-06,0.34227336635575345,0.00044706049495045675,0.008197746723264263,0.00864480721821472,0.05171433944859922,0.10295889569229112,0.0034817073519820755,0.01076461519435991,0.0038263166144207918,0.00010401627561212903,0.007504891521956337,0.00020401627561212905,0.02987507710919884,0.029065694129978007,0.008098560602981308,0.05117320070571407,1.388910518966468e-06
SPD,50,5,0.01,0.01,166.71349738494257,345.5582655821671,35.247596109851216,73.02845925311085,108.27605536296207,0.32553454216349614,0.000450760169395586,0.007553365552876504,0.00800412572227209,0.05631597816377515,3.5247596109851226e-07,7.302845925311085e-07,1.0827605536296207e-06,0.3255345421634962,0.00044953311153871816,0.0075601589459142055,0.008009692057452923,0.05612364474367438,0.12369597074705907,0.0035760864987535263,0.010170075631682256,-0.007897669089831241,-0.00022406263012143265,-0.004372909478846101,-0.00012406263012143212,-0.06265581948298271,0.030315542225846072,-0.015344578010271448,0.051171950411943314,1.3841492376335434e-06
SPD,50,6,0.01,0.01,146.12762374835813,365.401846188728,27.126095013577604,75.63815666334034,102.76425167691794,0.26396431220907185,0.0004022472488060466,0.007337449930552453,0.0077396971793585,0.05197196214327686,2.7126095013577606e-07,7.563815666334033e-07,1.0276425167691794e-06,0.2639643122090719,0.0004013834471594596,0.007342948503423398,0.007744331950582857,0.05182931849005394,0.13708386698292502,0.00385081719055478,0.009849226097892702,-0.005675312983613863,-0.00020921968240445818,-0.002962703482256107,-0.00010921968240445835,-0.05433124244838959,0.02371095652154864,-0.010948378718421026,0.051166898925897694,1.3909723284560723e-06
SPD,50,7,0.01,0.01,125.67178394146407,385.41816316298997,25.592443187999514,80.68398785934414,106.27643104734366,0.24081014892755176,0.00040876913381040434,0.007222184423113779,0.007630953556924183,0.053567241729507706,2.559244318799952e-07,8.068398785934417e-07,1.062764310473437e-06,0.24081014892755176,0.00040937328643034796,0.007228052640190644,0.007637425926620992,0.053600950158277476,0.17358169217091834,0.003996530884178392,0.009461077705371794,0.0017411409403183318,6.803340062252305e-05,0.004300385259118292,0.0001680334006225234,0.0170231139441099,0.02530688599136114,0.0038910510144489763,0.05116515963920089,1.3936371221090568e-06
SPD,50,8,0.01,0.01,111.61545441333294,400.6792854290819,22.69304943202865,82.55625326715042,105.24930269917907,0.2156123494413009,0.00038037417914503567,0.007166085178845414,0.00754645935799045,0.050404323551054765,2.2693049432028653e-07,8.255625326715043e-07,1.0524930269917909e-06,0.21561234944130087,0.00038044211329569714,0.007172994191724028,0.007553436305019726,0.05036675996630432,0.1905467829948181,0.004094106016612843,0.009316783329250181,-0.0007949817182953014,-3.503194758714425e-05,0.00147432322490757,6.496805241285603e-05,-0.008556678172229422,0.030417251729712626,-0.0012095892574421896,0.0511646983100032,1.3898554841431957e-06
SPD,100,1,0.01,0.01,57.31611194989226,440.98910233595825,17.770365375302834,80.53928353377019,98.30964890907302,0.18075911746708317,0.000688938568914491,0.027066910577014883,0.027755849145929375,0.024821383244026225,1.7770365375302833e-07,8.053928353377019e-07,9.830964890907302e-07,0.18075911746708315,0.000689210149782353,0.027043868276176455,0.027733078425958808,0.024851555936077987,0.19583618739301067,0.006226472446532076,0.01833223699772856,0.0004693860705436959,2.6413979714567173e-05,0.00224642260807398,0.00012641397971456723,0.004242206151458813,-0.11923846836883399,0.0016277107100037824,0.051230282836422524,1.1881475003882056e-06
SPD,100,2,0.01,0.01,170.55683358409294,338.7770798911821,32.204897177307814,81.9141763956569,114.11907357296471,0.28220433420112595,0.00038418752502575326,0.008033306215602352,0.008417493740628106,0.045641557554289974,3.220489717730781e-07,8.191417639565691e-07,1.1411907357296472e-06,0.2822043342011259,0.00038479738822441137,0.008043496968303832,0.008428294356528244,0.045655428245260754,0.09499348756354667,0.003453907249462652,0.009903019321917585,0.0014390711344260307,4.468485418546928e-05,0.004659560852156821,0.00014468485418546955,0.012937479485710338,0.04685805468761371,0.003262329793884078,0.05120222524743899,1.4063655331005653e-06
SPD,100,3,0.01,0.01,152.09411183751317,358.1085745021036,30.37525606590804,83.92458348735585,114.2998395532639,0.26575064483579725,0.00031780866993217705,0.0061620562830393315,0.006479864952971508,0.049045569967694734,3.037525606590804e-07,8.392458348735586e-07,1.142998395532639e-06,0.2657506448357972,0.0003201418283368845,0.006178247843626752,0.006498389671963637,0.049264793971665034,0.12143458659669876,0.0032346172366478523,0.008568765014222574,0.010147029220241863,0.0003340557590107192,0.01318455482683266,0.000434055759010719,0.10327520524713242,0.0767615737627416,0.020611867110414295,0.05117281668948416,1.4844871571738332e-06
SPD,100,4,0.01,0.01,140.48703108074477,371.9705686485548,28.854926746831765,86.33186378138069,115.18679052821246,0.25050551903140655,0.0003126881756863543,0.006297785626656361,0.006610473802342715,0.04730193100160829,2.885492674683177e-07,8.63318637813807e-07,1.1518679052821247e-06,0.25050551903140655,0.00031432213572935046,0.006311213682981652,0.006625535818711002,0.047441013727777544,0.1314606966215948,0.0032918932339761997,0.00854099324314791,0.006727053877639743,0.00023313363214059676,0.009612546552322921,0.0003331336321405968,0.07082053261460126,0.06282368843738823,0.01376679593096597,0.05116533076773594,1.510570489514062e-06
SPD,100,5,0.01,0.01,131.7505882870597,379.16278193479354,27.51567123084461,92.60208925879914,120.11776048964374,0.22907246287876756,0.00031605102859421226,0.006937920442675027,0.0072539714712692395,0.04356937849094026,2.7515671230844606e-07,9.260208925879915e-07,1.2011776048964375e-06,0.2290724628787675,0.0003161905525603608,0.006952901175377769,0.007269091727938129,0.04349794505207708,0.1310994985640449,0.0033891325004440946,0.008655741244744608,-0.0006781637307992062,-2.464645420094262e-05,0.0020734033922852743,7.535354579905808e-05,-0.0072722014255013874,0.07027355905076807,-0.0010402764330095238,0.05116085084596744,1.5246621900672689e-06
SPD,100,6,0.01,0.01,116.05374221660827,393.3819519712713,23.36183866001892,89.59601952155617,112.95785818157509,0.20681906541168413,0.00032827778532011897,0.008102804675032715,0.008431082460352835,0.03893661186020244,2.3361838660018925e-07,8.959601952155617e-07,1.129578581815751e-06,0.20681906541168416,0.0003288041444831273,0.008113870487589334,0.008442674632072461,0.038945495214756876,0.1373287309435586,0.0037485839146341707,0.009509842562200166,0.0014637038820407104,6.26536251423425e-05,0.003799887748042579,0.0001626536251423415,0.01671394493737963,0.05084926180700771,0.0032556855494050296,0.051160480193360926,1.5369358690488067e-06
SPD,100,7,0.01,0.01,93.08022990970233,414.7173515543499,20.28899422062255,93.48689153774512,113.77588575836768,0.1783242036340762,0.0003201892130837746,0.009407584600170237,0.009727773813254011,0.032914952509228726,2.028899422062255e-07,9.348689153774514e-07,1.137758857583677e-06,0.1783242036340762,0.00031997521665210496,0.009419635045237915,0.00973961026189002,0.03285297953904084,0.15164333371243144,0.00397258400073418,0.010031449852582117,-0.0020844318693795227,-0.00010273707245974876,-5.553244731726706e-05,-2.737072459748727e-06,-0.02586152298875537,0.05557788076149699,-0.0038486745256811616,0.051157422587345826,1.5399685258643037e-06
SPD,100,8,0.01,0.01,72.17066433324786,435.82589531645806,15.48001350178677,95.46368111034866,110.94369461213543,0.13953035867343028,0.00031116213064991154,0.010513875706172371,0.010825037836822283,0.028744669103277148,1.548001350178677e-07,9.546368111034866e-07,1.1094369461213543e-06,0.13953035867343028,0.00031112786399818687,0.010520192248411456,0.010831320112409643,0.02872483324001494,0.17872126348786896,0.004483402201510694,0.010494513989773255,-0.0009453339337123583,-6.106803030909785e-05,0.0006026674164663183,3.893196969090214e-05,-0.01362091277211775,0.02680952713990639,-0.0015795057367746779,0.05115208176917799,1.5546200555561274e-06
SPD,200,1,0.01,0.01,67.43566100667626,417.42106677223535,29.498357078138234,68.12300427845429,97.62136135659253,0.30217113004997204,0.000745969125328593,0.02316275793926239,0.023908727064590983,0.03120070438352108,2.949835707813824e-07,6.812300427845429e-07,9.762136135659254e-07,0.30217113004997204,0.0007529263166220653,0.023155940893562838,0.023908867210184905,0.03149150940540283,0.1993495818999855,0.005028766982862141,0.018439461677757188,0.03331103861345393,0.001129250640136204,0.03626087432126776,0.0012292506401362043,0.22455815590275904,-0.03749137871166166,0.06736804635223947,0.051201954729873336,1.1008804161464903e-06
SPD,200,2,0.01,0.01,159.7150630814079,347.2666231530663,33.8110827836394,99.89224922630882,133.7033320099482,0.2528813775644999,0.0002883850443880666,0.005692182057401456,0.005980567101789522,0.0482203509265493,3.3811082783639404e-07,9.989224922630882e-07,1.3370333200994821e-06,0.2528813775644999,0.0002900681273889104,0.005701931454830868,0.005991999582219778,0.04840923691811284,0.1101567511447955,0.00292049742431666,0.0075487230996313095,0.0067248608650369735,0.00019889516428888275,0.010105969143400902,0.0002988951642888824,0.06810318085982232,0.04375237468573988,0.013738106774468406,0.051181005946850225,1.4787354512588987e-06
SPD,200,3,0.01,0.01,148.21062637702875,360.4956689344222,31.66277000521955,102.4160720229857,134.07884202820526,0.23615038380596148,0.0002562768011394558,0.0047806480427598184,0.005036924843899274,0.050879615853283655,3.166277000521955e-07,1.0241607202298569e-06,1.3407884202820525e-06,0.2361503838059615,0.0002577989028085246,0.004795073046799759,0.005052871949608284,0.05102027230840672,0.1303896836231776,0.002844986396302717,0.006832180447403627,0.006027369845082337,0.00019036141955011316,0.009193646845604286,0.00029036141955011296,0.06691118797527566,0.06700421659855392,0.012311016491310056,0.051154349364956664,1.7077726754276215e-06
SPD,200,4,0.01,0.01,145.42859482832293,361.92932012610095,31.065167351497436,97.04153210108963,128.10669945258707,0.24249447908846336,0.00028339749293773047,0.0058251011635138215,0.0061084986564515515,0.04639396828522134,3.106516735149744e-07,9.704153210108965e-07,1.281066994525871e-06,0.24249447908846336,0.0002841928096694636,0.005833794522349415,0.006117987332018879,0.046452010154078335,0.12107834918199216,0.0030203769911466114,0.007747702100796003,0.0024233252910899755,7.800779772632269e-05,0.005529842026239708,0.00017800779772632236,0.02582717255328744,0.03861471757291339,0.005130048075123739,0.05114612518015482,1.7640953982043662e-06
SPD,200,5,0.01,0.01,134.95186534730058,369.48842286857507,28.2086159479367,101.61961611709373,129.82823206503042,0.21727643902450372,0.00032905731233000594,0.0075849689278974924,0.007914026240227499,0.04157900193170787,2.8208615947936707e-07,1.0161961611709372e-06,1.2982823206503042e-06,0.21727643902450378,0.00033071788910789756,0.007594809211212656,0.007925527100320554,0.041728188538339796,0.11877900516016607,0.003415426030425229,0.008639490432559797,0.006892453092060658,0.00024433857743257347,0.009713314686854315,0.000344338577432573,0.07153970698119694,0.044120435769962316,0.01411396349644889,0.05113633257750216,1.8106249686206115e-06
SPD,200,6,0.01,0.01,113.15831631168014,391.44801610962264,24.185768033136064,104.23454879605882,128.4203168291949,0.18833287933173598,0.0003557697298543839,0.010181049546431046,0.01053681927628543,0.03376443312974845,2.418576803313606e-07,1.0423454879605884e-06,1.284203168291949e-06,0.18833287933173593,0.00035654869626508795,0.010199184805846086,0.010555733502111173,0.03377772811276235,0.12088267516128497,0.003835346054025517,0.009883037200466835,0.0026855436518632573,0.0001110381794857161,0.0051041204551768625,0.00021103817948571607,0.028951280515919095,0.08546456963539972,0.005726857033579336,0.051124315574208934,1.8446473467084881e-06
SPD,200,7,0.01,0.01,89.84220014683892,414.31702412493536,21.31081344576004,116.38346974938011,137.69428319514014,0.1547690503283886,0.00038872915172174073,0.012615669191847069,0.01300439834356881,0.029892128912982947,2.1310813445760043e-07,1.1638346974938013e-06,1.3769428319514017e-06,0.1547690503283886,0.0003904961436186241,0.012639613505219862,0.013030109648838486,0.029968753459678924,0.14209840987242547,0.004270940701682057,0.010411408719131586,0.007769418812129135,0.0003645763608181237,0.009900500156705141,0.0004645763608181238,0.08536207507506245,0.11390239337649838,0.015927566775975066,0.051118220627692126,1.8774383184809943e-06
SPD,200,8,0.01,0.01,72.55655146238338,432.8435265362548,19.39243342074778,124.0331975122883,143.42563093303608,0.13520898109070828,0.0003798827496055557,0.01534677455662202,0.015726657306227576,0.024155339701789423,1.9392433420747779e-07,1.2403319751228832e-06,1.4342563093303608e-06,0.13520898109070828,0.00038251961748686134,0.015373361343258906,0.015755880960745768,0.024277894612168716,0.14766812249659653,0.004425971691507738,0.011123452044925678,0.012214717735490613,0.0006298702937622157,0.014153961077565405,0.0007298702937622165,0.14231231866457017,0.12673227330882347,0.02480931822058352,0.05111577531724415,1.918222800668462e-06
SPD,500,1,0.01,0.01,83.92439573593305,361.074303511904,57.28188425545069,73.91152337030262,131.1934076257533,0.43662166637865607,0.0005602050771251145,0.016176846739616602,0.016737051816741715,0.03347095314389559,5.728188425545067e-07,7.391152337030265e-07,1.3119340762575332e-06,0.43662166637865585,0.0005603832740993569,0.01618101870358751,0.016741401977686865,0.033472899990469276,0.14899151243105124,0.0031272663555369272,0.014794178647860815,-0.0019731093415599477,-3.444560819195111e-05,0.003755079083985118,6.555439180804883e-05,-0.011014606456838584,0.017164243686035353,-0.003386013605997107,0.051193918707297406,1.3509539204210715e-06
SPD,500,2,0.01,0.01,199.4158817337149,303.15505107182327,56.301224420350536,136.7803355244351,193.08155994478562,0.2915929643226969,0.0003145928060075209,0.004786971817940315,0.005101564623947836,0.061665945488714374,5.630122442035055e-07,1.367803355244351e-06,1.9308155994478565e-06,0.29159296432269693,0.00031838232918748085,0.004798128997578917,0.005116511326766398,0.062226448619766166,0.09990632454753266,0.002363825828215255,0.005915869742299844,0.016132554678782038,0.0002865400325636754,0.02176267712081708,0.00038654003256367517,0.12121875865110586,0.04894688141678351,0.03257970216356654,0.051171039902502845,1.9904280417910276e-06
SPD,500,3,0.01,0.01,206.32943954141712,296.19044127492333,56.60091585285403,127.47935398105528,184.0802698339093,0.30747953544355144,0.00029164223328932573,0.004140764781225416,0.004432407014514741,0.06579771043911108,5.660091585285404e-07,1.2747935398105532e-06,1.8408026983390936e-06,0.30747953544355144,0.0002967230558129887,0.00415085186512895,0.004447574920941938,0.0667156958763826,0.10110664387223331,0.0022699352984201426,0.005699284717445184,0.022574066825673113,0.00039882864942254894,0.02823415841095854,0.0004988286494225494,0.17570044824631376,0.04406145181861479,0.04543977588463122,0.051138353886545626,2.536180094766385e-06
SPD,500,4,0.01,0.01,220.91190868747785,275.8647167371456,58.486178850782515,102.43613647768166,160.92231532846418,0.36344355803857487,0.0003246379100682141,0.00472195203950209,0.005046589949570304,0.06432817274877974,5.848617885078252e-07,1.0243613647768166e-06,1.6092231532846418e-06,0.3634435580385749,0.0003300525484428562,0.004729470253943137,0.005059522802385993,0.06523392844226504,0.08585284504756743,0.0023559875596749023,0.006789443690902095,0.02414888293067067,0.00041289896869963784,0.02999750081574891,0.0005128989686996377,0.17525515659200372,0.032469265381347256,0.04862240377140381,0.05112740064004111,2.6383601574942588e-06
SPD,500,5,0.01,0.01,220.76223390408842,274.14773861459406,56.00134685345913,113.62335343075938,169.6247002842185,0.33014853827081087,0.00036093585262606963,0.0057134921792897225,0.006074428031915792,0.05941890343085279,5.600134685345916e-07,1.1362335343075938e-06,1.6962470028421854e-06,0.3301485382708109,0.0003666013880007067,0.0057250089679363745,0.006091610355937081,0.060181358717962825,0.07844915576051495,0.002538725678588685,0.007091155634959628,0.025527609530512106,0.00045583920681963557,0.03112774421585803,0.0005558392068196358,0.1795543373055742,0.05190277556171776,0.051416154913653145,0.05111787633431204,2.7677049569024386e-06
SPD,500,6,0.01,0.01,201.43677501700535,297.456435721892,50.04950833034533,140.64010276848583,190.68961109883116,0.2624658367172689,0.0004139149736973961,0.00796472037046892,0.008378635344166316,0.049401239783706224,5.004950833034533e-07,1.4064010276848588e-06,1.906896110988312e-06,0.26246583671726886,0.00041668274723124257,0.007985716951714206,0.008402399698945448,0.049590921898602223,0.07674060426109201,0.002875780013580788,0.007525418885197765,0.01133639225271483,0.00022650356878414136,0.016341343085749388,0.00032650356878414187,0.07876248103627011,0.09795090108799777,0.02308669947912989,0.051104429614608586,2.8959417476576123e-06
SPD,500,7,0.01,0.01,167.96974898691104,331.2197108138092,48.50475361579848,164.96832580942055,213.47307942521903,0.22721719172458935,0.000480393617429347,0.010296052331114537,0.010776445948543883,0.04457811227589908,4.850475361579849e-07,1.6496832580942058e-06,2.1347307942521907e-06,0.22721719172458932,0.0004804624024057812,0.01032182479526594,0.010802287197671722,0.04447784007347425,0.0920050335132633,0.0031470704340549435,0.007900145449424278,-0.002081312798619463,-4.290946027899334e-05,0.00276916256296038,5.709053972100657e-05,-0.013634731467927545,0.12061390446654631,-0.0036822319798019976,0.05110174619426221,2.939510330021609e-06
SPD,500,8,0.01,0.01,126.05484180783232,381.02941990757984,58.09275564179417,221.38143829232877,279.4741939341229,0.207864471577965,0.0005031693321989076,0.014608416359691113,0.015111585691890021,0.03329692478724751,5.809275564179418e-07,2.2138143829232877e-06,2.7947419393412292e-06,0.207864471577965,0.0005107157700769509,0.014645043230286042,0.015155759000362992,0.03369780227204186,0.10411420872420063,0.0029430395117188476,0.008123271465387969,0.03482755160812641,0.0005995162602179973,0.04063682717230582,0.0006995162602179973,0.2037064938580648,0.1720652810600144,0.07015827254845419,0.05110334709669852,2.978844978031582e-06
SPD,900,1,0.01,0.01,88.15045216650877,312.98083975939835,74.47969194732741,89.94988343397924,164.42957538130665,0.4529580020784674,0.00047377405691541644,0.013420025417468721,0.013893799474384138,0.034099675743047037,7.447969194732743e-07,8.994988343397921e-07,1.6442957538130663e-06,0.45295800207846754,0.00047717883678285143,0.013424643661360293,0.013901822498143144,0.0343249122082078,0.12534619195343644,0.0025221255519115777,0.012214518925398966,0.013299914739807794,0.0001785710224098885,0.02074788393454051,0.00027857102240988815,0.07080179742620084,0.018593725286148895,0.027073603536535984,0.05119297355185812,1.6022996660883887e-06
SPD,900,2,0.01,0.01,227.90689041089453,269.6749852262791,91.38917048287607,186.226667362677,277.6158378455531,0.32919292786789384,0.0003040993241670457,0.00411373165473357,0.004417830978900616,0.06883453115780389,9.138917048287605e-07,1.8622666736267706e-06,2.776158378455531e-06,0.3291929278678937,0.00030943598693431514,0.00412678960507561,0.004436225592009925,0.0697520855322686,0.08747072061598388,0.0018241492114940674,0.004699991187059636,0.022113855312203855,0.00024197457089674985,0.03125277236049143,0.00034197457089674957,0.13265064577615385,0.055978418342062804,0.0445318099485803,0.05116831130891279,2.529427648000124e-06
SPD,900,3,0.01,0.01,249.15071336882272,244.65450908286414,91.91468530433838,142.1580736224888,234.0727589268272,0.3926757035963829,0.0002838438170438005,0.00326022020751671,0.0035440640245605103,0.08008992362348735,9.191468530433838e-07,1.4215807362248884e-06,2.340727589268272e-06,0.3926757035963828,0.00029164315995581163,0.0032710390723041083,0.00356268223225992,0.08186055924802851,0.08549162909842102,0.0017573054944742474,0.004788921328611876,0.034400980294837714,0.0003742707727381403,0.043592448825271586,0.00047427077273814067,0.21297991380270231,0.04698642025587484,0.06908580440672552,0.05113457543482229,3.340991511194564e-06
SPD,900,4,0.01,0.01,273.96437729592435,211.96915173833258,95.05509151976061,106.14509361572165,201.20018513548226,0.47244037800339655,0.00031633365984137514,0.0034826064249389365,0.0037989400847803115,0.08326892574818494,9.505509151976062e-07,1.0614509361572163e-06,2.0120018513548225e-06,0.4724403780033966,0.0003208752756542932,0.0034887086437411933,0.0038095839193954865,0.08422843083220764,0.07027802923628619,0.0018242527551002741,0.0057279898040289,0.01795532448860269,0.00018889387408427283,0.027460833640578733,0.00028889387408427265,0.10354588943673537,0.025203839330488125,0.03622698263704649,0.0511283935111005,3.473953707182721e-06
SPD,900,5,0.01,0.01,281.2020556408438,204.48263033446938,89.29460297180611,122.93128333962022,212.22588631142634,0.42075264485300656,0.0003547503733062887,0.003996168626798407,0.004350919000104696,0.08153458460103541,8.929460297180613e-07,1.2293128333962025e-06,2.122258863114264e-06,0.42075264485300656,0.0003573711650273029,0.004003990465518924,0.0043613616305462274,0.08194027354309183,0.0645530827712861,0.0019931905766582473,0.005701520566272956,0.008639228456480305,9.67497269595124e-05,0.017568688753660914,0.00019674972695951236,0.04854012862218198,0.032962629435609125,0.017633207286280594,0.0511274353799349,3.6788745112937815e-06
SPD,900,6,0.01,0.01,266.0573472843102,225.73376694167342,75.81779527929496,169.99054670086826,245.80834198016322,0.3084427268355826,0.00041842575850257514,0.00587909580917057,0.006297521567673145,0.06644292584093177,7.581779527929494e-07,1.6999054670086834e-06,2.4580834198016327e-06,0.3084427268355825,0.0004197250161167099,0.005894234463138635,0.006313959479255345,0.06647572216700563,0.06038501056305484,0.002349219679929045,0.005880887663092713,0.002705398306710015,3.568289339915468e-05,0.010287177834639501,0.00013568289339915455,0.01518925356535087,0.06719374250527901,0.005829222371914966,0.05110568028103228,3.8802346771374904e-06
SPD,900,7,0.01,0.01,232.44483482256447,259.8983912228056,81.74623167746613,200.00364128489127,281.7498729623574,0.2901375990625119,0.0004570665460083358,0.007858888347574304,0.00831595489358264,0.05496260523984451,8.174623167746613e-07,2.0000364128489132e-06,2.8174987296235743e-06,0.2901375990625119,0.00045977718220331323,0.007878465508953596,0.008338242691156909,0.055140777167703235,0.06502824114609866,0.0023645899898075942,0.006268470813492818,0.00946586939101336,0.00011579578895283424,0.017640492558759987,0.0002157957889528344,0.04897076848500763,0.08788562483220641,0.019388805328034664,0.05109344173059662,3.987874130802823e-06
SPD,900,8,0.01,0.01,182.1988061646708,326.36063790519154,136.8078720667824,321.19289957178347,458.0007716385659,0.2987066409895597,0.0005170986774816963,0.012169466158753944,0.01268656483623564,0.04075955029250691,1.368078720667824e-06,3.211928995717836e-06,4.58000771638566e-06,0.2987066409895596,0.0005329059263394985,0.012203936036519283,0.012736841962858781,0.04183972195725414,0.07611217735207278,0.0019441562668218411,0.006155350612679036,0.07219585068566958,0.0005277170793975025,0.08587663789234784,0.0006277170793975026,0.27143758369802967,0.1562897438481052,0.14490880004882456,0.05109177229905114,4.019084833073187e-06
SPD,1300,1,0.01,0.01,88.10916110628179,276.3808713877863,84.41035110303616,104.04097417813108,188.45132528116724,0.4479159325470218,0.0004068301302676667,0.011950081530385787,0.012356911660653454,0.03292328548103846,8.441035110303619e-07,1.0404097417813107e-06,1.8845132528116726e-06,0.4479159325470219,0.00040629286273464457,0.011954649778839218,0.012360942641573863,0.03286908405902231,0.10678964846773237,0.0021953749352006348,0.0107172467321241,-0.006906855220262913,-8.18247422266021e-05,0.0015341798900407075,1.817525777339794e-05,-0.03727142043694881,0.017639193558246558,-0.013406880310256497,0.05119426710139068,1.8243862270690505e-06
SPD,1300,2,0.01,0.01,253.71437520106133,238.03174864928428,128.16713670930574,216.5024421250422,344.66957883434793,0.3718550884089028,0.00030528504030112797,0.003558860703319635,0.003864145743620763,0.07900453568686343,1.2816713670930575e-06,2.1650244212504227e-06,3.4466957883434803e-06,0.37185508840890275,0.00030946186564007267,0.003569364596622559,0.0038788264622626315,0.07978234361625826,0.08047932887709099,0.001543349979801195,0.004054376678707162,0.014475769859258025,0.00011294447415245248,0.027292483530188608,0.00021294447415245256,0.0731813753397666,0.04169434440836958,0.029256824758817856,0.05117319371618149,2.935132707239836e-06
SPD,1300,3,0.01,0.01,282.6249619433499,202.49786926714415,128.5765990680919,141.75034474645335,270.32694381454525,0.4756336799201948,0.0002698363455104662,0.0026138198499221017,0.0028836561954325678,0.09357438169566151,1.285765990680919e-06,1.417503447464533e-06,2.703269438145452e-06,0.47563367992019484,0.00027562547920831327,0.0026193164319487363,0.00289494191115705,0.09520932981282217,0.07396644322847667,0.0014486692979714007,0.004294135694303685,0.022516838535831127,0.00017512392378574743,0.035374498442640304,0.00027512392378574734,0.12088606007663504,0.020395392895842204,0.045303513417167096,0.051138224795291704,3.936649749163165e-06
SPD,1300,4,0.01,0.01,310.91365861924265,165.39966334370996,128.71212074061407,100.2693843624618,228.98150510307588,0.5621070604923939,0.00029704204522014503,0.0026293200530430306,0.0029263620982631754,0.10150556740618066,1.2871212074061414e-06,1.002693843624617e-06,2.2898150510307585e-06,0.5621070604923942,0.00030240774095694834,0.002633028374659738,0.0029354361156166864,0.10301969760068087,0.06009928327604785,0.0015191450406927013,0.0051207969156685474,0.02039287264698649,0.0001584378575199071,0.03326408472104787,0.00025843785751990684,0.10429409521533406,0.013528138865417157,0.04108278733920656,0.05113610048424207,4.109568836759308e-06
SPD,1300,5,0.01,0.01,317.8100128050677,159.16611647347293,116.38951461282915,119.6307605112707,236.02027512409984,0.4931335435128671,0.0003263227285539702,0.0029701194106474824,0.0032964421392014526,0.09899240295266347,1.1638951461282914e-06,1.196307605112707e-06,2.3602027512409984e-06,0.49313354351286703,0.0003273641948029365,0.0029752874394797027,0.003302651634282639,0.09912162439561763,0.055024544716523884,0.0016744289855136442,0.004982708987936906,-0.0006121444858095074,-5.259447020170262e-06,0.011026806975473378,9.474055297982948e-05,-0.0031410391636029207,0.0198586061355391,-0.0008979662430874669,0.051124353045595136,4.346601113119673e-06
SPD,1300,6,0.01,0.01,305.979764539009,178.48991307317647,97.37675077520862,180.09924227625896,277.4759930514676,0.3509375701455611,0.0003894674122225341,0.004501896716797761,0.004891364129020295,0.07962347556826477,9.737675077520864e-07,1.8009924227625893e-06,2.7747599305146757e-06,0.35093757014556115,0.00039483747620244774,0.004515053237933475,0.004909890714135922,0.08041675450447049,0.05046573115625457,0.0019998983538573743,0.004999675534965203,0.021981482360807884,0.00022573645337121067,0.031719157438328774,0.000325736453371211,0.11287396328709087,0.056777643564757035,0.04435243213384865,0.05111160680177511,4.579554945516352e-06
SPD,1300,7,0.01,0.01,277.15008495311065,207.96541455825047,111.5482978690455,210.23186119423264,321.7801590632781,0.3466599624842298,0.0004339875865841441,0.006181222721066318,0.006615210307650462,0.06560450331900096,1.1154829786904547e-06,2.102318611942327e-06,3.217801590632782e-06,0.34665996248422964,0.0004376383821708685,0.006195736001199517,0.006633374383370386,0.06597522721889647,0.05268403326115645,0.0019724553450963887,0.005422354766187459,0.012676563040170643,0.00011364192266790628,0.023831392827075158,0.00021364192266790596,0.057614446355110226,0.06205480760628683,0.025787113666936534,0.05110020305077313,4.7570931600915544e-06
SPD,1300,8,0.01,0.01,228.55448786718898,278.7838612963433,233.3959418613551,370.5479987535722,603.9439406149273,0.3864529903615137,0.0005400305693157833,0.010145278410365551,0.010685308979681334,0.05053953707306726,2.333959418613551e-06,3.7054799875357236e-06,6.0394394061492745e-06,0.3864529903615136,0.0005521273150574022,0.010171035569940739,0.01072316288499814,0.051489222068037056,0.06492803364560472,0.0015211166565033143,0.005232506165672845,0.04881393161502688,0.00020914644541687863,0.07215352580116231,0.0003091464454168783,0.13749533576054354,0.11025839793826363,0.09816789379937063,0.05109642840382027,4.798407307797701e-06
S,10,1,0.0015400000000000001,0.01,6.177361806564299,505.1187106168938,1.7053136730134055,104.03472494627192,105.74003861928533,0.01612741677874121,1.3781415859634664e-05,0.0011890552292132877,0.0012028366450729225,0.011457429332641557,4.044321906918593e-10,2.4672875368257853e-08,2.5077307558949712e-08,0.01612741677874121,1.3785864471314832e-05,0.0011883940645797252,0.00120217992905104,0.01146738864805115,0.9477247622964906,0.0028427900182974564,0.0033807406216117774,0.0001313045288791731,7.699728850889293e-05,0.00015756635944357982,9.23972885088931e-05,0.027085112869154687,-0.02226745158866584,0.0002763904736180489,0.0012061456250462394,9.89125668559943e-06
S,10,2,0.0015400000000000001,0.01,83.93510249409428,428.048932342198,17.451484844115303,87.49150899699234,104.94299384110764,0.16629490169242067,0.0001777797962563339,0.001008607827645355,0.001186387623901689,0.14984967195769214,4.138794145630386e-09,2.0749486273726703e-08,2.488828041935709e-08,0.16629490169242067,0.00017769809684437256,0.0010081478281302844,0.001185845924974657,0.14984922838788706,0.8988968589977454,0.0031917216525196544,0.003395300470578821,-0.0027869547437322714,-0.00015969728470824313,-0.002518201877132896,-0.00014429728470824314,-0.05003484078324081,-0.015608733809876527,-0.005396129691206397,0.0012027574652046851,9.877597797267231e-06
S,10,3,0.0015400000000000001,0.01,155.21747124943874,356.77065651860096,34.68906569479792,72.84518713807603,107.53425283287395,0.3225861972436864,0.0003489836420739898,0.0008420886257024674,0.0011910722677764573,0.29299955302081443,8.226858820178276e-09,1.7275964581666115e-08,2.550282340184439e-08,0.3225861972436864,0.0003488553079403459,0.0008416913736661266,0.0011905466816064724,0.29302110814303856,0.9525675728260193,0.0031718032074141652,0.003399996492128484,-0.004433798456624881,-0.00012781544754287768,-0.0038995868449250006,-0.00011241544754287789,-0.040297407873258355,-0.013458701328658234,-0.00851861327117831,0.0012011675170000222,9.910880901931315e-06
S,10,4,0.0015400000000000001,0.01,195.5322642189514,316.849035962199,41.526015677536805,65.27616537644045,106.80218105397725,0.3888124312419217,0.00040197087058906696,0.0007477783502821288,0.0011497492208711957,0.3496161278408894,9.848309878084632e-09,1.548089538067662e-08,2.532920525876125e-08,0.3888124312419218,0.0004014951611690118,0.0007475164731489658,0.0011490116343179776,0.34942654119192496,0.8710752132365482,0.0031112661174832654,0.0033846138450144693,-0.015764861361469408,-0.0003796381883561561,-0.015125360720035341,-0.0003642381883561561,-0.12202048105844746,-0.009005130796872499,-0.031127751852345398,0.0011986096679362152,9.902839589601897e-06
S,10,5,0.0015400000000000001,0.01,234.59888918302897,277.51189800001737,48.12903572176388,57.149799767560644,105.27883548932452,0.4571577515847832,0.0005061457135604401,0.0006544150388394588,0.0011605607523998988,0.4361216873083052,1.141428211177352e-08,1.355364651287469e-08,2.496792862464821e-08,0.45715775158478306,0.0005060190757386426,0.0006542299756888249,0.0011602490514274675,0.43612970432174164,0.9149091025048846,0.0032429048135080942,0.0033839137024055084,-0.004482211165879727,-9.312904567196385e-05,-0.003741024015764566,-7.772904567196389e-05,-0.02871778575924933,-0.006448597309964595,-0.008458276618199534,0.0011948137416203648,9.956093633566925e-06
S,10,6,0.0015400000000000001,0.01,263.67382043092056,248.40583476932244,49.74800795795998,50.61159466251514,100.35960262047512,0.4956975382424493,0.0005441255142015103,0.0005857827506565042,0.0011299082648580144,0.48156609799635874,1.179823756730979e-08,1.2003045790162093e-08,2.3801283357471882e-08,0.4956975382424493,0.0005440563650785572,0.0005856297509209171,0.0011296861159994743,0.48159958538324676,0.8750992113254296,0.0033072094308755602,0.003402070263339321,-0.0026281610558561807,-5.282947325402723e-05,-0.0018620417333035945,-3.7429473254027184e-05,-0.015974033201774283,-0.005357233161596092,-0.0047121965975236435,0.0011943983915655978,9.935562100365674e-06
S,10,7,0.0015400000000000001,0.01,283.6226139034904,228.34465316274992,57.05692286773388,46.98629188979282,104.0432147575267,0.5483963851050293,0.000597784088432532,0.000538682825631215,0.001136466914063747,0.5260021924395424,1.353161982731177e-08,1.1143268984583271e-08,2.467488881189504e-08,0.5483963851050292,0.0005979302655905171,0.0005384905845023795,0.0011364208500928966,0.5261521429685484,0.8934314023980962,0.0032368159274219293,0.0033859534146653946,0.004306673316813973,7.54802940704927e-05,0.0051853499289770694,9.08802940704926e-05,0.02331930383530073,-0.00660338953961329,0.009211130722057703,0.0011933911720558648,9.954591256154193e-06
S,10,8,0.0015400000000000001,0.01,289.32083452049665,222.65354814823695,57.609915172842605,45.52557387353775,103.13548904638036,0.5585847869198084,0.000628475851848309,0.0005252204344926023,0.0011536962863409113,0.5447498265263528,1.366276748239136e-08,1.0796845099848207e-08,2.4459612582239566e-08,0.5585847869198087,0.0006284692704187295,0.000525034713870904,0.0011535039842896335,0.5448349368344505,0.9208669616547728,0.003302901937515399,0.003396589735324521,-0.0006572791253834547,-1.140913197687361e-05,0.00022991356827832023,3.99086802312637e-06,-0.0034542751170675394,-0.006380437233702159,-0.0006860823989214282,0.0011934422105799216,9.92059487955586e-06
S,50,1,0.007,0.01,46.37748966630811,456.67776342216615,13.764362918249528,96.54831036190512,110.31267328015466,0.1247758984436265,0.0022385326407577105,0.0221254616697817,0.024363994310539414,0.09187872120744021,6.744537829942268e-08,4.730867207733351e-07,5.405320990727578e-07,0.12477589844362648,0.0022399423167981086,0.022138983978441232,0.024378926295239342,0.09188026944548083,0.9962623497952029,0.012752744484860402,0.015138185818043203,0.009587361872134995,0.0006965350978521177,0.010550867276412464,0.0007665350978521178,0.0546184469295232,0.09320872813400455,0.021413256385029555,0.024712536051159646,2.2203801609529785e-06
S,50,2,0.007,0.01,188.82811352119174,320.4682940889862,40.66015242400727,68.16107983593983,108.8212322599471,0.37364172027458936,0.009052914855140447,0.015467366279348888,0.024520281134489334,0.36920110358795794,1.992347468776357e-07,3.339892911961052e-07,5.332240380737409e-07,0.3736417202745894,0.009060154836017048,0.015488497215429192,0.02454865205144624,0.3690693410387592,0.993322973323705,0.014921404946674679,0.015063987755482004,0.05029104378375086,0.0012368631395994756,0.05313725445343137,0.0013068631395994755,0.08289186869599154,0.14854961992218313,0.10963500242264246,0.02405194367111289,2.3133228511738335e-06
S,50,3,0.007,0.01,214.07735160712377,294.81193914290293,40.952782823902666,63.54184234641242,104.49462517031509,0.39191281615828566,0.010436982700054477,0.01427929381018695,0.024716276510241428,0.42227164337354023,2.0066863583712312e-07,3.11355027497421e-07,5.120236633345441e-07,0.3919128161582856,0.010435666837411777,0.014297682999101427,0.024733349836513204,0.42192694909469447,1.006566744598575,0.01596414900283411,0.014990753520427754,-0.01083236627528935,-0.0002645086738517532,-0.007965671477616195,-0.00019450867385175397,-0.016568917879981892,0.12912738490700623,-0.011227749850526436,0.02398546455468218,2.325520009357116e-06
S,50,4,0.007,0.01,230.63427697441423,279.62081758358636,45.61041669081631,61.14746791804424,106.75788460886055,0.42723230099513226,0.011234350468475162,0.01357779208886193,0.024812142557337092,0.45277631476259195,2.2349104178499998e-07,2.9962259279841687e-07,5.231136345834168e-07,0.42723230099513226,0.011239866323320333,0.01359507299827048,0.024834939321590813,0.45258279787898265,1.003146731049893,0.01569430050910082,0.0149013404861237,0.03780259859560065,0.0008288150238103883,0.0409953277639578,0.0008988150238103884,0.052809937169851856,0.12129490582682295,0.08683954765967883,0.023983927628658877,2.31847865952061e-06
S,50,5,0.007,0.01,245.22878787586984,266.52893627514544,52.939261011657436,59.011280104017686,111.95054111567512,0.47288079614511996,0.01187106381474953,0.012957156159948541,0.02482821997469807,0.47812786526166945,2.5940237895712145e-07,2.891552725096867e-07,5.485576514668082e-07,0.4728807961451199,0.011886061630579068,0.01297267155202812,0.024858733182607187,0.4781443021760796,0.9957558377618032,0.014974622484992312,0.014817922827320352,0.10527438178986157,0.001988588049362452,0.10898013006067761,0.0020585880493624526,0.1327972074992496,0.10875883433622277,0.22241982739447508,0.024003473224577396,2.328826288276959e-06
S,50,6,0.007,0.01,252.4005820160222,258.6794285918164,52.467387232059394,55.54014855946916,108.00753579152855,0.4857752456581332,0.01214382287951633,0.012581886261821683,0.024725709141338013,0.4911415405762221,2.570901974370911e-07,2.72146727941399e-07,5.292369253784901e-07,0.4857752456581331,0.012148865430528268,0.012597934920499008,0.024746800351027276,0.49092671610873323,0.989193400627826,0.01521363502327863,0.015051138735494914,0.03418186296071183,0.0006514878053585548,0.03785458006695597,0.0007214878053585543,0.0428226261745929,0.11268937106704477,0.08050754880094502,0.02392836804407838,2.322782767339479e-06
S,50,7,0.007,0.01,259.13364294881137,251.31957382744042,55.83963351203652,53.80362634880266,109.64325986083918,0.5092846891173155,0.01255039650420605,0.012229485530151497,0.024779882034357548,0.5064752320775702,2.73614204208979e-07,2.636377691091331e-07,5.372519733181121e-07,0.5092846891173155,0.012557692493159632,0.012244011339459267,0.0248017038326189,0.5063237823461108,0.9952948875642966,0.014991926477737992,0.015076423201467017,0.05015981963839787,0.0008982834679168455,0.05406859398424042,0.0009682834679168455,0.059917814381676454,0.10187265384757764,0.11287003578100752,0.023992020584247112,2.327772083368505e-06
S,50,8,0.007,0.01,263.9776020308103,247.9496730904017,57.44471778161255,52.086935562734965,109.53165334434752,0.5244576889661005,0.012917087194165105,0.012067511385020286,0.02498459857918539,0.5170019903752345,2.814791171299016e-07,2.5522598425740133e-07,5.367051013873029e-07,0.5244576889661006,0.012923011764729398,0.012081697152377792,0.02500470891710719,0.5168231234992704,1.005410310455534,0.014995372050815855,0.015221044475999592,0.04030779605117549,0.000701679764611492,0.04432892629588839,0.0007716797646114924,0.04679308804300829,0.0995038669517399,0.09353267929651565,0.023997107097429443,2.3204890071079426e-06
S,100,1,0.007,0.01,43.22717580910065,448.50333806161547,8.85118460261926,97.25393070637725,106.1051153089965,0.08341901874233937,0.0020294723258913287,0.02173786745126811,0.02376733977715944,0.08538912410557888,4.337080455283438e-08,4.765442604612486e-07,5.19915065014083e-07,0.08341901874233937,0.0020285175265346085,0.02173420850727279,0.0237627260338074,0.08536552261085796,0.9686681374010526,0.015142265876424955,0.014950471400487178,-0.007129786866235382,-0.0008055178133021338,-0.006510203944052039,-0.0007355178133021344,-0.05319664968743199,-0.02953920182701971,-0.012230101406579763,0.02480146657013843,2.126150378490131e-06
S,100,2,0.007,0.01,140.8336327942135,363.27645007054787,20.52687961847345,89.77658142303508,110.30346104150854,0.18609461049231207,0.006665055756762562,0.017586980634998344,0.024252036391760906,0.27482458170097696,1.0058171013051994e-07,4.3990524897287207e-07,5.40486959103392e-07,0.18609461049231207,0.006660013216990785,0.017608298520962858,0.024268311737953643,0.274432489944287,0.9775598688708326,0.018019404139366615,0.013996327973963866,-0.03673658201362674,-0.0017896817585740185,-0.0352997004403336,-0.0017196817585740183,-0.09931969696290557,0.14912843368243406,-0.066808108270493,0.024697336637918954,2.3691943483785843e-06
S,100,3,0.007,0.01,123.61056176310481,379.65059846157135,20.82522512120119,91.59689959635811,112.4221247175593,0.18524134082611304,0.005794386895492395,0.018412699215874948,0.02420708611136734,0.23936738477463523,1.0204360309388587e-07,4.488248080221548e-07,5.508684111160407e-07,0.18524134082611307,0.005785196800574883,0.01843126853546171,0.024216465336036594,0.23889517814831193,0.9665371247484494,0.016680493395856765,0.014178110032625675,-0.0663724180043431,-0.0031871164713975857,-0.06491465224585903,-0.003117116471397587,-0.19106847715842912,0.12943210556245888,-0.12695044911319187,0.02464336169381208,2.4269412367092614e-06
S,100,4,0.007,0.01,117.35294357599375,387.4724693530643,23.76182765389135,94.30464098726617,118.06646864115751,0.20125805342845723,0.005682953532033977,0.018868270547070333,0.02455122407910431,0.2314733275100027,1.164329555040676e-07,4.620927408376043e-07,5.785256963416719e-07,0.20125805342845718,0.005676223765114025,0.018884304664842165,0.02456052842995619,0.23111163024451872,0.9944635579865804,0.01546490055520549,0.01414488804395551,-0.04890142768182301,-0.002057982592673787,-0.04723809974605059,-0.001987982592673786,-0.13307441488726998,0.11122875022140372,-0.09211990183161234,0.024692975855813343,2.4314570520104778e-06
S,100,5,0.007,0.01,106.7267876112424,399.0768474495448,19.47968473134579,97.04843465466661,116.52811938601239,0.16716724541668063,0.0049274914501189985,0.019425739725498332,0.024353231175617333,0.20233419600814392,9.545045518359444e-08,4.755373298078664e-07,5.709877849914608e-07,0.16716724541668068,0.004916458874983978,0.019438337029209315,0.02435479590419329,0.2018682026457666,0.9484870569987384,0.015904571681147596,0.014147982546421172,-0.07948589707288563,-0.004080450898929625,-0.07812231914169143,-0.004010450898929626,-0.25655836452146447,0.0865840455797878,-0.15404430269565594,0.02472034760596118,2.4522200613923747e-06
S,100,6,0.007,0.01,94.80175612925285,410.42551375867134,16.574087438181856,98.10718650928715,114.68127394746901,0.14452304955884773,0.004601392481634036,0.020032995161941784,0.02463438764357582,0.18678737008646495,8.121302844709109e-08,4.807252138955072e-07,5.619382423425982e-07,0.1445230495588477,0.00459229143397916,0.020048784357959048,0.024641075791938208,0.18636732717171442,0.9944005607109523,0.01666210344572901,0.014289680954519074,-0.06558757630945128,-0.003957236050194634,-0.06442739018877855,-0.0038872360501946345,-0.23749918868790787,0.10934622002403085,-0.12657376013726562,0.024715854774279396,2.4548125431186075e-06
S,100,7,0.007,0.01,81.59228062996198,423.94017016521167,14.780360331896492,101.36132818070136,116.14168851259785,0.12726145556505553,0.003924770364012066,0.020637224972909936,0.024561995336922,0.15979037167685992,7.242376562629283e-08,4.966705080854367e-07,5.690942737117296e-07,0.12726145556505555,0.003917459401863411,0.020650085966250165,0.024567545368113577,0.1594566873965323,0.9881399324323998,0.01629538459117288,0.014268867428389294,-0.0527384708162906,-0.003568145135303588,-0.05170384559305784,-0.0034981451353035876,-0.218966610781094,0.08831659165816044,-0.10155217126856897,0.024751440078097636,2.4528914287873774e-06
S,100,8,0.007,0.01,73.45395289490736,433.3609476225563,13.928320436033673,106.1222348974843,120.05055533351798,0.11602045819229044,0.0034957722463816636,0.021103145915618057,0.02459891816199972,0.1421108124901978,6.824877013656501e-08,5.199989509976732e-07,5.882477211342382e-07,0.11602045819229043,0.0034915233780751734,0.02112002725780396,0.02461155063587913,0.14186523351296576,0.9773059174381972,0.015842444349333268,0.01410166544910095,-0.030836550547335785,-0.0022139460883998027,-0.029861568116813425,-0.0021439460883998025,-0.13974775858960028,0.1168667373921945,-0.05817732884828786,0.024709988916520466,2.4640697877419433e-06
S,200,1,0.007,0.01,37.92987847487256,435.1828737243004,6.232361696169312,77.35984330046998,83.59220499663928,0.0745567328487133,0.001811475382206826,0.0210763433011266,0.022887818683333425,0.07914582893501843,3.053857231122963e-08,3.79063232172303e-07,4.096018044835326e-07,0.07455673284871328,0.001810654795809369,0.021065570196276747,0.022876224992086115,0.07915006940331079,0.9861148908006883,0.017048646007835504,0.01650592400675002,-0.006079464069774072,-0.00097546714490444,-0.005643198751042221,-0.0009054671449044402,-0.05721669301222621,-0.07965834344302268,-0.010347452757340392,0.02478214350244494,2.0185284235286003e-06
S,200,2,0.007,0.01,114.36930619824601,383.2453110898666,10.251708608727277,109.72423445519007,119.97594306391736,0.08544803522207502,0.0052214333716479825,0.01848748676210664,0.02370892013375462,0.22023075459325442,5.023337218276366e-08,5.376487488304315e-07,5.878821210131951e-07,0.085448035222075,0.005221205543414872,0.018504846725416545,0.023726052268831416,0.22006212766688946,0.9464097985011711,0.022568190732300236,0.012980387522464302,-0.0019861543235258246,-0.00019373885849964677,-0.0012685347209149076,-0.00012373885849964602,-0.00858459859710252,0.12015938972198795,0.0012491247245964843,0.024737622038125323,2.5700678391905334e-06
S,200,3,0.007,0.01,100.77719693115836,395.5806304640424,10.43222633281124,117.66474071778333,128.09696705059457,0.08144007288393341,0.004677648828795464,0.019190018039643153,0.023867666868438615,0.1959826594940852,5.1117909030775085e-08,5.765572295171383e-07,6.276751385479134e-07,0.08144007288393344,0.004677181767148016,0.019203863635908765,0.023881045403056782,0.19585330910803994,0.9568083905915448,0.02117509204395489,0.012770694634569472,-0.0037012825462854095,-0.00035479315998390547,-0.0029710267029886186,-0.00028479315998390507,-0.01675521217321898,0.09477885025788893,-0.002724916263773025,0.02479267734454276,2.716595696147939e-06
S,200,4,0.007,0.01,99.03915939224632,400.0927696477088,14.088312236112403,132.11080012697016,146.19911236308258,0.09636386985116818,0.004775795961098577,0.019435476777538922,0.0242112727386375,0.19725505604986782,6.903272995695077e-08,6.47342920622154e-07,7.163756505791048e-07,0.09636386985116817,0.004772983731747853,0.019456230311350832,0.024229214043098683,0.19699292446126057,0.9926686867049987,0.018411679139827178,0.012129096127814473,-0.020580443433432252,-0.0014608168166999201,-0.019594261576904394,-0.0013908168166999208,-0.07934185717694581,0.1436156492234617,-0.03638509090576747,0.024748831823278077,2.7867601108856247e-06
S,200,5,0.007,0.01,80.37715327384868,425.8643407261094,9.880635396991824,146.3052815660132,156.18591696300504,0.06326201228073719,0.0038544136444227666,0.02065766143053699,0.024512075074959755,0.15724550584296443,4.841511344525994e-08,7.168958796734649e-07,7.653109931187249e-07,0.06326201228073718,0.0038515904188628908,0.020690182252625606,0.024541772671488497,0.1569401880793025,0.9885891064488015,0.019750892404082235,0.011882575310631197,-0.020511719095147932,-0.0020759514212408607,-0.01982007461735851,-0.0020059514212408614,-0.10510671511793511,0.2271709014924619,-0.03716902454587334,0.024705417827894573,2.8268683236447123e-06
S,200,6,0.007,0.01,75.09734606466037,426.0934495357539,10.670846618116343,139.02788743425822,149.69873405237456,0.07128214333718395,0.003572420687310557,0.02068759082308716,0.02426001151039772,0.1472555231797576,5.2287148428770094e-08,6.812366484278653e-07,7.335237968566354e-07,0.07128214333718395,0.0035713391661018586,0.02071181143929583,0.024283150605397687,0.147070667399642,0.979789872793688,0.018297083040035106,0.012198431649543415,-0.008098631122341722,-0.0007589492579335118,-0.007351671859073577,-0.0006889492579335117,-0.04147924870171303,0.1681384254302644,-0.01262484155737198,0.024745610802100138,2.8649331069172112e-06
S,200,7,0.007,0.01,65.00666581771942,430.26617283441453,8.4476983454647,131.01284880996022,139.4605471554249,0.060574108719435714,0.0031614439195104434,0.020876904840753188,0.02403834876026363,0.1315166840717628,4.139372189277704e-08,6.419629591688051e-07,6.833566810615821e-07,0.06057410871943573,0.0031608523987612085,0.020894215879061602,0.024055068277822812,0.13140068289372955,1.002302197449191,0.019345214182765868,0.012623393218639013,-0.00452081765091063,-0.000535153773967049,-0.003929478766728099,-0.00046515377396704876,-0.02766336774104074,0.11906482392319288,-0.005880191382308553,0.024768633186387393,2.8485277121777736e-06
S,200,8,0.007,0.01,57.1114553028855,442.7761708682266,8.283900349188869,141.468816346827,149.75271669601585,0.05531719578753566,0.0027698944208633036,0.021454095548876645,0.02422398996973995,0.11434509444246765,4.0591111711025464e-08,6.931972000994524e-07,7.337883118104778e-07,0.05531719578753566,0.002769601335237356,0.021475000300635018,0.024244601635872373,0.11423579470736475,1.0009537669004887,0.018285808817290663,0.012314725772898962,-0.002383405268984542,-0.00028771534766445096,-0.0018035322445413221,-0.00021771534766445105,-0.015734351733591,0.14436824684478552,-0.0019969161171058403,0.02476428825298058,2.89689482573121e-06
S,500,1,0.007,0.01,39.1339735773668,373.22583573187734,6.024723148036543,62.44869395782459,68.47341710586113,0.08798630771883653,0.0018746312946458933,0.01810343457164748,0.019978065866293374,0.09383447362683577,2.9521143425379072e-08,3.059986003933405e-07,3.355197438187196e-07,0.08798630771883656,0.0018739452118358632,0.018102977543392504,0.019976922755228367,0.09380549921510878,0.987580799379435,0.01763962645285322,0.017026242253790937,-0.005111456810394457,-0.0008484135593948877,-0.0046897261900319,-0.000778413559394888,-0.048097025277859924,-0.005450191824068506,-0.00834828232614182,0.024813649526694043,2.253317666846513e-06
S,500,2,0.007,0.01,163.7738978272858,311.47087386189077,18.469810275850932,151.22672276800276,169.6965330438537,0.10884023347181693,0.0075707596794601425,0.01503982253920083,0.022610582218660972,0.33483258441756714,9.050207035166962e-08,7.410109415632138e-07,8.315130119148833e-07,0.10884023347181696,0.0075703246358028164,0.015053286488951434,0.02262361112475425,0.3346205251698097,0.9573472730363023,0.020245966461104898,0.009972569820565845,-0.0037538980548213205,-0.0002032450793351949,-0.0024610113355117624,-0.00013324507933519528,-0.010038793639496281,0.09087813435028914,6.296356982105067e-05,0.02482383413991146,3.493417879499538e-06
S,500,3,0.007,0.01,166.88002126581085,313.6935749732791,19.781051107508652,155.407387878812,175.18843898632065,0.11291299369961981,0.008235952970741249,0.015210411473380696,0.023446364444121945,0.35126780488162296,9.69271504267924e-08,7.61496200606179e-07,8.584233510329714e-07,0.11291299369961978,0.008236746635981538,0.015222070714373235,0.023458817350354773,0.3511151697447771,1.017827480881168,0.020404795497140017,0.009893151300609625,0.00497670064186885,0.0002515892919350354,0.006361374219394459,0.00032158929193503555,0.012329909994456883,0.07784103422808472,0.018189354254477763,0.024795560204491064,3.8420649552805365e-06
S,500,4,0.007,0.01,166.10248812742876,322.112500730079,24.5839227764099,198.57195031765514,223.15587309406504,0.11016480290459235,0.007821101806798108,0.015612426709233216,0.023433528516031324,0.3337568988574445,1.2046122160440856e-07,9.730025565565102e-07,1.0934637781609188e-06,0.1101648029045924,0.007822911443680835,0.015633434480801227,0.02345634592448206,0.3335093824445963,0.9714690477283876,0.017836448246465846,0.008866990754816425,0.012065540436584424,0.000490789877039567,0.013786415030933138,0.0005607898770395678,0.027516121497833133,0.14310549293895852,0.0319521826799658,0.024737253404544707,4.015811401842305e-06
S,500,5,0.007,0.01,153.7152678401935,346.6788639394772,16.767059974665756,234.425678907945,251.19273888261077,0.06674977966819917,0.006881069448618694,0.01682767941639223,0.023708748865010926,0.2902333433028046,8.215859387586222e-08,1.148685826648931e-06,1.2308444205247932e-06,0.06674977966819917,0.006880495107827543,0.016854688504717222,0.023735183612544765,0.2898859018807418,0.9222359974847167,0.0202581373652571,0.008472459931806444,-0.004689281321634294,-0.0002796722459822759,-0.003515587123407698,-0.0002096722459822763,-0.013805427465504129,0.1847171607024545,-0.002497493194649536,0.02482355482765848,4.207268898999226e-06
S,500,6,0.007,0.01,129.13153138692655,362.0309450930806,16.8481364660667,222.66660818328006,239.51474464934677,0.07034279451451987,0.006043022594473948,0.01757794601124756,0.023620968605721507,0.25583297176942177,8.255586868372686e-08,1.0910663800980725e-06,1.1736222487817994e-06,0.07034279451451989,0.006040739406245629,0.017605652845579613,0.023646392251825243,0.2554613550309921,0.9638278794205138,0.018938743984334473,0.008884981262914619,-0.01689817212144502,-0.0010029698035435015,-0.015718802568820363,-0.0009329698035435022,-0.05295862304137625,0.19011262822826483,-0.027753321648415152,0.02479918695602833,4.1574407045537584e-06
S,500,7,0.007,0.01,103.55968873769045,378.01259393423794,14.012734985142625,213.63052545895727,227.6432604440999,0.06155567688586851,0.005012449235143176,0.0183235318313296,0.023335981066472774,0.21479487924099547,6.866240142719885e-08,1.0467895747488908e-06,1.1154519761760897e-06,0.061555676885868486,0.005009441259121111,0.018352655407420516,0.023362096666541626,0.21442601366749142,0.9985189995711571,0.018913135733044276,0.009261321040428634,-0.021975988739236663,-0.0015682869020599683,-0.02099509729027667,-0.0014982869020599677,-0.08292051218772359,0.20054847511550686,-0.03893952824333091,0.02479244804211824,4.062234014830403e-06
S,500,8,0.007,0.01,91.3163679575469,398.7654787564729,32.43917394097391,230.29049721603738,262.7296711570113,0.12346977712154848,0.004352004703244901,0.01929400187548963,0.02364600657873453,0.18404818964901973,1.5895195231077222e-07,1.1284234363585835e-06,1.2873753886693557e-06,0.1234697771215485,0.004355689326391012,0.01932124338820842,0.02367693271459943,0.18396341193744453,0.984999396673118,0.011582699382380962,0.00915320416354336,0.02518336567000501,0.0007763257386217196,0.0274541078458732,0.0008463257386217202,0.0670245953031146,0.18652206630307022,0.054718736043255944,0.024774317246222227,4.153604957888881e-06
S,900,1,0.007,0.01,39.50797447221535,304.29196942193255,6.166957594939449,59.35523325875579,65.52219085369524,0.09412013723273804,0.0019038782133775647,0.014769291462260624,0.01667316967563819,0.11418813881318526,3.021809221520331e-08,2.908406429679034e-07,3.210587351831067e-07,0.09412013723273804,0.001904590027067863,0.014771401985319708,0.01667599201238757,0.11421149792186636,0.992853633686407,0.017570499218971174,0.015774308223991517,0.004868539986307484,0.0007894557261594543,0.005300227017953248,0.0008594557261594546,0.04493075104588179,0.012997731543700219,0.011640958185992645,0.02480168404566308,2.655558200575371e-06
S,900,2,0.007,0.01,215.4324378046758,236.01887899901797,28.54525096926492,170.0862318844004,198.63148285366532,0.14370960010551107,0.010400738556374928,0.011463923870108712,0.02186466242648364,0.4756871317517805,1.3987172974939813e-07,8.334225362335621e-07,9.732942659829603e-07,0.14370960010551104,0.010403684270424573,0.011475896547605275,0.021879580818029848,0.47549742186337624,0.9939545674122556,0.019088207921929612,0.008209790347827508,0.020041730856390837,0.000702103858815957,0.022039898424239382,0.000772103858815957,0.03678207308342134,0.07956610685948544,0.050484200269153234,0.024844783236844272,4.435653954533792e-06
S,900,3,0.007,0.01,228.89196647852742,235.89612035304225,29.689192253177282,182.21703687055066,211.90622912372794,0.14010533043765475,0.010737960868353965,0.011422933147547032,0.022160894015900996,0.48454547278865234,1.4547704204056872e-07,8.928634806656985e-07,1.0383405227062672e-06,0.14010533043765475,0.010732540629715397,0.01143087311301319,0.022163413742728587,0.4842458275741276,0.9688006686801262,0.019017863129255907,0.007917614042646001,-0.03975511200434287,-0.0013390432338248727,-0.03767686854662042,-0.0012690432338248714,-0.07040976290154129,0.05033644275350519,-0.0687722631403318,0.024781743778270613,5.0090140711215625e-06
S,900,4,0.007,0.01,226.87695739110097,247.13694804469958,40.06372871476411,236.54252796098422,276.60625667574834,0.14484028378912922,0.010969029943590652,0.011977087323022502,0.022946117266613154,0.47803424937388894,1.9631227070234417e-07,1.1590583870088229e-06,1.3553706577111671e-06,0.14484028378912922,0.010968474209906954,0.01198742167738751,0.022955895887294464,0.4778064103339021,0.9976180447040034,0.01654658702569088,0.00711575507219053,-0.005371756817127588,-0.0001340803012962698,-0.0025672958070940824,-6.408030129626936e-05,-0.008103199837410062,0.06553782841428016,0.00022551630932809985,0.02477628719907876,5.2312078487019604e-06
S,900,5,0.007,0.01,206.45830922465615,282.147702821681,23.69147361227544,308.40228055053643,332.0937541628119,0.07133971450923611,0.009596229742627584,0.01368837128942559,0.023284601032053175,0.41212772894058103,1.1608822070014968e-07,1.5111711746976287e-06,1.6272593953977784e-06,0.07133971450923612,0.009597279436899954,0.013708177492098822,0.023305456928998776,0.41180395931041125,0.9580606709584312,0.02012585229516775,0.00666219128340681,0.006668614654797253,0.0002814774109847685,0.00832701780765655,0.0003514774109847692,0.013985862901932938,0.13067879641808133,0.022933459052222105,0.024806085906197952,5.549875335867143e-06
S,900,6,0.007,0.01,172.56390332563916,309.9740346731325,24.85920729210948,327.69895230536633,352.5581595974758,0.0705109401537943,0.008191348553681466,0.015025631664925595,0.02321698021860706,0.35281713972071943,1.218101157313365e-07,1.6057248662962954e-06,1.727534982027632e-06,0.07051094015379432,0.008185868577078627,0.015049653690379684,0.02323552226745831,0.35229974531465796,0.9792600293061473,0.018152400512092878,0.006771405824784364,-0.04001276227552069,-0.0016095751487707765,-0.038272617765073035,-0.0015395751487707768,-0.08867009890501808,0.1601164327699716,-0.07183417599735975,0.024787270593271175,5.592630897854055e-06
S,900,7,0.007,0.01,142.76722127858415,331.7013986044763,22.031228954407204,335.2264353259592,357.2576642803664,0.06166761740097387,0.006785668555721453,0.0160178289136463,0.022803497469367752,0.2975713951264158,1.0795302187659533e-07,1.6426095330972005e-06,1.7505625549737958e-06,0.06166761740097387,0.0067874368328003296,0.016044735773458246,0.022832172606258576,0.29727511918597754,0.9842553589896299,0.017549993482045168,0.0069124610288611756,0.011859457549998906,0.0005383021335097377,0.013401643576807414,0.0006083021335097379,0.030672497631435425,0.18045893056319923,0.030504583655723394,0.024748961213693098,5.5993873820375594e-06
S,900,8,0.007,0.01,130.75450960214897,353.60763206664757,73.65679166555051,354.91718874377,428.57398040932054,0.17186482388688812,0.006348770292504238,0.01714418641579192,0.023492956708296157,0.27024143326592315,3.609182791611977e-07,1.7390942248444734e-06,2.100012504005671e-06,0.17186482388688817,0.006353119634987024,0.01717127217817039,0.023524391813157415,0.2700652023417525,1.0014694081234843,0.009284070036484925,0.006950161938107565,0.02848874431161454,0.0003867768832638254,0.033644719728203105,0.00045677688326382584,0.04166027202981595,0.18104762966878032,0.06332625891573684,0.024801054175437032,5.645184402745938e-06
S,1300,1,0.007,0.01,37.86950483377892,252.45318565312903,6.578073352528013,59.03188462057816,65.60995797310618,0.1002602890741737,0.0018101610267439727,0.012217986105940841,0.014028147132684814,0.12903778450729225,3.2232559427387265e-08,2.8925623464083313e-07,3.2148879406822037e-07,0.10026028907417367,0.0018096509078083247,0.012219534722433208,0.014029185630241532,0.1289918713390899,0.9876630628429214,0.016588581433620308,0.014386544361494231,-0.003873939250536197,-0.0005889170039503144,-0.0034134741158592346,-0.0005189170039503141,-0.035501348099407,0.008995430412310983,-0.005937717474327364,0.02477223886633898,3.0333052813360402e-06
S,1300,2,0.007,0.01,248.7332142949545,183.87297202046278,36.784934656074725,175.40629953298338,212.19123418905812,0.17335746595120932,0.011562386262598187,0.008898562643143634,0.02046094890574182,0.565095309893155,1.8024617981476613e-07,8.594908677116188e-07,1.039737047526385e-06,0.17335746595120924,0.011568563032178026,0.008906432089942637,0.020474995122120664,0.565009318106242,0.9605317508993103,0.017729183799118878,0.007122580030978009,0.04283231000019289,0.0011643981537729738,0.04540725542611815,0.0012343981537729744,0.0656769181800035,0.05007111379492427,0.0972270062629832,0.024720971704780575,5.2132332827801814e-06
S,1300,3,0.007,0.01,269.695034879477,181.66899634596587,36.47475861956598,188.5665719941059,225.0413306136719,0.16208026552323468,0.013171815029151246,0.008810951161315849,0.021982766190467094,0.5991882420540529,1.7872631723587334e-07,9.239762027711192e-07,1.1027025200069926e-06,0.16208026552323465,0.013165874704327278,0.008819712948464342,0.02198558765279162,0.5988411550443838,1.007002839392571,0.019003193842009956,0.006835637820562014,-0.043707508151456076,-0.0011982946510305421,-0.04115427504808645,-0.001128294651030542,-0.06305753974795002,0.05598436389807007,-0.0742432012737595,0.02479591876378911,5.890759863590176e-06
S,1300,4,0.007,0.01,267.20180443648724,193.37051545854183,50.80302329355146,244.83765421101236,295.6406775045638,0.17184043725771536,0.012955831671830936,0.009324619943863782,0.022280451615694717,0.5814887370911563,2.4893481413840226e-07,1.1997045056339608e-06,1.4486393197723632e-06,0.1718404372577154,0.012955796652888919,0.009336286405230234,0.022292083058119153,0.5811837601318375,1.005506831026627,0.015969373165784912,0.006171297243500918,-0.0020282411153954155,-3.9923630207512956e-05,0.0015279705151532395,3.0076369792488082e-05,-0.0025000123544643006,0.07476254900585301,0.00889934944103743,0.024703026506672325,6.165115024737365e-06
S,1300,5,0.007,0.01,245.70670073024223,231.3951758266311,27.555083841374092,341.96792811232217,369.52301195369625,0.07456933113769632,0.011654820235330692,0.011213756231523542,0.022868576466854234,0.5096434512320089,1.3501991082273313e-07,1.675642847750379e-06,1.8106627585731121e-06,0.07456933113769634,0.011653586046556717,0.011231519166465045,0.022885105213021763,0.5092214319349406,0.9787950590140275,0.020566098962703446,0.005726415636821294,-0.009780062034255112,-0.0003549276819680839,-0.007851206165358934,-0.00028492768196808425,-0.017257900130294233,0.11490922924108407,-0.007905303833176447,0.02478818756507894,6.5765416914963725e-06
S,1300,6,0.007,0.01,208.99758215034086,264.26882399833124,35.56007254200665,391.6494602250529,427.20953276705956,0.08323801276549732,0.009924703526042416,0.012809940458372237,0.022734643984414653,0.43654536806673233,1.7424435545583269e-07,1.91908235510276e-06,2.0933267105585924e-06,0.08323801276549735,0.009932563917915627,0.012830005616408627,0.022762569534324255,0.43635512690858835,0.9796593805478341,0.016706191371481407,0.005719061797990342,0.05490105369825716,0.00154389599833924,0.05739025877619762,0.00161389599833924,0.09241460031247903,0.12961482629491855,0.11972681092254334,0.02478401366720967,6.698911777979378e-06
S,1300,7,0.007,0.01,177.55083511888284,288.60822690904837,33.843957382439896,420.3121778955188,454.1561352779587,0.07452053325609323,0.008254533306225604,0.013978835264152533,0.022233368570378137,0.3712677761849928,1.658353911739556e-07,2.0595296716880424e-06,2.225365062861998e-06,0.07452053325609327,0.008259027954691595,0.013999194623130748,0.022258222577822343,0.3710551426923338,0.9598591840621885,0.015617290629136756,0.00576699409669241,0.030920093391572038,0.0009136075028747992,0.03328917040834281,0.0009836075028747985,0.05849974394216026,0.13071306647516656,0.07009472008937223,0.02481689758565052,6.894408440287171e-06
S,1300,8,0.007,0.01,165.93418560393988,307.49430947533904,118.36224627648268,435.23854648873544,553.6007927652181,0.21380432944336492,0.00802706140693534,0.014895404705020118,0.022922466111955458,0.350183150788856,5.799750067547651e-07,2.1326688777948045e-06,2.71264388454957e-06,0.21380432944336483,0.008022233407478832,0.014920199567286394,0.022942432974765226,0.34966794569270937,0.9986320331933243,0.008235153399705824,0.005850089064893847,-0.038628389023305613,-0.00032635734990254795,-0.030343031783951882,-0.0002563573499025484,-0.039629783935075956,0.1618728099177075,-0.06922971663966848,0.024786355134538765,6.831383870378273e-06
